Date,Ticker,Asset,Open,High,Low,Close,Adj_Close,Volume,Dividends,Stock_Splits,Log_Return,Squared_Return
2010-06-30,JNJ,Johnson & Johnson,59.040000915527344,59.61000061035156,58.939998626708984,59.060001373291016,37.11668395996094,15802100,0.0,0.0,-0.30428740831916634,0.09259082686159506
2010-07-01,JNJ,Johnson & Johnson,59.06999969482422,59.25,58.650001525878906,59.06999969482422,37.12297058105469,17973500,0.0,0.0,0.016936019294936308,0.00028682874955845495
2010-07-02,JNJ,Johnson & Johnson,59.41999816894531,59.59000015258789,58.849998474121094,59.08000183105469,37.129241943359375,10534400,0.0,0.0,0.016892055081967183,0.00028534152489221334
2010-07-06,JNJ,Johnson & Johnson,59.5,59.599998474121094,58.66999816894531,59.08000183105469,37.129241943359375,15461100,0.0,0.0,0.0,0.0
2010-07-07,JNJ,Johnson & Johnson,59.33000183105469,60.70000076293945,59.040000915527344,60.61000061035156,38.09078598022461,17280000,0.0,0.0,2.5567563399650672,6.5370029819515665
2010-07-08,JNJ,Johnson & Johnson,60.93000030517578,61.72999954223633,60.63999938964844,61.380001068115234,38.57469940185547,15895900,0.0,0.0,1.262419055936617,1.5937018727918995
2010-07-09,JNJ,Johnson & Johnson,60.970001220703125,61.06999969482422,60.380001068115234,60.540000915527344,38.046775817871094,12174000,0.0,0.0,-1.3780260341895991,1.8989557509043142
2010-07-12,JNJ,Johnson & Johnson,60.47999954223633,60.540000915527344,60.060001373291016,60.209999084472656,37.83940505981445,10797200,0.0,0.0,-0.5465323773953668,0.2986976395414316
2010-07-13,JNJ,Johnson & Johnson,60.59000015258789,60.959999084472656,60.439998626708984,60.5,38.02165222167969,10924500,0.0,0.0,0.4804771222720325,0.23085826502681367
2010-07-14,JNJ,Johnson & Johnson,60.15999984741211,60.68000030517578,60.04999923706055,60.619998931884766,38.09705352783203,9668500,0.0,0.0,0.19811511525887182,0.039249598894036064
2010-07-15,JNJ,Johnson & Johnson,60.619998931884766,60.75,59.900001525878906,60.2599983215332,37.87081527709961,12839300,0.0,0.0,-0.595617392265628,0.35476007796930703
2010-07-16,JNJ,Johnson & Johnson,60.0,60.189998626708984,59.25,59.439998626708984,37.35548400878906,17569900,0.0,0.0,-1.3701041646699759,1.8771854220460122
2010-07-19,JNJ,Johnson & Johnson,59.720001220703125,59.790000915527344,59.369998931884766,59.56999969482422,37.437198638916016,10277500,0.0,0.0,0.21850977862392096,0.04774652335427494
2010-07-20,JNJ,Johnson & Johnson,58.45000076293945,58.77000045776367,58.0,58.58000183105469,36.81500244140625,22304800,0.0,0.0,-1.6759388995301545,2.808771194958345
2010-07-21,JNJ,Johnson & Johnson,58.79999923706055,58.79999923706055,56.869998931884766,57.119998931884766,35.89746856689453,25707600,0.0,0.0,-2.5238657585142694,6.3698983670008085
2010-07-22,JNJ,Johnson & Johnson,57.43000030517578,57.619998931884766,56.86000061035156,57.02000045776367,35.83461380004883,17972900,0.0,0.0,-0.1752487335049391,0.03071211859508517
2010-07-23,JNJ,Johnson & Johnson,57.279998779296875,57.63999938964844,57.0,57.630001068115234,36.217979431152344,15076600,0.0,0.0,1.0641372685151669,1.1323881262429203
2010-07-26,JNJ,Johnson & Johnson,57.650001525878906,58.0099983215332,57.47999954223633,57.7400016784668,36.2870979309082,11775200,0.0,0.0,0.1906584289213894,0.036350636518772496
2010-07-27,JNJ,Johnson & Johnson,57.95000076293945,58.439998626708984,57.619998931884766,58.099998474121094,36.51334762573242,16964000,0.0,0.0,0.6215632926596887,0.3863409267819538
2010-07-28,JNJ,Johnson & Johnson,58.13999938964844,58.25,57.650001525878906,57.83000183105469,36.34366607666016,13502100,0.0,0.0,-0.4657941555371473,0.2169641953325642
2010-07-29,JNJ,Johnson & Johnson,58.099998474121094,58.27000045776367,57.709999084472656,57.83000183105469,36.34366607666016,13031000,0.0,0.0,0.0,0.0
2010-07-30,JNJ,Johnson & Johnson,57.630001068115234,58.36000061035156,57.27000045776367,58.09000015258789,36.50707244873047,12978000,0.0,0.0,0.4486066975329266,0.2012479690713987
2010-08-02,JNJ,Johnson & Johnson,58.5,58.880001068115234,58.40999984741211,58.720001220703125,36.90299987792969,11455600,0.0,0.0,1.078683770995152,1.1635586778083216
2010-08-03,JNJ,Johnson & Johnson,58.75,59.599998474121094,58.709999084472656,59.349998474121094,37.29892349243164,10855100,0.0,0.0,1.0671620193683646,1.1388347755823658
2010-08-04,JNJ,Johnson & Johnson,59.369998931884766,59.93000030517578,59.22999954223633,59.7400016784668,37.54402542114258,10508800,0.0,0.0,0.6549790153983914,0.4289975106122463
2010-08-05,JNJ,Johnson & Johnson,59.529998779296875,59.88999938964844,59.5099983215332,59.7599983215332,37.55659103393555,9796700,0.0,0.0,0.03346340816719946,0.0011197996861645916
2010-08-06,JNJ,Johnson & Johnson,59.52000045776367,60.0,59.25,59.959999084472656,37.68229293823242,8524100,0.0,0.0,0.33414111059593726,0.11165028179028638
2010-08-09,JNJ,Johnson & Johnson,60.0,60.25,59.790000915527344,60.04999923706055,37.73884201049805,6674700,0.0,0.0,0.1499555340840011,0.02248666220241802
2010-08-10,JNJ,Johnson & Johnson,59.40999984741211,59.810001373291016,58.900001525878906,59.43000030517578,37.34920501708984,13550800,0.0,0.0,-1.0378229453725827,1.0770764659418228
2010-08-11,JNJ,Johnson & Johnson,58.91999816894531,58.95000076293945,58.29999923706055,58.5,36.764739990234375,11470100,0.0,0.0,-1.5772393255171158,2.4876838899576863
2010-08-12,JNJ,Johnson & Johnson,58.150001525878906,58.709999084472656,58.099998474121094,58.52000045776367,36.77729415893555,8240500,0.0,0.0,0.03414147832151506,0.0011656405419784828
2010-08-13,JNJ,Johnson & Johnson,58.4900016784668,58.4900016784668,58.060001373291016,58.150001525878906,36.54478073120117,8546700,0.0,0.0,-0.6342270250121725,0.40224391925579095
2010-08-16,JNJ,Johnson & Johnson,57.9900016784668,58.11000061035156,57.470001220703125,58.0099983215332,36.456783294677734,8751200,0.0,0.0,-0.2410838187339737,0.058121407655355485
2010-08-17,JNJ,Johnson & Johnson,58.93000030517578,59.47999954223633,58.5,59.220001220703125,37.21723937988281,13479100,0.0,0.0,2.0644538361788927,4.261969641713746
2010-08-18,JNJ,Johnson & Johnson,59.459999084472656,59.81999969482422,59.029998779296875,59.349998474121094,37.29892349243164,10534900,0.0,0.0,0.21923873188991064,0.04806562156069612
2010-08-19,JNJ,Johnson & Johnson,59.16999816894531,59.18000030517578,58.400001525878906,58.720001220703125,36.90299987792969,11949700,0.0,0.0,-1.0671620193683706,1.1388347755823787
2010-08-20,JNJ,Johnson & Johnson,58.70000076293945,58.90999984741211,58.4900016784668,58.7400016784668,36.915565490722656,11286200,0.0,0.0,0.03404458716199189,0.0011590339150304631
2010-08-23,JNJ,Johnson & Johnson,58.97999954223633,59.349998474121094,58.810001373291016,58.869998931884766,36.99724960327149,8842900,0.0,0.0,0.22102837160134578,0.048853541052742595
2010-08-24,JNJ,Johnson & Johnson,58.5,58.689998626708984,57.86000061035156,58.0099983215332,36.456783294677734,14930400,0.0,0.0,-1.471603507463774,2.1656168831796823
2010-08-25,JNJ,Johnson & Johnson,58.0,58.20000076293945,57.84000015258789,57.97999954223633,36.43793869018555,11675000,0.0,0.0,-0.05170361968293109,0.0026732642883171794
2010-08-26,JNJ,Johnson & Johnson,58.20000076293945,58.220001220703125,57.779998779296875,57.79999923706055,36.32481002807617,12834100,0.0,0.0,-0.31095239049344825,0.09669138915358992
2010-08-27,JNJ,Johnson & Johnson,57.45000076293945,57.880001068115234,56.9900016784668,57.599998474121094,36.54050064086914,11674800,0.54,0.0,0.5920272371091835,0.3504962494791334
2010-08-30,JNJ,Johnson & Johnson,57.599998474121094,57.79999923706055,57.2599983215332,57.29999923706055,36.35019302368164,9240100,0.0,0.0,-0.5221737921233597,0.2726654691804897
2010-08-31,JNJ,Johnson & Johnson,57.25,57.439998626708984,57.0,57.02000045776367,36.17256546020508,14563100,0.0,0.0,-0.48985428128105085,0.23995721688937488
2010-09-01,JNJ,Johnson & Johnson,57.66999816894531,58.36000061035156,57.439998626708984,58.290000915527344,36.97824478149414,11603700,0.0,0.0,2.2028789543150764,4.852675687364284
2010-09-02,JNJ,Johnson & Johnson,58.52000045776367,58.790000915527344,58.29999923706055,58.61000061035156,37.181251525878906,8079700,0.0,0.0,0.547488215469445,0.29974334607791747
2010-09-03,JNJ,Johnson & Johnson,58.849998474121094,59.0,58.5,58.93000030517578,37.38423538208008,7533400,0.0,0.0,0.5444458717413035,0.29642130725614796
2010-09-07,JNJ,Johnson & Johnson,58.79999923706055,58.970001220703125,58.630001068115234,58.70000076293945,37.23832321166992,5625100,0.0,0.0,-0.39106768547604814,0.1529339346235933
2010-09-08,JNJ,Johnson & Johnson,58.41999816894531,59.029998779296875,58.41999816894531,58.849998474121094,37.333492279052734,8412500,0.0,0.0,0.25524152368830755,0.06514823541472886
2010-09-09,JNJ,Johnson & Johnson,59.38999938964844,60.029998779296875,59.2599983215332,59.81999969482422,37.9488410949707,14077700,0.0,0.0,1.634812560087438,2.672612106619643
2010-09-10,JNJ,Johnson & Johnson,59.939998626708984,60.0,59.77000045776367,59.97999954223633,38.05034255981445,8358800,0.0,0.0,0.2671121459802707,0.07134889853018546
2010-09-13,JNJ,Johnson & Johnson,60.060001373291016,60.380001068115234,59.91999816894531,60.31999969482422,38.266021728515625,10706600,0.0,0.0,0.5652254137669211,0.3194797683679872
2010-09-14,JNJ,Johnson & Johnson,60.43000030517578,60.970001220703125,60.25,60.58000183105469,38.43097305297851,9912900,0.0,0.0,0.4301383105264304,0.18501896618253189
2010-09-15,JNJ,Johnson & Johnson,60.66999816894531,61.150001525878906,60.5,61.04999923706055,38.7291259765625,9111500,0.0,0.0,0.77282017847817,0.5972510282630304
2010-09-16,JNJ,Johnson & Johnson,60.81999969482422,61.38999938964844,60.7599983215332,61.290000915527344,38.881385803222656,10496300,0.0,0.0,0.3923695863100058,0.15395389226108508
2010-09-17,JNJ,Johnson & Johnson,61.59000015258789,61.720001220703125,61.130001068115234,61.56999969482422,39.05899810791016,12240600,0.0,0.0,0.45576529964180096,0.20772200835758062
2010-09-20,JNJ,Johnson & Johnson,61.650001525878906,62.22999954223633,61.5099983215332,62.09000015258789,39.388885498046875,10991500,0.0,0.0,0.8410407509243059,0.7073495447153203
2010-09-21,JNJ,Johnson & Johnson,61.86000061035156,62.22999954223633,61.79999923706055,61.939998626708984,39.293724060058594,9449200,0.0,0.0,-0.24188695550717912,0.05850929924453205
2010-09-22,JNJ,Johnson & Johnson,61.97999954223633,62.5,61.900001525878906,61.970001220703125,39.31275939941406,9353300,0.0,0.0,0.04843198395300484,0.0023456570696241182
2010-09-23,JNJ,Johnson & Johnson,61.630001068115234,62.0,61.56999969482422,61.810001373291016,39.21126556396485,8393800,0.0,0.0,-0.2585040489591908,0.06682434332829573
2010-09-24,JNJ,Johnson & Johnson,61.97999954223633,62.400001525878906,61.83000183105469,62.13999938964844,39.420616149902344,12636900,0.0,0.0,0.5324839646039892,0.2835391725603824
2010-09-27,JNJ,Johnson & Johnson,62.220001220703125,62.31999969482422,61.93000030517578,62.029998779296875,39.350833892822266,7687600,0.0,0.0,-0.17717656662914408,0.03139153576249153
2010-09-28,JNJ,Johnson & Johnson,61.959999084472656,62.599998474121094,61.689998626708984,62.43000030517578,39.60458755493164,12132800,0.0,0.0,0.6427792573091133,0.41316517362685534
2010-09-29,JNJ,Johnson & Johnson,62.310001373291016,62.54999923706055,62.130001068115234,62.310001373291016,39.5284423828125,9590000,0.0,0.0,-0.19244857850198208,0.03703645536743356
2010-09-30,JNJ,Johnson & Johnson,62.4900016784668,62.70000076293945,61.54999923706055,61.959999084472656,39.30642318725586,12845600,0.0,0.0,-0.5632527712730433,0.3172536843467632
2010-10-01,JNJ,Johnson & Johnson,62.09000015258789,62.25,61.56999969482422,61.75,39.17320251464844,9773200,0.0,0.0,-0.33950416908280984,0.11526308082460913
2010-10-04,JNJ,Johnson & Johnson,61.540000915527344,61.97999954223633,61.29999923706055,61.66999816894531,39.1224479675293,8703600,0.0,0.0,-0.12964846429118346,0.016808724293062273
2010-10-05,JNJ,Johnson & Johnson,62.08000183105469,62.939998626708984,62.0099983215332,62.79999923706055,39.83930206298828,12439400,0.0,0.0,1.8157494997738974,3.296946245929159
2010-10-06,JNJ,Johnson & Johnson,62.88999938964844,63.2599983215332,62.5,63.209999084472656,40.09940719604492,11339800,0.0,0.0,0.6507636998570734,0.4234933930516671
2010-10-07,JNJ,Johnson & Johnson,63.290000915527344,63.5,63.0,63.220001220703125,40.10575485229492,9826600,0.0,0.0,0.0158285479416633,0.00025054292994153353
2010-10-08,JNJ,Johnson & Johnson,63.380001068115234,63.38999938964844,63.029998779296875,63.22999954223633,40.112091064453125,7354800,0.0,0.0,0.015797512633188036,0.0002495614053957356
2010-10-11,JNJ,Johnson & Johnson,63.2599983215332,63.310001373291016,63.040000915527344,63.29999923706055,40.156494140625,6172100,0.0,0.0,0.11063626096731854,0.012240382240828613
2010-10-12,JNJ,Johnson & Johnson,63.130001068115234,63.439998626708984,62.970001220703125,63.290000915527344,40.150150299072266,8707400,0.0,0.0,-0.01579904529741421,0.00024960983230974605
2010-10-13,JNJ,Johnson & Johnson,63.43000030517578,63.790000915527344,63.290000915527344,63.58000183105469,40.33412551879883,10104700,0.0,0.0,0.4571713873029873,0.209005677368538
2010-10-14,JNJ,Johnson & Johnson,63.790000915527344,63.79999923706055,63.38999938964844,63.7400016784668,40.43563461303711,8632700,0.0,0.0,0.251354337356653,0.06317900290800214
2010-10-15,JNJ,Johnson & Johnson,63.97999954223633,64.0,63.13999938964844,63.56999969482422,40.32777786254883,13265100,0.0,0.0,-0.2670932574589921,0.07133880818005543
2010-10-18,JNJ,Johnson & Johnson,63.689998626708984,63.97999954223633,63.25,63.86000061035156,40.51173782348633,10814100,0.0,0.0,0.4551246427428398,0.20713844043179758
2010-10-19,JNJ,Johnson & Johnson,62.88999938964844,63.66999816894531,62.5,63.290000915527344,40.150150299072266,17235400,0.0,0.0,-0.8965571099434976,0.8038146513902368
2010-10-20,JNJ,Johnson & Johnson,63.31999969482422,64.02999877929688,63.060001373291016,63.599998474121094,40.3468017578125,10206800,0.0,0.0,0.4885945242099738,0.23872460908797066
2010-10-21,JNJ,Johnson & Johnson,63.86000061035156,64.22000122070312,63.52000045776367,63.9900016784668,40.59421920776367,11111700,0.0,0.0,0.6113543358112222,0.3737541239151807
2010-10-22,JNJ,Johnson & Johnson,64.08000183105469,64.12000274658203,63.63999938964844,63.810001373291016,40.48003387451172,6774800,0.0,0.0,-0.281681062508512,0.07934422097592424
2010-10-25,JNJ,Johnson & Johnson,64.04000091552734,64.2300033569336,63.849998474121094,63.97999954223633,40.58787536621094,7794700,0.0,0.0,0.266052390696238,0.07078387459518366
2010-10-26,JNJ,Johnson & Johnson,63.849998474121094,63.95000076293945,63.61000061035156,63.84000015258789,40.49906539916992,7122900,0.0,0.0,-0.2190488424244185,0.047982395367477726
2010-10-27,JNJ,Johnson & Johnson,63.58000183105469,63.689998626708984,63.279998779296875,63.56999969482422,40.32777786254883,11916100,0.0,0.0,-0.42383887858384767,0.17963939499921355
2010-10-28,JNJ,Johnson & Johnson,63.939998626708984,64.11000061035156,63.5099983215332,63.560001373291016,40.321441650390625,10116000,0.0,0.0,-0.015713015474933704,0.00024689885531550604
2010-10-29,JNJ,Johnson & Johnson,63.63999938964844,63.84000015258789,63.31999969482422,63.7400016784668,40.43563461303711,9309900,0.0,0.0,0.2828062729339195,0.07997938801077459
2010-11-01,JNJ,Johnson & Johnson,63.880001068115234,64.08999633789062,63.310001373291016,63.689998626708984,40.40389633178711,9356000,0.0,0.0,-0.07852168984599871,0.0061656557762712165
2010-11-02,JNJ,Johnson & Johnson,63.939998626708984,64.19999694824219,63.720001220703125,63.880001068115234,40.524436950683594,8632100,0.0,0.0,0.297894947661744,0.08874139984239321
2010-11-03,JNJ,Johnson & Johnson,63.9900016784668,64.19999694824219,63.54999923706055,64.19000244140625,40.721099853515625,9322100,0.0,0.0,0.4841208383169767,0.23437298609273233
2010-11-04,JNJ,Johnson & Johnson,64.31999969482422,64.91999816894531,64.23999786376953,64.76000213623047,41.08269119262695,11337400,0.0,0.0,0.8840511900188774,0.7815465065737933
2010-11-05,JNJ,Johnson & Johnson,64.75,64.83999633789062,64.0999984741211,64.6500015258789,41.01292037963867,9276500,0.0,0.0,-0.16997456611910552,0.028891353127378176
2010-11-08,JNJ,Johnson & Johnson,64.55999755859375,64.61000061035156,64.0999984741211,64.33000183105469,40.809913635253906,8484400,0.0,0.0,-0.4962115120421537,0.24622586468316043
2010-11-09,JNJ,Johnson & Johnson,64.47000122070312,64.5,64.0999984741211,64.30999755859375,40.79721450805664,9218500,0.0,0.0,-0.031122593304516662,0.0009686158139983454
2010-11-10,JNJ,Johnson & Johnson,64.23999786376953,64.33999633789062,63.54999923706055,63.95000076293945,40.56884002685547,10795400,0.0,0.0,-0.5613522302651777,0.31511632642368903
2010-11-11,JNJ,Johnson & Johnson,63.70000076293945,63.95000076293945,63.58000183105469,63.91999816894531,40.54981231689453,9109500,0.0,0.0,-0.04691328014001971,0.002200855853495968
2010-11-12,JNJ,Johnson & Johnson,63.689998626708984,64.08999633789062,63.5099983215332,63.66999816894531,40.39121627807617,12944800,0.0,0.0,-0.39188096453805976,0.15357069036728005
2010-11-15,JNJ,Johnson & Johnson,64.11000061035156,64.69000244140625,63.97999954223633,64.13999938964844,40.68938064575195,12729400,0.0,0.0,0.7354798140090076,0.5409305568147245
2010-11-16,JNJ,Johnson & Johnson,63.650001525878906,63.95000076293945,62.650001525878906,63.13999938964844,40.05500030517578,15651000,0.0,0.0,-1.5713623322788428,2.4691795793048046
2010-11-17,JNJ,Johnson & Johnson,63.130001068115234,63.290000915527344,62.91999816894531,63.060001373291016,40.004241943359375,7416900,0.0,0.0,-0.12680202108314795,0.016078752550771097
2010-11-18,JNJ,Johnson & Johnson,63.470001220703125,64.0,63.29999923706055,63.83000183105469,40.49272918701172,9400100,0.0,0.0,1.2136934673936643,1.4730518327940558
2010-11-19,JNJ,Johnson & Johnson,63.88999938964844,64.22000122070312,63.650001525878906,63.83000183105469,40.49272918701172,12889800,0.0,0.0,0.0,0.0
2010-11-22,JNJ,Johnson & Johnson,63.5,63.81999969482422,63.09000015258789,63.619998931884766,40.35950469970703,11179200,0.0,0.0,-0.3295508397792796,0.10860375599922843
2010-11-23,JNJ,Johnson & Johnson,62.9900016784668,63.25,62.650001525878906,62.869998931884766,39.88371658325195,14766500,0.0,0.0,-1.185878843618936,1.406308631742985
2010-11-24,JNJ,Johnson & Johnson,63.029998779296875,63.4900016784668,62.93000030517578,63.290000915527344,40.150150299072266,9591400,0.0,0.0,0.6658048909553342,0.44329615282004453
2010-11-26,JNJ,Johnson & Johnson,62.5,62.56999969482422,62.13999938964844,62.29999923706055,39.86222839355469,4638800,0.54,0.0,-0.719696509453511,0.5179630657195677
2010-11-29,JNJ,Johnson & Johnson,61.810001373291016,62.0099983215332,61.38999938964844,61.90999984741211,39.61268615722656,12019300,0.0,0.0,-0.6279794267492581,0.39435816042032684
2010-11-30,JNJ,Johnson & Johnson,61.47999954223633,61.81999969482422,61.25,61.54999923706055,39.38235092163086,12633500,0.0,0.0,-0.5831654668108324,0.34008196168069604
2010-12-01,JNJ,Johnson & Johnson,62.18000030517578,62.47999954223633,61.81999969482422,62.41999816894531,39.939002990722656,15364700,0.0,0.0,1.4035595205610067,1.969979327757443
2010-12-02,JNJ,Johnson & Johnson,62.38999938964844,62.880001068115234,62.27000045776367,62.599998474121094,40.05417251586914,10160400,0.0,0.0,0.2879485755975152,0.08291438218863792
2010-12-03,JNJ,Johnson & Johnson,62.5099983215332,62.77000045776367,62.22999954223633,62.560001373291016,40.0285758972168,9882800,0.0,0.0,-0.06392542721429084,0.004086460244529596
2010-12-06,JNJ,Johnson & Johnson,62.310001373291016,62.47999954223633,62.20000076293945,62.20000076293945,39.79823303222656,8989000,0.0,0.0,-0.5771081354340353,0.3330537999841488
2010-12-07,JNJ,Johnson & Johnson,62.560001373291016,62.7400016784668,62.25,62.310001373291016,39.86860275268555,9528800,0.0,0.0,0.17666005701604595,0.031208775744912605
2010-12-08,JNJ,Johnson & Johnson,62.220001220703125,62.560001373291016,62.13999938964844,62.45000076293945,39.95820999145508,7871900,0.0,0.0,0.22450420685935957,0.05040213889755011
2010-12-09,JNJ,Johnson & Johnson,62.43000030517578,62.959999084472656,61.75,62.060001373291016,39.70865631103515,12965600,0.0,0.0,-0.6264950744069453,0.39249607825616395
2010-12-10,JNJ,Johnson & Johnson,62.189998626708984,62.33000183105469,61.689998626708984,61.90999984741211,39.61268615722656,11457300,0.0,0.0,-0.2419782561678174,0.05855347645801786
2010-12-13,JNJ,Johnson & Johnson,61.83000183105469,61.970001220703125,61.560001373291016,61.86000061035156,39.5806999206543,13672100,0.0,0.0,-0.08078007494255539,0.006525420507724865
2010-12-14,JNJ,Johnson & Johnson,62.029998779296875,62.939998626708984,61.88999938964844,62.77000045776367,40.16292953491211,13491200,0.0,0.0,1.4602795596236362,2.132416392254601
2010-12-15,JNJ,Johnson & Johnson,62.93000030517578,63.15999984741211,62.439998626708984,62.56999969482422,40.03497695922851,11534100,0.0,0.0,-0.31909233007372767,0.10181991511188077
2010-12-16,JNJ,Johnson & Johnson,62.75,62.790000915527344,62.040000915527344,62.400001525878906,39.92621612548828,11141100,0.0,0.0,-0.2720342121372285,0.07400261257312264
2010-12-17,JNJ,Johnson & Johnson,62.25,62.540000915527344,61.97999954223633,62.540000915527344,40.015777587890625,15961000,0.0,0.0,0.224066215296625,0.0502056688373535
2010-12-20,JNJ,Johnson & Johnson,62.540000915527344,62.650001525878906,62.22999954223633,62.4900016784668,39.98380279541016,8907000,0.0,0.0,-0.07993740474615948,0.006389988677551321
2010-12-21,JNJ,Johnson & Johnson,62.790000915527344,62.79999923706055,62.279998779296875,62.34000015258789,39.8878173828125,7908200,0.0,0.0,-0.24034934709150343,0.05776780864731199
2010-12-22,JNJ,Johnson & Johnson,62.33000183105469,62.400001525878906,61.91999816894531,62.02000045776367,39.683067321777344,8850100,0.0,0.0,-0.5146367636787044,0.26485099852969063
2010-12-23,JNJ,Johnson & Johnson,62.02000045776367,62.459999084472656,62.02000045776367,62.25,39.83024215698242,7229500,0.0,0.0,0.3701896053476215,0.13704034390742778
2010-12-27,JNJ,Johnson & Johnson,62.189998626708984,62.2400016784668,61.81999969482422,61.93000030517578,39.62548828125,5163700,0.0,0.0,-0.5153922261899164,0.26562914681699795
2010-12-28,JNJ,Johnson & Johnson,62.060001373291016,62.29999923706055,61.900001525878906,62.04999923706055,39.702266693115234,6354200,0.0,0.0,0.19357269309929195,0.03747038751371267
2010-12-29,JNJ,Johnson & Johnson,62.119998931884766,62.439998626708984,62.11000061035156,62.130001068115234,39.75344467163086,4968700,0.0,0.0,0.1288214143805419,0.016594956803003286
2010-12-30,JNJ,Johnson & Johnson,62.099998474121094,62.189998626708984,61.900001525878906,61.939998626708984,39.631874084472656,5770100,0.0,0.0,-0.3062800127235383,0.09380744619393076
2010-12-31,JNJ,Johnson & Johnson,61.900001525878906,62.09000015258789,61.75,61.849998474121094,39.57429504394531,4981400,0.0,0.0,-0.14539031821297696,0.0211383446300707
2011-01-03,JNJ,Johnson & Johnson,62.630001068115234,63.18000030517578,62.529998779296875,62.81999969482422,40.19493865966797,14894800,0.0,0.0,1.5561291267883115,2.4215378592389527
2011-01-04,JNJ,Johnson & Johnson,63.130001068115234,63.349998474121094,62.75,63.349998474121094,40.534061431884766,12346300,0.0,0.0,0.8401559950264342,0.7058620959788577
2011-01-05,JNJ,Johnson & Johnson,63.40999984741211,63.540000915527344,62.95000076293945,63.310001373291016,40.50846099853515,11837900,0.0,0.0,-0.06317778231326646,0.0039914321780224835
2011-01-06,JNJ,Johnson & Johnson,63.43000030517578,63.529998779296875,62.900001525878906,63.209999084472656,40.44447708129883,7606000,0.0,0.0,-0.15807685817891767,0.024988293091717653
2011-01-07,JNJ,Johnson & Johnson,63.20000076293945,63.25,62.560001373291016,62.599998474121094,40.05417251586914,11084800,0.0,0.0,-0.9697246499262541,0.940365896674596
2011-01-10,JNJ,Johnson & Johnson,62.290000915527344,62.400001525878906,62.0,62.15999984741211,39.77264404296875,9775000,0.0,0.0,-0.7053510392943502,0.4975200886336199
2011-01-11,JNJ,Johnson & Johnson,62.220001220703125,62.349998474121094,62.0,62.27000045776367,39.84303283691406,7372800,0.0,0.0,0.17682148803736158,0.031265838631746805
2011-01-12,JNJ,Johnson & Johnson,62.45000076293945,62.880001068115234,62.31999969482422,62.5,39.990203857421875,8312700,0.0,0.0,0.36869653121538326,0.13593713213025607
2011-01-13,JNJ,Johnson & Johnson,62.560001373291016,62.97999954223633,62.349998474121094,62.90999984741211,40.252532958984375,9489700,0.0,0.0,0.6538411986810476,0.4275083130926692
2011-01-14,JNJ,Johnson & Johnson,62.95000076293945,62.970001220703125,62.25,62.54999923706055,40.022186279296875,11274700,0.0,0.0,-0.5738975211489046,0.3293583647808574
2011-01-18,JNJ,Johnson & Johnson,62.220001220703125,62.59000015258789,62.0099983215332,62.099998474121094,39.734256744384766,13944900,0.0,0.0,-0.722025142691335,0.5213203066784426
2011-01-19,JNJ,Johnson & Johnson,62.04999923706055,62.61000061035156,62.0099983215332,62.560001373291016,40.0285758972168,9596700,0.0,0.0,0.7379890579864777,0.5446278497077688
2011-01-20,JNJ,Johnson & Johnson,62.72999954223633,63.099998474121094,62.540000915527344,62.86000061035156,40.22052764892578,11518600,0.0,0.0,0.47839068427398285,0.22885764680012954
2011-01-21,JNJ,Johnson & Johnson,63.25,63.25,62.459999084472656,62.65999984741211,40.092559814453125,12932200,0.0,0.0,-0.31867270157236266,0.10155229072742811
2011-01-24,JNJ,Johnson & Johnson,62.560001373291016,62.720001220703125,62.15999984741211,62.220001220703125,39.81104278564453,11373000,0.0,0.0,-0.7046445578917792,0.4965239529665009
2011-01-25,JNJ,Johnson & Johnson,60.88999938964844,61.630001068115234,60.709999084472656,61.08000183105469,39.08160400390625,28056700,0.0,0.0,-1.8492460287546235,3.419710874864746
2011-01-26,JNJ,Johnson & Johnson,61.18000030517578,61.25,60.599998474121094,60.599998474121094,38.77448272705078,20262100,0.0,0.0,-0.7889501843556841,0.622442393394868
2011-01-27,JNJ,Johnson & Johnson,60.63999938964844,61.040000915527344,60.599998474121094,60.68000030517578,38.82567596435547,11219500,0.0,0.0,0.13194108258178858,0.017408449272854353
2011-01-28,JNJ,Johnson & Johnson,60.90999984741211,61.0,60.0,60.0099983215332,38.39698791503906,15298800,0.0,0.0,-1.1102762622192488,1.2327133784475461
2011-01-31,JNJ,Johnson & Johnson,60.15999984741211,60.220001220703125,59.689998626708984,59.77000045776367,38.2434196472168,19056200,0.0,0.0,-0.4007506698719034,0.16060109940277928
2011-02-01,JNJ,Johnson & Johnson,59.70000076293945,60.7400016784668,59.70000076293945,60.630001068115234,38.79367446899414,14780500,0.0,0.0,1.4285694083013236,2.040810554334394
2011-02-02,JNJ,Johnson & Johnson,60.459999084472656,60.7599983215332,60.279998779296875,60.619998931884766,38.78729248046875,9994200,0.0,0.0,-0.016452459387225213,0.000270683419888295
2011-02-03,JNJ,Johnson & Johnson,60.65999984741211,60.970001220703125,60.59000015258789,60.79999923706055,38.9024543762207,10078900,0.0,0.0,0.29646635433906077,0.08789229925509354
2011-02-04,JNJ,Johnson & Johnson,60.939998626708984,60.9900016784668,60.650001525878906,60.84000015258789,38.92805099487305,9725500,0.0,0.0,0.06577528811651409,0.0043263885268104395
2011-02-07,JNJ,Johnson & Johnson,60.880001068115234,60.9900016784668,60.650001525878906,60.869998931884766,38.947242736816406,8217000,0.0,0.0,0.04928839793018584,0.002429346170524348
2011-02-08,JNJ,Johnson & Johnson,60.939998626708984,60.9900016784668,60.75,60.939998626708984,38.99203872680664,7867600,0.0,0.0,0.11495100822510117,0.013213734291967276
2011-02-09,JNJ,Johnson & Johnson,60.93000030517578,60.939998626708984,60.63999938964844,60.880001068115234,38.95364761352539,8541500,0.0,0.0,-0.09850735348737359,0.009703698691086374
2011-02-10,JNJ,Johnson & Johnson,60.63999938964844,61.06999969482422,60.41999816894531,60.93000030517578,38.985633850097656,8627500,0.0,0.0,0.08207989031302772,0.0067371083937986615
2011-02-11,JNJ,Johnson & Johnson,60.7400016784668,61.16999816894531,60.5099983215332,60.70000076293945,38.838470458984375,9630800,0.0,0.0,-0.37819533633787633,0.1430317124277194
2011-02-14,JNJ,Johnson & Johnson,60.689998626708984,60.97999954223633,60.650001525878906,60.70000076293945,38.838470458984375,8130800,0.0,0.0,0.0,0.0
2011-02-15,JNJ,Johnson & Johnson,60.599998474121094,60.70000076293945,60.47999954223633,60.619998931884766,38.78729248046875,8572800,0.0,0.0,-0.13185824909865032,0.01738659785536172
2011-02-16,JNJ,Johnson & Johnson,60.61000061035156,60.7400016784668,60.5,60.52000045776367,38.72331237792969,9426400,0.0,0.0,-0.16508738949156768,0.02725384616914057
2011-02-17,JNJ,Johnson & Johnson,60.369998931884766,60.93000030517578,60.33000183105469,60.790000915527344,38.89606094360352,7133700,0.0,0.0,0.4451178707158555,0.19812991883061706
2011-02-18,JNJ,Johnson & Johnson,60.88999938964844,61.220001220703125,60.54999923706055,61.11000061035156,39.100807189941406,12393000,0.0,0.0,0.5250126614989672,0.27563829473422913
2011-02-22,JNJ,Johnson & Johnson,60.68000030517578,60.9900016784668,60.45000076293945,60.650001525878906,38.80646896362305,11050500,0.0,0.0,-0.7556152423667871,0.5709543944970185
2011-02-23,JNJ,Johnson & Johnson,60.7599983215332,61.08000183105469,60.369998931884766,60.38999938964844,38.64012908935547,12100300,0.0,0.0,-0.4295608438022828,0.18452251852812923
2011-02-24,JNJ,Johnson & Johnson,60.470001220703125,60.5,60.029998779296875,60.25,38.550540924072266,11766700,0.0,0.0,-0.23212184968239338,0.05388055309997563
2011-02-25,JNJ,Johnson & Johnson,59.91999816894531,59.95000076293945,59.36000061035156,59.63999938964844,38.50535202026367,11863700,0.54,0.0,-0.11728865181441767,0.013756627844443701
2011-02-28,JNJ,Johnson & Johnson,59.93000030517578,61.45000076293945,59.77000045776367,61.439998626708984,39.667476654052734,20031000,0.0,0.0,2.973437893940882,8.841332909123587
2011-03-01,JNJ,Johnson & Johnson,61.25,61.5,60.599998474121094,60.70000076293945,39.18971252441406,14035300,0.0,0.0,-1.2117347332520072,1.468301063769313
2011-03-02,JNJ,Johnson & Johnson,60.5,60.93000030517578,60.36000061035156,60.810001373291016,39.2607421875,10264600,0.0,0.0,0.18108163363986957,0.03279055804168394
2011-03-03,JNJ,Johnson & Johnson,61.119998931884766,61.20000076293945,60.810001373291016,61.04999923706055,39.41568756103515,7802700,0.0,0.0,0.39388054173608983,0.1551418811583156
2011-03-04,JNJ,Johnson & Johnson,61.290000915527344,61.290000915527344,60.34000015258789,61.060001373291016,39.42213821411133,11432700,0.0,0.0,0.01636436070413842,0.00026779230125514966
2011-03-07,JNJ,Johnson & Johnson,61.09000015258789,61.099998474121094,60.29999923706055,60.400001525878906,38.99604034423828,9584000,0.0,0.0,-1.0867430773038977,1.1810105160679454
2011-03-08,JNJ,Johnson & Johnson,60.47999954223633,60.9900016784668,60.34000015258789,60.709999084472656,39.196170806884766,8881800,0.0,0.0,0.5118947186987334,0.26203620303165537
2011-03-09,JNJ,Johnson & Johnson,60.7400016784668,61.060001373291016,60.31999969482422,60.400001525878906,38.99604034423828,10082600,0.0,0.0,-0.5118947186987318,0.26203620303165376
2011-03-10,JNJ,Johnson & Johnson,60.13999938964844,60.29999923706055,59.400001525878906,59.61000061035156,38.48598861694336,14852300,0.0,0.0,-1.3165868313286766,1.733400884428085
2011-03-11,JNJ,Johnson & Johnson,59.2400016784668,59.869998931884766,59.11000061035156,59.689998626708984,38.537628173828125,10426600,0.0,0.0,0.13408761305548272,0.01797948797491686
2011-03-14,JNJ,Johnson & Johnson,59.4900016784668,59.4900016784668,58.91999816894531,59.130001068115234,38.17607116699219,11775000,0.0,0.0,-0.9426209062268079,0.8885341728558487
2011-03-15,JNJ,Johnson & Johnson,58.790000915527344,58.84000015258789,58.02000045776367,58.47999954223633,37.75642395019531,16016800,0.0,0.0,-1.1053278011532943,1.2217495480023766
2011-03-16,JNJ,Johnson & Johnson,58.56999969482422,58.56999969482422,57.5,57.65999984741211,37.22701644897461,16995600,0.0,0.0,-1.4120885767185767,1.9939941484990957
2011-03-17,JNJ,Johnson & Johnson,58.209999084472656,58.380001068115234,57.900001525878906,58.130001068115234,37.53044509887695,12456000,0.0,0.0,0.8117726575606001,0.6589748475629994
2011-03-18,JNJ,Johnson & Johnson,58.560001373291016,58.689998626708984,58.099998474121094,58.56999969482422,37.814510345458984,14371900,0.0,0.0,0.754042764655324,0.5685804909290444
2011-03-21,JNJ,Johnson & Johnson,58.66999816894531,59.15999984741211,58.66999816894531,58.83000183105469,37.98238754272461,10692700,0.0,0.0,0.4429666027218259,0.19621941112691596
2011-03-22,JNJ,Johnson & Johnson,58.79999923706055,59.150001525878906,58.70000076293945,58.790000915527344,37.956565856933594,10151800,0.0,0.0,-0.06800643314190453,0.004624874948684332
2011-03-23,JNJ,Johnson & Johnson,58.720001220703125,58.88999938964844,58.5,58.720001220703125,37.911373138427734,9899800,0.0,0.0,-0.11913523538280464,0.014193204309716267
2011-03-24,JNJ,Johnson & Johnson,58.97999954223633,59.08000183105469,58.72999954223633,59.029998779296875,38.11152267456055,8655800,0.0,0.0,0.5265518931698646,0.27725689620076854
2011-03-25,JNJ,Johnson & Johnson,59.0099983215332,59.09000015258789,58.650001525878906,58.97999954223633,38.0792350769043,8077400,0.0,0.0,-0.08475463571145127,0.00718334827458081
2011-03-28,JNJ,Johnson & Johnson,58.97999954223633,59.29999923706055,58.97999954223633,59.2400016784668,38.24710464477539,8382500,0.0,0.0,0.43987393908194294,0.19348908228346484
2011-03-29,JNJ,Johnson & Johnson,58.97999954223633,59.310001373291016,58.93000030517578,59.220001220703125,38.23418426513672,9280300,0.0,0.0,-0.03378703456946772,0.0011415637049984066
2011-03-30,JNJ,Johnson & Johnson,59.34000015258789,59.72999954223633,59.2400016784668,59.380001068115234,38.33748626708984,10736400,0.0,0.0,0.26981797290425497,0.07280173850216126
2011-03-31,JNJ,Johnson & Johnson,59.209999084472656,59.70000076293945,59.209999084472656,59.25,38.25355529785156,9680200,0.0,0.0,-0.21916663129142888,0.048034012271633134
2011-04-01,JNJ,Johnson & Johnson,59.630001068115234,59.63999938964844,59.060001373291016,59.4900016784668,38.40850067138672,9908000,0.0,0.0,0.40423018287913914,0.16340204075050227
2011-04-04,JNJ,Johnson & Johnson,59.5,60.18000030517578,59.459999084472656,60.150001525878906,38.83464050292969,9415100,0.0,0.0,1.1033838045486177,1.2174558201401822
2011-04-05,JNJ,Johnson & Johnson,59.75,59.959999084472656,59.47999954223633,59.79999923706055,38.608646392822266,10557700,0.0,0.0,-0.5836393590153804,0.3406349013918841
2011-04-06,JNJ,Johnson & Johnson,59.70000076293945,59.900001525878906,59.599998474121094,59.65999984741211,38.51826477050781,10011200,0.0,0.0,-0.23437127799701094,0.05492989594995218
2011-04-07,JNJ,Johnson & Johnson,59.720001220703125,59.7599983215332,59.25,59.47999954223633,38.40205764770508,9232900,0.0,0.0,-0.3021495686918745,0.09129436186068578
2011-04-08,JNJ,Johnson & Johnson,59.72999954223633,59.779998779296875,59.310001373291016,59.459999084472656,38.38914108276367,7853200,0.0,0.0,-0.03364074341007633,0.0011316996171825938
2011-04-11,JNJ,Johnson & Johnson,59.540000915527344,60.16999816894531,59.5,59.86000061035156,38.64738845825195,9845800,0.0,0.0,0.6704568453549853,0.44951238148335865
2011-04-12,JNJ,Johnson & Johnson,59.65999984741211,60.08000183105469,59.65999984741211,59.939998626708984,38.69904708862305,9208000,0.0,0.0,0.13357729464067927,0.017842893643522845
2011-04-13,JNJ,Johnson & Johnson,59.65999984741211,59.95000076293945,59.5099983215332,59.599998474121094,38.47950744628906,10509000,0.0,0.0,-0.5689151236369548,0.3236644179028516
2011-04-14,JNJ,Johnson & Johnson,59.54999923706055,60.119998931884766,59.4900016784668,60.02000045776367,38.75069046020508,10436200,0.0,0.0,0.7022748505265908,0.4931899656821454
2011-04-15,JNJ,Johnson & Johnson,60.2400016784668,60.95000076293945,59.97999954223633,60.560001373291016,39.099334716796875,18608500,0.0,0.0,0.8956877962399369,0.8022566283331547
2011-04-18,JNJ,Johnson & Johnson,60.45000076293945,61.189998626708984,60.099998474121094,60.459999084472656,39.034767150878906,20034800,0.0,0.0,-0.16527375133774286,0.02731541288125006
2011-04-19,JNJ,Johnson & Johnson,62.0,62.869998931884766,61.79999923706055,62.689998626708984,40.474510192871094,26083100,0.0,0.0,3.6219683599740975,13.118654800653454
2011-04-20,JNJ,Johnson & Johnson,63.209999084472656,64.54000091552734,63.18000030517578,64.38999938964844,41.57208633422851,26732100,0.0,0.0,2.675654244660865,7.159125636971704
2011-04-21,JNJ,Johnson & Johnson,63.810001373291016,64.30000305175781,63.77000045776367,64.06999969482422,41.365482330322266,11688100,0.0,0.0,-0.4982167541032381,0.24821993406916645
2011-04-25,JNJ,Johnson & Johnson,63.650001525878906,64.19999694824219,63.5099983215332,64.11000061035156,41.39131546020508,7226900,0.0,0.0,0.06243144106971311,0.0038976848340410604
2011-04-26,JNJ,Johnson & Johnson,64.06999969482422,65.30000305175781,64.06999969482422,64.94999694824219,41.933631896972656,14500000,0.0,0.0,1.3017088198965183,1.6944458517963863
2011-04-27,JNJ,Johnson & Johnson,63.45000076293945,65.5999984741211,63.400001525878906,65.56999969482422,42.33393859863281,23777500,0.0,0.0,0.9500919761285267,0.9026747631038089
2011-04-28,JNJ,Johnson & Johnson,65.38999938964844,65.73999786376953,64.93000030517578,65.37999725341797,42.21126556396485,13091400,0.0,0.0,-0.2901953386291076,0.08421333456206244
2011-04-29,JNJ,Johnson & Johnson,65.58999633789062,65.97000122070312,65.4000015258789,65.72000122070312,42.43077087402344,12100000,0.0,0.0,0.518668527801998,0.26901704173229196
2011-05-02,JNJ,Johnson & Johnson,65.91999816894531,66.30999755859375,65.80999755859375,66.20999908447266,42.74713516235352,15456200,0.0,0.0,0.7428352205631031,0.5518041649090341
2011-05-03,JNJ,Johnson & Johnson,66.11000061035156,66.45999908447266,66.01000213623047,66.26000213623047,42.7794189453125,13105500,0.0,0.0,0.07549417798745814,0.005699370910002009
2011-05-04,JNJ,Johnson & Johnson,66.0,66.31999969482422,65.37000274658203,65.66999816894531,42.39850234985352,13408900,0.0,0.0,-0.8944081494345026,0.7999659377748516
2011-05-05,JNJ,Johnson & Johnson,65.44999694824219,65.61000061035156,64.80000305175781,65.01000213623047,41.97239303588867,14925200,0.0,0.0,-1.0100946184664343,1.0202911382548516
2011-05-06,JNJ,Johnson & Johnson,65.25,65.5,65.12000274658203,65.2699966430664,42.140235900878906,11904600,0.0,0.0,0.39909128958789136,0.15927385742492617
2011-05-09,JNJ,Johnson & Johnson,65.11000061035156,65.76000213623047,65.06999969482422,65.62999725341797,42.37266159057617,9003100,0.0,0.0,0.5500374086845111,0.3025411509523719
2011-05-10,JNJ,Johnson & Johnson,65.61000061035156,65.80000305175781,65.27999877929688,65.76000213623047,42.45659637451172,9693100,0.0,0.0,0.19789118363254082,0.03916092055948799
2011-05-11,JNJ,Johnson & Johnson,66.31999969482422,66.73999786376953,65.80999755859375,66.56999969482422,42.97956848144531,19986100,0.0,0.0,1.2242558867931732,1.498802476347739
2011-05-12,JNJ,Johnson & Johnson,66.04000091552734,67.37000274658203,65.81999969482422,67.19000244140625,43.379859924316406,15622200,0.0,0.0,0.9270425176188033,0.8594078294730092
2011-05-13,JNJ,Johnson & Johnson,67.08999633789062,67.25,65.94999694824219,66.62000274658203,43.011844635009766,11700900,0.0,0.0,-0.8519741964680668,0.7258600314474082
2011-05-16,JNJ,Johnson & Johnson,66.41000366210938,66.79000091552734,66.19000244140625,66.37000274658203,42.85043716430664,11513200,0.0,0.0,-0.37596871978831564,0.141352478259265
2011-05-17,JNJ,Johnson & Johnson,66.2300033569336,66.4800033569336,65.86000061035156,66.4000015258789,42.86981201171875,10784100,0.0,0.0,0.045204832996354895,0.0020434769262283364
2011-05-18,JNJ,Johnson & Johnson,66.16999816894531,66.51000213623047,65.94000244140625,66.5,42.93437576293945,9028400,0.0,0.0,0.15049093775082728,0.02264752234512337
2011-05-19,JNJ,Johnson & Johnson,66.52999877929688,66.52999877929688,65.8499984741211,66.38999938964844,42.86334609985352,9685100,0.0,0.0,-0.16557474434306355,0.027414995964270855
2011-05-20,JNJ,Johnson & Johnson,66.25,66.33000183105469,65.27999877929688,65.69000244140625,42.411407470703125,12367000,0.0,0.0,-1.0599687284253247,1.1235337052396
2011-05-23,JNJ,Johnson & Johnson,65.19000244140625,65.69000244140625,65.08000183105469,65.55999755859375,42.32747650146485,12020200,0.0,0.0,-0.19809323122998812,0.03924092825913754
2011-05-24,JNJ,Johnson & Johnson,65.73999786376953,66.2300033569336,65.5,65.77999877929688,42.46950149536133,11017700,0.0,0.0,0.3349768589781086,0.11220949605083964
2011-05-25,JNJ,Johnson & Johnson,66.29000091552734,66.58999633789062,66.06999969482422,66.29000091552734,42.798770904541016,14767100,0.0,0.0,0.7723178541912978,0.5964748679026508
2011-05-26,JNJ,Johnson & Johnson,65.58999633789062,65.77999877929688,65.27999877929688,65.51000213623047,42.66202163696289,12044100,0.57,0.0,-0.3200283550496693,0.1024181480357972
2011-05-27,JNJ,Johnson & Johnson,65.79000091552734,66.97000122070312,65.5999984741211,66.7699966430664,43.482574462890625,16385700,0.0,0.0,1.9051169336935632,3.6294705310459645
2011-05-31,JNJ,Johnson & Johnson,67.30999755859375,67.33999633789062,66.98999786376953,67.29000091552734,43.82121276855469,16473800,0.0,0.0,0.7757739148399931,0.6018251669461689
2011-06-01,JNJ,Johnson & Johnson,67.0199966430664,67.29000091552734,66.45999908447266,66.4800033569336,43.29371643066406,11003400,0.0,0.0,-1.2110502523412907,1.466642713695904
2011-06-02,JNJ,Johnson & Johnson,66.44000244140625,66.76000213623047,66.27999877929688,66.4800033569336,43.29371643066406,9582900,0.0,0.0,0.0,0.0
2011-06-03,JNJ,Johnson & Johnson,65.83999633789062,66.36000061035156,65.80000305175781,66.08999633789062,43.03973388671875,10364900,0.0,0.0,-0.5883774498192216,0.3461880234557706
2011-06-06,JNJ,Johnson & Johnson,65.87000274658203,66.22000122070312,65.83999633789062,66.05000305175781,43.013694763183594,8397400,0.0,0.0,-0.060518505162240555,0.0036624894670721367
2011-06-07,JNJ,Johnson & Johnson,66.0,66.27999877929688,65.5,65.5,42.65550994873047,10426800,0.0,0.0,-0.8362092371831482,0.6992458883504227
2011-06-08,JNJ,Johnson & Johnson,65.48999786376953,66.2300033569336,65.18000030517578,66.13999938964844,43.072296142578125,10020300,0.0,0.0,0.9723554041257687,0.945475031932587
2011-06-09,JNJ,Johnson & Johnson,66.33000183105469,67.27999877929688,66.16999816894531,66.77999877929688,43.48909378051758,14054500,0.0,0.0,0.9630179447631936,0.9274035619359253
2011-06-10,JNJ,Johnson & Johnson,66.48999786376953,66.68000030517578,66.08999633789062,66.08999633789062,43.03973388671875,9312900,0.0,0.0,-1.0386456065435707,1.078784695992262
2011-06-13,JNJ,Johnson & Johnson,66.31999969482422,66.95999908447266,66.26000213623047,66.58999633789062,43.36534881591797,8146200,0.0,0.0,0.7536974919054978,0.568059909304638
2011-06-14,JNJ,Johnson & Johnson,66.94999694824219,67.36000061035156,66.75,67.0999984741211,43.69746017456055,11389100,0.0,0.0,0.7629273013190574,0.5820580670979798
2011-06-15,JNJ,Johnson & Johnson,67.0,67.0,65.70999908447266,66.16000366210938,43.085323333740234,12623500,0.0,0.0,-1.4107567618969028,1.9902346412378344
2011-06-16,JNJ,Johnson & Johnson,65.69999694824219,66.3499984741211,65.47000122070312,66.31999969482422,43.18951416015625,11683900,0.0,0.0,0.24153247944557885,0.058337938627128966
2011-06-17,JNJ,Johnson & Johnson,66.62999725341797,66.94999694824219,66.19000244140625,66.29000091552734,43.16998291015625,14336400,0.0,0.0,-0.04523243185888277,0.002045972891868473
2011-06-20,JNJ,Johnson & Johnson,66.08000183105469,66.73999786376953,66.06999969482422,66.51000213623047,43.31325912475586,9309200,0.0,0.0,0.33133897922604116,0.10978551915455494
2011-06-21,JNJ,Johnson & Johnson,66.5199966430664,66.75,66.16000366210938,66.48999786376953,43.300235748291016,9811500,0.0,0.0,-0.030072395951882217,0.0009043489982867819
2011-06-22,JNJ,Johnson & Johnson,66.47000122070312,66.62000274658203,66.05000305175781,66.06999969482422,43.026710510253906,7988100,0.0,0.0,-0.6336982025392031,0.4015734119014168
2011-06-23,JNJ,Johnson & Johnson,65.54000091552734,65.73999786376953,64.69000244140625,65.66999816894531,42.7662239074707,16234800,0.0,0.0,-0.6072467505657781,0.3687486160726964
2011-06-24,JNJ,Johnson & Johnson,65.56999969482422,65.61000061035156,64.83000183105469,65.05999755859375,42.36896514892578,13186200,0.0,0.0,-0.9332489801852806,0.8709536590168662
2011-06-27,JNJ,Johnson & Johnson,65.29000091552734,65.61000061035156,65.0,65.25,42.49271011352539,7199500,0.0,0.0,0.29163942833982914,0.08505355616238233
2011-06-28,JNJ,Johnson & Johnson,65.58999633789062,66.12000274658203,65.37999725341797,65.91000366210938,42.92252731323242,7724600,0.0,0.0,1.006426582996978,1.0128944669629731
2011-06-29,JNJ,Johnson & Johnson,66.2300033569336,66.58999633789062,65.93000030517578,66.30999755859375,43.18301010131836,9227000,0.0,0.0,0.6050332894284814,0.3660652813166486
2011-06-30,JNJ,Johnson & Johnson,66.41999816894531,66.91000366210938,66.25,66.5199966430664,43.31977844238281,9747200,0.0,0.0,0.3162174476294815,0.09999347418530388
2011-07-01,JNJ,Johnson & Johnson,66.4800033569336,67.36000061035156,66.2699966430664,67.30000305175781,43.827735900878906,9216500,0.0,0.0,1.1657549038859774,1.3589844959342043
2011-07-05,JNJ,Johnson & Johnson,67.29000091552734,67.66999816894531,67.25,67.62000274658203,44.03612518310547,9773600,0.0,0.0,0.47434672320053545,0.2250048138110854
2011-07-06,JNJ,Johnson & Johnson,67.62999725341797,67.75,67.37000274658203,67.55000305175781,43.990535736083984,7100400,0.0,0.0,-0.10358100743914436,0.01072902510210808
2011-07-07,JNJ,Johnson & Johnson,67.81999969482422,68.05000305175781,67.4000015258789,67.91999816894531,44.23148727416992,8415200,0.0,0.0,0.5462403354333127,0.298378504054298
2011-07-08,JNJ,Johnson & Johnson,67.80999755859375,67.98999786376953,67.19000244140625,67.56999969482422,44.00355911254883,7866100,0.0,0.0,-0.5166397660261629,0.26691664783956837
2011-07-11,JNJ,Johnson & Johnson,66.87999725341797,67.41000366210938,66.83000183105469,67.2699966430664,43.808204650878906,8918900,0.0,0.0,-0.44493989321201904,0.1979715085715229
2011-07-12,JNJ,Johnson & Johnson,66.9000015258789,67.68000030517578,66.83000183105469,67.02999877929688,43.65188980102539,10528700,0.0,0.0,-0.3574544877275653,0.12777371079657612
2011-07-13,JNJ,Johnson & Johnson,67.38999938964844,67.9800033569336,67.20999908447266,67.62999725341797,44.04264831542969,9031700,0.0,0.0,0.8911868606861606,0.7942140206596542
2011-07-14,JNJ,Johnson & Johnson,67.5999984741211,67.93000030517578,67.47000122070312,67.66000366210938,44.06216049194336,9636500,0.0,0.0,0.044293102945908644,0.001961878968576861
2011-07-15,JNJ,Johnson & Johnson,67.7300033569336,67.94999694824219,66.98999786376953,67.44999694824219,43.92539596557617,10245100,0.0,0.0,-0.3108726779480596,0.096641821894598
2011-07-18,JNJ,Johnson & Johnson,67.16999816894531,67.3499984741211,66.55000305175781,67.08999633789062,43.690975189208984,10361000,0.0,0.0,-0.5351085251454774,0.28634113368336794
2011-07-19,JNJ,Johnson & Johnson,67.0999984741211,67.22000122070312,66.1500015258789,66.72000122070312,43.45001602172851,13677400,0.0,0.0,-0.5530342913713066,0.3058469274325632
2011-07-20,JNJ,Johnson & Johnson,66.56999969482422,66.9000015258789,66.05999755859375,66.23999786376953,43.13741683959961,8912600,0.0,0.0,-0.7220459826834156,0.5213504011092592
2011-07-21,JNJ,Johnson & Johnson,66.44999694824219,66.79000091552734,66.12999725341797,66.47000122070312,43.28721618652344,11394100,0.0,0.0,0.3466592606609781,0.12017264300201594
2011-07-22,JNJ,Johnson & Johnson,66.69000244140625,66.79000091552734,66.48999786376953,66.72000122070312,43.45001602172851,7721000,0.0,0.0,0.37538672202244716,0.140915191070758
2011-07-25,JNJ,Johnson & Johnson,66.20999908447266,66.43000030517578,66.01000213623047,66.25,43.14393997192383,10247700,0.0,0.0,-0.7069253759203629,0.4997434871201464
2011-07-26,JNJ,Johnson & Johnson,66.16999816894531,66.31999969482422,65.87000274658203,65.91999816894531,42.92903900146485,10008300,0.0,0.0,-0.4993469949888023,0.24934742140434696
2011-07-27,JNJ,Johnson & Johnson,65.76000213623047,65.87000274658203,65.13999938964844,65.2300033569336,42.47967147827149,12810400,0.0,0.0,-1.0522853400245555,1.1073044368305944
2011-07-28,JNJ,Johnson & Johnson,65.2300033569336,65.62000274658203,64.77999877929688,65.08000183105469,42.38200759887695,9920400,0.0,0.0,-0.2301720248162179,0.05297916100799763
2011-07-29,JNJ,Johnson & Johnson,64.73999786376953,64.93000030517578,64.12999725341797,64.79000091552734,42.19313430786133,16829000,0.0,0.0,-0.4466409413937697,0.19948813052911282
2011-08-01,JNJ,Johnson & Johnson,65.27999877929688,65.33000183105469,63.65999984741211,64.41000366210938,41.94568634033203,15842200,0.0,0.0,-0.5881914650907603,0.34596919960561506
2011-08-02,JNJ,Johnson & Johnson,64.11000061035156,64.3499984741211,63.43000030517578,63.43000030517578,41.30745697021485,17118300,0.0,0.0,-1.5332559180206464,2.3508737101453354
2011-08-03,JNJ,Johnson & Johnson,63.369998931884766,63.529998779296875,61.86000061035156,63.40999984741211,41.29445266723633,17660300,0.0,0.0,-0.03148668872920159,0.0009914115671296301
2011-08-04,JNJ,Johnson & Johnson,62.61000061035156,63.15999984741211,61.810001373291016,61.84000015258789,40.27201461791992,23485600,0.0,0.0,-2.5071371588296127,6.285736733184223
2011-08-05,JNJ,Johnson & Johnson,62.119998931884766,63.43000030517578,61.04999923706055,62.709999084472656,40.83859634399414,24037800,0.0,0.0,1.3970821695431697,1.9518385884554499
2011-08-08,JNJ,Johnson & Johnson,61.79999923706055,62.58000183105469,61.04999923706055,61.119998931884766,39.803131103515625,32423200,0.0,0.0,-2.568204292946231,6.595673290307451
2011-08-09,JNJ,Johnson & Johnson,61.709999084472656,62.369998931884766,59.08000183105469,62.20000076293945,40.506465911865234,36288000,0.0,0.0,1.7516033375667377,3.0681142521749347
2011-08-10,JNJ,Johnson & Johnson,61.619998931884766,61.959999084472656,60.0099983215332,60.20000076293945,39.20399856567383,32688900,0.0,0.0,-3.268286769355403,10.681698406743578
2011-08-11,JNJ,Johnson & Johnson,60.18000030517578,64.19000244140625,60.130001068115234,63.439998626708984,41.313987731933594,33514400,0.0,0.0,5.242238280835139,27.48106219305335
2011-08-12,JNJ,Johnson & Johnson,63.61000061035156,63.9900016784668,62.900001525878906,63.36000061035156,41.26188659667969,42324600,0.0,0.0,-0.12618974389620405,0.015923851464589567
2011-08-15,JNJ,Johnson & Johnson,63.849998474121094,64.62000274658203,63.61000061035156,64.58999633789062,42.062896728515625,39362000,0.0,0.0,1.922680805186517,3.696701478632673
2011-08-16,JNJ,Johnson & Johnson,63.77000045776367,64.70999908447266,63.689998626708984,64.36000061035156,41.913116455078125,13142100,0.0,0.0,-0.35672194139576907,0.1272505434731665
2011-08-17,JNJ,Johnson & Johnson,64.55999755859375,64.8499984741211,63.79999923706055,64.26000213623047,41.84798812866211,11847600,0.0,0.0,-0.15550974372846016,0.024183280394491354
2011-08-18,JNJ,Johnson & Johnson,63.189998626708984,63.58000183105469,62.02000045776367,63.15999984741211,41.13164520263672,23376400,0.0,0.0,-1.7265940884266595,2.981127146189887
2011-08-19,JNJ,Johnson & Johnson,62.90999984741211,63.779998779296875,62.7400016784668,63.13999938964844,41.11859893798828,19394800,0.0,0.0,-0.03172334597704453,0.0010063706799792673
2011-08-22,JNJ,Johnson & Johnson,63.9900016784668,64.0999984741211,63.0099983215332,63.290000915527344,41.21630096435547,13689300,0.0,0.0,0.23732845328479588,0.056324794738553535
2011-08-23,JNJ,Johnson & Johnson,63.52000045776367,64.98999786376953,63.41999816894531,64.97000122070312,42.31036376953125,14879000,0.0,0.0,2.6198229835434095,6.863472465102292
2011-08-24,JNJ,Johnson & Johnson,65.37999725341797,65.69999694824219,64.83999633789062,65.52999877929688,42.67504119873047,14523000,0.0,0.0,0.8582171671757927,0.7365367060352425
2011-08-25,JNJ,Johnson & Johnson,65.48999786376953,65.48999786376953,64.19999694824219,64.55000305175781,42.0368537902832,13134400,0.0,0.0,-1.506752935893463,2.2703044098235705
2011-08-26,JNJ,Johnson & Johnson,63.54999923706055,64.56999969482422,62.5,64.27999877929688,42.23396301269531,14150600,0.57,0.0,0.46780033550559,0.2188371538991426
2011-08-29,JNJ,Johnson & Johnson,64.63999938964844,65.91999816894531,64.55999755859375,65.86000061035156,43.27206802368164,12867900,0.0,0.0,2.4282638487297628,5.89646531904788
2011-08-30,JNJ,Johnson & Johnson,65.81999969482422,66.04000091552734,65.19000244140625,65.7699966430664,43.21293258666992,11183000,0.0,0.0,-0.1367530688797896,0.01870140184804048
2011-08-31,JNJ,Johnson & Johnson,66.02999877929688,66.2300033569336,65.33999633789062,65.80000305175781,43.232643127441406,14555300,0.0,0.0,0.04560219756820149,0.002079560423049282
2011-09-01,JNJ,Johnson & Johnson,65.66000366210938,66.13999938964844,65.11000061035156,65.33000183105469,42.923851013183594,11141100,0.0,0.0,-0.7168198742549836,0.5138307321269305
2011-09-02,JNJ,Johnson & Johnson,64.83000183105469,65.0,63.90999984741211,64.06999969482422,42.09598159790039,13713600,0.0,0.0,-1.9475351962677527,3.7928933407016743
2011-09-06,JNJ,Johnson & Johnson,63.16999816894531,64.75,62.5,64.63999938964844,42.470489501953125,15848300,0.0,0.0,0.8857182935848239,0.7844968955908123
2011-09-07,JNJ,Johnson & Johnson,65.04000091552734,65.44999694824219,64.69000244140625,65.43000030517578,42.98954772949219,10759700,0.0,0.0,1.214753999981589,1.4756272804712705
2011-09-08,JNJ,Johnson & Johnson,64.95999908447266,65.93000030517578,64.83999633789062,64.94999694824219,42.67416000366211,15551500,0.0,0.0,-0.736342517040962,0.5422003024022194
2011-09-09,JNJ,Johnson & Johnson,64.38999938964844,64.41000366210938,63.290000915527344,63.63999938964844,41.81346130371094,17008200,0.0,0.0,-2.0375256471707583,4.151510762878617
2011-09-12,JNJ,Johnson & Johnson,63.099998474121094,63.61000061035156,62.29999923706055,63.59000015258789,41.78060531616211,13448200,0.0,0.0,-0.07860842418427415,0.0061792843527347764
2011-09-13,JNJ,Johnson & Johnson,63.9900016784668,64.05000305175781,63.18000030517578,63.61000061035156,41.793739318847656,11595300,0.0,0.0,0.03143070484376628,0.0009878892069759533
2011-09-14,JNJ,Johnson & Johnson,63.95000076293945,64.47000122070312,62.97999954223633,63.72999954223633,41.872589111328125,13429500,0.0,0.0,0.18848637750486164,0.03552711450490521
2011-09-15,JNJ,Johnson & Johnson,64.27999877929688,64.62999725341797,63.91999816894531,64.4000015258789,42.312801361083984,10625800,0.0,0.0,1.0458257890954108,1.0937515811370386
2011-09-16,JNJ,Johnson & Johnson,64.5199966430664,64.73999786376953,63.959999084472656,64.58999633789062,42.43763732910156,15688800,0.0,0.0,0.2945968427578776,0.08678729976290966
2011-09-19,JNJ,Johnson & Johnson,64.05000305175781,64.38999938964844,63.630001068115234,64.13999938964844,42.14198303222656,8571800,0.0,0.0,-0.6991175884314115,0.48876540245415245
2011-09-20,JNJ,Johnson & Johnson,64.41999816894531,64.8499984741211,63.790000915527344,64.22000122070312,42.19453430175781,10874800,0.0,0.0,0.12462282767621922,0.015530849178016632
2011-09-21,JNJ,Johnson & Johnson,64.19000244140625,64.5999984741211,63.099998474121094,63.130001068115234,41.478370666503906,10041300,0.0,0.0,-1.7118591126335951,2.9304616215066797
2011-09-22,JNJ,Johnson & Johnson,62.15999984741211,62.599998474121094,61.13999938964844,61.91999816894531,40.68336486816406,19456900,0.0,0.0,-1.9352819312099006,3.745316153267522
2011-09-23,JNJ,Johnson & Johnson,61.29999923706055,61.900001525878906,61.0,61.59000015258789,40.46656036376953,10983700,0.0,0.0,-0.5343320270673007,0.2855107151498505
2011-09-26,JNJ,Johnson & Johnson,62.04999923706055,62.849998474121094,62.0099983215332,62.689998626708984,41.18927383422851,10561700,0.0,0.0,1.7701915601870337,3.1335781597574046
2011-09-27,JNJ,Johnson & Johnson,63.369998931884766,64.3499984741211,62.709999084472656,63.81999969482422,41.93173599243164,13118200,0.0,0.0,1.78650838516168,3.191612210252994
2011-09-28,JNJ,Johnson & Johnson,63.900001525878906,64.44999694824219,63.13999938964844,63.25,41.557220458984375,8964200,0.0,0.0,-0.8971678685589082,0.8049101843745343
2011-09-29,JNJ,Johnson & Johnson,63.91999816894531,64.23999786376953,63.02000045776367,63.900001525878906,41.98429489135742,8923300,0.0,0.0,1.0224333398757668,1.0453699344895153
2011-09-30,JNJ,Johnson & Johnson,63.220001220703125,64.73999786376953,63.150001525878906,63.689998626708984,41.84629821777344,14556100,0.0,0.0,-0.32922777499827766,0.10839092783031654
2011-10-03,JNJ,Johnson & Johnson,63.650001525878906,64.20999908447266,62.04999923706055,62.08000183105469,40.78849029541016,16891100,0.0,0.0,-2.5603398435976215,6.555340114713493
2011-10-04,JNJ,Johnson & Johnson,61.54999923706055,62.33000183105469,60.83000183105469,62.16999816894531,40.847618103027344,18192000,0.0,0.0,0.14485702250248894,0.020983556968286587
2011-10-05,JNJ,Johnson & Johnson,62.209999084472656,62.5099983215332,61.599998474121094,62.349998474121094,40.96590042114258,15405200,0.0,0.0,0.2891512372541343,0.08360843800559666
2011-10-06,JNJ,Johnson & Johnson,62.52000045776367,62.83000183105469,62.099998474121094,62.810001373291016,41.268123626708984,9595400,0.0,0.0,0.7350353330422543,0.5402769408205377
2011-10-07,JNJ,Johnson & Johnson,63.0099983215332,63.720001220703125,63.0,63.130001068115234,41.478370666503906,12361600,0.0,0.0,0.5081725674086306,0.2582393582666792
2011-10-10,JNJ,Johnson & Johnson,63.88999938964844,64.43000030517578,63.63999938964844,64.43000030517578,42.3325080871582,7104000,0.0,0.0,2.0383200984694603,4.1547488238245505
2011-10-11,JNJ,Johnson & Johnson,64.26000213623047,64.36000061035156,63.849998474121094,63.959999084472656,42.023704528808594,7628700,0.0,0.0,-0.7321450980037798,0.5360364445309643
2011-10-12,JNJ,Johnson & Johnson,64.12999725341797,64.69000244140625,63.869998931884766,64.33000183105469,42.26681137084961,9375100,0.0,0.0,0.5768324313401825,0.3327356538458263
2011-10-13,JNJ,Johnson & Johnson,64.44999694824219,64.44999694824219,63.56999969482422,64.2300033569336,42.20111083984375,7781100,0.0,0.0,-0.1555633015135731,0.02419994077780285
2011-10-14,JNJ,Johnson & Johnson,64.69000244140625,64.73999786376953,64.16999816894531,64.72000122070312,42.52305221557617,6678800,0.0,0.0,0.7599790039728657,0.577568086479589
2011-10-17,JNJ,Johnson & Johnson,64.4000015258789,64.83999633789062,63.619998931884766,63.790000915527344,41.91201400756836,10797900,0.0,0.0,-1.4473817634638644,2.094913969207766
2011-10-18,JNJ,Johnson & Johnson,63.7599983215332,64.73999786376953,63.400001525878906,64.41999816894531,42.325950622558594,11705300,0.0,0.0,0.9827871519587237,0.9658705860551394
2011-10-19,JNJ,Johnson & Johnson,64.51000213623047,64.51000213623047,62.15999984741211,62.63999938964844,41.15644073486328,19964600,0.0,0.0,-2.8019954498204793,7.851178500814671
2011-10-20,JNJ,Johnson & Johnson,62.959999084472656,63.130001068115234,62.310001373291016,62.529998779296875,41.08415603637695,11562600,0.0,0.0,-0.1757884060633592,0.03090156370629646
2011-10-21,JNJ,Johnson & Johnson,63.11000061035156,63.84000015258789,62.88999938964844,63.779998779296875,41.90545272827149,13175400,0.0,0.0,1.979340589356652,3.9177891686747386
2011-10-24,JNJ,Johnson & Johnson,63.900001525878906,64.79000091552734,63.599998474121094,64.7300033569336,42.52962875366211,12552700,0.0,0.0,1.47850250072052,2.185969644636831
2011-10-25,JNJ,Johnson & Johnson,64.55999755859375,64.83000183105469,63.560001373291016,63.689998626708984,41.84629821777344,10324800,0.0,0.0,-1.6197640735632914,2.623635654006348
2011-10-26,JNJ,Johnson & Johnson,64.19000244140625,64.5999984741211,63.790000915527344,64.48999786376953,42.371925354003906,9932100,0.0,0.0,1.2482665605006855,1.5581694060642115
2011-10-27,JNJ,Johnson & Johnson,64.98999786376953,65.69000244140625,64.70999908447266,65.5,43.0355339050293,16450700,0.0,0.0,1.554013927181396,2.414959285873745
2011-10-28,JNJ,Johnson & Johnson,65.63999938964844,65.8499984741211,65.02999877929688,65.5999984741211,43.10123443603515,10390800,0.0,0.0,0.15254935845015016,0.0232713067635524
2011-10-31,JNJ,Johnson & Johnson,65.16999816894531,65.86000061035156,64.37999725341797,64.38999938964844,42.30623245239258,13720400,0.0,0.0,-1.8617223407938015,3.4660100742107516
2011-11-01,JNJ,Johnson & Johnson,63.68000030517578,64.0999984741211,63.18000030517578,63.380001068115234,41.64262771606445,14749900,0.0,0.0,-1.5810067170115787,2.49958223923573
2011-11-02,JNJ,Johnson & Johnson,64.38999938964844,64.38999938964844,63.40999984741211,63.63999938964844,41.81346130371094,10136200,0.0,0.0,0.40939811165417384,0.1676068138260034
2011-11-03,JNJ,Johnson & Johnson,64.06999969482422,64.5199966430664,63.66999816894531,64.33999633789062,42.27338409423828,10466000,0.0,0.0,1.093934193608967,1.1966920199469009
2011-11-04,JNJ,Johnson & Johnson,64.0,64.54000091552734,63.40999984741211,64.12000274658203,42.12883758544922,9725200,0.0,0.0,-0.34251859069464297,0.11731898497144436
2011-11-07,JNJ,Johnson & Johnson,63.959999084472656,64.33999633789062,63.25,64.0,42.04998397827149,8783900,0.0,0.0,-0.18734790717452351,0.03509923832267388
2011-11-08,JNJ,Johnson & Johnson,64.08999633789062,64.98999786376953,63.95000076293945,64.86000061035156,42.61503601074219,7989500,0.0,0.0,1.3348143596197812,1.7817293746471667
2011-11-09,JNJ,Johnson & Johnson,64.06999969482422,64.12999725341797,63.099998474121094,63.529998779296875,41.74119186401367,11072500,0.0,0.0,-2.0718693277120606,4.292642511114026
2011-11-10,JNJ,Johnson & Johnson,64.12999725341797,64.41999816894531,63.65999984741211,64.12000274658203,42.12883758544922,7597500,0.0,0.0,0.9244028752668075,0.8545206758015409
2011-11-11,JNJ,Johnson & Johnson,64.62000274658203,65.48999786376953,64.62000274658203,65.25,42.87127685546875,9086800,0.0,0.0,1.7469580050809623,3.0518622715164554
2011-11-14,JNJ,Johnson & Johnson,64.97000122070312,65.33000183105469,64.6500015258789,64.91000366210938,42.64788818359375,8276100,0.0,0.0,-0.5224306852359039,0.27293382087605605
2011-11-15,JNJ,Johnson & Johnson,64.97000122070312,65.29000091552734,64.51000213623047,64.98999786376953,42.70045471191406,10726300,0.0,0.0,0.12318114958958165,0.015173595614210892
2011-11-16,JNJ,Johnson & Johnson,64.52999877929688,65.16000366210938,64.30000305175781,64.4000015258789,42.312801361083984,8398100,0.0,0.0,-0.9119896250891947,0.8317250762703299
2011-11-17,JNJ,Johnson & Johnson,64.16999816894531,64.51000213623047,63.29999923706055,63.939998626708984,42.01057434082031,13924700,0.0,0.0,-0.7168316303801521,0.5138475863134669
2011-11-18,JNJ,Johnson & Johnson,64.19000244140625,64.19999694824219,63.560001373291016,63.849998474121094,41.951438903808594,12659600,0.0,0.0,-0.14086238408212542,0.01984221124930022
2011-11-21,JNJ,Johnson & Johnson,63.27000045776367,63.34000015258789,62.880001068115234,62.939998626708984,41.3535270690918,32806700,0.0,0.0,-1.4355017018872858,2.060665136121294
2011-11-22,JNJ,Johnson & Johnson,62.95000076293945,63.20000076293945,62.70000076293945,62.900001525878906,41.32725143432617,8680000,0.0,0.0,-0.06355923619926544,0.004039776506234015
2011-11-23,JNJ,Johnson & Johnson,62.59000015258789,62.650001525878906,61.9900016784668,61.9900016784668,40.7293586730957,10362800,0.0,0.0,-1.4572947667652298,2.1237080372413257
2011-11-25,JNJ,Johnson & Johnson,61.310001373291016,61.63999938964844,61.04999923706055,61.27000045776367,40.629878997802734,5838800,0.57,0.0,-0.24454438786908136,0.05980195763826371
2011-11-28,JNJ,Johnson & Johnson,61.880001068115234,62.709999084472656,61.779998779296875,62.369998931884766,41.35933303833008,11678000,0.0,0.0,1.7794372458321213,3.1663969118546054
2011-11-29,JNJ,Johnson & Johnson,62.81999969482422,63.130001068115234,62.459999084472656,62.779998779296875,41.63120651245117,8923600,0.0,0.0,0.6551938285296082,0.4292789529432856
2011-11-30,JNJ,Johnson & Johnson,63.91999816894531,64.73999786376953,63.79999923706055,64.72000122070312,42.91767883300781,15032600,0.0,0.0,3.043379246632702,9.262157238834634
2011-12-01,JNJ,Johnson & Johnson,64.68000030517578,64.94999694824219,64.3499984741211,64.44999694824219,42.738651275634766,9852700,0.0,0.0,-0.418014215256993,0.17473588415691968
2011-12-02,JNJ,Johnson & Johnson,64.87000274658203,64.88999938964844,63.29999923706055,63.470001220703125,42.08877182006836,15792800,0.0,0.0,-1.5322690397824756,2.34784841027591
2011-12-05,JNJ,Johnson & Johnson,64.0999984741211,64.25,62.849998474121094,63.36000061035156,42.01582717895508,15294500,0.0,0.0,-0.17346176135832714,0.030088982653533235
2011-12-06,JNJ,Johnson & Johnson,63.61000061035156,63.93000030517578,63.2599983215332,63.4900016784668,42.10203552246094,10417800,0.0,0.0,0.20497043296030798,0.04201287838793611
2011-12-07,JNJ,Johnson & Johnson,63.56999969482422,64.80999755859375,63.369998931884766,64.44999694824219,42.738651275634766,11504700,0.0,0.0,1.500760368180485,2.2522816827012253
2011-12-08,JNJ,Johnson & Johnson,64.13999938964844,64.44999694824219,63.560001373291016,63.779998779296875,42.294342041015625,9566800,0.0,0.0,-1.045037369325592,1.092103103286954
2011-12-09,JNJ,Johnson & Johnson,64.31999969482422,64.68000030517578,63.97999954223633,64.52999877929688,42.79168701171875,8835700,0.0,0.0,1.1690535814519305,1.3666862763055856
2011-12-12,JNJ,Johnson & Johnson,63.869998931884766,64.19999694824219,63.349998474121094,63.5099983215332,42.11530303955078,10808700,0.0,0.0,-1.5932687757949506,2.538505391923141
2011-12-13,JNJ,Johnson & Johnson,64.08000183105469,64.08000183105469,63.13999938964844,63.36000061035156,42.01582717895508,14215500,0.0,0.0,-0.23647823747217708,0.05592195679794738
2011-12-14,JNJ,Johnson & Johnson,63.380001068115234,63.779998779296875,62.93000030517578,63.18000030517578,41.89646530151367,9802400,0.0,0.0,-0.2844921868261193,0.08093580436510758
2011-12-15,JNJ,Johnson & Johnson,63.650001525878906,64.0999984741211,63.56999969482422,64.0,42.44023132324219,9656700,0.0,0.0,1.289530130187916,1.6628879566624637
2011-12-16,JNJ,Johnson & Johnson,64.36000061035156,64.37000274658203,63.54999923706055,64.30000305175781,42.639163970947266,19214300,0.0,0.0,0.4676408654572418,0.21868797904559814
2011-12-19,JNJ,Johnson & Johnson,64.18000030517578,64.27999877929688,63.36000061035156,63.529998779296875,42.128562927246094,9024700,0.0,0.0,-1.2047208009145838,1.4513522081562762
2011-12-20,JNJ,Johnson & Johnson,64.0199966430664,64.7300033569336,64.01000213623047,64.5199966430664,42.78505325317383,12247700,0.0,0.0,1.5462853567364807,2.3909984044576653
2011-12-21,JNJ,Johnson & Johnson,64.80999755859375,65.0,64.58000183105469,64.95999908447266,43.07683181762695,8517800,0.0,0.0,0.6796489207547134,0.4619226554830467
2011-12-22,JNJ,Johnson & Johnson,65.05999755859375,65.26000213623047,64.62000274658203,65.18000030517578,43.22271728515625,7428000,0.0,0.0,0.3380912368808375,0.11430568445561456
2011-12-23,JNJ,Johnson & Johnson,65.2300033569336,66.0,65.18000030517578,65.9800033569336,43.75322723388672,6503300,0.0,0.0,1.2199155314228072,1.4881939038065901
2011-12-27,JNJ,Johnson & Johnson,65.98999786376953,66.31999969482422,65.9000015258789,66.0199966430664,43.77973937988281,4995100,0.0,0.0,0.06057636986942046,0.0036694965865568304
2011-12-28,JNJ,Johnson & Johnson,65.97000122070312,66.02999877929688,65.30000305175781,65.44999694824219,43.401756286621094,5943900,0.0,0.0,-0.8671231406529909,0.7519025410559066
2011-12-29,JNJ,Johnson & Johnson,65.30999755859375,66.02999877929688,65.25,65.87999725341797,43.68690872192383,5702400,0.0,0.0,0.6548577919084068,0.42883872762315417
2011-12-30,JNJ,Johnson & Johnson,65.58999633789062,65.93000030517578,65.52999877929688,65.58000183105469,43.48796844482422,4959700,0.0,0.0,-0.4564173278361664,0.2083167771491066
2012-01-03,JNJ,Johnson & Johnson,65.58999633789062,66.0,65.25,65.87999725341797,43.68690872192383,16116200,0.0,0.0,0.45641732783617284,0.20831677714911248
2012-01-04,JNJ,Johnson & Johnson,65.75,65.87999725341797,65.11000061035156,65.4800033569336,43.42164993286133,9243100,0.0,0.0,-0.6090322537163723,0.37092028606684363
2012-01-05,JNJ,Johnson & Johnson,65.31999969482422,65.5999984741211,64.83000183105469,65.4000015258789,43.36861038208008,11886900,0.0,0.0,-0.12222467634433842,0.014938871507478281
2012-01-06,JNJ,Johnson & Johnson,65.44000244140625,65.45999908447266,64.61000061035156,64.83000183105469,42.990631103515625,15359900,0.0,0.0,-0.8753705699326849,0.7662736347042736
2012-01-09,JNJ,Johnson & Johnson,64.95999908447266,65.08999633789062,64.41000366210938,64.93000030517578,43.05693817138672,7934600,0.0,0.0,0.15411726688922886,0.023752131953405798
2012-01-10,JNJ,Johnson & Johnson,65.11000061035156,65.4000015258789,65.0,65.19999694824219,43.2359733581543,8476600,0.0,0.0,0.41494820485890543,0.17218201271562816
2012-01-11,JNJ,Johnson & Johnson,65.11000061035156,65.54000091552734,64.83999633789062,65.12999725341797,43.189544677734375,6784600,0.0,0.0,-0.10744207484415387,0.011543799446816761
2012-01-12,JNJ,Johnson & Johnson,65.27999877929688,65.41000366210938,64.93000030517578,65.2300033569336,43.255863189697266,7402900,0.0,0.0,0.15343446600484312,0.023542135358191357
2012-01-13,JNJ,Johnson & Johnson,64.97000122070312,65.27999877929688,64.36000061035156,65.26000213623047,43.27578353881836,8978800,0.0,0.0,0.04604176674341902,0.0021198442848554054
2012-01-17,JNJ,Johnson & Johnson,65.54000091552734,65.69000244140625,64.5,65.12000274658203,43.18292236328125,8359900,0.0,0.0,-0.2148105509470504,0.04614357279817533
2012-01-18,JNJ,Johnson & Johnson,65.26000213623047,65.37000274658203,65.0,65.27999877929688,43.289039611816406,8095600,0.0,0.0,0.2454374791130139,0.06023955615335113
2012-01-19,JNJ,Johnson & Johnson,65.16000366210938,65.25,64.79000091552734,65.19000244140625,43.2293586730957,11699800,0.0,0.0,-0.13796128770258198,0.0190333169045546
2012-01-20,JNJ,Johnson & Johnson,65.27999877929688,65.55000305175781,64.54000091552734,65.2699966430664,43.28239440917969,14715500,0.0,0.0,0.12260933535266653,0.015033049115622643
2012-01-23,JNJ,Johnson & Johnson,65.2300033569336,65.33000183105469,64.87999725341797,65.0,43.10335159301758,10125000,0.0,0.0,-0.41451994297085254,0.17182678312055885
2012-01-24,JNJ,Johnson & Johnson,64.33999633789062,65.44999694824219,64.33999633789062,65.0,43.10335159301758,12367900,0.0,0.0,0.0,0.0
2012-01-25,JNJ,Johnson & Johnson,64.83000183105469,65.30000305175781,64.76000213623047,65.22000122070312,43.24924850463867,10531400,0.0,0.0,0.3379100346274773,0.11418319150194292
2012-01-26,JNJ,Johnson & Johnson,65.52999877929688,65.87999725341797,65.22000122070312,65.69999694824219,43.56753921508789,12546100,0.0,0.0,0.7332502040182407,0.5376558616927917
2012-01-27,JNJ,Johnson & Johnson,65.62000274658203,65.87000274658203,65.45999908447266,65.55999755859375,43.47470474243164,10466300,0.0,0.0,-0.21330908679671437,0.045500766510048224
2012-01-30,JNJ,Johnson & Johnson,65.33000183105469,65.70999908447266,65.12999725341797,65.70999908447266,43.57418441772461,7482100,0.0,0.0,0.22856056994984686,0.05223993413579884
2012-01-31,JNJ,Johnson & Johnson,65.86000061035156,65.94999694824219,65.55999755859375,65.91000366210938,43.70680618286133,13562900,0.0,0.0,0.30389633823109335,0.0923529843902671
2012-02-01,JNJ,Johnson & Johnson,65.97000122070312,66.31999969482422,65.6500015258789,65.69000244140625,43.560909271240234,12275900,0.0,0.0,-0.3343666023349469,0.11180102475701653
2012-02-02,JNJ,Johnson & Johnson,65.94000244140625,65.97000122070312,65.3499984741211,65.58999633789062,43.49460220336914,8282400,0.0,0.0,-0.1523328726010172,0.023205304074877732
2012-02-03,JNJ,Johnson & Johnson,65.9000015258789,66.0199966430664,65.52999877929688,65.63999938964844,43.52775192260742,9036200,0.0,0.0,0.07618667910028691,0.0058044100723300945
2012-02-06,JNJ,Johnson & Johnson,65.45999908447266,65.58000183105469,65.05000305175781,65.19000244140625,43.2293586730957,9535700,0.0,0.0,-0.6878846565760749,0.4731853007527845
2012-02-07,JNJ,Johnson & Johnson,65.16000366210938,65.38999938964844,65.0199966430664,65.26000213623047,43.27578353881836,9248100,0.0,0.0,0.10733435953662132,0.011520664737136692
2012-02-08,JNJ,Johnson & Johnson,65.19999694824219,65.3499984741211,65.08999633789062,65.23999786376953,43.26251602172851,6889400,0.0,0.0,-0.0306627637963211,0.0009402050836289799
2012-02-09,JNJ,Johnson & Johnson,65.16000366210938,65.3499984741211,64.81999969482422,64.88999938964844,43.030426025390625,10936200,0.0,0.0,-0.5379131837666027,0.28935059326992285
2012-02-10,JNJ,Johnson & Johnson,64.70999908447266,64.7699966430664,64.25,64.5999984741211,42.83810806274414,13954200,0.0,0.0,-0.4479365724727837,0.20064717295866538
2012-02-13,JNJ,Johnson & Johnson,64.9000015258789,64.94999694824219,64.5999984741211,64.68000030517578,42.89115524291992,9662500,0.0,0.0,0.12375514474430713,0.015315335850684408
2012-02-14,JNJ,Johnson & Johnson,64.75,64.86000061035156,64.33000183105469,64.61000061035156,42.8447380065918,8978500,0.0,0.0,-0.10827959936962755,0.011724471639647047
2012-02-15,JNJ,Johnson & Johnson,64.51000213623047,64.94999694824219,64.47000122070312,64.6500015258789,42.87126159667969,9023400,0.0,0.0,0.06188714139063828,0.0038300182695048535
2012-02-16,JNJ,Johnson & Johnson,64.5999984741211,65.16000366210938,64.44000244140625,64.91999816894531,43.05030822753906,8194500,0.0,0.0,0.4167682000904634,0.17369573260664453
2012-02-17,JNJ,Johnson & Johnson,65.22000122070312,65.27999877929688,64.80999755859375,64.98999786376953,43.09673309326172,9057500,0.0,0.0,0.10778053315597742,0.011616643327386749
2012-02-21,JNJ,Johnson & Johnson,65.2300033569336,65.23999786376953,64.75,65.04000091552734,43.1298828125,8081700,0.0,0.0,0.07688976431058497,0.005912035855737307
2012-02-22,JNJ,Johnson & Johnson,65.08000183105469,65.33999633789062,64.87000274658203,65.0,43.10335159301758,8150600,0.0,0.0,-0.06153363144145425,0.0037863877983727273
2012-02-23,JNJ,Johnson & Johnson,65.19000244140625,66.05000305175781,64.9000015258789,65.0999984741211,43.1696662902832,8991500,0.0,0.0,0.15373221420347064,0.023633593683901777
2012-02-24,JNJ,Johnson & Johnson,64.79000091552734,64.79000091552734,64.19000244140625,64.45999908447266,43.12283706665039,10478200,0.57,0.0,-0.1085360289901553,0.01178006958895183
2012-02-27,JNJ,Johnson & Johnson,64.26000213623047,64.63999938964844,64.0199966430664,64.44999694824219,43.11615753173828,8523000,0.0,0.0,-0.015490753241209859,0.00023996343598005376
2012-02-28,JNJ,Johnson & Johnson,64.5999984741211,65.41999816894531,64.5,65.18000030517578,43.60449981689453,11581400,0.0,0.0,1.1262540253953814,1.2684481297193004
2012-02-29,JNJ,Johnson & Johnson,65.22000122070312,65.26000213623047,64.70999908447266,65.08000183105469,43.537628173828125,11489100,0.0,0.0,-0.15347721643890516,0.02355525596583454
2012-03-01,JNJ,Johnson & Johnson,65.11000061035156,65.26000213623047,64.63999938964844,64.83000183105469,43.370361328125,8813800,0.0,0.0,-0.38492905702894653,0.14817037894519397
2012-03-02,JNJ,Johnson & Johnson,64.73999786376953,64.87000274658203,64.56999969482422,64.7699966430664,43.33021926879883,6063900,0.0,0.0,-0.09259929268791232,0.008574629006301652
2012-03-05,JNJ,Johnson & Johnson,64.69000244140625,64.95999908447266,64.54000091552734,64.91000366210938,43.42388916015625,7601000,0.0,0.0,0.21594349697901333,0.046631593887525136
2012-03-06,JNJ,Johnson & Johnson,64.45999908447266,64.7300033569336,64.19000244140625,64.3499984741211,43.04924392700195,9511100,0.0,0.0,-0.8665063099025115,0.7508331851008674
2012-03-07,JNJ,Johnson & Johnson,64.2699966430664,64.45999908447266,64.12000274658203,64.30000305175781,43.01580047607422,8591800,0.0,0.0,-0.07771669170213755,0.006039884169125095
2012-03-08,JNJ,Johnson & Johnson,64.94999694824219,65.08000183105469,64.73999786376953,64.8499984741211,43.38374710083008,11311100,0.0,0.0,0.8517379071671553,0.7254574625054856
2012-03-09,JNJ,Johnson & Johnson,64.83000183105469,65.0,64.58999633789062,64.73999786376953,43.310157775878906,8410600,0.0,0.0,-0.16976820395918674,0.028821243075528028
2012-03-12,JNJ,Johnson & Johnson,64.55000305175781,65.1500015258789,64.54000091552734,65.0999984741211,43.550987243652344,7284700,0.0,0.0,0.5545174078088025,0.30748955556299384
2012-03-13,JNJ,Johnson & Johnson,65.41999816894531,65.44000244140625,65.02999877929688,65.33000183105469,43.70485305786133,9884100,0.0,0.0,0.35267776497536873,0.12438160590802143
2012-03-14,JNJ,Johnson & Johnson,65.20999908447266,65.37999725341797,65.0199966430664,65.08000183105469,43.537628173828125,9612200,0.0,0.0,-0.3833570216496369,0.1469626060480802
2012-03-15,JNJ,Johnson & Johnson,64.93000030517578,65.37999725341797,64.8499984741211,65.06999969482422,43.53091812133789,11372900,0.0,0.0,-0.015413264121289297,0.00023756871087262394
2012-03-16,JNJ,Johnson & Johnson,65.19999694824219,65.45999908447266,64.80999755859375,65.12000274658203,43.56436538696289,17707000,0.0,0.0,0.07680615051002529,0.005899184756168658
2012-03-19,JNJ,Johnson & Johnson,64.94999694824219,65.2699966430664,64.9000015258789,65.20999908447266,43.62458038330078,7321800,0.0,0.0,0.13812532168937544,0.01907860449179345
2012-03-20,JNJ,Johnson & Johnson,65.0,65.12999725341797,64.76000213623047,64.95999908447266,43.457332611083984,7760400,0.0,0.0,-0.3841164533587217,0.14754544974088302
2012-03-21,JNJ,Johnson & Johnson,64.95999908447266,65.06999969482422,64.63999938964844,64.76000213623047,43.32353973388672,7839600,0.0,0.0,-0.3083467118684475,0.09507769472008337
2012-03-22,JNJ,Johnson & Johnson,64.68000030517578,64.69000244140625,64.4000015258789,64.45999908447266,43.12283706665039,10621300,0.0,0.0,-0.464341098566225,0.2156126558176887
2012-03-23,JNJ,Johnson & Johnson,64.48999786376953,64.70999908447266,64.37000274658203,64.55000305175781,43.18305206298828,8062500,0.0,0.0,0.13953858007959286,0.01947101533062895
2012-03-26,JNJ,Johnson & Johnson,64.88999938964844,65.26000213623047,64.83000183105469,65.16999816894531,43.59781646728515,8503800,0.0,0.0,0.9558963157028277,0.9137377663742401
2012-03-27,JNJ,Johnson & Johnson,65.33000183105469,65.5,65.22000122070312,65.4000015258789,43.751686096191406,10723800,0.0,0.0,0.35230833271977813,0.12412116130378989
2012-03-28,JNJ,Johnson & Johnson,65.4000015258789,65.62000274658203,65.18000030517578,65.62000274658203,43.898868560791016,10305500,0.0,0.0,0.3358395243763159,0.1127881861333101
2012-03-29,JNJ,Johnson & Johnson,65.27999877929688,65.54000091552734,65.19999694824219,65.54000091552734,43.8453369140625,9553300,0.0,0.0,-0.1220175237337401,0.014888276098113828
2012-03-30,JNJ,Johnson & Johnson,65.62999725341797,66.18000030517578,65.58000183105469,65.95999908447266,44.126319885253906,11307700,0.0,0.0,0.6388055810833967,0.4080725704232961
2012-04-02,JNJ,Johnson & Johnson,66.04000091552734,66.30000305175781,65.81999969482422,66.20999908447266,44.29356384277344,8785900,0.0,0.0,0.3782953560142942,0.1431073763819816
2012-04-03,JNJ,Johnson & Johnson,66.12000274658203,66.1500015258789,65.5,65.87999725341797,44.07279968261719,9128400,0.0,0.0,-0.49965758608644156,0.24965770333372977
2012-04-04,JNJ,Johnson & Johnson,65.61000061035156,65.69999694824219,65.36000061035156,65.38999938964844,43.7449951171875,9432300,0.0,0.0,-0.7465595980736116,0.5573512334758325
2012-04-05,JNJ,Johnson & Johnson,65.26000213623047,65.37999725341797,65.08999633789062,65.33999633789062,43.71154022216797,7922700,0.0,0.0,-0.07650633888374044,0.005853219889393734
2012-04-09,JNJ,Johnson & Johnson,64.94999694824219,65.2300033569336,64.87999725341797,64.91999816894531,43.43056869506836,6363400,0.0,0.0,-0.6448604566995687,0.4158450086147763
2012-04-10,JNJ,Johnson & Johnson,64.80999755859375,64.86000061035156,64.16000366210938,64.19999694824219,42.94889831542969,12793200,0.0,0.0,-1.1152543278648006,1.2437922158211683
2012-04-11,JNJ,Johnson & Johnson,64.69000244140625,64.69000244140625,63.959999084472656,64.12999725341797,42.90205383300781,10434100,0.0,0.0,-0.10912980205490558,0.011909313696542873
2012-04-12,JNJ,Johnson & Johnson,64.05000305175781,64.1500015258789,63.68000030517578,64.1500015258789,42.91545486450195,13122300,0.0,0.0,0.031231462685089407,0.000975404261450132
2012-04-13,JNJ,Johnson & Johnson,63.939998626708984,64.0,63.52000045776367,63.540000915527344,42.507381439208984,11226600,0.0,0.0,-0.9554272537992774,0.9128412373024288
2012-04-16,JNJ,Johnson & Johnson,63.720001220703125,64.16000366210938,63.66999816894531,63.97999954223633,42.801727294921875,10502400,0.0,0.0,0.6900717359252432,0.4761990007228786
2012-04-17,JNJ,Johnson & Johnson,64.2300033569336,64.27999877929688,63.27000045776367,64.22000122070312,42.962284088134766,18322900,0.0,0.0,0.37441574429721636,0.1401871495776385
2012-04-18,JNJ,Johnson & Johnson,63.900001525878906,63.91999816894531,63.119998931884766,63.2599983215332,42.32004928588867,20567700,0.0,0.0,-1.5061664424614951,2.268537352397116
2012-04-19,JNJ,Johnson & Johnson,63.220001220703125,63.540000915527344,62.7599983215332,63.029998779296875,42.16617202758789,15189000,0.0,0.0,-0.36426632901363587,0.1326899584530704
2012-04-20,JNJ,Johnson & Johnson,63.220001220703125,63.970001220703125,63.20000076293945,63.709999084472656,42.62109375,14320700,0.0,0.0,1.0731000315912838,1.1515436778012142
2012-04-23,JNJ,Johnson & Johnson,63.5,63.689998626708984,63.29999923706055,63.369998931884766,42.393646240234375,10120900,0.0,0.0,-0.5350790991341438,0.28630964233020684
2012-04-24,JNJ,Johnson & Johnson,63.54999923706055,63.790000915527344,63.36000061035156,63.77000045776367,42.66123962402344,9022400,0.0,0.0,0.6292272665225116,0.3959269529353918
2012-04-25,JNJ,Johnson & Johnson,63.959999084472656,64.58000183105469,63.84000015258789,64.43000030517578,43.10277557373047,11162800,0.0,0.0,1.0296622649214213,1.0602043798031113
2012-04-26,JNJ,Johnson & Johnson,64.41000366210938,64.97000122070312,64.26000213623047,64.75,43.31684112548828,9139200,0.0,0.0,0.49541064344984814,0.24543170564339256
2012-04-27,JNJ,Johnson & Johnson,64.94999694824219,65.12999725341797,64.68000030517578,64.83999633789062,43.377052307128906,10746700,0.0,0.0,0.13890526526812227,0.019294672719207415
2012-04-30,JNJ,Johnson & Johnson,64.8499984741211,65.38999938964844,64.83999633789062,65.0999984741211,43.550987243652344,11362300,0.0,0.0,0.4001819655579988,0.16014560555786334
2012-05-01,JNJ,Johnson & Johnson,64.91000366210938,65.36000061035156,64.80000305175781,65.22000122070312,43.63125228881836,10107900,0.0,0.0,0.18413169534143992,0.03390448122931285
2012-05-02,JNJ,Johnson & Johnson,65.16999816894531,65.33000183105469,64.83999633789062,65.33000183105469,43.70485305786133,8349700,0.0,0.0,0.16854606963392293,0.0284077775890432
2012-05-03,JNJ,Johnson & Johnson,65.4000015258789,65.48999786376953,65.0999984741211,65.33999633789062,43.71154022216797,10431800,0.0,0.0,0.015299565833760449,0.00023407671470157006
2012-05-04,JNJ,Johnson & Johnson,65.19000244140625,65.29000091552734,64.73999786376953,64.73999786376953,43.310157775878906,10301300,0.0,0.0,-0.9224947386179155,0.8509965427777363
2012-05-07,JNJ,Johnson & Johnson,64.58000183105469,65.0199966430664,64.51000213623047,64.80000305175781,43.35029220581055,8387800,0.0,0.0,0.09262456589944941,0.008579310208061446
2012-05-08,JNJ,Johnson & Johnson,64.68000030517578,64.9800033569336,64.55000305175781,64.9800033569336,43.4707145690918,12491900,0.0,0.0,0.27740392556664234,0.07695293791978325
2012-05-09,JNJ,Johnson & Johnson,64.58999633789062,64.87999725341797,64.25,64.27999877929688,43.002418518066406,10649400,0.0,0.0,-1.0831124359877125,1.1731325489912365
2012-05-10,JNJ,Johnson & Johnson,64.80999755859375,64.86000061035156,64.38999938964844,64.56999969482422,43.19643020629883,7702000,0.0,0.0,0.450149900413579,0.2026349328423551
2012-05-11,JNJ,Johnson & Johnson,64.43000030517578,64.98999786376953,64.2300033569336,64.33999633789062,43.04256439208984,37824600,0.0,0.0,-0.3568362043008887,0.12733207669986557
2012-05-14,JNJ,Johnson & Johnson,64.02999877929688,64.0999984741211,63.560001373291016,63.93000030517578,42.76828384399414,39687800,0.0,0.0,-0.6392699473538016,0.4086660655897323
2012-05-15,JNJ,Johnson & Johnson,63.70000076293945,64.13999938964844,63.40999984741211,63.61000061035156,42.55420684814453,8500000,0.0,0.0,-0.501807772692544,0.2518110407346519
2012-05-16,JNJ,Johnson & Johnson,63.790000915527344,63.93000030517578,63.45000076293945,63.709999084472656,42.62109375,10018400,0.0,0.0,0.15705706967835623,0.02466692313595204
2012-05-17,JNJ,Johnson & Johnson,63.709999084472656,64.0,63.47999954223633,63.54999923706055,42.51406478881836,7993500,0.0,0.0,-0.2514331784982723,0.06321864324974405
2012-05-18,JNJ,Johnson & Johnson,63.869998931884766,63.90999984741211,63.09000015258789,63.349998474121094,42.38026428222656,13781300,0.0,0.0,-0.31521685569475594,0.09936166611408859
2012-05-21,JNJ,Johnson & Johnson,63.2599983215332,63.83000183105469,63.25,63.470001220703125,42.46055221557617,8784900,0.0,0.0,0.18926729051233543,0.03582210725788078
2012-05-22,JNJ,Johnson & Johnson,63.400001525878906,63.79999923706055,63.33000183105469,63.52000045776367,42.49401092529297,8409300,0.0,0.0,0.07876848566984834,0.006204474334721104
2012-05-23,JNJ,Johnson & Johnson,63.400001525878906,63.75,62.880001068115234,63.27000045776367,42.32674026489258,11269100,0.0,0.0,-0.3944102708146506,0.155559461724086
2012-05-24,JNJ,Johnson & Johnson,62.88999938964844,63.34000015258789,62.79999923706055,63.099998474121094,42.623966217041016,9309400,0.61,0.0,0.6997638449646977,0.4896694387197775
2012-05-25,JNJ,Johnson & Johnson,62.880001068115234,62.97999954223633,62.290000915527344,62.5099983215332,42.22541427612305,11208500,0.0,0.0,-0.939440853374993,0.882549116989935
2012-05-29,JNJ,Johnson & Johnson,62.84000015258789,62.93000030517578,62.29999923706055,62.59000015258789,42.27946090698242,10089700,0.0,0.0,0.12791365731617121,0.01636190372799888
2012-05-30,JNJ,Johnson & Johnson,62.34000015258789,62.400001525878906,62.0,62.209999084472656,42.02275848388672,9414700,0.0,0.0,-0.6090070186813261,0.3708895488031171
2012-05-31,JNJ,Johnson & Johnson,62.36000061035156,62.880001068115234,62.13999938964844,62.43000030517578,42.17138671875,13297100,0.0,0.0,0.3530611039419956,0.12465214311674061
2012-06-01,JNJ,Johnson & Johnson,62.040000915527344,62.310001373291016,61.709999084472656,61.779998779296875,41.732322692871094,12061100,0.0,0.0,-1.046599814877985,1.0953711725026323
2012-06-04,JNJ,Johnson & Johnson,62.040000915527344,62.45000076293945,61.88999938964844,62.34000015258789,42.11058807373047,9200000,0.0,0.0,0.9023254176173384,0.8141911592783042
2012-06-05,JNJ,Johnson & Johnson,62.15999984741211,62.380001068115234,62.0,62.209999084472656,42.02275848388672,9523400,0.0,0.0,-0.20878670668135704,0.04359188888684702
2012-06-06,JNJ,Johnson & Johnson,62.09000015258789,62.79999923706055,61.88999938964844,62.79999923706055,42.42132568359375,11562500,0.0,0.0,0.9439859839972049,0.8911095379831712
2012-06-07,JNJ,Johnson & Johnson,63.18000030517578,63.20000076293945,62.5099983215332,62.79999923706055,42.42132568359375,12959300,0.0,0.0,0.0,0.0
2012-06-08,JNJ,Johnson & Johnson,62.540000915527344,63.040000915527344,62.33000183105469,62.97999954223633,42.54290390014648,11249500,0.0,0.0,0.28618702277073754,0.08190301200237865
2012-06-11,JNJ,Johnson & Johnson,62.970001220703125,63.029998779296875,62.11000061035156,62.119998931884766,41.96196746826172,12226400,0.0,0.0,-1.374939868962647,1.8904596432630212
2012-06-12,JNJ,Johnson & Johnson,62.15999984741211,63.27000045776367,61.83000183105469,63.08000183105469,42.6104621887207,26655400,0.0,0.0,1.5336142839665947,2.3519727719863712
2012-06-13,JNJ,Johnson & Johnson,64.23999786376953,64.69999694824219,63.18000030517578,64.44999694824219,43.53589630126953,98440200,0.0,0.0,2.148598572318078,4.616475824967283
2012-06-14,JNJ,Johnson & Johnson,64.3499984741211,65.75,64.29000091552734,65.44999694824219,44.21139144897461,34314900,0.0,0.0,1.5396680837743668,2.370577808193431
2012-06-15,JNJ,Johnson & Johnson,65.9000015258789,66.0999984741211,65.51000213623047,66.01000213623047,44.58967208862305,25992800,0.0,0.0,0.8519783722288022,0.7258671467456395
2012-06-18,JNJ,Johnson & Johnson,65.81999969482422,66.38999938964844,65.81999969482422,66.30000305175781,44.78556823730469,25750000,0.0,0.0,0.43836852728689185,0.19216696571567846
2012-06-19,JNJ,Johnson & Johnson,66.4000015258789,66.95999908447266,66.36000061035156,66.72000122070312,45.06927108764648,23615400,0.0,0.0,0.6314713713982867,0.3987560928956329
2012-06-20,JNJ,Johnson & Johnson,66.77999877929688,67.0,66.45999908447266,67.0,45.258426666259766,21254600,0.0,0.0,0.418821379968842,0.17541134831900512
2012-06-21,JNJ,Johnson & Johnson,66.55000305175781,66.97000122070312,66.16000366210938,66.38999938964844,44.84635162353515,24545300,0.0,0.0,-0.914663846748065,0.8366099525479678
2012-06-22,JNJ,Johnson & Johnson,66.66000366210938,66.97000122070312,66.5199966430664,66.62999725341797,45.00848388671875,18965700,0.0,0.0,0.3608763807073658,0.1302317621524476
2012-06-25,JNJ,Johnson & Johnson,66.26000213623047,66.62999725341797,66.13999938964844,66.5,44.92066192626953,13734500,0.0,0.0,-0.19531373855157108,0.03814745646699146
2012-06-26,JNJ,Johnson & Johnson,66.55999755859375,66.69000244140625,66.41000366210938,66.41999816894531,44.86663055419922,11100000,0.0,0.0,-0.12035417730000153,0.014485127993560203
2012-06-27,JNJ,Johnson & Johnson,66.41999816894531,67.19999694824219,66.36000061035156,66.83999633789062,45.15032196044922,17594200,0.0,0.0,0.6303087086453614,0.397289068194183
2012-06-28,JNJ,Johnson & Johnson,66.70999908447266,67.0,66.44000244140625,66.94000244140625,45.2178840637207,12110900,0.0,0.0,0.14952629654155422,0.02235811335743281
2012-06-29,JNJ,Johnson & Johnson,67.30000305175781,67.69999694824219,67.20999908447266,67.55999755859375,45.63669204711914,18286000,0.0,0.0,0.9219369409135685,0.8499677230210687
2012-07-02,JNJ,Johnson & Johnson,67.41999816894531,68.0,67.33999633789062,68.0,45.93391036987305,12552700,0.0,0.0,0.6491589192554846,0.4214073024489488
2012-07-03,JNJ,Johnson & Johnson,67.95999908447266,68.12000274658203,67.72000122070312,68.04000091552734,45.96092987060547,8902400,0.0,0.0,0.05880526358245505,0.0034580590250020147
2012-07-05,JNJ,Johnson & Johnson,67.91999816894531,68.1500015258789,67.77999877929688,67.77999877929688,45.785301208496094,11857800,0.0,0.0,-0.38285796500705543,0.14658022136934368
2012-07-06,JNJ,Johnson & Johnson,67.51000213623047,67.87999725341797,67.36000061035156,67.63999938964844,45.69072723388672,9758000,0.0,0.0,-0.2067733151861065,0.04275520387305294
2012-07-09,JNJ,Johnson & Johnson,67.73999786376953,67.95999908447266,67.62999725341797,67.77999877929688,45.785301208496094,12485900,0.0,0.0,0.20677331518611541,0.042755203873056626
2012-07-10,JNJ,Johnson & Johnson,67.97000122070312,68.0999984741211,67.73999786376953,67.87999725341797,45.852840423583984,12851800,0.0,0.0,0.14740418370365935,0.021727993373342153
2012-07-11,JNJ,Johnson & Johnson,68.02999877929688,68.11000061035156,67.72000122070312,67.9000015258789,45.8663444519043,12026100,0.0,0.0,0.029446464087583182,0.0008670942472613261
2012-07-12,JNJ,Johnson & Johnson,67.62000274658203,68.12000274658203,67.44000244140625,67.70999908447266,45.73801803588867,16484200,0.0,0.0,-0.28017552106819077,0.07849832260583221
2012-07-13,JNJ,Johnson & Johnson,67.79000091552734,68.73999786376953,67.7300033569336,68.61000061035156,46.34596252441406,13238800,0.0,0.0,1.3204323226203927,1.7435415186206848
2012-07-16,JNJ,Johnson & Johnson,68.47000122070312,68.72000122070312,68.36000061035156,68.44999694824219,46.23788070678711,12921500,0.0,0.0,-0.233478894271797,0.05451239407038096
2012-07-17,JNJ,Johnson & Johnson,67.83999633789062,69.18000030517578,67.61000061035156,69.0,46.609405517578125,24201900,0.0,0.0,0.800296505868415,0.6404744973051941
2012-07-18,JNJ,Johnson & Johnson,68.73999786376953,69.45999908447266,68.66000366210938,69.37000274658203,46.85934066772461,15616200,0.0,0.0,0.5348006816181982,0.2860117690592894
2012-07-19,JNJ,Johnson & Johnson,69.25,69.69999694824219,68.9800033569336,69.52999877929688,46.9674072265625,13499500,0.0,0.0,0.23035351655915143,0.05306274259116725
2012-07-20,JNJ,Johnson & Johnson,69.3499984741211,69.36000061035156,68.3499984741211,68.62999725341797,46.35948181152344,13964600,0.0,0.0,-1.30280569703472,1.6973026842261225
2012-07-23,JNJ,Johnson & Johnson,68.13999938964844,68.30999755859375,67.6500015258789,68.11000061035156,46.00821685791016,11771400,0.0,0.0,-0.7605833035212647,0.5784869615953202
2012-07-24,JNJ,Johnson & Johnson,68.0999984741211,68.25,67.0,67.3499984741211,45.49484634399414,12145700,0.0,0.0,-1.122095550627233,1.2590984247374333
2012-07-25,JNJ,Johnson & Johnson,67.66999816894531,68.0199966430664,67.38999938964844,67.52999877929688,45.616416931152344,9882200,0.0,0.0,0.26686197718160043,0.07121531486527302
2012-07-26,JNJ,Johnson & Johnson,68.30000305175781,68.9800033569336,68.20999908447266,68.73999786376953,46.43376541137695,16477200,0.0,0.0,1.7759225267738992,3.1539008211029906
2012-07-27,JNJ,Johnson & Johnson,68.94999694824219,69.68000030517578,68.88999938964844,69.5199966430664,46.96067428588867,14015900,0.0,0.0,1.1283636728933537,1.2732045783053794
2012-07-30,JNJ,Johnson & Johnson,69.37000274658203,69.6500015258789,69.16000366210938,69.44999694824219,46.91338348388672,8379500,0.0,0.0,-0.10075372712333949,0.010151313529244357
2012-07-31,JNJ,Johnson & Johnson,69.25,69.55999755859375,69.0999984741211,69.22000122070312,46.75800704956055,10313900,0.0,0.0,-0.33174820175792824,0.11005686936961906
2012-08-01,JNJ,Johnson & Johnson,69.4800033569336,69.75,69.25,69.37999725341797,46.866092681884766,11681700,0.0,0.0,0.23089285910925963,0.05331151238764842
2012-08-02,JNJ,Johnson & Johnson,68.80999755859375,68.9800033569336,68.0199966430664,68.44999694824219,46.23788070678711,13536000,0.0,0.0,-1.3495052599393587,1.821164446603996
2012-08-03,JNJ,Johnson & Johnson,68.9800033569336,69.31999969482422,68.88999938964844,69.12000274658203,46.69047927856445,10898800,0.0,0.0,0.9740883204445128,0.9488480560264118
2012-08-06,JNJ,Johnson & Johnson,69.18000030517578,69.33999633789062,68.77999877929688,68.83999633789062,46.50132751464844,8723200,0.0,0.0,-0.40594131646299175,0.1647883524117068
2012-08-07,JNJ,Johnson & Johnson,68.80999755859375,68.94000244140625,68.20999908447266,68.29000091552734,46.12979507446289,11268400,0.0,0.0,-0.802180567657669,0.64349366312758
2012-08-08,JNJ,Johnson & Johnson,68.29000091552734,68.55999755859375,68.22000122070312,68.3499984741211,46.17033386230469,6573100,0.0,0.0,0.08784124337732639,0.007716084038074687
2012-08-09,JNJ,Johnson & Johnson,68.33000183105469,68.6500015258789,68.16999816894531,68.31999969482422,46.15006637573242,7764200,0.0,0.0,-0.043906843656674646,0.0019278109198916707
2012-08-10,JNJ,Johnson & Johnson,68.12000274658203,68.70999908447266,68.12000274658203,68.63999938964844,46.366241455078125,7645000,0.0,0.0,0.4673240379732418,0.21839175646761594
2012-08-13,JNJ,Johnson & Johnson,68.38999938964844,68.55000305175781,68.16999816894531,68.45999908447266,46.24464416503906,7199200,0.0,0.0,-0.2625984172393021,0.0689579287365866
2012-08-14,JNJ,Johnson & Johnson,68.73999786376953,68.75,68.5,68.63999938964844,46.366241455078125,8217800,0.0,0.0,0.2625984172393024,0.06895792873658674
2012-08-15,JNJ,Johnson & Johnson,68.51000213623047,68.83999633789062,68.30000305175781,68.3499984741211,46.17033386230469,9349100,0.0,0.0,-0.4234171943165849,0.17928212044292863
2012-08-16,JNJ,Johnson & Johnson,68.44000244140625,68.44999694824219,68.0199966430664,68.19999694824219,46.06900405883789,13518500,0.0,0.0,-0.21971069288396153,0.04827278856755046
2012-08-17,JNJ,Johnson & Johnson,68.12000274658203,68.18000030517578,67.51000213623047,67.80000305175781,45.798805236816406,11999500,0.0,0.0,-0.5882356468791269,0.34602117625930484
2012-08-20,JNJ,Johnson & Johnson,67.80000305175781,67.83999633789062,67.66999816894531,67.69999694824219,45.73125457763672,12645200,0.0,0.0,-0.14760324986316148,0.02178671937016688
2012-08-21,JNJ,Johnson & Johnson,67.69000244140625,68.25,67.62000274658203,67.77999877929688,45.785301208496094,9544900,0.0,0.0,0.11811335485338678,0.013950764594722068
2012-08-22,JNJ,Johnson & Johnson,67.62999725341797,67.93000030517578,67.52999877929688,67.75,45.76502990722656,8230900,0.0,0.0,-0.04428449652507282,0.0019611166324791864
2012-08-23,JNJ,Johnson & Johnson,67.80000305175781,67.94999694824219,67.55999755859375,67.73999786376953,45.758277893066406,9062700,0.0,0.0,-0.014754742446898261,0.00021770242467430127
2012-08-24,JNJ,Johnson & Johnson,67.22000122070312,67.83999633789062,67.1500015258789,67.5999984741211,46.078651428222656,11297500,0.61,0.0,0.6977037171127375,0.4867904768729308
2012-08-27,JNJ,Johnson & Johnson,67.54000091552734,67.95999908447266,67.4800033569336,67.48999786376953,46.00365447998047,8761000,0.0,0.0,-0.162891152833927,0.026533527671565763
2012-08-28,JNJ,Johnson & Johnson,67.30999755859375,67.69999694824219,67.22000122070312,67.51000213623047,46.017303466796875,6750800,0.0,0.0,0.029664952899946632,0.0008800094305560521
2012-08-29,JNJ,Johnson & Johnson,67.27999877929688,67.83000183105469,67.05999755859375,67.37000274658203,45.921871185302734,9609500,0.0,0.0,-0.20759880894988944,0.043097265477412695
2012-08-30,JNJ,Johnson & Johnson,67.2300033569336,67.41000366210938,66.8499984741211,67.20999908447266,45.81282043457031,9672700,0.0,0.0,-0.23775258885247597,0.05652629350605448
2012-08-31,JNJ,Johnson & Johnson,67.44999694824219,67.9000015258789,67.16000366210938,67.43000030517578,45.9627685546875,10151800,0.0,0.0,0.32677154175083123,0.10677964049821524
2012-09-04,JNJ,Johnson & Johnson,67.48999786376953,67.54000091552734,66.97000122070312,67.26000213623047,45.84690856933594,8402700,0.0,0.0,-0.25239179677965,0.06370161908166015
2012-09-05,JNJ,Johnson & Johnson,67.44000244140625,67.87000274658203,67.13999938964844,67.2699966430664,45.85370635986328,9266000,0.0,0.0,0.014826052246320442,0.00021981182521062343
2012-09-06,JNJ,Johnson & Johnson,67.70999908447266,68.22000122070312,67.58999633789062,67.83999633789062,46.24223709106445,13075500,0.0,0.0,0.84375711173079,0.711926063596285
2012-09-07,JNJ,Johnson & Johnson,67.97000122070312,68.01000213623047,67.5199966430664,67.87999725341797,46.26950454711914,8403300,0.0,0.0,0.058949180636881704,0.0034750058977597088
2012-09-10,JNJ,Johnson & Johnson,67.98999786376953,68.47000122070312,67.83000183105469,68.18000030517578,46.473995208740234,11441300,0.0,0.0,0.4409818338641438,0.19446497779818334
2012-09-11,JNJ,Johnson & Johnson,68.36000061035156,68.55000305175781,68.18000030517578,68.19999694824219,46.48762512207031,8821700,0.0,0.0,0.02932374323778822,0.0008598819174757303
2012-09-12,JNJ,Johnson & Johnson,68.37000274658203,68.45999908447266,68.02999877929688,68.1500015258789,46.453556060791016,8230700,0.0,0.0,-0.07331316940812888,0.005374820808665004
2012-09-13,JNJ,Johnson & Johnson,68.01000213623047,69.16999816894531,68.0,68.98999786376953,47.0261344909668,13006300,0.0,0.0,1.2250481094945864,1.5007428705762602
2012-09-14,JNJ,Johnson & Johnson,68.91000366210938,68.91000366210938,68.08000183105469,68.47000122070312,46.67168045043945,13024000,0.0,0.0,-0.7565933775344201,0.5724335389289416
2012-09-17,JNJ,Johnson & Johnson,68.48999786376953,68.69999694824219,68.0,68.25,46.5217170715332,11584100,0.0,0.0,-0.3218329030439765,0.10357641748171358
2012-09-18,JNJ,Johnson & Johnson,68.08000183105469,68.66999816894531,68.06999969482422,68.55000305175781,46.7262077331543,8063100,0.0,0.0,0.43859633307514023,0.19236674338695936
2012-09-19,JNJ,Johnson & Johnson,68.75,68.91999816894531,68.5999984741211,68.5999984741211,46.760292053222656,9911300,0.0,0.0,0.07291816819856689,0.005317059253434492
2012-09-20,JNJ,Johnson & Johnson,68.41000366210938,68.98999786376953,68.33000183105469,68.9000015258789,46.964786529541016,8704000,0.0,0.0,0.4363715750562692,0.19042015151708921
2012-09-21,JNJ,Johnson & Johnson,69.05000305175781,69.36000061035156,68.83999633789062,69.05999755859375,47.07382583618164,19064400,0.0,0.0,0.2319033698276898,0.05377917293743827
2012-09-24,JNJ,Johnson & Johnson,68.87999725341797,69.19999694824219,68.80999755859375,69.0,47.0329475402832,9082100,0.0,0.0,-0.08687642133045503,0.007547512583186742
2012-09-25,JNJ,Johnson & Johnson,69.01000213623047,69.63999938964844,69.01000213623047,69.31999969482422,47.25106430053711,11625400,0.0,0.0,0.46268109535058977,0.21407379599482154
2012-09-26,JNJ,Johnson & Johnson,69.5,69.5,68.95999908447266,69.0,47.0329475402832,9971900,0.0,0.0,-0.4626810953505845,0.21407379599481666
2012-09-27,JNJ,Johnson & Johnson,69.08999633789062,69.3499984741211,68.88999938964844,69.01000213623047,47.039756774902344,8253200,0.0,0.0,0.01447653637812201,0.0002095701055070899
2012-09-28,JNJ,Johnson & Johnson,68.7699966430664,69.04000091552734,68.5,68.91000366210938,46.97159576416016,10293200,0.0,0.0,-0.14500593990967686,0.021026722609088815
2012-10-01,JNJ,Johnson & Johnson,68.91999816894531,69.44999694824219,68.91999816894531,69.12999725341797,47.12155532836914,9647200,0.0,0.0,0.3187473039925262,0.10159984380250392
2012-10-02,JNJ,Johnson & Johnson,69.12000274658203,69.27999877929688,68.63999938964844,68.95999908447266,47.00566864013672,10062700,0.0,0.0,-0.2462342814321502,0.06063132135240735
2012-10-03,JNJ,Johnson & Johnson,69.19000244140625,69.31999969482422,68.7300033569336,69.0,47.0329475402832,8557900,0.0,0.0,0.058016380971192355,0.0033659004609945305
2012-10-04,JNJ,Johnson & Johnson,69.0999984741211,69.5,69.01000213623047,69.2699966430664,47.21697998046875,9395900,0.0,0.0,0.3905205635923857,0.15250631058851455
2012-10-05,JNJ,Johnson & Johnson,69.45999908447266,69.73999786376953,69.31999969482422,69.6500015258789,47.47600936889648,9429900,0.0,0.0,0.5470944286292904,0.2993123138372097
2012-10-08,JNJ,Johnson & Johnson,69.5999984741211,69.6500015258789,69.16999816894531,69.44000244140625,47.33285903930664,6444600,0.0,0.0,-0.3019768947264581,0.09119004494863436
2012-10-09,JNJ,Johnson & Johnson,68.62000274658203,68.97000122070312,68.0999984741211,68.41000366210938,46.63078308105469,15365900,0.0,0.0,-1.494384440417864,2.233184855763012
2012-10-10,JNJ,Johnson & Johnson,68.37999725341797,68.48999786376953,67.9800033569336,68.22000122070312,46.501251220703125,10710100,0.0,0.0,-0.27816839790224224,0.07737765759150016
2012-10-11,JNJ,Johnson & Johnson,68.20999908447266,68.30000305175781,67.86000061035156,67.97000122070312,46.33085250854492,9505500,0.0,0.0,-0.3671120155347172,0.13477123194996243
2012-10-12,JNJ,Johnson & Johnson,68.18000030517578,68.51000213623047,67.80000305175781,67.97000122070312,46.33085250854492,8685500,0.0,0.0,0.0,0.0
2012-10-15,JNJ,Johnson & Johnson,68.18000030517578,68.98999786376953,68.06999969482422,68.5999984741211,46.760292053222656,14868000,0.0,0.0,0.9226282328061346,0.8512428559709709
2012-10-16,JNJ,Johnson & Johnson,69.30000305175781,69.80000305175781,69.0199966430664,69.55000305175781,47.40784454345703,13688800,0.0,0.0,1.3753329329246924,1.8915406763872364
2012-10-17,JNJ,Johnson & Johnson,69.7300033569336,71.18000030517578,69.55000305175781,71.0,48.396202087402344,26522700,0.0,0.0,2.0633629669796356,4.257466733503005
2012-10-18,JNJ,Johnson & Johnson,70.87000274658203,72.73999786376953,70.81999969482422,72.5199966430664,49.43230056762695,33591100,0.0,0.0,2.118272679120795,4.4870791431095896
2012-10-19,JNJ,Johnson & Johnson,72.11000061035156,72.23999786376953,71.7300033569336,71.86000061035156,48.98243713378906,18391000,0.0,0.0,-0.9142260146680865,0.8358092058958924
2012-10-22,JNJ,Johnson & Johnson,71.79000091552734,72.29000091552734,71.33000183105469,71.77999877929688,48.92789077758789,14033400,0.0,0.0,-0.11142105844781107,0.01241465226563053
2012-10-23,JNJ,Johnson & Johnson,71.16999816894531,71.52999877929688,70.52999877929688,70.88999938964844,48.321231842041016,11086000,0.0,0.0,-1.247655071388344,1.556643177161054
2012-10-24,JNJ,Johnson & Johnson,70.98999786376953,71.19999694824219,70.66999816894531,70.73999786376953,48.21897888183594,8572000,0.0,0.0,-0.21183504298557146,0.04487408543669891
2012-10-25,JNJ,Johnson & Johnson,71.01000213623047,71.55999755859375,70.98999786376953,71.13999938964844,48.49164581298828,9672700,0.0,0.0,0.5638835536414997,0.317964662067366
2012-10-26,JNJ,Johnson & Johnson,71.0,71.31999969482422,70.55999755859375,70.9000015258789,48.32805633544922,8965200,0.0,0.0,-0.337926330248322,0.114194204675098
2012-10-31,JNJ,Johnson & Johnson,71.11000061035156,71.25,70.4800033569336,70.81999969482422,48.27353286743164,9950600,0.0,0.0,-0.11288318185496847,0.012742612745701883
2012-11-01,JNJ,Johnson & Johnson,71.0999984741211,71.9000015258789,70.83000183105469,71.5,48.737030029296875,11226000,0.0,0.0,0.955567465814834,0.9131091817237839
2012-11-02,JNJ,Johnson & Johnson,71.69999694824219,71.69999694824219,70.83000183105469,70.9000015258789,48.32805633544922,7946700,0.0,0.0,-0.8426842839598563,0.7101168024329357
2012-11-05,JNJ,Johnson & Johnson,70.86000061035156,71.0,70.47000122070312,70.79000091552734,48.25305938720703,6874500,0.0,0.0,-0.15530357618033105,0.024119200774399892
2012-11-06,JNJ,Johnson & Johnson,71.0,71.62000274658203,70.88999938964844,71.01000213623047,48.403038024902344,7927500,0.0,0.0,0.31033480986370093,0.09630769421313941
2012-11-07,JNJ,Johnson & Johnson,70.69000244140625,70.98999786376953,69.69999694824219,70.33999633789062,47.94633483886719,12719700,0.0,0.0,-0.948021959988766,0.8987456366209415
2012-11-08,JNJ,Johnson & Johnson,70.1500015258789,70.41999816894531,69.6500015258789,69.6500015258789,47.47600936889648,12652100,0.0,0.0,-0.9857843728479224,0.9717708297511717
2012-11-09,JNJ,Johnson & Johnson,69.55999755859375,70.26000213623047,69.43000030517578,69.87000274658203,47.6259651184082,10511700,0.0,0.0,0.3153580661113137,0.09945070986146769
2012-11-12,JNJ,Johnson & Johnson,69.79000091552734,70.05000305175781,69.30999755859375,69.68000030517578,47.49644470214844,9761000,0.0,0.0,-0.27232383314930014,0.07416027010112787
2012-11-13,JNJ,Johnson & Johnson,69.5199966430664,70.11000061035156,69.4000015258789,69.51000213623047,47.380592346191406,8244500,0.0,0.0,-0.24421591807927928,0.059641414643305246
2012-11-14,JNJ,Johnson & Johnson,69.62999725341797,69.76000213623047,69.02999877929688,69.2699966430664,47.21697998046875,10470700,0.0,0.0,-0.34591274351201773,0.11965562612401097
2012-11-15,JNJ,Johnson & Johnson,68.98999786376953,69.19999694824219,68.72000122070312,69.06999969482422,47.08066940307617,11803600,0.0,0.0,-0.28910725395045106,0.0835830042867706
2012-11-16,JNJ,Johnson & Johnson,68.87000274658203,69.2699966430664,68.51000213623047,69.19000244140625,47.162452697753906,14272300,0.0,0.0,0.17355816187732934,0.030122435554237253
2012-11-19,JNJ,Johnson & Johnson,69.54000091552734,69.80999755859375,69.04000091552734,69.25,47.20335388183594,12337400,0.0,0.0,0.08668645588020385,0.007514541633070529
2012-11-20,JNJ,Johnson & Johnson,69.26000213623047,69.70999908447266,69.13999938964844,69.66999816894531,47.4896354675293,9859500,0.0,0.0,0.6046539662117489,0.3656064188555988
2012-11-21,JNJ,Johnson & Johnson,69.62999725341797,69.87999725341797,69.44999694824219,69.58999633789062,47.43510055541992,7639900,0.0,0.0,-0.11490138481098934,0.013202328231483052
2012-11-23,JNJ,Johnson & Johnson,69.08000183105469,69.55999755859375,68.94999694824219,69.55999755859375,47.833953857421875,5450100,0.61,0.0,0.8373246376791932,0.7011125488645922
2012-11-26,JNJ,Johnson & Johnson,69.12000274658203,69.5,68.81999969482422,69.08999633789062,47.51076889038086,9884800,0.0,0.0,-0.6779320249770989,0.4595918304895499
2012-11-27,JNJ,Johnson & Johnson,69.01000213623047,69.1500015258789,68.7300033569336,68.80999755859375,47.31819152832031,8763200,0.0,0.0,-0.40615783605889966,0.16496418779204802
2012-11-28,JNJ,Johnson & Johnson,68.70999908447266,69.37999725341797,68.5999984741211,69.29000091552734,47.64828109741211,9983200,0.0,0.0,0.6951735476889173,0.48326626140639534
2012-11-29,JNJ,Johnson & Johnson,69.47000122070312,69.55999755859375,69.05000305175781,69.22000122070312,47.60016250610352,9853400,0.0,0.0,-0.10103807176619174,0.010208691946230112
2012-11-30,JNJ,Johnson & Johnson,69.38999938964844,69.91999816894531,69.18000030517578,69.7300033569336,47.95085906982422,13480700,0.0,0.0,0.7340541894093245,0.5388355529893805
2012-12-03,JNJ,Johnson & Johnson,69.80000305175781,69.91999816894531,69.36000061035156,69.6500015258789,47.89585876464844,9928900,0.0,0.0,-0.11476722929156077,0.013171516919261685
2012-12-04,JNJ,Johnson & Johnson,69.58000183105469,70.48999786376953,69.44999694824219,69.86000061035156,48.040252685546875,14278100,0.0,0.0,0.30102122704310025,0.09061377913053371
2012-12-05,JNJ,Johnson & Johnson,69.93000030517578,70.29000091552734,69.58000183105469,69.97000122070312,48.11589431762695,11037100,0.0,0.0,0.15733086243682315,0.02475300027511457
2012-12-06,JNJ,Johnson & Johnson,70.33999633789062,70.33999633789062,69.80000305175781,70.05000305175781,48.17091369628906,9459200,0.0,0.0,0.11428229013948682,0.013060441839525847
2012-12-07,JNJ,Johnson & Johnson,70.04000091552734,70.5199966430664,69.86000061035156,70.44999694824219,48.44597625732422,10021300,0.0,0.0,0.5693896880861065,0.3242046168987936
2012-12-10,JNJ,Johnson & Johnson,70.26000213623047,70.80000305175781,70.26000213623047,70.5999984741211,48.54912185668945,9700300,0.0,0.0,0.21268216693685482,0.04523370413295618
2012-12-11,JNJ,Johnson & Johnson,70.93000030517578,71.62000274658203,70.75,71.0999984741211,48.8929443359375,14933700,0.0,0.0,0.7056991288808114,0.4980112605031361
2012-12-12,JNJ,Johnson & Johnson,71.20999908447266,71.37000274658203,70.8499984741211,70.95999908447266,48.79667282104492,11783300,0.0,0.0,-0.19709678236015574,0.038847141616726595
2012-12-13,JNJ,Johnson & Johnson,70.9000015258789,71.0,70.62000274658203,70.75,48.65227127075195,8838900,0.0,0.0,-0.29636371605746326,0.08783145219538871
2012-12-14,JNJ,Johnson & Johnson,70.62000274658203,70.86000061035156,70.48999786376953,70.69000244140625,48.61101531982422,10263600,0.0,0.0,-0.08483355816594981,0.00719673259109559
2012-12-17,JNJ,Johnson & Johnson,70.83999633789062,71.18000030517578,70.77999877929688,70.94000244140625,48.78293228149414,14317200,0.0,0.0,0.3530345456959483,0.12463339045474459
2012-12-18,JNJ,Johnson & Johnson,71.05999755859375,71.0999984741211,70.5,70.94999694824219,48.78980255126953,16352400,0.0,0.0,0.014082355687832946,0.00019831274171864093
2012-12-19,JNJ,Johnson & Johnson,70.91000366210938,71.30999755859375,70.62999725341797,70.62999725341797,48.56974792480469,11865600,0.0,0.0,-0.45204605016222227,0.20434563146726636
2012-12-20,JNJ,Johnson & Johnson,70.73999786376953,70.9000015258789,70.48999786376953,70.75,48.65227127075195,11775800,0.0,0.0,0.1697627069443945,0.028819376669088365
2012-12-21,JNJ,Johnson & Johnson,70.55999755859375,70.75,70.05999755859375,70.2699966430664,48.32219696044922,22142300,0.0,0.0,-0.6807473987866234,0.46341702095475407
2012-12-24,JNJ,Johnson & Johnson,70.31999969482422,70.4000015258789,69.94000244140625,70.0199966430664,48.1502799987793,5006500,0.0,0.0,-0.3564066126855504,0.12702567356598793
2012-12-26,JNJ,Johnson & Johnson,69.94999694824219,70.36000061035156,69.87999725341797,70.16999816894531,48.25343322753906,7737300,0.0,0.0,0.21400268656726457,0.045797149858006876
2012-12-27,JNJ,Johnson & Johnson,70.12999725341797,70.4000015258789,69.80000305175781,70.08999633789062,48.19841384887695,10700400,0.0,0.0,-0.11408674130664678,0.013015784541969746
2012-12-28,JNJ,Johnson & Johnson,69.83999633789062,70.06999969482422,69.41999816894531,69.4800033569336,47.77893829345703,9691100,0.0,0.0,-0.8741191895987248,0.7640843576247314
2012-12-31,JNJ,Johnson & Johnson,69.23999786376953,70.11000061035156,69.18000030517578,70.0999984741211,48.20528030395508,12770000,0.0,0.0,0.8883644011542973,0.7891913092382332
2013-01-02,JNJ,Johnson & Johnson,71.0199966430664,71.0199966430664,70.30000305175781,70.83999633789062,48.71416473388672,12874200,0.0,0.0,1.0501279825526635,1.102768779740127
2013-01-03,JNJ,Johnson & Johnson,70.9800033569336,71.0,70.44999694824219,70.73999786376953,48.6453857421875,9598300,0.0,0.0,-0.14128866208720342,0.019962486034391953
2013-01-04,JNJ,Johnson & Johnson,71.23999786376953,71.7300033569336,71.01000213623047,71.55000305175781,49.2024040222168,11631800,0.0,0.0,1.13855264090744,1.296302116117306
2013-01-07,JNJ,Johnson & Johnson,71.5,71.52999877929688,71.19000244140625,71.4000015258789,49.09923553466797,7548800,0.0,0.0,-0.20990194241500118,0.04405882542959047
2013-01-08,JNJ,Johnson & Johnson,71.30999755859375,71.6500015258789,71.25,71.41000366210938,49.106143951416016,9825300,0.0,0.0,0.014069324502569562,0.00019794589195860424
2013-01-09,JNJ,Johnson & Johnson,71.63999938964844,71.8499984741211,71.5,71.7300033569336,49.32618713378906,7672800,0.0,0.0,0.44709608416848445,0.19989490847879254
2013-01-10,JNJ,Johnson & Johnson,71.80999755859375,72.37999725341797,71.73999786376953,72.19000244140625,49.642520904541016,11888500,0.0,0.0,0.6392623573377767,0.4086563615090513
2013-01-11,JNJ,Johnson & Johnson,72.19000244140625,72.58000183105469,72.16000366210938,72.3499984741211,49.75252914428711,7766700,0.0,0.0,0.22135566028799952,0.04899832834153625
2013-01-14,JNJ,Johnson & Johnson,72.5999984741211,72.79000091552734,72.37000274658203,72.55999755859375,49.896949768066406,7386000,0.0,0.0,0.28985746131523044,0.08401734788011031
2013-01-15,JNJ,Johnson & Johnson,72.25,72.44000244140625,72.0,72.37000274658203,49.76629638671875,7795100,0.0,0.0,-0.26218984677896345,0.06874351575397633
2013-01-16,JNJ,Johnson & Johnson,72.26000213623047,72.81999969482422,72.25,72.58000183105469,49.91069412231445,8779900,0.0,0.0,0.28973153356604897,0.08394436154253457
2013-01-17,JNJ,Johnson & Johnson,72.87999725341797,73.01000213623047,72.37000274658203,72.9000015258789,50.13076400756836,10570100,0.0,0.0,0.43995808207136666,0.1935631139799154
2013-01-18,JNJ,Johnson & Johnson,72.9000015258789,73.2300033569336,72.79000091552734,73.2300033569336,50.35768127441406,13558600,0.0,0.0,0.45162934287552114,0.20396906334617504
2013-01-22,JNJ,Johnson & Johnson,72.91999816894531,73.20999908447266,72.41999816894531,72.69000244140625,49.986351013183594,11469800,0.0,0.0,-0.7401176687963529,0.5477741636645479
2013-01-23,JNJ,Johnson & Johnson,72.5199966430664,72.91000366210938,72.47000122070312,72.8499984741211,50.09636688232422,10155100,0.0,0.0,0.21984997163656322,0.048334010028597656
2013-01-24,JNJ,Johnson & Johnson,72.95999908447266,73.2300033569336,72.83999633789062,73.0999984741211,50.26829147338867,9369700,0.0,0.0,0.3426001982065789,0.11737489581118714
2013-01-25,JNJ,Johnson & Johnson,73.12999725341797,73.93000030517578,73.05999755859375,73.91999816894531,50.83217239379883,10421500,0.0,0.0,1.115497883928581,1.2443355290491418
2013-01-28,JNJ,Johnson & Johnson,73.95999908447266,74.0,73.43000030517578,73.62000274658203,50.625885009765625,9420900,0.0,0.0,-0.40664620155016284,0.16536113323517565
2013-01-29,JNJ,Johnson & Johnson,73.66999816894531,74.62000274658203,73.63999938964844,74.41000366210938,51.16912460327149,12386500,0.0,0.0,1.0673308106032615,1.1391950592630153
2013-01-30,JNJ,Johnson & Johnson,74.44999694824219,74.80000305175781,74.01000213623047,74.08999633789062,50.949066162109375,9245500,0.0,0.0,-0.430988406955964,0.18575100693043967
2013-01-31,JNJ,Johnson & Johnson,74.08000183105469,74.36000061035156,73.77999877929688,73.91999816894531,50.83217239379883,10448700,0.0,0.0,-0.22969620209713013,0.05276034525784565
2013-02-01,JNJ,Johnson & Johnson,74.13999938964844,74.41999816894531,74.08000183105469,74.18000030517578,51.010955810546875,10016300,0.0,0.0,0.3510960504713003,0.12326843665654587
2013-02-04,JNJ,Johnson & Johnson,73.55999755859375,74.25,73.55999755859375,74.11000061035156,50.96284103393555,9200700,0.0,0.0,-0.09436694851183117,0.008905120971434595
2013-02-05,JNJ,Johnson & Johnson,74.48999786376953,74.81999969482422,74.47000122070312,74.66000366210938,51.341041564941406,10230800,0.0,0.0,0.7393702845203524,0.5466684176317068
2013-02-06,JNJ,Johnson & Johnson,74.56999969482422,75.38999938964844,74.5199966430664,75.38999938964844,51.843040466308594,12084000,0.0,0.0,0.9730238465994148,0.9467754060511214
2013-02-07,JNJ,Johnson & Johnson,74.81999969482422,75.19999694824219,74.68000030517578,75.05999755859375,51.61610412597656,9798200,0.0,0.0,-0.4386982034057045,0.19245611367139287
2013-02-08,JNJ,Johnson & Johnson,75.16999816894531,75.61000061035156,74.7300033569336,75.4800033569336,51.9049186706543,8153300,0.0,0.0,0.5579838494997268,0.31134597630253374
2013-02-11,JNJ,Johnson & Johnson,75.27999877929688,75.5,75.05000305175781,75.41000366210938,51.85679244995117,5697100,0.0,0.0,-0.0927629732285833,0.008604969202206863
2013-02-12,JNJ,Johnson & Johnson,75.41999816894531,75.86000061035156,75.41999816894531,75.80000305175781,52.124969482421875,7598900,0.0,0.0,0.5158166626437795,0.2660668294609666
2013-02-13,JNJ,Johnson & Johnson,75.79000091552734,75.87000274658203,75.37000274658203,75.66000366210938,52.028709411621094,8014800,0.0,0.0,-0.18484243519835353,0.034166725850057526
2013-02-14,JNJ,Johnson & Johnson,75.5,76.08999633789062,75.37999725341797,75.80999755859375,52.13186264038086,9681800,0.0,0.0,0.1980658524625732,0.03923008191172581
2013-02-15,JNJ,Johnson & Johnson,75.72000122070312,76.16000366210938,75.51000213623047,76.16000366210938,52.37253952026367,10528400,0.0,0.0,0.4606070183092459,0.21215882531573396
2013-02-19,JNJ,Johnson & Johnson,76.02999877929688,77.0,75.95999908447266,76.95999908447266,52.92267227172851,9747400,0.0,0.0,1.044943540878601,1.0919070036239085
2013-02-20,JNJ,Johnson & Johnson,76.79000091552734,76.97000122070312,76.54000091552734,76.6500015258789,52.70948791503906,7857500,0.0,0.0,-0.4036358732968073,0.16292191821207627
2013-02-21,JNJ,Johnson & Johnson,76.47000122070312,77.0199966430664,76.37999725341797,76.87000274658203,52.86078643798828,9465700,0.0,0.0,0.2866311136580709,0.08215739531686597
2013-02-22,JNJ,Johnson & Johnson,76.38999938964844,76.48999786376953,75.97000122070312,76.25,52.85384750366211,8571500,0.61,0.0,-0.013127670365802787,0.00017233572923317666
2013-02-25,JNJ,Johnson & Johnson,76.47000122070312,76.66000366210938,75.56999969482422,75.56999969482422,52.38249206542969,10603300,0.0,0.0,-0.8958095506715275,0.8024747510743239
2013-02-26,JNJ,Johnson & Johnson,75.87999725341797,76.33999633789062,75.5,75.75,52.50728225708008,10742100,0.0,0.0,0.23794550295216801,0.0566180623751602
2013-02-27,JNJ,Johnson & Johnson,75.68000030517578,76.44999694824219,75.5999984741211,76.31999969482422,52.90236282348633,8180300,0.0,0.0,0.7496134080216489,0.5619202614858311
2013-02-28,JNJ,Johnson & Johnson,76.2300033569336,76.48999786376953,76.11000061035156,76.11000061035156,52.75680160522461,11806300,0.0,0.0,-0.27552992896834305,0.07591674175730016
2013-03-01,JNJ,Johnson & Johnson,75.79000091552734,76.7699966430664,75.7300033569336,76.69999694824219,53.165771484375,9528300,0.0,0.0,0.7722091703074154,0.5963070027068669
2013-03-04,JNJ,Johnson & Johnson,76.7300033569336,77.27999877929688,76.7300033569336,77.19999694824219,53.512351989746094,12628000,0.0,0.0,0.6497709436117716,0.42220227916213204
2013-03-05,JNJ,Johnson & Johnson,77.55999755859375,77.70999908447266,77.44000244140625,77.66000366210938,53.83120346069336,9399400,0.0,0.0,0.5940783447595535,0.35292907971225085
2013-03-06,JNJ,Johnson & Johnson,77.69000244140625,77.73999786376953,77.22000122070312,77.38999938964844,53.644065856933594,8535200,0.0,0.0,-0.3482434499982958,0.12127350046671556
2013-03-07,JNJ,Johnson & Johnson,77.62000274658203,77.95999908447266,77.58999633789062,77.75,53.89359664916992,7996500,0.0,0.0,0.46408157713293263,0.2153717102341901
2013-03-08,JNJ,Johnson & Johnson,77.83999633789062,78.22000122070312,77.69999694824219,78.19000244140625,54.198604583740234,8554100,0.0,0.0,0.5643492141107128,0.3184900354673792
2013-03-11,JNJ,Johnson & Johnson,77.91999816894531,78.5199966430664,77.83999633789062,78.44000244140625,54.37188720703125,8807600,0.0,0.0,0.3192078576222882,0.10189365636781102
2013-03-12,JNJ,Johnson & Johnson,78.5,78.69000244140625,78.20999908447266,78.55999755859375,54.45505905151367,8790500,0.0,0.0,0.1528515933509895,0.023363609589936257
2013-03-13,JNJ,Johnson & Johnson,78.5199966430664,78.66999816894531,78.19999694824219,78.55000305175781,54.44813919067383,7983400,0.0,0.0,-0.012708278472716564,0.00016150034174011125
2013-03-14,JNJ,Johnson & Johnson,78.66999816894531,79.0999984741211,78.48999786376953,79.0999984741211,54.82938766479492,10130400,0.0,0.0,0.6977647315578739,0.4868756206060318
2013-03-15,JNJ,Johnson & Johnson,78.62000274658203,79.23999786376953,78.62000274658203,79.19000244140625,54.8917350769043,18296500,0.0,0.0,0.1136470667851741,0.012915655788873822
2013-03-18,JNJ,Johnson & Johnson,78.72000122070312,79.19000244140625,78.69999694824219,78.80999755859375,54.62833023071289,8005400,0.0,0.0,-0.4810175255741744,0.2313778599095015
2013-03-19,JNJ,Johnson & Johnson,78.9800033569336,79.08999633789062,78.5,78.86000061035156,54.66300964355469,7095800,0.0,0.0,0.06346232747371752,0.004027467008381361
2013-03-20,JNJ,Johnson & Johnson,79.18000030517578,79.61000061035156,79.16999816894531,79.44999694824219,55.07197570800781,8000800,0.0,0.0,0.7453738779723134,0.5555822179634851
2013-03-21,JNJ,Johnson & Johnson,79.12000274658203,79.5,78.7699966430664,79.01000213623047,54.76697540283203,8436300,0.0,0.0,-0.5553605274011136,0.3084253153952431
2013-03-22,JNJ,Johnson & Johnson,79.11000061035156,79.73999786376953,79.0199966430664,79.73999786376953,55.27299880981445,6873100,0.0,0.0,0.9197148173424454,0.8458753452392478
2013-03-25,JNJ,Johnson & Johnson,79.83000183105469,79.94000244140625,79.47000122070312,79.68000030517578,55.23139953613281,9616600,0.0,0.0,-0.0752898097620895,0.005668555454011627
2013-03-26,JNJ,Johnson & Johnson,79.93000030517578,80.87999725341797,79.8499984741211,80.8499984741211,56.04240036010742,12682900,0.0,0.0,1.4576929794190168,2.12486882224749
2013-03-27,JNJ,Johnson & Johnson,80.55999755859375,81.3499984741211,80.2699966430664,81.2699966430664,56.33354949951172,10703400,0.0,0.0,0.5181709987177503,0.2685011839121508
2013-03-28,JNJ,Johnson & Johnson,81.37000274658203,81.58999633789062,80.94999694824219,81.52999877929688,56.51375579833984,11332100,0.0,0.0,0.31938104597923533,0.10200425253079043
2013-04-01,JNJ,Johnson & Johnson,81.38999938964844,81.95999908447266,81.27999877929688,81.93000030517578,56.79103469848633,7376800,0.0,0.0,0.4894399476876782,0.23955146239251715
2013-04-02,JNJ,Johnson & Johnson,82.0,82.69000244140625,81.9000015258789,82.69000244140625,57.31783676147461,10342200,0.0,0.0,0.923338911291921,0.85255474510575
2013-04-03,JNJ,Johnson & Johnson,82.73999786376953,82.94999694824219,81.56999969482422,82.06999969482422,56.888057708740234,12254000,0.0,0.0,-0.7526425558626579,0.5664708168954742
2013-04-04,JNJ,Johnson & Johnson,82.19999694824219,82.72000122070312,81.93000030517578,82.41000366210938,57.12375259399414,10303000,0.0,0.0,0.4134575538961824,0.17094714887381457
2013-04-05,JNJ,Johnson & Johnson,81.79000091552734,82.11000061035156,81.62000274658203,82.04000091552734,56.86726760864258,8581400,0.0,0.0,-0.45000986522072683,0.20250887879597673
2013-04-08,JNJ,Johnson & Johnson,81.2699966430664,81.38999938964844,80.30999755859375,81.11000061035156,56.2226448059082,15828500,0.0,0.0,-1.1400305661137637,1.2996696916736687
2013-04-09,JNJ,Johnson & Johnson,81.26000213623047,81.75,81.23999786376953,81.5199966430664,56.5068244934082,9111000,0.0,0.0,0.504181011850466,0.2541984927105598
2013-04-10,JNJ,Johnson & Johnson,81.83000183105469,82.19999694824219,81.73999786376953,82.0199966430664,56.853416442871094,7583200,0.0,0.0,0.6114895779660825,0.3739195039611377
2013-04-11,JNJ,Johnson & Johnson,82.13999938964844,82.95999908447266,82.08000183105469,82.31999969482422,57.06136703491211,9882700,0.0,0.0,0.36509892164288,0.13329722258479382
2013-04-12,JNJ,Johnson & Johnson,82.25,82.73999786376953,82.16999816894531,82.73999786376953,57.35249328613281,6987000,0.0,0.0,0.5089014192932414,0.25898065455867547
2013-04-15,JNJ,Johnson & Johnson,82.72000122070312,83.08999633789062,81.70999908447266,81.70999908447266,56.63851165771485,12385800,0.0,0.0,-1.252714573054466,1.569293801543033
2013-04-16,JNJ,Johnson & Johnson,82.33000183105469,83.54000091552734,82.06999969482422,83.44000244140625,57.83771896362305,12620000,0.0,0.0,2.0951968257114832,4.389849738471476
2013-04-17,JNJ,Johnson & Johnson,83.36000061035156,84.43000030517578,83.29000091552734,83.9000015258789,58.15657043457031,13693300,0.0,0.0,0.5497723650144521,0.302249653333584
2013-04-18,JNJ,Johnson & Johnson,83.95999908447266,84.30000305175781,83.02999877929688,83.18000030517578,57.65748596191406,9921500,0.0,0.0,-0.8618773534918328,0.7428325724620858
2013-04-19,JNJ,Johnson & Johnson,83.51000213623047,84.56999969482422,83.47000122070312,84.48999786376953,58.565528869628906,10787600,0.0,0.0,1.562618877073979,2.4417777549879434
2013-04-22,JNJ,Johnson & Johnson,84.58999633789062,84.93000030517578,84.19999694824219,84.83000183105469,58.80118942260742,6989900,0.0,0.0,0.401580402194672,0.16126681942683452
2013-04-23,JNJ,Johnson & Johnson,84.98999786376953,85.68000030517578,84.0,85.44999694824219,59.23097229003906,8982100,0.0,0.0,0.7282502678074227,0.5303484525615829
2013-04-24,JNJ,Johnson & Johnson,85.68000030517578,85.73999786376953,84.27999877929688,84.38999938964844,58.49619674682617,9480600,0.0,0.0,-1.2482846404087111,1.5582145434803052
2013-04-25,JNJ,Johnson & Johnson,84.54000091552734,85.44000244140625,84.33999633789062,85.22000122070312,59.07154846191406,8689400,0.0,0.0,0.9787655741759329,0.9579820491919436
2013-04-26,JNJ,Johnson & Johnson,85.30000305175781,85.48999786376953,84.80999755859375,85.12000274658203,59.00225067138672,6784700,0.0,0.0,-0.11738048405768911,0.013778178037617408
2013-04-29,JNJ,Johnson & Johnson,85.0199966430664,85.88999938964844,84.91000366210938,85.58000183105469,59.32106399536133,8038000,0.0,0.0,0.5388863494847311,0.2903984976609798
2013-04-30,JNJ,Johnson & Johnson,85.38999938964844,85.69999694824219,84.88999938964844,85.2300033569336,59.07849884033203,12099600,0.0,0.0,-0.4097405236693589,0.16788729673684047
2013-05-01,JNJ,Johnson & Johnson,84.5,85.12999725341797,83.87999725341797,84.2300033569336,58.385292053222656,12312100,0.0,0.0,-1.1803038697627406,1.3931172249769006
2013-05-02,JNJ,Johnson & Johnson,84.44000244140625,85.20999908447266,84.16999816894531,85.16000366210938,59.02995681762695,8668900,0.0,0.0,1.0981048008343588,1.2058341536154669
2013-05-03,JNJ,Johnson & Johnson,85.58000183105469,85.98999786376953,85.44999694824219,85.75,59.43889617919922,9213800,0.0,0.0,0.6903772180917658,0.4766207032601255
2013-05-06,JNJ,Johnson & Johnson,85.77999877929688,85.77999877929688,84.55000305175781,84.68000030517578,58.697227478027344,8815600,0.0,0.0,-1.2556336242867117,1.576615798439383
2013-05-07,JNJ,Johnson & Johnson,84.87000274658203,85.56999969482422,84.62999725341797,85.52999877929688,59.286415100097656,9061800,0.0,0.0,0.9987698413301592,0.9975411959506715
2013-05-08,JNJ,Johnson & Johnson,85.4800033569336,85.5999984741211,84.93000030517578,85.45999908447266,59.23790740966797,8044600,0.0,0.0,-0.08185272374618716,0.006699868384669631
2013-05-09,JNJ,Johnson & Johnson,85.44999694824219,85.69000244140625,84.95999908447266,85.1500015258789,59.02301788330078,8342000,0.0,0.0,-0.3634163394903067,0.13207143580853387
2013-05-10,JNJ,Johnson & Johnson,85.29000091552734,85.76000213623047,85.18000030517578,85.76000213623047,59.44585418701172,7594800,0.0,0.0,0.713838313545261,0.5095651378851422
2013-05-13,JNJ,Johnson & Johnson,85.55999755859375,86.06999969482422,85.44000244140625,85.8499984741211,59.50824737548828,6631500,0.0,0.0,0.10490297245540679,0.011004633629979835
2013-05-14,JNJ,Johnson & Johnson,85.76000213623047,87.08000183105469,85.76000213623047,86.97000122070312,60.28458404541016,10360700,0.0,0.0,1.2961502444372293,1.680005456154689
2013-05-15,JNJ,Johnson & Johnson,86.94000244140625,87.87999725341797,86.94000244140625,87.63999938964844,60.74899673461914,13444400,0.0,0.0,0.7674150684779781,0.5889258873270599
2013-05-16,JNJ,Johnson & Johnson,87.33000183105469,87.7699966430664,87.05999755859375,87.44999694824219,60.61729431152344,9441900,0.0,0.0,-0.2170330388402343,0.04710333994822666
2013-05-17,JNJ,Johnson & Johnson,87.47000122070312,88.19999694824219,87.41000366210938,88.08999633789062,61.060935974121094,11437700,0.0,0.0,0.729207891041686,0.5317441483574634
2013-05-20,JNJ,Johnson & Johnson,88.0999984741211,88.19999694824219,87.80999755859375,88.01000213623047,61.00545120239258,7235800,0.0,0.0,-0.0909091795590778,0.00826447892810465
2013-05-21,JNJ,Johnson & Johnson,87.94000244140625,88.63999938964844,87.79000091552734,88.58999633789062,61.407501220703125,10099600,0.0,0.0,0.6568773255038435,0.43148782076108233
2013-05-22,JNJ,Johnson & Johnson,88.69999694824219,89.98999786376953,88.19999694824219,88.45999908447266,61.3173942565918,13825900,0.0,0.0,-0.1468438493305673,0.02156311608621835
2013-05-23,JNJ,Johnson & Johnson,87.11000061035156,87.97000122070312,87.0,87.20999908447266,60.90535736083984,14446900,0.66,0.0,-0.6742418268909713,0.45460204112927455
2013-05-24,JNJ,Johnson & Johnson,86.80000305175781,87.02999877929688,86.48999786376953,86.81999969482422,60.63299179077149,10390100,0.0,0.0,-0.4481976724416689,0.20088115358212955
2013-05-28,JNJ,Johnson & Johnson,87.54000091552734,88.29000091552734,87.2699966430664,87.61000061035156,61.1847038269043,8380200,0.0,0.0,0.90580568871773,0.8204839457134012
2013-05-29,JNJ,Johnson & Johnson,87.08000183105469,87.16000366210938,85.13999938964844,85.6500015258789,59.815879821777344,11872100,0.0,0.0,-2.262604624594057,5.119379687234414
2013-05-30,JNJ,Johnson & Johnson,85.70999908447266,86.30999755859375,85.68000030517578,85.98999786376953,60.05332946777344,7801200,0.0,0.0,0.39618173505509685,0.15695996719126695
2013-05-31,JNJ,Johnson & Johnson,85.68000030517578,85.98999786376953,84.18000030517578,84.18000030517578,58.78925704956055,13302700,0.0,0.0,-2.127385694088706,4.525769891413285
2013-06-03,JNJ,Johnson & Johnson,84.27999877929688,84.70999908447266,83.37000274658203,84.70999908447266,59.1594123840332,11768500,0.0,0.0,0.6276570163085121,0.39395333012130385
2013-06-04,JNJ,Johnson & Johnson,84.72000122070312,85.02999877929688,83.55999755859375,84.0999984741211,58.7334098815918,9972000,0.0,0.0,-0.7226976984694126,0.522291963372986
2013-06-05,JNJ,Johnson & Johnson,83.91000366210938,85.0,83.4800033569336,83.68000030517578,58.44009017944336,9839100,0.0,0.0,-0.5006598159003192,0.2506602512573415
2013-06-06,JNJ,Johnson & Johnson,83.58999633789062,84.45999908447266,82.6500015258789,84.45999908447266,58.984806060791016,10671000,0.0,0.0,0.927775635431312,0.8607676296999748
2013-06-07,JNJ,Johnson & Johnson,84.95999908447266,85.18000030517578,84.4000015258789,84.91000366210938,59.299076080322266,8907700,0.0,0.0,0.5313839102043307,0.2823688600240442
2013-06-10,JNJ,Johnson & Johnson,85.01000213623047,85.70999908447266,84.7300033569336,85.13999938964844,59.45972442626953,8477100,0.0,0.0,0.27054575029518524,0.07319500300278473
2013-06-11,JNJ,Johnson & Johnson,84.76000213623047,85.0199966430664,84.12999725341797,84.69000244140625,59.145450592041016,8967000,0.0,0.0,-0.5299508553583695,0.28084790909506746
2013-06-12,JNJ,Johnson & Johnson,85.18000030517578,85.5,83.69999694824219,83.73999786376953,58.48196792602539,8413200,0.0,0.0,-1.1281208257501518,1.2726565974912045
2013-06-13,JNJ,Johnson & Johnson,83.5999984741211,84.95999908447266,83.08000183105469,84.91000366210938,59.299076080322266,8570000,0.0,0.0,1.387525930813343,1.925228208679434
2013-06-14,JNJ,Johnson & Johnson,84.70999908447266,85.4800033569336,84.66000366210938,84.91000366210938,59.299076080322266,6357100,0.0,0.0,0.0,0.0
2013-06-17,JNJ,Johnson & Johnson,85.37000274658203,86.4000015258789,84.9800033569336,85.62999725341797,59.80192184448242,8429100,0.0,0.0,0.8444072858485449,0.7130236643941061
2013-06-18,JNJ,Johnson & Johnson,85.75,86.44000244140625,85.62999725341797,86.36000061035156,60.31170654296875,7233600,0.0,0.0,0.848842494064331,0.7205335797293538
2013-06-19,JNJ,Johnson & Johnson,86.43000030517578,86.5,84.80000305175781,84.86000061035156,59.26417541503906,8288400,0.0,0.0,-1.7521224337091663,3.0699330227069317
2013-06-20,JNJ,Johnson & Johnson,84.20999908447266,84.44999694824219,82.12000274658203,82.62000274658203,57.69979095458984,15172600,0.0,0.0,-2.6751448374549036,7.156399901361623
2013-06-21,JNJ,Johnson & Johnson,83.0,84.31999969482422,82.5,83.19999694824219,58.10487747192383,20715800,0.0,0.0,0.6996059400337208,0.48944847133046615
2013-06-24,JNJ,Johnson & Johnson,82.91999816894531,85.30999755859375,82.80999755859375,84.61000061035156,59.089595794677734,14777500,0.0,0.0,1.680525489407237,2.8241659205474337
2013-06-25,JNJ,Johnson & Johnson,85.16000366210938,85.58999633789062,84.54000091552734,85.3499984741211,59.60639190673828,11239400,0.0,0.0,0.870795024694855,0.7582839750333132
2013-06-26,JNJ,Johnson & Johnson,85.94999694824219,87.31999969482422,85.94000244140625,86.98999786376953,60.75171661376953,11966500,0.0,0.0,1.9032523760082805,3.622369606781165
2013-06-27,JNJ,Johnson & Johnson,87.52999877929688,87.81999969482422,86.48999786376953,86.70999908447266,60.55615234375,8890300,0.0,0.0,-0.32242663418659956,0.10395893443289929
2013-06-28,JNJ,Johnson & Johnson,86.72000122070312,87.37999725341797,85.8499984741211,85.86000061035156,59.962547302246094,11896300,0.0,0.0,-0.9850916804672954,0.9704056189258801
2013-07-01,JNJ,Johnson & Johnson,85.72000122070312,87.63999938964844,85.5,86.62999725341797,60.50029373168945,9905200,0.0,0.0,0.8928064402577818,0.7971033397657721
2013-07-02,JNJ,Johnson & Johnson,86.6500015258789,87.19999694824219,86.20999908447266,86.56999969482422,60.45840072631836,8572100,0.0,0.0,-0.0692682857298729,0.004798095407955313
2013-07-03,JNJ,Johnson & Johnson,86.54000091552734,87.04000091552734,86.0999984741211,86.77999877929688,60.60507583618164,3599900,0.0,0.0,0.24231120036293124,0.05871471782132461
2013-07-05,JNJ,Johnson & Johnson,87.58000183105469,87.87999725341797,86.91999816894531,87.87000274658203,61.36629486083984,5403600,0.0,0.0,1.2482091553259798,1.558026095439596
2013-07-08,JNJ,Johnson & Johnson,88.08999633789062,88.98999786376953,87.97000122070312,88.58999633789062,61.8691291809082,12051400,0.0,0.0,0.8160593668716583,0.6659528902589718
2013-07-09,JNJ,Johnson & Johnson,88.6500015258789,89.08000183105469,88.36000061035156,88.87999725341797,62.07162857055664,9348600,0.0,0.0,0.32676832626927066,0.10677753905282052
2013-07-10,JNJ,Johnson & Johnson,88.87999725341797,89.4800033569336,88.80999755859375,89.23999786376953,62.32306289672851,7067100,0.0,0.0,0.40425305231076325,0.1634205303025687
2013-07-11,JNJ,Johnson & Johnson,89.80999755859375,89.93000030517578,89.0,89.66999816894531,62.62336730957031,8941300,0.0,0.0,0.4806939911747752,0.23106671315153485
2013-07-12,JNJ,Johnson & Johnson,89.69000244140625,89.98999786376953,89.37999725341797,89.98999786376953,62.84682083129883,7590600,0.0,0.0,0.35618621647597953,0.12686862080747335
2013-07-15,JNJ,Johnson & Johnson,89.91000366210938,90.80999755859376,89.76000213623047,90.4000015258789,63.133182525634766,13343200,0.0,0.0,0.4546153038636969,0.20667507450708147
2013-07-16,JNJ,Johnson & Johnson,91.04000091552734,91.66000366210938,90.12999725341795,90.4000015258789,63.133182525634766,11409200,0.0,0.0,0.0,0.0
2013-07-17,JNJ,Johnson & Johnson,90.58000183105467,90.97000122070312,89.87999725341797,90.12999725341795,62.94461441040039,12832200,0.0,0.0,-0.2991299981820344,0.0894787558123839
2013-07-18,JNJ,Johnson & Johnson,90.33000183105467,90.9499969482422,90.05999755859375,90.16999816894533,62.97256088256836,8329300,0.0,0.0,0.044388658754170064,0.001970353025994159
2013-07-19,JNJ,Johnson & Johnson,90.23999786376952,92.2699966430664,90.05000305175781,92.2300033569336,64.41117858886719,12506300,0.0,0.0,2.2588108650185266,5.1022265239257445
2013-07-22,JNJ,Johnson & Johnson,92.08000183105467,92.55999755859376,91.61000061035156,92.27999877929688,64.44612121582031,9916200,0.0,0.0,0.05423461125227178,0.002941393057685045
2013-07-23,JNJ,Johnson & Johnson,92.38999938964844,92.86000061035156,92.11000061035156,92.41999816894533,64.54390716552734,8467700,0.0,0.0,0.15161787258537557,0.02298797928731518
2013-07-24,JNJ,Johnson & Johnson,92.6500015258789,92.66000366210938,91.75,92.36000061035156,64.50198364257812,6846300,0.0,0.0,-0.06497459804662117,0.004221698391319988
2013-07-25,JNJ,Johnson & Johnson,92.0,92.75,91.75,92.56999969482422,64.64863586425781,7368000,0.0,0.0,0.22710271970877352,0.05157564529912175
2013-07-26,JNJ,Johnson & Johnson,92.31999969482422,92.93000030517578,91.6500015258789,92.83000183105467,64.83023071289062,8663700,0.0,0.0,0.2805013242709901,0.07868099291777915
2013-07-29,JNJ,Johnson & Johnson,92.62999725341795,93.38999938964844,92.61000061035156,93.20999908447266,65.09561157226562,7925000,0.0,0.0,0.40851184609298197,0.1668819283982962
2013-07-30,JNJ,Johnson & Johnson,93.47000122070312,93.97000122070312,93.0199966430664,93.16999816894533,65.06766510009766,8863000,0.0,0.0,-0.042940640880961195,0.0018438986392676758
2013-07-31,JNJ,Johnson & Johnson,93.2300033569336,94.41999816894533,93.19000244140624,93.5,65.29812622070312,11365700,0.0,0.0,0.35356109658006907,0.12500544901490093
2013-08-01,JNJ,Johnson & Johnson,94.16000366210938,94.4000015258789,93.6999969482422,93.7699966430664,65.48668670654297,11098600,0.0,0.0,0.28835246581257995,0.08314714454019509
2013-08-02,JNJ,Johnson & Johnson,93.55999755859376,94.38999938964844,93.4499969482422,94.38999938964844,65.91969299316406,8503100,0.0,0.0,0.6590362733306382,0.43432880956553566
2013-08-05,JNJ,Johnson & Johnson,94.0500030517578,94.3000030517578,93.43000030517578,93.8000030517578,65.50763702392578,7192400,0.0,0.0,-0.6270496696904081,0.3931912882588499
2013-08-06,JNJ,Johnson & Johnson,93.87999725341795,93.94000244140624,93.5,93.80999755859376,65.5146255493164,6415000,0.0,0.0,0.010667691520503123,0.00011379964237661424
2013-08-07,JNJ,Johnson & Johnson,93.5999984741211,94.02999877929688,93.47000122070312,93.66000366210938,65.40988159179688,9056900,0.0,0.0,-0.16000668194821588,0.02560213826807751
2013-08-08,JNJ,Johnson & Johnson,94.2699966430664,94.37000274658205,92.70999908447266,93.33999633789062,65.18638610839844,11090000,0.0,0.0,-0.3422696613293382,0.11714852106649988
2013-08-09,JNJ,Johnson & Johnson,93.38999938964844,93.38999938964844,91.77999877929688,92.36000061035156,64.50198364257812,12135800,0.0,0.0,-1.0554667634676305,1.114010088784835
2013-08-12,JNJ,Johnson & Johnson,92.08000183105467,92.7699966430664,91.75,92.0,64.25057983398438,11012300,0.0,0.0,-0.3905229089265208,0.15250814239643165
2013-08-13,JNJ,Johnson & Johnson,91.88999938964844,93.3499984741211,91.76000213623048,93.01000213623048,64.95594787597656,10099800,0.0,0.0,1.0918566763208026,1.19215100162631
2013-08-14,JNJ,Johnson & Johnson,92.79000091552734,92.9499969482422,90.51000213623048,90.6999969482422,63.34269332885742,12716800,0.0,0.0,-2.514975317565814,6.325100847965266
2013-08-15,JNJ,Johnson & Johnson,90.31999969482422,90.41000366210938,89.08999633789062,89.55000305175781,62.539554595947266,12010700,0.0,0.0,-1.2760331878099476,1.6282606963924169
2013-08-16,JNJ,Johnson & Johnson,89.12999725341797,89.80000305175781,88.7699966430664,89.37000274658203,62.41385269165039,14100700,0.0,0.0,-0.20119810964690865,0.040480679325489474
2013-08-19,JNJ,Johnson & Johnson,89.47000122070312,91.25,89.3499984741211,90.4499969482422,63.1680793762207,8687000,0.0,0.0,1.2011851398291868,1.4428457401464632
2013-08-20,JNJ,Johnson & Johnson,90.5500030517578,91.6500015258789,89.7300033569336,89.7300033569336,62.66524887084961,8559200,0.0,0.0,-0.7992050894765922,0.6387287750452877
2013-08-21,JNJ,Johnson & Johnson,89.47000122070312,89.62999725341797,88.68000030517578,88.80000305175781,62.015750885009766,7940700,0.0,0.0,-1.041865019141679,1.085482718111091
2013-08-22,JNJ,Johnson & Johnson,88.76000213623047,89.02999877929688,88.12000274658203,88.26000213623047,61.63866424560547,7191900,0.0,0.0,-0.6099059349033124,0.3719852494302835
2013-08-23,JNJ,Johnson & Johnson,87.93000030517578,88.44000244140625,87.20999908447266,88.41000366210938,62.208587646484375,7714900,0.66,0.0,0.9203715306931938,0.8470837545105325
2013-08-26,JNJ,Johnson & Johnson,88.36000061035156,88.4800033569336,87.38999938964844,87.52999877929688,61.58938217163086,6724500,0.0,0.0,-1.0003566932188617,1.0007135136677756
2013-08-27,JNJ,Johnson & Johnson,86.97000122070312,87.08000183105469,85.95999908447266,86.16999816894531,60.632415771484375,9941200,0.0,0.0,-1.565982455807446,2.4523010518967197
2013-08-28,JNJ,Johnson & Johnson,86.36000061035156,86.91000366210938,85.87999725341797,86.52999877929688,60.8857536315918,8829200,0.0,0.0,0.41695530533193415,0.17385172664444642
2013-08-29,JNJ,Johnson & Johnson,86.41000366210938,87.13999938964844,85.98999786376953,86.56999969482422,60.91392135620117,5768800,0.0,0.0,0.04625254560712571,0.0021392979751392437
2013-08-30,JNJ,Johnson & Johnson,86.77999877929688,86.77999877929688,85.8499984741211,86.41000366210938,60.801326751708984,7471300,0.0,0.0,-0.18501319819824208,0.034229883507542004
2013-09-03,JNJ,Johnson & Johnson,86.88999938964844,87.30000305175781,86.02999877929688,86.41999816894531,60.808349609375,7590500,0.0,0.0,0.011549833671091931,0.0001333986578298889
2013-09-04,JNJ,Johnson & Johnson,86.45999908447266,87.25,86.25,86.9000015258789,61.1461067199707,8458800,0.0,0.0,0.5539083758550796,0.3068144888424121
2013-09-05,JNJ,Johnson & Johnson,87.0,87.16999816894531,86.62000274658203,87.04000091552734,61.2446174621582,5647900,0.0,0.0,0.1609774991021373,0.025913755217178612
2013-09-06,JNJ,Johnson & Johnson,87.22000122070312,87.91999816894531,86.0,87.16000366210938,61.32902145385742,10034900,0.0,0.0,0.13771966923100246,0.018966707293096723
2013-09-09,JNJ,Johnson & Johnson,87.38999938964844,87.5999984741211,87.01000213623047,87.55999755859375,61.61049270629883,6819700,0.0,0.0,0.4579028088347361,0.20967498233874088
2013-09-10,JNJ,Johnson & Johnson,88.13999938964844,88.58000183105469,87.8499984741211,88.52999877929688,62.29304885864258,8658700,0.0,0.0,1.1017652090597514,1.2138865758944777
2013-09-11,JNJ,Johnson & Johnson,88.62999725341797,89.2699966430664,88.13999938964844,89.2300033569336,62.78556823730469,8098100,0.0,0.0,0.7875397660712755,0.6202188831435994
2013-09-12,JNJ,Johnson & Johnson,89.30000305175781,89.56999969482422,88.87999725341797,89.01000213623047,62.63078689575195,7938500,0.0,0.0,-0.2468281269554729,0.06092412425634705
2013-09-13,JNJ,Johnson & Johnson,89.12999725341797,89.25,88.19999694824219,88.56999969482422,62.32118225097656,7738600,0.0,0.0,-0.4955588623238535,0.245578586027712
2013-09-16,JNJ,Johnson & Johnson,89.43000030517578,89.56999969482422,88.83000183105469,89.02999877929688,62.64484405517578,7563700,0.0,0.0,0.5180008318850843,0.26832486183363935
2013-09-17,JNJ,Johnson & Johnson,89.05000305175781,89.22000122070312,88.58000183105469,89.05999755859375,62.66596221923828,6291100,0.0,0.0,0.03370525637857115,0.0011360443075452112
2013-09-18,JNJ,Johnson & Johnson,88.91000366210938,89.91000366210938,88.30000305175781,89.91000366210938,63.264060974121094,10115500,0.0,0.0,0.9498977875845372,0.9023058068579987
2013-09-19,JNJ,Johnson & Johnson,90.05000305175781,90.1999969482422,89.79000091552734,90.06999969482422,63.376617431640625,6721000,0.0,0.0,0.17775723973388577,0.031597636277810134
2013-09-20,JNJ,Johnson & Johnson,90.1999969482422,90.72000122070312,89.68000030517578,89.68000030517578,63.10218811035156,14708600,0.0,0.0,-0.4339537375839608,0.1883158463630891
2013-09-23,JNJ,Johnson & Johnson,89.43000030517578,89.75,88.80999755859375,89.08999633789062,62.687068939208984,7376200,0.0,0.0,-0.6600256458747215,0.4356338532123432
2013-09-24,JNJ,Johnson & Johnson,89.0199966430664,89.19999694824219,88.1500015258789,88.22000122070312,62.074913024902344,7797500,0.0,0.0,-0.9813259090879416,0.963000539847275
2013-09-25,JNJ,Johnson & Johnson,88.41999816894531,88.47000122070312,87.06999969482422,87.08000183105469,61.272762298583984,7493200,0.0,0.0,-1.3006520511623205,1.6916957581927516
2013-09-26,JNJ,Johnson & Johnson,87.27999877929688,87.69999694824219,86.72000122070312,87.06999969482422,61.26570892333984,6400600,0.0,0.0,-0.011512099313146555,0.00013252843059574938
2013-09-27,JNJ,Johnson & Johnson,86.80999755859375,86.94000244140625,86.44000244140625,86.7300033569336,61.026485443115234,5461100,0.0,0.0,-0.39123312260456206,0.15306335622291628
2013-09-30,JNJ,Johnson & Johnson,86.33000183105469,86.94999694824219,86.1500015258789,86.69000244140625,60.99835586547851,7962300,0.0,0.0,-0.046104674807751565,0.0021256410391285218
2013-10-01,JNJ,Johnson & Johnson,86.58999633789062,87.48999786376953,86.26000213623047,87.47000122070312,61.54718399047851,6318700,0.0,0.0,0.895718922239411,0.8023123876577319
2013-10-02,JNJ,Johnson & Johnson,87.12999725341797,87.29000091552734,86.44000244140625,87.29000091552734,61.4205207824707,6383400,0.0,0.0,-0.2060105993498359,0.04244036704447861
2013-10-03,JNJ,Johnson & Johnson,87.19000244140625,87.4000015258789,86.27999877929688,86.58000183105469,60.92094421386719,7724600,0.0,0.0,-0.8166966864444914,0.666993477649412
2013-10-04,JNJ,Johnson & Johnson,86.81999969482422,87.41999816894531,86.55999755859375,87.30999755859375,61.434574127197266,6050000,0.0,0.0,0.8395746058310496,0.7048855187563623
2013-10-07,JNJ,Johnson & Johnson,86.69999694824219,86.9800033569336,86.29000091552734,86.58999633789062,60.9279670715332,5705200,0.0,0.0,-0.8280474487974625,0.6856625774599863
2013-10-08,JNJ,Johnson & Johnson,86.62000274658203,86.73999786376953,85.56999969482422,85.61000061035156,60.2384147644043,8669800,0.0,0.0,-1.138203090646645,1.2955062755575746
2013-10-09,JNJ,Johnson & Johnson,85.93000030517578,86.2300033569336,85.5,85.95999908447266,60.48468780517578,8014200,0.0,0.0,0.40799710602958716,0.1664616385285182
2013-10-10,JNJ,Johnson & Johnson,86.72000122070312,87.77999877929688,86.69999694824219,87.77999877929688,61.7652702331543,8647900,0.0,0.0,2.0950997288076665,4.3894428736499576
2013-10-11,JNJ,Johnson & Johnson,88.62000274658203,89.4800033569336,88.0199966430664,89.44999694824219,62.94036483764648,8449800,0.0,0.0,1.884645205195798,3.5518875494675117
2013-10-14,JNJ,Johnson & Johnson,88.83000183105469,89.88999938964844,88.62999725341797,89.80000305175781,63.18666076660156,9198600,0.0,0.0,0.39055268423332323,0.15253139916185388
2013-10-15,JNJ,Johnson & Johnson,90.33000183105467,91.45999908447266,89.93000030517578,89.93000030517578,63.27809524536133,11024000,0.0,0.0,0.1446007529293014,0.02090937774772087
2013-10-16,JNJ,Johnson & Johnson,90.41999816894533,91.16999816894533,90.16000366210938,91.11000061035156,64.10841369628906,8116000,0.0,0.0,1.303639163998635,1.6994750699110603
2013-10-17,JNJ,Johnson & Johnson,90.87000274658205,92.0,90.7699966430664,91.97000122070312,64.71353912353516,8569600,0.0,0.0,0.9394825413364529,0.882627445476
2013-10-18,JNJ,Johnson & Johnson,91.75,92.0500030517578,91.13999938964844,91.62999725341795,64.47430419921875,9082600,0.0,0.0,-0.3703679721457443,0.13717243479135083
2013-10-21,JNJ,Johnson & Johnson,91.62999725341795,91.62999725341795,90.7699966430664,91.1999969482422,64.1717300415039,6940500,0.0,0.0,-0.4703988233057087,0.22127505296739536
2013-10-22,JNJ,Johnson & Johnson,91.52999877929688,92.55999755859376,91.5,92.36000061035156,64.98792266845703,9635500,0.0,0.0,1.2638675846826881,1.5973612716116519
2013-10-23,JNJ,Johnson & Johnson,92.06999969482422,92.43000030517578,91.5199966430664,92.0999984741211,64.80500030517578,6449600,0.0,0.0,-0.28186819465920526,0.07944967916043963
2013-10-24,JNJ,Johnson & Johnson,92.6500015258789,92.98999786376952,92.13999938964844,92.3499984741211,64.98092651367188,5251000,0.0,0.0,0.27110229985296125,0.07349645698556491
2013-10-25,JNJ,Johnson & Johnson,92.04000091552734,92.2699966430664,91.77999877929688,92.08999633789062,64.79795837402344,6076000,0.0,0.0,-0.28196922948333003,0.07950664637542283
2013-10-28,JNJ,Johnson & Johnson,91.95999908447266,92.8000030517578,91.91999816894533,92.38999938964844,65.00908660888672,6551000,0.0,0.0,0.32529578200674236,0.10581734579137805
2013-10-29,JNJ,Johnson & Johnson,92.8000030517578,93.18000030517578,92.58000183105467,93.13999938964844,65.53679656982422,6096700,0.0,0.0,0.808471048580002,0.6536254363920478
2013-10-30,JNJ,Johnson & Johnson,93.2699966430664,93.4499969482422,92.6500015258789,92.79000091552734,65.29053497314453,6295400,0.0,0.0,-0.37646856299486725,0.14172857892342033
2013-10-31,JNJ,Johnson & Johnson,92.8499984741211,93.3499984741211,92.31999969482422,92.61000061035156,65.16386413574219,7773900,0.0,0.0,-0.19419947211830066,0.03771343497102664
2013-11-01,JNJ,Johnson & Johnson,92.37999725341795,93.58000183105467,92.37999725341795,93.37000274658205,65.69865417480469,6835900,0.0,0.0,0.8173356636091506,0.6680375870074106
2013-11-04,JNJ,Johnson & Johnson,93.45999908447266,93.5,92.43000030517578,93.02999877929688,65.45940399169922,6862500,0.0,0.0,-0.3648276771046539,0.1330992339815776
2013-11-05,JNJ,Johnson & Johnson,92.54000091552734,92.9499969482422,92.27999877929688,92.80999755859376,65.3045883178711,5350600,0.0,0.0,-0.2367865089289386,0.05606785081075432
2013-11-06,JNJ,Johnson & Johnson,93.02999877929688,93.1999969482422,92.72000122070312,93.04000091552734,65.46643829345703,5301300,0.0,0.0,0.24753198383564876,0.06127208302161188
2013-11-07,JNJ,Johnson & Johnson,93.19000244140624,93.3499984741211,92.69000244140624,92.69000244140624,65.22014617919922,6116900,0.0,0.0,-0.3769207173625867,0.14206922717712697
2013-11-08,JNJ,Johnson & Johnson,92.62999725341795,94.0999984741211,92.55999755859376,94.0500030517578,66.1771011352539,7229500,0.0,0.0,1.4566087119573459,2.121708939750038
2013-11-11,JNJ,Johnson & Johnson,93.97000122070312,94.63999938964844,93.94000244140624,94.29000091552734,66.34597778320312,4723100,0.0,0.0,0.2548638935041491,0.06495560421209426
2013-11-12,JNJ,Johnson & Johnson,93.9800033569336,94.08999633789062,93.0,93.55999755859376,65.83233642578125,7639600,0.0,0.0,-0.7771985079124655,0.6040375207013626
2013-11-13,JNJ,Johnson & Johnson,93.36000061035156,93.4499969482422,92.31999969482422,93.33999633789062,65.67752838134766,8954300,0.0,0.0,-0.2354319444654905,0.055428200474801806
2013-11-14,JNJ,Johnson & Johnson,93.4000015258789,94.13999938964844,93.4000015258789,93.91999816894533,66.08561706542969,7045700,0.0,0.0,0.6194296402647333,0.383693079238497
2013-11-15,JNJ,Johnson & Johnson,93.62999725341795,94.4000015258789,93.5500030517578,94.38999938964844,66.41634368896484,7063000,0.0,0.0,0.4992036472104254,0.2492042813881909
2013-11-18,JNJ,Johnson & Johnson,94.36000061035156,94.5999984741211,94.01000213623048,94.3000030517578,66.35302734375,8492000,0.0,0.0,-0.09537794676924731,0.009096952729917373
2013-11-19,JNJ,Johnson & Johnson,94.2699966430664,94.91999816894533,94.0,94.86000061035156,66.7470703125,6624200,0.0,0.0,0.5921019246416187,0.3505846891643091
2013-11-20,JNJ,Johnson & Johnson,94.94000244140624,95.47000122070312,94.66000366210938,95.1500015258789,66.95109558105469,7076500,0.0,0.0,0.3052030303688995,0.09314888974635939
2013-11-21,JNJ,Johnson & Johnson,95.45999908447266,95.75,95.0500030517578,95.1999969482422,66.98629760742188,6896200,0.0,0.0,0.052564898180755874,0.0027630685207532322
2013-11-22,JNJ,Johnson & Johnson,94.38999938964844,95.58000183105467,94.38999938964844,95.25,67.48937225341797,6462100,0.66,0.0,0.7482052231516302,0.5598110559513807
2013-11-25,JNJ,Johnson & Johnson,95.48999786376952,95.98999786376952,95.08000183105467,95.62999725341795,67.75861358642578,6374600,0.0,0.0,0.3981452100787251,0.15851960830863215
2013-11-26,JNJ,Johnson & Johnson,95.58000183105467,95.87000274658205,94.97000122070312,95.05999755859376,67.35474395751953,7267600,0.0,0.0,-0.5978251730078097,0.35739493748181755
2013-11-27,JNJ,Johnson & Johnson,95.33999633789062,95.37000274658205,94.61000061035156,94.9800033569336,67.29804229736328,4603800,0.0,0.0,-0.08421907200700486,0.00709285208972107
2013-11-29,JNJ,Johnson & Johnson,95.2300033569336,95.5,94.43000030517578,94.66000366210938,67.07130432128906,4106800,0.0,0.0,-0.33748499488126876,0.11389612177001
2013-12-02,JNJ,Johnson & Johnson,94.41000366210938,94.66000366210938,93.97000122070312,94.27999877929688,66.80207061767578,5827400,0.0,0.0,-0.40222197537558857,0.16178251747504058
2013-12-03,JNJ,Johnson & Johnson,94.1999969482422,94.55999755859376,93.51000213623048,93.97000122070312,66.58245086669922,9061100,0.0,0.0,-0.3293035008814883,0.10844079569280436
2013-12-04,JNJ,Johnson & Johnson,93.76000213623048,94.25,93.12999725341795,93.62999725341795,66.3415298461914,6218500,0.0,0.0,-0.36249483807091637,0.13140250762805988
2013-12-05,JNJ,Johnson & Johnson,93.41999816894533,93.62999725341795,92.66000366210938,92.97000122070312,65.87385559082031,8666200,0.0,0.0,-0.7074459668007432,0.5004797959426383
2013-12-06,JNJ,Johnson & Johnson,93.5999984741211,94.4800033569336,93.41999816894533,94.44000244140624,66.91544342041016,7280400,0.0,0.0,1.5688149573108539,2.461180370282256
2013-12-09,JNJ,Johnson & Johnson,94.3000030517578,94.4800033569336,93.6999969482422,94.44000244140624,66.91544342041016,6974500,0.0,0.0,0.0,0.0
2013-12-10,JNJ,Johnson & Johnson,94.58000183105467,94.79000091552734,93.95999908447266,94.13999938964844,66.70284271240234,7576600,0.0,0.0,-0.31822124586220873,0.1012647613180963
2013-12-11,JNJ,Johnson & Johnson,94.4000015258789,94.4499969482422,93.02999877929688,93.11000061035156,65.97305297851562,9424300,0.0,0.0,-1.1001200939951365,1.2102642212118682
2013-12-12,JNJ,Johnson & Johnson,92.83999633789062,92.86000061035156,91.06999969482422,91.16000366210938,64.59137725830078,12285700,0.0,0.0,-2.116544754402083,4.479761697386973
2013-12-13,JNJ,Johnson & Johnson,91.45999908447266,91.86000061035156,91.08000183105467,91.3499984741211,64.72602081298828,7909000,0.0,0.0,0.20823741484133187,0.04336282093980094
2013-12-16,JNJ,Johnson & Johnson,91.41999816894533,92.31999969482422,91.16000366210938,91.37000274658205,64.74019622802734,6623000,0.0,0.0,0.021898245611392312,0.00047953316085686264
2013-12-17,JNJ,Johnson & Johnson,91.3000030517578,91.33000183105467,90.5,90.66000366210938,64.23710632324219,8794000,0.0,0.0,-0.7801255667751282,0.6085958999362151
2013-12-18,JNJ,Johnson & Johnson,90.9499969482422,92.66000366210938,89.7699966430664,92.63999938964844,65.64006042480469,9691100,0.0,0.0,2.160516292743495,4.667830651210096
2013-12-19,JNJ,Johnson & Johnson,92.4000015258789,92.4000015258789,91.41999816894533,91.9800033569336,65.17240142822266,7341000,0.0,0.0,-0.7150098428471992,0.5112390753683764
2013-12-20,JNJ,Johnson & Johnson,91.9499969482422,92.75,91.9499969482422,92.08999633789062,65.25032806396484,11265000,0.0,0.0,0.11949856488790317,0.014279907010268404
2013-12-23,JNJ,Johnson & Johnson,92.55999755859376,92.68000030517578,91.76000213623048,92.02999877929688,65.20783996582031,5312200,0.0,0.0,-0.06513674120744009,0.004242795055125024
2013-12-24,JNJ,Johnson & Johnson,92.18000030517578,92.38999938964844,91.8499984741211,92.05999755859376,65.22909545898438,3147300,0.0,0.0,0.03259121855781069,0.001062187527082984
2013-12-26,JNJ,Johnson & Johnson,91.98999786376952,92.54000091552734,91.7699966430664,92.54000091552734,65.56920623779297,3459100,0.0,0.0,0.5200549868632909,0.27045718936137764
2013-12-27,JNJ,Johnson & Johnson,92.7699966430664,92.95999908447266,92.18000030517578,92.3499984741211,65.4345703125,3511300,0.0,0.0,-0.20554517776519443,0.042248820102525377
2013-12-30,JNJ,Johnson & Johnson,92.16000366210938,92.3000030517578,91.7300033569336,92.3000030517578,65.39913940429688,4370100,0.0,0.0,-0.05416174340077438,0.0029334944482113266
2013-12-31,JNJ,Johnson & Johnson,92.16999816894533,92.22000122070312,91.1500015258789,91.58999633789062,64.89606475830078,6348200,0.0,0.0,-0.7722113014546994,0.5963102940943606
2014-01-02,JNJ,Johnson & Johnson,91.13999938964844,91.7300033569336,91.01000213623048,91.02999877929688,64.49925994873047,5919600,0.0,0.0,-0.6133236333510644,0.37616587922695094
2014-01-03,JNJ,Johnson & Johnson,91.29000091552734,92.22000122070312,91.26000213623048,91.8499984741211,65.08027648925781,5637600,0.0,0.0,0.8967780721027517,0.8042109106043281
2014-01-06,JNJ,Johnson & Johnson,91.93000030517578,92.75,91.87000274658205,92.33000183105467,65.42041778564453,7443500,0.0,0.0,0.521287750274227,0.2717409185859649
2014-01-07,JNJ,Johnson & Johnson,93.04000091552734,94.62000274658205,92.98999786376952,94.29000091552734,66.80915069580078,11063300,0.0,0.0,2.1005649328314764,4.412373037041305
2014-01-08,JNJ,Johnson & Johnson,94.16999816894533,94.5999984741211,93.87999725341795,94.16000366210938,66.71703338623047,9096700,0.0,0.0,-0.13797641985745382,0.019037492436680375
2014-01-09,JNJ,Johnson & Johnson,94.94000244140624,95.37999725341795,94.08999633789062,94.7300033569336,67.12091064453125,7944700,0.0,0.0,0.6035336050177724,0.3642528123857485
2014-01-10,JNJ,Johnson & Johnson,94.63999938964844,94.9800033569336,94.13999938964844,94.73999786376952,67.12798309326172,6697400,0.0,0.0,0.010536323302325436,0.00011101410873112598
2014-01-13,JNJ,Johnson & Johnson,94.37000274658205,94.98999786376952,94.05999755859376,94.5,66.95793914794922,9589200,0.0,0.0,-0.25363443623101034,0.06433042724222245
2014-01-14,JNJ,Johnson & Johnson,94.5999984741211,94.9000015258789,94.31999969482422,94.72000122070312,67.11384582519531,7567300,0.0,0.0,0.23257204720880018,0.05408975714289238
2014-01-15,JNJ,Johnson & Johnson,94.6500015258789,95.2699966430664,94.51000213623048,94.8000030517578,67.17051696777344,7390700,0.0,0.0,0.08440468385726457,0.007124150657044779
2014-01-16,JNJ,Johnson & Johnson,94.5999984741211,95.08999633789062,94.2300033569336,94.63999938964844,67.05712890625,8401100,0.0,0.0,-0.16894893411279774,0.02854374233785047
2014-01-17,JNJ,Johnson & Johnson,94.72000122070312,95.16999816894533,94.37999725341795,95.05999755859376,67.35474395751953,13714400,0.0,0.0,0.44284114386849766,0.19610827870275943
2014-01-21,JNJ,Johnson & Johnson,94.93000030517578,95.0999984741211,92.62000274658205,94.02999877929688,66.62491607666016,16368400,0.0,0.0,-1.0894714907584526,1.1869481291754451
2014-01-22,JNJ,Johnson & Johnson,93.98999786376952,94.5500030517578,93.54000091552734,94.31999969482422,66.83042907714844,8875500,0.0,0.0,0.30798790817036736,0.09485655157915864
2014-01-23,JNJ,Johnson & Johnson,93.73999786376952,93.8000030517578,92.41000366210938,92.73999786376952,65.71088409423828,9322300,0.0,0.0,-1.6893926624841868,2.85404756805541
2014-01-24,JNJ,Johnson & Johnson,92.12000274658205,92.61000061035156,90.61000061035156,90.61000061035156,64.20169067382812,10604200,0.0,0.0,-2.3235030472232783,5.39866641045586
2014-01-27,JNJ,Johnson & Johnson,90.3000030517578,90.76000213623048,89.8499984741211,89.94000244140625,63.7269401550293,8685200,0.0,0.0,-0.7422149289867751,0.5508830008108436
2014-01-28,JNJ,Johnson & Johnson,90.58000183105467,90.5999984741211,89.79000091552734,90.0999984741211,63.84030532836914,8254400,0.0,0.0,0.1777340300060059,0.031589385422175806
2014-01-29,JNJ,Johnson & Johnson,89.47000122070312,89.70999908447266,88.52999877929688,88.9000015258789,62.99006271362305,11160100,0.0,0.0,-1.3407756596955536,1.7976793696320468
2014-01-30,JNJ,Johnson & Johnson,89.62000274658203,89.77999877929688,89.01000213623047,89.5,63.41520690917969,6874900,0.0,0.0,0.6726710048139347,0.45248628071738856
2014-01-31,JNJ,Johnson & Johnson,89.01000213623047,89.33999633789062,88.1500015258789,88.47000122070312,62.685394287109375,12193800,0.0,0.0,-1.1575214770219728,1.3398559697671295
2014-02-03,JNJ,Johnson & Johnson,88.75,88.77999877929688,86.61000061035156,86.77999877929688,61.48794937133789,13944600,0.0,0.0,-1.9287264092420024,3.7199855617075483
2014-02-04,JNJ,Johnson & Johnson,86.93000030517578,87.27999877929688,86.08999633789062,86.62000274658203,61.37459945678711,11436400,0.0,0.0,-0.1845150500148307,0.034045803681975476
2014-02-05,JNJ,Johnson & Johnson,86.48999786376953,87.66999816894531,86.4800033569336,87.27999877929688,61.84221649169922,10667300,0.0,0.0,0.7590186068319331,0.5761092455170886
2014-02-06,JNJ,Johnson & Johnson,87.62999725341797,88.76000213623047,87.55000305175781,88.75,62.883792877197266,10037900,0.0,0.0,1.6702219596285046,2.7896413944252823
2014-02-07,JNJ,Johnson & Johnson,88.91999816894531,90.04000091552734,88.61000061035156,90.04000091552734,63.79783630371094,9435100,0.0,0.0,1.4430810445056823,2.0824829010116113
2014-02-10,JNJ,Johnson & Johnson,90.23999786376952,91.08000183105467,89.80000305175781,91.06999969482422,64.5276107788086,8080200,0.0,0.0,1.137393025348636,1.2936628941117227
2014-02-11,JNJ,Johnson & Johnson,91.08999633789062,92.97000122070312,90.9499969482422,92.97000122070312,65.87385559082031,11556300,0.0,0.0,2.0648427981050004,4.263575780886088
2014-02-12,JNJ,Johnson & Johnson,92.9499969482422,92.98999786376952,91.9499969482422,92.41999816894533,65.48418426513672,7696100,0.0,0.0,-0.5932982391564396,0.35200280058613187
2014-02-13,JNJ,Johnson & Johnson,92.0,92.62000274658205,91.70999908447266,92.55999755859376,65.58334350585938,5926000,0.0,0.0,0.1513101854098854,0.022894772208773895
2014-02-14,JNJ,Johnson & Johnson,92.5999984741211,92.9499969482422,92.02999877929688,92.76000213623048,65.72506713867188,5485100,0.0,0.0,0.2158638386521344,0.04659719683763471
2014-02-18,JNJ,Johnson & Johnson,92.7699966430664,92.8499984741211,92.08999633789062,92.16999816894533,65.30702209472656,6926500,0.0,0.0,-0.6380825716508379,0.4071493682445467
2014-02-19,JNJ,Johnson & Johnson,92.1500015258789,92.75,91.56999969482422,91.63999938964844,64.93148803710938,7693400,0.0,0.0,-0.5766882590959853,0.3325693481791583
2014-02-20,JNJ,Johnson & Johnson,91.69000244140624,92.7300033569336,91.30999755859376,92.37999725341795,65.45584869384766,8160100,0.0,0.0,0.8043165797121341,0.6469251603998257
2014-02-21,JNJ,Johnson & Johnson,91.86000061035156,92.25,91.4499969482422,91.5199966430664,65.3130874633789,7381500,0.66,0.0,-0.21834128406836797,0.047672916328623756
2014-02-24,JNJ,Johnson & Johnson,91.4499969482422,92.05999755859376,91.0999984741211,91.11000061035156,65.0205078125,8406700,0.0,0.0,-0.44897118311298884,0.20157512326587695
2014-02-25,JNJ,Johnson & Johnson,91.58999633789062,91.87000274658205,90.66000366210938,91.11000061035156,65.0205078125,6383400,0.0,0.0,0.0,0.0
2014-02-26,JNJ,Johnson & Johnson,91.11000061035156,91.54000091552734,90.7699966430664,91.11000061035156,65.0205078125,6334100,0.0,0.0,0.0,0.0
2014-02-27,JNJ,Johnson & Johnson,91.16000366210938,91.41999816894533,90.75,91.36000061035156,65.19894409179688,7040300,0.0,0.0,0.27405489482235024,0.07510608537608945
2014-02-28,JNJ,Johnson & Johnson,91.41999816894533,92.63999938964844,91.05999755859376,92.12000274658205,65.74127197265625,9643700,0.0,0.0,0.8283642692988387,0.6861873626509989
2014-03-03,JNJ,Johnson & Johnson,91.12999725341795,91.9800033569336,90.83000183105467,91.55999755859376,65.34164428710938,7506700,0.0,0.0,-0.6097345635106405,0.37177623793951126
2014-03-04,JNJ,Johnson & Johnson,92.47000122070312,93.45999908447266,92.25,93.33999633789062,66.61195373535156,8796300,0.0,0.0,1.9254476008275245,3.7073484635324703
2014-03-05,JNJ,Johnson & Johnson,93.2699966430664,93.3000030517578,92.37999725341795,92.58999633789062,66.07669830322266,6842500,0.0,0.0,-0.8067884137047029,0.6509075444881508
2014-03-06,JNJ,Johnson & Johnson,93.19000244140624,93.6500015258789,92.81999969482422,92.88999938964844,66.29078674316406,7718300,0.0,0.0,0.3234761566192733,0.10463682390117664
2014-03-07,JNJ,Johnson & Johnson,93.37000274658205,93.4800033569336,92.69000244140624,93.31999969482422,66.59764862060547,6792000,0.0,0.0,0.4618346540476867,0.21329124767934646
2014-03-10,JNJ,Johnson & Johnson,93.16999816894533,93.48999786376952,92.79000091552734,93.4499969482422,66.69044494628906,4878200,0.0,0.0,0.13924175549862333,0.0193882664743384
2014-03-11,JNJ,Johnson & Johnson,93.70999908447266,93.75,93.08999633789062,93.48999786376952,66.71897888183594,5837200,0.0,0.0,0.042776492339452105,0.0018298282968672046
2014-03-12,JNJ,Johnson & Johnson,92.81999969482422,93.62000274658205,92.6500015258789,93.5999984741211,66.79750061035156,6154900,0.0,0.0,0.11762104253645642,0.01383470964736289
2014-03-13,JNJ,Johnson & Johnson,93.8499984741211,94.1999969482422,92.9800033569336,93.0,66.3692855834961,7659400,0.0,0.0,-0.6431280878019972,0.41361373731985335
2014-03-14,JNJ,Johnson & Johnson,92.87999725341795,93.44000244140624,92.45999908447266,92.80999755859376,66.23369598388672,7337800,0.0,0.0,-0.2045046729147475,0.041822161243967856
2014-03-17,JNJ,Johnson & Johnson,93.26000213623048,94.18000030517578,93.18000030517578,93.93000030517578,67.0329818725586,5872600,0.0,0.0,1.1995428799306567,1.4389031207923337
2014-03-18,JNJ,Johnson & Johnson,93.9000015258789,94.23999786376952,93.4800033569336,93.94000244140624,67.04011535644531,5891900,0.0,0.0,0.010641186100546441,0.00011323484162646278
2014-03-19,JNJ,Johnson & Johnson,93.88999938964844,94.36000061035156,92.91999816894533,93.58999633789062,66.79034423828125,5937600,0.0,0.0,-0.37326541195382035,0.13932706776105522
2014-03-20,JNJ,Johnson & Johnson,93.5199966430664,94.19000244140624,92.95999908447266,94.12000274658205,67.16861724853516,5727400,0.0,0.0,0.5647610454558882,0.31895503846442785
2014-03-21,JNJ,Johnson & Johnson,94.7699966430664,95.93000030517578,93.87999725341795,95.93000030517578,68.46028900146484,23988800,0.0,0.0,1.904772133963685,3.62815688232457
2014-03-24,JNJ,Johnson & Johnson,95.3000030517578,95.43000030517578,94.54000091552734,95.1999969482422,67.93933868408203,13944100,0.0,0.0,-0.7638625695395491,0.5834860251435625
2014-03-25,JNJ,Johnson & Johnson,95.6999969482422,97.6999969482422,95.6999969482422,97.37999725341795,69.49506378173828,14167300,0.0,0.0,2.2640496462872157,5.125920800853267
2014-03-26,JNJ,Johnson & Johnson,97.51000213623048,98.47000122070312,97.0500030517578,97.0500030517578,69.25956726074219,11215100,0.0,0.0,-0.3394434410531395,0.1152218496739962
2014-03-27,JNJ,Johnson & Johnson,97.08000183105467,97.6999969482422,96.26000213623048,97.27999877929688,69.42371368408203,8694600,0.0,0.0,0.23672139694683597,0.056037019772461484
2014-03-28,JNJ,Johnson & Johnson,97.51000213623048,98.22000122070312,96.95999908447266,97.44000244140624,69.53788757324219,8816000,0.0,0.0,0.1643244087843344,0.027002511322321038
2014-03-31,JNJ,Johnson & Johnson,98.0,98.5999984741211,97.61000061035156,98.2300033569336,70.10167694091797,7545700,0.0,0.0,0.8074966906818396,0.6520509054621225
2014-04-01,JNJ,Johnson & Johnson,98.30999755859376,98.68000030517578,97.37000274658205,97.94000244140624,69.89472198486328,7068500,0.0,0.0,-0.29565775748256673,0.08741350955962024
2014-04-02,JNJ,Johnson & Johnson,98.01000213623048,98.38999938964844,97.37000274658205,98.2300033569336,70.10167694091797,7995600,0.0,0.0,0.29565775748257517,0.08741350955962524
2014-04-03,JNJ,Johnson & Johnson,97.97000122070312,98.33999633789062,97.52999877929688,98.26000213623048,70.12308502197266,5471200,0.0,0.0,0.030533952664776088,0.0009323222653347868
2014-04-04,JNJ,Johnson & Johnson,98.62000274658205,99.37999725341795,98.31999969482422,98.41999816894533,70.23726654052734,10309700,0.0,0.0,0.16269771694167195,0.02647054709803241
2014-04-07,JNJ,Johnson & Johnson,98.38999938964844,99.36000061035156,97.83000183105467,97.88999938964844,69.85903930664062,11409200,0.0,0.0,-0.5399544984950261,0.2915508604450151
2014-04-08,JNJ,Johnson & Johnson,98.02999877929688,98.7300033569336,97.5,98.05999755859376,69.9803466796875,9601800,0.0,0.0,0.1734953319765127,0.030100630217640353
2014-04-09,JNJ,Johnson & Johnson,98.41999816894533,99.0,97.77999877929688,98.9499969482422,70.6155014038086,8921300,0.0,0.0,0.9035246114497759,0.8163567234954685
2014-04-10,JNJ,Johnson & Johnson,98.86000061035156,98.93000030517578,96.5199966430664,96.54000091552734,68.89561462402344,9667800,0.0,0.0,-2.4657159447847157,6.079755120365583
2014-04-11,JNJ,Johnson & Johnson,96.1999969482422,97.1999969482422,96.0500030517578,96.87000274658205,69.13111877441406,8710700,0.0,0.0,0.3412445880954381,0.11644786890442523
2014-04-14,JNJ,Johnson & Johnson,97.27999877929688,97.36000061035156,96.25,97.13999938964844,69.32378387451172,8617200,0.0,0.0,0.2783075510783805,0.07745509298724537
2014-04-15,JNJ,Johnson & Johnson,98.4499969482422,99.20999908447266,98.0500030517578,99.1999969482422,70.79391479492188,13999100,0.0,0.0,2.098499881351277,4.403701752031324
2014-04-16,JNJ,Johnson & Johnson,99.56999969482422,99.70999908447266,98.06999969482422,98.75,70.47280883789062,11308000,0.0,0.0,-0.4546102603635589,0.2066704888278228
2014-04-17,JNJ,Johnson & Johnson,98.69000244140624,99.6500015258789,98.69000244140624,98.95999908447266,70.62264251708984,9153500,0.0,0.0,0.2123863442552574,0.04510795922611271
2014-04-21,JNJ,Johnson & Johnson,99.01000213623048,100.12999725341795,98.66999816894533,100.0,71.3648452758789,7031400,0.0,0.0,1.045457639162894,1.092981675284052
2014-04-22,JNJ,Johnson & Johnson,100.0,100.75,99.73999786376952,100.18000030517578,71.49327850341797,7937900,0.0,0.0,0.1798053323722674,0.03232995754950155
2014-04-23,JNJ,Johnson & Johnson,100.23999786376952,100.55999755859376,99.91999816894533,100.22000122070312,71.52185821533203,5876000,0.0,0.0,0.039967394990797385,0.0015973926623504158
2014-04-24,JNJ,Johnson & Johnson,100.23999786376952,100.37000274658205,99.5500030517578,99.95999908447266,71.3362808227539,6149900,0.0,0.0,-0.259806684049229,0.06749951307665591
2014-04-25,JNJ,Johnson & Johnson,99.97000122070312,100.26000213623048,99.4000015258789,99.79000091552734,71.21495056152344,5895900,0.0,0.0,-0.17022692733089428,0.028977206788517562
2014-04-28,JNJ,Johnson & Johnson,100.55999755859376,101.5,100.12000274658205,101.33999633789062,72.32112121582031,8792900,0.0,0.0,1.5413443329145167,2.375742352607696
2014-04-29,JNJ,Johnson & Johnson,101.62999725341795,101.9800033569336,100.95999908447266,101.02999877929688,72.09986877441406,7811200,0.0,0.0,-0.3063995261569373,0.0938806696291957
2014-04-30,JNJ,Johnson & Johnson,100.83999633789062,101.66999816894533,100.6999969482422,101.29000091552734,72.28544616699219,8513600,0.0,0.0,0.25705868334797444,0.0660791666845942
2014-05-01,JNJ,Johnson & Johnson,100.7699966430664,101.02999877929688,99.93000030517578,100.52999877929688,71.74307250976562,6590500,0.0,0.0,-0.7531511481091263,0.5672366518980951
2014-05-02,JNJ,Johnson & Johnson,100.16999816894533,100.37999725341795,98.87999725341795,99.30999755859376,70.87240600585938,8744200,0.0,0.0,-1.2210137778358672,1.4908746456650164
2014-05-05,JNJ,Johnson & Johnson,99.29000091552734,100.16999816894533,99.04000091552734,100.0,71.3648452758789,5438200,0.0,0.0,0.6924223198565056,0.47944866903546496
2014-05-06,JNJ,Johnson & Johnson,100.0199966430664,100.0199966430664,99.51000213623048,99.51000213623048,71.01515197753906,5795900,0.0,0.0,-0.49121226047146643,0.24128948483748777
2014-05-07,JNJ,Johnson & Johnson,99.8499984741211,101.0500030517578,99.3499984741211,100.91000366210938,72.01427459716797,8720800,0.0,0.0,1.3971095252084889,1.951915025428289
2014-05-08,JNJ,Johnson & Johnson,100.66999816894533,101.08999633789062,100.36000061035156,100.5,71.72164916992188,5667900,0.0,0.0,-0.40717146258182557,0.165788599941023
2014-05-09,JNJ,Johnson & Johnson,100.86000061035156,101.25,100.41000366210938,100.91000366210938,72.01427459716797,5691700,0.0,0.0,0.40717146258183334,0.16578859994102932
2014-05-12,JNJ,Johnson & Johnson,101.23999786376952,101.23999786376952,100.41999816894533,100.5199966430664,71.73592376708984,7437300,0.0,0.0,-0.38727066972323143,0.1499785716278802
2014-05-13,JNJ,Johnson & Johnson,100.9000015258789,101.48999786376952,100.62999725341795,101.0199966430664,72.09274291992188,6183200,0.0,0.0,0.4961735279754788,0.24618816986363326
2014-05-14,JNJ,Johnson & Johnson,100.9499969482422,101.0999984741211,100.7699966430664,100.87000274658205,71.9857177734375,4187200,0.0,0.0,-0.1485651160547663,0.02207159370836618
2014-05-15,JNJ,Johnson & Johnson,100.63999938964844,100.83999633789062,100.41000366210938,100.69000244140624,71.8572769165039,7007600,0.0,0.0,-0.17858484015343876,0.03189254513262927
2014-05-16,JNJ,Johnson & Johnson,100.56999969482422,100.88999938964844,100.13999938964844,100.58000183105467,71.77873229980469,6516900,0.0,0.0,-0.10936620274633718,0.01196096630315293
2014-05-19,JNJ,Johnson & Johnson,100.22000122070312,100.93000030517578,100.12999725341795,100.63999938964844,71.82156372070312,6997200,0.0,0.0,0.05965366834964126,0.0035585601475689914
2014-05-20,JNJ,Johnson & Johnson,100.80999755859376,100.9800033569336,99.95999908447266,100.25,71.54324340820312,5438400,0.0,0.0,-0.38826915436277953,0.1507529362295879
2014-05-21,JNJ,Johnson & Johnson,100.5999984741211,101.1999969482422,100.52999877929688,101.13999938964844,72.17837524414062,5302500,0.0,0.0,0.8838419389816946,0.7811765731029215
2014-05-22,JNJ,Johnson & Johnson,100.58000183105467,101.01000213623048,100.08000183105467,100.95999908447266,72.55208587646484,5124900,0.7,0.0,0.5164240616424791,0.26669381144331505
2014-05-23,JNJ,Johnson & Johnson,101.04000091552734,101.16000366210938,100.66999816894533,100.9800033569336,72.56648254394531,5275700,0.0,0.0,0.01984124800071997,0.0003936751222260743
2014-05-27,JNJ,Johnson & Johnson,101.0999984741211,101.36000061035156,100.2699966430664,100.80999755859376,72.44426727294922,4524400,0.0,0.0,-0.16856033099271694,0.028412585184374294
2014-05-28,JNJ,Johnson & Johnson,100.66999816894533,100.93000030517578,100.12000274658205,100.3000030517578,72.0777816772461,4352700,0.0,0.0,-0.5071701985015135,0.25722161024806456
2014-05-29,JNJ,Johnson & Johnson,100.55999755859376,100.8000030517578,100.1500015258789,100.76000213623048,72.40835571289062,3685200,0.0,0.0,0.4575866147816026,0.20938551002728678
2014-05-30,JNJ,Johnson & Johnson,100.6999969482422,101.54000091552734,100.5500030517578,101.45999908447266,72.91139221191406,5973900,0.0,0.0,0.6923195442375438,0.4793063513332804
2014-06-02,JNJ,Johnson & Johnson,101.54000091552734,102.26000213623048,101.01000213623048,102.16999816894533,73.42162322998047,5845400,0.0,0.0,0.6973588076138717,0.4863093065566409
2014-06-03,JNJ,Johnson & Johnson,101.91000366210938,102.5999984741211,101.83999633789062,102.45999908447266,73.62999725341797,6681300,0.0,0.0,0.28340274281801475,0.08031711463677381
2014-06-04,JNJ,Johnson & Johnson,102.2300033569336,102.70999908447266,101.94000244140624,102.68000030517578,73.78810119628906,5608600,0.0,0.0,0.21449741266821162,0.046009140041357074
2014-06-05,JNJ,Johnson & Johnson,102.77999877929688,103.36000061035156,102.41999816894533,103.22000122070312,74.1761703491211,4730900,0.0,0.0,0.5245456062906148,0.2751480930787886
2014-06-06,JNJ,Johnson & Johnson,103.25,103.33000183105467,102.83999633789062,103.18000030517578,74.14742279052734,4624000,0.0,0.0,-0.03876329900753221,0.0015025933499473478
2014-06-09,JNJ,Johnson & Johnson,103.06999969482422,103.2300033569336,102.68000030517578,103.22000122070312,74.1761703491211,3748800,0.0,0.0,0.03876329900751968,0.0015025933499463763
2014-06-10,JNJ,Johnson & Johnson,103.47000122070312,104.12000274658205,102.7699966430664,104.0999984741211,74.80854034423828,5792100,0.0,0.0,0.848910992026311,0.7206498723830955
2014-06-11,JNJ,Johnson & Johnson,103.80999755859376,104.1500015258789,103.12999725341795,103.31999969482422,74.24803161621094,5960500,0.0,0.0,-0.7520787075964664,0.5656223824199713
2014-06-12,JNJ,Johnson & Johnson,103.18000030517578,103.20999908447266,102.51000213623048,102.52999877929688,73.6803207397461,5930700,0.0,0.0,-0.7675522029143848,0.5891363841987248
2014-06-13,JNJ,Johnson & Johnson,102.51000213623048,102.6500015258789,102.16999816894533,102.52999877929688,73.6803207397461,4301600,0.0,0.0,0.0,0.0
2014-06-16,JNJ,Johnson & Johnson,102.5199966430664,102.88999938964844,101.83999633789062,102.4499969482422,73.62284088134766,5645500,0.0,0.0,-0.07804294311581345,0.006090700970178093
2014-06-17,JNJ,Johnson & Johnson,102.12999725341795,102.1999969482422,101.37999725341795,101.93000030517578,73.2491455078125,4834600,0.0,0.0,-0.5088733244943433,0.2589520603819252
2014-06-18,JNJ,Johnson & Johnson,101.91000366210938,102.83000183105467,101.86000061035156,102.80999755859376,73.88152313232422,5445000,0.0,0.0,0.8596189012831801,0.7389446554433017
2014-06-19,JNJ,Johnson & Johnson,102.93000030517578,103.87000274658205,102.80999755859376,103.80999755859376,74.60015869140625,5481500,0.0,0.0,0.9679863018487436,0.9369974805668069
2014-06-20,JNJ,Johnson & Johnson,104.37000274658205,105.4800033569336,104.06999969482422,105.2699966430664,75.64933776855469,12459700,0.0,0.0,1.396605187235427,1.9505060490129023
2014-06-23,JNJ,Johnson & Johnson,104.91000366210938,105.12000274658205,104.44000244140624,104.75,75.27565002441406,6063200,0.0,0.0,-0.4951976650627157,0.24522072748356555
2014-06-24,JNJ,Johnson & Johnson,104.62999725341795,105.2300033569336,104.5500030517578,104.58999633789062,75.16069793701172,5915000,0.0,0.0,-0.15282491410227667,0.02335545437036824
2014-06-25,JNJ,Johnson & Johnson,104.2300033569336,105.87000274658205,104.2300033569336,105.76000213623048,76.00147247314453,6411100,0.0,0.0,1.1124254226479806,1.2374903209535384
2014-06-26,JNJ,Johnson & Johnson,105.83999633789062,105.97000122070312,105.02999877929688,105.6500015258789,75.92242431640625,5106900,0.0,0.0,-0.10406284401889647,0.010829075505301176
2014-06-27,JNJ,Johnson & Johnson,105.47000122070312,105.58999633789062,104.4499969482422,104.98999786376952,75.4481430053711,6463000,0.0,0.0,-0.6266513648979518,0.39269193312846595
2014-06-30,JNJ,Johnson & Johnson,105.62000274658205,106.0,104.5199966430664,104.62000274658205,75.18224334716797,6877800,0.0,0.0,-0.3530495284937489,0.1246439695696584
2014-07-01,JNJ,Johnson & Johnson,105.1500015258789,106.0,104.98999786376952,105.87000274658205,76.08049774169922,5129200,0.0,0.0,1.187688319076045,1.4106035432696813
2014-07-02,JNJ,Johnson & Johnson,105.6999969482422,105.97000122070312,105.3000030517578,105.86000061035156,76.07332611083984,3764900,0.0,0.0,-0.009426816471774272,8.886486879251473e-05
2014-07-03,JNJ,Johnson & Johnson,105.87000274658205,106.25,105.11000061035156,105.41999816894533,75.75713348388672,4199100,0.0,0.0,-0.4165081037145006,0.17347900045984918
2014-07-07,JNJ,Johnson & Johnson,105.41999816894533,106.73999786376952,105.2699966430664,106.47000122070312,76.51167297363281,7014900,0.0,0.0,0.9910705722691772,0.9822208792179543
2014-07-08,JNJ,Johnson & Johnson,106.20999908447266,106.25,105.5199966430664,105.72000122070312,75.97270202636719,6268400,0.0,0.0,-0.7069225182000172,0.4997394467382536
2014-07-09,JNJ,Johnson & Johnson,106.0,106.20999908447266,105.72000122070312,106.04000091552734,76.20269012451172,5720900,0.0,0.0,0.3022673639963307,0.09136555933729028
2014-07-10,JNJ,Johnson & Johnson,105.08000183105467,106.0,104.5199966430664,105.8000030517578,76.03020477294922,4955100,0.0,0.0,-0.22660729862527978,0.05135086779024673
2014-07-11,JNJ,Johnson & Johnson,105.83999633789062,106.01000213623048,104.86000061035156,105.0999984741211,75.52714538574219,5461000,0.0,0.0,-0.6638559386057653,0.4407047072221416
2014-07-14,JNJ,Johnson & Johnson,105.37999725341795,105.48999786376952,105.11000061035156,105.37999725341795,75.7284164428711,7784800,0.0,0.0,0.26613391731352437,0.07082726194464183
2014-07-15,JNJ,Johnson & Johnson,105.2300033569336,105.47000122070312,102.7699966430664,103.27999877929688,74.21927642822266,14219700,0.0,0.0,-2.012956577006302,4.051994180912928
2014-07-16,JNJ,Johnson & Johnson,103.52999877929688,103.66999816894533,101.9499969482422,102.22000122070312,73.4575424194336,11946800,0.0,0.0,-1.0316321416508945,1.064264875687211
2014-07-17,JNJ,Johnson & Johnson,101.9000015258789,102.0999984741211,100.26000213623048,100.37000274658205,72.12811279296875,11218900,0.0,0.0,-1.8263702949953387,3.3356284544413604
2014-07-18,JNJ,Johnson & Johnson,100.66999816894533,101.95999908447266,100.37000274658205,101.8000030517578,73.15572357177734,8408400,0.0,0.0,1.414648651702372,2.001230807763339
2014-07-21,JNJ,Johnson & Johnson,101.44000244140624,101.58000183105467,101.0199966430664,101.2699966430664,72.77483367919922,6379900,0.0,0.0,-0.5220164504187529,0.27250117450779426
2014-07-22,JNJ,Johnson & Johnson,101.91000366210938,102.54000091552734,101.77999877929688,102.47000122070312,73.63720703125,6554100,0.0,0.0,1.1780224095459704,1.387736797392494
2014-07-23,JNJ,Johnson & Johnson,102.8000030517578,102.93000030517578,101.87999725341795,102.19000244140624,73.43597412109375,4815300,0.0,0.0,-0.2736502116243299,0.07488443832204054
2014-07-24,JNJ,Johnson & Johnson,102.33999633789062,102.7300033569336,102.0199966430664,102.1999969482422,73.44317626953125,5177200,0.0,0.0,0.009806903735644273,9.61753608801936e-05
2014-07-25,JNJ,Johnson & Johnson,102.2699966430664,102.4000015258789,101.8000030517578,102.11000061035156,73.37847137451172,3951500,0.0,0.0,-0.08814081608102088,0.007768803459428349
2014-07-28,JNJ,Johnson & Johnson,101.88999938964844,102.4000015258789,101.66000366210938,102.11000061035156,73.37847137451172,4634800,0.0,0.0,0.0,0.0
2014-07-29,JNJ,Johnson & Johnson,102.4499969482422,102.51000213623048,101.69000244140624,101.95999908447266,73.27068328857422,6053900,0.0,0.0,-0.14700133198234663,0.021609391604584086
2014-07-30,JNJ,Johnson & Johnson,102.2699966430664,102.8499984741211,101.80999755859376,102.3000030517578,73.51502990722656,5994800,0.0,0.0,0.3329300093750318,0.11084239114245877
2014-07-31,JNJ,Johnson & Johnson,101.7699966430664,101.83999633789062,100.0500030517578,100.08999633789062,71.92687225341797,9141500,0.0,0.0,-2.183993411379615,4.769827220949567
2014-08-01,JNJ,Johnson & Johnson,99.76000213623048,100.41000366210938,98.8000030517578,99.9000015258789,71.79033660888672,8610700,0.0,0.0,-0.19000603572693692,0.03610229361266603
2014-08-04,JNJ,Johnson & Johnson,99.98999786376952,100.37999725341795,99.31999969482422,100.16000366210938,71.97718811035156,6790800,0.0,0.0,0.2599357637093806,0.06756660125517894
2014-08-05,JNJ,Johnson & Johnson,99.83000183105467,100.23999786376952,99.5500030517578,99.81999969482422,71.73285675048828,6230900,0.0,0.0,-0.3400341229029948,0.11562320473840897
2014-08-06,JNJ,Johnson & Johnson,99.66999816894533,100.83000183105467,99.5999984741211,100.70999908447266,72.37239837646484,7412100,0.0,0.0,0.8876093023343822,0.7878502735905286
2014-08-07,JNJ,Johnson & Johnson,101.08999633789062,101.19000244140624,99.58000183105467,99.93000030517578,71.81188201904297,7417800,0.0,0.0,-0.7775038714899488,0.6045122701818588
2014-08-08,JNJ,Johnson & Johnson,100.20999908447266,101.1500015258789,99.7699966430664,101.08000183105467,72.63831329345703,5618400,0.0,0.0,1.1442563851389007,1.3093226749311442
2014-08-11,JNJ,Johnson & Johnson,101.62000274658205,101.77999877929688,101.01000213623048,101.16000366210938,72.69580078125,5703000,0.0,0.0,0.07911080087037695,0.006258518814352434
2014-08-12,JNJ,Johnson & Johnson,101.0,101.22000122070312,100.30999755859376,100.62999725341795,72.31492614746094,4577700,0.0,0.0,-0.5253066689606267,0.2759470964545095
2014-08-13,JNJ,Johnson & Johnson,101.1500015258789,101.9499969482422,101.1500015258789,101.73999786376952,73.11260223388672,4563700,0.0,0.0,1.0970193813954916,1.203451523157347
2014-08-14,JNJ,Johnson & Johnson,101.88999938964844,102.0500030517578,101.5,102.0199966430664,73.3138198852539,5239400,0.0,0.0,0.2748380724118202,0.0755359660470449
2014-08-15,JNJ,Johnson & Johnson,102.20999908447266,102.44000244140624,100.8000030517578,101.16999816894533,72.70297241210938,6986000,0.0,0.0,-0.8366860099140249,0.7000434791858517
2014-08-18,JNJ,Johnson & Johnson,101.91999816894533,102.72000122070312,101.75,102.6999969482422,73.80248260498047,5979500,0.0,0.0,1.5010100972091172,2.2530313119237233
2014-08-19,JNJ,Johnson & Johnson,102.7300033569336,102.95999908447266,102.0199966430664,102.95999908447266,73.98931884765625,5670000,0.0,0.0,0.25283722151184934,0.06392666058183197
2014-08-20,JNJ,Johnson & Johnson,102.87000274658205,103.3000030517578,102.6999969482422,103.20999908447266,74.16895294189453,5183000,0.0,0.0,0.2424895756288576,0.05880119428866344
2014-08-21,JNJ,Johnson & Johnson,103.33000183105467,104.41999816894533,103.33000183105467,104.19000244140624,74.87322235107422,8357600,0.0,0.0,0.9450675952927019,0.8931527596723302
2014-08-22,JNJ,Johnson & Johnson,103.62999725341795,104.02999877929688,102.97000122070312,103.0999984741211,74.5910873413086,5076300,0.7,0.0,-0.3775287163165745,0.14252793164364055
2014-08-25,JNJ,Johnson & Johnson,103.6500015258789,103.80999755859376,103.08999633789062,103.2300033569336,74.68514251708984,3678200,0.0,0.0,0.12601495672407706,0.015879769318171016
2014-08-26,JNJ,Johnson & Johnson,103.47000122070312,103.72000122070312,103.16999816894533,103.44000244140624,74.83706665039062,3512400,0.0,0.0,0.20321286908234798,0.0412954701606795
2014-08-27,JNJ,Johnson & Johnson,103.5999984741211,103.72000122070312,102.91000366210938,103.22000122070312,74.6778793334961,4786100,0.0,0.0,-0.2129384136106738,0.045342767991030396
2014-08-28,JNJ,Johnson & Johnson,102.9000015258789,103.19000244140624,102.70999908447266,102.9499969482422,74.48255157470703,3482200,0.0,0.0,-0.26190306537875874,0.06859321565479037
2014-08-29,JNJ,Johnson & Johnson,103.0999984741211,103.76000213623048,103.01000213623048,103.7300033569336,75.04688262939453,5287800,0.0,0.0,0.7548129063022108,0.56974252352039
2014-09-02,JNJ,Johnson & Johnson,103.3000030517578,103.70999908447266,103.0199966430664,103.36000061035156,74.77919006347656,4644800,0.0,0.0,-0.3573381400913738,0.1276905463639623
2014-09-03,JNJ,Johnson & Johnson,103.81999969482422,104.0999984741211,103.54000091552734,103.76000213623048,75.06855010986328,4725800,0.0,0.0,0.3862058990204111,0.14915499643816396
2014-09-04,JNJ,Johnson & Johnson,103.98999786376952,104.0999984741211,103.76000213623048,103.83999633789062,75.12644958496094,6147700,0.0,0.0,0.07709907531328106,0.005944267414162985
2014-09-05,JNJ,Johnson & Johnson,103.91999816894533,104.41999816894533,103.33999633789062,104.41999816894533,75.54605102539062,5744400,0.0,0.0,0.55697293595715,0.31021885138872757
2014-09-08,JNJ,Johnson & Johnson,104.41999816894533,104.58000183105467,103.83000183105467,104.0500030517578,75.27837371826172,4900300,0.0,0.0,-0.35495257300087246,0.1259913290799397
2014-09-09,JNJ,Johnson & Johnson,104.4000015258789,104.4000015258789,103.5500030517578,103.8000030517578,75.0975112915039,5999400,0.0,0.0,-0.24054723130156833,0.05786297048685021
2014-09-10,JNJ,Johnson & Johnson,104.19000244140624,105.33999633789062,103.95999908447266,104.98999786376952,75.95845794677734,7402200,0.0,0.0,1.139916525353594,1.2994096847742107
2014-09-11,JNJ,Johnson & Johnson,104.77999877929688,104.88999938964844,104.0999984741211,104.5500030517578,75.64012908935547,4834100,0.0,0.0,-0.41996344623956167,0.1763692961774092
2014-09-12,JNJ,Johnson & Johnson,104.54000091552734,104.80999755859376,103.95999908447266,104.58000183105467,75.66181182861328,5929200,0.0,0.0,0.028661548258658066,0.0008214843485833852
2014-09-15,JNJ,Johnson & Johnson,104.58999633789062,104.91000366210938,104.3499984741211,104.72000122070312,75.76312255859375,4525500,0.0,0.0,0.13380985833928302,0.01790507818877899
2014-09-16,JNJ,Johnson & Johnson,104.48999786376952,105.94000244140624,104.3000030517578,105.87999725341795,76.60234069824219,6081400,0.0,0.0,1.1015969215023589,1.2135157774634742
2014-09-17,JNJ,Johnson & Johnson,105.87999725341795,106.62999725341795,105.8000030517578,106.19000244140624,76.82662963867188,6627800,0.0,0.0,0.29236864420657305,0.0854794241151897
2014-09-18,JNJ,Johnson & Johnson,106.18000030517578,107.41000366210938,106.02999877929688,107.3499984741211,77.66584777832031,6628700,0.0,0.0,1.086430107518099,1.1803303785217885
2014-09-19,JNJ,Johnson & Johnson,107.88999938964844,108.37000274658205,107.62000274658205,107.98999786376952,78.12889862060547,13033400,0.0,0.0,0.5944387940005773,0.3533574798128608
2014-09-22,JNJ,Johnson & Johnson,108.0,108.25,107.77999877929688,107.87999725341795,78.04930114746094,5788300,0.0,0.0,-0.10193161421323946,0.01039005397611668
2014-09-23,JNJ,Johnson & Johnson,107.7699966430664,108.0999984741211,107.19000244140624,107.45999908447266,77.74544525146484,8108100,0.0,0.0,-0.39007256444787525,0.15215660553494179
2014-09-24,JNJ,Johnson & Johnson,107.6999969482422,108.7699966430664,107.33999633789062,108.63999938964844,78.59917449951172,5890900,0.0,0.0,1.0921229460643358,1.1927325293202442
2014-09-25,JNJ,Johnson & Johnson,108.52999877929688,108.5500030517578,107.06999969482422,107.0999984741211,77.48499298095703,5688200,0.0,0.0,-1.4276918175802085,2.0383039259854794
2014-09-26,JNJ,Johnson & Johnson,107.41000366210938,107.48999786376952,106.1999969482422,107.0999984741211,77.48499298095703,4467500,0.0,0.0,0.0,0.0
2014-09-29,JNJ,Johnson & Johnson,106.37999725341795,106.6500015258789,106.04000091552734,106.54000091552734,77.0798568725586,6581600,0.0,0.0,-0.5242291977749461,0.2748162517997636
2014-09-30,JNJ,Johnson & Johnson,106.5,107.20999908447266,106.4499969482422,106.58999633789062,77.11600494384766,6822500,0.0,0.0,0.04688591707382278,0.0021982892198533863
2014-10-01,JNJ,Johnson & Johnson,105.9800033569336,106.27999877929688,103.9499969482422,104.3000030517578,75.4592514038086,12263700,0.0,0.0,-2.1718051796701303,4.716737738442007
2014-10-02,JNJ,Johnson & Johnson,104.05999755859376,104.54000091552734,103.25,103.8499984741211,75.1336898803711,7566100,0.0,0.0,-0.4323735599429988,0.18694689533778197
2014-10-03,JNJ,Johnson & Johnson,104.2300033569336,105.19000244140624,104.12999725341795,105.12999725341795,76.05975341796875,6856100,0.0,0.0,1.2250202103551802,1.5006745157786499
2014-10-06,JNJ,Johnson & Johnson,105.68000030517578,106.0,104.37000274658205,104.86000061035156,75.86441802978516,5015100,0.0,0.0,-0.2571486735267982,0.06612544029659186
2014-10-07,JNJ,Johnson & Johnson,104.45999908447266,104.45999908447266,102.33999633789062,102.38999938964844,74.07738494873047,8407800,0.0,0.0,-2.383748447186438,5.682256659463754
2014-10-08,JNJ,Johnson & Johnson,102.43000030517578,105.02999877929688,102.04000091552734,104.91000366210938,75.90058135986328,8337000,0.0,0.0,2.4314054575748827,5.911732499124924
2014-10-09,JNJ,Johnson & Johnson,104.62999725341795,104.86000061035156,101.79000091552734,102.08000183105467,73.85313415527344,10675900,0.0,0.0,-2.7345896370026037,7.477980482802032
2014-10-10,JNJ,Johnson & Johnson,102.3499984741211,102.52999877929688,101.2300033569336,101.2300033569336,73.2381591796875,9984100,0.0,0.0,-0.8361862146025969,0.6992073854914203
2014-10-13,JNJ,Johnson & Johnson,101.45999908447266,101.45999908447266,99.0199966430664,99.12000274658205,71.71160888671875,10334600,0.0,0.0,-2.1063941747480244,4.4368964194124105
2014-10-14,JNJ,Johnson & Johnson,100.52999877929688,100.9000015258789,95.33999633789062,97.01000213623048,70.18504333496094,20807400,0.0,0.0,-2.1517413233792686,4.629990722737966
2014-10-15,JNJ,Johnson & Johnson,96.0500030517578,98.72000122070312,95.0999984741211,98.20999908447266,71.05323791503906,21905900,0.0,0.0,1.2294195423525918,1.511472411118456
2014-10-16,JNJ,Johnson & Johnson,96.97000122070312,98.0,96.5,96.77999877929688,70.01864624023438,14575300,0.0,0.0,-1.4667844410325976,2.15145659645531
2014-10-17,JNJ,Johnson & Johnson,97.54000091552734,99.1500015258789,97.30999755859376,98.6999969482422,71.4077377319336,12272900,0.0,0.0,1.9644653631104243,3.8591241628605712
2014-10-20,JNJ,Johnson & Johnson,98.83000183105467,99.1999969482422,98.31999969482422,99.1999969482422,71.76946258544922,7988900,0.0,0.0,0.505283833345673,0.2553117522404978
2014-10-21,JNJ,Johnson & Johnson,99.83000183105467,100.37999725341795,99.33999633789062,100.36000061035156,72.60870361328125,7287300,0.0,0.0,1.1625725722711502,1.3515749857971586
2014-10-22,JNJ,Johnson & Johnson,101.0999984741211,101.79000091552734,100.5199966430664,101.22000122070312,73.23091888427734,9360100,0.0,0.0,0.853292178992299,0.7281075427294257
2014-10-23,JNJ,Johnson & Johnson,102.26000213623048,102.9800033569336,101.94000244140624,102.62999725341795,74.25103759765625,7570400,0.0,0.0,1.3834031048815703,1.9138041505959689
2014-10-24,JNJ,Johnson & Johnson,102.9499969482422,103.29000091552734,102.20999908447266,103.12999725341795,74.61276245117188,5973100,0.0,0.0,0.48598190470310026,0.23617841169885323
2014-10-27,JNJ,Johnson & Johnson,103.06999969482422,104.23999786376952,103.04000091552734,104.06999969482422,75.2928466796875,7043900,0.0,0.0,0.9073561668169,0.823295213460658
2014-10-28,JNJ,Johnson & Johnson,104.5500030517578,104.8000030517578,103.55999755859376,104.79000091552734,75.81373596191406,10347800,0.0,0.0,0.6894356769480665,0.47532155264883874
2014-10-29,JNJ,Johnson & Johnson,105.0,105.55999755859376,104.86000061035156,105.55999755859376,76.37083435058594,8188300,0.0,0.0,0.7321384500708344,0.5360267100721238
2014-10-30,JNJ,Johnson & Johnson,105.16999816894533,107.0500030517578,104.91000366210938,107.04000091552734,77.44158172607422,9068300,0.0,0.0,1.392299399170772,1.9384976169312926
2014-10-31,JNJ,Johnson & Johnson,107.94000244140624,108.18000030517578,107.26000213623048,107.77999877929688,77.97695922851562,10800100,0.0,0.0,0.6889520604357077,0.474654941578607
2014-11-03,JNJ,Johnson & Johnson,107.83000183105467,108.12000274658205,106.75,107.45999908447266,77.74544525146484,7082600,0.0,0.0,-0.2973421177207014,0.08841233497063145
2014-11-04,JNJ,Johnson & Johnson,107.88999938964844,108.7300033569336,107.33999633789062,108.62000274658205,78.5846939086914,9349000,0.0,0.0,1.0736979117298064,1.1528272056529472
2014-11-05,JNJ,Johnson & Johnson,109.0500030517578,109.26000213623048,107.9499969482422,108.81999969482422,78.72940063476562,6966800,0.0,0.0,0.18397177609321558,0.03384561439889225
2014-11-06,JNJ,Johnson & Johnson,108.93000030517578,109.31999969482422,108.5500030517578,109.01000213623048,78.8668441772461,6200300,0.0,0.0,0.17442493949141566,0.030424059516584015
2014-11-07,JNJ,Johnson & Johnson,109.0,109.02999877929688,107.91999816894533,108.1999969482422,78.28080749511719,6652600,0.0,0.0,-0.7458455695492633,0.5562856136162649
2014-11-10,JNJ,Johnson & Johnson,108.06999969482422,108.91999816894533,107.1999969482422,108.81999969482422,78.72940063476562,7573300,0.0,0.0,0.5714206300578276,0.3265215364556847
2014-11-11,JNJ,Johnson & Johnson,108.87999725341795,109.4000015258789,108.5500030517578,108.91000366210938,78.79447174072266,6221100,0.0,0.0,0.08261745813764224,0.006825644389125067
2014-11-12,JNJ,Johnson & Johnson,108.66999816894533,109.0,108.38999938964844,108.75,78.67877960205078,4895900,0.0,0.0,-0.14693563319534197,0.021590080302516083
2014-11-13,JNJ,Johnson & Johnson,109.0500030517578,109.48999786376952,108.5,109.06999969482422,78.91023254394531,4860000,0.0,0.0,0.29374269838553624,0.08628477285481612
2014-11-14,JNJ,Johnson & Johnson,108.91999816894533,109.05999755859376,108.01000213623048,108.16000366210938,78.25187683105469,5650700,0.0,0.0,-0.8378095286105065,0.7019248062305591
2014-11-17,JNJ,Johnson & Johnson,108.0,108.69000244140624,107.61000061035156,108.3000030517578,78.3531723022461,5233000,0.0,0.0,0.12936426491814704,0.016735113037812527
2014-11-18,JNJ,Johnson & Johnson,108.12999725341795,109.05999755859376,107.72000122070312,108.83000183105467,78.73663330078125,5407200,0.0,0.0,0.4882070592676549,0.2383461327187715
2014-11-19,JNJ,Johnson & Johnson,108.4499969482422,108.80999755859376,108.0999984741211,108.76000213623048,78.68598175048828,5217800,0.0,0.0,-0.06435104895747583,0.004141057501927451
2014-11-20,JNJ,Johnson & Johnson,108.5500030517578,108.56999969482422,107.69000244140624,108.18000030517578,78.266357421875,8090700,0.0,0.0,-0.534716883683248,0.28592214569592417
2014-11-21,JNJ,Johnson & Johnson,108.7300033569336,108.7300033569336,107.62000274658205,107.86000061035156,78.54307556152344,8417400,0.7,0.0,0.3529359447652989,0.12456378110737411
2014-11-24,JNJ,Johnson & Johnson,107.91999816894533,108.2300033569336,106.63999938964844,106.87999725341795,77.8294448852539,9098000,0.0,0.0,-0.912737901196491,0.8330904762805754
2014-11-25,JNJ,Johnson & Johnson,106.9800033569336,107.19000244140624,106.6999969482422,106.6999969482422,77.6983642578125,7367900,0.0,0.0,-0.16856234161663947,0.028413263011284665
2014-11-26,JNJ,Johnson & Johnson,106.7699966430664,107.25,106.5999984741211,107.20999908447266,78.06974792480469,5503700,0.0,0.0,0.4768426162386905,0.22737888066135906
2014-11-28,JNJ,Johnson & Johnson,107.61000061035156,108.81999969482422,107.33000183105467,108.25,78.82707214355469,5881200,0.0,0.0,0.9653861692151617,0.9319704557119249
2014-12-01,JNJ,Johnson & Johnson,107.88999938964844,108.80999755859376,107.3499984741211,108.02999877929688,78.66683959960938,5638800,0.0,0.0,-0.2034778328335049,0.041403228454619766
2014-12-02,JNJ,Johnson & Johnson,107.97000122070312,108.52999877929688,107.5,108.51000213623048,79.01641082763672,6184400,0.0,0.0,0.4433848233916431,0.19659010161403853
2014-12-03,JNJ,Johnson & Johnson,108.54000091552734,108.98999786376952,107.6500015258789,107.72000122070312,78.44114685058594,8957400,0.0,0.0,-0.7306940931166379,0.5339138577155459
2014-12-04,JNJ,Johnson & Johnson,108.08999633789062,108.3000030517578,107.37999725341795,107.55999755859376,78.32462310791016,6697600,0.0,0.0,-0.14865970315603722,0.0220997073424411
2014-12-05,JNJ,Johnson & Johnson,107.52999877929688,108.73999786376952,107.22000122070312,108.51000213623048,79.01641082763672,6449700,0.0,0.0,0.8793537962726663,0.7732630990191499
2014-12-08,JNJ,Johnson & Johnson,108.41999816894533,108.87999725341795,108.13999938964844,108.5199966430664,79.02367401123047,6499300,0.0,0.0,0.009191571374154427,8.44849843261751e-05
2014-12-09,JNJ,Johnson & Johnson,108.22000122070312,108.47000122070312,106.88999938964844,108.0500030517578,78.6814193725586,7214300,0.0,0.0,-0.4340445430806247,0.18839466537806826
2014-12-10,JNJ,Johnson & Johnson,107.61000061035156,107.95999908447266,106.1500015258789,106.23999786376952,77.36339569091797,9416400,0.0,0.0,-1.6893288330094978,2.8538319060372315
2014-12-11,JNJ,Johnson & Johnson,105.8499984741211,107.30999755859376,105.36000061035156,106.72000122070312,77.71292877197266,7114600,0.0,0.0,0.450789215146703,0.2032109164925805
2014-12-12,JNJ,Johnson & Johnson,106.6500015258789,106.87000274658205,104.38999938964844,104.43000030517578,76.04535675048828,8325500,0.0,0.0,-2.1691675372474593,4.705287804648208
2014-12-15,JNJ,Johnson & Johnson,104.7699966430664,105.05999755859376,103.62999725341795,103.95999908447266,75.70311737060547,12110600,0.0,0.0,-0.45106214362061536,0.20345705740762465
2014-12-16,JNJ,Johnson & Johnson,103.4800033569336,105.20999908447266,102.5,102.76000213623048,74.82928466796875,10209200,0.0,0.0,-1.1610025566624915,1.3479269365768418
2014-12-17,JNJ,Johnson & Johnson,103.2699966430664,104.48999786376952,102.6999969482422,104.06999969482422,75.78321838378906,10207600,0.0,0.0,1.266756016537227,1.604670805433263
2014-12-18,JNJ,Johnson & Johnson,105.62000274658205,106.81999969482422,104.73999786376952,106.80999755859376,77.77848052978516,11756800,0.0,0.0,2.5987918265825067,6.753718957912041
2014-12-19,JNJ,Johnson & Johnson,106.62999725341795,107.38999938964844,105.5,105.5500030517578,76.8609390258789,19154400,0.0,0.0,-1.1866990632595287,1.408254666741043
2014-12-22,JNJ,Johnson & Johnson,105.69000244140624,106.83000183105467,105.66999816894533,106.73999786376952,77.72749328613281,8124500,0.0,0.0,1.1211231317010022,1.2569170764350628
2014-12-23,JNJ,Johnson & Johnson,106.66000366210938,106.91000366210938,103.91999816894533,104.27999877929688,75.93614959716797,10171700,0.0,0.0,-2.331618343954826,5.436444101866646
2014-12-24,JNJ,Johnson & Johnson,104.37999725341795,105.33000183105467,104.37999725341795,104.58999633789062,76.1618881225586,3415100,0.0,0.0,0.29683314068117717,0.08810991340665152
2014-12-26,JNJ,Johnson & Johnson,105.06999969482422,105.69000244140624,104.69000244140624,105.05999755859376,76.50411987304688,2951000,0.0,0.0,0.4483412231021686,0.20100985233274854
2014-12-29,JNJ,Johnson & Johnson,104.63999938964844,105.69000244140624,104.61000061035156,105.33000183105467,76.70072174072266,4273400,0.0,0.0,0.256652431507629,0.0658704705987782
2014-12-30,JNJ,Johnson & Johnson,105.41999816894533,105.8000030517578,105.05999755859376,105.36000061035156,76.72258758544922,4371700,0.0,0.0,0.02850394111642465,0.0008124746591686037
2014-12-31,JNJ,Johnson & Johnson,105.61000061035156,106.11000061035156,104.54000091552734,104.56999969482422,76.14730834960938,6202100,0.0,0.0,-0.7526425631102812,0.5664708278052136
2015-01-02,JNJ,Johnson & Johnson,105.0500030517578,105.5500030517578,104.12999725341795,104.5199966430664,76.11090850830078,5753600,0.0,0.0,-0.047813303942756555,0.0022861120339224194
2015-01-05,JNJ,Johnson & Johnson,104.4800033569336,104.7300033569336,103.68000030517578,103.79000091552734,75.57931518554688,8079300,0.0,0.0,-0.700896189670629,0.4912554686948064
2015-01-06,JNJ,Johnson & Johnson,104.33999633789062,104.98999786376952,102.94000244140624,103.27999877929688,75.20793151855469,7428000,0.0,0.0,-0.49259393758365616,0.24264878734417095
2015-01-07,JNJ,Johnson & Johnson,103.91000366210938,105.83000183105467,103.80999755859376,105.55999755859376,76.86821746826172,7931700,0.0,0.0,2.1835796464040222,4.768020072189914
2015-01-08,JNJ,Johnson & Johnson,106.05999755859376,106.48999786376952,105.75,106.38999938964844,77.47262573242188,9916000,0.0,0.0,0.7832163428638272,0.6134278397289882
2015-01-09,JNJ,Johnson & Johnson,106.5,106.5,104.75,104.94000244140624,76.416748046875,7364800,0.0,0.0,-1.3722770186313644,1.883144215863786
2015-01-12,JNJ,Johnson & Johnson,105.16999816894533,105.81999969482422,104.3000030517578,104.58000183105467,76.15460968017578,6839000,0.0,0.0,-0.34362757013945155,0.11807990695994369
2015-01-13,JNJ,Johnson & Johnson,105.44000244140624,106.33000183105467,104.23999786376952,104.76000213623048,76.28569030761719,10151100,0.0,0.0,0.17197638650510674,0.02957587751535386
2015-01-14,JNJ,Johnson & Johnson,103.86000061035156,104.43000030517578,103.51000213623048,104.0,75.73225402832031,8887700,0.0,0.0,-0.7281228894488181,0.5301629421392958
2015-01-15,JNJ,Johnson & Johnson,102.97000122070312,103.93000030517578,101.9499969482422,102.48999786376952,74.63265991210938,10834800,0.0,0.0,-1.462593485722997,2.1391797044793464
2015-01-16,JNJ,Johnson & Johnson,102.05999755859376,104.62000274658205,102.0,104.04000091552734,75.7613754272461,14092300,0.0,0.0,1.5010391938219168,2.25311866138955
2015-01-20,JNJ,Johnson & Johnson,101.5500030517578,102.0500030517578,100.26000213623048,101.29000091552734,73.75881958007812,20460000,0.0,0.0,-2.6788028175314276,7.175984535214315
2015-01-21,JNJ,Johnson & Johnson,100.55999755859376,102.0999984741211,100.4000015258789,101.9000015258789,74.20303344726562,11702900,0.0,0.0,0.6004455779913271,0.3605348921293389
2015-01-22,JNJ,Johnson & Johnson,102.38999938964844,103.83000183105467,101.56999969482422,103.76000213623048,75.55744934082031,9036600,0.0,0.0,1.8088253948483364,3.27184930904824
2015-01-23,JNJ,Johnson & Johnson,102.94000244140624,102.97000122070312,101.94000244140624,102.1999969482422,74.4215087890625,10126000,0.0,0.0,-1.5148288638938145,2.294706486885825
2015-01-26,JNJ,Johnson & Johnson,101.8000030517578,102.4499969482422,101.20999908447266,102.26000213623048,74.4651870727539,8962800,0.0,0.0,0.05867318727387609,0.003442542904875335
2015-01-27,JNJ,Johnson & Johnson,101.83000183105467,102.7699966430664,100.93000030517578,102.08999633789062,74.34140014648438,10160500,0.0,0.0,-0.1663729504670769,0.027679958647120424
2015-01-28,JNJ,Johnson & Johnson,102.4800033569336,102.93000030517578,101.44000244140624,101.4800033569336,73.89720916748047,9053200,0.0,0.0,-0.5992936799611966,0.3591529148414332
2015-01-29,JNJ,Johnson & Johnson,101.51000213623048,102.45999908447266,100.66999816894533,102.37999725341795,74.55256652832031,7569300,0.0,0.0,0.882940530308509,0.7795839800614712
2015-01-30,JNJ,Johnson & Johnson,101.58000183105467,102.0,100.08999633789062,100.13999938964844,72.92142486572266,10676300,0.0,0.0,-2.2121977815474736,4.893819024683563
2015-02-02,JNJ,Johnson & Johnson,100.48999786376952,100.8499984741211,99.37999725341795,100.83000183105467,73.42387390136719,8990700,0.0,0.0,0.6866650505608197,0.47150889166169313
2015-02-03,JNJ,Johnson & Johnson,101.4000015258789,102.55999755859376,101.12000274658205,102.45999908447266,74.61080169677734,10005200,0.0,0.0,1.6036151343390894,2.571581499081376
2015-02-04,JNJ,Johnson & Johnson,102.12000274658205,102.4499969482422,101.0199966430664,101.36000061035156,73.80982208251953,9514100,0.0,0.0,-1.0793478291207348,1.164991736227643
2015-02-05,JNJ,Johnson & Johnson,101.56999969482422,102.55999755859376,101.45999908447266,102.45999908447266,74.61080169677734,6642200,0.0,0.0,1.0793478291207352,1.1649917362276438
2015-02-06,JNJ,Johnson & Johnson,102.11000061035156,102.4499969482422,100.83000183105467,101.0999984741211,73.62047576904297,9215700,0.0,0.0,-1.3362101163736806,1.785457475099365
2015-02-09,JNJ,Johnson & Johnson,101.05999755859376,101.05999755859376,99.0999984741211,99.77999877929688,72.65926361083984,9851700,0.0,0.0,-1.3142298411055184,1.7272000752522363
2015-02-10,JNJ,Johnson & Johnson,100.19000244140624,100.6999969482422,99.43000030517578,100.3499984741211,73.0743408203125,12275500,0.0,0.0,0.5696398349495525,0.3244895415613534
2015-02-11,JNJ,Johnson & Johnson,100.45999908447266,100.79000091552734,99.9499969482422,100.37999725341795,73.09618377685547,8177000,0.0,0.0,0.029886951238302543,0.0008932298543206739
2015-02-12,JNJ,Johnson & Johnson,100.5,100.54000091552734,97.1500015258789,98.44000244140624,71.68348693847656,25835200,0.0,0.0,-1.9515746489417123,3.8086436103919676
2015-02-13,JNJ,Johnson & Johnson,98.44000244140624,99.66999816894533,98.33000183105467,99.62000274658205,72.54275512695312,11153600,0.0,0.0,1.191570054107232,1.4198391938451118
2015-02-17,JNJ,Johnson & Johnson,99.38999938964844,100.4800033569336,99.12000274658205,100.44000244140624,73.13987731933594,8627100,0.0,0.0,0.8197621449943692,0.6720099743657691
2015-02-18,JNJ,Johnson & Johnson,100.6999969482422,100.94000244140624,99.37999725341795,99.95999908447266,72.79033660888672,7878200,0.0,0.0,-0.47905278764677717,0.22949157335214818
2015-02-19,JNJ,Johnson & Johnson,99.9499969482422,100.83999633789062,99.61000061035156,100.6999969482422,73.32920837402344,10028200,0.0,0.0,0.7375799153921967,0.54402413158996
2015-02-20,JNJ,Johnson & Johnson,100.18000030517578,100.37000274658205,99.11000061035156,100.26000213623048,73.51986694335938,10085700,0.7,0.0,0.25966615867691467,0.06742651396202463
2015-02-23,JNJ,Johnson & Johnson,100.73999786376952,100.7699966430664,99.8000030517578,100.18000030517578,73.46118927001953,6878200,0.0,0.0,-0.0798438628334945,0.0063750424321738835
2015-02-24,JNJ,Johnson & Johnson,100.25,101.0500030517578,100.0,100.6999969482422,73.84252166748047,6587200,0.0,0.0,0.5177510422325846,0.26806614173292764
2015-02-25,JNJ,Johnson & Johnson,100.94000244140624,101.29000091552734,100.16000366210938,101.20999908447266,74.21649932861328,9684000,0.0,0.0,0.5051748335863981,0.25520161248904505
2015-02-26,JNJ,Johnson & Johnson,101.37999725341795,103.18000030517578,101.22000122070312,102.8000030517578,75.38243865966797,11437900,0.0,0.0,1.5587850489738901,2.4298108289045333
2015-02-27,JNJ,Johnson & Johnson,103.04000091552734,103.33000183105467,102.4800033569336,102.51000213623048,75.16976165771484,8500000,0.0,0.0,-0.28252943892619703,0.07982288385995169
2015-03-02,JNJ,Johnson & Johnson,102.51000213623048,103.41000366210938,102.51000213623048,103.22000122070312,75.69039916992188,7277600,0.0,0.0,0.6902280580162735,0.4764147720729162
2015-03-03,JNJ,Johnson & Johnson,103.0999984741211,103.0999984741211,101.80999755859376,102.33999633789062,75.04509735107422,6419700,0.0,0.0,-0.8562094210903131,0.7330945727638091
2015-03-04,JNJ,Johnson & Johnson,102.12000274658205,102.12000274658205,101.16999816894533,101.6500015258789,74.53913879394531,8665500,0.0,0.0,-0.6764890468583357,0.45763743051929945
2015-03-05,JNJ,Johnson & Johnson,102.06999969482422,103.20999908447266,102.0,102.5199966430664,75.17708587646484,8042300,0.0,0.0,0.8522135058148932,0.726267859493311
2015-03-06,JNJ,Johnson & Johnson,102.08999633789062,102.43000030517578,99.87999725341795,100.11000061035156,73.40985870361328,9287600,0.0,0.0,-2.378823406881014,5.658800801124994
2015-03-09,JNJ,Johnson & Johnson,100.1999969482422,100.91999816894533,99.76000213623048,100.66000366210938,73.81317138671875,5701100,0.0,0.0,0.5478948392430324,0.3001887548691483
2015-03-10,JNJ,Johnson & Johnson,99.98999786376952,100.44000244140624,99.51000213623048,99.52999877929688,72.98455810546875,8735700,0.0,0.0,-1.1289303786229201,1.2744837997776897
2015-03-11,JNJ,Johnson & Johnson,99.83000183105467,99.83000183105467,98.22000122070312,98.31999969482422,72.09725952148438,9138100,0.0,0.0,-1.2231851812604648,1.4961819876551963
2015-03-12,JNJ,Johnson & Johnson,98.95999908447266,100.23999786376952,98.83000183105467,99.83000183105467,73.20455169677734,8318000,0.0,0.0,1.5241566526261046,2.323053501744412
2015-03-13,JNJ,Johnson & Johnson,99.8499984741211,100.0500030517578,98.63999938964844,99.20999908447266,72.7498779296875,7821800,0.0,0.0,-0.6230372576276596,0.38817542439219466
2015-03-16,JNJ,Johnson & Johnson,99.73999786376952,101.06999969482422,99.73999786376952,101.05999755859376,74.10649108886719,7726500,0.0,0.0,1.8475899397758049,3.4135885855607624
2015-03-17,JNJ,Johnson & Johnson,100.11000061035156,100.5199966430664,99.41000366210938,99.88999938964844,73.24854278564453,7301500,0.0,0.0,-1.1644773517555687,1.3560075027516625
2015-03-18,JNJ,Johnson & Johnson,99.88999938964844,101.73999786376952,99.12999725341795,101.45999908447266,74.39981079101562,7972500,0.0,0.0,1.5595044716345332,2.4320541970481044
2015-03-19,JNJ,Johnson & Johnson,101.04000091552734,101.95999908447266,100.91000366210938,101.69000244140624,74.5684585571289,6863100,0.0,0.0,0.22642115519114825,0.05126653951809404
2015-03-20,JNJ,Johnson & Johnson,101.87000274658205,102.9000015258789,101.76000213623048,102.4000015258789,75.08910369873047,12433800,0.0,0.0,0.6957847424378243,0.48411640780926946
2015-03-23,JNJ,Johnson & Johnson,102.47000122070312,103.3499984741211,102.2300033569336,102.9800033569336,75.51439666748047,9016000,0.0,0.0,0.5647864733929367,0.31898376052763044
2015-03-24,JNJ,Johnson & Johnson,102.83000183105467,103.2300033569336,101.93000030517578,101.95999908447266,74.76644897460938,8390700,0.0,0.0,-0.9954081179841568,0.9908373213487611
2015-03-25,JNJ,Johnson & Johnson,101.8499984741211,102.5,100.33999633789062,100.33999633789062,73.57850646972656,8444100,0.0,0.0,-1.6016289810722162,2.5652153930104253
2015-03-26,JNJ,Johnson & Johnson,99.9499969482422,100.80999755859376,99.55999755859376,100.13999938964844,73.4318618774414,9972400,0.0,0.0,-0.19950244676276274,0.039801226264328984
2015-03-27,JNJ,Johnson & Johnson,100.27999877929688,100.9499969482422,100.1500015258789,100.33999633789062,73.57850646972656,5847400,0.0,0.0,0.19950244676277246,0.039801226264332856
2015-03-30,JNJ,Johnson & Johnson,101.23999786376952,101.86000061035156,100.76000213623048,101.5500030517578,74.46581268310547,6061200,0.0,0.0,1.1987178479586789,1.4369244790146862
2015-03-31,JNJ,Johnson & Johnson,100.97000122070312,101.48999786376952,100.58999633789062,100.5999984741211,73.7691650390625,8028000,0.0,0.0,-0.9399303506218525,0.8834690640201186
2015-04-01,JNJ,Johnson & Johnson,100.45999908447266,100.45999908447266,98.61000061035156,99.1500015258789,72.70590209960938,11368100,0.0,0.0,-1.451826083937353,2.10779897800087
2015-04-02,JNJ,Johnson & Johnson,99.44000244140624,99.98999786376952,98.88999938964844,99.63999938964844,73.06523895263672,6097100,0.0,0.0,0.49301607750959686,0.24306485268294883
2015-04-06,JNJ,Johnson & Johnson,98.83999633789062,99.55999755859376,98.04000091552734,99.16000366210938,72.71321868896484,9697600,0.0,0.0,-0.48295331640641787,0.23324390582795756
2015-04-07,JNJ,Johnson & Johnson,99.5500030517578,100.87000274658205,99.43000030517578,100.0999984741211,73.40252685546875,7900300,0.0,0.0,0.9435167682755952,0.8902238920172232
2015-04-08,JNJ,Johnson & Johnson,99.83999633789062,100.4499969482422,99.5999984741211,100.16000366210938,73.446533203125,7354100,0.0,0.0,0.059934124135332965,0.0035920992358695015
2015-04-09,JNJ,Johnson & Johnson,100.56999969482422,101.6500015258789,100.33000183105467,101.33000183105467,74.3044662475586,8073900,0.0,0.0,1.1613358827506768,1.3487010325642936
2015-04-10,JNJ,Johnson & Johnson,101.33000183105467,102.13999938964844,100.93000030517578,102.05999755859376,74.83978271484375,6786500,0.0,0.0,0.7178537151888651,0.5153139564104563
2015-04-13,JNJ,Johnson & Johnson,101.54000091552734,101.9800033569336,100.5500030517578,100.5500030517578,73.73249816894531,10753500,0.0,0.0,-1.4905943979189884,2.2218716591074714
2015-04-14,JNJ,Johnson & Johnson,101.0500030517578,101.45999908447266,100.19000244140624,100.5199966430664,73.71051025390625,9322200,0.0,0.0,-0.02982564644774134,0.0008895691860256657
2015-04-15,JNJ,Johnson & Johnson,100.54000091552734,101.23999786376952,100.33000183105467,100.5999984741211,73.7691650390625,8237100,0.0,0.0,0.079542876850445,0.00632706925764506
2015-04-16,JNJ,Johnson & Johnson,100.2699966430664,100.31999969482422,99.7699966430664,99.79000091552734,73.17517852783203,7324800,0.0,0.0,-0.8084554084299234,0.6536001474195942
2015-04-17,JNJ,Johnson & Johnson,99.37000274658205,99.8499984741211,99.11000061035156,99.58000183105467,73.02120971679688,11084200,0.0,0.0,-0.21063292986779952,0.044366231144693354
2015-04-20,JNJ,Johnson & Johnson,100.26000213623048,100.87999725341795,100.0500030517578,100.20999908447266,73.4831771850586,6668500,0.0,0.0,0.6306555171060096,0.39772638125624843
2015-04-21,JNJ,Johnson & Johnson,100.66000366210938,100.98999786376952,100.16000366210938,100.3000030517578,73.5491943359375,6532700,0.0,0.0,0.0897994837902759,0.008063947289000024
2015-04-22,JNJ,Johnson & Johnson,100.62999725341795,100.8000030517578,99.95999908447266,100.43000030517578,73.64450073242188,4763900,0.0,0.0,0.12949795133405845,0.01676971939971817
2015-04-23,JNJ,Johnson & Johnson,100.5,100.81999969482422,99.91000366210938,100.45999908447266,73.66651153564453,7351500,0.0,0.0,0.02988344597945645,0.000893020343607092
2015-04-24,JNJ,Johnson & Johnson,100.11000061035156,101.52999877929688,100.0,101.08000183105467,74.12113952636719,6566900,0.0,0.0,0.6152468376563734,0.37852867124616796
2015-04-27,JNJ,Johnson & Johnson,101.16000366210938,101.5999984741211,100.47000122070312,100.58000183105467,73.75447845458984,9113900,0.0,0.0,-0.49590571887597223,0.2459224820138948
2015-04-28,JNJ,Johnson & Johnson,100.4499969482422,100.9499969482422,99.30999755859376,100.73999786376952,73.87184143066406,7484600,0.0,0.0,0.15900010362775122,0.025281032953635624
2015-04-29,JNJ,Johnson & Johnson,100.51000213623048,100.61000061035156,99.9000015258789,100.38999938964844,73.61518096923828,8926200,0.0,0.0,-0.3480451586021888,0.12113543242642277
2015-04-30,JNJ,Johnson & Johnson,100.06999969482422,100.1500015258789,98.7699966430664,99.1999969482422,72.7425537109375,10170600,0.0,0.0,-1.1924721310314093,1.4219897832865904
2015-05-01,JNJ,Johnson & Johnson,99.62000274658205,100.38999938964844,99.62000274658205,100.12999725341795,73.42453002929688,6255000,0.0,0.0,0.9331530049464142,0.8707745306405225
2015-05-04,JNJ,Johnson & Johnson,100.33000183105467,100.5500030517578,100.16000366210938,100.3499984741211,73.58584594726562,5532400,0.0,0.0,0.21946203680308046,0.048163585597756645
2015-05-05,JNJ,Johnson & Johnson,100.12999725341795,100.29000091552734,99.29000091552734,99.5,72.9625473022461,8828000,0.0,0.0,-0.8506437902978427,0.7235948579722801
2015-05-06,JNJ,Johnson & Johnson,99.62000274658205,99.87000274658205,98.66000366210938,99.16999816894533,72.7205810546875,8030800,0.0,0.0,-0.3321818700424285,0.11034479478488485
2015-05-07,JNJ,Johnson & Johnson,98.94000244140624,100.0,98.91000366210938,99.66000366210938,73.07988739013672,6401600,0.0,0.0,0.4928750458138528,0.24292581078600747
2015-05-08,JNJ,Johnson & Johnson,100.4800033569336,101.66999816894533,100.44000244140624,101.47000122070312,74.40713500976562,7508600,0.0,0.0,1.7998647313340987,3.2395130511003676
2015-05-11,JNJ,Johnson & Johnson,101.31999969482422,101.66000366210938,101.01000213623048,101.02999877929688,74.08448791503906,5698900,0.0,0.0,-0.43456674003887336,0.18884825154801374
2015-05-12,JNJ,Johnson & Johnson,100.87999725341795,101.0500030517578,100.27999877929688,100.47000122070312,73.6738510131836,6903100,0.0,0.0,-0.5558237349151438,0.30894002429502004
2015-05-13,JNJ,Johnson & Johnson,100.68000030517578,101.12999725341795,100.47000122070312,100.5500030517578,73.73249816894531,5826800,0.0,0.0,0.07957209330750438,0.006331718033338183
2015-05-14,JNJ,Johnson & Johnson,100.97000122070312,101.87000274658205,100.9499969482422,101.83000183105467,74.6711196899414,5454000,0.0,0.0,1.2649746019886892,1.6001607436764425
2015-05-15,JNJ,Johnson & Johnson,101.9800033569336,102.31999969482422,101.66999816894533,102.3000030517578,75.01578521728516,6023500,0.0,0.0,0.46051608413155143,0.21207506374385815
2015-05-18,JNJ,Johnson & Johnson,102.37000274658205,104.33999633789062,102.31999969482422,103.41999816894533,75.83707427978516,10479600,0.0,0.0,1.0888718713654595,1.1856419522509178
2015-05-19,JNJ,Johnson & Johnson,103.66000366210938,104.12000274658205,103.26000213623048,103.95999908447266,76.2330322265625,7724100,0.0,0.0,0.5207582880067372,0.27118919452770784
2015-05-20,JNJ,Johnson & Johnson,104.41999816894533,104.4800033569336,103.30999755859376,103.5999984741211,75.96905517578125,7146500,0.0,0.0,-0.34687739173116605,0.12032392489421682
2015-05-21,JNJ,Johnson & Johnson,102.91000366210938,103.3000030517578,102.33999633789062,102.41999816894533,75.65142822265625,6875600,0.75,0.0,-0.4189769227022952,0.17554166175708505
2015-05-22,JNJ,Johnson & Johnson,102.2699966430664,102.41000366210938,101.33000183105467,101.3499984741211,74.86109161376953,6216600,0.0,0.0,-1.0502034963798348,1.1029273838084297
2015-05-26,JNJ,Johnson & Johnson,101.2300033569336,101.5500030517578,100.58000183105467,100.81999969482422,74.46963500976562,7918900,0.0,0.0,-0.5242825900949688,0.27487223427668905
2015-05-27,JNJ,Johnson & Johnson,101.01000213623048,101.41000366210938,100.8000030517578,101.12999725341795,74.69859313964844,9297900,0.0,0.0,0.30697999503705736,0.09423671735295176
2015-05-28,JNJ,Johnson & Johnson,101.01000213623048,101.6999969482422,100.80999755859376,101.1500015258789,74.71337127685547,5700100,0.0,0.0,0.019781732089443668,0.0003913169244585253
2015-05-29,JNJ,Johnson & Johnson,101.5500030517578,101.62000274658205,99.83000183105467,100.13999938964844,73.96735382080078,9957800,0.0,0.0,-1.0035244531734122,1.007061328116996
2015-06-01,JNJ,Johnson & Johnson,100.27999877929688,100.5999984741211,99.72000122070312,100.04000091552734,73.89347076416016,7298100,0.0,0.0,-0.09993595395811918,0.009987194893519315
2015-06-02,JNJ,Johnson & Johnson,99.91999816894533,100.23999786376952,99.0999984741211,99.9800033569336,73.84915924072266,8312400,0.0,0.0,-0.0599847515435495,0.003598170417741364
2015-06-03,JNJ,Johnson & Johnson,100.31999969482422,100.43000030517578,99.83999633789062,100.08999633789062,73.9303970336914,5375200,0.0,0.0,0.10994457311960457,0.012087809158452074
2015-06-04,JNJ,Johnson & Johnson,99.94000244140624,100.47000122070312,99.05999755859376,99.2300033569336,73.29519653320312,8057900,0.0,0.0,-0.8628994816585895,0.7445955154466625
2015-06-05,JNJ,Johnson & Johnson,98.98999786376952,99.0500030517578,98.1999969482422,98.58999633789062,72.82242584228516,7557300,0.0,0.0,-0.6471120088310732,0.418753951973387
2015-06-08,JNJ,Johnson & Johnson,98.5999984741211,98.9800033569336,97.95999908447266,97.95999908447266,72.35710906982422,7054600,0.0,0.0,-0.6410247368722106,0.41091271328208684
2015-06-09,JNJ,Johnson & Johnson,98.44000244140624,98.54000091552734,97.8000030517578,98.20999908447266,72.54173278808594,7844300,0.0,0.0,0.25483132343240733,0.06493900340231219
2015-06-10,JNJ,Johnson & Johnson,98.4800033569336,99.5500030517578,98.1999969482422,98.87999725341795,73.03665924072266,10025100,0.0,0.0,0.679947556172699,0.46232867914522563
2015-06-11,JNJ,Johnson & Johnson,99.1999969482422,99.8000030517578,98.83000183105467,99.23999786376952,73.30256652832031,6175200,0.0,0.0,0.36341258312726193,0.13206870557522907
2015-06-12,JNJ,Johnson & Johnson,98.87999725341795,99.2300033569336,98.12000274658205,98.3499984741211,72.64517974853516,8717200,0.0,0.0,-0.9008583446857411,0.8115457571899335
2015-06-15,JNJ,Johnson & Johnson,97.75,97.87000274658205,97.01000213623048,97.48999786376952,72.00994873046875,6833500,0.0,0.0,-0.8782752579113222,0.7713674286591996
2015-06-16,JNJ,Johnson & Johnson,97.5,98.48999786376952,97.0999984741211,98.36000061035156,72.6525650024414,6049500,0.0,0.0,0.888440940696384,0.7893273051054758
2015-06-17,JNJ,Johnson & Johnson,98.37999725341795,99.12000274658205,98.1500015258789,98.7300033569336,72.92584991455078,6155800,0.0,0.0,0.37544746353449976,0.14096079787448954
2015-06-18,JNJ,Johnson & Johnson,98.86000061035156,100.5500030517578,98.70999908447266,100.36000061035156,74.12982940673828,8815800,0.0,0.0,1.6374837069513648,2.681352890531183
2015-06-19,JNJ,Johnson & Johnson,99.87999725341795,100.1999969482422,99.77999877929688,99.86000061035156,73.760498046875,11653600,0.0,0.0,-0.4994675906460227,0.2494678741057429
2015-06-22,JNJ,Johnson & Johnson,100.5999984741211,100.83999633789062,99.98999786376952,100.08999633789062,73.9303970336914,5055900,0.0,0.0,0.23007384669035982,0.05293397493089919
2015-06-23,JNJ,Johnson & Johnson,100.0999984741211,100.36000061035156,99.4800033569336,99.77999877929688,73.70142364501953,6046600,0.0,0.0,-0.31019541887373464,0.09622119789025169
2015-06-24,JNJ,Johnson & Johnson,99.51000213623048,99.80999755859376,99.06999969482422,99.33000183105467,73.36904907226562,7254700,0.0,0.0,-0.4519943840220979,0.20429892318751572
2015-06-25,JNJ,Johnson & Johnson,99.5,99.9800033569336,99.11000061035156,99.12000274658205,73.21392822265625,6581100,0.0,0.0,-0.2116492793063253,0.0447954174308869
2015-06-26,JNJ,Johnson & Johnson,99.43000030517578,100.12999725341795,99.25,99.63999938964844,73.59803771972656,9041100,0.0,0.0,0.5232684829820947,0.27380990528238275
2015-06-29,JNJ,Johnson & Johnson,98.9800033569336,99.3499984741211,97.62000274658205,97.68000030517578,72.1502914428711,11150900,0.0,0.0,-1.9867039348695714,3.9469925248262383
2015-06-30,JNJ,Johnson & Johnson,98.43000030517578,98.4499969482422,97.3000030517578,97.45999908447266,71.98780059814453,8967900,0.0,0.0,-0.22546560907043522,0.05083474087350232
2015-07-01,JNJ,Johnson & Johnson,98.3000030517578,98.68000030517578,97.63999938964844,98.47000122070312,72.73380279541016,6726700,0.0,0.0,1.0309570752456023,1.0628724909989664
2015-07-02,JNJ,Johnson & Johnson,98.8499984741211,99.0199966430664,98.31999969482422,98.44000244140624,72.71165466308594,6091900,0.0,0.0,-0.03045558504531976,0.0009275426604527045
2015-07-06,JNJ,Johnson & Johnson,97.70999908447266,98.5,96.63999938964844,98.1999969482422,72.53439331054688,6817800,0.0,0.0,-0.24408435619166932,0.0595771729375017
2015-07-07,JNJ,Johnson & Johnson,98.62999725341795,98.9800033569336,97.5199966430664,98.91999816894533,73.06620788574219,7122600,0.0,0.0,0.7305147586691793,0.5336518126334892
2015-07-08,JNJ,Johnson & Johnson,98.41999816894533,98.58999633789062,97.69000244140624,97.7699966430664,72.21675109863281,6845500,0.0,0.0,-1.1693958784975498,1.3674867206470562
2015-07-09,JNJ,Johnson & Johnson,99.0500030517578,99.54000091552734,98.4000015258789,98.4000015258789,72.68209075927734,7316400,0.0,0.0,0.6422981087544642,0.4125468605095616
2015-07-10,JNJ,Johnson & Johnson,99.77999877929688,99.88999938964844,99.08999633789062,99.52999877929688,73.51677703857422,6969300,0.0,0.0,1.1418629447286244,1.3038509845443256
2015-07-13,JNJ,Johnson & Johnson,100.0500030517578,100.4800033569336,99.87000274658205,100.2699966430664,74.06334686279297,6986300,0.0,0.0,0.7407126498529923,0.5486552296522417
2015-07-14,JNJ,Johnson & Johnson,99.26000213623048,99.87999725341795,98.5500030517578,99.77999877929688,73.70142364501953,9890600,0.0,0.0,-0.4898649932299844,0.23996771159221264
2015-07-15,JNJ,Johnson & Johnson,99.76000213623048,100.94000244140624,99.62999725341795,100.41999816894533,74.17415618896484,7990300,0.0,0.0,0.639367439682187,0.408790722925755
2015-07-16,JNJ,Johnson & Johnson,100.9499969482422,101.36000061035156,100.77999877929688,101.11000061035156,74.68384552001953,5775000,0.0,0.0,0.6848020489880636,0.4689538462982503
2015-07-17,JNJ,Johnson & Johnson,100.88999938964844,100.91000366210938,99.95999908447266,100.08000183105467,73.92302703857422,8054200,0.0,0.0,-1.02394339606614,1.0484600783474598
2015-07-20,JNJ,Johnson & Johnson,100.5,100.6500015258789,100.0999984741211,100.37000274658205,74.13724517822266,5016200,0.0,0.0,0.28936633158498815,0.0837328738549533
2015-07-21,JNJ,Johnson & Johnson,100.5999984741211,100.80999755859376,100.06999969482422,100.33999633789062,74.11505126953125,5891600,0.0,0.0,-0.029940728594412304,0.0008964472287642586
2015-07-22,JNJ,Johnson & Johnson,100.41000366210938,100.70999908447266,99.7300033569336,100.18000030517578,73.99687957763672,6721900,0.0,0.0,-0.15957082767540937,0.025462849045015192
2015-07-23,JNJ,Johnson & Johnson,100.5,100.5999984741211,100.0,100.1999969482422,74.01165771484375,5016100,0.0,0.0,0.019969303834061303,0.00039877309561705545
2015-07-24,JNJ,Johnson & Johnson,99.75,99.9499969482422,99.0500030517578,99.1500015258789,73.23609161376953,6524200,0.0,0.0,-1.053426319505815,1.1097070106275673
2015-07-27,JNJ,Johnson & Johnson,98.97000122070312,98.98999786376952,97.91999816894533,98.27999877929688,72.5934829711914,8734000,0.0,0.0,-0.881320272410079,0.7767254225609759
2015-07-28,JNJ,Johnson & Johnson,98.88999938964844,99.2300033569336,98.41999816894533,99.0199966430664,73.14006042480469,7757500,0.0,0.0,0.750108730905435,0.5626631081805622
2015-07-29,JNJ,Johnson & Johnson,99.26000213623048,100.0500030517578,99.0500030517578,99.7300033569336,73.66450500488281,7853500,0.0,0.0,0.71448297204425,0.5104859173411845
2015-07-30,JNJ,Johnson & Johnson,99.8000030517578,100.0,99.37999725341795,99.83999633789062,73.74576568603516,5517400,0.0,0.0,0.11025105510314745,0.012155295151357255
2015-07-31,JNJ,Johnson & Johnson,100.33999633789062,100.9800033569336,99.95999908447266,100.20999908447266,74.01902770996094,6216800,0.0,0.0,0.36986122222768214,0.13679732370775488
2015-08-03,JNJ,Johnson & Johnson,100.0,100.20999908447266,99.2300033569336,100.0199966430664,73.87871551513672,6172500,0.0,0.0,-0.18974222846225705,0.03600211326182335
2015-08-04,JNJ,Johnson & Johnson,100.41000366210938,100.5,99.6500015258789,99.8000030517578,73.71619415283203,6005300,0.0,0.0,-0.2202263321350552,0.04849963736565964
2015-08-05,JNJ,Johnson & Johnson,100.56999969482422,101.0,100.3499984741211,100.5199966430664,74.24803161621094,4571300,0.0,0.0,0.7188761350706003,0.516782897574044
2015-08-06,JNJ,Johnson & Johnson,100.48999786376952,100.5999984741211,99.01000213623048,99.06999969482422,73.177001953125,6988000,0.0,0.0,-1.4530076478177885,2.1112312246169824
2015-08-07,JNJ,Johnson & Johnson,99.0199966430664,99.06999969482422,98.16000366210938,98.8499984741211,73.01448822021484,6027900,0.0,0.0,-0.22233004077111207,0.049430647029284354
2015-08-10,JNJ,Johnson & Johnson,99.56999969482422,100.05999755859376,99.4499969482422,99.79000091552734,73.70880126953125,6133500,0.0,0.0,0.9464322049864616,0.8957339186355358
2015-08-11,JNJ,Johnson & Johnson,99.0500030517578,99.33999633789062,98.7699966430664,99.01000213623048,73.13268280029297,6682600,0.0,0.0,-0.7846848307179072,0.6157302835587907
2015-08-12,JNJ,Johnson & Johnson,98.4000015258789,98.7300033569336,97.41000366210938,98.70999908447266,72.91108703613281,7462400,0.0,0.0,-0.30346509743836003,0.09209106536327334
2015-08-13,JNJ,Johnson & Johnson,98.73999786376952,98.9800033569336,98.1500015258789,98.4800033569336,72.74121856689453,5048000,0.0,0.0,-0.23325212127786235,0.05440655208062261
2015-08-14,JNJ,Johnson & Johnson,98.33000183105467,98.83000183105467,97.87000274658205,98.80999755859376,72.98495483398438,5177300,0.0,0.0,0.33451299609883217,0.1118989445590173
2015-08-17,JNJ,Johnson & Johnson,98.44000244140624,99.87999725341795,98.05999755859376,99.87000274658205,73.76791381835938,6901800,0.0,0.0,1.0670543214030193,1.138604924824858
2015-08-18,JNJ,Johnson & Johnson,99.23999786376952,99.68000030517578,99.0199966430664,99.37000274658205,73.39861297607422,7618800,0.0,0.0,-0.5018826298484983,0.2518861741436447
2015-08-19,JNJ,Johnson & Johnson,99.18000030517578,99.98999786376952,98.77999877929688,99.30999755859376,73.3542709350586,7642400,0.0,0.0,-0.06043089741515426,0.003651893362400898
2015-08-20,JNJ,Johnson & Johnson,98.9499969482422,100.12000274658205,98.79000091552734,98.79000091552734,72.97018432617188,10620400,0.0,0.0,-0.5249805855546109,0.27560461520926216
2015-08-21,JNJ,Johnson & Johnson,97.22000122070312,98.5199966430664,95.51000213623048,95.55999755859376,71.12434387207031,16141500,0.75,0.0,-2.5621256421805283,6.564487806318985
2015-08-24,JNJ,Johnson & Johnson,91.08000183105467,95.20999908447266,81.79000091552734,92.81999969482422,69.08499145507812,25636300,0.0,0.0,-2.9092160585144637,8.463538075118432
2015-08-25,JNJ,Johnson & Johnson,95.69000244140624,95.6999969482422,90.4000015258789,90.7300033569336,67.52941131591797,15671100,0.0,0.0,-2.2774280644064318,5.186678588546026
2015-08-26,JNJ,Johnson & Johnson,92.91000366210938,95.22000122070312,91.45999908447266,95.11000061035156,70.78941345214844,14738300,0.0,0.0,4.714623582981192,22.22767552920241
2015-08-27,JNJ,Johnson & Johnson,96.0999984741211,96.4000015258789,94.3499984741211,96.22000122070312,71.61556243896484,11131200,0.0,0.0,1.1602940841183094,1.3462823616399464
2015-08-28,JNJ,Johnson & Johnson,95.93000030517578,96.29000091552734,94.37999725341795,95.16999816894533,70.83405303955078,9200300,0.0,0.0,-1.0972542645368848,1.20396692104438
2015-08-31,JNJ,Johnson & Johnson,94.87999725341795,95.16999816894533,93.58000183105467,93.9800033569336,69.94834899902344,9083500,0.0,0.0,-1.2582761957390454,1.5832589847635243
2015-09-01,JNJ,Johnson & Johnson,92.29000091552734,92.88999938964844,91.45999908447266,92.08999633789062,68.5416488647461,14593500,0.0,0.0,-2.031552511829352,4.127205608320149
2015-09-02,JNJ,Johnson & Johnson,93.16999816894533,93.47000122070312,92.5,93.3499984741211,69.47945404052734,11517400,0.0,0.0,1.3589510421391653,1.8467479349311233
2015-09-03,JNJ,Johnson & Johnson,93.66000366210938,94.08999633789062,92.26000213623048,92.63999938964844,68.95101928710938,9027200,0.0,0.0,-0.7634696429513428,0.5828858957082509
2015-09-04,JNJ,Johnson & Johnson,91.58000183105467,91.87999725341795,90.56999969482422,91.30999755859376,67.96112060546875,10996800,0.0,0.0,-1.44606012598039,2.0910898879504214
2015-09-08,JNJ,Johnson & Johnson,93.08999633789062,93.9800033569336,92.51000213623048,93.94000244140624,69.9185791015625,11394100,0.0,0.0,2.8395623507300223,8.06311434368341
2015-09-09,JNJ,Johnson & Johnson,94.98999786376952,95.16000366210938,92.02999877929688,92.22000122070312,68.63839721679688,7384500,0.0,0.0,-1.8479305030861382,3.414847144236188
2015-09-10,JNJ,Johnson & Johnson,92.11000061035156,93.4800033569336,91.62000274658205,92.72000122070312,69.01055145263672,8359500,0.0,0.0,0.5407308173742535,0.29238981685822835
2015-09-11,JNJ,Johnson & Johnson,92.44000244140624,93.0,91.8000030517578,92.93000030517578,69.1668472290039,7381300,0.0,0.0,0.22622490293720074,0.0511777067089459
2015-09-14,JNJ,Johnson & Johnson,92.9000015258789,93.91000366210938,92.51000213623048,93.31999969482422,69.4571304321289,7948700,0.0,0.0,0.41880724001523817,0.1753995042891813
2015-09-15,JNJ,Johnson & Johnson,93.79000091552734,94.75,93.19000244140624,94.4000015258789,70.26097106933594,7030700,0.0,0.0,1.1506733886598408,1.324049247369921
2015-09-16,JNJ,Johnson & Johnson,94.48999786376952,94.81999969482422,93.81999969482422,94.61000061035156,70.41728210449219,5630400,0.0,0.0,0.2222249650629703,0.04938393509723837
2015-09-17,JNJ,Johnson & Johnson,94.52999877929688,96.19000244140624,94.31999969482422,94.83999633789062,70.58843231201172,8258000,0.0,0.0,0.24275653263815772,0.05893073413850093
2015-09-18,JNJ,Johnson & Johnson,94.08000183105467,94.72000122070312,93.25,93.38999938964844,69.50921630859375,14211100,0.0,0.0,-1.5406930267086127,2.373735002548546
2015-09-21,JNJ,Johnson & Johnson,93.87000274658205,94.5999984741211,92.37000274658205,93.12999725341795,69.31571960449219,7053700,0.0,0.0,-0.2787637943182226,0.07770925302269233
2015-09-22,JNJ,Johnson & Johnson,92.26000213623048,93.44000244140624,91.87999725341795,93.23999786376952,69.3975830078125,10618700,0.0,0.0,0.11803253369756506,0.01393167901106683
2015-09-23,JNJ,Johnson & Johnson,93.20999908447266,93.6999969482422,92.55999755859376,92.98999786376952,69.21151733398438,5609300,0.0,0.0,-0.26847556925395616,0.0720791312862358
2015-09-24,JNJ,Johnson & Johnson,92.5199966430664,92.94000244140624,91.77999877929688,92.4800033569336,68.83192443847656,7407600,0.0,0.0,-0.5499628919631354,0.3024591825364554
2015-09-25,JNJ,Johnson & Johnson,92.93000030517578,93.12999725341795,90.76000213623048,91.0,67.73038482666016,10794400,0.0,0.0,-1.6132760331096647,2.602659559006056
2015-09-28,JNJ,Johnson & Johnson,90.6999969482422,92.06999969482422,89.9000015258789,91.37000274658205,68.00577545166016,14332800,0.0,0.0,0.40577396958904716,0.16465251439605297
2015-09-29,JNJ,Johnson & Johnson,92.23999786376952,93.83999633789062,91.83000183105467,93.04000091552734,69.24872589111328,11520000,0.0,0.0,1.8112111531761903,3.280485841389825
2015-09-30,JNJ,Johnson & Johnson,94.12999725341795,94.47000122070312,92.58999633789062,93.3499984741211,69.47945404052734,10970100,0.0,0.0,0.33263373349101005,0.1106452006561683
2015-10-01,JNJ,Johnson & Johnson,93.43000030517578,93.8499984741211,91.76000213623048,93.16999816894533,69.34547424316406,9675900,0.0,0.0,-0.19301985690422332,0.03725666515932685
2015-10-02,JNJ,Johnson & Johnson,92.13999938964844,93.97000122070312,91.83999633789062,93.93000030517578,69.91114044189453,8368100,0.0,0.0,0.8124128411987939,0.6600146245446966
2015-10-05,JNJ,Johnson & Johnson,94.19000244140624,94.81999969482422,94.08000183105467,94.76000213623048,70.5289306640625,9419200,0.0,0.0,0.8797976279426597,0.7740438661335307
2015-10-06,JNJ,Johnson & Johnson,94.5199966430664,94.66000366210938,92.58000183105467,93.41999816894533,69.53155517578125,8365200,0.0,0.0,-1.4242308835261879,2.028433609589786
2015-10-07,JNJ,Johnson & Johnson,94.26000213623048,95.41999816894533,93.44000244140624,94.9800033569336,70.69266510009766,9397300,0.0,0.0,1.6561139868370305,2.7427135373972438
2015-10-08,JNJ,Johnson & Johnson,94.70999908447266,95.1999969482422,93.80999755859376,95.08000183105467,70.76705932617188,7090700,0.0,0.0,0.10518079719789239,0.011063000099184168
2015-10-09,JNJ,Johnson & Johnson,95.13999938964844,95.95999908447266,94.77999877929688,95.37000274658205,70.98294067382812,8259700,0.0,0.0,0.3045947295446866,0.09277794926640076
2015-10-12,JNJ,Johnson & Johnson,95.06999969482422,96.47000122070312,94.9800033569336,95.98999786376952,71.44437408447266,8957900,0.0,0.0,0.647958610843699,0.41985036136649617
2015-10-13,JNJ,Johnson & Johnson,94.79000091552734,96.2300033569336,94.30999755859376,95.4499969482422,71.04246520996094,12761900,0.0,0.0,-0.5641362281542668,0.31824968391612296
2015-10-14,JNJ,Johnson & Johnson,95.20999908447266,95.95999908447266,94.12000274658205,94.52999877929688,70.35769653320312,8881900,0.0,0.0,-0.9685618765295038,0.9381121086663536
2015-10-15,JNJ,Johnson & Johnson,95.0,97.3499984741211,94.86000061035156,97.1500015258789,72.30774688720703,9561900,0.0,0.0,2.7339091591982436,7.474259290748047
2015-10-16,JNJ,Johnson & Johnson,97.87000274658205,98.30999755859376,97.4000015258789,98.23999786376952,73.11903381347656,9495300,0.0,0.0,1.1157440722629202,1.2448848347898445
2015-10-19,JNJ,Johnson & Johnson,98.0500030517578,98.1999969482422,97.30999755859376,97.94000244140624,72.895751953125,8725400,0.0,0.0,-0.30583482791563377,0.09353494196618532
2015-10-20,JNJ,Johnson & Johnson,97.9499969482422,98.25,97.30999755859376,97.58999633789062,72.63525390625,6041800,0.0,0.0,-0.3579970104001165,0.12816185945542113
2015-10-21,JNJ,Johnson & Johnson,97.63999938964844,98.22000122070312,97.06999969482422,97.62999725341795,72.66500091552734,7059800,0.0,0.0,0.04094557126472906,0.001676539806195006
2015-10-22,JNJ,Johnson & Johnson,97.8499984741211,99.80999755859376,97.12999725341795,99.52999877929688,74.07916259765625,9887900,0.0,0.0,1.9274435569291675,3.7150386651477607
2015-10-23,JNJ,Johnson & Johnson,99.87999725341795,100.87999725341795,99.52999877929688,100.30999755859376,74.65970611572266,9178900,0.0,0.0,0.7806250930377451,0.6093755358801881
2015-10-26,JNJ,Johnson & Johnson,100.0500030517578,100.27999877929688,99.48999786376952,99.94000244140624,74.38432312011719,7561600,0.0,0.0,-0.3695328291788227,0.13655451184090495
2015-10-27,JNJ,Johnson & Johnson,99.91999816894533,100.9000015258789,99.6999969482422,100.19000244140624,74.57039642333984,8883200,0.0,0.0,0.24983887799091864,0.06241946495576113
2015-10-28,JNJ,Johnson & Johnson,100.4499969482422,100.4800033569336,99.5,100.4800033569336,74.78626251220703,7256300,0.0,0.0,0.289061419442681,0.08355650421021756
2015-10-29,JNJ,Johnson & Johnson,100.47000122070312,101.52999877929688,100.12000274658205,101.37000274658205,75.44866180419922,6340700,0.0,0.0,0.8818237003413814,0.7776130384837664
2015-10-30,JNJ,Johnson & Johnson,101.52999877929688,102.12000274658205,101.01000213623048,101.02999877929688,75.19558715820312,10520300,0.0,0.0,-0.3359901035954112,0.11288934971405515
2015-11-02,JNJ,Johnson & Johnson,101.18000030517578,102.33999633789062,100.83999633789062,102.16999816894533,76.0440902709961,6297900,0.0,0.0,1.1220759390578265,1.2590544130125032
2015-11-03,JNJ,Johnson & Johnson,101.83999633789062,102.3000030517578,101.11000061035156,101.95999908447266,75.88780212402344,6229200,0.0,0.0,-0.20573455597152185,0.042326707520799256
2015-11-04,JNJ,Johnson & Johnson,101.9000015258789,102.38999938964844,101.69000244140624,101.94000244140624,75.8729019165039,5592300,0.0,0.0,-0.019636450241336773,0.000385590178080495
2015-11-05,JNJ,Johnson & Johnson,102.25,102.48999786376952,101.41999816894533,102.33000183105467,76.16319274902344,6545600,0.0,0.0,0.3818714048447137,0.14582576983807524
2015-11-06,JNJ,Johnson & Johnson,101.56999969482422,101.91999816894533,100.86000061035156,101.91999816894533,75.8580093383789,6221100,0.0,0.0,-0.40150165427728957,0.16120357838740015
2015-11-09,JNJ,Johnson & Johnson,101.38999938964844,101.58999633789062,100.5500030517578,100.83999633789062,75.05416870117188,6625900,0.0,0.0,-1.0653192472498325,1.1349050985609497
2015-11-10,JNJ,Johnson & Johnson,101.0,101.76000213623048,100.68000030517578,101.4499969482422,75.50820922851562,5114200,0.0,0.0,0.6031279658930346,0.36376334324226955
2015-11-11,JNJ,Johnson & Johnson,101.77999877929688,102.36000061035156,101.5,101.86000061035156,75.81336975097656,6284700,0.0,0.0,0.4033277186209758,0.162673248608001
2015-11-12,JNJ,Johnson & Johnson,101.13999938964844,101.61000061035156,100.22000122070312,100.2699966430664,74.62993621826172,6918700,0.0,0.0,-1.5732942530332714,2.4752548066275195
2015-11-13,JNJ,Johnson & Johnson,100.04000091552734,100.94000244140624,99.73999786376952,99.87999725341795,74.33964538574219,8517500,0.0,0.0,-0.38973218133828386,0.15189117317069697
2015-11-16,JNJ,Johnson & Johnson,100.37999725341795,101.29000091552734,100.04000091552734,101.22000122070312,75.33700561523438,5755800,0.0,0.0,1.3327061830805755,1.7761057704211964
2015-11-17,JNJ,Johnson & Johnson,100.37999725341795,101.70999908447266,100.37999725341795,101.5,75.54541015625,5124000,0.0,0.0,0.27624779532177035,0.07631284442013872
2015-11-18,JNJ,Johnson & Johnson,101.52999877929688,102.8000030517578,101.30999755859376,102.66999816894533,76.4162368774414,7148400,0.0,0.0,1.1461263691993657,1.3136056541741208
2015-11-19,JNJ,Johnson & Johnson,102.66000366210938,102.68000030517578,102.05999755859376,102.48999786376952,76.2822494506836,5164500,0.0,0.0,-0.1754928478563671,0.03079773964873801
2015-11-20,JNJ,Johnson & Johnson,102.48999786376952,102.8000030517578,102.1999969482422,102.4800033569336,76.83709716796875,7671500,0.75,0.0,0.7247289882928504,0.5252321064719785
2015-11-23,JNJ,Johnson & Johnson,102.38999938964844,103.0,102.19000244140624,102.7699966430664,77.05452728271484,6730600,0.0,0.0,0.2825758194471973,0.07984909373625504
2015-11-24,JNJ,Johnson & Johnson,101.80999755859376,102.79000091552734,101.80999755859376,102.04000091552734,76.50720977783203,7492400,0.0,0.0,-0.712833591148167,0.5081317286691921
2015-11-25,JNJ,Johnson & Johnson,102.16999816894533,102.33000183105467,101.95999908447266,101.95999908447266,76.44721221923828,5400800,0.0,0.0,-0.07845155555175776,0.006154646568490533
2015-11-27,JNJ,Johnson & Johnson,102.27999877929688,102.62000274658205,101.79000091552734,102.37000274658205,76.754638671875,2353800,0.0,0.0,0.4013357064454196,0.161070349268044
2015-11-30,JNJ,Johnson & Johnson,102.4800033569336,102.4800033569336,101.23999786376952,101.23999786376952,75.90736389160156,8983700,0.0,0.0,-1.1100122697387016,1.232127238970464
2015-12-01,JNJ,Johnson & Johnson,101.7300033569336,102.48999786376952,101.12000274658205,102.36000061035156,76.74713134765625,7545700,0.0,0.0,1.1002308525944242,1.2105079290006535
2015-12-02,JNJ,Johnson & Johnson,102.5,102.93000030517578,101.98999786376952,102.0500030517578,76.51470184326172,6623500,0.0,0.0,-0.3033105865251037,0.0919973118982024
2015-12-03,JNJ,Johnson & Johnson,102.2699966430664,102.37000274658205,100.30999755859376,100.79000091552734,75.56998443603516,12008700,0.0,0.0,-1.242373024743646,1.543490732610676
2015-12-04,JNJ,Johnson & Johnson,101.4000015258789,103.0,101.27999877929688,102.9499969482422,77.18951416015625,7845400,0.0,0.0,2.1204447786106417,4.496286059137134
2015-12-07,JNJ,Johnson & Johnson,102.61000061035156,103.48999786376952,102.5999984741211,103.31999969482422,77.46687316894531,7262900,0.0,0.0,0.3586781133723622,0.12864998901235714
2015-12-08,JNJ,Johnson & Johnson,102.9800033569336,103.23999786376952,101.91000366210938,102.41999816894533,76.79207611083984,8005400,0.0,0.0,-0.8748942807610882,0.7654400025084619
2015-12-09,JNJ,Johnson & Johnson,102.13999938964844,103.33999633789062,101.66999816894533,102.1500015258789,76.5896987915039,7947000,0.0,0.0,-0.26388720159888907,0.06963645516769272
2015-12-10,JNJ,Johnson & Johnson,102.3000030517578,103.33999633789062,101.8000030517578,102.63999938964844,76.95706176757812,6479300,0.0,0.0,0.4785039758356768,0.22896605489054994
2015-12-11,JNJ,Johnson & Johnson,102.37000274658205,102.37000274658205,101.43000030517578,101.68000030517578,76.23726654052734,7796500,0.0,0.0,-0.9397221580616285,0.8830777343520043
2015-12-14,JNJ,Johnson & Johnson,101.6500015258789,102.29000091552734,100.77999877929688,102.1500015258789,76.5896987915039,10641500,0.0,0.0,0.46121818222594757,0.21272221161580737
2015-12-15,JNJ,Johnson & Johnson,102.6500015258789,104.69000244140624,102.6500015258789,104.12999725341795,78.07420349121094,9283200,0.0,0.0,1.9197114100865487,3.685291898016485
2015-12-16,JNJ,Johnson & Johnson,104.63999938964844,105.48999786376952,103.5199966430664,105.25,78.91397857666016,8178800,0.0,0.0,1.0698679155951185,1.1446173568198437
2015-12-17,JNJ,Johnson & Johnson,105.16000366210938,105.26000213623048,103.62999725341795,103.63999938964844,77.70682525634766,8740800,0.0,0.0,-1.5415285778545051,2.3763103563421333
2015-12-18,JNJ,Johnson & Johnson,103.08000183105467,103.08000183105467,101.9499969482422,101.9499969482422,76.43971252441406,14966000,0.0,0.0,-1.6440736088273986,2.702978031242746
2015-12-21,JNJ,Johnson & Johnson,102.33999633789062,102.91999816894533,100.8499984741211,101.58000183105467,76.16229248046875,8321900,0.0,0.0,-0.3635867687977073,0.13219533844475745
2015-12-22,JNJ,Johnson & Johnson,101.91000366210938,102.87999725341795,101.1500015258789,102.70999908447266,77.00956726074219,5581600,0.0,0.0,1.1063173398204165,1.2239380563873228
2015-12-23,JNJ,Johnson & Johnson,103.11000061035156,103.66999816894533,102.73999786376952,103.48999786376952,77.59439086914062,5531700,0.0,0.0,0.7565477687708178,0.5723645264321027
2015-12-24,JNJ,Johnson & Johnson,103.12000274658205,103.91000366210938,103.01000213623048,103.72000122070312,77.76683044433594,2546300,0.0,0.0,0.2219854408314934,0.04927753594115246
2015-12-28,JNJ,Johnson & Johnson,103.18000030517578,103.47000122070312,102.93000030517578,103.22000122070312,77.39193725585938,4063000,0.0,0.0,-0.4832391022116168,0.23352002990628945
2015-12-29,JNJ,Johnson & Johnson,103.33999633789062,104.19000244140624,103.33999633789062,104.02999877929688,77.99925994873047,4230000,0.0,0.0,0.7816733459102592,0.6110132197065397
2015-12-30,JNJ,Johnson & Johnson,104.11000061035156,104.33999633789062,103.52999877929688,103.77999877929688,77.8117904663086,3847800,0.0,0.0,-0.240637069561119,0.057906199246962824
2015-12-31,JNJ,Johnson & Johnson,103.37000274658205,103.62000274658205,102.69000244140624,102.72000122070312,77.01705169677734,4592600,0.0,0.0,-1.0266120167566353,1.053932232949126
2016-01-04,JNJ,Johnson & Johnson,101.70999908447266,101.80999755859376,99.4499969482422,100.4800033569336,75.33755493164062,12722800,0.0,0.0,-2.2048099994977095,4.86118713388509
2016-01-05,JNJ,Johnson & Johnson,100.58000183105467,101.44000244140624,100.56999969482422,100.9000015258789,75.6524429321289,6467200,0.0,0.0,0.41709843228692217,0.1739711022162082
2016-01-06,JNJ,Johnson & Johnson,99.81999969482422,100.97000122070312,99.5999984741211,100.38999938964844,75.27008819580078,7733800,0.0,0.0,-0.5066911500955921,0.2567359215851938
2016-01-07,JNJ,Johnson & Johnson,99.30999755859376,100.08999633789062,98.87999725341795,99.22000122070312,74.3928451538086,9433100,0.0,0.0,-1.172305084439448,1.3742992110025813
2016-01-08,JNJ,Johnson & Johnson,99.87999725341795,99.94000244140624,97.8499984741211,98.16000366210938,73.59810638427734,9766700,0.0,0.0,-1.0740472997802186,1.153577602165179
2016-01-11,JNJ,Johnson & Johnson,98.23999786376952,98.62999725341795,96.08000183105467,97.56999969482422,73.15572357177734,8151400,0.0,0.0,-0.6028928207301791,0.3634797532879919
2016-01-12,JNJ,Johnson & Johnson,97.98999786376952,98.62999725341795,97.23999786376952,98.23999786376952,73.65804290771484,6745000,0.0,0.0,0.6842972673838613,0.4682627501490198
2016-01-13,JNJ,Johnson & Johnson,98.48999786376952,98.9800033569336,96.83999633789062,97.0199966430664,72.7433090209961,8290700,0.0,0.0,-1.2496411793978979,1.5616030772469691
2016-01-14,JNJ,Johnson & Johnson,97.0999984741211,99.47000122070312,97.0,98.88999938964844,74.14541625976562,10164300,0.0,0.0,1.9091319940665399,3.644784970768483
2016-01-15,JNJ,Johnson & Johnson,96.37000274658205,98.0,96.25,97.0,72.72834777832031,12662200,0.0,0.0,-1.929701283036927,3.7237470417543617
2016-01-19,JNJ,Johnson & Johnson,97.93000030517578,98.41000366210938,96.9000015258789,97.5,73.10320281982422,12457800,0.0,0.0,0.5140943308390135,0.264292981000813
2016-01-20,JNJ,Johnson & Johnson,96.11000061035156,97.27999877929688,94.52999877929688,95.75,71.79109191894531,12685200,0.0,0.0,-1.8111779644752464,3.2803656190006967
2016-01-21,JNJ,Johnson & Johnson,95.7699966430664,96.63999938964844,94.27999877929688,95.94000244140624,71.93354797363281,11266400,0.0,0.0,0.19823476537466062,0.03929702220314674
2016-01-22,JNJ,Johnson & Johnson,97.0199966430664,97.08999633789062,95.9499969482422,96.75,72.54085540771484,8380000,0.0,0.0,0.8407177976683414,0.7068064153163063
2016-01-25,JNJ,Johnson & Johnson,96.72000122070312,97.69000244140624,96.04000091552734,96.4000015258789,72.2784423828125,9350200,0.0,0.0,-0.362401028184636,0.13133450522928133
2016-01-26,JNJ,Johnson & Johnson,97.26000213623048,101.33999633789062,97.13999938964844,101.18000030517578,75.86238861083984,17266600,0.0,0.0,4.839510713315103,23.420863944291654
2016-01-27,JNJ,Johnson & Johnson,100.48999786376952,103.37999725341795,100.48999786376952,102.16000366210938,76.59718322753906,19330500,0.0,0.0,0.963928072640423,0.9291573292242806
2016-01-28,JNJ,Johnson & Johnson,102.5,103.04000091552734,101.8499984741211,102.2699966430664,76.67965698242188,12789500,0.0,0.0,0.10761412191052805,0.011580799234573993
2016-01-29,JNJ,Johnson & Johnson,102.88999938964844,104.75,102.62999725341795,104.44000244140624,78.30664825439453,15614600,0.0,0.0,2.0996062052763196,4.4083462172348264
2016-02-01,JNJ,Johnson & Johnson,103.61000061035156,104.79000091552734,103.22000122070312,104.37000274658205,78.25418853759766,9803700,0.0,0.0,-0.06701512311139476,0.004491026725635397
2016-02-02,JNJ,Johnson & Johnson,103.3000030517578,104.26000213623048,103.0,103.41000366210938,77.53438568115234,10616300,0.0,0.0,-0.9240831456642981,0.8539296601008243
2016-02-03,JNJ,Johnson & Johnson,103.6500015258789,104.37999725341795,102.01000213623048,104.13999938964844,78.08171844482422,10168600,0.0,0.0,0.7034426465352067,0.4948315569644558
2016-02-04,JNJ,Johnson & Johnson,103.61000061035156,104.08999633789062,102.7300033569336,103.9000015258789,77.90174865722656,10389000,0.0,0.0,-0.2307550547499238,0.05324789529264033
2016-02-05,JNJ,Johnson & Johnson,102.66000366210938,102.7699966430664,99.77999877929688,100.54000091552734,75.38253784179688,15522200,0.0,0.0,-3.2872745504102374,10.806173969774829
2016-02-08,JNJ,Johnson & Johnson,100.30999755859376,103.51000213623048,100.22000122070312,102.0,76.47721099853516,14323800,0.0,0.0,1.4417146426995744,2.0785411109743612
2016-02-09,JNJ,Johnson & Johnson,101.30999755859376,102.23999786376952,100.97000122070312,101.97000122070312,76.4546890258789,10044500,0.0,0.0,-0.029453597078791072,0.00086751438087977
2016-02-10,JNJ,Johnson & Johnson,102.0500030517578,102.91000366210938,101.37000274658205,101.7300033569336,76.2747573852539,9833100,0.0,0.0,-0.23562152302347783,0.055517502111903295
2016-02-11,JNJ,Johnson & Johnson,100.45999908447266,102.0199966430664,99.9800033569336,101.6999969482422,76.25226593017578,12465800,0.0,0.0,-0.029491764478527065,0.0008697641720569108
2016-02-12,JNJ,Johnson & Johnson,101.81999969482422,101.9800033569336,100.72000122070312,101.81999969482422,76.34224700927734,9035000,0.0,0.0,0.11793489529542411,0.01390863952834265
2016-02-16,JNJ,Johnson & Johnson,102.37000274658205,103.0500030517578,101.6500015258789,102.31999969482422,76.71712493896484,10452800,0.0,0.0,0.4898474030262242,0.23995047825153612
2016-02-17,JNJ,Johnson & Johnson,102.75,103.23999786376952,102.2300033569336,102.5,76.85206604003906,8904000,0.0,0.0,0.17573985373481946,0.030884496190735737
2016-02-18,JNJ,Johnson & Johnson,102.83000183105467,104.68000030517578,102.5,104.23999786376952,78.1567153930664,10744600,0.0,0.0,1.6833629025953787,2.8337106618343384
2016-02-19,JNJ,Johnson & Johnson,103.58000183105467,104.68000030517578,103.37999725341795,104.16000366210938,78.66272735595703,9343300,0.75,0.0,0.6453456410505546,0.41647099642295127
2016-02-22,JNJ,Johnson & Johnson,104.16000366210938,104.75,104.0500030517578,104.75,79.1082534790039,6947000,0.0,0.0,0.5647772549126627,0.31897334766668284
2016-02-23,JNJ,Johnson & Johnson,104.6500015258789,104.79000091552734,103.95999908447266,104.08000183105467,78.602294921875,6629200,0.0,0.0,-0.6416315180937543,0.41169100501129574
2016-02-24,JNJ,Johnson & Johnson,103.33999633789062,105.08000183105467,102.97000122070312,104.95999908447266,79.26686096191406,9076100,0.0,0.0,0.8419250256874147,0.7088377488787538
2016-02-25,JNJ,Johnson & Johnson,104.9499969482422,106.38999938964844,104.7699966430664,106.37999725341795,80.33926391601562,8092500,0.0,0.0,1.3438320033207338,1.8058844531490168
2016-02-26,JNJ,Johnson & Johnson,106.81999969482422,106.91999816894533,105.41999816894533,105.77999877929688,79.8861312866211,9049400,0.0,0.0,-0.5656204959233979,0.3199265454086306
2016-02-29,JNJ,Johnson & Johnson,105.27999877929688,106.1999969482422,105.04000091552734,105.20999908447266,79.45567321777344,10111100,0.0,0.0,-0.5402965246291959,0.29192033452638727
2016-03-01,JNJ,Johnson & Johnson,105.9000015258789,107.23999786376952,105.44000244140624,107.22000122070312,80.97362518310547,8298500,0.0,0.0,1.8924190052162935,3.581249691303826
2016-03-02,JNJ,Johnson & Johnson,106.91000366210938,107.41000366210938,106.43000030517578,107.04000091552734,80.83769989013672,9767000,0.0,0.0,-0.1680047115103298,0.028225583089669146
2016-03-03,JNJ,Johnson & Johnson,106.81999969482422,107.0,105.62999725341795,106.6500015258789,80.54317474365234,6927200,0.0,0.0,-0.36500666407820326,0.13322986482149832
2016-03-04,JNJ,Johnson & Johnson,106.51000213623048,106.9800033569336,106.06999969482422,106.5,80.42987823486328,6715700,0.0,0.0,-0.14076458811023118,0.01981466926584304
2016-03-07,JNJ,Johnson & Johnson,106.0,106.91999816894533,105.48999786376952,106.73999786376952,80.61114501953125,6973500,0.0,0.0,0.2251188641969246,0.05067850301731337
2016-03-08,JNJ,Johnson & Johnson,106.5199966430664,106.7699966430664,105.97000122070312,106.22000122070312,80.21843719482422,7632900,0.0,0.0,-0.4883536968406873,0.23848933321796592
2016-03-09,JNJ,Johnson & Johnson,106.83999633789062,107.0199966430664,106.08999633789062,106.83999633789062,80.68666076660156,7564200,0.0,0.0,0.5819888857630072,0.33871106315166666
2016-03-10,JNJ,Johnson & Johnson,106.98999786376952,107.4800033569336,106.06999969482422,107.13999938964844,80.9132308959961,10474700,0.0,0.0,0.28040894770659724,0.07862917795392119
2016-03-11,JNJ,Johnson & Johnson,107.5,107.98999786376952,107.20999908447266,107.70999908447266,81.34368896484375,7763800,0.0,0.0,0.5305894862168768,0.2815252028838893
2016-03-14,JNJ,Johnson & Johnson,107.91999816894533,108.3000030517578,107.30999755859376,107.66000366210938,81.30593872070312,7242800,0.0,0.0,-0.04641909773252168,0.0021547326343013995
2016-03-15,JNJ,Johnson & Johnson,107.62000274658205,108.3499984741211,106.76000213623048,107.76000213623048,81.38146209716797,8476600,0.0,0.0,0.092844782706415,0.008620153675801417
2016-03-16,JNJ,Johnson & Johnson,107.7300033569336,107.77999877929688,106.87999725341795,107.41000366210938,81.11712646484375,7065100,0.0,0.0,-0.3253392756451731,0.10584564427732594
2016-03-17,JNJ,Johnson & Johnson,107.47000122070312,107.5999984741211,106.4499969482422,106.73999786376952,80.61114501953125,8571100,0.0,0.0,-0.62572003217451,0.3915255586644698
2016-03-18,JNJ,Johnson & Johnson,106.98999786376952,107.83999633789062,106.36000061035156,107.5,81.18510437011719,14758300,0.0,0.0,0.7094870992058063,0.5033719439394697
2016-03-21,JNJ,Johnson & Johnson,107.41000366210938,107.75,106.5500030517578,107.27999877929688,81.01895141601562,7674700,0.0,0.0,-0.20486912168769777,0.04197135702108872
2016-03-22,JNJ,Johnson & Johnson,107.27999877929688,107.62999725341795,107.0500030517578,107.37999725341795,81.0944595336914,7821700,0.0,0.0,0.0931546905265834,0.008677796367103528
2016-03-23,JNJ,Johnson & Johnson,107.29000091552734,108.83000183105467,107.1999969482422,108.5,81.9403076171875,8191300,0.0,0.0,1.037638397735626,1.0766934444553573
2016-03-24,JNJ,Johnson & Johnson,108.22000122070312,108.61000061035156,107.75,108.30999755859376,81.79683685302734,6284500,0.0,0.0,-0.17524527051208644,0.030710904836854354
2016-03-28,JNJ,Johnson & Johnson,108.41000366210938,108.9000015258789,108.05999755859376,108.2300033569336,81.73641967773438,4738100,0.0,0.0,-0.07388977547871059,0.005459698920294261
2016-03-29,JNJ,Johnson & Johnson,108.3000030517578,109.25,107.73999786376952,109.13999938964844,82.42365264892578,6612800,0.0,0.0,0.8372766607821382,0.7010322066904878
2016-03-30,JNJ,Johnson & Johnson,109.4499969482422,109.55999755859376,108.93000030517578,108.9800033569336,82.30281066894531,5248200,0.0,0.0,-0.14671838297724302,0.021526283903456952
2016-03-31,JNJ,Johnson & Johnson,108.86000061035156,108.9800033569336,108.04000091552734,108.1999969482422,81.71373748779297,8167700,0.0,0.0,-0.7183125369385068,0.5159729007230337
2016-04-01,JNJ,Johnson & Johnson,108.0,109.29000091552734,107.69000244140624,109.19000244140624,82.4614028930664,9043200,0.0,0.0,0.9108206910701219,0.8295943312814544
2016-04-04,JNJ,Johnson & Johnson,108.81999969482422,109.0999984741211,108.26000213623048,108.58999633789062,82.00827026367188,10668900,0.0,0.0,-0.5510241094621474,0.3036275692085526
2016-04-05,JNJ,Johnson & Johnson,108.2300033569336,109.83999633789062,108.01000213623048,108.9499969482422,82.28015899658203,7939000,0.0,0.0,0.330989811462386,0.10955425529190582
2016-04-06,JNJ,Johnson & Johnson,108.72000122070312,109.5,107.87999725341795,109.41999816894533,82.63512420654297,6828700,0.0,0.0,0.43048254987264567,0.18531522574485487
2016-04-07,JNJ,Johnson & Johnson,109.0,109.62000274658205,108.62999725341795,109.2699966430664,82.52181243896484,7822900,0.0,0.0,-0.13721710714513072,0.018828534493278284
2016-04-08,JNJ,Johnson & Johnson,109.37000274658205,109.63999938964844,108.76000213623048,109.0999984741211,82.39342498779297,6301600,0.0,0.0,-0.155701170022224,0.024242854346289505
2016-04-11,JNJ,Johnson & Johnson,109.1500015258789,109.62000274658205,108.6500015258789,108.97000122070312,82.29524993896484,6823900,0.0,0.0,-0.11922502928767395,0.014214607608646712
2016-04-12,JNJ,Johnson & Johnson,109.0,110.23999786376952,108.75,109.5999984741211,82.77105712890625,8412300,0.0,0.0,0.5765059099173272,0.33235906416960537
2016-04-13,JNJ,Johnson & Johnson,110.0,110.3499984741211,109.30999755859376,109.87000274658205,82.9749526977539,5758300,0.0,0.0,0.24603388270250434,0.06053267143766967
2016-04-14,JNJ,Johnson & Johnson,110.0,110.29000091552734,109.4499969482422,109.83999633789062,82.9522705078125,4457100,0.0,0.0,-0.027339926076617196,0.000747471557874893
2016-04-15,JNJ,Johnson & Johnson,110.06999969482422,110.4000015258789,109.5,110.18000030517578,83.20906066894531,10057900,0.0,0.0,0.30908559018985177,0.09553390206300899
2016-04-18,JNJ,Johnson & Johnson,110.0,111.0999984741211,109.66999816894533,110.93000030517578,83.77546691894531,7772500,0.0,0.0,0.678396292698202,0.4602215299466646
2016-04-19,JNJ,Johnson & Johnson,111.6500015258789,113.9499969482422,111.4800033569336,112.68000030517578,85.09708404541016,10526400,0.0,0.0,1.5652562860259944,2.4500272409438897
2016-04-20,JNJ,Johnson & Johnson,113.19000244140624,114.19000244140624,113.0500030517578,113.58000183105467,85.77678680419922,8213400,0.0,0.0,0.795564986507601,0.6329236477568393
2016-04-21,JNJ,Johnson & Johnson,113.30999755859376,113.7300033569336,112.7699966430664,113.56999969482422,85.76921844482422,7884500,0.0,0.0,-0.008823708099666757,7.785782462812473e-05
2016-04-22,JNJ,Johnson & Johnson,113.43000030517578,113.75,112.83000183105467,113.31999969482422,85.5804214477539,7508700,0.0,0.0,-0.2203647157816895,0.048560607961544794
2016-04-25,JNJ,Johnson & Johnson,113.30999755859376,113.5500030517578,112.4800033569336,113.51000213623048,85.72390747070312,6139900,0.0,0.0,0.16752181034909838,0.028063556942639286
2016-04-26,JNJ,Johnson & Johnson,113.4499969482422,113.55999755859376,112.6500015258789,112.91000366210938,85.27079010009766,5853600,0.0,0.0,-0.5299795112156623,0.28087828230839235
2016-04-27,JNJ,Johnson & Johnson,112.95999908447266,113.1999969482422,112.45999908447266,112.7699966430664,85.16505432128906,5759300,0.0,0.0,-0.12407694253829178,0.01539508766965056
2016-04-28,JNJ,Johnson & Johnson,112.0999984741211,112.70999908447266,111.63999938964844,112.4800033569336,84.94603729248047,6640000,0.0,0.0,-0.2574989646450448,0.06630571679327003
2016-04-29,JNJ,Johnson & Johnson,112.05999755859376,112.22000122070312,111.51000213623048,112.08000183105467,84.64396667480469,7774500,0.0,0.0,-0.3562367239348012,0.12690460347979976
2016-05-02,JNJ,Johnson & Johnson,112.22000122070312,112.79000091552734,111.93000030517578,112.75,85.14994812011719,5178800,0.0,0.0,0.5959965569767104,0.3552118959280932
2016-05-03,JNJ,Johnson & Johnson,112.55999755859376,113.0999984741211,112.12000274658205,112.69000244140624,85.1046371459961,7554500,0.0,0.0,-0.05322731851250136,0.0028331474360312704
2016-05-04,JNJ,Johnson & Johnson,112.04000091552734,112.54000091552734,111.6999969482422,112.22000122070312,84.74967193603516,5214600,0.0,0.0,-0.4179649355187382,0.174694687323183
2016-05-05,JNJ,Johnson & Johnson,112.08000183105467,113.0999984741211,112.04000091552734,112.87999725341795,85.24810791015625,5404300,0.0,0.0,0.5864046023219177,0.34387035762432644
2016-05-06,JNJ,Johnson & Johnson,112.58000183105467,113.0500030517578,112.27999877929688,112.73999786376952,85.14238739013672,6099900,0.0,0.0,-0.1240920550170985,0.0153988381183666
2016-05-09,JNJ,Johnson & Johnson,112.9800033569336,113.98999786376952,112.7300033569336,113.72000122070312,85.88248443603516,6512700,0.0,0.0,0.8654900984634218,0.7490731105382237
2016-05-10,JNJ,Johnson & Johnson,114.0,115.0,113.91999816894533,114.66999816894533,86.59994506835938,8356400,0.0,0.0,0.831927950411868,0.6921041146764915
2016-05-11,JNJ,Johnson & Johnson,114.56999969482422,114.76000213623048,114.30999755859376,114.37000274658205,86.37342071533203,6680700,0.0,0.0,-0.2619183381207045,0.06860121584391167
2016-05-12,JNJ,Johnson & Johnson,114.5,114.76000213623048,113.54000091552734,114.2300033569336,86.26766967773438,7156300,0.0,0.0,-0.12250971142891404,0.015008629394395791
2016-05-13,JNJ,Johnson & Johnson,113.9000015258789,114.08999633789062,113.36000061035156,113.55999755859376,85.76167297363281,6779900,0.0,0.0,-0.5882696004263286,0.3460611227857523
2016-05-16,JNJ,Johnson & Johnson,113.38999938964844,114.62999725341795,113.30999755859376,114.44000244140624,86.42626190185547,6222900,0.0,0.0,0.7719382067909148,0.5958885951035732
2016-05-17,JNJ,Johnson & Johnson,114.54000091552734,114.55999755859376,113.23999786376952,113.83000183105467,85.965576171875,9233900,0.0,0.0,-0.5344647771745186,0.28565259804020776
2016-05-18,JNJ,Johnson & Johnson,113.61000061035156,114.02999877929688,112.87999725341795,113.58999633789062,85.78433227539062,8267900,0.0,0.0,-0.21105567438308853,0.04454449768930029
2016-05-19,JNJ,Johnson & Johnson,112.98999786376952,113.04000091552734,112.1999969482422,112.8499984741211,85.2254638671875,8232200,0.0,0.0,-0.6536121443574323,0.4272088352515209
2016-05-20,JNJ,Johnson & Johnson,112.1999969482422,112.91999816894533,111.76000213623048,112.63999938964844,85.67423248291016,7435200,0.8,0.0,0.5251848385900012,0.27581911468480563
2016-05-23,JNJ,Johnson & Johnson,112.7699966430664,112.81999969482422,112.04000091552734,112.16000366210938,85.30915069580078,6462300,0.0,0.0,-0.4270383883276854,0.18236178510550705
2016-05-24,JNJ,Johnson & Johnson,112.5199966430664,113.5,112.5199966430664,112.69000244140624,85.7122573852539,6125300,0.0,0.0,0.4714116676881732,0.22222896043254467
2016-05-25,JNJ,Johnson & Johnson,113.18000030517578,113.7300033569336,112.8499984741211,113.3499984741211,86.21424865722656,5453800,0.0,0.0,0.5839619615000824,0.3410115724790237
2016-05-26,JNJ,Johnson & Johnson,113.11000061035156,113.31999969482422,112.8499984741211,112.9000015258789,85.87199401855469,3973600,0.0,0.0,-0.3977715878028719,0.15822223606321784
2016-05-27,JNJ,Johnson & Johnson,113.04000091552734,113.33999633789062,112.69000244140624,113.05999755859376,85.99369049072266,4647000,0.0,0.0,0.1416181396008925,0.020055697464017877
2016-05-31,JNJ,Johnson & Johnson,113.26000213623048,113.62999725341795,112.31999969482422,112.69000244140624,85.7122573852539,10104700,0.0,0.0,-0.32780851329812644,0.10745842139072793
2016-06-01,JNJ,Johnson & Johnson,112.69000244140624,113.05999755859376,112.06999969482422,112.77999877929688,85.78070831298828,4748900,0.0,0.0,0.0798294333424613,0.006372738427778472
2016-06-02,JNJ,Johnson & Johnson,112.87000274658205,114.6500015258789,112.86000061035156,114.48999786376952,87.08132934570312,7310800,0.0,0.0,1.504836567241794,2.2645330941080664
2016-06-03,JNJ,Johnson & Johnson,114.47000122070312,115.38999938964844,114.12000274658205,114.76000213623048,87.28671264648438,6881700,0.0,0.0,0.2355745851322102,0.05549538516021295
2016-06-06,JNJ,Johnson & Johnson,114.97000122070312,116.0,114.93000030517578,115.7699966430664,88.05492401123047,6349400,0.0,0.0,0.8762508377987213,0.7678155307429609
2016-06-07,JNJ,Johnson & Johnson,116.01000213623048,116.2300033569336,115.4499969482422,115.7300033569336,88.02449035644531,6417400,0.0,0.0,-0.034568101214453445,0.0011949536215726977
2016-06-08,JNJ,Johnson & Johnson,115.5199966430664,115.9499969482422,115.41000366210938,115.8000030517578,88.07774353027344,5863800,0.0,0.0,0.0604798409151748,0.0036578111571248513
2016-06-09,JNJ,Johnson & Johnson,115.77999877929688,117.19000244140624,115.61000061035156,117.0,88.9904556274414,7375500,0.0,0.0,1.0309250166102268,1.0628063898727964
2016-06-10,JNJ,Johnson & Johnson,116.73999786376952,117.2300033569336,116.36000061035156,117.01000213623048,88.998046875,6067400,0.0,0.0,0.008530042622385086,7.276162713970623e-05
2016-06-13,JNJ,Johnson & Johnson,117.12999725341795,117.63999938964844,116.79000091552734,116.79000091552734,88.83072662353516,7940900,0.0,0.0,-0.18818135844898667,0.03541222366770601
2016-06-14,JNJ,Johnson & Johnson,116.4499969482422,117.18000030517578,116.3000030517578,117.12000274658205,89.08171844482422,6378400,0.0,0.0,0.28215225495275914,0.07960989497492679
2016-06-15,JNJ,Johnson & Johnson,117.63999938964844,117.73999786376952,116.33999633789062,116.41000366210938,88.54170989990234,6371400,0.0,0.0,-0.6080393939956017,0.36971190465053855
2016-06-16,JNJ,Johnson & Johnson,115.69000244140624,116.88999938964844,115.22000122070312,116.63999938964844,88.71662902832031,6664300,0.0,0.0,0.19736074054768882,0.03895126190953214
2016-06-17,JNJ,Johnson & Johnson,116.62000274658205,116.66999816894533,115.01000213623048,115.4800033569336,87.83433532714844,10702200,0.0,0.0,-0.9994859549718307,0.9989721741859523
2016-06-20,JNJ,Johnson & Johnson,116.5999984741211,117.13999938964844,116.43000030517578,116.54000091552734,88.64057922363281,5588200,0.0,0.0,0.9137270392807189,0.8348971023127083
2016-06-21,JNJ,Johnson & Johnson,116.98999786376952,117.1500015258789,116.18000030517578,116.18000030517578,88.36677551269531,5493500,0.0,0.0,-0.30937011597772685,0.09570986866007215
2016-06-22,JNJ,Johnson & Johnson,116.54000091552734,117.20999908447266,116.30999755859376,116.45999908447266,88.57972717285156,5833800,0.0,0.0,0.24069621013687648,0.057934665574255396
2016-06-23,JNJ,Johnson & Johnson,117.1999969482422,117.37999725341795,116.68000030517578,117.37999725341795,89.27948760986328,6775900,0.0,0.0,0.7868740997836318,0.6191708489103008
2016-06-24,JNJ,Johnson & Johnson,115.06999969482422,117.12000274658205,115.0,115.62999725341795,87.94843292236328,13939500,0.0,0.0,-1.5021106279048992,2.2563363384648505
2016-06-27,JNJ,Johnson & Johnson,115.0,116.63999938964844,115.0,116.5500030517578,88.648193359375,10877400,0.0,0.0,0.79249996350304,0.6280561921523197
2016-06-28,JNJ,Johnson & Johnson,117.16999816894533,118.37000274658205,116.5500030517578,118.2300033569336,89.92599487304688,10089600,0.0,0.0,1.4311400049247616,2.0481617136960466
2016-06-29,JNJ,Johnson & Johnson,118.83999633789062,119.41000366210938,118.0999984741211,119.33000183105467,90.76268005371094,8341500,0.0,0.0,0.9261135609153962,0.8576863277113953
2016-06-30,JNJ,Johnson & Johnson,119.18000030517578,121.41000366210938,119.16000366210938,121.3000030517578,92.26104736328124,11559900,0.0,0.0,1.6373841872061061,2.6810269765126007
2016-07-01,JNJ,Johnson & Johnson,121.3000030517578,121.54000091552734,120.79000091552734,121.29000091552734,92.25344848632812,7051400,0.0,0.0,-0.008236617857492086,6.784187373035752e-05
2016-07-05,JNJ,Johnson & Johnson,121.36000061035156,123.2300033569336,121.33999633789062,122.2699966430664,92.99881744384766,9334100,0.0,0.0,0.8047113227294256,0.6475603129289418
2016-07-06,JNJ,Johnson & Johnson,121.93000030517578,122.66000366210938,121.54000091552734,122.63999938964844,93.28023529052734,9332400,0.0,0.0,0.30214675954555253,0.09129266430387795
2016-07-07,JNJ,Johnson & Johnson,122.58999633789062,122.80999755859376,122.01000213623048,122.51000213623048,93.18138122558594,6058700,0.0,0.0,-0.10603155335662108,0.011242690307217983
2016-07-08,JNJ,Johnson & Johnson,123.0,123.0999984741211,121.95999908447266,122.8499984741211,93.43999481201172,6129900,0.0,0.0,0.27715340810320443,0.07681401162322139
2016-07-11,JNJ,Johnson & Johnson,122.70999908447266,123.4499969482422,122.41000366210938,122.93000030517578,93.50083923339844,6711600,0.0,0.0,0.06509484548510551,0.004237338908729761
2016-07-12,JNJ,Johnson & Johnson,122.6500015258789,123.1999969482422,122.61000061035156,122.91999816894533,93.49322509765624,6415900,0.0,0.0,-0.008143719185582593,6.632016217362601e-05
2016-07-13,JNJ,Johnson & Johnson,122.68000030517578,123.4000015258789,122.3000030517578,123.0,93.55406951904295,5230800,0.0,0.0,0.0650577958450983,0.004232516800222489
2016-07-14,JNJ,Johnson & Johnson,122.9800033569336,123.73999786376952,122.91000366210938,123.18000030517578,93.69097900390624,5322700,0.0,0.0,0.14623565252221263,0.021384866068597314
2016-07-15,JNJ,Johnson & Johnson,123.7699966430664,124.3000030517578,122.70999908447266,123.0,93.55406951904295,7192800,0.0,0.0,-0.1462356525222145,0.021384866068597855
2016-07-18,JNJ,Johnson & Johnson,123.0,123.22000122070312,122.44000244140624,123.13999938964844,93.66056060791016,6599200,0.0,0.0,0.11376365221051574,0.012942168564275183
2016-07-19,JNJ,Johnson & Johnson,124.77999877929688,125.75,123.33999633789062,125.25,95.26541137695312,11325700,0.0,0.0,1.6989610850497878,2.886468768513552
2016-07-20,JNJ,Johnson & Johnson,125.83999633789062,126.06999969482422,125.04000091552734,125.13999938964844,95.1817626953125,7334600,0.0,0.0,-0.08784450326152628,0.0077166567532643005
2016-07-21,JNJ,Johnson & Johnson,125.20999908447266,125.73999786376952,124.88999938964844,125.1500015258789,95.18936920166016,5492600,0.0,0.0,0.007991239297591449,6.385990551136987e-05
2016-07-22,JNJ,Johnson & Johnson,125.12000274658205,125.3499984741211,124.6500015258789,125.02999877929688,95.09808349609376,5839200,0.0,0.0,-0.09594506760685458,0.009205455998083895
2016-07-25,JNJ,Johnson & Johnson,125.06999969482422,125.12999725341795,124.13999938964844,124.88999938964844,94.99161529541016,4880600,0.0,0.0,-0.11201891790424455,0.01254823796843788
2016-07-26,JNJ,Johnson & Johnson,125.02999877929688,125.5500030517578,124.75,125.1500015258789,95.18936920166016,5589900,0.0,0.0,0.20796398551111575,0.04324901926966756
2016-07-27,JNJ,Johnson & Johnson,125.0999984741211,125.2300033569336,124.33999633789062,124.7699966430664,94.90032958984376,4812600,0.0,0.0,-0.3041088879749507,0.09248221574536113
2016-07-28,JNJ,Johnson & Johnson,124.9800033569336,125.0,124.41000366210938,124.45999908447266,94.66455078125,4320400,0.0,0.0,-0.24875802914184372,0.06188055706253437
2016-07-29,JNJ,Johnson & Johnson,124.33999633789062,125.31999969482422,124.33999633789062,125.2300033569336,95.25021362304688,7020900,0.0,0.0,0.6167658424919942,0.3804001044648594
2016-08-01,JNJ,Johnson & Johnson,125.30999755859376,125.70999908447266,125.0999984741211,125.4000015258789,95.37952423095705,4615100,0.0,0.0,0.13566679490767056,0.018405479240519947
2016-08-02,JNJ,Johnson & Johnson,125.6500015258789,125.9000015258789,124.4800033569336,124.8499984741211,94.96118927001952,7158700,0.0,0.0,-0.43956505870222684,0.19321744083189213
2016-08-03,JNJ,Johnson & Johnson,125.0,125.0,123.69000244140624,123.9000015258789,94.23860931396484,5310600,0.0,0.0,-0.7638311188815359,0.583437978171819
2016-08-04,JNJ,Johnson & Johnson,124.23999786376952,124.38999938964844,123.63999938964844,123.86000061035156,94.20819854736328,4728200,0.0,0.0,-0.0322751732551821,0.001041686808652022
2016-08-05,JNJ,Johnson & Johnson,124.37999725341795,124.37999725341795,123.76000213623048,124.23999786376952,94.49723052978516,5146900,0.0,0.0,0.30633163005016806,0.09383906756919302
2016-08-08,JNJ,Johnson & Johnson,124.0,124.1500015258789,123.2300033569336,123.6500015258789,94.04841613769533,5232500,0.0,0.0,-0.4760812543095075,0.22665336070491393
2016-08-09,JNJ,Johnson & Johnson,123.91000366210938,124.0,123.33000183105467,123.43000030517578,93.88111877441406,3941500,0.0,0.0,-0.17804269834731346,0.031699202434792455
2016-08-10,JNJ,Johnson & Johnson,123.58999633789062,123.77999877929688,123.23999786376952,123.36000061035156,93.82789611816406,4333500,0.0,0.0,-0.05670762025651143,0.0032157541951567054
2016-08-11,JNJ,Johnson & Johnson,123.8499984741211,124.13999938964844,123.47000122070312,123.7699966430664,94.13975524902344,4052000,0.0,0.0,0.3318224329959821,0.11010612703937302
2016-08-12,JNJ,Johnson & Johnson,123.47000122070312,123.7699966430664,122.9499969482422,123.22000122070312,93.72139739990234,4234800,0.0,0.0,-0.4453912209244496,0.19837333967657186
2016-08-15,JNJ,Johnson & Johnson,123.12000274658205,123.2699966430664,122.27999877929688,122.30999755859376,93.0292510986328,6469500,0.0,0.0,-0.7412552256713025,0.5494593095850137
2016-08-16,JNJ,Johnson & Johnson,122.11000061035156,122.31999969482422,120.05999755859376,120.33000183105467,91.52327728271484,11289100,0.0,0.0,-1.6320635181432828,2.6636313272542296
2016-08-17,JNJ,Johnson & Johnson,120.5,121.33000183105467,119.8499984741211,121.30999755859376,92.2686538696289,10442800,0.0,0.0,0.8111135987266127,0.6579052700392365
2016-08-18,JNJ,Johnson & Johnson,121.16999816894533,121.38999938964844,119.9000015258789,120.72000122070312,91.81990051269533,8728000,0.0,0.0,-0.4875417130989378,0.23769692201144696
2016-08-19,JNJ,Johnson & Johnson,119.91000366210938,119.98999786376952,119.31999969482422,119.91999816894533,91.81990051269533,7798300,0.8,0.0,0.0,0.0
2016-08-22,JNJ,Johnson & Johnson,119.9000015258789,119.9000015258789,118.9499969482422,119.12999725341795,91.21501922607422,6544900,0.0,0.0,-0.6609487299133657,0.4368532235740913
2016-08-23,JNJ,Johnson & Johnson,119.66999816894533,119.95999908447266,119.0199966430664,119.44000244140624,91.45237731933594,5603200,0.0,0.0,0.25988023187406273,0.06753773491891661
2016-08-24,JNJ,Johnson & Johnson,119.4800033569336,119.61000061035156,118.62000274658205,118.70999908447266,90.8934097290039,6303900,0.0,0.0,-0.6130872012266956,0.3758759163079827
2016-08-25,JNJ,Johnson & Johnson,118.86000061035156,119.20999908447266,118.33000183105467,118.56999969482422,90.7862319946289,5566000,0.0,0.0,-0.11798542290297141,0.01392056001759301
2016-08-26,JNJ,Johnson & Johnson,118.83999633789062,119.73999786376952,118.55999755859376,119.04000091552734,91.14611053466795,6482700,0.0,0.0,0.3956185078687267,0.1565140037682778
2016-08-29,JNJ,Johnson & Johnson,119.3000030517578,120.12999725341795,119.05999755859376,119.91999816894533,91.81990051269533,5074900,0.0,0.0,0.7365226143002233,0.5424655613756354
2016-08-30,JNJ,Johnson & Johnson,120.66999816894533,120.66999816894533,119.26000213623048,119.47000122070312,91.47534942626952,3820500,0.0,0.0,-0.3759524508844686,0.14134024532603878
2016-08-31,JNJ,Johnson & Johnson,119.54000091552734,119.62000274658205,119.01000213623048,119.33999633789062,91.37580108642578,5693100,0.0,0.0,-0.10888457567794002,0.011855850820565048
2016-09-01,JNJ,Johnson & Johnson,119.19000244140624,119.38999938964844,118.5999984741211,119.08000183105467,91.1767349243164,4551800,0.0,0.0,-0.21809200284245658,0.04756412170383409
2016-09-02,JNJ,Johnson & Johnson,119.36000061035156,119.80999755859376,118.9000015258789,119.31999969482422,91.36048889160156,5806400,0.0,0.0,0.20133321359276732,0.04053506289559087
2016-09-06,JNJ,Johnson & Johnson,119.77999877929688,119.97000122070312,119.36000061035156,119.75,91.68975830078124,5280700,0.0,0.0,0.3597588851855552,0.1294264554699535
2016-09-07,JNJ,Johnson & Johnson,119.83999633789062,119.9499969482422,119.44000244140624,119.61000061035156,91.58251953125,4753800,0.0,0.0,-0.11702673534551074,0.013695256785628213
2016-09-08,JNJ,Johnson & Johnson,119.37000274658205,119.81999969482422,119.13999938964844,119.47000122070312,91.47534942626952,4833000,0.0,0.0,-0.11708878491243373,0.013709783552270169
2016-09-09,JNJ,Johnson & Johnson,119.02999877929688,119.16000366210938,118.18000030517578,118.2300033569336,90.52591705322266,7957300,0.0,0.0,-1.0433344821275141,1.088546841596288
2016-09-12,JNJ,Johnson & Johnson,117.76000213623048,119.4499969482422,117.37999725341795,119.16000366210938,91.2379913330078,7239800,0.0,0.0,0.7835195985544413,0.6139029613189129
2016-09-13,JNJ,Johnson & Johnson,118.41999816894533,118.83000183105467,117.48999786376952,117.61000061035156,90.05117797851562,7957900,0.0,0.0,-1.309322905312536,1.71432647037606
2016-09-14,JNJ,Johnson & Johnson,117.8499984741211,118.33000183105467,117.45999908447266,117.86000061035156,90.24261474609376,6124900,0.0,0.0,0.21236098772893006,0.045097189109206785
2016-09-15,JNJ,Johnson & Johnson,117.80999755859376,118.94000244140624,117.31999969482422,118.62999725341795,90.8321762084961,5812100,0.0,0.0,0.6511823568580913,0.4240384618832586
2016-09-16,JNJ,Johnson & Johnson,118.51000213623048,119.13999938964844,118.12000274658205,118.25,90.54122161865234,12408800,0.0,0.0,-0.32083518631540603,0.1029352167780413
2016-09-19,JNJ,Johnson & Johnson,118.36000061035156,118.66000366210938,117.63999938964844,117.66000366210938,90.0894546508789,5457600,0.0,0.0,-0.5002117238130266,0.2502117686399996
2016-09-20,JNJ,Johnson & Johnson,118.16999816894533,118.23999786376952,117.69000244140624,117.9499969482422,90.3115234375,5187700,0.0,0.0,0.246194783577061,0.06061187146055591
2016-09-21,JNJ,Johnson & Johnson,117.9499969482422,119.0,117.63999938964844,118.91000366210938,91.04656219482422,6337300,0.0,0.0,0.8105983028223647,0.657069608538498
2016-09-22,JNJ,Johnson & Johnson,119.25,119.83999633789062,119.13999938964844,119.45999908447266,91.46769714355467,5340500,0.0,0.0,0.46148251391690986,0.2129661106510709
2016-09-23,JNJ,Johnson & Johnson,119.41000366210938,119.5999984741211,118.70999908447266,118.80999755859376,90.9699935913086,4773000,0.0,0.0,-0.5456161881329735,0.29769702475275633
2016-09-26,JNJ,Johnson & Johnson,118.62999725341795,118.63999938964844,117.55999755859376,117.77999877929688,90.18132781982422,5998900,0.0,0.0,-0.8707314395631761,0.7581732398437611
2016-09-27,JNJ,Johnson & Johnson,118.38999938964844,119.22000122070312,117.72000122070312,119.22000122070312,91.2839126586914,5349500,0.0,0.0,1.215217200425921,1.476752844211013
2016-09-28,JNJ,Johnson & Johnson,119.0500030517578,119.5199966430664,118.80999755859376,119.38999938964844,91.41410064697266,5076100,0.0,0.0,0.14251716037982562,0.020311141002728936
2016-09-29,JNJ,Johnson & Johnson,118.87999725341795,119.2699966430664,117.04000091552734,117.2699966430664,89.79083251953125,6190200,0.0,0.0,-1.7916858256921273,3.21013809798608
2016-09-30,JNJ,Johnson & Johnson,117.77999877929688,118.62000274658205,117.38999938964844,118.12999725341795,90.44934844970705,7941100,0.0,0.0,0.7307126043745079,0.5339409101917761
2016-10-03,JNJ,Johnson & Johnson,118.0,119.01000213623048,117.43000030517578,118.80999755859376,90.9699935913086,6098600,0.0,0.0,0.5739703000750395,0.32944190536823087
2016-10-04,JNJ,Johnson & Johnson,118.83999633789062,119.4800033569336,118.27999877929688,118.81999969482422,90.97765350341795,5733900,0.0,0.0,0.008419907853925416,7.08948482685949e-05
2016-10-05,JNJ,Johnson & Johnson,119.22000122070312,119.44000244140624,118.5999984741211,119.18000030517578,91.25331115722656,5778700,0.0,0.0,0.3025367994691577,0.09152851503304132
2016-10-06,JNJ,Johnson & Johnson,118.5,118.8499984741211,117.91999816894533,118.75,90.924072265625,4448500,0.0,0.0,-0.3614490930343804,0.13064544685537616
2016-10-07,JNJ,Johnson & Johnson,119.16999816894533,119.56999969482422,118.69000244140624,119.23999786376952,91.29924774169922,4799300,0.0,0.0,0.4117760626690956,0.16955952578726297
2016-10-10,JNJ,Johnson & Johnson,119.51000213623048,120.1999969482422,119.3499984741211,119.8000030517578,91.7280044555664,3657000,0.0,0.0,0.4685176584563612,0.2195087962854315
2016-10-11,JNJ,Johnson & Johnson,119.41000366210938,119.62999725341795,117.05999755859376,117.63999938964844,90.07413482666016,6394200,0.0,0.0,-1.8194673184591474,3.3104613229409208
2016-10-12,JNJ,Johnson & Johnson,117.95999908447266,118.43000030517578,117.5,117.97000122070312,90.32684326171876,4685200,0.0,0.0,0.2801632264212913,0.07849143343878774
2016-10-13,JNJ,Johnson & Johnson,117.54000091552734,119.1999969482422,117.27999877929688,118.26000213623048,90.54888153076172,7387400,0.0,0.0,0.24551484819797256,0.06027754068567351
2016-10-14,JNJ,Johnson & Johnson,118.5,118.8000030517578,117.55999755859376,117.55999755859376,90.01290130615234,5640500,0.0,0.0,-0.5936824398224121,0.3524588393534919
2016-10-17,JNJ,Johnson & Johnson,117.5,118.5500030517578,117.5,118.48999786376952,90.72496795654295,6956400,0.0,0.0,0.7879592002746418,0.6208797012974531
2016-10-18,JNJ,Johnson & Johnson,117.37999725341795,118.4800033569336,115.16000366210938,115.41000366210938,88.36670684814453,12598300,0.0,0.0,-2.6337320565995777,6.936544545960241
2016-10-19,JNJ,Johnson & Johnson,115.56999969482422,115.88999938964844,114.45999908447266,114.58999633789062,87.73883819580078,7400900,0.0,0.0,-0.7130625132323328,0.5084581477772109
2016-10-20,JNJ,Johnson & Johnson,114.83000183105467,115.6999969482422,114.58999633789062,114.87000274658205,87.95323181152344,6973000,0.0,0.0,0.24405623103030233,0.0595634439047163
2016-10-21,JNJ,Johnson & Johnson,114.11000061035156,114.23999786376952,112.98999786376952,113.44000244140624,86.85832214355469,8422000,0.0,0.0,-1.2526906388466255,1.5692338366539667
2016-10-24,JNJ,Johnson & Johnson,113.93000030517578,114.19000244140624,113.44000244140624,113.61000061035156,86.98847198486328,6141900,0.0,0.0,0.14972938244415926,0.022418887967109308
2016-10-25,JNJ,Johnson & Johnson,113.63999938964844,114.16000366210938,113.08999633789062,113.95999908447266,87.25645446777344,5595000,0.0,0.0,0.30759311006130385,0.09461352135718538
2016-10-26,JNJ,Johnson & Johnson,113.63999938964844,115.22000122070312,113.5999984741211,114.55999755859376,87.71585083007812,6429200,0.0,0.0,0.5251087217891776,0.27573916969906387
2016-10-27,JNJ,Johnson & Johnson,114.9800033569336,116.5500030517578,114.79000091552734,115.6999969482422,88.5887451171875,7548700,0.0,0.0,0.990219698966353,0.9805350522210147
2016-10-28,JNJ,Johnson & Johnson,115.81999969482422,115.91000366210938,114.56999969482422,115.33000183105467,88.30545043945312,8813300,0.0,0.0,-0.32029871759128475,0.10259126849062158
2016-10-31,JNJ,Johnson & Johnson,115.27999877929688,116.2300033569336,114.5,115.98999786376952,88.810791015625,8552500,0.0,0.0,0.5706330975298366,0.325622131996496
2016-11-01,JNJ,Johnson & Johnson,114.76000213623048,115.94000244140624,114.62999725341795,115.33999633789062,88.31307983398438,7591900,0.0,0.0,-0.5619936931319045,0.31583691112003726
2016-11-02,JNJ,Johnson & Johnson,115.5199966430664,115.76000213623048,114.83000183105467,114.86000061035156,87.9455795288086,6591300,0.0,0.0,-0.41700173942563584,0.17389045068400588
2016-11-03,JNJ,Johnson & Johnson,114.87999725341795,115.44000244140624,114.75,115.02999877929688,88.07575225830078,6227100,0.0,0.0,0.14790565654871946,0.02187608323910776
2016-11-04,JNJ,Johnson & Johnson,115.04000091552734,115.94000244140624,115.04000091552734,115.11000061035156,88.13700103759766,7160600,0.0,0.0,0.06951685461790841,0.004832593075967413
2016-11-07,JNJ,Johnson & Johnson,115.88999938964844,116.72000122070312,115.83999633789062,116.66000366210938,89.32380676269531,6398200,0.0,0.0,1.337561159269274,1.7890698547857642
2016-11-08,JNJ,Johnson & Johnson,116.4800033569336,117.56999969482422,116.47000122070312,117.0500030517578,89.6224136352539,6675300,0.0,0.0,0.3337395437094,0.11138208303535851
2016-11-09,JNJ,Johnson & Johnson,120.0,122.5,118.0999984741211,120.30999755859376,92.11853790283205,16220000,0.0,0.0,2.747076229095184,7.546427808459816
2016-11-10,JNJ,Johnson & Johnson,120.7699966430664,121.0999984741211,119.0199966430664,119.54000091552734,91.52894592285156,11904500,0.0,0.0,-0.6420932030828407,0.41228368144518207
2016-11-11,JNJ,Johnson & Johnson,119.48999786376952,119.48999786376952,118.12999725341795,118.47000122070312,90.70966339111328,8134800,0.0,0.0,-0.8991377341833587,0.8084486650323843
2016-11-14,JNJ,Johnson & Johnson,118.58000183105467,118.98999786376952,116.5,116.5999984741211,89.27787017822266,10054900,0.0,0.0,-1.5910250977715326,2.5313608617389147
2016-11-15,JNJ,Johnson & Johnson,116.4000015258789,116.69000244140624,115.81999969482422,116.31999969482422,89.06346893310547,7446700,0.0,0.0,-0.24043931650983325,0.05781106492371577
2016-11-16,JNJ,Johnson & Johnson,116.6500015258789,116.77999877929688,116.08000183105467,116.36000061035156,89.09408569335938,6594800,0.0,0.0,0.03437043196904687,0.0011813265937388791
2016-11-17,JNJ,Johnson & Johnson,116.68000030517578,116.68000030517578,116.12000274658205,116.56999969482422,89.2548828125,5730300,0.0,0.0,0.18031745746130573,0.032514385465309804
2016-11-18,JNJ,Johnson & Johnson,115.79000091552734,115.91999816894533,114.80999755859376,115.36000061035156,88.93878173828125,7717800,0.8,0.0,-0.3547841126494524,0.12587176658845933
2016-11-21,JNJ,Johnson & Johnson,115.44000244140624,115.68000030517578,114.8000030517578,115.0,88.66122436523438,5843300,0.0,0.0,-0.31256485301649695,0.09769678734122433
2016-11-22,JNJ,Johnson & Johnson,114.58999633789062,115.0,112.2699966430664,112.73999786376952,86.91883087158203,11649700,0.0,0.0,-1.9847934218639907,3.9394049274745693
2016-11-23,JNJ,Johnson & Johnson,112.25,113.43000030517578,111.55999755859376,113.06999969482422,87.17330932617188,7892600,0.0,0.0,0.29234936804052364,0.08546815299369355
2016-11-25,JNJ,Johnson & Johnson,113.5999984741211,114.2300033569336,113.37999725341795,114.12999725341795,87.99048614501953,3433300,0.0,0.0,0.9330498293165697,0.8705819839876797
2016-11-28,JNJ,Johnson & Johnson,113.79000091552734,114.12000274658205,113.0500030517578,113.12999725341795,87.21953582763672,9065700,0.0,0.0,-0.8800356101761747,0.7744626751781521
2016-11-29,JNJ,Johnson & Johnson,112.9499969482422,113.41000366210938,112.16999816894533,112.4800033569336,86.7184066772461,7799600,0.0,0.0,-0.5762176207698954,0.33202674648571895
2016-11-30,JNJ,Johnson & Johnson,112.19000244140624,112.5199966430664,111.3000030517578,111.3000030517578,85.80867004394531,11178500,0.0,0.0,-1.0546113483813542,1.112205096134738
2016-12-01,JNJ,Johnson & Johnson,111.36000061035156,111.54000091552734,111.0,111.37999725341795,85.87034606933594,8143300,0.0,0.0,0.07185039784160809,0.00516247966999736
2016-12-02,JNJ,Johnson & Johnson,111.72000122070312,112.52999877929688,111.44000244140624,111.95999908447266,86.31746673583984,6167700,0.0,0.0,0.5193418328304548,0.269715939327696
2016-12-05,JNJ,Johnson & Johnson,112.4000015258789,112.41999816894533,111.7300033569336,111.94000244140624,86.30208587646484,5451600,0.0,0.0,-0.01782052981013865,0.0003175712827140402
2016-12-06,JNJ,Johnson & Johnson,112.23999786376952,113.1999969482422,111.8499984741211,112.05999755859376,86.39458465576172,6530400,0.0,0.0,0.10712283897220262,0.011475302629464453
2016-12-07,JNJ,Johnson & Johnson,111.88999938964844,111.88999938964844,109.31999969482422,111.0999984741211,85.65446472167969,11761100,0.0,0.0,-0.8603645323566941,0.7402271285373528
2016-12-08,JNJ,Johnson & Johnson,110.54000091552734,111.1999969482422,109.93000030517578,110.98999786376952,85.56966400146484,7774900,0.0,0.0,-0.09905230971901245,0.00981136006067117
2016-12-09,JNJ,Johnson & Johnson,111.41000366210938,112.43000030517578,111.1999969482422,112.26000213623048,86.54879760742188,7672100,0.0,0.0,1.1377561234229299,1.2944889963863733
2016-12-12,JNJ,Johnson & Johnson,112.69000244140624,115.4000015258789,112.58000183105467,115.36000061035156,88.93878173828125,9544600,0.0,0.0,2.723989835669439,7.4201206248304175
2016-12-13,JNJ,Johnson & Johnson,115.52999877929688,115.97000122070312,115.01000213623048,115.88999938964844,89.34739685058594,7051600,0.0,0.0,0.4583819463777675,0.21011400876507055
2016-12-14,JNJ,Johnson & Johnson,116.12000274658205,117.3000030517578,114.58000183105467,114.98999786376952,88.6535415649414,9378700,0.0,0.0,-0.7796125190905046,0.6077956799226423
2016-12-15,JNJ,Johnson & Johnson,115.33000183105467,115.91999816894533,114.88999938964844,115.88999938964844,89.34739685058594,6738100,0.0,0.0,0.7796125190905134,0.6077956799226562
2016-12-16,JNJ,Johnson & Johnson,116.41000366210938,116.45999908447266,115.45999908447266,115.87999725341795,89.33969116210938,11291100,0.0,0.0,-0.008624784887410706,7.43869143541081e-05
2016-12-19,JNJ,Johnson & Johnson,116.06999969482422,116.66000366210938,115.94000244140624,116.0199966430664,89.4476089477539,6310800,0.0,0.0,0.12072199612013147,0.014573800347229039
2016-12-20,JNJ,Johnson & Johnson,115.9800033569336,116.25,114.91000366210938,115.66000366210938,89.17008972167969,5715200,0.0,0.0,-0.31074126634960564,0.09656013461255655
2016-12-21,JNJ,Johnson & Johnson,116.1999969482422,116.1999969482422,114.73999786376952,115.30999755859376,88.90023040771484,5907600,0.0,0.0,-0.3030932053790544,0.09186549114694964
2016-12-22,JNJ,Johnson & Johnson,115.0,115.52999877929688,113.87999725341795,115.44000244140624,89.00045776367188,4602300,0.0,0.0,0.11267788516342399,0.012696305804901763
2016-12-23,JNJ,Johnson & Johnson,115.4000015258789,116.31999969482422,115.3000030517578,115.95999908447266,89.4013442993164,2992500,0.0,0.0,0.4494205840564523,0.2019788613736427
2016-12-27,JNJ,Johnson & Johnson,115.88999938964844,116.0,115.37999725341795,115.91000366210938,89.36282348632812,3232600,0.0,0.0,-0.043096795137033475,0.0018573337510834323
2016-12-28,JNJ,Johnson & Johnson,115.87999725341795,116.16000366210938,115.0500030517578,115.0999984741211,88.73834228515625,3278300,0.0,0.0,-0.7012685825838036,0.49177762491909705
2016-12-29,JNJ,Johnson & Johnson,115.2300033569336,115.87000274658205,115.01000213623048,115.48999786376952,89.03903198242188,2993600,0.0,0.0,0.33827699980426457,0.11443132859657441
2016-12-30,JNJ,Johnson & Johnson,115.8000030517578,115.98999786376952,114.9800033569336,115.20999908447266,88.82313537597656,5506700,0.0,0.0,-0.2427685613943048,0.05893657440146034
2017-01-03,JNJ,Johnson & Johnson,115.77999877929688,116.0,115.2300033569336,115.83999633789062,89.30884552001953,5953000,0.0,0.0,0.5453387374103076,0.2973943385202684
2017-01-04,JNJ,Johnson & Johnson,115.5,116.2300033569336,115.30999755859376,115.6500015258789,89.16239166259766,5828900,0.0,0.0,-0.1641204404779686,0.02693551898268243
2017-01-05,JNJ,Johnson & Johnson,116.0,116.97000122070312,115.44000244140624,116.86000061035156,90.09523010253906,6217200,0.0,0.0,1.0407890626771552,1.0832418729883913
2017-01-06,JNJ,Johnson & Johnson,116.66999816894533,117.0,115.76000213623048,116.3000030517578,89.66349029541016,5221400,0.0,0.0,-0.48035570829862556,0.23074160649507425
2017-01-09,JNJ,Johnson & Johnson,116.3499984741211,116.61000061035156,115.88999938964844,116.27999877929688,89.64806365966797,5457500,0.0,0.0,-0.017206516189257202,0.0002960641993711702
2017-01-10,JNJ,Johnson & Johnson,116.02999877929688,117.0,115.87000274658205,116.16000366210938,89.55558776855469,5312800,0.0,0.0,-0.10320760607821705,0.010651809952396426
2017-01-11,JNJ,Johnson & Johnson,116.08000183105467,116.25,114.0199966430664,114.7300033569336,88.45309448242188,8887200,0.0,0.0,-1.238711920604895,1.534407222248668
2017-01-12,JNJ,Johnson & Johnson,114.2699966430664,114.7300033569336,113.37000274658205,114.62000274658205,88.36827850341797,6627300,0.0,0.0,-0.09593408769156687,0.009203349181213244
2017-01-13,JNJ,Johnson & Johnson,114.94000244140624,115.0199966430664,114.44000244140624,114.5999984741211,88.35287475585938,4935200,0.0,0.0,-0.017432828287400604,0.0003039035020979947
2017-01-17,JNJ,Johnson & Johnson,113.94000244140624,115.0500030517578,113.66999816894533,114.87000274658205,88.56102752685547,6255400,0.0,0.0,0.23531544368337404,0.05537335803590318
2017-01-18,JNJ,Johnson & Johnson,114.87000274658205,115.0999984741211,114.41000366210938,114.6999969482422,88.42993927001953,5014600,0.0,0.0,-0.14812991100996417,0.021942470535819904
2017-01-19,JNJ,Johnson & Johnson,114.68000030517578,114.9000015258789,113.91999816894533,114.1999969482422,88.04446411132812,5540800,0.0,0.0,-0.43686309670904894,0.19084936526621984
2017-01-20,JNJ,Johnson & Johnson,114.48999786376952,115.02999877929688,114.08000183105467,114.1500015258789,88.00591278076172,7502400,0.0,0.0,-0.04379579511634782,0.0019180716698731155
2017-01-23,JNJ,Johnson & Johnson,114.51000213623048,114.7699966430664,113.8000030517578,113.91000366210938,87.82088470458984,7989800,0.0,0.0,-0.210466376136399,0.04429609548398819
2017-01-24,JNJ,Johnson & Johnson,112.91000366210938,113.3000030517578,111.1500015258789,111.76000213623048,86.1633071899414,12450300,0.0,0.0,-1.9054922754276875,3.6309008117145862
2017-01-25,JNJ,Johnson & Johnson,111.93000030517578,112.8000030517578,110.76000213623048,112.8000030517578,86.9651107788086,9385500,0.0,0.0,0.9262596295559059,0.857956901345044
2017-01-26,JNJ,Johnson & Johnson,112.0,112.83999633789062,111.5999984741211,111.83999633789062,86.22499084472656,10164300,0.0,0.0,-0.8546960047380814,0.7305052605152385
2017-01-27,JNJ,Johnson & Johnson,112.0,113.54000091552734,111.9000015258789,113.37999725341795,87.41226959228516,8886100,0.0,0.0,1.3675604515593016,1.870221588669081
2017-01-30,JNJ,Johnson & Johnson,113.4000015258789,113.5999984741211,112.8499984741211,113.12999725341795,87.21953582763672,6969400,0.0,0.0,-0.22073166161094962,0.04872246643753077
2017-01-31,JNJ,Johnson & Johnson,112.79000091552734,113.4000015258789,112.43000030517578,113.25,87.31204223632812,8713400,0.0,0.0,0.10600536404942794,0.01123713720725175
2017-02-01,JNJ,Johnson & Johnson,112.4800033569336,113.31999969482422,112.47000122070312,113.2300033569336,87.29662322998047,7082300,0.0,0.0,-0.017661215549137542,0.0003119185346730977
2017-02-02,JNJ,Johnson & Johnson,112.81999969482422,113.62000274658205,112.7699966430664,113.56999969482422,87.55875396728516,7826300,0.0,0.0,0.29982599091475615,0.08989562482801544
2017-02-03,JNJ,Johnson & Johnson,113.5,113.66000366210938,112.66000366210938,113.63999938964844,87.61273956298828,7267600,0.0,0.0,0.06163742321803425,0.0037991719409590672
2017-02-06,JNJ,Johnson & Johnson,113.45999908447266,113.58999633789062,112.62000274658205,113.4000015258789,87.4277114868164,6178400,0.0,0.0,-0.21141186963057282,0.04469497862069432
2017-02-07,JNJ,Johnson & Johnson,113.5999984741211,113.62000274658205,113.0500030517578,113.4800033569336,87.4893798828125,5507900,0.0,0.0,0.0705115755907903,0.004971882292295734
2017-02-08,JNJ,Johnson & Johnson,113.3000030517578,113.69000244140624,113.1500015258789,113.4000015258789,87.4277114868164,5272000,0.0,0.0,-0.07051157559079393,0.004971882292296247
2017-02-09,JNJ,Johnson & Johnson,113.4000015258789,114.6500015258789,113.4000015258789,114.08000183105467,87.95195770263672,5854600,0.0,0.0,0.5978432730483522,0.3574165791291666
2017-02-10,JNJ,Johnson & Johnson,114.31999969482422,115.98999786376952,114.2300033569336,115.23999786376952,88.84628295898438,6438500,0.0,0.0,1.0116988507290503,1.0235345645664813
2017-02-13,JNJ,Johnson & Johnson,115.27999877929688,116.12000274658205,115.22000122070312,115.87999725341795,89.33969116210938,5710800,0.0,0.0,0.5538140324100093,0.3067099824942348
2017-02-14,JNJ,Johnson & Johnson,115.44000244140624,116.4000015258789,115.31999969482422,116.36000061035156,89.70974731445312,5539100,0.0,0.0,0.4133569838619189,0.17086399610742267
2017-02-15,JNJ,Johnson & Johnson,115.9000015258789,117.45999908447266,115.58999633789062,117.1999969482422,90.35738372802734,5979700,0.0,0.0,0.7193308433512087,0.5174368621963611
2017-02-16,JNJ,Johnson & Johnson,117.0,118.27999877929688,117.0,118.08000183105467,91.03582000732422,7119300,0.0,0.0,0.748031821285507,0.5595516056557127
2017-02-17,JNJ,Johnson & Johnson,118.19000244140624,118.9000015258789,118.0500030517578,118.86000061035156,91.63716888427734,8691400,0.0,0.0,0.6583907701570512,0.433478406227995
2017-02-21,JNJ,Johnson & Johnson,118.4000015258789,119.88999938964844,118.31999969482422,119.66000366210938,92.25394439697266,8595100,0.0,0.0,0.6708076475349047,0.44998289999131297
2017-02-22,JNJ,Johnson & Johnson,119.27999877929688,119.7699966430664,119.25,119.5199966430664,92.14600372314452,5103900,0.0,0.0,-0.11707236065641173,0.013705937629664941
2017-02-23,JNJ,Johnson & Johnson,119.5199966430664,121.9000015258789,119.4800033569336,121.6999969482422,93.8267059326172,9980900,0.0,0.0,1.8075210833972077,3.267132466925416
2017-02-24,JNJ,Johnson & Johnson,121.5,122.73999786376952,120.9000015258789,122.7300033569336,95.24691009521484,10835000,0.8,0.0,1.5023046610651876,2.256919294658188
2017-02-27,JNJ,Johnson & Johnson,122.12999725341795,122.87999725341795,122.0999984741211,122.4000015258789,94.99078369140624,5946200,0.0,0.0,-0.26927004156438905,0.0725063552840878
2017-02-28,JNJ,Johnson & Johnson,122.01000213623048,122.6500015258789,121.94000244140624,122.20999908447266,94.84336853027344,8885500,0.0,0.0,-0.1553094520024614,0.024121025881304863
2017-03-01,JNJ,Johnson & Johnson,122.48999786376952,124.4499969482422,122.41999816894533,123.86000061035156,96.1238784790039,9393900,0.0,0.0,1.3410981839485057,1.79854433898998
2017-03-02,JNJ,Johnson & Johnson,123.75,124.36000061035156,123.0199966430664,123.62999725341795,95.94538116455078,6950200,0.0,0.0,-0.1858677085255424,0.03454680507253599
2017-03-03,JNJ,Johnson & Johnson,123.62999725341795,123.93000030517578,123.2300033569336,123.79000091552734,96.06956481933594,5585200,0.0,0.0,0.1293479228536343,0.01673088514654973
2017-03-06,JNJ,Johnson & Johnson,123.01000213623048,124.43000030517578,122.5999984741211,123.70999908447266,96.0074691772461,6670700,0.0,0.0,-0.06465702115560716,0.004180530384716632
2017-03-07,JNJ,Johnson & Johnson,122.58000183105467,124.45999908447266,122.38999938964844,123.83000183105467,96.10059356689452,6644000,0.0,0.0,0.09695001408311195,0.009399305230715605
2017-03-08,JNJ,Johnson & Johnson,123.75,124.68000030517578,123.5,124.0999984741211,96.31011962890624,7909900,0.0,0.0,0.21779051836724247,0.047432709890672185
2017-03-09,JNJ,Johnson & Johnson,124.58000183105467,126.20999908447266,124.16999816894533,125.9499969482422,97.74588012695312,8571100,0.0,0.0,1.4797653243003182,2.189705415001626
2017-03-10,JNJ,Johnson & Johnson,126.04000091552734,126.48999786376952,125.54000091552734,126.20999908447266,97.94763946533205,7395400,0.0,0.0,0.2061993777681179,0.042518183391958994
2017-03-13,JNJ,Johnson & Johnson,125.83000183105467,126.9499969482422,125.79000091552734,126.68000030517578,98.31239318847656,7162500,0.0,0.0,0.3717049652741695,0.13816458120947156
2017-03-14,JNJ,Johnson & Johnson,126.86000061035156,127.75,126.7699966430664,127.0500030517578,98.59952545166016,7679700,0.0,0.0,0.2916354364676417,0.08505122780367186
2017-03-15,JNJ,Johnson & Johnson,127.0500030517578,129.0,126.5999984741211,128.9600067138672,100.0818328857422,8360600,0.0,0.0,1.4921731463489205,2.226580698684837
2017-03-16,JNJ,Johnson & Johnson,128.44000244140625,128.6999969482422,127.7699966430664,128.4600067138672,99.6938018798828,7610700,0.0,0.0,-0.3884672865993865,0.1509068327578899
2017-03-17,JNJ,Johnson & Johnson,128.4499969482422,128.94000244140625,127.9499969482422,128.05999755859375,99.38336181640624,13300800,0.0,0.0,-0.3118793831967952,0.09726874966321342
2017-03-20,JNJ,Johnson & Johnson,128.0399932861328,128.4199981689453,127.97000122070312,128.07000732421875,99.39112854003906,5827500,0.0,0.0,0.007814608024247837,6.106809857263868e-05
2017-03-21,JNJ,Johnson & Johnson,128.3800048828125,128.4499969482422,127.13999938964844,127.25,98.75475311279295,7578600,0.0,0.0,-0.6423324168627944,0.4125909337527987
2017-03-22,JNJ,Johnson & Johnson,127.0500030517578,127.6500015258789,126.20999908447266,126.26000213623048,97.9864501953125,10272700,0.0,0.0,-0.7810329612481448,0.6100124865560461
2017-03-23,JNJ,Johnson & Johnson,126.0999984741211,127.0,125.66000366210938,125.9000015258789,97.70703887939452,8508100,0.0,0.0,-0.28556034961618726,0.0815447132729191
2017-03-24,JNJ,Johnson & Johnson,125.86000061035156,126.36000061035156,125.12999725341795,125.4800033569336,97.38111114501952,6490300,0.0,0.0,-0.3341341209815495,0.11164561080411275
2017-03-27,JNJ,Johnson & Johnson,125.16000366210938,126.13999938964844,125.1500015258789,125.8000030517578,97.62947082519533,5004300,0.0,0.0,0.254714192373532,0.06487931979650066
2017-03-28,JNJ,Johnson & Johnson,125.62000274658205,125.77999877929688,124.77999877929688,125.66000366210938,97.52081298828124,5287600,0.0,0.0,-0.1113581246404855,0.012400631923445904
2017-03-29,JNJ,Johnson & Johnson,125.0500030517578,125.33000183105467,124.36000061035156,124.91999816894533,96.9465103149414,3971800,0.0,0.0,-0.5906435417285756,0.34885979338567563
2017-03-30,JNJ,Johnson & Johnson,124.73999786376952,125.43000030517578,124.27999877929688,124.66000366210938,96.74471282958984,4711700,0.0,0.0,-0.20837036917777696,0.04341821075128306
2017-03-31,JNJ,Johnson & Johnson,124.11000061035156,124.83000183105467,124.02999877929688,124.5500030517578,96.65936279296876,5657600,0.0,0.0,-0.08826085167746694,0.00778997793883182
2017-04-03,JNJ,Johnson & Johnson,124.7300033569336,125.30999755859376,124.27999877929688,124.69000244140624,96.7680206298828,4956400,0.0,0.0,0.11235001623940066,0.012622526148993592
2017-04-04,JNJ,Johnson & Johnson,124.51000213623048,124.7699966430664,124.22000122070312,124.68000030517578,96.76025390625,5358500,0.0,0.0,-0.008026448492436146,6.442387540173048e-05
2017-04-05,JNJ,Johnson & Johnson,124.72000122070312,125.5999984741211,124.41000366210938,124.8000030517578,96.8533935546875,5646300,0.0,0.0,0.09621187023092173,0.009256723973331724
2017-04-06,JNJ,Johnson & Johnson,124.8499984741211,125.45999908447266,124.5,125.0500030517578,97.0474090576172,4324200,0.0,0.0,0.2001183750291422,0.04004736402430441
2017-04-07,JNJ,Johnson & Johnson,125.12000274658205,125.47000122070312,124.83000183105467,124.91999816894533,96.9465103149414,3615100,0.0,0.0,-0.10402259215178322,0.010820699677976232
2017-04-10,JNJ,Johnson & Johnson,124.87000274658205,124.9499969482422,124.2300033569336,124.33999633789062,96.49640655517578,4594200,0.0,0.0,-0.46536164708505395,0.2165614625777143
2017-04-11,JNJ,Johnson & Johnson,124.26000213623048,124.79000091552734,123.9499969482422,124.22000122070312,96.40325927734376,4161500,0.0,0.0,-0.09657589054891139,0.009326902635315312
2017-04-12,JNJ,Johnson & Johnson,124.54000091552734,125.45999908447266,124.36000061035156,125.4000015258789,97.3190460205078,5556600,0.0,0.0,0.9454704389393135,0.8939143509080981
2017-04-13,JNJ,Johnson & Johnson,125.12999725341795,125.6500015258789,124.95999908447266,124.98999786376952,97.00083923339844,5396500,0.0,0.0,-0.32750850086411215,0.10726181813825815
2017-04-17,JNJ,Johnson & Johnson,125.0199966430664,125.80999755859376,124.93000030517578,125.72000122070312,97.56736755371094,5367500,0.0,0.0,0.582345832042328,0.3391266680970713
2017-04-18,JNJ,Johnson & Johnson,123.18000030517578,123.37000274658205,120.9499969482422,121.81999969482422,94.5407257080078,13485700,0.0,0.0,-3.1512387140823286,9.930305433131247
2017-04-19,JNJ,Johnson & Johnson,122.0999984741211,122.27999877929688,121.11000061035156,121.37000274658205,94.19147491455078,6993100,0.0,0.0,-0.37010238948348,0.13697577870138153
2017-04-20,JNJ,Johnson & Johnson,121.86000061035156,122.1500015258789,121.3499984741211,121.87000274658205,94.57950592041016,6330100,0.0,0.0,0.4111135627587951,0.16901436148422977
2017-04-21,JNJ,Johnson & Johnson,121.77999877929688,122.04000091552734,121.54000091552734,121.76000213623048,94.49417114257812,6021700,0.0,0.0,-0.09026617025893093,0.008147981493214307
2017-04-24,JNJ,Johnson & Johnson,122.5199966430664,123.20999908447266,122.1500015258789,122.88999938964844,95.37109375,5679000,0.0,0.0,0.9237380449773415,0.853291975738561
2017-04-25,JNJ,Johnson & Johnson,123.33999633789062,123.75,123.01000213623048,123.43000030517578,95.79016876220705,5090000,0.0,0.0,0.4384525170630346,0.19224060971891066
2017-04-26,JNJ,Johnson & Johnson,123.79000091552734,124.26000213623048,123.4800033569336,123.51000213623048,95.85225677490234,5021800,0.0,0.0,0.06479568883934633,0.004198481292165391
2017-04-27,JNJ,Johnson & Johnson,123.58000183105467,124.30999755859376,123.4000015258789,123.73999786376952,96.03074645996094,4225200,0.0,0.0,0.18604017399178954,0.034610946338895325
2017-04-28,JNJ,Johnson & Johnson,123.8499984741211,123.9000015258789,123.12999725341795,123.47000122070312,95.82119750976562,4381800,0.0,0.0,-0.2184486945398994,0.047719832146186275
2017-05-01,JNJ,Johnson & Johnson,123.4000015258789,123.77999877929688,123.0,123.33999633789062,95.7203140258789,4556400,0.0,0.0,-0.10533851634190268,0.011096203025113298
2017-05-02,JNJ,Johnson & Johnson,123.5199966430664,123.73999786376952,122.88999938964844,123.6999969482422,95.9997100830078,4881600,0.0,0.0,0.29146277882856275,0.08495055144246769
2017-05-03,JNJ,Johnson & Johnson,123.58999633789062,123.6999969482422,123.04000091552734,123.33000183105467,95.7125473022461,3736500,0.0,0.0,-0.29957708436961683,0.08974642947940052
2017-05-04,JNJ,Johnson & Johnson,123.69000244140624,123.9499969482422,123.2300033569336,123.9499969482422,96.1937255859375,3753700,0.0,0.0,0.5014732294261067,0.25147539983104866
2017-05-05,JNJ,Johnson & Johnson,123.8000030517578,123.8000030517578,122.86000061035156,123.51000213623048,95.85225677490234,4139800,0.0,0.0,-0.3556118869950339,0.12645981417216876
2017-05-08,JNJ,Johnson & Johnson,123.52999877929688,123.8000030517578,123.0199966430664,123.25,95.65046691894533,3608600,0.0,0.0,-0.21074366645931825,0.04441289295271638
2017-05-09,JNJ,Johnson & Johnson,123.2300033569336,123.47000122070312,122.87999725341795,123.20999908447266,95.61944580078124,3762500,0.0,0.0,-0.03243700799041983,0.0010521594873705601
2017-05-10,JNJ,Johnson & Johnson,122.91000366210938,123.05999755859376,122.37999725341795,122.80999755859376,95.30901336669922,4237400,0.0,0.0,-0.32518222687941606,0.10574348067825602
2017-05-11,JNJ,Johnson & Johnson,122.5,123.20999908447266,122.33999633789062,123.1999969482422,95.6116714477539,4095900,0.0,0.0,0.317051381707909,0.1005215786428942
2017-05-12,JNJ,Johnson & Johnson,123.11000061035156,124.0999984741211,123.01000213623048,123.63999938964844,95.95313262939452,4097100,0.0,0.0,0.3564971602398318,0.1270902252590643
2017-05-15,JNJ,Johnson & Johnson,124.41000366210938,127.36000061035156,124.33000183105467,126.98999786376952,98.5529556274414,9854600,0.0,0.0,2.6734153813627564,7.147149801306972
2017-05-16,JNJ,Johnson & Johnson,127.33999633789062,128.3699951171875,127.05999755859376,127.7699966430664,99.15830993652344,7233800,0.0,0.0,0.6123638923998814,0.3749895367151336
2017-05-17,JNJ,Johnson & Johnson,127.7699966430664,127.88999938964844,126.4499969482422,126.66999816894533,98.30463409423828,6480800,0.0,0.0,-0.8646494814533365,0.7476187257775238
2017-05-18,JNJ,Johnson & Johnson,126.45999908447266,127.87000274658205,125.95999908447266,126.97000122070312,98.53743743896484,6571300,0.0,0.0,0.23653830856231953,0.055950371417523084
2017-05-19,JNJ,Johnson & Johnson,127.02999877929688,127.38999938964844,126.44000244140624,127.0,98.56075286865234,6957200,0.0,0.0,0.02365869494778976,0.0005597338466325727
2017-05-22,JNJ,Johnson & Johnson,126.62999725341795,127.6500015258789,126.62999725341795,127.26000213623048,98.76251220703124,4858200,0.0,0.0,0.20449632091028574,0.04181874526584257
2017-05-23,JNJ,Johnson & Johnson,127.30999755859376,128.14999389648438,127.30999755859376,127.5199966430664,98.96428680419922,3972500,0.0,0.0,0.20409440522701408,0.04165452624496863
2017-05-24,JNJ,Johnson & Johnson,127.79000091552734,128.0,127.29000091552734,127.51000213623048,98.95654296875,3965200,0.0,0.0,-0.007825184910603434,6.123351888513567e-05
2017-05-25,JNJ,Johnson & Johnson,126.73999786376952,127.62000274658205,126.33000183105467,127.52999877929688,99.62838745117188,5294300,0.84,0.0,0.6766344699745886,0.4578342059577925
2017-05-26,JNJ,Johnson & Johnson,127.2300033569336,127.66999816894533,126.83000183105467,126.91999816894533,99.15182495117188,4005200,0.0,0.0,-0.47948777927981523,0.2299085304786888
2017-05-30,JNJ,Johnson & Johnson,126.6999969482422,127.38999938964844,126.19000244140624,127.11000061035156,99.30028533935548,3665400,0.0,0.0,0.1496183796293488,0.022385659522911935
2017-05-31,JNJ,Johnson & Johnson,127.3499984741211,128.8000030517578,127.3499984741211,128.25,100.1908721923828,8813500,0.0,0.0,0.8928644061769058,0.7972068478176385
2017-06-01,JNJ,Johnson & Johnson,128.32000732421875,128.77999877929688,128.1199951171875,128.77999877929688,100.60490417480467,5790900,0.0,0.0,0.4123917113085025,0.17006692355595526
2017-06-02,JNJ,Johnson & Johnson,129.0500030517578,130.13999938964844,128.8300018310547,130.0800018310547,101.62047576904295,6562600,0.0,0.0,1.0044042269209665,1.0088278510567044
2017-06-05,JNJ,Johnson & Johnson,129.97000122070312,130.52000427246094,129.8000030517578,130.36000061035156,101.83921813964844,4634700,0.0,0.0,0.21502288800550137,0.04623484236622639
2017-06-06,JNJ,Johnson & Johnson,130.17999267578125,131.3300018310547,130.02999877929688,130.8300018310547,102.20638275146484,5619100,0.0,0.0,0.3598852477072234,0.12951739151728955
2017-06-07,JNJ,Johnson & Johnson,131.0,131.47999572753906,130.5800018310547,130.75,102.14390563964844,5765200,0.0,0.0,-0.06114707667404672,0.0037389649857817488
2017-06-08,JNJ,Johnson & Johnson,130.75,131.39999389648438,129.9600067138672,130.5500030517578,101.9876480102539,8101700,0.0,0.0,-0.1530950576924241,0.02343809668984666
2017-06-09,JNJ,Johnson & Johnson,130.3699951171875,131.6999969482422,130.30999755859375,131.52999877929688,102.75323486328124,5992500,0.0,0.0,0.7478627722451328,0.5592987261101753
2017-06-12,JNJ,Johnson & Johnson,131.52999877929688,131.8300018310547,131.4199981689453,131.82000732421875,102.97979736328124,8020700,0.0,0.0,0.2202491152104091,0.04850967275096806
2017-06-13,JNJ,Johnson & Johnson,131.75,132.72999572753906,131.39999389648438,132.02000427246094,103.13605499267578,5733800,0.0,0.0,0.15162119511286326,0.02298898680745295
2017-06-14,JNJ,Johnson & Johnson,132.50999450683594,133.55999755859375,132.50999450683594,132.77000427246094,103.72193145751952,7329400,0.0,0.0,0.5664543501407296,0.3208705307933563
2017-06-15,JNJ,Johnson & Johnson,132.0,133.35000610351562,131.80999755859375,133.0399932861328,103.93287658691406,5265000,0.0,0.0,0.20316909966317945,0.04127768305794694
2017-06-16,JNJ,Johnson & Johnson,133.72000122070312,134.60000610351562,133.0399932861328,134.35000610351562,104.95626831054688,12639600,0.0,0.0,0.9798497783657937,0.960105588163495
2017-06-19,JNJ,Johnson & Johnson,134.14999389648438,134.67999267578125,133.49000549316406,134.07000732421875,104.73754119873048,7488700,0.0,0.0,-0.20861578284478557,0.04352054485194273
2017-06-20,JNJ,Johnson & Johnson,133.89999389648438,134.75999450683594,133.89999389648438,134.22000122070312,104.854736328125,5201200,0.0,0.0,0.1118315455047906,0.012506294569990051
2017-06-21,JNJ,Johnson & Johnson,134.2899932861328,135.11000061035156,134.02000427246094,134.91000366210938,105.39372253417967,5841100,0.0,0.0,0.5127147087722295,0.26287637259139207
2017-06-22,JNJ,Johnson & Johnson,135.4499969482422,137.0,135.27000427246094,136.0500030517578,106.28433990478516,7311000,0.0,0.0,0.8414878856466875,0.7081018616901327
2017-06-23,JNJ,Johnson & Johnson,135.4499969482422,136.50999450683594,135.32000732421875,136.42999267578125,106.5811767578125,9007100,0.0,0.0,0.2788963192242929,0.0777831568768587
2017-06-26,JNJ,Johnson & Johnson,136.47999572753906,136.89999389648438,136.1999969482422,136.33999633789062,106.51090240478516,5561800,0.0,0.0,-0.06595679750381057,0.004350299136958673
2017-06-27,JNJ,Johnson & Johnson,136.5,136.72999572753906,134.99000549316406,135.00999450683594,105.47187042236328,6120500,0.0,0.0,-0.9803063611920142,0.9610005617935278
2017-06-28,JNJ,Johnson & Johnson,135.9499969482422,136.1999969482422,133.57000732421875,133.82000732421875,104.54224395751952,6557900,0.0,0.0,-0.8853048180279824,0.7837646208235591
2017-06-29,JNJ,Johnson & Johnson,133.39999389648438,133.72999572753906,132.30999755859375,132.63999938964844,103.62037658691406,5750000,0.0,0.0,-0.8857242428554452,0.7845074343818516
2017-06-30,JNJ,Johnson & Johnson,132.6999969482422,133.1999969482422,132.27999877929688,132.2899932861328,103.34696197509766,5264400,0.0,0.0,-0.2642105491317106,0.06980721427248006
2017-07-03,JNJ,Johnson & Johnson,132.7899932861328,133.32000732421875,132.64999389648438,132.89999389648438,103.8235321044922,2931000,0.0,0.0,0.46007610508593877,0.21167002247104777
2017-07-05,JNJ,Johnson & Johnson,132.97999572753906,134.05999755859375,132.4199981689453,133.63999938964844,104.40160369873048,4302700,0.0,0.0,0.555238518270918,0.3082898121716845
2017-07-06,JNJ,Johnson & Johnson,133.61000061035156,133.97000122070312,132.41000366210938,132.52000427246094,103.52664184570312,4282200,0.0,0.0,-0.8416047710904592,0.7082985907222242
2017-07-07,JNJ,Johnson & Johnson,132.91000366210938,133.0,131.69000244140625,132.5399932861328,103.54227447509766,4994100,0.0,0.0,0.015098962897954928,0.00022797868059381947
2017-07-10,JNJ,Johnson & Johnson,132.74000549316406,132.8699951171875,131.22999572753906,131.5500030517578,102.76888275146484,4019600,0.0,0.0,-0.7497368118680207,0.5621052870700238
2017-07-11,JNJ,Johnson & Johnson,131.42999267578125,131.7899932861328,130.47999572753906,131.22999572753906,102.51885986328124,3733100,0.0,0.0,-0.2435829909960605,0.0593326735025869
2017-07-12,JNJ,Johnson & Johnson,132.0399932861328,132.88999938964844,131.77000427246094,132.22999572753906,103.30008697509766,5053200,0.0,0.0,0.7591437772390962,0.5762992745208425
2017-07-13,JNJ,Johnson & Johnson,132.10000610351562,132.22000122070312,130.99000549316406,131.86000061035156,103.01103973388672,4424400,0.0,0.0,-0.2802053722870293,0.07851505065851269
2017-07-14,JNJ,Johnson & Johnson,132.0,133.0,131.74000549316406,132.60000610351562,103.58914947509766,4383100,0.0,0.0,0.5596425175492672,0.31319974744888185
2017-07-17,JNJ,Johnson & Johnson,132.7100067138672,132.92999267578125,131.75,132.14999389648438,103.2375717163086,4939400,0.0,0.0,-0.3399735734316019,0.11558203063185281
2017-07-18,JNJ,Johnson & Johnson,131.6199951171875,134.9499969482422,131.0800018310547,134.4600067138672,105.04219818115234,10256000,0.0,0.0,1.7329303052302607,3.0030474427854443
2017-07-19,JNJ,Johnson & Johnson,134.83999633789062,135.41000366210938,134.52000427246094,135.2100067138672,105.62812042236328,5503300,0.0,0.0,0.5562470839269421,0.30941081837722656
2017-07-20,JNJ,Johnson & Johnson,135.72999572753906,137.0800018310547,135.6199951171875,136.57000732421875,106.69056701660156,6088600,0.0,0.0,1.0008120106102236,1.0016246805816784
2017-07-21,JNJ,Johnson & Johnson,135.3300018310547,136.27000427246094,135.10000610351562,135.30999755859375,105.70623779296876,6773500,0.0,0.0,-0.9268842547801113,0.8591144217592822
2017-07-24,JNJ,Johnson & Johnson,134.99000549316406,135.16000366210938,132.85000610351562,133.00999450683594,103.9094467163086,8306700,0.0,0.0,-1.7144090052492549,2.9391982372797396
2017-07-25,JNJ,Johnson & Johnson,133.74000549316406,133.85000610351562,131.4499969482422,131.8800048828125,103.0266571044922,6262900,0.0,0.0,-0.8532053622367709,0.7279593901495794
2017-07-26,JNJ,Johnson & Johnson,131.66000366210938,132.24000549316406,130.75,130.9499969482422,102.30011749267578,5382200,0.0,0.0,-0.7076940116727017,0.5008308141574022
2017-07-27,JNJ,Johnson & Johnson,130.85000610351562,131.14999389648438,129.57000732421875,130.8300018310547,102.20638275146484,5838100,0.0,0.0,-0.09166921116248336,0.008403244275151964
2017-07-28,JNJ,Johnson & Johnson,131.13999938964844,131.99000549316406,130.52000427246094,131.85000610351562,103.00323486328124,4970900,0.0,0.0,0.7766264819786377,0.6031486925105153
2017-07-31,JNJ,Johnson & Johnson,132.13999938964844,133.5800018310547,132.10000610351562,132.72000122070312,103.68289184570312,5440800,0.0,0.0,0.6576730069217303,0.43253378403347026
2017-08-01,JNJ,Johnson & Johnson,133.1699981689453,133.35000610351562,132.27999877929688,132.50999450683594,103.5188217163086,3837600,0.0,0.0,-0.15836757415278646,0.02508028854303832
2017-08-02,JNJ,Johnson & Johnson,132.0800018310547,132.5,131.5,132.16000366210938,103.24539184570312,4032100,0.0,0.0,-0.26448486929813214,0.06995224608765004
2017-08-03,JNJ,Johnson & Johnson,131.91000366210938,133.39999389648438,131.50999450683594,133.35000610351562,104.175048828125,4327300,0.0,0.0,0.8964046210114793,0.8035412445707338
2017-08-04,JNJ,Johnson & Johnson,133.74000549316406,134.00999450683594,132.8000030517578,133.17999267578125,104.04225158691406,3192800,0.0,0.0,-0.12755641241340623,0.016270638347778976
2017-08-07,JNJ,Johnson & Johnson,133.08999633789062,133.47999572753906,132.50999450683594,132.86000061035156,103.79227447509766,3010800,0.0,0.0,-0.24055409569967728,0.0578662729578895
2017-08-08,JNJ,Johnson & Johnson,132.5,132.8000030517578,131.39999389648438,132.27000427246094,103.33133697509766,5535800,0.0,0.0,-0.445085191115213,0.19810082735006568
2017-08-09,JNJ,Johnson & Johnson,132.80999755859375,133.41000366210938,132.3699951171875,133.22999572753906,104.08129119873048,6332300,0.0,0.0,0.7231550928133638,0.5229532882619048
2017-08-10,JNJ,Johnson & Johnson,133.0399932861328,133.85000610351562,132.3699951171875,133.08999633789062,103.97193145751952,5607900,0.0,0.0,-0.10512670737461954,0.011051624603428888
2017-08-11,JNJ,Johnson & Johnson,133.63999938964844,134.49000549316406,132.75,133.10000610351562,103.9797592163086,4270600,0.0,0.0,0.007528439675018714,5.667740394039588e-05
2017-08-14,JNJ,Johnson & Johnson,134.1999969482422,134.3699951171875,132.8699951171875,133.47999572753906,104.27659606933594,3041100,0.0,0.0,0.2850689033127237,0.08126427963591902
2017-08-15,JNJ,Johnson & Johnson,133.85000610351562,133.94000244140625,133.1999969482422,133.3800048828125,104.19849395751952,3931800,0.0,0.0,-0.07492704808069185,0.0056140625340863086
2017-08-16,JNJ,Johnson & Johnson,134.0800018310547,134.97000122070312,133.86000061035156,134.1699981689453,104.81566619873048,4469900,0.0,0.0,0.590557151195151,0.34875774882773236
2017-08-17,JNJ,Johnson & Johnson,134.17999267578125,134.74000549316406,133.02999877929688,133.0399932861328,103.93287658691406,5741400,0.0,0.0,-0.8457974007676927,0.715373243145385
2017-08-18,JNJ,Johnson & Johnson,132.6699981689453,133.77999877929688,132.3800048828125,132.6300048828125,103.61257934570312,4792800,0.0,0.0,-0.3086528626240851,0.09526658960604234
2017-08-21,JNJ,Johnson & Johnson,132.27999877929688,133.64999389648438,132.19000244140625,133.4499969482422,104.25318145751952,4660000,0.0,0.0,0.6163633081264936,0.379903727604635
2017-08-22,JNJ,Johnson & Johnson,133.27000427246094,134.7899932861328,132.89999389648438,134.6999969482422,105.22969818115234,4150300,0.0,0.0,0.9323184774693497,0.8692177434307663
2017-08-23,JNJ,Johnson & Johnson,134.42999267578125,134.49000549316406,132.64999389648438,132.8000030517578,103.74539184570312,5129900,0.0,0.0,-1.4205820386717074,2.018053328596664
2017-08-24,JNJ,Johnson & Johnson,132.82000732421875,133.0800018310547,132.27000427246094,132.88999938964844,103.81568908691406,5398400,0.0,0.0,0.06773644036051203,0.004588225352713204
2017-08-25,JNJ,Johnson & Johnson,131.91000366210938,132.55999755859375,131.6199951171875,131.67999267578125,103.52478790283205,4133300,0.84,0.0,-0.2806025906564721,0.07873781388312363
2017-08-28,JNJ,Johnson & Johnson,131.67999267578125,132.1199951171875,131.49000549316406,131.74000549316406,103.57196044921876,5349200,0.0,0.0,0.04555604815423337,0.0020753535234308298
2017-08-29,JNJ,Johnson & Johnson,131.57000732421875,132.4499969482422,131.3000030517578,132.2100067138672,103.94149780273438,3277900,0.0,0.0,0.35615785815083245,0.1268484199225885
2017-08-30,JNJ,Johnson & Johnson,132.0,132.0,130.89999389648438,131.07000732421875,103.04524993896484,5430800,0.0,0.0,-0.8660008186727849,0.7499574179419336
2017-08-31,JNJ,Johnson & Johnson,131.38999938964844,132.5,131.25,132.3699951171875,104.06724548339844,7407100,0.0,0.0,0.9869069825156744,0.9739853921381937
2017-09-01,JNJ,Johnson & Johnson,132.60000610351562,132.64999389648438,130.94000244140625,131.02999877929688,103.0137939453125,3820800,0.0,0.0,-1.017438031581751,1.0351801481089482
2017-09-05,JNJ,Johnson & Johnson,130.72000122070312,131.17999267578125,129.72000122070312,129.89999389648438,102.12539672851562,5146600,0.0,0.0,-0.8661463154894173,0.7502094398358933
2017-09-06,JNJ,Johnson & Johnson,130.5399932861328,131.0,130.2100067138672,130.6699981689453,102.73078155517578,5601900,0.0,0.0,0.5910357149318854,0.349323216325045
2017-09-07,JNJ,Johnson & Johnson,130.86000061035156,132.52000427246094,130.25,132.19000244140625,103.92576599121094,3800200,0.0,0.0,1.1565060670503688,1.3375062831243123
2017-09-08,JNJ,Johnson & Johnson,132.0,132.33999633789062,130.8699951171875,130.97999572753906,102.97445678710938,4854400,0.0,0.0,-0.9195890610706395,0.8456440412407804
2017-09-11,JNJ,Johnson & Johnson,131.3699951171875,133.33999633789062,131.02000427246094,133.2100067138672,104.72766876220705,5724200,0.0,0.0,1.6882384917605358,2.8501492050618884
2017-09-12,JNJ,Johnson & Johnson,133.8300018310547,133.8800048828125,131.92999267578125,132.6300048828125,104.27169799804688,5465200,0.0,0.0,-0.43633767380813293,0.19039056558429263
2017-09-13,JNJ,Johnson & Johnson,132.6699981689453,133.75,131.85000610351562,132.4499969482422,104.13014221191406,4679500,0.0,0.0,-0.1358489039830043,0.018454924713383523
2017-09-14,JNJ,Johnson & Johnson,132.13999938964844,134.47000122070312,131.99000549316406,134.17999267578125,105.49024963378906,6274500,0.0,0.0,1.2977043856296717,1.6840366724824838
2017-09-15,JNJ,Johnson & Johnson,134.7899932861328,135.4499969482422,134.17999267578125,134.4499969482422,105.70255279541016,15522000,0.0,0.0,0.20105158006616103,0.04042173784709996
2017-09-18,JNJ,Johnson & Johnson,134.44000244140625,135.77000427246094,134.11000061035156,135.3800048828125,106.43370056152344,5260800,0.0,0.0,0.6893217445576783,0.47516446752004105
2017-09-19,JNJ,Johnson & Johnson,135.02000427246094,135.7899932861328,134.35000610351562,135.22000122070312,106.3078842163086,4903800,0.0,0.0,-0.11828092755323298,0.013990377822853148
2017-09-20,JNJ,Johnson & Johnson,133.25,134.2899932861328,132.33999633789062,133.22000122070312,104.73553466796876,8705500,0.0,0.0,-1.4900996678442981,2.220397020109688
2017-09-21,JNJ,Johnson & Johnson,133.30999755859375,133.82000732421875,131.3800048828125,131.75,103.5798568725586,6051800,0.0,0.0,-1.109557621551536,1.2311181155431015
2017-09-22,JNJ,Johnson & Johnson,131.99000549316406,132.38999938964844,131.27000427246094,131.38999938964844,103.29679107666016,4334900,0.0,0.0,-0.2736567663450261,0.07488802576641622
2017-09-25,JNJ,Johnson & Johnson,131.47000122070312,131.75999450683594,130.8300018310547,131.1699981689453,103.12385559082033,6017400,0.0,0.0,-0.16755642334395388,0.02807515500381829
2017-09-26,JNJ,Johnson & Johnson,131.5,131.94000244140625,130.82000732421875,130.94000244140625,102.94303894042967,4516200,0.0,0.0,-0.17549320302841256,0.030797864309171634
2017-09-27,JNJ,Johnson & Johnson,131.0,131.08999633789062,129.42999267578125,129.75,102.00746154785156,5796100,0.0,0.0,-0.9129852223169322,0.8335420161690982
2017-09-28,JNJ,Johnson & Johnson,129.91000366210938,130.27000427246094,129.2899932861328,129.47000122070312,101.78733825683594,3992700,0.0,0.0,-0.2160245274461838,0.04666659645834702
2017-09-29,JNJ,Johnson & Johnson,129.5800018310547,130.47000122070312,129.0500030517578,130.00999450683594,102.21188354492188,5736900,0.0,0.0,0.41622305932714504,0.1732416351156481
2017-10-02,JNJ,Johnson & Johnson,130.16000366210938,131.3300018310547,130.02000427246094,131.22000122070312,103.16314697265624,4492900,0.0,0.0,0.9263737935383601,0.8581684053546523
2017-10-03,JNJ,Johnson & Johnson,131.64999389648438,132.39999389648438,131.36000061035156,132.10000610351562,103.85501861572266,3900800,0.0,0.0,0.6684188482427964,0.4467837566862265
2017-10-04,JNJ,Johnson & Johnson,132.39999389648438,133.17999267578125,132.10000610351562,132.88999938964844,104.47608947753906,3589000,0.0,0.0,0.5962361621454063,0.3554975610498832
2017-10-05,JNJ,Johnson & Johnson,132.88999938964844,133.30999755859375,132.36000061035156,133.19000244140625,104.71194458007812,3741100,0.0,0.0,0.2254958832057507,0.05084839334274156
2017-10-06,JNJ,Johnson & Johnson,133.0,133.25,132.47999572753906,133.22000122070312,104.73553466796876,2469500,0.0,0.0,0.022526017572607908,0.0005074214676814402
2017-10-09,JNJ,Johnson & Johnson,133.66000366210938,133.82000732421875,133.1699981689453,133.4499969482422,104.91635131835938,3750500,0.0,0.0,0.1724923144600647,0.02975359854778984
2017-10-10,JNJ,Johnson & Johnson,133.55999755859375,134.1300048828125,132.9199981689453,133.89999389648438,105.27011108398438,4184600,0.0,0.0,0.33661549427993526,0.11330999098932512
2017-10-11,JNJ,Johnson & Johnson,134.8800048828125,137.0800018310547,134.3699951171875,136.64999389648438,107.43211364746094,8269400,0.0,0.0,2.0329613641214017,4.132931908010351
2017-10-12,JNJ,Johnson & Johnson,136.33999633789062,137.52000427246094,136.02000427246094,136.8300018310547,107.57365417480467,5172800,0.0,0.0,0.13166209374191118,0.017334906928503806
2017-10-13,JNJ,Johnson & Johnson,136.60000610351562,137.4199981689453,136.33999633789062,136.42999267578125,107.2591552734375,4106600,0.0,0.0,-0.29278500508366145,0.08572305920183966
2017-10-16,JNJ,Johnson & Johnson,136.4499969482422,137.25999450683594,135.5399932861328,136.1199951171875,107.0154800415039,5120100,0.0,0.0,-0.22744207369159988,0.05172989688513515
2017-10-17,JNJ,Johnson & Johnson,137.6699981689453,141.1199951171875,137.05999755859375,140.7899932861328,110.68693542480467,11717300,0.0,0.0,3.373231762434249,11.378692523095271
2017-10-18,JNJ,Johnson & Johnson,140.7899932861328,141.5800018310547,140.07000732421875,140.67999267578125,110.6004638671875,6827700,0.0,0.0,-0.07815317301860528,0.006107918452876052
2017-10-19,JNJ,Johnson & Johnson,140.7100067138672,142.97999572753906,140.5399932861328,142.0399932861328,111.66966247558594,9181300,0.0,0.0,0.962078775968892,0.9255955711698015
2017-10-20,JNJ,Johnson & Johnson,142.3800048828125,143.6199951171875,141.8300018310547,142.39999389648438,111.95270538330078,5634500,0.0,0.0,0.2531437812540647,0.06408177398760577
2017-10-23,JNJ,Johnson & Johnson,142.1300048828125,144.35000610351562,142.0800018310547,143.6199951171875,112.9118194580078,6686000,0.0,0.0,0.8530646546036827,0.7277193049341005
2017-10-24,JNJ,Johnson & Johnson,143.3800048828125,143.3800048828125,140.92999267578125,141.63999938964844,111.35519409179688,6585800,0.0,0.0,-1.3882116143661658,1.9271314862611162
2017-10-25,JNJ,Johnson & Johnson,141.16000366210938,143.22999572753906,140.9600067138672,142.36000061035156,111.92124938964844,6563600,0.0,0.0,0.5070454381797217,0.25709507637886597
2017-10-26,JNJ,Johnson & Johnson,142.50999450683594,143.75,141.3800048828125,141.80999755859375,111.4888153076172,5841100,0.0,0.0,-0.38712188071495396,0.14986335052828303
2017-10-27,JNJ,Johnson & Johnson,141.0,142.6999969482422,140.1999969482422,141.77999877929688,111.46527862548828,5140100,0.0,0.0,-0.021113478385744167,0.00044577896954528615
2017-10-30,JNJ,Johnson & Johnson,141.0800018310547,141.2100067138672,139.32000732421875,140.0,110.06586456298828,6034300,0.0,0.0,-1.263418458600011,1.5962262015312276
2017-10-31,JNJ,Johnson & Johnson,140.02000427246094,140.25999450683594,138.97999572753906,139.41000366210938,109.6020050048828,4832100,0.0,0.0,-0.42232871696136565,0.17836154517023328
2017-11-01,JNJ,Johnson & Johnson,139.8300018310547,140.58999633789062,139.33999633789062,139.97999572753906,110.05015563964844,5006800,0.0,0.0,0.4080554047762231,0.16650921336708727
2017-11-02,JNJ,Johnson & Johnson,140.11000061035156,140.2899932861328,139.11000061035156,139.92999267578125,110.01083374023438,3494100,0.0,0.0,-0.03573727441957999,0.0012771527829403661
2017-11-03,JNJ,Johnson & Johnson,139.72999572753906,140.39999389648438,139.3000030517578,140.0800018310547,110.1287612915039,2737000,0.0,0.0,0.10713889296745965,0.011478742386292776
2017-11-06,JNJ,Johnson & Johnson,140.00999450683594,140.49000549316406,139.72000122070312,139.75999450683594,109.87716674804688,4220700,0.0,0.0,-0.2287162490352591,0.05231112257275866
2017-11-07,JNJ,Johnson & Johnson,140.0800018310547,140.14999389648438,138.91000366210938,139.77000427246094,109.88504028320312,4201900,0.0,0.0,0.007165504265698999,5.134445138175055e-05
2017-11-08,JNJ,Johnson & Johnson,139.6999969482422,141.8699951171875,139.4600067138672,141.32000732421875,111.10362243652344,4440700,0.0,0.0,1.102857033097441,1.21629363545249
2017-11-09,JNJ,Johnson & Johnson,140.86000061035156,141.41000366210938,139.8000030517578,140.35000610351562,110.341064453125,3517100,0.0,0.0,-0.6887146477021249,0.47432786595946197
2017-11-10,JNJ,Johnson & Johnson,140.1300048828125,140.1300048828125,138.61000061035156,139.55999755859375,109.71995544433594,4240800,0.0,0.0,-0.5644894842098049,0.3186483777834516
2017-11-13,JNJ,Johnson & Johnson,139.00999450683594,140.02000427246094,138.4199981689453,139.75999450683594,109.87716674804688,4322300,0.0,0.0,0.14318159454877105,0.020500969017528663
2017-11-14,JNJ,Johnson & Johnson,139.57000732421875,140.27999877929688,138.9199981689453,139.49000549316406,109.66495513916016,4078200,0.0,0.0,-0.19332205879655595,0.03737341841733904
2017-11-15,JNJ,Johnson & Johnson,139.22999572753906,139.8300018310547,138.75,139.10000610351562,109.35831451416016,4811500,0.0,0.0,-0.28000753146882995,0.0784042176792678
2017-11-16,JNJ,Johnson & Johnson,139.4199981689453,139.67999267578125,138.63999938964844,138.8699951171875,109.1774673461914,4193800,0.0,0.0,-0.16550809914240353,0.027392930881731673
2017-11-17,JNJ,Johnson & Johnson,138.3000030517578,138.86000061035156,137.88999938964844,138.0,108.49349975585938,4247400,0.0,0.0,-0.6284437933979021,0.39494160146034507
2017-11-20,JNJ,Johnson & Johnson,138.14999389648438,138.55999755859375,137.74000549316406,137.92999267578125,108.43846130371094,4266300,0.0,0.0,-0.05074259510729403,0.00257481095822278
2017-11-21,JNJ,Johnson & Johnson,138.4499969482422,139.25999450683594,138.19000244140625,138.33999633789062,108.76081085205078,5660600,0.0,0.0,0.2968240011218604,0.08810448764199019
2017-11-22,JNJ,Johnson & Johnson,138.3000030517578,138.3800048828125,136.60000610351562,137.2899932861328,107.93529510498048,3917000,0.0,0.0,-0.7619146979585449,0.5805140069652608
2017-11-24,JNJ,Johnson & Johnson,137.5,138.3800048828125,137.30999755859375,138.00999450683594,108.5013427734375,2606800,0.0,0.0,0.5230620513836955,0.2735939095977198
2017-11-27,JNJ,Johnson & Johnson,137.50999450683594,138.30999755859375,137.47999572753906,138.10000610351562,109.23698425292967,3933100,0.84,0.0,0.6757140909350428,0.4565895326881712
2017-11-28,JNJ,Johnson & Johnson,138.3000030517578,140.52999877929688,138.25,140.02000427246094,110.75572204589844,5052800,0.0,0.0,1.3807384313904296,1.906438615918504
2017-11-29,JNJ,Johnson & Johnson,140.22000122070312,140.6300048828125,138.9499969482422,139.80999755859375,110.58960723876952,5851400,0.0,0.0,-0.15009563459234793,0.02252869952367963
2017-11-30,JNJ,Johnson & Johnson,140.05999755859375,140.27999877929688,138.47999572753906,139.3300018310547,110.20992279052734,8941900,0.0,0.0,-0.3439181436962641,0.11827968956348417
2017-12-01,JNJ,Johnson & Johnson,139.57000732421875,140.52999877929688,138.60000610351562,139.97999572753906,110.72406768798828,5990500,0.0,0.0,0.4654293569617618,0.2166244863218391
2017-12-04,JNJ,Johnson & Johnson,140.6199951171875,141.5,138.92999267578125,139.00999450683594,109.95677185058594,5916700,0.0,0.0,-0.6953924328171623,0.48357063561937164
2017-12-05,JNJ,Johnson & Johnson,139.7899932861328,140.80999755859375,139.1999969482422,139.6699981689453,110.4788589477539,6745300,0.0,0.0,0.47368755358849646,0.2243798984246547
2017-12-06,JNJ,Johnson & Johnson,140.83999633789062,141.9600067138672,140.19000244140625,141.05999755859375,111.57836151123048,5591700,0.0,0.0,0.9902956965251413,0.9806855665562146
2017-12-07,JNJ,Johnson & Johnson,140.00999450683594,141.5,139.25999450683594,140.00999450683594,110.74778747558594,4713100,0.0,0.0,-0.7471706800327027,0.5582640251005314
2017-12-08,JNJ,Johnson & Johnson,140.0,140.75999450683594,139.8000030517578,140.58999633789062,111.20655822753906,5101300,0.0,0.0,0.41339258651639355,0.1708934305867139
2017-12-11,JNJ,Johnson & Johnson,140.89999389648438,141.1699981689453,139.8300018310547,141.13999938964844,111.6416015625,4358600,0.0,0.0,0.3904397398051665,0.15244319041912613
2017-12-12,JNJ,Johnson & Johnson,142.60000610351562,143.57000732421875,142.0399932861328,142.60000610351562,112.79646301269533,8016700,0.0,0.0,1.0291227960083726,1.0590937292640905
2017-12-13,JNJ,Johnson & Johnson,142.5,143.42999267578125,142.2100067138672,142.88999938964844,113.02588653564452,6118400,0.0,0.0,0.20318945608451172,0.041285955063919716
2017-12-14,JNJ,Johnson & Johnson,143.52000427246094,143.6199951171875,141.61000061035156,141.64999389648438,112.04501342773438,5337900,0.0,0.0,-0.8716180705312656,0.7597180608766463
2017-12-15,JNJ,Johnson & Johnson,142.47999572753906,143.13999938964844,141.77999877929688,142.4600067138672,112.68577575683594,12517000,0.0,0.0,0.5702503584968918,0.3251854713658336
2017-12-18,JNJ,Johnson & Johnson,142.55999755859375,143.8000030517578,141.39999389648438,141.8000030517578,112.16368103027344,5833200,0.0,0.0,-0.4643957537888098,0.21566341613707687
2017-12-19,JNJ,Johnson & Johnson,141.88999938964844,142.3800048828125,141.36000061035156,141.77999877929688,112.14788055419922,6580100,0.0,0.0,-0.014087972986089391,0.00019847098285678445
2017-12-20,JNJ,Johnson & Johnson,142.25999450683594,142.5800018310547,141.0800018310547,141.16000366210938,111.65744018554688,6289800,0.0,0.0,-0.4382747935412584,0.1920847946536327
2017-12-21,JNJ,Johnson & Johnson,141.58999633789062,142.1699981689453,141.02000427246094,141.05999755859375,111.57836151123048,6284700,0.0,0.0,-0.0708476660312096,0.00501939178206981
2017-12-22,JNJ,Johnson & Johnson,141.0,141.35000610351562,140.0399932861328,140.1199951171875,110.83483123779295,4665600,0.0,0.0,-0.6686051615008043,0.44703286198551656
2017-12-26,JNJ,Johnson & Johnson,140.4600067138672,140.5399932861328,139.67999267578125,140.08999633789062,110.81105041503906,3271100,0.0,0.0,-0.021458393603172782,0.0004604626560286866
2017-12-27,JNJ,Johnson & Johnson,140.4199981689453,141.14999389648438,140.1999969482422,140.57000732421875,111.19075775146484,3753600,0.0,0.0,0.3420762288626695,0.11701614635290543
2017-12-28,JNJ,Johnson & Johnson,140.6999969482422,141.0,140.3300018310547,140.55999755859375,111.1828384399414,2485000,0.0,0.0,-0.00712252862967697,5.073041408056809e-05
2017-12-29,JNJ,Johnson & Johnson,140.97999572753906,141.2100067138672,139.5800018310547,139.72000122070312,110.5184097290039,4452900,0.0,0.0,-0.5993928366916436,0.3592717726772553
2018-01-02,JNJ,Johnson & Johnson,139.66000366210938,139.9499969482422,138.72000122070312,139.22999572753906,110.13082122802734,6842100,0.0,0.0,-0.35131679176166974,0.12342348817371242
2018-01-03,JNJ,Johnson & Johnson,139.36000061035156,140.67999267578125,138.89999389648438,140.55999755859375,111.1828384399414,5350500,0.0,0.0,0.9507096284533253,0.9038487976338598
2018-01-04,JNJ,Johnson & Johnson,140.4499969482422,141.13999938964844,140.22000122070312,140.5500030517578,111.1749496459961,4837600,0.0,0.0,-0.007095585917212377,5.034733950854261e-05
2018-01-05,JNJ,Johnson & Johnson,140.69000244140625,141.82000732421875,140.27999877929688,141.7100067138672,112.09252166748048,6158800,0.0,0.0,0.8219533119324409,0.6756072469967085
2018-01-08,JNJ,Johnson & Johnson,141.6999969482422,142.0,140.9199981689453,141.88999938964844,112.23491668701172,5129800,0.0,0.0,0.126952850440948,0.016117026235081714
2018-01-09,JNJ,Johnson & Johnson,142.3699951171875,145.67999267578125,142.25999450683594,144.13999938964844,114.01463317871094,8897000,0.0,0.0,1.573265627887332,2.4751647358917213
2018-01-10,JNJ,Johnson & Johnson,143.5500030517578,144.16000366210938,143.32000732421875,143.97000122070312,113.88016510009766,6558600,0.0,0.0,-0.1180089192329048,0.013926105018518247
2018-01-11,JNJ,Johnson & Johnson,144.1300048828125,144.89999389648438,143.69000244140625,144.7899932861328,114.52873992919922,4962200,0.0,0.0,0.5679083065255763,0.32251984462074795
2018-01-12,JNJ,Johnson & Johnson,144.99000549316406,146.4199981689453,144.89999389648438,145.75999450683594,115.29605102539062,5450600,0.0,0.0,0.6677381878934365,0.44587428757121034
2018-01-16,JNJ,Johnson & Johnson,146.4199981689453,148.05999755859375,146.02999877929688,146.86000061035156,116.16612243652344,8804000,0.0,0.0,0.7518079487995651,0.5652151918782096
2018-01-17,JNJ,Johnson & Johnson,147.83999633789062,148.32000732421875,145.47999572753906,146.97999572753906,116.26107788085938,10619700,0.0,0.0,0.08170769125908507,0.006676146810889967
2018-01-18,JNJ,Johnson & Johnson,146.92999267578125,147.44000244140625,145.97000122070312,146.9199981689453,116.21358489990234,5554800,0.0,0.0,-0.04085863039839591,0.0016694276780327227
2018-01-19,JNJ,Johnson & Johnson,147.4600067138672,147.64999389648438,146.4199981689453,147.36000061035156,116.56160736083984,8738800,0.0,0.0,0.2990204556357803,0.08941323288862964
2018-01-22,JNJ,Johnson & Johnson,147.00999450683594,148.13999938964844,146.72000122070312,148.13999938964844,117.1786117553711,7010400,0.0,0.0,0.5279415155599777,0.2787222438517662
2018-01-23,JNJ,Johnson & Johnson,146.9600067138672,147.44000244140625,141.6199951171875,141.8300018310547,112.18741607666016,17473600,0.0,0.0,-4.352853631496126,18.947334737229014
2018-01-24,JNJ,Johnson & Johnson,143.5,143.55999755859375,141.8000030517578,142.07000732421875,112.37728118896484,13034400,0.0,0.0,0.16909617571905053,0.028593516642808015
2018-01-25,JNJ,Johnson & Johnson,142.30999755859375,144.66000366210938,142.2100067138672,144.39999389648438,114.22027587890624,7938800,0.0,0.0,1.6267036186731563,2.6461646630043414
2018-01-26,JNJ,Johnson & Johnson,144.5,145.60000610351562,144.1300048828125,145.3300018310547,114.95591735839844,8065600,0.0,0.0,0.6419898993234543,0.412151030833339
2018-01-29,JNJ,Johnson & Johnson,144.85000610351562,144.94000244140625,143.52999877929688,143.67999267578125,113.6507568359375,8013400,0.0,0.0,-1.141851792277246,1.3038255155267588
2018-01-30,JNJ,Johnson & Johnson,143.39999389648438,143.82000732421875,142.42999267578125,142.42999267578125,112.66202545166016,8376100,0.0,0.0,-0.873779788313595,0.763491118465351
2018-01-31,JNJ,Johnson & Johnson,142.57000732421875,142.57000732421875,138.10000610351562,138.19000244140625,109.30815887451172,13137400,0.0,0.0,-3.0221372743442427,9.133313704980848
2018-02-01,JNJ,Johnson & Johnson,137.52999877929688,140.6699981689453,137.0,140.02000427246094,110.75572204589844,9393600,0.0,0.0,1.3156034912312806,1.7308125461399342
2018-02-02,JNJ,Johnson & Johnson,139.02000427246094,140.36000061035156,137.3800048828125,137.67999267578125,108.90475463867188,9262500,0.0,0.0,-1.6853384339556674,2.8403656369681416
2018-02-05,JNJ,Johnson & Johnson,136.5800018310547,137.0,122.1500015258789,130.38999938964844,103.13837432861328,19954100,0.0,0.0,-5.440216287463877,29.59595325438725
2018-02-06,JNJ,Johnson & Johnson,130.00999450683594,132.99000549316406,128.0,131.8300018310547,104.27743530273438,19193500,0.0,0.0,1.09834677226971,1.2063656321552902
2018-02-07,JNJ,Johnson & Johnson,131.88999938964844,133.42999267578125,131.35000610351562,131.4199981689453,103.95310974121094,10550400,0.0,0.0,-0.3115064830821883,0.09703628900223367
2018-02-08,JNJ,Johnson & Johnson,130.91000366210938,131.25,126.11000061035156,126.36000061035156,99.95065307617188,11680200,0.0,0.0,-3.9263334643124566,15.416094472979857
2018-02-09,JNJ,Johnson & Johnson,127.5199966430664,130.9199981689453,125.44000244140624,129.52999877929688,102.4581069946289,15030900,0.0,0.0,2.47774078315289,6.1391993884990965
2018-02-12,JNJ,Johnson & Johnson,130.0,131.32000732421875,127.68000030517578,130.27000427246094,103.04346466064452,9963900,0.0,0.0,0.5696883429387509,0.3245448080802999
2018-02-13,JNJ,Johnson & Johnson,129.2100067138672,130.60000610351562,128.6999969482422,129.9600067138672,102.79826354980467,6339000,0.0,0.0,-0.2382424875176069,0.056759482858577084
2018-02-14,JNJ,Johnson & Johnson,129.44000244140625,130.00999450683594,128.38999938964844,129.6699981689453,102.56885528564452,6259700,0.0,0.0,-0.22341294057406685,0.049913342015951524
2018-02-15,JNJ,Johnson & Johnson,130.10000610351562,131.27999877929688,129.39999389648438,131.22999572753906,103.80281066894533,5606400,0.0,0.0,1.195871616690178,1.4301089236051798
2018-02-16,JNJ,Johnson & Johnson,130.9600067138672,134.4499969482422,130.83999633789062,133.14999389648438,105.32154846191406,7970100,0.0,0.0,1.4524988868192836,2.109753016211258
2018-02-20,JNJ,Johnson & Johnson,132.8699951171875,133.4499969482422,130.66000366210938,130.8699951171875,103.51807403564452,6563500,0.0,0.0,-1.7271811145508809,2.983154602461223
2018-02-21,JNJ,Johnson & Johnson,130.8000030517578,132.42999267578125,129.86000061035156,129.91000366210938,102.75871276855467,6578000,0.0,0.0,-0.7362580240979089,0.542075878048557
2018-02-22,JNJ,Johnson & Johnson,130.10000610351562,131.02000427246094,129.47999572753906,129.91000366210938,102.75871276855467,5732200,0.0,0.0,0.0,0.0
2018-02-23,JNJ,Johnson & Johnson,130.08999633789062,132.0800018310547,130.02000427246094,132.02000427246094,104.42771911621094,5126800,0.0,0.0,1.6111503400885958,2.595805418367598
2018-02-26,JNJ,Johnson & Johnson,131.7100067138672,133.41000366210938,131.0,132.07000732421875,105.13619995117188,6684400,0.84,0.0,0.6761503003963447,0.4571792287260672
2018-02-27,JNJ,Johnson & Johnson,132.2100067138672,133.08999633789062,131.60000610351562,131.6699981689453,104.81779479980467,7158600,0.0,0.0,-0.3033096806248854,0.09199676236076998
2018-02-28,JNJ,Johnson & Johnson,131.9499969482422,132.3300018310547,129.8699951171875,129.8800048828125,103.39282989501952,7985900,0.0,0.0,-1.3687938886089637,1.873596709493248
2018-03-01,JNJ,Johnson & Johnson,129.11000061035156,130.1199951171875,126.5199966430664,127.27999877929688,101.32303619384766,9424000,0.0,0.0,-2.0221825228190213,4.089222155594702
2018-03-02,JNJ,Johnson & Johnson,126.91000366210938,129.11000061035156,126.91000366210938,128.82000732421875,102.54899597167967,6910400,0.0,0.0,1.2026902781404925,1.4464639051336552
2018-03-05,JNJ,Johnson & Johnson,128.6300048828125,130.3000030517578,128.17999267578125,129.7899932861328,103.3211898803711,5799800,0.0,0.0,0.7501790770526141,0.5627686476475119
2018-03-06,JNJ,Johnson & Johnson,130.0,130.1999969482422,127.91999816894533,128.22000122070312,102.07135772705078,5546500,0.0,0.0,-1.2170330370967968,1.481169413385053
2018-03-07,JNJ,Johnson & Johnson,127.4800033569336,129.3300018310547,127.2699966430664,129.0399932861328,102.72412109375,6391700,0.0,0.0,0.6374804571338137,0.4063813332275361
2018-03-08,JNJ,Johnson & Johnson,129.3300018310547,132.3000030517578,129.3300018310547,132.05999755859375,105.12826538085938,6423400,0.0,0.0,2.313422087856859,5.35192175658399
2018-03-09,JNJ,Johnson & Johnson,132.50999450683594,133.82000732421875,131.55999755859375,133.8000030517578,106.51339721679688,7557800,0.0,0.0,1.3089593003183129,1.7133744498898071
2018-03-12,JNJ,Johnson & Johnson,133.8000030517578,134.22999572753906,132.32000732421875,132.6300048828125,105.58202362060548,4942000,0.0,0.0,-0.8782646785011148,0.7713488455026665
2018-03-13,JNJ,Johnson & Johnson,133.8000030517578,135.38999938964844,133.4499969482422,134.35000610351562,106.95124816894533,9152300,0.0,0.0,1.2884980128423649,1.6602271290987232
2018-03-14,JNJ,Johnson & Johnson,135.24000549316406,135.6999969482422,131.89999389648438,132.32000732421875,105.3352508544922,6770600,0.0,0.0,-1.522497697628262,2.317999239283359
2018-03-15,JNJ,Johnson & Johnson,132.5500030517578,134.24000549316406,132.47000122070312,133.05999755859375,105.92430114746094,6147200,0.0,0.0,0.5576569806346526,0.31098130805055735
2018-03-16,JNJ,Johnson & Johnson,133.16000366210938,134.39999389648438,132.10000610351562,133.67999267578125,106.41785430908205,14233500,0.0,0.0,0.46486676126195786,0.21610110572618213
2018-03-19,JNJ,Johnson & Johnson,133.35000610351562,133.47000122070312,129.36000061035156,130.24000549316406,103.67940521240234,6017000,0.0,0.0,-2.60698706624567,6.796381563572205
2018-03-20,JNJ,Johnson & Johnson,130.77999877929688,131.77999877929688,129.3800048828125,131.2100067138672,104.45159149169922,6214300,0.0,0.0,0.7420228938089873,0.5505979749366637
2018-03-21,JNJ,Johnson & Johnson,131.39999389648438,132.77999877929688,130.66000366210938,131.19000244140625,104.4356918334961,5158700,0.0,0.0,-0.015223194041041489,0.0002317456368112011
2018-03-22,JNJ,Johnson & Johnson,130.47000122070312,130.67999267578125,127.0999984741211,127.37999725341795,101.40266418457033,7560100,0.0,0.0,-2.947212800059777,8.686063288836191
2018-03-23,JNJ,Johnson & Johnson,127.62999725341795,127.8000030517578,124.9000015258789,125.0999984741211,99.58763122558594,8452500,0.0,0.0,-1.806139242454394,3.2621389631337325
2018-03-26,JNJ,Johnson & Johnson,126.41000366210938,127.54000091552734,125.20999908447266,127.38999938964844,101.41064453125,8358200,0.0,0.0,1.8140088903925038,3.290628254423043
2018-03-27,JNJ,Johnson & Johnson,127.11000061035156,129.10000610351562,126.38999938964844,127.20999908447266,101.267333984375,7789900,0.0,0.0,-0.14141701215712152,0.019998771327447457
2018-03-28,JNJ,Johnson & Johnson,127.62999725341795,129.02000427246094,127.20999908447266,127.4499969482422,101.45838165283205,6868500,0.0,0.0,0.1884790239004208,0.03552434245045539
2018-03-29,JNJ,Johnson & Johnson,127.97000122070312,128.75999450683594,126.81999969482422,128.14999389648438,102.01564025878906,6119400,0.0,0.0,0.5477455981698675,0.3000252403144659
2018-04-02,JNJ,Johnson & Johnson,127.81999969482422,127.87999725341795,123.54000091552734,124.55999755859376,99.1577606201172,8916900,0.0,0.0,-2.8414013988260316,8.073561909250529
2018-04-03,JNJ,Johnson & Johnson,125.18000030517578,128.49000549316406,124.68000030517578,128.35000610351562,102.17485809326172,8035000,0.0,0.0,2.9973517177943165,8.98411732016454
2018-04-04,JNJ,Johnson & Johnson,126.9000015258789,131.1199951171875,126.38999938964844,130.41000366210938,103.8147430419922,7717100,0.0,0.0,1.592235321618988,2.535213319411122
2018-04-05,JNJ,Johnson & Johnson,130.41000366210938,131.1999969482422,129.5,130.7100067138672,104.05357360839844,5621700,0.0,0.0,0.22979035511269344,0.05280360730281776
2018-04-06,JNJ,Johnson & Johnson,130.22000122070312,130.63999938964844,126.41000366210938,128.10000610351562,101.97584533691406,6399300,0.0,0.0,-2.016992253916436,4.068257752358905
2018-04-09,JNJ,Johnson & Johnson,128.64999389648438,131.13999938964844,127.68000030517578,129.47999572753906,103.07440185546876,6395800,0.0,0.0,1.0715100755310882,1.1481338419646385
2018-04-10,JNJ,Johnson & Johnson,130.25,130.91000366210938,129.2899932861328,130.25,103.6873779296875,6019300,0.0,0.0,0.5929315086278525,0.3515677739237011
2018-04-11,JNJ,Johnson & Johnson,129.13999938964844,130.35000610351562,129.02999877929688,129.6300048828125,103.19381713867188,4575400,0.0,0.0,-0.47714508537118167,0.22766743249387225
2018-04-12,JNJ,Johnson & Johnson,130.08999633789062,131.30999755859375,129.86000061035156,130.42999267578125,103.83065795898438,4559800,0.0,0.0,0.6152343376631555,0.3785132902398216
2018-04-13,JNJ,Johnson & Johnson,131.08999633789062,131.4199981689453,129.6300048828125,130.6199951171875,103.98192596435548,4742300,0.0,0.0,0.14558120517207093,0.021193887299352614
2018-04-16,JNJ,Johnson & Johnson,131.41000366210938,132.8800048828125,131.27999877929688,131.75999450683594,104.88941955566406,6379600,0.0,0.0,0.86895528854771,0.7550832934950339
2018-04-17,JNJ,Johnson & Johnson,132.11000061035156,132.1999969482422,128.80999755859375,130.5399932861328,103.91822052001952,11008700,0.0,0.0,-0.9302399460211231,0.8653463571733822
2018-04-18,JNJ,Johnson & Johnson,129.69000244140625,129.89999389648438,126.94000244140624,127.72000122070312,101.67333984375,9383600,0.0,0.0,-2.1839125066727805,4.7694738368017875
2018-04-19,JNJ,Johnson & Johnson,127.62999725341795,128.27000427246094,126.88999938964844,127.5500030517578,101.53799438476562,5959500,0.0,0.0,-0.13320662404121691,0.017744004688458107
2018-04-20,JNJ,Johnson & Johnson,128.0,128.3000030517578,126.16999816894533,126.66000366210938,100.8294906616211,7743900,0.0,0.0,-0.7002178416533359,0.4903050257696562
2018-04-23,JNJ,Johnson & Johnson,126.87999725341795,127.3000030517578,125.77999877929688,126.83000183105467,100.96482849121094,7501900,0.0,0.0,0.13413444981973105,0.017992050628441947
2018-04-24,JNJ,Johnson & Johnson,126.94000244140624,127.45999908447266,125.30999755859376,126.19000244140624,100.4553680419922,6577500,0.0,0.0,-0.5058693660592188,0.25590381551715596
2018-04-25,JNJ,Johnson & Johnson,125.91000366210938,126.8499984741211,125.27999877929688,126.76000213623048,100.90912628173828,5859600,0.0,0.0,0.45068422744247527,0.20311627286542078
2018-04-26,JNJ,Johnson & Johnson,126.62000274658205,129.22000122070312,126.62000274658205,128.00999450683594,101.90420532226562,8211100,0.0,0.0,0.9812836439010538,0.9629175897877302
2018-04-27,JNJ,Johnson & Johnson,127.7300033569336,128.7899932861328,127.5,128.27000427246094,102.1111831665039,4266800,0.0,0.0,0.20290421892417287,0.04117012205722868
2018-04-30,JNJ,Johnson & Johnson,128.86000061035156,128.97999572753906,126.48999786376952,126.48999786376952,100.69416046142578,8219400,0.0,0.0,-1.3974442092411563,1.9528503179416408
2018-05-01,JNJ,Johnson & Johnson,126.31999969482422,126.63999938964844,124.97000122070312,126.01000213623048,100.31207275390624,5122600,0.0,0.0,-0.3801754419363032,0.14453336665146346
2018-05-02,JNJ,Johnson & Johnson,125.5199966430664,126.18000030517578,123.1999969482422,123.5,98.3139419555664,7390800,0.0,0.0,-2.0120206390896995,4.048227052122923
2018-05-03,JNJ,Johnson & Johnson,123.3000030517578,123.69000244140624,121.27999877929688,123.02999877929688,97.93980407714844,7282900,0.0,0.0,-0.3812801938635573,0.14537458623263186
2018-05-04,JNJ,Johnson & Johnson,122.5999984741211,124.51000213623048,121.8000030517578,124.19000244140624,98.86322021484376,6127600,0.0,0.0,0.9384234999847222,0.8806386653235759
2018-05-07,JNJ,Johnson & Johnson,124.13999938964844,125.23999786376952,123.31999969482422,123.58999633789062,98.38556671142578,6707900,0.0,0.0,-0.48431672967425826,0.23456269464236856
2018-05-08,JNJ,Johnson & Johnson,122.86000061035156,123.48999786376952,121.69000244140624,122.61000061035156,97.60541534423828,5951800,0.0,0.0,-0.7961136573531279,0.6337969554241735
2018-05-09,JNJ,Johnson & Johnson,122.98999786376952,124.0500030517578,122.52999877929688,123.51000213623048,98.32188415527344,6808600,0.0,0.0,0.7313651609473142,0.5348949986474908
2018-05-10,JNJ,Johnson & Johnson,124.22000122070312,126.0500030517578,124.0,125.3499984741211,99.7866439819336,4948000,0.0,0.0,1.4787717951649433,2.186766022175349
2018-05-11,JNJ,Johnson & Johnson,125.7699966430664,127.5999984741211,125.76000213623048,127.23999786376952,101.29122161865234,5716700,0.0,0.0,1.4965403705362208,2.239633080644689
2018-05-14,JNJ,Johnson & Johnson,127.3499984741211,127.61000061035156,125.5999984741211,126.05999755859376,100.35188293457033,6101600,0.0,0.0,-0.9316911491539893,0.8680483974118812
2018-05-15,JNJ,Johnson & Johnson,125.54000091552734,125.83000183105467,124.4000015258789,125.12999725341795,99.61151123046876,5875700,0.0,0.0,-0.7405106223737283,0.5483559818483265
2018-05-16,JNJ,Johnson & Johnson,125.44000244140624,125.9000015258789,125.0,125.3499984741211,99.7866439819336,3818100,0.0,0.0,0.17566140099149344,0.030856927798294253
2018-05-17,JNJ,Johnson & Johnson,125.48999786376952,125.58999633789062,123.5500030517578,123.8499984741211,98.59254455566406,6473400,0.0,0.0,-1.2038700801276287,1.4493031698265033
2018-05-18,JNJ,Johnson & Johnson,123.77999877929688,124.44000244140624,123.27999877929688,124.23999786376952,98.90300750732422,5433900,0.0,0.0,0.3144002020850059,0.09884748707109256
2018-05-21,JNJ,Johnson & Johnson,124.62000274658205,124.98999786376952,123.31999969482422,123.72000122070312,98.48906707763672,5558700,0.0,0.0,-0.4194099862841012,0.17590473659482997
2018-05-22,JNJ,Johnson & Johnson,123.8000030517578,124.23999786376952,122.76000213623048,122.91000366210938,97.84424591064452,7172700,0.0,0.0,-0.6568660974551552,0.43147306998596546
2018-05-23,JNJ,Johnson & Johnson,122.87000274658205,123.97000122070312,122.73999786376952,123.4499969482422,98.2741241455078,4940800,0.0,0.0,0.43838720789077895,0.19218334404227305
2018-05-24,JNJ,Johnson & Johnson,123.22000122070312,123.38999938964844,121.5500030517578,122.25,97.31884765625,6923600,0.0,0.0,-0.9768081911346964,0.9541542422678376
2018-05-25,JNJ,Johnson & Johnson,121.55999755859376,122.8000030517578,121.12999725341795,121.47000122070312,97.41509246826172,4594800,0.9,0.0,0.09884750422732727,0.009770829091971482
2018-05-29,JNJ,Johnson & Johnson,120.5,120.8000030517578,118.62000274658205,119.4000015258789,95.75502014160156,9821900,0.0,0.0,-1.7188095753684216,2.954306356378174
2018-05-30,JNJ,Johnson & Johnson,120.12000274658205,121.58000183105467,119.54000091552734,120.97000122070312,97.01412200927734,6423700,0.0,0.0,1.3063499267358565,1.7065501310827775
2018-05-31,JNJ,Johnson & Johnson,120.91999816894533,121.25,119.54000091552734,119.62000274658205,95.93144989013672,10337500,0.0,0.0,-1.1222682872473304,1.2594861085610565
2018-06-01,JNJ,Johnson & Johnson,120.37999725341795,121.31999969482422,119.97000122070312,121.26000213623048,97.24666595458984,5741000,0.0,0.0,1.361682590902581,1.8541794783671655
2018-06-04,JNJ,Johnson & Johnson,121.8499984741211,122.37000274658205,121.0199966430664,121.9499969482422,97.8000259399414,4853000,0.0,0.0,0.5674143607731391,0.3219590568115901
2018-06-05,JNJ,Johnson & Johnson,122.0500030517578,122.55999755859376,120.9000015258789,121.4800033569336,97.42308807373048,5125400,0.0,0.0,-0.3861615839146389,0.1491207688914627
2018-06-06,JNJ,Johnson & Johnson,121.97000122070312,122.79000091552734,121.45999908447266,122.79000091552734,98.4736785888672,6799300,0.0,0.0,1.0726063583549466,1.15048439998346
2018-06-07,JNJ,Johnson & Johnson,123.0,123.48999786376952,122.2699966430664,123.33000183105467,98.90674591064452,7414100,0.0,0.0,0.4388155692750843,0.1925591038382163
2018-06-08,JNJ,Johnson & Johnson,123.36000061035156,124.8499984741211,123.33000183105467,124.05999755859376,99.4921875,6208100,0.0,0.0,0.5901677781475142,0.34829800636357355
2018-06-11,JNJ,Johnson & Johnson,124.2699966430664,124.33999633789062,122.5500030517578,122.66000366210938,98.36943817138672,5571400,0.0,0.0,-1.1348955367237437,1.2879878792754742
2018-06-12,JNJ,Johnson & Johnson,123.16000366210938,123.18000030517578,121.9499969482422,122.54000091552734,98.273193359375,5227300,0.0,0.0,-0.09788805097623429,0.009582070523925844
2018-06-13,JNJ,Johnson & Johnson,123.1500015258789,124.08999633789062,122.45999908447266,122.62999725341795,98.34538269042967,5836900,0.0,0.0,0.07343083827456122,0.0053920880097047645
2018-06-14,JNJ,Johnson & Johnson,122.70999908447266,123.1500015258789,122.08999633789062,122.41000366210938,98.16893005371094,5239200,0.0,0.0,-0.17958252676480438,0.032249883919231684
2018-06-15,JNJ,Johnson & Johnson,122.0999984741211,122.7300033569336,121.23999786376952,122.61000061035156,98.32929229736328,13173500,0.0,0.0,0.16322008141866087,0.026640794978314283
2018-06-18,JNJ,Johnson & Johnson,121.61000061035156,121.80999755859376,120.25,121.31999969482422,97.29479217529295,6787400,0.0,0.0,-1.0576507164976434,1.1186250381079785
2018-06-19,JNJ,Johnson & Johnson,120.66000366210938,123.16999816894533,120.56999969482422,122.56999969482422,98.2972640991211,8572400,0.0,0.0,1.0250730229119753,1.0507747023018952
2018-06-20,JNJ,Johnson & Johnson,122.41999816894533,122.66000366210938,121.66000366210938,122.04000091552734,97.87222290039062,6277200,0.0,0.0,-0.4333414644317723,0.18778482479587297
2018-06-21,JNJ,Johnson & Johnson,121.83000183105467,122.23999786376952,121.11000061035156,121.4499969482422,97.39904022216795,4417200,0.0,0.0,-0.48464233479600305,0.2348781926765211
2018-06-22,JNJ,Johnson & Johnson,121.68000030517578,123.37999725341795,121.6500015258789,122.83999633789062,98.51375579833984,9501400,0.0,0.0,1.1379834584435802,1.2950063516912116
2018-06-25,JNJ,Johnson & Johnson,122.81999969482422,123.43000030517578,121.51000213623048,122.58999633789062,98.31329345703124,8170500,0.0,0.0,-0.2036939652135196,0.04149123146440653
2018-06-26,JNJ,Johnson & Johnson,122.48999786376952,122.88999938964844,121.5999984741211,122.3499984741211,98.1208038330078,5496400,0.0,0.0,-0.1959839847473092,0.03840972227743352
2018-06-27,JNJ,Johnson & Johnson,122.12999725341795,122.97000122070312,121.4499969482422,121.61000061035156,97.52737426757812,5666000,0.0,0.0,-0.6066311386561911,0.368001338387307
2018-06-28,JNJ,Johnson & Johnson,121.77999877929688,122.41000366210938,121.06999969482422,122.0,97.84012603759766,5296800,0.0,0.0,0.32016792628522045,0.10250750102177836
2018-06-29,JNJ,Johnson & Johnson,122.23999786376952,123.18000030517578,121.19000244140624,121.33999633789062,97.3108367919922,7308700,0.0,0.0,-0.5424421542819979,0.2942434907420948
2018-07-02,JNJ,Johnson & Johnson,121.33999633789062,121.7300033569336,120.11000061035156,121.58000183105467,97.5033187866211,5481400,0.0,0.0,0.1976058225244898,0.03904806109558016
2018-07-03,JNJ,Johnson & Johnson,121.6500015258789,123.45999908447266,121.26000213623048,122.70999908447266,98.4095230102539,4248100,0.0,0.0,0.9251161673323174,0.8558399230596363
2018-07-05,JNJ,Johnson & Johnson,123.5999984741211,125.12000274658205,123.2300033569336,125.0,100.2460479736328,7319100,0.0,0.0,1.8490065765268022,3.4188253200393652
2018-07-06,JNJ,Johnson & Johnson,125.16000366210938,125.91999816894533,124.61000061035156,125.75,100.8475112915039,7297900,0.0,0.0,0.5981943067830718,0.35783642866767984
2018-07-09,JNJ,Johnson & Johnson,126.22000122070312,126.75,125.5999984741211,126.0500030517578,101.08810424804688,6706100,0.0,0.0,0.23828691114442024,0.05678065202274883
2018-07-10,JNJ,Johnson & Johnson,126.37000274658205,127.5199966430664,126.11000061035156,127.37999725341795,102.1547393798828,5075600,0.0,0.0,1.049626058669114,1.1017148630372582
2018-07-11,JNJ,Johnson & Johnson,127.41000366210938,127.44000244140624,126.05999755859376,126.23999786376952,101.24049377441406,4827400,0.0,0.0,-0.898990353511888,0.8081836557074294
2018-07-12,JNJ,Johnson & Johnson,127.70999908447266,128.2100067138672,127.16999816894533,127.76000213623048,102.45948028564452,6199000,0.0,0.0,1.1968593203705646,1.4324722327578898
2018-07-13,JNJ,Johnson & Johnson,125.31999969482422,127.5,125.31999969482422,125.93000030517578,100.99188232421876,8250200,0.0,0.0,-1.442726555113929,2.081459912830905
2018-07-16,JNJ,Johnson & Johnson,126.0,126.0999984741211,124.16000366210938,124.69000244140624,99.9974365234375,7314400,0.0,0.0,-0.9895589689747412,0.9792269530783527
2018-07-17,JNJ,Johnson & Johnson,128.52999877929688,130.5399932861328,127.55999755859376,129.11000061035156,103.54215240478516,12858700,0.0,0.0,3.483424851122715,12.134248693419307
2018-07-18,JNJ,Johnson & Johnson,128.80999755859375,129.0500030517578,127.16999816894533,127.8000030517578,102.49153900146484,7152000,0.0,0.0,-1.019855056096211,1.0401043354450057
2018-07-19,JNJ,Johnson & Johnson,127.52999877929688,127.6999969482422,125.87000274658205,125.94000244140624,100.99989318847656,5984600,0.0,0.0,-1.4660789543290826,2.1493875003266565
2018-07-20,JNJ,Johnson & Johnson,125.3000030517578,126.13999938964844,125.12000274658205,125.8499984741211,100.92771911621094,5835500,0.0,0.0,-0.07148509757070845,0.005110119174693707
2018-07-23,JNJ,Johnson & Johnson,125.75,126.68000030517578,125.4499969482422,126.62999725341795,101.5532455444336,4631100,0.0,0.0,0.6178639253878703,0.3817558302957077
2018-07-24,JNJ,Johnson & Johnson,127.23999786376952,129.6199951171875,127.1500015258789,129.36000061035156,103.74262237548828,7158800,0.0,0.0,2.132979936951429,4.549603411437323
2018-07-25,JNJ,Johnson & Johnson,129.13999938964844,129.22999572753906,127.6500015258789,128.6199951171875,103.14918518066406,6523000,0.0,0.0,-0.5736706825901142,0.3290980520634076
2018-07-26,JNJ,Johnson & Johnson,129.89999389648438,131.22000122070312,129.85000610351562,130.27999877929688,104.48040771484376,7640600,0.0,0.0,1.28232277221667,1.6443516921454455
2018-07-27,JNJ,Johnson & Johnson,129.97999572753906,132.27000427246094,129.94000244140625,131.5500030517578,105.49891662597656,6620400,0.0,0.0,0.970111607049024,0.94111653013124
2018-07-30,JNJ,Johnson & Johnson,131.77999877929688,132.49000549316406,131.25,132.1699981689453,105.99614715576172,11013100,0.0,0.0,0.4702061949018317,0.2210938657240593
2018-07-31,JNJ,Johnson & Johnson,132.27999877929688,132.63999938964844,131.77000427246094,132.52000427246094,106.27684783935548,7598900,0.0,0.0,0.26447155674615036,0.06994520432773223
2018-08-01,JNJ,Johnson & Johnson,132.38999938964844,132.9600067138672,132.0800018310547,132.63999938964844,106.3730697631836,5770400,0.0,0.0,0.09049797101263538,0.008189882757403793
2018-08-02,JNJ,Johnson & Johnson,132.88999938964844,133.0,131.08999633789062,131.25,105.2583465576172,6563300,0.0,0.0,-1.0534669513535326,1.1097926175941062
2018-08-03,JNJ,Johnson & Johnson,131.17999267578125,132.6999969482422,130.89999389648438,131.9499969482422,105.8197250366211,6498700,0.0,0.0,0.5319167437704214,0.28293542230332813
2018-08-06,JNJ,Johnson & Johnson,131.63999938964844,132.52999877929688,131.00999450683594,132.02000427246094,105.8758544921875,5840000,0.0,0.0,0.05302846380321995,0.002812017973329408
2018-08-07,JNJ,Johnson & Johnson,131.8800048828125,132.1699981689453,131.3000030517578,131.4600067138672,105.42675018310548,4664600,0.0,0.0,-0.42508229941541165,0.18069496127629367
2018-08-08,JNJ,Johnson & Johnson,131.49000549316406,131.8000030517578,130.88999938964844,131.1699981689453,105.19418334960938,3721500,0.0,0.0,-0.22083932884955831,0.04877000916672336
2018-08-09,JNJ,Johnson & Johnson,131.5399932861328,131.72000122070312,130.6699981689453,131.1999969482422,105.21825408935548,4057800,0.0,0.0,0.022879578929927633,0.0005234751320107885
2018-08-10,JNJ,Johnson & Johnson,131.19000244140625,131.6300048828125,130.25999450683594,130.75,104.85736083984376,4324000,0.0,0.0,-0.343584479962518,0.11805029487111394
2018-08-13,JNJ,Johnson & Johnson,130.72000122070312,130.89999389648438,129.85000610351562,130.22000122070312,104.43231964111328,3778000,0.0,0.0,-0.40617557646359337,0.16497859891553238
2018-08-14,JNJ,Johnson & Johnson,129.6699981689453,130.47000122070312,129.35000610351562,129.5,103.8548812866211,4542800,0.0,0.0,-0.5544650187581361,0.30743145702646024
2018-08-15,JNJ,Johnson & Johnson,129.75,130.74000549316406,128.92999267578125,130.42999267578125,104.6007308959961,5377300,0.0,0.0,0.7155986680913298,0.5120814537740851
2018-08-16,JNJ,Johnson & Johnson,131.02000427246094,132.8800048828125,130.57000732421875,132.47999572753906,106.2447738647461,7861500,0.0,0.0,1.5595080299634159,2.4320652955203745
2018-08-17,JNJ,Johnson & Johnson,132.4499969482422,135.0,132.19000244140625,134.47000122070312,107.84068298339844,6700900,0.0,0.0,1.490936100750113,2.2228904565199508
2018-08-20,JNJ,Johnson & Johnson,134.92999267578125,137.1199951171875,134.0,136.8800048828125,109.77344512939452,7935000,0.0,0.0,1.776367174103282,3.1554803372316798
2018-08-21,JNJ,Johnson & Johnson,137.0,137.42999267578125,135.3000030517578,135.35000610351562,108.54642486572266,5832100,0.0,0.0,-1.124069177482758,1.2635315157667641
2018-08-22,JNJ,Johnson & Johnson,135.55999755859375,135.67999267578125,134.4199981689453,134.61000061035156,107.95297241210938,4688400,0.0,0.0,-0.5482268749371786,0.30055270640338483
2018-08-23,JNJ,Johnson & Johnson,134.61000061035156,135.49000549316406,134.10000610351562,135.11000061035156,108.35394287109376,5057600,0.0,0.0,0.3707425791151948,0.1374500599689865
2018-08-24,JNJ,Johnson & Johnson,135.11000061035156,136.14999389648438,134.8300018310547,135.9499969482422,109.02760314941406,4809400,0.0,0.0,0.6197972617259087,0.3841486456429345
2018-08-27,JNJ,Johnson & Johnson,135.5,136.0500030517578,134.2100067138672,134.9199981689453,108.9226531982422,4325900,0.9,0.0,-0.09630634167838387,0.009274911447473617
2018-08-28,JNJ,Johnson & Johnson,134.77999877929688,134.89999389648438,133.88999938964844,134.32000732421875,108.4382553100586,6037500,0.0,0.0,-0.44570911431563315,0.19865661458402614
2018-08-29,JNJ,Johnson & Johnson,134.32000732421875,134.94000244140625,133.94000244140625,134.86000061035156,108.87419128417967,4648700,0.0,0.0,0.4012071703343089,0.16096719352766317
2018-08-30,JNJ,Johnson & Johnson,134.6999969482422,135.60000610351562,134.60000610351562,134.9499969482422,108.94685363769533,4821900,0.0,0.0,0.06671748015625775,0.004451222158400647
2018-08-31,JNJ,Johnson & Johnson,134.60000610351562,135.0,133.97000122070312,134.69000244140625,108.73697662353516,6139500,0.0,0.0,-0.19282744054938392,0.03718242182882619
2018-09-04,JNJ,Johnson & Johnson,134.69000244140625,134.75,133.44000244140625,133.72000122070312,107.953857421875,4406800,0.0,0.0,-0.722801787683241,0.522442424278089
2018-09-05,JNJ,Johnson & Johnson,133.47999572753906,135.94000244140625,133.4600067138672,135.86000061035156,109.68148803710938,6174800,0.0,0.0,1.5876712505122716,2.5206999997032002
2018-09-06,JNJ,Johnson & Johnson,135.5,137.30999755859375,135.17999267578125,136.8699951171875,110.49689483642578,6562000,0.0,0.0,0.740681729517002,0.5486094244402973
2018-09-07,JNJ,Johnson & Johnson,136.77999877929688,137.69000244140625,135.75,137.32000732421875,110.86017608642578,6375200,0.0,0.0,0.32823128227946113,0.1077357746668193
2018-09-10,JNJ,Johnson & Johnson,137.52999877929688,138.47000122070312,137.05999755859375,137.2100067138672,110.77140808105467,4892200,0.0,0.0,-0.08010411553134822,0.006416669325059583
2018-09-11,JNJ,Johnson & Johnson,137.63999938964844,138.91000366210938,137.22000122070312,138.50999450683594,111.82091522216795,7856800,0.0,0.0,0.9429929142988883,0.8892356364179105
2018-09-12,JNJ,Johnson & Johnson,138.89999389648438,139.99000549316406,138.55999755859375,139.36000061035156,112.5071258544922,6767700,0.0,0.0,0.6117940221727054,0.37429192556625673
2018-09-13,JNJ,Johnson & Johnson,139.88999938964844,140.47999572753906,139.02000427246094,139.88999938964844,112.93500518798828,6456100,0.0,0.0,0.3795917340676884,0.14408988457251468
2018-09-14,JNJ,Johnson & Johnson,140.0,140.35000610351562,139.10000610351562,139.49000549316406,112.61209869384766,4534800,0.0,0.0,-0.2863319539007124,0.0819859878245997
2018-09-17,JNJ,Johnson & Johnson,139.3300018310547,140.39999389648438,139.17999267578125,139.9600067138672,112.9915008544922,5295500,0.0,0.0,0.33634438375775844,0.11312754448538628
2018-09-18,JNJ,Johnson & Johnson,140.27000427246094,140.83999633789062,139.8300018310547,140.5399932861328,113.45973205566406,4581200,0.0,0.0,0.41353881137214066,0.17101434851108294
2018-09-19,JNJ,Johnson & Johnson,140.75999450683594,140.99000549316406,140.0500030517578,140.4600067138672,113.39515686035156,5049900,0.0,0.0,-0.056930840120035464,0.0032411205567730397
2018-09-20,JNJ,Johnson & Johnson,140.82000732421875,142.13999938964844,140.50999450683594,141.97999572753906,114.6222686767578,5019300,0.0,0.0,1.0763420035627616,1.1585121086334997
2018-09-21,JNJ,Johnson & Johnson,142.17999267578125,143.1300048828125,141.69000244140625,142.8800048828125,115.3488540649414,13283400,0.0,0.0,0.631894819817765,0.3992910633125257
2018-09-24,JNJ,Johnson & Johnson,142.10000610351562,142.5,140.22999572753906,140.47000122070312,113.40325927734376,6708000,0.0,0.0,-1.701091784950691,2.893713260826728
2018-09-25,JNJ,Johnson & Johnson,140.52999877929688,140.9600067138672,138.39999389648438,138.63999938964844,111.92583465576172,7982800,0.0,0.0,-1.3113670926886316,1.719683651786634
2018-09-26,JNJ,Johnson & Johnson,138.9499969482422,140.0,137.9600067138672,138.16000366210938,111.53836059570312,7133300,0.0,0.0,-0.34678884278902045,0.12026250148294794
2018-09-27,JNJ,Johnson & Johnson,138.4499969482422,139.5800018310547,137.57000732421875,138.22000122070312,111.58677673339844,6450500,0.0,0.0,0.04339819263285442,0.0018834031237983393
2018-09-28,JNJ,Johnson & Johnson,138.10000610351562,138.55999755859375,137.41000366210938,138.1699981689453,111.54641723632812,6638500,0.0,0.0,-0.03617525191336558,0.0013086488509954602
2018-10-01,JNJ,Johnson & Johnson,138.25999450683594,139.85000610351562,138.0,139.69000244140625,112.77352905273438,4871800,0.0,0.0,1.0940837650149176,1.1970192848692174
2018-10-02,JNJ,Johnson & Johnson,139.7899932861328,140.72999572753906,139.64999389648438,140.47999572753906,113.41131591796876,6439100,0.0,0.0,0.5639533945628674,0.3180434312389812
2018-10-03,JNJ,Johnson & Johnson,140.5399932861328,141.27000427246094,138.8800048828125,139.02999877929688,112.24069213867188,5411800,0.0,0.0,-1.0375571580976168,1.076524856319603
2018-10-04,JNJ,Johnson & Johnson,138.5500030517578,139.52999877929688,137.32000732421875,139.35000610351562,112.49905395507812,4738700,0.0,0.0,0.2299209950292864,0.05286366395525714
2018-10-05,JNJ,Johnson & Johnson,139.8000030517578,140.25,138.55999755859375,139.10000610351562,112.29722595214844,4309300,0.0,0.0,-0.17956529996284606,0.032243696950746886
2018-10-08,JNJ,Johnson & Johnson,138.89999389648438,139.67999267578125,138.6199951171875,139.38999938964844,112.5313491821289,5174100,0.0,0.0,0.2082682901564042,0.043375680684672166
2018-10-09,JNJ,Johnson & Johnson,138.74000549316406,139.6199951171875,137.80999755859375,139.1999969482422,112.3779525756836,4475300,0.0,0.0,-0.13640754653708528,0.01860701875226709
2018-10-10,JNJ,Johnson & Johnson,139.35000610351562,140.4600067138672,137.72999572753906,137.72999572753906,111.1912078857422,7265600,0.0,0.0,-1.0616453842567757,1.1270909219137168
2018-10-11,JNJ,Johnson & Johnson,137.91000366210938,138.66000366210938,132.8800048828125,133.83999633789062,108.05076599121094,11603200,0.0,0.0,-2.86501407579908,8.208305654526855
2018-10-12,JNJ,Johnson & Johnson,134.39999389648438,134.41000366210938,132.22999572753906,133.8699951171875,108.07498168945312,6998000,0.0,0.0,0.022408897230798,0.0005021586751004663
2018-10-15,JNJ,Johnson & Johnson,133.8800048828125,135.3000030517578,133.50999450683594,133.9499969482422,108.13957214355467,6398700,0.0,0.0,0.05974663118451982,0.003569659937899036
2018-10-16,JNJ,Johnson & Johnson,134.75,137.99000549316406,134.75,136.55999755859375,110.24663543701172,9592800,0.0,0.0,1.9297268842078175,3.7238458476344114
2018-10-17,JNJ,Johnson & Johnson,136.22999572753906,140.0,136.2100067138672,139.4600067138672,112.58785247802734,8261100,0.0,0.0,2.1013831524830473,4.41581115353959
2018-10-18,JNJ,Johnson & Johnson,139.1999969482422,139.80999755859375,137.7100067138672,139.5,112.62012481689452,7583900,0.0,0.0,0.028660031918676148,0.0008213974295795356
2018-10-19,JNJ,Johnson & Johnson,138.33999633789062,140.0,137.91000366210938,139.0500030517578,112.25686645507812,5924800,0.0,0.0,-0.32307322836782787,0.10437631088801066
2018-10-22,JNJ,Johnson & Johnson,138.61000061035156,139.25999450683594,138.13999938964844,138.67999267578125,111.9581298828125,4864300,0.0,0.0,-0.26647347761528495,0.07100811427238377
2018-10-23,JNJ,Johnson & Johnson,137.7899932861328,139.49000549316406,137.4499969482422,138.92999267578125,112.15996551513672,8282700,0.0,0.0,0.18011547575522546,0.03244158460653121
2018-10-24,JNJ,Johnson & Johnson,138.52000427246094,140.11000061035156,137.1699981689453,137.47000122070312,110.98133087158205,8279200,0.0,0.0,-1.056411900425407,1.1160061033604198
2018-10-25,JNJ,Johnson & Johnson,137.4600067138672,139.08999633789062,135.0500030517578,138.47000122070312,111.7885971069336,9720700,0.0,0.0,0.7247565021844599,0.525271987458653
2018-10-26,JNJ,Johnson & Johnson,137.94000244140625,139.3000030517578,135.3300018310547,136.97000122070312,110.57762908935548,11371400,0.0,0.0,-1.089176184481822,1.1863047608423798
2018-10-29,JNJ,Johnson & Johnson,136.99000549316406,139.10000610351562,136.22000122070312,137.5500030517578,111.0458755493164,6783000,0.0,0.0,0.42256091696231374,0.1785577285440314
2018-10-30,JNJ,Johnson & Johnson,137.92999267578125,141.10000610351562,137.0,140.75,113.6292724609375,9646200,0.0,0.0,2.299774403982556,5.288962309213321
2018-10-31,JNJ,Johnson & Johnson,141.0,141.42999267578125,139.61000061035156,139.99000549316406,113.0157241821289,9968900,0.0,0.0,-0.5414192121289338,0.29313476326231547
2018-11-01,JNJ,Johnson & Johnson,140.07000732421875,141.5800018310547,139.85000610351562,140.82000732421875,113.685791015625,6913500,0.0,0.0,0.5911462781559271,0.3494539221776048
2018-11-02,JNJ,Johnson & Johnson,141.97000122070312,142.0,139.66000366210938,140.67999267578125,113.57276916503906,7673200,0.0,0.0,-0.09946543691393024,0.009893373140479037
2018-11-05,JNJ,Johnson & Johnson,141.0,142.74000549316406,139.0,142.1999969482422,114.79988098144533,5601400,0.0,0.0,1.074667763968707,1.1549108029135005
2018-11-06,JNJ,Johnson & Johnson,141.52999877929688,142.8300018310547,141.05999755859375,142.57000732421875,115.09860229492188,5798900,0.0,0.0,0.25987251184438537,0.06753372241231022
2018-11-07,JNJ,Johnson & Johnson,143.10000610351562,144.8699951171875,142.97000122070312,144.75,116.85855102539062,7173600,0.0,0.0,1.517506555797717,2.3028261468890494
2018-11-08,JNJ,Johnson & Johnson,144.30999755859375,145.7899932861328,144.0,145.3000030517578,117.30257415771484,5497100,0.0,0.0,0.37924626828403946,0.14382773200736962
2018-11-09,JNJ,Johnson & Johnson,145.0399932861328,145.74000549316406,144.3800048828125,145.33999633789062,117.33480834960938,5343100,0.0,0.0,0.02747575152165939,0.0007549169216799682
2018-11-12,JNJ,Johnson & Johnson,144.99000549316406,146.24000549316406,144.72999572753906,145.6199951171875,117.56089782714844,7013600,0.0,0.0,0.19250206914155424,0.037057046623779726
2018-11-13,JNJ,Johnson & Johnson,146.19000244140625,146.75,143.4199981689453,144.67999267578125,116.80201721191406,7432300,0.0,0.0,-0.6476137808890159,0.4194036091973663
2018-11-14,JNJ,Johnson & Johnson,145.02000427246094,145.30999755859375,143.55999755859375,144.25,116.4548797607422,6433100,0.0,0.0,-0.29764410995535934,0.08859201619111803
2018-11-15,JNJ,Johnson & Johnson,143.41000366210938,144.50999450683594,142.47999572753906,144.5,116.65670013427734,6657900,0.0,0.0,0.17315349503536542,0.02998213284296232
2018-11-16,JNJ,Johnson & Johnson,144.7100067138672,146.74000549316406,144.5500030517578,145.99000549316406,117.8595962524414,8494300,0.0,0.0,1.025861900434527,1.0523926387631395
2018-11-19,JNJ,Johnson & Johnson,146.42999267578125,148.44000244140625,146.3699951171875,147.72999572753906,119.26432037353516,8714600,0.0,0.0,1.18481557983128,1.4037879582109323
2018-11-20,JNJ,Johnson & Johnson,147.5,148.75,146.35000610351562,146.4499969482422,118.23096466064452,8937700,0.0,0.0,-0.8702170519953633,0.7572777175835007
2018-11-21,JNJ,Johnson & Johnson,146.22999572753906,146.22999572753906,140.77999877929688,141.99000549316406,114.6303482055664,10275400,0.0,0.0,-3.092745125834761,9.565072413374672
2018-11-23,JNJ,Johnson & Johnson,141.85000610351562,142.72999572753906,141.60000610351562,142.22999572753906,114.8240966796875,3404900,0.0,0.0,0.16887754801605653,0.02851962622391548
2018-11-26,JNJ,Johnson & Johnson,142.0,142.0500030517578,140.72000122070312,141.3699951171875,114.85659790039062,7590900,0.9,0.0,0.028301221379951065,0.0008009591315969993
2018-11-27,JNJ,Johnson & Johnson,140.57000732421875,143.35000610351562,139.66000366210938,143.22000122070312,116.3596420288086,5962100,0.0,0.0,1.3001381747147762,1.69035927335067
2018-11-28,JNJ,Johnson & Johnson,143.8300018310547,146.55999755859375,143.36000061035156,146.44000244140625,118.97577667236328,8411400,0.0,0.0,2.223415780461187,4.943577732803829
2018-11-29,JNJ,Johnson & Johnson,145.6199951171875,147.1999969482422,144.83999633789062,145.85000610351562,118.49641418457033,6900000,0.0,0.0,-0.4037214944295083,0.1629910450643955
2018-11-30,JNJ,Johnson & Johnson,145.33999633789062,147.0,145.10000610351562,146.89999389648438,119.3494873046875,12517600,0.0,0.0,0.7173356974618915,0.5145705028531383
2018-12-03,JNJ,Johnson & Johnson,145.57000732421875,146.6300048828125,144.94000244140625,146.2100067138672,118.78885650634766,8827200,0.0,0.0,-0.4708454968752261,0.22169548192767854
2018-12-04,JNJ,Johnson & Johnson,146.32000732421875,148.99000549316406,145.82000732421875,146.02999877929688,118.64259338378906,9803500,0.0,0.0,-0.12320452166532413,0.015179354158781322
2018-12-06,JNJ,Johnson & Johnson,144.5,146.4499969482422,142.7899932861328,145.91000366210938,118.545166015625,11572500,0.0,0.0,-0.08215210927428228,0.006748969058213617
2018-12-07,JNJ,Johnson & Johnson,145.49000549316406,147.33999633789062,144.1199951171875,145.42999267578125,118.15516662597656,9444500,0.0,0.0,-0.32953037134654073,0.10859026563978903
2018-12-10,JNJ,Johnson & Johnson,145.38999938964844,145.8800048828125,142.3800048828125,145.25999450683594,118.01705932617188,6848100,0.0,0.0,-0.11695474773996124,0.01367841301891797
2018-12-11,JNJ,Johnson & Johnson,146.2899932861328,148.2100067138672,145.7899932861328,146.5,119.02450561523438,9857400,0.0,0.0,0.8500216873609957,0.7225368689840344
2018-12-12,JNJ,Johnson & Johnson,147.0,148.49000549316406,147.0,147.10000610351562,119.51199340820312,8869200,0.0,0.0,0.4087328133336422,0.167062512695634
2018-12-13,JNJ,Johnson & Johnson,146.9600067138672,148.58999633789062,146.8000030517578,147.83999633789062,120.11314392089844,6008300,0.0,0.0,0.5017434986509868,0.2517465384385328
2018-12-14,JNJ,Johnson & Johnson,144.33999633789062,145.3800048828125,130.1999969482422,133.0,108.05636596679688,58140200,0.0,0.0,-10.57811664925344,111.89655184521283
2018-12-17,JNJ,Johnson & Johnson,128.32000732421875,131.64999389648438,126.83000183105467,129.13999938964844,104.92029571533205,36933100,0.0,0.0,-2.9452024599435624,8.67421753005761
2018-12-18,JNJ,Johnson & Johnson,132.0500030517578,132.8000030517578,129.1999969482422,130.4199981689453,105.96022033691406,24640100,0.0,0.0,0.9862770357919076,0.9727423913304718
2018-12-19,JNJ,Johnson & Johnson,129.8699951171875,131.35000610351562,127.08999633789062,127.61000061035156,103.67723846435548,21232100,0.0,0.0,-2.1781146769046753,4.744183545747558
2018-12-20,JNJ,Johnson & Johnson,127.72000122070312,129.75,126.76000213623048,128.27000427246094,104.21348571777344,16609600,0.0,0.0,0.5158945353297292,0.26614717158307716
2018-12-21,JNJ,Johnson & Johnson,127.8000030517578,130.60000610351562,127.12000274658205,128.08999633789062,104.06719970703124,19732900,0.0,0.0,-0.14047009159582297,0.019731846632938893
2018-12-24,JNJ,Johnson & Johnson,127.3000030517578,128.0,121.0,122.83999633789062,99.80181884765624,7531900,0.0,0.0,-4.185043342706293,17.514587780330263
2018-12-26,JNJ,Johnson & Johnson,123.41999816894533,126.76000213623048,122.01000213623048,126.70999908447266,102.94603729248048,9253000,0.0,0.0,3.1018533081448414,9.621493945249096
2018-12-27,JNJ,Johnson & Johnson,125.87000274658205,127.41000366210938,123.06999969482422,127.41000366210938,103.5147476196289,9918700,0.0,0.0,0.5509150474149589,0.3035073894682264
2018-12-28,JNJ,Johnson & Johnson,127.91000366210938,128.75,126.75,127.2699966430664,103.4010009765625,6537200,0.0,0.0,-0.10994489814920658,0.012087880629039408
2018-12-31,JNJ,Johnson & Johnson,128.17999267578125,129.5500030517578,127.41999816894533,129.0500030517578,104.84716033935548,7409900,0.0,0.0,1.3889031252107564,1.9290518912202061
2019-01-02,JNJ,Johnson & Johnson,128.1300048828125,128.3800048828125,126.27999877929688,127.75,103.79100036621094,7631700,0.0,0.0,-1.0124408605262432,1.0250364960631198
2019-01-03,JNJ,Johnson & Johnson,128.13999938964844,128.27000427246094,125.36000061035156,125.72000122070312,102.14168548583984,8654500,0.0,0.0,-1.6018342493809303,2.5658729624897685
2019-01-04,JNJ,Johnson & Johnson,127.12000274658205,128.64999389648438,126.7300033569336,127.83000183105467,103.85597229003906,8831700,0.0,0.0,1.664413467481098,2.770272190732452
2019-01-07,JNJ,Johnson & Johnson,127.62999725341795,128.35000610351562,126.8000030517578,127.01000213623048,103.18977355957033,8404700,0.0,0.0,-0.6435302757344623,0.41413121578687306
2019-01-08,JNJ,Johnson & Johnson,128.17999267578125,130.5,127.7300033569336,129.9600067138672,105.58653259277344,9351600,0.0,0.0,2.2961076151457793,5.272110180330438
2019-01-09,JNJ,Johnson & Johnson,129.8300018310547,130.24000549316406,128.3300018310547,128.92999267578125,104.74967956542967,7403500,0.0,0.0,-0.795733111750318,0.6331911851358442
2019-01-10,JNJ,Johnson & Johnson,127.69000244140624,129.88999938964844,127.69000244140624,129.7100067138672,105.3833999633789,6224400,0.0,0.0,0.603162834358714,0.3638054047516374
2019-01-11,JNJ,Johnson & Johnson,129.0,129.83999633789062,128.30999755859375,129.75,105.41590881347656,5300400,0.0,0.0,0.030843412669623274,0.0009513161051086775
2019-01-14,JNJ,Johnson & Johnson,128.74000549316406,128.9600067138672,127.58999633789062,128.27999877929688,104.22158813476562,7374400,0.0,0.0,-1.139427456989586,1.2982949297417548
2019-01-15,JNJ,Johnson & Johnson,128.52000427246094,129.49000549316406,127.6500015258789,129.36000061035156,105.0990219116211,5194400,0.0,0.0,0.8383683918580986,0.7028615604667344
2019-01-16,JNJ,Johnson & Johnson,129.41000366210938,129.41000366210938,127.9000015258789,128.0399932861328,104.0265884399414,6264200,0.0,0.0,-1.0256447032517275,1.0519470573083243
2019-01-17,JNJ,Johnson & Johnson,127.70999908447266,129.52000427246094,127.45999908447266,129.08999633789062,104.87967681884766,7632000,0.0,0.0,0.8167233470542131,0.6670370256234367
2019-01-18,JNJ,Johnson & Johnson,129.89999389648438,131.17999267578125,129.4499969482422,130.69000244140625,106.17960357666016,10593000,0.0,0.0,1.2318275632320381,1.5173991455381808
2019-01-22,JNJ,Johnson & Johnson,128.1999969482422,129.5,127.01000213623048,128.8000030517578,104.64405822753906,10568100,0.0,0.0,-1.4567363933246944,2.122080919636639
2019-01-23,JNJ,Johnson & Johnson,128.5,129.3000030517578,127.93000030517578,128.8000030517578,104.64405822753906,9267800,0.0,0.0,0.0,0.0
2019-01-24,JNJ,Johnson & Johnson,128.49000549316406,128.6999969482422,125.0,127.02999877929688,103.20600128173828,9917000,0.0,0.0,-1.3837666400859499,1.9148101142147587
2019-01-25,JNJ,Johnson & Johnson,128.1300048828125,128.4499969482422,127.02999877929688,128.22999572753906,104.18093872070312,7585100,0.0,0.0,0.9402179530316968,0.884009799203114
2019-01-28,JNJ,Johnson & Johnson,127.80999755859376,129.14999389648438,127.29000091552734,128.99000549316406,104.79842376708984,6927700,0.0,0.0,0.5909548541621714,0.34922763965783327
2019-01-29,JNJ,Johnson & Johnson,128.9499969482422,130.47000122070312,128.5,130.3300018310547,105.88713073730467,6669300,0.0,0.0,1.033499105662946,1.068120401406109
2019-01-30,JNJ,Johnson & Johnson,130.3699951171875,132.19000244140625,130.3000030517578,131.63999938964844,106.9514389038086,7299300,0.0,0.0,1.0001166983866316,1.0002334103917767
2019-01-31,JNJ,Johnson & Johnson,131.6300048828125,135.19000244140625,130.8699951171875,133.0800018310547,108.1213607788086,17298100,0.0,0.0,1.08794177246198,1.1836173002677146
2019-02-01,JNJ,Johnson & Johnson,134.02000427246094,134.69000244140625,133.47000122070312,134.1999969482422,109.03131103515624,9575200,0.0,0.0,0.8380791033375573,0.7023765834510841
2019-02-04,JNJ,Johnson & Johnson,133.9600067138672,134.14999389648438,132.2100067138672,132.8800048828125,107.9588623046875,7759000,0.0,0.0,-0.9884848206546923,0.9771022406647393
2019-02-05,JNJ,Johnson & Johnson,133.52000427246094,133.8800048828125,132.75,132.8800048828125,107.9588623046875,6449800,0.0,0.0,0.0,0.0
2019-02-06,JNJ,Johnson & Johnson,133.0800018310547,133.57000732421875,132.3000030517578,133.0,108.05636596679688,5066100,0.0,0.0,0.0902748102634647,0.008149541368104552
2019-02-07,JNJ,Johnson & Johnson,132.4499969482422,132.63999938964844,131.52999877929688,132.0500030517578,107.28450775146484,6085300,0.0,0.0,-0.7168741424136366,0.5139085360612868
2019-02-08,JNJ,Johnson & Johnson,131.9499969482422,132.4600067138672,131.5399932861328,132.39999389648438,107.5688934326172,4436700,0.0,0.0,0.26472547854982703,0.07007957899343494
2019-02-11,JNJ,Johnson & Johnson,132.30999755859375,132.6699981689453,131.25999450683594,132.0,107.24390411376952,4962200,0.0,0.0,-0.302579334668135,0.09155425376821126
2019-02-12,JNJ,Johnson & Johnson,132.0800018310547,134.3000030517578,132.0800018310547,134.16000366210938,108.9988021850586,6262300,0.0,0.0,1.6231174948130769,2.634510401968279
2019-02-13,JNJ,Johnson & Johnson,134.07000732421875,134.97999572753906,133.2100067138672,134.4499969482422,109.23442840576172,7902200,0.0,0.0,0.2159399021182117,0.04663004132682285
2019-02-14,JNJ,Johnson & Johnson,134.3000030517578,134.82000732421875,133.35000610351562,134.30999755859375,109.12067413330078,3910400,0.0,0.0,-0.10419200781583265,0.010855974492694534
2019-02-15,JNJ,Johnson & Johnson,135.19000244140625,136.41000366210938,135.00999450683594,136.3800048828125,110.80243682861328,6665000,0.0,0.0,1.529439512548233,2.3391852225437764
2019-02-19,JNJ,Johnson & Johnson,136.13999938964844,136.3800048828125,135.6300048828125,135.69000244140625,110.24185180664062,5935500,0.0,0.0,-0.5072162029363146,0.2572682765211327
2019-02-20,JNJ,Johnson & Johnson,135.97000122070312,136.72999572753906,135.72999572753906,136.35000610351562,110.77808380126952,6089800,0.0,0.0,0.4852350040722789,0.2354530091770245
2019-02-21,JNJ,Johnson & Johnson,134.97999572753906,135.7899932861328,134.27000427246094,135.4199981689453,110.0224838256836,6665500,0.0,0.0,-0.6844211799514025,0.4684323515660701
2019-02-22,JNJ,Johnson & Johnson,135.2899932861328,136.63999938964844,134.82000732421875,136.60000610351562,110.98123168945312,5223900,0.0,0.0,0.8676359816031287,0.7527921965724247
2019-02-25,JNJ,Johnson & Johnson,136.35000610351562,137.49000549316406,135.86000061035156,136.1999969482422,111.39012908935548,6846600,0.9,0.0,0.36776126145559374,0.13524834542740957
2019-02-26,JNJ,Johnson & Johnson,136.44000244140625,136.9600067138672,136.0500030517578,136.11000061035156,111.31649780273438,5106900,0.0,0.0,-0.06612402184121088,0.004372386264456934
2019-02-27,JNJ,Johnson & Johnson,135.52000427246094,136.25,135.38999938964844,135.8699951171875,111.12020874023438,4378100,0.0,0.0,-0.17648985772343248,0.03114866987923744
2019-02-28,JNJ,Johnson & Johnson,135.9499969482422,137.9499969482422,135.69000244140625,136.63999938964844,111.74996948242188,10133200,0.0,0.0,0.5651383449541111,0.31938134893747183
2019-03-01,JNJ,Johnson & Johnson,137.22000122070312,138.61000061035156,137.00999450683594,138.35000610351562,113.14846801757812,5641600,0.0,0.0,1.2436872188275931,1.5467578982751136
2019-03-04,JNJ,Johnson & Johnson,138.85000610351562,139.41000366210938,137.50999450683594,138.47999572753906,113.25482177734376,8377700,0.0,0.0,0.09395072632110442,0.008826738976263062
2019-03-05,JNJ,Johnson & Johnson,138.80999755859375,139.13999938964844,138.36000061035156,138.77000427246094,113.4919891357422,6568900,0.0,0.0,0.20919142715391909,0.043761053194693436
2019-03-06,JNJ,Johnson & Johnson,139.47000122070312,139.64999389648438,138.60000610351562,139.08999633789062,113.75369262695312,6236900,0.0,0.0,0.23032658299722758,0.053050334835178764
2019-03-07,JNJ,Johnson & Johnson,138.52999877929688,139.1199951171875,137.6999969482422,138.24000549316406,113.05853271484376,6100400,0.0,0.0,-0.6129846729214867,0.3757502092366621
2019-03-08,JNJ,Johnson & Johnson,138.08999633789062,139.3000030517578,136.4199981689453,138.05999755859375,112.91128540039062,7046700,0.0,0.0,-0.13032478100161238,0.016984548543118226
2019-03-11,JNJ,Johnson & Johnson,138.11000061035156,139.02999877929688,137.52000427246094,138.55999755859375,113.32024383544922,6150400,0.0,0.0,0.36154012829437293,0.13071126436711164
2019-03-12,JNJ,Johnson & Johnson,138.64999389648438,140.0,138.5,139.17999267578125,113.82727813720705,5552900,0.0,0.0,0.446436870170128,0.19930587904729974
2019-03-13,JNJ,Johnson & Johnson,139.58999633789062,139.83999633789062,139.02000427246094,139.41000366210938,114.01538848876952,6446900,0.0,0.0,0.16512306240909572,0.027265625739358118
2019-03-14,JNJ,Johnson & Johnson,138.33999633789062,138.8000030517578,137.94000244140625,138.02000427246094,112.87858581542967,8493600,0.0,0.0,-1.0020646774115107,1.004133617715835
2019-03-15,JNJ,Johnson & Johnson,138.0,138.25999450683594,136.8300018310547,137.60000610351562,112.53507995605467,11922500,0.0,0.0,-0.30477843843332725,0.09288989653385744
2019-03-18,JNJ,Johnson & Johnson,137.64999389648438,137.77999877929688,136.72000122070312,137.1699981689453,112.18344116210938,7369600,0.0,0.0,-0.3129595898035166,0.09794370484998538
2019-03-19,JNJ,Johnson & Johnson,137.61000061035156,138.82000732421875,137.47000122070312,138.44000244140625,113.22209930419922,5882500,0.0,0.0,0.921597127906329,0.8493412661651945
2019-03-20,JNJ,Johnson & Johnson,138.3300018310547,138.50999450683594,136.64999389648438,137.2899932861328,112.28152465820312,5475700,0.0,0.0,-0.8342039777298933,0.6958962764603763
2019-03-21,JNJ,Johnson & Johnson,137.0,138.77999877929688,136.9499969482422,138.10000610351562,112.94401550292967,5765100,0.0,0.0,0.588292744172084,0.3460883528455211
2019-03-22,JNJ,Johnson & Johnson,137.75,138.38999938964844,136.86000061035156,136.91000366210938,111.9708023071289,6528800,0.0,0.0,-0.865411429295888,0.7489369419559517
2019-03-25,JNJ,Johnson & Johnson,136.91000366210938,137.00999450683594,135.74000549316406,136.61000061035156,111.7254409790039,4500300,0.0,0.0,-0.21937018066748828,0.04812327616608645
2019-03-26,JNJ,Johnson & Johnson,136.92999267578125,139.27000427246094,136.92999267578125,138.57000732421875,113.3284149169922,4758600,0.0,0.0,1.4245488393576007,2.029339395715087
2019-03-27,JNJ,Johnson & Johnson,138.58999633789062,139.47999572753906,138.07000732421875,138.6999969482422,113.43473052978516,6764900,0.0,0.0,0.09376798895010557,0.00879243575174712
2019-03-28,JNJ,Johnson & Johnson,139.05999755859375,139.4600067138672,138.7100067138672,138.8800048828125,113.58195495605467,4602100,0.0,0.0,0.1297036353025006,0.016823033010684076
2019-03-29,JNJ,Johnson & Johnson,139.27999877929688,139.8800048828125,138.8800048828125,139.7899932861328,114.32617950439452,7168400,0.0,0.0,0.6530940156173997,0.42653179323526025
2019-04-01,JNJ,Johnson & Johnson,139.99000549316406,140.2899932861328,138.74000549316406,138.97999572753906,113.66372680664062,5885200,0.0,0.0,-0.5811262198106333,0.33770768335139645
2019-04-02,JNJ,Johnson & Johnson,139.00999450683594,139.00999450683594,136.91000366210938,137.7100067138672,112.62507629394533,5517800,0.0,0.0,-0.9179931065743224,0.8427113437179753
2019-04-03,JNJ,Johnson & Johnson,138.1999969482422,138.24000549316406,136.8699951171875,137.1699981689453,112.18344116210938,5947000,0.0,0.0,-0.39289943722778436,0.15436996777390966
2019-04-04,JNJ,Johnson & Johnson,136.8699951171875,137.00999450683594,135.1300048828125,135.57000732421875,110.87487030029295,5844600,0.0,0.0,-1.1733128125806735,1.3766629561659707
2019-04-05,JNJ,Johnson & Johnson,136.0399932861328,136.5800018310547,135.6999969482422,136.17999267578125,111.37376403808594,4759700,0.0,0.0,0.4489517582354857,0.20155768122273401
2019-04-08,JNJ,Johnson & Johnson,136.0500030517578,136.50999450683594,135.6999969482422,136.13999938964844,111.34102630615234,4329600,0.0,0.0,-0.029398794861160604,0.0008642891392886031
2019-04-09,JNJ,Johnson & Johnson,136.0,136.25999450683594,134.55999755859375,135.57000732421875,110.87487030029295,5210300,0.0,0.0,-0.41955296337431935,0.17602468907617297
2019-04-10,JNJ,Johnson & Johnson,135.88999938964844,136.1300048828125,135.3300018310547,135.5800018310547,110.88304138183594,4194100,0.0,0.0,0.007369370936703595,5.430762800273162e-05
2019-04-11,JNJ,Johnson & Johnson,135.9600067138672,136.17999267578125,134.4199981689453,135.2100067138672,110.58047485351562,4485200,0.0,0.0,-0.27324294467524307,0.07466170681479795
2019-04-12,JNJ,Johnson & Johnson,135.22000122070312,136.35000610351562,134.75,135.97999572753906,111.21019744873048,5756800,0.0,0.0,0.5678546179069249,0.3224588670782197
2019-04-15,JNJ,Johnson & Johnson,136.0,136.7899932861328,135.8000030517578,136.52000427246094,111.6518325805664,5380900,0.0,0.0,0.3963310482919381,0.15707829984018656
2019-04-16,JNJ,Johnson & Johnson,138.32000732421875,140.6999969482422,137.55999755859375,138.02000427246094,112.87858581542967,10745700,0.0,0.0,1.0927387483571653,1.1940779721611843
2019-04-17,JNJ,Johnson & Johnson,139.0,140.14999389648438,137.6699981689453,138.52000427246094,113.28751373291016,9543700,0.0,0.0,0.3616177348570862,0.1307673861631699
2019-04-18,JNJ,Johnson & Johnson,139.35000610351562,140.24000549316406,135.75,137.52000427246094,112.4696807861328,10485300,0.0,0.0,-0.7245275404204604,0.5249401568277219
2019-04-22,JNJ,Johnson & Johnson,136.97999572753906,138.49000549316406,136.4600067138672,137.8300018310547,112.72321319580078,4666500,0.0,0.0,0.22516919810819266,0.05070116777668651
2019-04-23,JNJ,Johnson & Johnson,137.4199981689453,140.85000610351562,137.25,139.89999389648438,114.4161376953125,5790500,0.0,0.0,1.490675958782323,2.222114814091598
2019-04-24,JNJ,Johnson & Johnson,139.64999389648438,140.13999938964844,138.86000061035156,139.1999969482422,113.8436279296875,5676300,0.0,0.0,-0.5016310820963331,0.2516337425251381
2019-04-25,JNJ,Johnson & Johnson,138.52000427246094,139.77000427246094,137.9600067138672,139.64999389648438,114.21168518066406,5218100,0.0,0.0,0.3227792113338293,0.10418641926928884
2019-04-26,JNJ,Johnson & Johnson,139.8800048828125,140.52000427246094,139.30999755859375,140.38999938964844,114.8168716430664,4613600,0.0,0.0,0.5284824559299085,0.2792937062257077
2019-04-29,JNJ,Johnson & Johnson,140.35000610351562,140.42999267578125,139.5800018310547,139.83999633789062,114.36705780029295,4275200,0.0,0.0,-0.3925357431849099,0.15408430967772954
2019-04-30,JNJ,Johnson & Johnson,140.19000244140625,141.4499969482422,138.9600067138672,141.1999969482422,115.47931671142578,6003700,0.0,0.0,0.9678356647080351,0.936705873880844
2019-05-01,JNJ,Johnson & Johnson,140.9499969482422,142.35000610351562,139.75,141.9499969482422,116.09273529052734,6656300,0.0,0.0,0.52978760481488,0.2806749062154874
2019-05-02,JNJ,Johnson & Johnson,141.91000366210938,142.14999389648438,140.1199951171875,141.27999877929688,115.54475402832033,8835600,0.0,0.0,-0.4731378207166044,0.22385939739245767
2019-05-03,JNJ,Johnson & Johnson,141.2899932861328,142.08999633789062,141.0800018310547,142.00999450683594,116.14178466796876,5281600,0.0,0.0,0.5153790673491209,0.2656155830616497
2019-05-06,JNJ,Johnson & Johnson,140.25,142.24000549316406,139.92999267578125,142.08999633789062,116.2072296142578,5818900,0.0,0.0,0.05633331238518296,0.0031734420842866075
2019-05-07,JNJ,Johnson & Johnson,140.82000732421875,141.3800048828125,139.05999755859375,139.97000122070312,114.47339630126952,6606700,0.0,0.0,-1.5032610188773112,2.259793690876052
2019-05-08,JNJ,Johnson & Johnson,140.1999969482422,140.9199981689453,139.6999969482422,139.7899932861328,114.32617950439452,4667300,0.0,0.0,-0.12868626759706192,0.01656015546806263
2019-05-09,JNJ,Johnson & Johnson,138.9499969482422,139.32000732421875,137.63999938964844,138.72999572753906,113.45925903320312,5604200,0.0,0.0,-0.7611765374115493,0.5793897211058358
2019-05-10,JNJ,Johnson & Johnson,138.42999267578125,139.25,136.41000366210938,139.0500030517578,113.72097778320312,4771600,0.0,0.0,0.23040636760485747,0.053087094232864715
2019-05-13,JNJ,Johnson & Johnson,137.85000610351562,138.05999755859375,136.52999877929688,137.1999969482422,112.20795440673828,5560000,0.0,0.0,-1.3393999443386455,1.7939922108943667
2019-05-14,JNJ,Johnson & Johnson,137.0399932861328,137.83999633789062,136.72999572753906,136.82000732421875,111.8971939086914,7179400,0.0,0.0,-0.277334723959857,0.07691454911389006
2019-05-15,JNJ,Johnson & Johnson,136.89999389648438,137.49000549316406,135.3300018310547,136.91000366210938,111.9708023071289,6429400,0.0,0.0,0.06576053954506307,0.004324448561257804
2019-05-16,JNJ,Johnson & Johnson,137.38999938964844,139.19000244140625,136.97000122070312,138.2100067138672,113.0339813232422,6857200,0.0,0.0,0.9450349557712318,0.8930910676295339
2019-05-17,JNJ,Johnson & Johnson,137.0,139.02999877929688,136.86000061035156,138.61000061035156,113.3611068725586,6915300,0.0,0.0,0.28898663799144253,0.08351327693759705
2019-05-20,JNJ,Johnson & Johnson,138.61000061035156,138.9600067138672,137.67999267578125,138.4199981689453,113.20574188232422,4771100,0.0,0.0,-0.13714717350823008,0.018809347201296567
2019-05-21,JNJ,Johnson & Johnson,139.1199951171875,139.57000732421875,138.0800018310547,138.1199951171875,112.96037292480467,4859000,0.0,0.0,-0.21698126971583923,0.04708087140749777
2019-05-22,JNJ,Johnson & Johnson,138.35000610351562,138.9499969482422,137.49000549316406,138.75999450683594,113.48380279541016,5456800,0.0,0.0,0.46230449619004566,0.21372544719753195
2019-05-23,JNJ,Johnson & Johnson,138.5,139.85000610351562,137.6699981689453,139.7899932861328,114.32617950439452,6951800,0.0,0.0,0.739546651831467,0.546929250235133
2019-05-24,JNJ,Johnson & Johnson,139.5,139.5,138.55999755859375,138.85000610351562,114.33441162109376,5473300,0.95,0.0,0.007200293380066013,5.1844224759022456e-05
2019-05-28,JNJ,Johnson & Johnson,139.0,140.49000549316406,137.0500030517578,137.07000732421875,112.86868286132812,11919600,0.0,0.0,-1.2902545161748213,1.6647567165095223
2019-05-29,JNJ,Johnson & Johnson,135.88999938964844,135.88999938964844,128.52000427246094,131.3300018310547,108.14214324951172,23247400,0.0,0.0,-4.277854141111628,18.300036052625902
2019-05-30,JNJ,Johnson & Johnson,131.44000244140625,132.82000732421875,131.1699981689453,132.11000061035156,108.78440856933594,7360600,0.0,0.0,0.592151759346233,0.35064370609683904
2019-05-31,JNJ,Johnson & Johnson,131.52000427246094,132.0,129.61000061035156,131.14999389648438,107.99391174316406,7811000,0.0,0.0,-0.7293167775503597,0.5319029620164409
2019-06-03,JNJ,Johnson & Johnson,131.5,132.39999389648438,131.0399932861328,131.44000244140625,108.23271942138672,8434600,0.0,0.0,0.2208865522562506,0.04879086896765332
2019-06-04,JNJ,Johnson & Johnson,132.60000610351562,134.3000030517578,132.5800018310547,133.72999572753906,110.11839294433594,6648900,0.0,0.0,1.7272368182048228,2.98334702616232
2019-06-05,JNJ,Johnson & Johnson,134.6999969482422,135.1300048828125,133.86000061035156,134.3800048828125,110.65365600585938,6860600,0.0,0.0,0.4849020633469613,0.23513001103814046
2019-06-06,JNJ,Johnson & Johnson,134.89999389648438,137.66000366210938,134.58999633789062,136.67999267578125,112.54755401611328,9115800,0.0,0.0,1.6970727571633104,2.8800559431058805
2019-06-07,JNJ,Johnson & Johnson,137.58999633789062,139.58999633789062,137.13999938964844,138.5500030517578,114.08739471435548,6533900,0.0,0.0,1.3588940296163259,1.846592983726896
2019-06-10,JNJ,Johnson & Johnson,138.60000610351562,139.14999389648438,137.60000610351562,139.02000427246094,114.47440338134766,4994700,0.0,0.0,0.33864717557699053,0.11468190952627305
2019-06-11,JNJ,Johnson & Johnson,139.67999267578125,140.66000366210938,139.5,139.77999877929688,115.10021209716795,8230500,0.0,0.0,0.5451911698590431,0.297233411692272
2019-06-12,JNJ,Johnson & Johnson,140.3000030517578,142.91000366210938,140.3000030517578,141.67999267578125,116.66473388671876,9216500,0.0,0.0,1.3501140545880135,1.8228079603960854
2019-06-13,JNJ,Johnson & Johnson,141.72000122070312,141.9499969482422,140.2100067138672,140.7100067138672,115.86600494384766,7500800,0.0,0.0,-0.6869905357544239,0.4719559962161504
2019-06-14,JNJ,Johnson & Johnson,141.22999572753906,141.49000549316406,140.0399932861328,140.08999633789062,115.35546112060548,6548100,0.0,0.0,-0.44160662211449686,0.19501640869537604
2019-06-17,JNJ,Johnson & Johnson,140.0,140.24000549316406,139.2100067138672,139.44000244140625,114.82023620605467,5562800,0.0,0.0,-0.4650585491153322,0.21627945410525784
2019-06-18,JNJ,Johnson & Johnson,140.55999755859375,140.92999267578125,139.7899932861328,140.22999572753906,115.47074127197266,7122700,0.0,0.0,0.5649433626736011,0.319161003028956
2019-06-19,JNJ,Johnson & Johnson,140.00999450683594,140.97000122070312,139.91000366210938,140.4499969482422,115.6519012451172,6393400,0.0,0.0,0.15676526390677406,0.02457534796776052
2019-06-20,JNJ,Johnson & Johnson,141.25,142.39999389648438,141.0,142.2100067138672,117.10114288330078,7335800,0.0,0.0,1.245320225878244,1.5508224649814408
2019-06-21,JNJ,Johnson & Johnson,141.4600067138672,142.42999267578125,141.00999450683594,142.08999633789062,117.00236511230467,11272200,0.0,0.0,-0.08438812190708164,0.007121355119004472
2019-06-24,JNJ,Johnson & Johnson,142.4199981689453,143.6999969482422,142.08999633789062,143.05999755859375,117.80108642578124,5894700,0.0,0.0,0.6803344576154163,0.46285497421886274
2019-06-25,JNJ,Johnson & Johnson,143.27000427246094,144.97999572753906,143.19000244140625,144.24000549316406,118.77273559570312,7517000,0.0,0.0,0.8214388432420496,0.6747617731868366
2019-06-26,JNJ,Johnson & Johnson,143.85000610351562,143.85000610351562,140.75999450683594,141.85000610351562,116.80471801757812,7674100,0.0,0.0,-1.6708418672674707,2.7917125454138483
2019-06-27,JNJ,Johnson & Johnson,142.22999572753906,142.5,140.60000610351562,140.69000244140625,115.84954833984376,5233500,0.0,0.0,-0.8211111357051919,0.67422349717907
2019-06-28,JNJ,Johnson & Johnson,140.74000549316406,141.10000610351562,138.50999450683594,139.27999877929688,114.6884765625,12792400,0.0,0.0,-1.0072799008360622,1.0146127986283073
2019-07-01,JNJ,Johnson & Johnson,140.1999969482422,140.25999450683594,138.72000122070312,139.36000061035156,114.75435638427734,5872300,0.0,0.0,0.05742591541577766,0.003297735761340051
2019-07-02,JNJ,Johnson & Johnson,139.22000122070312,140.02999877929688,138.69000244140625,140.02999877929688,115.30606842041016,4501200,0.0,0.0,0.47962451102248355,0.23003967157355645
2019-07-03,JNJ,Johnson & Johnson,141.0,142.17999267578125,140.7899932861328,142.13999938964844,117.04352569580078,3436300,0.0,0.0,1.4955822648149029,2.2367663108288744
2019-07-05,JNJ,Johnson & Johnson,141.74000549316406,141.86000061035156,140.3699951171875,140.57000732421875,115.75070190429688,4652400,0.0,0.0,-1.1107123195579638,1.2336818568178323
2019-07-08,JNJ,Johnson & Johnson,140.1199951171875,141.0800018310547,139.63999938964844,140.97000122070312,116.08013153076172,4078100,0.0,0.0,0.28419847637508244,0.0807687739739183
2019-07-09,JNJ,Johnson & Johnson,141.4600067138672,142.47000122070312,140.91000366210938,141.41000366210938,116.44241333007812,4217400,0.0,0.0,0.3116102936878431,0.09710097513222384
2019-07-10,JNJ,Johnson & Johnson,141.77999877929688,141.99000549316406,140.6699981689453,141.2100067138672,116.2777099609375,4874400,0.0,0.0,-0.1415463298236196,0.0200353634865369
2019-07-11,JNJ,Johnson & Johnson,140.94000244140625,141.2100067138672,139.02000427246094,140.11000061035156,115.37197875976562,5817400,0.0,0.0,-0.7819875102428077,0.6115044661757452
2019-07-12,JNJ,Johnson & Johnson,140.1199951171875,140.1199951171875,132.32000732421875,134.3000030517578,110.5877456665039,17780100,0.0,0.0,-4.2352221941693875,17.93710703398496
2019-07-15,JNJ,Johnson & Johnson,135.38999938964844,136.36000061035156,134.4499969482422,134.7100067138672,110.9253921508789,10038200,0.0,0.0,0.3048548263991262,0.09293646517884137
2019-07-16,JNJ,Johnson & Johnson,132.92999267578125,133.8300018310547,131.75,132.5,109.10557556152344,10214500,0.0,0.0,-1.654183594981089,2.7363233659045596
2019-07-17,JNJ,Johnson & Johnson,132.49000549316406,133.5800018310547,131.41000366210938,131.86000061035156,108.57857513427734,8862100,0.0,0.0,-0.484189092444544,0.23443907724227117
2019-07-18,JNJ,Johnson & Johnson,132.1300048828125,132.50999450683594,131.1699981689453,132.07000732421875,108.75149536132812,6203100,0.0,0.0,0.1591314659280075,0.025322823448396613
2019-07-19,JNJ,Johnson & Johnson,132.25,132.38999938964844,130.19000244140625,130.30999755859375,107.30223846435548,8340200,0.0,0.0,-1.3415909167430762,1.7998661878875275
2019-07-22,JNJ,Johnson & Johnson,130.0,130.14999389648438,127.83999633789062,128.63999938964844,105.9271011352539,12624800,0.0,0.0,-1.2898378774280228,1.6636817500480272
2019-07-23,JNJ,Johnson & Johnson,128.61000061035156,129.4499969482422,128.16000366210938,128.83999633789062,106.09178161621094,5803600,0.0,0.0,0.15534513901524963,0.02413211221566723
2019-07-24,JNJ,Johnson & Johnson,128.8800048828125,129.7899932861328,128.57000732421875,129.77999877929688,106.86581420898438,6838600,0.0,0.0,0.7269390869627679,0.5284404361542626
2019-07-25,JNJ,Johnson & Johnson,130.05999755859375,131.52999877929688,129.6699981689453,131.1199951171875,107.96922302246094,8897800,0.0,0.0,1.0272239856408396,1.0551891166758518
2019-07-26,JNJ,Johnson & Johnson,131.3000030517578,131.3000030517578,130.49000549316406,130.72999572753906,107.64806365966795,4894600,0.0,0.0,-0.29789782186814484,0.08874311227378495
2019-07-29,JNJ,Johnson & Johnson,131.0,133.30999755859375,130.2100067138672,133.02000427246094,109.53376007080078,7832000,0.0,0.0,1.7365576608258122,3.0156325093728165
2019-07-30,JNJ,Johnson & Johnson,132.47000122070312,132.49000549316406,131.27000427246094,132.0800018310547,108.7597198486328,5509600,0.0,0.0,-0.7091768994017645,0.5029318746451005
2019-07-31,JNJ,Johnson & Johnson,131.63999938964844,132.0,130.17999267578125,130.22000122070312,107.22814178466795,8559200,0.0,0.0,-1.418231306003028,2.0113800373270547
2019-08-01,JNJ,Johnson & Johnson,130.25999450683594,130.74000549316406,129.02000427246094,130.2899932861328,107.28577423095705,7870700,0.0,0.0,0.05373306193482777,0.002887241944892037
2019-08-02,JNJ,Johnson & Johnson,130.86000061035156,131.47000122070312,129.77000427246094,131.07000732421875,107.92805480957033,6574900,0.0,0.0,0.5968784518359084,0.3562638862660308
2019-08-05,JNJ,Johnson & Johnson,130.91000366210938,131.4600067138672,129.00999450683594,130.16000366210938,107.17871856689452,9480000,0.0,0.0,-0.6967137873339784,0.48541010146125607
2019-08-06,JNJ,Johnson & Johnson,130.33999633789062,131.22000122070312,129.58999633789062,130.77000427246094,107.68102264404295,7880600,0.0,0.0,0.4675654819473464,0.2186174799086543
2019-08-07,JNJ,Johnson & Johnson,129.36000061035156,130.91000366210938,128.19000244140625,130.2100067138672,107.21990966796876,6771700,0.0,0.0,-0.4291407010425577,0.18416174129129786
2019-08-08,JNJ,Johnson & Johnson,130.97999572753906,131.9499969482422,130.22999572753906,131.67999267578125,108.43034362792967,5260500,0.0,0.0,1.1226016694683691,1.2602345082931696
2019-08-09,JNJ,Johnson & Johnson,131.8000030517578,132.75999450683594,131.22999572753906,132.0399932861328,108.72677612304688,4677300,0.0,0.0,0.27301216702481185,0.07453564334358376
2019-08-12,JNJ,Johnson & Johnson,131.5,132.6999969482422,131.2899932861328,131.92999267578125,108.6362075805664,6852100,0.0,0.0,-0.08333392022743895,0.006944542260473158
2019-08-13,JNJ,Johnson & Johnson,132.3000030517578,134.10000610351562,132.0,133.4199981689453,109.86312866210938,5013200,0.0,0.0,1.1230551067974979,1.2612527729039393
2019-08-14,JNJ,Johnson & Johnson,132.52999877929688,132.5399932861328,130.1300048828125,130.25999450683594,107.26103973388672,7736200,0.0,0.0,-2.3969819044885172,5.745522250445399
2019-08-15,JNJ,Johnson & Johnson,130.1699981689453,131.07000732421875,129.25,130.5399932861328,107.49164581298828,7251200,0.0,0.0,0.21476440879061673,0.046123751283183134
2019-08-16,JNJ,Johnson & Johnson,131.47000122070312,131.6699981689453,130.60000610351562,131.36000061035156,108.16685485839844,5858900,0.0,0.0,0.6261856125305414,0.3921084213402493
2019-08-19,JNJ,Johnson & Johnson,132.5,132.57000732421875,131.82000732421875,132.25,108.89971160888672,4958000,0.0,0.0,0.6752394410187115,0.45594830270726194
2019-08-20,JNJ,Johnson & Johnson,131.9600067138672,132.66000366210938,130.4600067138672,130.60000610351562,107.54103088378906,7302000,0.0,0.0,-1.2554924330492494,1.576261249443924
2019-08-21,JNJ,Johnson & Johnson,131.6999969482422,132.41000366210938,130.85000610351562,131.52999877929688,108.30682373046876,6912800,0.0,0.0,0.7095702304943796,0.503489912003847
2019-08-22,JNJ,Johnson & Johnson,131.60000610351562,132.1300048828125,130.8000030517578,131.27000427246094,108.09273529052734,7213500,0.0,0.0,-0.19786409062630994,0.039150198359376595
2019-08-23,JNJ,Johnson & Johnson,131.07000732421875,131.25999450683594,127.12999725341795,127.7300033569336,105.1777572631836,15714000,0.0,0.0,-2.7337673694947227,7.473484030514095
2019-08-26,JNJ,Johnson & Johnson,127.41999816894533,128.0800018310547,126.62999725341795,127.8000030517578,106.02396392822266,8889500,0.95,0.0,0.8013298266505141,0.642129491079743
2019-08-27,JNJ,Johnson & Johnson,129.8800048828125,132.39999389648438,129.10000610351562,129.63999938964844,107.55046844482422,20183800,0.0,0.0,1.4295067949099638,2.043489676693757
2019-08-28,JNJ,Johnson & Johnson,127.86000061035156,128.8699951171875,127.01000213623048,128.67999267578125,106.7540283203125,9878800,0.0,0.0,-0.7432823886253661,0.5524687092406297
2019-08-29,JNJ,Johnson & Johnson,128.83999633789062,129.1999969482422,126.83000183105467,128.24000549316406,106.38898468017578,6749900,0.0,0.0,-0.3425343312159353,0.11732976806154806
2019-08-30,JNJ,Johnson & Johnson,128.27000427246094,129.10000610351562,127.62000274658205,128.36000061035156,106.48855590820312,7371100,0.0,0.0,0.09354790083871717,0.00875120975133046
2019-09-03,JNJ,Johnson & Johnson,127.98999786376952,128.97999572753906,127.51000213623048,128.74000549316406,106.80381774902344,5710200,0.0,0.0,0.29561494862599397,0.08738819785114905
2019-09-04,JNJ,Johnson & Johnson,129.49000549316406,129.58999633789062,128.0800018310547,128.86000061035156,106.90335083007812,4807200,0.0,0.0,0.09314904026227351,0.008676743701782652
2019-09-05,JNJ,Johnson & Johnson,129.89999389648438,129.89999389648438,128.30999755859375,128.5800018310547,106.67108154296876,4754100,0.0,0.0,-0.2175067269046789,0.04730917624878657
2019-09-06,JNJ,Johnson & Johnson,128.8800048828125,129.22999572753906,128.07000732421875,128.2100067138672,106.36412048339844,6758300,0.0,0.0,-0.2881789198082858,0.08304708982187042
2019-09-09,JNJ,Johnson & Johnson,128.0,128.16000366210938,126.58999633789062,126.9499969482422,105.3188018798828,7684700,0.0,0.0,-0.987634797106457,0.9754224924555124
2019-09-10,JNJ,Johnson & Johnson,127.33999633789062,129.5500030517578,126.33999633789062,129.5500030517578,107.47576904296876,8239500,0.0,0.0,2.0273459343580846,4.110131537558255
2019-09-11,JNJ,Johnson & Johnson,129.86000061035156,131.27999877929688,129.0800018310547,131.1699981689453,108.81975555419922,6203600,0.0,0.0,1.2427476814784608,1.54442179982009
2019-09-12,JNJ,Johnson & Johnson,131.36000061035156,131.77000427246094,130.05999755859375,130.42999267578125,108.20582580566406,5250000,0.0,0.0,-0.5657686824893016,0.3200942020856801
2019-09-13,JNJ,Johnson & Johnson,131.3300018310547,131.57000732421875,129.9600067138672,130.77999877929688,108.49620056152344,5369800,0.0,0.0,0.26799466024317303,0.07182113791885375
2019-09-16,JNJ,Johnson & Johnson,130.11000061035156,130.75,129.3300018310547,129.5399932861328,107.4674835205078,5101700,0.0,0.0,-0.9526831568473942,0.9076051973407168
2019-09-17,JNJ,Johnson & Johnson,129.60000610351562,130.5,129.11000061035156,129.6699981689453,107.57533264160156,4976400,0.0,0.0,0.10030479702680163,0.010061052306587874
2019-09-18,JNJ,Johnson & Johnson,129.89999389648438,130.55999755859375,128.77999877929688,130.41000366210938,108.18927001953124,4373600,0.0,0.0,0.5690822565368676,0.3238546147050932
2019-09-19,JNJ,Johnson & Johnson,129.6300048828125,131.19000244140625,129.36000061035156,130.11000061035156,107.94039154052734,4730100,0.0,0.0,-0.23030488940058658,0.05304034208181641
2019-09-20,JNJ,Johnson & Johnson,131.0,132.0,130.2899932861328,131.64999389648438,109.21796417236328,12053100,0.0,0.0,1.176641227953598,1.384484579320151
2019-09-23,JNJ,Johnson & Johnson,131.02000427246094,132.0500030517578,130.49000549316406,131.74000549316406,109.29266357421876,5183700,0.0,0.0,0.06837141564762614,0.004674650477660456
2019-09-24,JNJ,Johnson & Johnson,132.10000610351562,132.77999877929688,131.33999633789062,131.5500030517578,109.13500213623048,7102600,0.0,0.0,-0.14436034451578864,0.020839909068717185
2019-09-25,JNJ,Johnson & Johnson,131.5,131.57000732421875,130.22999572753906,130.99000549316406,108.6704330444336,4522900,0.0,0.0,-0.4265915549184762,0.1819803547277633
2019-09-26,JNJ,Johnson & Johnson,131.08999633789062,131.30999755859375,128.02999877929688,128.85000610351562,106.89508819580078,7545800,0.0,0.0,-1.6471882694558497,2.713229195032957
2019-09-27,JNJ,Johnson & Johnson,128.61000061035156,129.39999389648438,126.6999969482422,128.60000610351562,106.68766784667967,6006500,0.0,0.0,-0.19422955127316627,0.037725118587775525
2019-09-30,JNJ,Johnson & Johnson,129.07000732421875,130.27999877929688,129.0,129.3800048828125,107.3347625732422,6552100,0.0,0.0,0.6046998878647536,0.36566195438364557
2019-10-01,JNJ,Johnson & Johnson,130.02000427246094,130.8000030517578,129.77000427246094,129.99000549316406,107.84081268310548,7673000,0.0,0.0,0.4703610456212183,0.2212395132378858
2019-10-02,JNJ,Johnson & Johnson,132.75999450683594,134.6999969482422,131.22000122070312,132.0,109.50833129882812,12051800,0.0,0.0,1.5344448139422575,2.354520887034289
2019-10-03,JNJ,Johnson & Johnson,131.63999938964844,132.3699951171875,130.00999450683594,131.19000244140625,108.83636474609376,6997600,0.0,0.0,-0.6155117906558675,0.37885476443639243
2019-10-04,JNJ,Johnson & Johnson,131.33999633789062,133.72000122070312,131.25,133.66000366210938,110.8854751586914,7233300,0.0,0.0,1.8652399982820003,3.4791202511910364
2019-10-07,JNJ,Johnson & Johnson,133.08999633789062,133.82000732421875,132.13999938964844,133.16000366210938,110.4706802368164,5427200,0.0,0.0,-0.37477648330335067,0.14045741243722668
2019-10-08,JNJ,Johnson & Johnson,132.4499969482422,133.25999450683594,131.49000549316406,131.83999633789062,109.3755874633789,7870400,0.0,0.0,-0.9962432769173092,0.9925006668029384
2019-10-09,JNJ,Johnson & Johnson,131.13999938964844,131.25,128.52000427246094,129.22000122070312,107.20201873779295,7787700,0.0,0.0,-2.0072635788450635,4.029107074957892
2019-10-10,JNJ,Johnson & Johnson,128.9499969482422,130.1199951171875,128.6300048828125,129.05999755859375,107.0692901611328,5119700,0.0,0.0,-0.12388834913880833,0.015348323052339272
2019-10-11,JNJ,Johnson & Johnson,131.13999938964844,132.6199951171875,130.82000732421875,131.3300018310547,108.95250701904295,7161400,0.0,0.0,1.7435875378707364,3.0400975022181367
2019-10-14,JNJ,Johnson & Johnson,131.36000061035156,131.36000061035156,130.4199981689453,130.72000122070312,108.44644927978516,5700000,0.0,0.0,-0.4655575738852535,0.21674385460192325
2019-10-15,JNJ,Johnson & Johnson,133.0,134.25,132.10000610351562,132.83999633789062,110.20519256591795,10008800,0.0,0.0,1.6087518964545955,2.5880826643462576
2019-10-16,JNJ,Johnson & Johnson,134.89999389648438,136.58999633789062,133.8000030517578,135.1699981689453,112.13819885253906,12434200,0.0,0.0,1.738801388810901,3.0234302697307185
2019-10-17,JNJ,Johnson & Johnson,135.9600067138672,137.49000549316406,135.64999389648438,136.1699981689453,112.9677963256836,8434000,0.0,0.0,0.7370760857404971,0.5432811561705326
2019-10-18,JNJ,Johnson & Johnson,133.30999755859375,134.38999938964844,127.6999969482422,127.6999969482422,105.94100189208984,25868700,0.0,0.0,-6.4220436590237515,41.242644758407174
2019-10-21,JNJ,Johnson & Johnson,128.6699981689453,129.6699981689453,127.05999755859376,128.02000427246094,106.20648193359376,13823600,0.0,0.0,0.2502788864576486,0.06263952100648057
2019-10-22,JNJ,Johnson & Johnson,128.75999450683594,130.5399932861328,128.08999633789062,129.1999969482422,107.1854248046875,7613700,0.0,0.0,0.9175134648583972,0.8418309581964614
2019-10-23,JNJ,Johnson & Johnson,129.66000366210938,130.47999572753906,129.07000732421875,129.89999389648438,107.76614379882812,6693400,0.0,0.0,0.540326745013421,0.29195299137679853
2019-10-24,JNJ,Johnson & Johnson,130.4199981689453,130.5800018310547,126.0999984741211,127.5,105.7751007080078,12111600,0.0,0.0,-1.864839549805452,3.477626546518601
2019-10-25,JNJ,Johnson & Johnson,127.83000183105467,129.10000610351562,127.30999755859376,128.35000610351562,106.48028564453124,6947300,0.0,0.0,0.6644707993126666,0.4415214431392141
2019-10-28,JNJ,Johnson & Johnson,128.6199951171875,130.0,128.50999450683594,129.17999267578125,107.16880798339844,7876300,0.0,0.0,0.644537929720095,0.4154291428478662
2019-10-29,JNJ,Johnson & Johnson,129.6999969482422,129.97000122070312,128.55999755859375,129.1199951171875,107.11904907226562,4506300,0.0,0.0,-0.04644118683235956,0.0021567838343981268
2019-10-30,JNJ,Johnson & Johnson,133.3000030517578,133.52999877929688,131.72999572753906,132.83999633789062,110.20519256591795,9627600,0.0,0.0,2.840319095747957,8.067412565670493
2019-10-31,JNJ,Johnson & Johnson,132.3800048828125,132.83999633789062,130.88999938964844,132.0399932861328,109.54150390625,7686700,0.0,0.0,-0.6040506531949117,0.3648771916251995
2019-11-01,JNJ,Johnson & Johnson,132.0500030517578,133.0,131.13999938964844,131.1999969482422,108.84464263916016,5541800,0.0,0.0,-0.6381939910805301,0.40729157025129575
2019-11-04,JNJ,Johnson & Johnson,131.8000030517578,131.9499969482422,130.08999633789062,130.22999572753906,108.0399169921875,6140300,0.0,0.0,-0.7420808021090828,0.5506839168588596
2019-11-05,JNJ,Johnson & Johnson,130.52999877929688,131.47000122070312,129.67999267578125,130.4199981689453,108.19754028320312,6257300,0.0,0.0,0.14578724788877587,0.021253921646983382
2019-11-06,JNJ,Johnson & Johnson,130.4199981689453,131.47999572753906,129.6999969482422,130.9600067138672,108.64552307128906,5450000,0.0,0.0,0.4131867706516648,0.17072330744155145
2019-11-07,JNJ,Johnson & Johnson,131.72999572753906,132.3800048828125,131.00999450683594,131.42999267578125,109.0354461669922,5873700,0.0,0.0,0.35825227543363,0.12834469285337347
2019-11-08,JNJ,Johnson & Johnson,131.3000030517578,133.0399932861328,130.97000122070312,133.0,110.33794403076172,5003000,0.0,0.0,1.1874851076708617,1.410120880940078
2019-11-11,JNJ,Johnson & Johnson,132.27000427246094,132.52000427246094,131.3300018310547,131.97999572753906,109.4917221069336,4371400,0.0,0.0,-0.769892543228037,0.5927345281181349
2019-11-12,JNJ,Johnson & Johnson,132.0,132.08999633789062,131.02000427246094,131.35000610351562,108.96910095214844,5228700,0.0,0.0,-0.4784584663413979,0.22892250401376257
2019-11-13,JNJ,Johnson & Johnson,131.0399932861328,131.49000549316406,130.72000122070312,131.27000427246094,108.9027099609375,5885400,0.0,0.0,-0.06094500521904319,0.003714293661149202
2019-11-14,JNJ,Johnson & Johnson,131.02999877929688,131.36000061035156,130.13999938964844,130.9600067138672,108.64552307128906,4217500,0.0,0.0,-0.23644136831600807,0.055904520651146185
2019-11-15,JNJ,Johnson & Johnson,131.25,134.97000122070312,130.77999877929688,134.94000244140625,111.94738006591795,10495100,0.0,0.0,2.993843925145972,8.96310144813344
2019-11-18,JNJ,Johnson & Johnson,134.22000122070312,135.69000244140625,132.66000366210938,134.8300018310547,111.85611724853516,9291800,0.0,0.0,-0.08155620759860355,0.006651414997866519
2019-11-19,JNJ,Johnson & Johnson,135.0,135.19000244140625,134.2100067138672,134.82000732421875,111.84780883789062,5192200,0.0,0.0,-0.0074280418709682175,5.517580603685702e-05
2019-11-20,JNJ,Johnson & Johnson,135.11000061035156,136.33999633789062,134.07000732421875,135.94000244140625,112.7769775390625,7594400,0.0,0.0,0.8273120841757933,0.6844452846232949
2019-11-21,JNJ,Johnson & Johnson,135.94000244140625,136.85000610351562,135.0,136.44000244140625,113.19178771972656,6424900,0.0,0.0,0.3671398090174891,0.13479163936539837
2019-11-22,JNJ,Johnson & Johnson,136.64999389648438,138.6300048828125,136.5,138.07000732421875,114.54403686523438,9235800,0.0,0.0,1.18757340052898,1.410330581643965
2019-11-25,JNJ,Johnson & Johnson,137.05999755859375,137.64999389648438,136.24000549316406,137.17999267578125,114.59416961669922,6111900,0.95,0.0,0.04375765441694376,0.0019147323200726775
2019-11-26,JNJ,Johnson & Johnson,136.47000122070312,137.33999633789062,135.14999389648438,137.1699981689453,114.5858383178711,10636500,0.0,0.0,-0.007270528443455264,5.286058384709202e-05
2019-11-27,JNJ,Johnson & Johnson,137.16000366210938,138.25,136.89999389648438,137.75,115.0703353881836,5523000,0.0,0.0,0.4219331719028886,0.17802760155203254
2019-11-29,JNJ,Johnson & Johnson,137.60000610351562,138.27000427246094,136.94000244140625,137.49000549316406,114.85315704345705,3278900,0.0,0.0,-0.18891363124244917,0.035688360069208065
2019-12-02,JNJ,Johnson & Johnson,137.72000122070312,137.85000610351562,136.85000610351562,137.36000061035156,114.74453735351562,4717100,0.0,0.0,-0.09461741184304598,0.008952454623876577
2019-12-03,JNJ,Johnson & Johnson,136.91000366210938,137.4499969482422,136.16000366210938,137.16000366210938,114.57746887207033,5741400,0.0,0.0,-0.14570647950696375,0.021230378170313247
2019-12-04,JNJ,Johnson & Johnson,138.5,139.74000549316406,138.0399932861328,139.3800048828125,116.43195343017578,7257300,0.0,0.0,1.6055833380157634,2.577897855313841
2019-12-05,JNJ,Johnson & Johnson,139.35000610351562,139.75,137.9499969482422,139.55999755859375,116.5823211669922,5472900,0.0,0.0,0.12906312967223596,0.016657291440792393
2019-12-06,JNJ,Johnson & Johnson,139.4600067138672,141.5800018310547,139.4600067138672,140.3800048828125,117.2673110961914,6640400,0.0,0.0,0.585839611280047,0.3432080501447566
2019-12-09,JNJ,Johnson & Johnson,140.38999938964844,140.80999755859375,140.05999755859375,140.5,117.36756134033205,4241000,0.0,0.0,0.08545213181646627,0.007302066831978727
2019-12-10,JNJ,Johnson & Johnson,140.8000030517578,141.0,139.91000366210938,139.99000549316406,116.9415054321289,5310300,0.0,0.0,-0.3636704150145435,0.1322561707568503
2019-12-11,JNJ,Johnson & Johnson,140.92999267578125,141.97999572753906,140.6300048828125,140.97999572753906,117.76853942871094,6631500,0.0,0.0,0.7047311672826381,0.4966460181395496
2019-12-12,JNJ,Johnson & Johnson,141.32000732421875,142.05999755859375,140.72999572753906,141.33999633789062,118.06925201416016,5012400,0.0,0.0,0.25501659134379095,0.06503346186060607
2019-12-13,JNJ,Johnson & Johnson,141.10000610351562,141.8000030517578,140.30999755859375,141.3800048828125,118.1026611328125,4257200,0.0,0.0,0.02829220327687163,0.0008004487662598259
2019-12-16,JNJ,Johnson & Johnson,141.72999572753906,142.85000610351562,141.49000549316406,141.7899932861328,118.44515991210938,5353100,0.0,0.0,0.28958120782992686,0.08385727592823929
2019-12-17,JNJ,Johnson & Johnson,143.0,144.0500030517578,142.52000427246094,143.55999755859375,119.92376708984376,10722400,0.0,0.0,1.240619875347322,1.539137675106805
2019-12-18,JNJ,Johnson & Johnson,143.72000122070312,143.8800048828125,142.74000549316406,143.19000244140625,119.61465454101562,7849200,0.0,0.0,-0.2580903041009919,0.06661060507094246
2019-12-19,JNJ,Johnson & Johnson,143.88999938964844,145.8800048828125,143.61000061035156,145.35000610351562,121.41903686523438,9414700,0.0,0.0,1.497231379528734,2.241701803845516
2019-12-20,JNJ,Johnson & Johnson,146.8800048828125,147.83999633789062,144.8000030517578,146.05999755859375,122.01213073730467,14532800,0.0,0.0,0.487279465035127,0.23744127704491955
2019-12-23,JNJ,Johnson & Johnson,145.74000549316406,146.75999450683594,145.33999633789062,146.44000244140625,122.32958221435548,6558700,0.0,0.0,0.2598423755241788,0.06751806011804837
2019-12-24,JNJ,Johnson & Johnson,146.0,146.00999450683594,145.25999450683594,145.92999267578125,121.90357971191406,4238900,0.0,0.0,-0.3488493790969204,0.12169588929630687
2019-12-26,JNJ,Johnson & Johnson,145.97000122070312,146.17999267578125,145.16000366210938,145.8300018310547,121.82001495361328,3019300,0.0,0.0,-0.06857338674167104,0.004702309369222786
2019-12-27,JNJ,Johnson & Johnson,146.1999969482422,146.5500030517578,145.5399932861328,145.75,121.75318908691406,3432700,0.0,0.0,-0.05487128080377592,0.003010857457046828
2019-12-30,JNJ,Johnson & Johnson,145.77999877929688,146.1999969482422,145.02999877929688,145.3000030517578,121.37728881835938,2923300,0.0,0.0,-0.3092171506495125,0.09561524625580331
2019-12-31,JNJ,Johnson & Johnson,145.10000610351562,146.00999450683594,144.77999877929688,145.8699951171875,121.85345458984376,4435000,0.0,0.0,0.391534699200897,0.1532994206783369
2020-01-02,JNJ,Johnson & Johnson,145.8699951171875,146.02000427246094,145.0800018310547,145.97000122070312,121.9369888305664,5777000,0.0,0.0,0.06852954760639716,0.004696298895137455
2020-01-03,JNJ,Johnson & Johnson,143.5,145.3699951171875,143.0,144.27999877929688,120.52521514892578,5752400,0.0,0.0,-1.1645440925576804,1.3561629435109914
2020-01-06,JNJ,Johnson & Johnson,144.0,144.1999969482422,142.85000610351562,144.10000610351562,120.37484741210938,7731300,0.0,0.0,-0.12483828750091037,0.015584598026159956
2020-01-07,JNJ,Johnson & Johnson,144.00999450683594,145.4499969482422,141.3800048828125,144.97999572753906,121.1099624633789,7382900,0.0,0.0,0.6088311081669031,0.3706753182717393
2020-01-08,JNJ,Johnson & Johnson,144.8699951171875,145.97999572753906,143.6999969482422,144.9600067138672,121.09323120117188,6605800,0.0,0.0,-0.013815889031441729,0.00019087878972911187
2020-01-09,JNJ,Johnson & Johnson,145.75999450683594,146.02999877929688,144.99000549316406,145.38999938964844,121.45244598388672,6112700,0.0,0.0,0.29620403836520776,0.08773683234385747
2020-01-10,JNJ,Johnson & Johnson,145.75,146.17999267578125,144.89999389648438,145.05999755859375,121.17678833007812,5042600,0.0,0.0,-0.2272255222607583,0.05163143796667436
2020-01-13,JNJ,Johnson & Johnson,145.47999572753906,145.7899932861328,144.72000122070312,145.6999969482422,121.71138763427734,4593200,0.0,0.0,0.4402027108632669,0.19377842665136896
2020-01-14,JNJ,Johnson & Johnson,145.0500030517578,146.61000061035156,144.72999572753906,146.52000427246094,122.3964385986328,7037500,0.0,0.0,0.5612706264491113,0.31502471611457783
2020-01-15,JNJ,Johnson & Johnson,146.39999389648438,147.39999389648438,146.24000549316406,147.00999450683594,122.80572509765624,4960300,0.0,0.0,0.33383627042031194,0.11144665544814364
2020-01-16,JNJ,Johnson & Johnson,147.4199981689453,148.83999633789062,146.1999969482422,148.1999969482422,123.79985809326172,6476000,0.0,0.0,0.8062578049134749,0.6500516479838949
2020-01-17,JNJ,Johnson & Johnson,148.41000366210938,149.41000366210938,147.92999267578125,149.1699981689453,124.61009216308594,9083600,0.0,0.0,0.6523385574924622,0.42554559359134636
2020-01-21,JNJ,Johnson & Johnson,148.5800018310547,150.1699981689453,148.5,149.27000427246094,124.69365692138672,9543900,0.0,0.0,0.0670385116447494,0.0044941620435432015
2020-01-22,JNJ,Johnson & Johnson,146.6999969482422,149.17999267578125,146.0,148.25,123.84153747558594,10305300,0.0,0.0,-0.6857159902840385,0.4702064193312196
2020-01-23,JNJ,Johnson & Johnson,148.0399932861328,148.77000427246094,146.75999450683594,148.52999877929688,124.0754623413086,8671900,0.0,0.0,0.18871229913008328,0.03561233184296203
2020-01-24,JNJ,Johnson & Johnson,148.5800018310547,148.9499969482422,147.92999267578125,148.32000732421875,123.90007019042967,9051900,0.0,0.0,-0.1414592628038134,0.020010723032998348
2020-01-27,JNJ,Johnson & Johnson,147.52000427246094,149.4600067138672,147.0,148.75,124.2592315673828,7587100,0.0,0.0,0.28946054021402434,0.0837874043409948
2020-01-28,JNJ,Johnson & Johnson,148.4600067138672,150.57000732421875,148.14999389648438,149.5,124.88578033447266,7336600,0.0,0.0,0.5029601701578879,0.2529689327652515
2020-01-29,JNJ,Johnson & Johnson,149.4499969482422,151.19000244140625,149.1300048828125,150.5399932861328,125.75452423095705,6288600,0.0,0.0,0.6932224065064824,0.4805573048826387
2020-01-30,JNJ,Johnson & Johnson,150.02999877929688,150.50999450683594,149.0500030517578,150.36000061035156,125.60417175292967,6470600,0.0,0.0,-0.11963182365392937,0.014311773230764853
2020-01-31,JNJ,Johnson & Johnson,149.75,150.0,148.63999938964844,148.8699951171875,124.3594741821289,8651700,0.0,0.0,-0.9959111085589023,0.9918389361510217
2020-02-03,JNJ,Johnson & Johnson,149.4199981689453,150.49000549316406,149.24000549316406,150.1699981689453,125.44546508789062,5765200,0.0,0.0,0.8694766008829214,0.7559895594829191
2020-02-04,JNJ,Johnson & Johnson,151.49000549316406,152.75,151.1999969482422,151.60000610351562,126.64002227783205,6541400,0.0,0.0,0.947746848826209,0.898224089460009
2020-02-05,JNJ,Johnson & Johnson,151.72000122070312,154.02000427246094,151.30999755859375,153.99000549316406,128.6365203857422,5979900,0.0,0.0,1.5642164337233453,2.446773051530181
2020-02-06,JNJ,Johnson & Johnson,154.25,154.5,152.74000549316406,153.52999877929688,128.2522735595703,6201200,0.0,0.0,-0.2991544370880729,0.08949337722948175
2020-02-07,JNJ,Johnson & Johnson,153.33999633789062,153.4600067138672,151.5500030517578,151.88999938964844,126.88227081298828,5700300,0.0,0.0,-1.073955639927566,1.1533807165322278
2020-02-10,JNJ,Johnson & Johnson,151.67999267578125,151.91000366210938,150.88999938964844,151.86000061035156,126.8572006225586,4835600,0.0,0.0,-0.019760575971436364,0.0003904803627229082
2020-02-11,JNJ,Johnson & Johnson,152.2899932861328,152.3800048828125,151.5399932861328,151.99000549316406,126.96583557128906,3715300,0.0,0.0,0.08559897241220889,0.007327184078026098
2020-02-12,JNJ,Johnson & Johnson,151.8699951171875,152.14999389648438,150.9199981689453,151.08999633789062,126.21400451660156,5166800,0.0,0.0,-0.5939124255566866,0.3527319692306267
2020-02-13,JNJ,Johnson & Johnson,150.16000366210938,151.0399932861328,149.8800048828125,150.08999633789062,125.3786392211914,5480200,0.0,0.0,-0.6640642213018982,0.4409812900132965
2020-02-14,JNJ,Johnson & Johnson,150.55999755859375,150.63999938964844,149.14999389648438,150.1300048828125,125.41200256347656,5716300,0.0,0.0,0.026606529051133407,0.000707907388148806
2020-02-18,JNJ,Johnson & Johnson,150.47000122070312,150.74000549316406,149.05999755859375,149.13999938964844,124.58502960205078,7230700,0.0,0.0,-0.6615886361855824,0.4376995235298989
2020-02-19,JNJ,Johnson & Johnson,149.2100067138672,149.75999450683594,148.5800018310547,148.94000244140625,124.41796875,6115200,0.0,0.0,-0.13418382768313866,0.01800529961169825
2020-02-20,JNJ,Johnson & Johnson,148.61000061035156,149.3800048828125,147.39999389648438,148.3699951171875,123.94182586669922,7464700,0.0,0.0,-0.3834303916907129,0.1470188652720935
2020-02-21,JNJ,Johnson & Johnson,148.08999633789062,150.24000549316406,147.5399932861328,149.92999267578125,125.24495697021484,7776800,0.0,0.0,1.0459166158296558,1.0939415672685597
2020-02-24,JNJ,Johnson & Johnson,146.5,149.0,145.25,145.91000366210938,122.66409301757812,10588900,0.95,0.0,-2.0821806997750127,4.335476466515562
2020-02-25,JNJ,Johnson & Johnson,145.99000549316406,146.75,143.8300018310547,144.64999389648438,121.60480499267578,10529000,0.0,0.0,-0.8673184951980174,0.7522413721125534
2020-02-26,JNJ,Johnson & Johnson,145.35000610351562,146.22000122070312,143.58999633789062,143.67999267578125,120.78933715820312,10093800,0.0,0.0,-0.6728470446884233,0.45272314554594506
2020-02-27,JNJ,Johnson & Johnson,142.55999755859375,144.77000427246094,138.9499969482422,139.1199951171875,116.9558334350586,12566700,0.0,0.0,-3.225164152522918,10.401683810718874
2020-02-28,JNJ,Johnson & Johnson,135.36000061035156,137.2899932861328,130.82000732421875,134.47999572753906,113.0550537109375,19820300,0.0,0.0,-3.3921470471441757,11.506661589448951
2020-03-02,JNJ,Johnson & Johnson,134.77999877929688,140.1300048828125,134.00999450683594,140.02000427246094,117.71246337890624,11508200,0.0,0.0,4.036999867966496,16.297367933961503
2020-03-03,JNJ,Johnson & Johnson,140.0,140.99000549316406,133.10000610351562,135.58999633789062,113.98821258544922,13662500,0.0,0.0,-3.2149855054626433,10.336131800334888
2020-03-04,JNJ,Johnson & Johnson,137.67999267578125,143.63999938964844,137.13999938964844,143.47999572753906,120.62120056152344,10560500,0.0,0.0,5.656001655225988,31.990354723919115
2020-03-05,JNJ,Johnson & Johnson,140.8000030517578,142.67999267578125,139.83999633789062,142.00999450683594,119.38542175292967,11339200,0.0,0.0,-1.0297963594939386,1.0604805420269692
2020-03-06,JNJ,Johnson & Johnson,138.47999572753906,143.00999450683594,137.41000366210938,142.02999877929688,119.40221405029295,12239100,0.0,0.0,0.014064628877854478,0.00019781378547177809
2020-03-09,JNJ,Johnson & Johnson,136.3300018310547,139.67999267578125,134.89999389648438,136.44000244140625,114.70278930664062,13848600,0.0,0.0,-4.015340180237851,16.12295676303254
2020-03-10,JNJ,Johnson & Johnson,139.97000122070312,141.9499969482422,134.22999572753906,141.63999938964844,119.07435607910156,12698100,0.0,0.0,3.7403796861541307,13.990440196594474
2020-03-11,JNJ,Johnson & Johnson,138.08999633789062,138.75,131.5,131.8000030517578,110.8020248413086,17763400,0.0,0.0,-7.200309009327007,51.84444982979566
2020-03-12,JNJ,Johnson & Johnson,127.30999755859376,133.75999450683594,124.5,125.41000366210938,105.4300537109375,21539200,0.0,0.0,-4.969731385209253,24.698230041133883
2020-03-13,JNJ,Johnson & Johnson,129.32000732421875,134.9199981689453,124.6500015258789,134.2899932861328,112.89533233642578,20084200,0.0,0.0,6.841339192147021,46.803921942006845
2020-03-16,JNJ,Johnson & Johnson,123.56999969482422,133.75999450683594,122.43000030517578,127.12999725341795,106.87603759765624,18877900,0.0,0.0,-5.479149123075369,30.021075112897584
2020-03-17,JNJ,Johnson & Johnson,128.5500030517578,136.77000427246094,127.80999755859376,136.58999633789062,114.8289031982422,18911800,0.0,0.0,7.1773586490366155,51.51447717690071
2020-03-18,JNJ,Johnson & Johnson,131.02000427246094,135.6699981689453,128.7100067138672,134.9600067138672,113.45861053466795,17521100,0.0,0.0,-1.2005116693991664,1.4412282683635735
2020-03-19,JNJ,Johnson & Johnson,134.99000549316406,134.99000549316406,126.1500015258789,127.0500030517578,106.80876922607422,18482300,0.0,0.0,-6.0398073508533585,36.479272835422265
2020-03-20,JNJ,Johnson & Johnson,126.83000183105467,127.44000244140624,118.12999725341795,119.88999938964844,100.78948974609376,19785100,0.0,0.0,-5.800595020470491,33.64690259150705
2020-03-23,JNJ,Johnson & Johnson,117.0,118.55999755859376,109.16000366210938,111.13999938964844,93.43350219726562,20815200,0.0,0.0,-7.578410498801176,57.432305688339895
2020-03-24,JNJ,Johnson & Johnson,118.76000213623048,119.6500015258789,113.86000061035156,119.18000030517578,100.19261932373048,17604800,0.0,0.0,6.984454967296393,48.782611190191254
2020-03-25,JNJ,Johnson & Johnson,118.91000366210938,123.95999908447266,116.6999969482422,119.4000015258789,100.3775863647461,13986100,0.0,0.0,0.18444124621267208,0.034018573304483525
2020-03-26,JNJ,Johnson & Johnson,120.56999969482422,127.0999984741211,120.37999725341795,126.56999969482422,106.40528106689452,15066800,0.0,0.0,5.831627080707439,34.007874408440365
2020-03-27,JNJ,Johnson & Johnson,121.6500015258789,127.62000274658205,120.58000183105467,123.16000366210938,103.53852081298828,12133200,0.0,0.0,-2.7311484532195736,7.459171873523669
2020-03-30,JNJ,Johnson & Johnson,128.4600067138672,133.99000549316406,127.5,133.00999450683594,111.81925201416016,21754000,0.0,0.0,7.694002114966296,59.19766854510584
2020-03-31,JNJ,Johnson & Johnson,134.99000549316406,135.7100067138672,130.0500030517578,131.1300048828125,110.23878479003906,15746100,0.0,0.0,-1.423496248846164,2.0263415704791
2020-04-01,JNJ,Johnson & Johnson,127.6999969482422,130.22999572753906,125.5,128.80999755859375,108.28836822509766,12606100,0.0,0.0,-1.7851038930403458,3.1865959089477984
2020-04-02,JNJ,Johnson & Johnson,129.1199951171875,134.0,127.22000122070312,133.14999389648438,111.93695831298828,11594500,0.0,0.0,3.31380956558338,10.98133383695191
2020-04-03,JNJ,Johnson & Johnson,132.3800048828125,134.7899932861328,131.5800018310547,134.1699981689453,112.79444885253906,10071200,0.0,0.0,0.7631284935204055,0.5823650976227235
2020-04-06,JNJ,Johnson & Johnson,137.00999450683594,140.97000122070312,135.5399932861328,139.75999450683594,117.49385833740234,14994400,0.0,0.0,4.081893719639316,16.66185633843089
2020-04-07,JNJ,Johnson & Johnson,139.86000061035156,142.02999877929688,137.25999450683594,137.47999572753906,115.57711791992188,11567100,0.0,0.0,-1.6448067973189286,2.7053894005065513
2020-04-08,JNJ,Johnson & Johnson,137.75,144.1300048828125,137.3000030517578,143.25999450683594,120.43628692626952,10758200,0.0,0.0,4.11828791217518,16.960295327568204
2020-04-09,JNJ,Johnson & Johnson,144.00999450683594,145.4199981689453,140.27999877929688,141.22999572753906,118.72967529296876,11125400,0.0,0.0,-1.4271601059406083,2.036785967988408
2020-04-13,JNJ,Johnson & Johnson,140.0,141.49000549316406,137.83999633789062,139.77000427246094,117.50225830078124,8153200,0.0,0.0,-1.0391719857720654,1.0798784160134576
2020-04-14,JNJ,Johnson & Johnson,145.4199981689453,147.4199981689453,144.0500030517578,146.02999877929688,122.76492309570312,13838000,0.0,0.0,4.381377938566968,19.196472640561332
2020-04-15,JNJ,Johnson & Johnson,145.5500030517578,147.91000366210938,143.5399932861328,147.66000366210938,124.13528442382812,11962300,0.0,0.0,1.1100641944985936,1.2322425159078114
2020-04-16,JNJ,Johnson & Johnson,148.30999755859375,150.67999267578125,146.44000244140625,149.6699981689453,125.82502746582033,12181700,0.0,0.0,1.3520296636983338,1.8279842115202296
2020-04-17,JNJ,Johnson & Johnson,151.99000549316406,152.3000030517578,149.60000610351562,152.02000427246094,127.8006362915039,10920000,0.0,0.0,1.557924978952426,2.427130240043917
2020-04-20,JNJ,Johnson & Johnson,150.92999267578125,153.0,150.08999633789062,151.6699981689453,127.5063934326172,12226200,0.0,0.0,-0.2305012826969436,0.053130841324936305
2020-04-21,JNJ,Johnson & Johnson,150.1199951171875,151.63999938964844,148.57000732421875,149.67999267578125,125.83341979980467,9951100,0.0,0.0,-1.32075407393314,1.7443913238109863
2020-04-22,JNJ,Johnson & Johnson,152.80999755859375,155.0,151.72999572753906,152.99000549316406,128.61610412597656,11515600,0.0,0.0,2.1873063276881335,4.784308971144548
2020-04-23,JNJ,Johnson & Johnson,154.25,157.0,153.6999969482422,155.50999450683594,130.734619140625,10665000,0.0,0.0,1.6337429941282522,2.669116170863146
2020-04-24,JNJ,Johnson & Johnson,155.57000732421875,156.3000030517578,153.63999938964844,154.86000061035156,130.18817138671875,8653400,0.0,0.0,-0.41885843066378703,0.1754423849381305
2020-04-27,JNJ,Johnson & Johnson,154.80999755859375,156.0500030517578,154.0,154.2899932861328,129.708984375,8924000,0.0,0.0,-0.36875167279469195,0.13597779618888356
2020-04-28,JNJ,Johnson & Johnson,151.25,153.10000610351562,150.6999969482422,151.38999938964844,127.27101135253906,8558700,0.0,0.0,-1.897459887103513,3.6003540231668767
2020-04-29,JNJ,Johnson & Johnson,151.3800048828125,151.6300048828125,149.16000366210938,150.24000549316406,126.30422973632812,9285200,0.0,0.0,-0.7625242089564341,0.5814431692446357
2020-04-30,JNJ,Johnson & Johnson,148.4600067138672,150.42999267578125,147.16000366210938,150.0399932861328,126.13607025146484,14829600,0.0,0.0,-0.13322715092975218,0.017749473744858968
2020-05-01,JNJ,Johnson & Johnson,149.6199951171875,149.6699981689453,146.7899932861328,148.2899932861328,124.66487884521484,7309000,0.0,0.0,-1.1732079055374163,1.376416789615491
2020-05-04,JNJ,Johnson & Johnson,148.77000427246094,149.0800018310547,147.08999633789062,148.27000427246094,124.6480712890625,7198400,0.0,0.0,-0.013483099188196125,0.00018179396371873502
2020-05-05,JNJ,Johnson & Johnson,149.0,150.77999877929688,148.63999938964844,149.5,125.68209838867188,6562300,0.0,0.0,0.8261353251662326,0.6824995754875168
2020-05-06,JNJ,Johnson & Johnson,150.0,150.32000732421875,148.0399932861328,148.0800018310547,124.48834991455078,6191600,0.0,0.0,-0.9543553546764915,0.9107941429996919
2020-05-07,JNJ,Johnson & Johnson,149.3699951171875,149.52999877929688,147.1300048828125,147.58999633789062,124.07642364501952,5570500,0.0,0.0,-0.33144410668833546,0.1098551958584287
2020-05-08,JNJ,Johnson & Johnson,148.9199981689453,149.17999267578125,147.88999938964844,148.6999969482422,125.00959777832033,4712100,0.0,0.0,0.7492821105320413,0.5614236811633502
2020-05-11,JNJ,Johnson & Johnson,148.4499969482422,150.10000610351562,148.1199951171875,149.11000061035156,125.35425567626952,5887500,0.0,0.0,0.2753257795921349,0.07580428490801684
2020-05-12,JNJ,Johnson & Johnson,150.10000610351562,150.33999633789062,147.02999877929688,147.13999938964844,123.6980972290039,7039200,0.0,0.0,-1.329987723929304,1.7688673458026507
2020-05-13,JNJ,Johnson & Johnson,146.0800018310547,148.9499969482422,146.00999450683594,147.1300048828125,123.68972778320312,6970500,0.0,0.0,-0.006766255213699247,4.5782209616912244e-05
2020-05-14,JNJ,Johnson & Johnson,145.38999938964844,147.75999450683594,144.25999450683594,147.63999938964844,124.1184310913086,6871400,0.0,0.0,0.34599646575998844,0.11971355431840285
2020-05-15,JNJ,Johnson & Johnson,147.8699951171875,150.47999572753906,145.66000366210938,150.44000244140625,126.47238159179688,10340400,0.0,0.0,1.8787757749767386,3.529798412639445
2020-05-18,JNJ,Johnson & Johnson,152.49000549316406,153.6199951171875,150.4600067138672,150.52000427246094,126.53961181640624,7388400,0.0,0.0,0.0531439045920679,0.0028242745952908157
2020-05-19,JNJ,Johnson & Johnson,150.10000610351562,151.10000610351562,148.39999389648438,149.02000427246094,125.27857971191406,6107300,0.0,0.0,-1.0015500770818033,1.0031025569025662
2020-05-20,JNJ,Johnson & Johnson,149.75,150.38999938964844,147.27000427246094,147.67999267578125,124.15206909179688,5713400,0.0,0.0,-0.9032717389314832,0.8158998343523055
2020-05-21,JNJ,Johnson & Johnson,148.5,148.5,145.82000732421875,146.7100067138672,123.33661651611328,6487300,0.0,0.0,-0.6589840862143456,0.434260025883756
2020-05-22,JNJ,Johnson & Johnson,144.57000732421875,146.2899932861328,144.05999755859375,144.3699951171875,122.2107391357422,6140900,1.01,0.0,-0.9170412506080429,0.8409646553167632
2020-05-26,JNJ,Johnson & Johnson,146.19000244140625,146.44000244140625,144.3000030517578,144.55999755859375,122.37164306640624,7072300,0.0,0.0,0.13157444328421877,0.0173118341255521
2020-05-27,JNJ,Johnson & Johnson,144.32000732421875,145.25,143.00999450683594,144.88999938964844,122.65093231201172,7950000,0.0,0.0,0.22797031345437074,0.05197046381648405
2020-05-28,JNJ,Johnson & Johnson,146.02000427246094,148.11000061035156,145.80999755859375,146.97000122070312,124.41168975830078,6189600,0.0,0.0,1.425377293036381,2.031700427503721
2020-05-29,JNJ,Johnson & Johnson,147.9600067138672,149.35000610351562,145.3300018310547,148.75,125.91846466064452,8504000,0.0,0.0,1.2038446611775577,1.4492419682457087
2020-06-01,JNJ,Johnson & Johnson,147.2899932861328,148.33999633789062,146.00999450683594,147.19000244140625,124.5979232788086,6141800,0.0,0.0,-1.0542652510016837,1.1114752194696431
2020-06-02,JNJ,Johnson & Johnson,147.05999755859375,148.35000610351562,146.1199951171875,148.25,125.4952163696289,6078300,0.0,0.0,0.7175702158531174,0.5149070146794895
2020-06-03,JNJ,Johnson & Johnson,148.52000427246094,149.13999938964844,146.4499969482422,148.64999389648438,125.83386993408205,6339500,0.0,0.0,0.2694903119966962,0.07262502826007666
2020-06-04,JNJ,Johnson & Johnson,146.8000030517578,148.3699951171875,145.5800018310547,146.72999572753906,124.2085418701172,8170500,0.0,0.0,-1.30006021324935,1.6901565580739453
2020-06-05,JNJ,Johnson & Johnson,147.69000244140625,149.63999938964844,146.60000610351562,147.3000030517578,124.6910400390625,9725400,0.0,0.0,0.38770557156895286,0.15031561022560844
2020-06-08,JNJ,Johnson & Johnson,145.8800048828125,147.61000061035156,145.74000549316406,146.77000427246094,124.2423858642578,7555600,0.0,0.0,-0.36046156434503446,0.1299325393700694
2020-06-09,JNJ,Johnson & Johnson,148.25,149.3300018310547,145.64999389648438,145.9600067138672,123.55667114257812,8247200,0.0,0.0,-0.5534455863229676,0.30630201702037335
2020-06-10,JNJ,Johnson & Johnson,146.60000610351562,150.02999877929688,146.60000610351562,147.8000030517578,125.11431121826172,10137100,0.0,0.0,1.2527882692194647,1.569478447493902
2020-06-11,JNJ,Johnson & Johnson,148.5800018310547,149.1699981689453,140.75,140.8699951171875,119.24797821044922,11913300,0.0,0.0,-4.802263374274205,23.061733515895476
2020-06-12,JNJ,Johnson & Johnson,142.83999633789062,143.7100067138672,140.27999877929688,142.14999389648438,120.33151245117188,8687400,0.0,0.0,0.9045362150903372,0.8181857644099528
2020-06-15,JNJ,Johnson & Johnson,141.0,142.39999389648438,139.38999938964844,141.25,119.56964874267578,8649600,0.0,0.0,-0.6351501309409638,0.4034156888343235
2020-06-16,JNJ,Johnson & Johnson,144.08999633789062,145.4199981689453,142.77000427246094,144.4600067138672,122.28693389892578,7579100,0.0,0.0,2.2471164253067366,5.049532228883327
2020-06-17,JNJ,Johnson & Johnson,144.89999389648438,145.4199981689453,143.47000122070312,144.02000427246094,121.91448211669922,5100100,0.0,0.0,-0.3050367824239398,0.09304743863154998
2020-06-18,JNJ,Johnson & Johnson,142.52000427246094,144.1199951171875,141.8699951171875,143.41000366210938,121.39810180664062,4797400,0.0,0.0,-0.4244590041454382,0.1801654462001371
2020-06-19,JNJ,Johnson & Johnson,145.7899932861328,145.8800048828125,143.25,143.8300018310547,121.75365447998048,12206900,0.0,0.0,0.29245351313693446,0.0855290573461351
2020-06-22,JNJ,Johnson & Johnson,143.47000122070312,143.66000366210938,142.02999877929688,143.38999938964844,121.38118743896484,5285600,0.0,0.0,-0.3063874592784745,0.09387327520311886
2020-06-23,JNJ,Johnson & Johnson,143.74000549316406,144.0800018310547,142.67999267578125,142.86000061035156,120.93254089355467,5921600,0.0,0.0,-0.3703026330088455,0.13712404001328374
2020-06-24,JNJ,Johnson & Johnson,141.49000549316406,142.19000244140625,138.72000122070312,139.82000732421875,118.3591537475586,8211200,0.0,0.0,-2.1509199163427266,4.626456486519802
2020-06-25,JNJ,Johnson & Johnson,140.57000732421875,140.57000732421875,137.5399932861328,139.6699981689453,118.23216247558594,7421200,0.0,0.0,-0.10735075673569561,0.011524184971726496
2020-06-26,JNJ,Johnson & Johnson,139.52999877929688,139.60000610351562,137.02000427246094,137.80999755859375,116.6576690673828,12849700,0.0,0.0,-1.3406429559538404,1.797323535348651
2020-06-29,JNJ,Johnson & Johnson,138.74000549316406,139.6999969482422,137.97999572753906,139.0399932861328,117.69884490966795,5309800,0.0,0.0,0.8885459804787905,0.7895139594250152
2020-06-30,JNJ,Johnson & Johnson,139.39999389648438,141.02000427246094,137.83999633789062,140.6300048828125,119.04483032226562,7738300,0.0,0.0,1.1370947199038237,1.2929844020331553
2020-07-01,JNJ,Johnson & Johnson,140.69000244140625,141.38999938964844,140.05999755859375,140.3800048828125,118.83317565917967,6174800,0.0,0.0,-0.17795232313861592,0.03166702931043038
2020-07-02,JNJ,Johnson & Johnson,141.25,141.83999633789062,140.3300018310547,140.97000122070312,119.3326187133789,5152200,0.0,0.0,0.4194084945149803,0.17590348527132227
2020-07-06,JNJ,Johnson & Johnson,142.1699981689453,143.77000427246094,141.8800048828125,142.97999572753906,121.03409576416016,6156400,0.0,0.0,1.4157579798908495,2.004370657624619
2020-07-07,JNJ,Johnson & Johnson,141.38999938964844,143.97000122070312,141.22999572753906,142.85000610351562,120.92406463623048,5622600,0.0,0.0,-0.09095054726189347,0.008272002047237919
2020-07-08,JNJ,Johnson & Johnson,142.8699951171875,143.38999938964844,141.6999969482422,143.27000427246094,121.27960968017578,6257400,0.0,0.0,0.2935919947024122,0.08619625935334124
2020-07-09,JNJ,Johnson & Johnson,142.75999450683594,144.42999267578125,140.5800018310547,142.49000549316406,120.61931610107422,5738600,0.0,0.0,-0.545926540925468,0.29803578808684666
2020-07-10,JNJ,Johnson & Johnson,142.75,142.8699951171875,141.42999267578125,142.3699951171875,120.51774597167967,4282400,0.0,0.0,-0.08424265812011947,0.00709682544714333
2020-07-13,JNJ,Johnson & Johnson,143.61000061035156,146.63999938964844,143.27999877929688,145.2100067138672,122.9218292236328,6951900,0.0,0.0,1.9751607005233005,3.901259792891695
2020-07-14,JNJ,Johnson & Johnson,145.32000732421875,148.38999938964844,145.25999450683594,147.9199981689453,125.21588134765624,7447100,0.0,0.0,1.8490679878845093,3.419052423819268
2020-07-15,JNJ,Johnson & Johnson,149.72999572753906,150.2100067138672,148.22999572753906,148.25999450683594,125.50367736816406,8512800,0.0,0.0,0.22957614346866073,0.0527052056499431
2020-07-16,JNJ,Johnson & Johnson,148.67999267578125,149.33999633789062,146.67999267578125,149.25,126.34172058105467,9304700,0.0,0.0,0.6655244153351547,0.4429227474071995
2020-07-17,JNJ,Johnson & Johnson,150.0,150.5800018310547,148.69000244140625,149.35000610351562,126.42637634277344,7441100,0.0,0.0,0.06698295070797998,0.0044867156855476755
2020-07-20,JNJ,Johnson & Johnson,150.22999572753906,150.32000732421875,148.42999267578125,149.60000610351562,126.6380386352539,6191500,0.0,0.0,0.16727941923852305,0.027982404100777555
2020-07-21,JNJ,Johnson & Johnson,149.60000610351562,151.6699981689453,149.5,149.74000549316406,126.7565460205078,5575900,0.0,0.0,0.09353585362135551,0.008748955912675644
2020-07-22,JNJ,Johnson & Johnson,149.92999267578125,150.41000366210938,147.85000610351562,150.00999450683594,126.98507690429688,5910200,0.0,0.0,0.1801288593858521,0.03244640598364808
2020-07-23,JNJ,Johnson & Johnson,150.2100067138672,150.85000610351562,149.27999877929688,149.61000061035156,126.64646911621094,6566300,0.0,0.0,-0.26700778713756085,0.071293158392097
2020-07-24,JNJ,Johnson & Johnson,150.5,150.60000610351562,147.02999877929688,148.1199951171875,125.38520050048828,5405900,0.0,0.0,-1.0008894095728538,1.0017796101950958
2020-07-27,JNJ,Johnson & Johnson,147.3699951171875,148.9199981689453,146.86000061035156,147.17999267578125,124.58943176269533,5675200,0.0,0.0,-0.636681745437504,0.40536364497334665
2020-07-28,JNJ,Johnson & Johnson,147.39999389648438,147.99000549316406,146.75,146.8300018310547,124.29318237304688,4842200,0.0,0.0,-0.23806365952205333,0.05667430598503213
2020-07-29,JNJ,Johnson & Johnson,146.38999938964844,147.47000122070312,146.07000732421875,146.5399932861328,124.04768371582033,4489100,0.0,0.0,-0.19771110656369156,0.0390896816586394
2020-07-30,JNJ,Johnson & Johnson,147.44000244140625,147.5,146.13999938964844,146.83999633789062,124.30165100097656,5922500,0.0,0.0,0.20452430361853016,0.04183019077064471
2020-07-31,JNJ,Johnson & Johnson,146.66000366210938,147.4499969482422,143.9600067138672,145.75999450683594,123.38737487792967,8259600,0.0,0.0,-0.7382485132064645,0.5450108672515553
2020-08-03,JNJ,Johnson & Johnson,146.38999938964844,147.7899932861328,146.14999389648438,147.35000610351562,124.7333526611328,4078700,0.0,0.0,1.0849484439247097,1.177113125974649
2020-08-04,JNJ,Johnson & Johnson,146.99000549316406,147.22000122070312,145.82000732421875,147.22000122070312,124.62332916259766,4162200,0.0,0.0,-0.08824588526793824,0.007787336266722119
2020-08-05,JNJ,Johnson & Johnson,149.10000610351562,149.30999755859375,147.8000030517578,148.39999389648438,125.62220001220705,5467500,0.0,0.0,0.7983168832755214,0.6373098461227424
2020-08-06,JNJ,Johnson & Johnson,148.39999389648438,149.25,146.5,147.5500030517578,124.90265655517578,4837900,0.0,0.0,-0.5744303742593211,0.32997025487170367
2020-08-07,JNJ,Johnson & Johnson,147.50999450683594,148.64999389648438,147.14999389648438,148.60000610351562,125.7914810180664,3635100,0.0,0.0,0.7090937153687903,0.502813897175515
2020-08-10,JNJ,Johnson & Johnson,148.86000061035156,149.00999450683594,147.72000122070312,148.02999877929688,125.30902862548828,4096600,0.0,0.0,-0.38427081405515234,0.14766405853460945
2020-08-11,JNJ,Johnson & Johnson,149.13999938964844,149.22999572753906,146.3699951171875,146.97000122070312,124.41168975830078,6388400,0.0,0.0,-0.7186770367017004,0.5164966830823372
2020-08-12,JNJ,Johnson & Johnson,147.5399932861328,150.24000549316406,147.49000549316406,149.66000366210938,126.68880462646484,5257300,0.0,0.0,1.8137577139632255,3.2897170449611055
2020-08-13,JNJ,Johnson & Johnson,148.5399932861328,149.19000244140625,147.52999877929688,148.0,125.2835922241211,5155500,0.0,0.0,-1.1153816752464771,1.2440762814756379
2020-08-14,JNJ,Johnson & Johnson,147.61000061035156,149.33999633789062,147.5800018310547,148.24000549316406,125.48676300048828,4240200,0.0,0.0,0.16203735137605102,0.026256103240965823
2020-08-17,JNJ,Johnson & Johnson,148.32000732421875,150.22999572753906,148.22999572753906,148.99000549316406,126.12165069580078,4306900,0.0,0.0,0.5046643977130123,0.25468615431903746
2020-08-18,JNJ,Johnson & Johnson,149.25999450683594,150.10000610351562,148.57000732421875,150.08999633789062,127.05280303955078,4322600,0.0,0.0,0.7355849127855174,0.5410851639176772
2020-08-19,JNJ,Johnson & Johnson,149.5800018310547,151.5800018310547,149.32000732421875,150.38999938964844,127.30673217773438,7816300,0.0,0.0,0.19966165005260578,0.03986477450172921
2020-08-20,JNJ,Johnson & Johnson,149.75,151.5800018310547,149.5500030517578,151.4199981689453,128.1786346435547,4874700,0.0,0.0,0.6825485636438791,0.4658725417323224
2020-08-21,JNJ,Johnson & Johnson,151.77999877929688,153.64999389648438,150.58999633789062,152.75999450683594,129.31300354003906,6722800,0.0,0.0,0.8810975324939839,0.776332861766987
2020-08-24,JNJ,Johnson & Johnson,152.74000549316406,152.89999389648438,150.35000610351562,152.14999389648438,129.6538848876953,5387900,1.01,0.0,0.26326264844536756,0.06930722206646919
2020-08-25,JNJ,Johnson & Johnson,152.77999877929688,153.07000732421875,151.5399932861328,152.05999755859375,129.57716369628906,3863500,0.0,0.0,-0.05919136157905394,0.003503617285582303
2020-08-26,JNJ,Johnson & Johnson,151.86000061035156,152.64999389648438,150.63999938964844,152.3000030517578,129.7816619873047,8008300,0.0,0.0,0.15769529558530238,0.024867806249735887
2020-08-27,JNJ,Johnson & Johnson,152.4199981689453,153.25999450683594,151.88999938964844,152.97999572753906,130.361083984375,5575400,0.0,0.0,0.4454653948345101,0.19843941799506595
2020-08-28,JNJ,Johnson & Johnson,152.74000549316406,153.6999969482422,151.89999389648438,153.63999938964844,130.9235382080078,5395700,0.0,0.0,0.43053057443743387,0.18535657552542678
2020-08-31,JNJ,Johnson & Johnson,153.0,154.39999389648438,152.25999450683594,153.41000366210938,130.7275390625,6362700,0.0,0.0,-0.14981721780989127,0.022445198752296402
2020-09-01,JNJ,Johnson & Johnson,153.8699951171875,154.0800018310547,150.07000732421875,151.52000427246094,129.11700439453125,6307700,0.0,0.0,-1.2396298729145292,1.536682221822092
2020-09-02,JNJ,Johnson & Johnson,150.7899932861328,154.3300018310547,149.25,153.8300018310547,131.08544921875,6881900,0.0,0.0,1.5130390582689153,2.289287191847286
2020-09-03,JNJ,Johnson & Johnson,154.8300018310547,155.47000122070312,148.3000030517578,149.5500030517578,127.438232421875,8672800,0.0,0.0,-2.821759904817246,7.962328960434234
2020-09-04,JNJ,Johnson & Johnson,150.1699981689453,150.9499969482422,147.1300048828125,148.58999633789062,126.6202163696289,7200100,0.0,0.0,-0.6439611695394377,0.4146859878746004
2020-09-08,JNJ,Johnson & Johnson,150.25,150.88999938964844,146.89999389648438,147.25999450683594,125.4868621826172,8756800,0.0,0.0,-0.8991114637103453,0.8084014241753597
2020-09-09,JNJ,Johnson & Johnson,148.14999389648438,151.10000610351562,148.1199951171875,149.6999969482422,127.56610107421876,6960700,0.0,0.0,1.6433600764534109,2.7006323408809605
2020-09-10,JNJ,Johnson & Johnson,149.25,149.77999877929688,146.52000427246094,146.91000366210938,125.18862915039062,6191800,0.0,0.0,-1.8813036993819205,3.5393036093081
2020-09-11,JNJ,Johnson & Johnson,147.0500030517578,148.52999877929688,146.6300048828125,147.77999877929688,125.9299774169922,3934700,0.0,0.0,0.5904384628916136,0.3486175784618114
2020-09-14,JNJ,Johnson & Johnson,148.1199951171875,149.47000122070312,148.00999450683594,148.35000610351562,126.41568756103516,4375800,0.0,0.0,0.3849566775029007,0.1481916435540723
2020-09-15,JNJ,Johnson & Johnson,149.4499969482422,150.58999633789062,148.52000427246094,148.88999938964844,126.8758544921875,3658800,0.0,0.0,0.36335002242457554,0.13202323879593955
2020-09-16,JNJ,Johnson & Johnson,149.38999938964844,150.05999755859375,148.35000610351562,148.39999389648438,126.4582977294922,4323000,0.0,0.0,-0.32964930875775467,0.10866866676446547
2020-09-17,JNJ,Johnson & Johnson,148.0399932861328,148.6300048828125,146.0500030517578,147.1699981689453,125.41016387939452,5461400,0.0,0.0,-0.8322915015464007,0.6927091435463624
2020-09-18,JNJ,Johnson & Johnson,146.50999450683594,149.64999389648438,146.1999969482422,149.17999267578125,127.12294006347656,12174000,0.0,0.0,1.35649736295302,1.840085095698497
2020-09-21,JNJ,Johnson & Johnson,147.5800018310547,147.92999267578125,142.9600067138672,145.10000610351562,123.64627075195312,7574500,0.0,0.0,-2.772981641027695,7.689427181476649
2020-09-22,JNJ,Johnson & Johnson,144.69000244140625,145.35000610351562,143.72000122070312,144.2100067138672,122.88777923583984,5295900,0.0,0.0,-0.6153258824523714,0.3786259416157896
2020-09-23,JNJ,Johnson & Johnson,147.47999572753906,147.5500030517578,144.3800048828125,144.44000244140625,123.08380889892578,8784400,0.0,0.0,0.15939215262621984,0.025405858318820158
2020-09-24,JNJ,Johnson & Johnson,144.55999755859375,145.25,143.33999633789062,144.6699981689453,123.27978515625,5614800,0.0,0.0,0.1590951775261673,0.02531127551208269
2020-09-25,JNJ,Johnson & Johnson,144.0,146.25,143.88999938964844,145.66000366210938,124.12345123291016,5531200,0.0,0.0,0.6820196528042671,0.4651508068112531
2020-09-28,JNJ,Johnson & Johnson,146.72999572753906,148.2899932861328,146.4199981689453,147.11000061035156,125.35903930664062,5843200,0.0,0.0,0.9905289733916899,0.9811476471283951
2020-09-29,JNJ,Johnson & Johnson,147.60000610351562,147.9199981689453,146.05999755859375,147.05999755859375,125.31641387939452,6768600,0.0,0.0,-0.03400845764128581,0.001156575191139131
2020-09-30,JNJ,Johnson & Johnson,147.4499969482422,149.72999572753906,146.83999633789062,148.8800048828125,126.86729431152344,8487700,0.0,0.0,1.2299763495258358,1.512841820392901
2020-10-01,JNJ,Johnson & Johnson,149.30999755859375,149.64999389648438,146.4600067138672,147.32000732421875,125.53800964355467,6457800,0.0,0.0,-1.0533035058202573,1.1094482753732449
2020-10-02,JNJ,Johnson & Johnson,146.2100067138672,148.41000366210938,145.8300018310547,146.24000549316406,124.61766815185548,5485600,0.0,0.0,-0.7358183130597948,0.5414285898341622
2020-10-05,JNJ,Johnson & Johnson,147.0,148.3800048828125,146.4199981689453,148.22999572753906,126.31339263916016,4992800,0.0,0.0,1.351566677720637,1.8267324843248003
2020-10-06,JNJ,Johnson & Johnson,148.27999877929688,148.61000061035156,145.8699951171875,146.25999450683594,124.63468933105467,5118200,0.0,0.0,-1.337908889768252,1.7900001973209168
2020-10-07,JNJ,Johnson & Johnson,146.49000549316406,148.22999572753906,145.80999755859375,147.8800048828125,126.01519012451172,5603100,0.0,0.0,1.1015483076960373,1.2134086741880037
2020-10-08,JNJ,Johnson & Johnson,148.5,149.85000610351562,148.0399932861328,148.88999938964844,126.8758544921875,4413500,0.0,0.0,0.6806628458299718,0.463301909693356
2020-10-09,JNJ,Johnson & Johnson,149.64999389648438,151.47999572753906,149.4499969482422,150.97000122070312,128.64834594726562,5054100,0.0,0.0,1.3873596960389125,1.9247669261931837
2020-10-12,JNJ,Johnson & Johnson,151.60000610351562,153.13999938964844,151.02000427246094,151.83999633789062,129.3897247314453,7273200,0.0,0.0,0.5746290245053077,0.33019851580392157
2020-10-13,JNJ,Johnson & Johnson,149.0,150.1199951171875,147.77000427246094,148.36000061035156,126.4241943359375,11057600,0.0,0.0,-2.3186097610995366,5.375951224266051
2020-10-14,JNJ,Johnson & Johnson,148.82000732421875,149.02999877929688,147.38999938964844,148.10000610351562,126.20263671875,7706400,0.0,0.0,-0.1754031217243766,0.030766255110656476
2020-10-15,JNJ,Johnson & Johnson,147.47999572753906,147.89999389648438,146.3300018310547,147.19000244140625,125.42720794677734,5978600,0.0,0.0,-0.6163269127430111,0.37985886337133123
2020-10-16,JNJ,Johnson & Johnson,147.60000610351562,148.75999450683594,147.00999450683594,148.10000610351562,126.20263671875,6097000,0.0,0.0,0.6163269127429978,0.3798588633713148
2020-10-19,JNJ,Johnson & Johnson,148.52999877929688,148.89999389648438,144.1300048828125,144.32000732421875,122.9815444946289,7250800,0.0,0.0,-2.5854543708906563,6.684574303957599
2020-10-20,JNJ,Johnson & Johnson,144.66000366210938,145.75,144.1199951171875,144.5500030517578,123.17755126953124,5325400,0.0,0.0,0.1592521419683099,0.025361244721494727
2020-10-21,JNJ,Johnson & Johnson,144.1199951171875,145.33999633789062,143.91000366210938,143.92999267578125,122.64920806884766,5221300,0.0,0.0,-0.42985069292609845,0.184771618209047
2020-10-22,JNJ,Johnson & Johnson,144.16000366210938,145.69000244140625,143.83999633789062,145.0800018310547,123.62918090820312,5279700,0.0,0.0,0.7958294802812828,0.6333445616847766
2020-10-23,JNJ,Johnson & Johnson,145.8800048828125,147.47000122070312,144.35000610351562,145.24000549316406,123.7655029296875,4154400,0.0,0.0,0.11020611531901145,0.01214538785370725
2020-10-26,JNJ,Johnson & Johnson,144.42999267578125,144.77000427246094,142.75,143.97000122070312,122.68331909179688,6929500,0.0,0.0,-0.8782276048998061,0.77128372600805
2020-10-27,JNJ,Johnson & Johnson,143.74000549316406,144.2899932861328,142.9199981689453,143.14999389648438,121.98456573486328,4890100,0.0,0.0,-0.5711867392717165,0.3262542911198558
2020-10-28,JNJ,Johnson & Johnson,141.42999267578125,141.97999572753906,138.17999267578125,138.36000061035156,117.90275573730467,8426100,0.0,0.0,-3.403434557596817,11.583366787844241
2020-10-29,JNJ,Johnson & Johnson,138.0,138.6999969482422,136.0500030517578,137.19000244140625,116.90575408935548,7205400,0.0,0.0,-0.849209119629781,0.7211561288623877
2020-10-30,JNJ,Johnson & Johnson,136.67999267578125,137.5399932861328,133.64999389648438,137.11000061035156,116.83759307861328,7364100,0.0,0.0,-0.058321242935931,0.0034013673775918816
2020-11-02,JNJ,Johnson & Johnson,138.97999572753906,139.00999450683594,137.49000549316406,138.69000244140625,118.18399810791016,7088000,0.0,0.0,1.1457838851065052,1.3128207113697572
2020-11-03,JNJ,Johnson & Johnson,140.02000427246094,140.9600067138672,137.77999877929688,138.5,118.02208709716795,6363000,0.0,0.0,-0.1370930270151674,0.01879449805618142
2020-11-04,JNJ,Johnson & Johnson,139.49000549316406,142.5399932861328,138.6999969482422,139.39999389648438,118.78899383544922,10263500,0.0,0.0,0.6476972414568861,0.41951171659085984
2020-11-05,JNJ,Johnson & Johnson,140.5500030517578,141.8300018310547,139.25999450683594,139.75999450683594,119.0957489013672,8016200,0.0,0.0,0.25790240468315706,0.06651365034135491
2020-11-06,JNJ,Johnson & Johnson,140.39999389648438,143.19000244140625,139.64999389648438,142.25,121.21761322021484,5942500,0.0,0.0,1.765960447503483,3.1186163021467017
2020-11-09,JNJ,Johnson & Johnson,148.42999267578125,148.99000549316406,144.9199981689453,146.0800018310547,124.4813461303711,12351600,0.0,0.0,2.6568487725045826,7.058845399959107
2020-11-10,JNJ,Johnson & Johnson,147.25,148.75,146.25999450683594,148.27999877929688,126.35603332519533,7386500,0.0,0.0,1.4947709185154419,2.234340098839498
2020-11-11,JNJ,Johnson & Johnson,149.1699981689453,149.1999969482422,146.86000061035156,147.8000030517578,125.94703674316406,6382400,0.0,0.0,-0.3242108311851981,0.10511266305779703
2020-11-12,JNJ,Johnson & Johnson,147.61000061035156,148.64999389648438,146.75,148.3000030517578,126.3730697631836,4710300,0.0,0.0,0.3376928067913891,0.11403643175864643
2020-11-13,JNJ,Johnson & Johnson,149.08999633789062,150.41000366210938,148.41000366210938,149.89999389648438,127.7365264892578,5893500,0.0,0.0,1.0731352385077828,1.1516192401271559
2020-11-16,JNJ,Johnson & Johnson,150.9199981689453,151.3000030517578,149.8000030517578,150.85000610351562,128.5460662841797,6266400,0.0,0.0,0.6317576848850539,0.39911777241132307
2020-11-17,JNJ,Johnson & Johnson,150.0,150.6300048828125,149.1199951171875,149.35000610351562,127.26783752441406,7297700,0.0,0.0,-0.9993509960184825,0.9987024132431331
2020-11-18,JNJ,Johnson & Johnson,148.8699951171875,149.75999450683594,147.3699951171875,147.3699951171875,125.58061981201172,6661000,0.0,0.0,-1.334588134718445,1.7811254893312582
2020-11-19,JNJ,Johnson & Johnson,147.3000030517578,147.4600067138672,145.58999633789062,147.13999938964844,125.38455963134766,7987700,0.0,0.0,-0.15624495875076902,0.024412487135029512
2020-11-20,JNJ,Johnson & Johnson,147.0500030517578,147.94000244140625,146.1300048828125,146.36000061035156,124.7199249267578,6354900,0.0,0.0,-0.531486886613946,0.28247831064258555
2020-11-23,JNJ,Johnson & Johnson,146.00999450683594,146.00999450683594,143.0399932861328,143.8699951171875,123.45000457763672,7318300,1.01,0.0,-1.0234369942984793,1.0474232812987057
2020-11-24,JNJ,Johnson & Johnson,144.0,144.75999450683594,143.61000061035156,143.8699951171875,123.45000457763672,11034800,0.0,0.0,0.0,0.0
2020-11-25,JNJ,Johnson & Johnson,144.05999755859375,144.1699981689453,142.86000061035156,143.67999267578125,123.28697204589844,7594600,0.0,0.0,-0.13215089014688325,0.017463857766613605
2020-11-27,JNJ,Johnson & Johnson,144.5,144.66000366210938,143.22000122070312,144.0,123.5615234375,3059000,0.0,0.0,0.22244535400146875,0.04948193551683875
2020-11-30,JNJ,Johnson & Johnson,144.22999572753906,144.86000061035156,143.05999755859375,144.67999267578125,124.14500427246094,15663200,0.0,0.0,0.4711074185353912,0.22194219979908023
2020-12-01,JNJ,Johnson & Johnson,146.2899932861328,149.1300048828125,145.86000061035156,147.4499969482422,126.52183532714844,9738200,0.0,0.0,1.8964632857783044,3.5965729943050424
2020-12-02,JNJ,Johnson & Johnson,147.85000610351562,149.7100067138672,147.6999969482422,148.13999938964844,127.11392211914062,7745500,0.0,0.0,0.466880437889154,0.2179773432835682
2020-12-03,JNJ,Johnson & Johnson,148.0399932861328,149.5800018310547,147.69000244140625,149.0,127.85186767578124,7310500,0.0,0.0,0.5788601034020863,0.335079019310674
2020-12-04,JNJ,Johnson & Johnson,149.7899932861328,150.30999755859375,149.27000427246094,150.27000427246094,128.94163513183594,6747100,0.0,0.0,0.8487551174272658,0.7203852493589719
2020-12-07,JNJ,Johnson & Johnson,149.35000610351562,149.91000366210938,148.50999450683594,148.97000122070312,127.82611846923828,6634700,0.0,0.0,-0.8688970209350632,0.7549820329898276
2020-12-08,JNJ,Johnson & Johnson,150.0,152.13999938964844,149.5500030517578,151.5500030517578,130.03994750976562,8339800,0.0,0.0,1.7170800857186783,2.9483640207716637
2020-12-09,JNJ,Johnson & Johnson,152.8300018310547,153.5,151.75999450683594,153.10000610351562,131.36993408203125,8440100,0.0,0.0,1.0175575919123776,1.035423452858517
2020-12-10,JNJ,Johnson & Johnson,152.82000732421875,152.97999572753906,151.67999267578125,152.25,130.64056396484375,7392900,0.0,0.0,-0.5567502116534897,0.3099707981762056
2020-12-11,JNJ,Johnson & Johnson,151.52999877929688,153.41000366210938,151.22999572753906,152.9499969482422,131.24122619628906,5977400,0.0,0.0,0.458728561765305,0.21043189337926527
2020-12-14,JNJ,Johnson & Johnson,153.25,153.47999572753906,148.99000549316406,149.07000732421875,127.91194915771484,8547300,0.0,0.0,-2.569492120460942,6.602289757110868
2020-12-15,JNJ,Johnson & Johnson,150.0,150.75,149.52999877929688,150.57000732421875,129.1990509033203,7612600,0.0,0.0,1.0012115367565846,1.0024245413344817
2020-12-16,JNJ,Johnson & Johnson,150.1999969482422,150.9199981689453,149.5500030517578,149.6699981689453,128.4267578125,8486100,0.0,0.0,-0.5995481648827439,0.3594580020142658
2020-12-17,JNJ,Johnson & Johnson,150.08999633789062,153.88999938964844,149.9600067138672,153.6199951171875,131.8161163330078,9920300,0.0,0.0,2.6049129572455505,6.785571514825759
2020-12-18,JNJ,Johnson & Johnson,153.64999389648438,155.10000610351562,151.6699981689453,154.50999450683594,132.57981872558594,17137200,0.0,0.0,0.5776976233440297,0.3337345440173405
2020-12-21,JNJ,Johnson & Johnson,152.00999450683594,153.41000366210938,150.0500030517578,153.02000427246094,131.30128479003906,7893400,0.0,0.0,-0.9690303119366273,0.9390197454519971
2020-12-22,JNJ,Johnson & Johnson,152.39999389648438,153.89999389648438,151.86000061035156,152.72000122070312,131.04388427734375,4699500,0.0,0.0,-0.19623048231209914,0.03850640218843905
2020-12-23,JNJ,Johnson & Johnson,152.8000030517578,153.60000610351562,151.89999389648438,151.94000244140625,130.37457275390625,4607300,0.0,0.0,-0.5120625326369765,0.26220803733059467
2020-12-24,JNJ,Johnson & Johnson,151.85000610351562,153.0399932861328,151.82000732421875,152.47000122070312,130.82936096191406,2114900,0.0,0.0,0.3482249758676314,0.12126063381801247
2020-12-28,JNJ,Johnson & Johnson,153.32000732421875,153.8699951171875,152.3000030517578,153.19000244140625,131.44717407226562,3855500,0.0,0.0,0.4711166806990357,0.22195092683287712
2020-12-29,JNJ,Johnson & Johnson,154.11000061035156,154.92999267578125,153.8000030517578,154.13999938964844,132.26229858398438,5212000,0.0,0.0,0.6182008552745646,0.38217229746220316
2020-12-30,JNJ,Johnson & Johnson,154.74000549316406,156.3800048828125,154.60000610351562,156.0500030517578,133.9012451171875,5412800,0.0,0.0,1.231549013403913,1.5167129724161517
2020-12-31,JNJ,Johnson & Johnson,156.52999877929688,157.66000366210938,155.11000061035156,157.3800048828125,135.04248046875,5099900,0.0,0.0,0.84868475664044,0.7202658161538428
2021-01-04,JNJ,Johnson & Johnson,157.24000549316406,157.3800048828125,154.1300048828125,156.5,134.287353515625,11765900,0.0,0.0,-0.5607465913572606,0.31443673971878655
2021-01-05,JNJ,Johnson & Johnson,156.25,158.75999450683594,155.07000732421875,158.33999633789062,135.86619567871094,9602300,0.0,0.0,1.1688612963663305,1.3662367301431788
2021-01-06,JNJ,Johnson & Johnson,157.24000549316406,160.22999572753906,156.72000122070312,159.8300018310547,137.14471435546875,8230100,0.0,0.0,0.9366131361022793,0.8772441667193467
2021-01-07,JNJ,Johnson & Johnson,159.0,161.02999877929688,158.35000610351562,160.3699951171875,137.6080780029297,7747200,0.0,0.0,0.33729527025620165,0.11376809933720411
2021-01-08,JNJ,Johnson & Johnson,160.50999450683594,161.10000610351562,159.8800048828125,160.0399932861328,137.32492065429688,8228900,0.0,0.0,-0.20598287592466344,0.04242894517419529
2021-01-11,JNJ,Johnson & Johnson,160.55999755859375,161.32000732421875,158.77000427246094,159.3699951171875,136.7500457763672,7066200,0.0,0.0,-0.41950253865326226,0.1759823799365318
2021-01-12,JNJ,Johnson & Johnson,159.14999389648438,159.66000366210938,157.3300018310547,158.1300048828125,135.68603515625,6903200,0.0,0.0,-0.7811124182973336,0.6101366100183087
2021-01-13,JNJ,Johnson & Johnson,158.22999572753906,158.4600067138672,156.75,157.88999938964844,135.4800567626953,6643100,0.0,0.0,-0.1519204939771635,0.023079836490265373
2021-01-14,JNJ,Johnson & Johnson,160.4499969482422,161.9499969482422,159.61000061035156,160.64999389648438,137.8483123779297,10030800,0.0,0.0,1.7329448018210742,3.0030976861586822
2021-01-15,JNJ,Johnson & Johnson,160.3000030517578,161.41000366210938,159.11000061035156,160.3000030517578,137.5480194091797,7630800,0.0,0.0,-0.21808067363525535,0.04755918021320676
2021-01-19,JNJ,Johnson & Johnson,162.0,163.0399932861328,161.10000610351562,162.77999877929688,139.676025390625,9057600,0.0,0.0,1.5352548373165396,2.3570074155038343
2021-01-20,JNJ,Johnson & Johnson,163.1999969482422,164.13999938964844,161.8000030517578,162.3800048828125,139.33279418945312,6839900,0.0,0.0,-0.24603621837539,0.060533820752462594
2021-01-21,JNJ,Johnson & Johnson,161.32000732421875,162.47999572753906,160.05999755859375,161.72999572753906,138.77503967285156,6818000,0.0,0.0,-0.4011071940338442,0.16088698110570396
2021-01-22,JNJ,Johnson & Johnson,162.36000061035156,165.16000366210938,161.8699951171875,163.5500030517578,140.33673095703125,8137000,0.0,0.0,1.11905533612863,1.252284845317961
2021-01-25,JNJ,Johnson & Johnson,165.00999450683594,166.08999633789062,163.66000366210938,165.97999572753906,142.42184448242188,9924400,0.0,0.0,1.4748633660727302,2.175221948583384
2021-01-26,JNJ,Johnson & Johnson,169.6999969482422,173.64999389648438,169.38999938964844,170.47999572753906,146.28311157226562,14205700,0.0,0.0,2.675047492224536,7.155879085656779
2021-01-27,JNJ,Johnson & Johnson,169.1199951171875,170.9199981689453,167.4499969482422,167.8800048828125,144.05213928222656,14207300,0.0,0.0,-1.53685520091456,2.3619239085781323
2021-01-28,JNJ,Johnson & Johnson,168.1999969482422,170.86000061035156,167.8000030517578,169.16000366210938,145.15049743652344,8944400,0.0,0.0,0.7595805126004859,0.5769625551224169
2021-01-29,JNJ,Johnson & Johnson,164.25999450683594,166.0,160.5500030517578,163.1300048828125,139.97634887695312,22505900,0.0,0.0,-3.6297645771535456,13.175190885558658
2021-02-01,JNJ,Johnson & Johnson,165.30999755859375,165.30999755859375,162.60000610351562,162.7100067138672,139.61598205566406,9971400,0.0,0.0,-0.2577803329885511,0.06645070007568828
2021-02-02,JNJ,Johnson & Johnson,163.3800048828125,163.66000366210938,161.17999267578125,161.25,138.36318969726562,11443300,0.0,0.0,-0.9013631003142111,0.8124554386080466
2021-02-03,JNJ,Johnson & Johnson,160.94000244140625,161.52000427246094,159.57000732421875,160.5,137.71966552734375,8601900,0.0,0.0,-0.4661827586898204,0.21732636449965131
2021-02-04,JNJ,Johnson & Johnson,161.0,162.08999633789062,159.75999450683594,161.99000549316406,138.9981689453125,7758100,0.0,0.0,0.9240550163827645,0.8538776733021513
2021-02-05,JNJ,Johnson & Johnson,164.86000061035156,165.44000244140625,163.86000061035156,164.4499969482422,141.10899353027344,9495300,0.0,0.0,1.507183553682159,2.271602264489981
2021-02-08,JNJ,Johnson & Johnson,165.02999877929688,165.9199981689453,163.8800048828125,164.9199981689453,141.51226806640625,6035300,0.0,0.0,0.2853817915557604,0.08144276695157547
2021-02-09,JNJ,Johnson & Johnson,165.1999969482422,166.58999633789062,164.97000122070312,166.27000427246094,142.67068481445312,5544200,0.0,0.0,0.8152657663361177,0.6646582697596173
2021-02-10,JNJ,Johnson & Johnson,167.88999938964844,167.94000244140625,165.6999969482422,166.80999755859375,143.13400268554688,5921300,0.0,0.0,0.3242202085683368,0.1051187436440958
2021-02-11,JNJ,Johnson & Johnson,167.0,167.3800048828125,165.60000610351562,166.05999755859375,142.49046325683594,4871300,0.0,0.0,-0.45062002343161256,0.20305840551750706
2021-02-12,JNJ,Johnson & Johnson,164.39999389648438,166.85000610351562,164.0,166.5800018310547,142.9366912841797,4413100,0.0,0.0,0.3126740983052431,0.09776509175099683
2021-02-16,JNJ,Johnson & Johnson,166.5800018310547,167.0500030517578,164.63999938964844,165.07000732421875,141.6409912109375,5656100,0.0,0.0,-0.9106188619186409,0.8292267116820009
2021-02-17,JNJ,Johnson & Johnson,164.97000122070312,166.08999633789062,164.36000061035156,165.66000366210938,142.147216796875,6676700,0.0,0.0,0.3567633246130916,0.12728006978898618
2021-02-18,JNJ,Johnson & Johnson,164.9600067138672,166.16000366210938,164.3000030517578,165.74000549316406,142.21592712402344,5189100,0.0,0.0,0.048325762289888115,0.0023353793008987723
2021-02-19,JNJ,Johnson & Johnson,165.60000610351562,165.9600067138672,162.91000366210938,162.97999572753906,139.8476104736328,8190900,0.0,0.0,-1.67931830389145,2.8201099657848565
2021-02-22,JNJ,Johnson & Johnson,161.8699951171875,162.5399932861328,160.2899932861328,161.8699951171875,139.76126098632812,6447100,1.01,0.0,-0.06176448522459782,0.0038148516350595624
2021-02-23,JNJ,Johnson & Johnson,161.47999572753906,163.19000244140625,160.39999389648438,160.44000244140625,138.526611328125,7042800,0.0,0.0,-0.887324157326098,0.78734416017447
2021-02-24,JNJ,Johnson & Johnson,162.39999389648438,164.38999938964844,160.9199981689453,162.58999633789062,140.38294982910156,10286100,0.0,0.0,1.3311597529414714,1.7719862878511992
2021-02-25,JNJ,Johnson & Johnson,163.1300048828125,163.6999969482422,161.99000549316406,162.75999450683594,140.5297393798828,9719700,0.0,0.0,0.10450903058531848,0.010922137473883034
2021-02-26,JNJ,Johnson & Johnson,162.0,162.41000366210938,157.97000122070312,158.4600067138672,136.81704711914062,14417500,0.0,0.0,-2.677452369062011,7.168751188595775
2021-03-01,JNJ,Johnson & Johnson,161.4499969482422,161.52999877929688,159.08999633789062,159.32000732421875,137.5595703125,10551400,0.0,0.0,0.5412451053378281,0.2929462640521566
2021-03-02,JNJ,Johnson & Johnson,159.77999877929688,160.77999877929688,158.60000610351562,159.02000427246094,137.300537109375,7610900,0.0,0.0,-0.1884837215860039,0.03552611330291024
2021-03-03,JNJ,Johnson & Johnson,158.25,158.89999389648438,156.05999755859375,156.22000122070312,134.88299560546875,8499600,0.0,0.0,-1.77645212876101,3.155782165779524
2021-03-04,JNJ,Johnson & Johnson,155.99000549316406,156.10000610351562,151.47000122070312,153.07000732421875,132.1632537841797,11033200,0.0,0.0,-2.0369773911479223,4.149276892047796
2021-03-05,JNJ,Johnson & Johnson,153.97999572753906,156.69000244140625,153.1300048828125,156.10000610351562,134.7794189453125,8331600,0.0,0.0,1.9601578867150335,3.8422189408511462
2021-03-08,JNJ,Johnson & Johnson,157.0,159.3300018310547,155.97999572753906,157.39999389648438,135.9017791748047,6546700,0.0,0.0,0.8292904490972444,0.6877226489639092
2021-03-09,JNJ,Johnson & Johnson,156.88999938964844,160.75,156.88999938964844,157.6999969482422,136.1608123779297,7461300,0.0,0.0,0.1904218289760782,0.03626047295059478
2021-03-10,JNJ,Johnson & Johnson,158.82000732421875,159.89999389648438,157.36000061035156,159.14999389648438,137.4127960205078,6635600,0.0,0.0,0.9152873994804174,0.8377510236476251
2021-03-11,JNJ,Johnson & Johnson,159.5399932861328,160.6300048828125,158.9199981689453,159.13999938964844,137.40415954589844,6305600,0.0,0.0,-0.006285256012981234,3.950444314871675e-05
2021-03-12,JNJ,Johnson & Johnson,159.27999877929688,160.30999755859375,159.19000244140625,159.60000610351562,137.80136108398438,5474800,0.0,0.0,0.28865831832083155,0.08332362473581052
2021-03-15,JNJ,Johnson & Johnson,159.75,160.66000366210938,158.5,160.4199981689453,138.5093231201172,5524100,0.0,0.0,0.5124402535492969,0.26259501345766767
2021-03-16,JNJ,Johnson & Johnson,160.4600067138672,161.67999267578125,160.24000549316406,161.3699951171875,139.32957458496094,6369100,0.0,0.0,0.5904528521271867,0.34863457058512937
2021-03-17,JNJ,Johnson & Johnson,160.8300018310547,161.72999572753906,159.52999877929688,160.77000427246094,138.81150817871094,6001400,0.0,0.0,-0.37252102437447454,0.13877191360100785
2021-03-18,JNJ,Johnson & Johnson,160.2100067138672,161.49000549316406,159.9600067138672,160.47000122070312,138.552490234375,4801800,0.0,0.0,-0.18677118956552777,0.034883477251722306
2021-03-19,JNJ,Johnson & Johnson,160.69000244140625,161.5,159.47000122070312,160.0399932861328,138.18124389648438,14891500,0.0,0.0,-0.26830596693788156,0.0719880918944716
2021-03-22,JNJ,Johnson & Johnson,158.30999755859375,160.64999389648438,158.0,160.5,138.5784454345703,7544100,0.0,0.0,0.28703732957595307,0.0823904285700943
2021-03-23,JNJ,Johnson & Johnson,160.2100067138672,161.1999969482422,158.8800048828125,160.35000610351562,138.4489288330078,7178300,0.0,0.0,-0.09350455805416595,0.00874310237690489
2021-03-24,JNJ,Johnson & Johnson,160.10000610351562,162.47999572753906,159.82000732421875,161.91000366210938,139.79588317871094,6370100,0.0,0.0,0.968186869503323,0.9373858142786446
2021-03-25,JNJ,Johnson & Johnson,162.44000244140625,162.4499969482422,160.63999938964844,161.97000122070312,139.84764099121094,6269800,0.0,0.0,0.03701699386363085,0.0013702578347000842
2021-03-26,JNJ,Johnson & Johnson,162.08999633789062,165.10000610351562,161.3800048828125,164.92999267578125,142.40333557128906,7619200,0.0,0.0,1.8109871289301904,3.279674381150814
2021-03-29,JNJ,Johnson & Johnson,163.8300018310547,167.02999877929688,163.6300048828125,166.0399932861328,143.36172485351562,8535100,0.0,0.0,0.6707558118315862,0.44991335910585023
2021-03-30,JNJ,Johnson & Johnson,165.02000427246094,165.66000366210938,164.22999572753906,165.00999450683594,142.472412109375,7236300,0.0,0.0,-0.6222599044037763,0.3872073886285968
2021-03-31,JNJ,Johnson & Johnson,164.9600067138672,165.38999938964844,163.6999969482422,164.35000610351562,141.90257263183594,8281500,0.0,0.0,-0.40076678387105474,0.1606140150543487
2021-04-01,JNJ,Johnson & Johnson,162.60000610351562,163.83999633789062,162.25999450683594,162.8300018310547,140.59017944335938,7229700,0.0,0.0,-0.9291584444448171,0.8633354148831123
2021-04-05,JNJ,Johnson & Johnson,163.63999938964844,164.75,162.66000366210938,163.42999267578125,141.10826110839844,7387100,0.0,0.0,0.3678275592500906,0.1352971133438789
2021-04-06,JNJ,Johnson & Johnson,164.0800018310547,164.52000427246094,163.0,163.38999938964844,141.07366943359375,5074200,0.0,0.0,-0.024517285647256068,0.0006010972955091484
2021-04-07,JNJ,Johnson & Johnson,163.5500030517578,164.27999877929688,163.32000732421875,163.61000061035156,141.26364135742188,4608000,0.0,0.0,0.13457091587701187,0.018109331399977804
2021-04-08,JNJ,Johnson & Johnson,164.0,164.11000061035156,162.85000610351562,162.97000122070312,140.7110595703125,5039400,0.0,0.0,-0.39193764026730427,0.15361511385830282
2021-04-09,JNJ,Johnson & Johnson,162.1199951171875,162.92999267578125,159.77999877929688,161.25,139.22598266601562,8418300,0.0,0.0,-1.0610177376966288,1.1257586397068722
2021-04-12,JNJ,Johnson & Johnson,161.08999633789062,162.0800018310547,160.33999633789062,161.63999938964844,139.5626983642578,5022800,0.0,0.0,0.24155633630772413,0.058349463610410324
2021-04-13,JNJ,Johnson & Johnson,156.86000061035156,159.92999267578125,156.52999877929688,159.47999572753906,137.69773864746094,18424100,0.0,0.0,-1.3452967642097549,1.8098233837932367
2021-04-14,JNJ,Johnson & Johnson,157.8300018310547,160.11000061035156,157.5399932861328,159.9199981689453,138.07765197753906,7718300,0.0,0.0,0.27552391063957576,0.07591342533412493
2021-04-15,JNJ,Johnson & Johnson,160.72000122070312,162.38999938964844,160.22999572753906,160.38999938964844,138.4834442138672,7524600,0.0,0.0,0.2934559727508894,0.08611640794317076
2021-04-16,JNJ,Johnson & Johnson,161.33999633789062,162.50999450683594,160.55999755859375,162.24000549316406,140.0807647705078,9049400,0.0,0.0,1.1468365369064901,1.3152340423836713
2021-04-19,JNJ,Johnson & Johnson,162.5,163.11000061035156,160.83999633789062,162.69000244140625,140.4692840576172,8353500,0.0,0.0,0.27696985767823434,0.07671230206230138
2021-04-20,JNJ,Johnson & Johnson,161.0,167.7899932861328,161.0,166.47999572753906,143.7416229248047,14050700,0.0,0.0,2.3028556607451267,5.303144194225874
2021-04-21,JNJ,Johnson & Johnson,166.3699951171875,166.91000366210938,165.2899932861328,166.58999633789062,143.8366241455078,6333200,0.0,0.0,0.06606982630069276,0.004365221947403713
2021-04-22,JNJ,Johnson & Johnson,165.83999633789062,166.27999877929688,164.6199951171875,165.17999267578125,142.61920166015625,7233000,0.0,0.0,-0.8499948023238295,0.722491163977526
2021-04-23,JNJ,Johnson & Johnson,164.52999877929688,166.05999755859375,164.0,165.52000427246094,142.91275024414062,6015300,0.0,0.0,0.20561529835648557,0.04227765091822658
2021-04-26,JNJ,Johnson & Johnson,165.2100067138672,165.41000366210938,163.75999450683594,164.1199951171875,141.70396423339844,6027800,0.0,0.0,-0.8494183350364304,0.7215115078960614
2021-04-27,JNJ,Johnson & Johnson,163.75999450683594,163.91000366210938,162.47000122070312,163.17999267578125,140.89236450195312,6217700,0.0,0.0,-0.5743896012077593,0.32992341397560876
2021-04-28,JNJ,Johnson & Johnson,162.86000061035156,163.1999969482422,161.64999389648438,161.97999572753906,139.85629272460938,7448000,0.0,0.0,-0.7380811655720552,0.5447638069722035
2021-04-29,JNJ,Johnson & Johnson,161.89999389648438,164.25999450683594,161.80999755859375,164.1999969482422,141.77305603027344,6394300,0.0,0.0,1.3612167273369347,1.8529109787818747
2021-04-30,JNJ,Johnson & Johnson,164.14999389648438,164.3300018310547,162.52000427246094,162.72999572753906,140.50379943847656,9079100,0.0,0.0,-0.8993051477320166,0.8087497487373043
2021-05-03,JNJ,Johnson & Johnson,163.60000610351562,165.32000732421875,163.1199951171875,165.2100067138672,142.64512634277344,6594100,0.0,0.0,1.5125381260926345,2.2877715828838183
2021-05-04,JNJ,Johnson & Johnson,164.8300018310547,167.85000610351562,164.6699981689453,167.77000427246094,144.85545349121094,10179500,0.0,0.0,1.5376460802511067,2.364355468111593
2021-05-05,JNJ,Johnson & Johnson,167.5,168.39999389648438,166.7899932861328,167.07000732421875,144.2510528564453,7792300,0.0,0.0,-0.4181168545256694,0.17482170403843977
2021-05-06,JNJ,Johnson & Johnson,166.7899932861328,167.88999938964844,166.24000549316406,167.74000549316406,144.82955932617188,5529900,0.0,0.0,0.4002393917904244,0.16019157074076884
2021-05-07,JNJ,Johnson & Johnson,168.3000030517578,169.17999267578125,167.8300018310547,168.5,145.48573303222656,5316200,0.0,0.0,0.4520428931548632,0.20434277725181904
2021-05-10,JNJ,Johnson & Johnson,169.89999389648438,171.52999877929688,169.22999572753906,170.27000427246094,147.01397705078125,8357500,0.0,0.0,1.0449637194299832,1.0919491749249448
2021-05-11,JNJ,Johnson & Johnson,170.64999389648438,170.8699951171875,168.27999877929688,168.8800048828125,145.8138427734375,8217900,0.0,0.0,-0.8196905592744653,0.6718926129636857
2021-05-12,JNJ,Johnson & Johnson,168.5399932861328,169.8000030517578,167.9499969482422,168.1999969482422,145.2267303466797,6758300,0.0,0.0,-0.4034579899794408,0.16277834967825058
2021-05-13,JNJ,Johnson & Johnson,166.97000122070312,170.6999969482422,166.97000122070312,169.9600067138672,146.74630737304688,8018600,0.0,0.0,1.0409116942361674,1.0834971551976085
2021-05-14,JNJ,Johnson & Johnson,171.47999572753906,171.61000061035156,170.1699981689453,170.22000122070312,146.97084045410156,5797700,0.0,0.0,0.1528907157474165,0.02337557096175731
2021-05-17,JNJ,Johnson & Johnson,170.39999389648438,171.88999938964844,170.30999755859375,170.38999938964844,147.11761474609375,5722600,0.0,0.0,0.09981643385396105,0.009963320467322182
2021-05-18,JNJ,Johnson & Johnson,169.97999572753906,171.3699951171875,169.52999877929688,170.4499969482422,147.16940307617188,5846000,0.0,0.0,0.03519579694405623,0.0012387441225272379
2021-05-19,JNJ,Johnson & Johnson,169.91000366210938,170.16000366210938,168.0399932861328,170.0800018310547,146.8499298095703,5533800,0.0,0.0,-0.21731454812420445,0.04722561282642717
2021-05-20,JNJ,Johnson & Johnson,169.94000244140625,171.58999633789062,169.69000244140625,171.07000732421875,147.70469665527344,4853200,0.0,0.0,0.5803807974801312,0.336841870083673
2021-05-21,JNJ,Johnson & Johnson,171.3300018310547,172.74000549316406,170.8699951171875,170.9600067138672,147.6097412109375,6501800,0.0,0.0,-0.06430802929545114,0.004135522631864601
2021-05-24,JNJ,Johnson & Johnson,170.89999389648438,171.35000610351562,169.77000427246094,170.5500030517578,148.17446899414062,5195100,1.06,0.0,0.3818516674747574,0.1458106959532527
2021-05-25,JNJ,Johnson & Johnson,170.6699981689453,171.02999877929688,169.74000549316406,170.0800018310547,147.76614379882812,7444700,0.0,0.0,-0.2759509420295826,0.07614892240701406
2021-05-26,JNJ,Johnson & Johnson,170.0,170.0800018310547,168.27999877929688,169.07000732421875,146.88864135742188,5726400,0.0,0.0,-0.5956156694449521,0.3547580256883585
2021-05-27,JNJ,Johnson & Johnson,169.25999450683594,170.1699981689453,168.3800048828125,168.80999755859375,146.66275024414062,8114700,0.0,0.0,-0.15390229059096813,0.0236859150491468
2021-05-28,JNJ,Johnson & Johnson,169.52000427246094,171.00999450683594,169.1699981689453,169.25,147.04502868652344,6400800,0.0,0.0,0.26031224616680676,0.0677624655044082
2021-06-01,JNJ,Johnson & Johnson,170.14999389648438,170.1999969482422,165.3800048828125,165.52999877929688,143.81309509277344,10448400,0.0,0.0,-2.2224351704759515,4.939218086968472
2021-06-02,JNJ,Johnson & Johnson,165.3000030517578,166.72999572753906,165.11000061035156,166.1999969482422,144.39517211914062,6806000,0.0,0.0,0.4039286058103053,0.16315831859185703
2021-06-03,JNJ,Johnson & Johnson,165.88999938964844,167.14999389648438,165.7100067138672,166.0399932861328,144.25616455078125,5808800,0.0,0.0,-0.09631521593425355,0.009276620820461889
2021-06-04,JNJ,Johnson & Johnson,167.00999450683594,167.57000732421875,165.8699951171875,165.97000122070312,144.19532775878906,6510300,0.0,0.0,-0.04218164545250037,0.001779291213080445
2021-06-07,JNJ,Johnson & Johnson,166.0,166.32000732421875,164.6300048828125,164.83999633789062,143.21359252929688,5362800,0.0,0.0,-0.6831653288692114,0.4667148665689778
2021-06-08,JNJ,Johnson & Johnson,165.27999877929688,165.66000366210938,162.07000732421875,163.38999938964844,141.95379638671875,7746800,0.0,0.0,-0.8835542823082515,0.7806681697852494
2021-06-09,JNJ,Johnson & Johnson,163.99000549316406,165.77999877929688,163.66000366210938,165.58999633789062,143.86520385742188,5552600,0.0,0.0,1.3375149755824247,1.7889463099072542
2021-06-10,JNJ,Johnson & Johnson,166.0,167.5800018310547,165.9499969482422,167.0800018310547,145.1597137451172,6463100,0.0,0.0,0.895783349531163,0.8024278092972698
2021-06-11,JNJ,Johnson & Johnson,167.07000732421875,167.0800018310547,164.22000122070312,164.9600067138672,143.31788635253906,7389900,0.0,0.0,-1.2769465768828954,1.6305925602129443
2021-06-14,JNJ,Johnson & Johnson,164.5,165.4600067138672,163.89999389648438,165.3699951171875,143.674072265625,4931300,0.0,0.0,0.24822026211639134,0.06161329852513002
2021-06-15,JNJ,Johnson & Johnson,165.22999572753906,165.86000061035156,164.38999938964844,164.49000549316406,142.9095001220703,5062900,0.0,0.0,-0.5335783563366707,0.28470586235094314
2021-06-16,JNJ,Johnson & Johnson,164.8000030517578,165.75,163.47999572753906,164.42999267578125,142.8573760986328,6988500,0.0,0.0,-0.03648010203624737,0.0013307978445750192
2021-06-17,JNJ,Johnson & Johnson,164.19000244140625,165.6999969482422,163.5,165.22000122070312,143.54373168945312,5874700,0.0,0.0,0.4792976605919962,0.22972624744896036
2021-06-18,JNJ,Johnson & Johnson,163.27000427246094,164.19000244140625,161.7899932861328,161.97999572753906,140.72885131835938,12993000,0.0,0.0,-1.980474055493035,3.922277484481029
2021-06-21,JNJ,Johnson & Johnson,162.77000427246094,164.25999450683594,162.25,163.83999633789062,142.34478759765625,6592300,0.0,0.0,1.1417197580656855,1.3035240059575675
2021-06-22,JNJ,Johnson & Johnson,163.7100067138672,164.0399932861328,163.27999877929688,163.6199951171875,142.1536407470703,5627800,0.0,0.0,-0.13437464696038073,0.01805654574572696
2021-06-23,JNJ,Johnson & Johnson,163.69000244140625,163.69000244140625,162.47999572753906,162.6300048828125,141.29354858398438,4493400,0.0,0.0,-0.606881870954904,0.36830560529372475
2021-06-24,JNJ,Johnson & Johnson,163.27000427246094,164.1999969482422,162.8000030517578,163.3699951171875,141.93646240234375,4549200,0.0,0.0,0.45398785273580605,0.20610497043166792
2021-06-25,JNJ,Johnson & Johnson,162.94000244140625,164.77999877929688,162.88999938964844,164.2100067138672,142.66624450683594,10963800,0.0,0.0,0.5128438249302574,0.2630087887690965
2021-06-28,JNJ,Johnson & Johnson,164.44000244140625,165.07000732421875,163.52000427246094,164.02000427246094,142.50120544433594,5604000,0.0,0.0,-0.11574889136512374,0.013397805852255218
2021-06-29,JNJ,Johnson & Johnson,164.0,164.63999938964844,163.41000366210938,164.02999877929688,142.5098876953125,3749500,0.0,0.0,0.006092570561807177,3.711941605059942e-05
2021-06-30,JNJ,Johnson & Johnson,164.0,164.97000122070312,163.6699981689453,164.74000549316406,143.126708984375,6151700,0.0,0.0,0.43189301023584736,0.18653157229058176
2021-07-01,JNJ,Johnson & Johnson,164.74000549316406,166.00999450683594,164.6300048828125,165.9600067138672,144.18666076660156,6320200,0.0,0.0,0.7378400746608312,0.544407975775501
2021-07-02,JNJ,Johnson & Johnson,166.02000427246094,169.3000030517578,165.63999938964844,168.97999572753906,146.81045532226562,9059900,0.0,0.0,1.803361969959207,3.2521143946951514
2021-07-06,JNJ,Johnson & Johnson,167.91000366210938,168.86000061035156,166.99000549316406,167.97000122070312,145.9329376220703,6098500,0.0,0.0,-0.5995150357909342,0.35941827813940513
2021-07-07,JNJ,Johnson & Johnson,167.47999572753906,169.5,167.47999572753906,169.41000366210938,147.18408203125,6293500,0.0,0.0,0.8536877245048742,0.72878273097031
2021-07-08,JNJ,Johnson & Johnson,168.6999969482422,169.4600067138672,167.5800018310547,169.0800018310547,146.8973388671875,5755500,0.0,0.0,-0.19500943246057717,0.03802867874859641
2021-07-09,JNJ,Johnson & Johnson,169.3699951171875,170.3699951171875,169.24000549316406,169.75,147.4794158935547,6120900,0.0,0.0,0.3954645029241605,0.15639217307305336
2021-07-12,JNJ,Johnson & Johnson,169.72999572753906,171.17999267578125,168.5399932861328,169.47999572753906,147.24485778808594,7840500,0.0,0.0,-0.15917124983342446,0.025335486773534425
2021-07-13,JNJ,Johnson & Johnson,168.97000122070312,169.75999450683594,168.6699981689453,169.27000427246094,147.06240844726562,4691200,0.0,0.0,-0.12398563346841794,0.015372437306564879
2021-07-14,JNJ,Johnson & Johnson,170.0,170.8300018310547,169.0399932861328,170.4199981689453,148.06153869628906,6162900,0.0,0.0,0.6770945400013961,0.45845701609970224
2021-07-15,JNJ,Johnson & Johnson,169.3000030517578,169.89999389648438,167.72000122070312,168.3699951171875,146.2804412841797,6656900,0.0,0.0,-1.210237935882868,1.4646758614500253
2021-07-16,JNJ,Johnson & Johnson,168.33999633789062,169.08999633789062,167.9499969482422,168.10000610351562,146.0458984375,5834900,0.0,0.0,-0.16046648224104007,0.02574949192281403
2021-07-19,JNJ,Johnson & Johnson,166.47999572753906,168.19000244140625,165.32000732421875,166.8800048828125,144.98599243164062,8219700,0.0,0.0,-0.7283811328736737,0.5305390747263362
2021-07-20,JNJ,Johnson & Johnson,166.89999389648438,170.80999755859375,166.83999633789062,168.4499969482422,146.3499755859375,9902800,0.0,0.0,0.936371248378959,0.8767911147907702
2021-07-21,JNJ,Johnson & Johnson,169.3000030517578,169.69000244140625,167.47999572753906,169.49000549316406,147.2535400390625,7585200,0.0,0.0,0.6155016936839597,0.37884233492782293
2021-07-22,JNJ,Johnson & Johnson,169.36000061035156,171.07000732421875,168.64999389648438,169.97999572753906,147.6792449951172,5281900,0.0,0.0,0.2886795048184935,0.08333585650225063
2021-07-23,JNJ,Johnson & Johnson,171.0,172.17999267578125,170.3800048828125,171.7899932861328,149.25177001953125,5014900,0.0,0.0,1.0591953326524428,1.121894752712719
2021-07-26,JNJ,Johnson & Johnson,171.82000732421875,172.13999938964844,170.86000061035156,171.8699951171875,149.32131958007812,4484900,0.0,0.0,0.0465879640379435,0.0021704383932007166
2021-07-27,JNJ,Johnson & Johnson,171.8000030517578,172.72000122070312,170.6699981689453,172.66000366210938,150.0076141357422,7089300,0.0,0.0,0.45855624427991565,0.21027382916810167
2021-07-28,JNJ,Johnson & Johnson,172.72999572753906,173.3800048828125,172.0800018310547,172.17999267578125,149.5906219482422,5750700,0.0,0.0,-0.27836776492298776,0.07748861254821977
2021-07-29,JNJ,Johnson & Johnson,172.74000549316406,173.33999633789062,171.08999633789062,172.17999267578125,149.5906219482422,4214100,0.0,0.0,0.0,0.0
2021-07-30,JNJ,Johnson & Johnson,172.5399932861328,172.97999572753906,171.83999633789062,172.1999969482422,149.60800170898438,5346400,0.0,0.0,0.011617540581773805,0.00013496724916916124
2021-08-02,JNJ,Johnson & Johnson,172.47000122070312,172.83999633789062,171.3000030517578,172.27000427246094,149.6688232421875,3721500,0.0,0.0,0.04064566913952986,0.0016520704198001303
2021-08-03,JNJ,Johnson & Johnson,172.72999572753906,174.5,172.44000244140625,174.38999938964844,151.5106658935547,6033000,0.0,0.0,1.223101624808291,1.4959775846086818
2021-08-04,JNJ,Johnson & Johnson,174.1999969482422,174.58999633789062,173.25999450683594,173.36000061035156,150.61581420898438,4793100,0.0,0.0,-0.5923706528357519,0.3509029903410548
2021-08-05,JNJ,Johnson & Johnson,173.85000610351562,173.85000610351562,172.4199981689453,173.69000244140625,150.90252685546875,4291000,0.0,0.0,0.19017929847171308,0.03616816556719293
2021-08-06,JNJ,Johnson & Johnson,173.94000244140625,173.94000244140625,172.4499969482422,173.11000061035156,150.3986053466797,4581100,0.0,0.0,-0.3344972353499057,0.11188840045673022
2021-08-09,JNJ,Johnson & Johnson,173.72000122070312,174.25,172.92999267578125,173.7100067138672,150.9198760986328,3950200,0.0,0.0,0.3459935610125096,0.1197115442621172
2021-08-10,JNJ,Johnson & Johnson,173.25999450683594,174.11000061035156,172.77999877929688,173.77000427246094,150.97203063964844,3678300,0.0,0.0,0.03455179842213684,0.0011938267742039779
2021-08-11,JNJ,Johnson & Johnson,174.25,174.47000122070312,173.55999755859375,173.8000030517578,150.99810791015625,4221300,0.0,0.0,0.01727142339165173,0.0002983020659736945
2021-08-12,JNJ,Johnson & Johnson,173.82000732421875,175.2899932861328,173.58999633789062,175.1999969482422,152.21438598632812,4300400,0.0,0.0,0.8022654898831891,0.6436299162575134
2021-08-13,JNJ,Johnson & Johnson,175.2899932861328,176.2899932861328,175.1199951171875,176.25,153.12664794921875,5882100,0.0,0.0,0.597538211949311,0.3570519147395797
2021-08-16,JNJ,Johnson & Johnson,176.5500030517578,177.88999938964844,175.9499969482422,177.83999633789062,154.50802612304688,4782800,0.0,0.0,0.8980700646554044,0.8065298410301622
2021-08-17,JNJ,Johnson & Johnson,177.30999755859375,179.50999450683594,177.30999755859375,179.47000122070312,155.9241943359375,6041900,0.0,0.0,0.9123911396501394,0.8324575917120802
2021-08-18,JNJ,Johnson & Johnson,179.5,179.5,177.1300048828125,177.19000244140625,153.9433135986328,7134100,0.0,0.0,-1.2785514266272282,1.6346937505305206
2021-08-19,JNJ,Johnson & Johnson,176.6199951171875,179.3300018310547,176.07000732421875,178.57000732421875,155.1422882080078,5615000,0.0,0.0,0.7758243129095678,0.601903364501603
2021-08-20,JNJ,Johnson & Johnson,178.88999938964844,179.9199981689453,178.07000732421875,179.44000244140625,155.89813232421875,5428700,0.0,0.0,0.4860111767553717,0.23620686393114115
2021-08-23,JNJ,Johnson & Johnson,178.38999938964844,178.92999267578125,177.5399932861328,177.61000061035156,155.22515869140625,6461700,1.06,0.0,-0.4326096449931321,0.18715110494108378
2021-08-24,JNJ,Johnson & Johnson,176.99000549316406,177.2100067138672,175.27999877929688,175.38999938964844,153.2849884033203,5734800,0.0,0.0,-1.2577841504016578,1.5820209690016203
2021-08-25,JNJ,Johnson & Johnson,175.69000244140625,175.89999389648438,173.88999938964844,174.22999572753906,152.2711639404297,5700300,0.0,0.0,-0.6635953329682936,0.4403587659373005
2021-08-26,JNJ,Johnson & Johnson,173.9499969482422,174.72000122070312,173.0500030517578,173.3000030517578,151.4583740234375,5031600,0.0,0.0,-0.5352076473157665,0.2864472257452779
2021-08-27,JNJ,Johnson & Johnson,174.27999877929688,174.27999877929688,172.75,172.92999267578125,151.13502502441406,7046100,0.0,0.0,-0.21371855639763887,0.04567562134869075
2021-08-30,JNJ,Johnson & Johnson,172.7899932861328,174.27999877929688,172.77999877929688,173.66000366210938,151.77301025390625,3252700,0.0,0.0,0.4212408378626424,0.17744384348322095
2021-08-31,JNJ,Johnson & Johnson,173.49000549316406,174.49000549316406,172.47999572753906,173.1300048828125,151.30979919433594,7106800,0.0,0.0,-0.3056665741418064,0.09343205454758845
2021-09-01,JNJ,Johnson & Johnson,172.89999389648438,173.74000549316406,172.05999755859375,173.74000549316406,151.8428955078125,5327400,0.0,0.0,0.35170187981206935,0.12369421226334328
2021-09-02,JNJ,Johnson & Johnson,174.33999633789062,175.19000244140625,173.91000366210938,174.92999267578125,152.88294982910156,4544300,0.0,0.0,0.682619066159702,0.46596878948474363
2021-09-03,JNJ,Johnson & Johnson,175.10000610351562,175.22000122070312,173.80999755859375,175.0399932861328,152.9790496826172,4096900,0.0,0.0,0.06283870296492124,0.003948702590313601
2021-09-07,JNJ,Johnson & Johnson,174.35000610351562,175.02999877929688,171.6699981689453,172.32000732421875,150.60189819335938,6859900,0.0,0.0,-1.5661062345735621,2.452688737970181
2021-09-08,JNJ,Johnson & Johnson,171.6199951171875,172.97999572753906,171.0800018310547,171.89999389648438,150.23480224609375,4661700,0.0,0.0,-0.2440500969015397,0.05956044979765092
2021-09-09,JNJ,Johnson & Johnson,171.19000244140625,171.47999572753906,167.6999969482422,168.07000732421875,146.88755798339844,7114600,0.0,0.0,-2.2532036115947984,5.076926515303843
2021-09-10,JNJ,Johnson & Johnson,168.5500030517578,169.08999633789062,166.8699951171875,166.97000122070312,145.92616271972656,6699300,0.0,0.0,-0.6566623422003417,0.4312054316640387
2021-09-13,JNJ,Johnson & Johnson,167.9199981689453,168.1199951171875,165.1300048828125,165.8000030517578,144.90362548828125,6273500,0.0,0.0,-0.7031889348282545,0.49447467806489515
2021-09-14,JNJ,Johnson & Johnson,166.39999389648438,166.5399932861328,164.50999450683594,164.8000030517578,144.0296630859375,5259600,0.0,0.0,-0.6049597622119924,0.36597631389559043
2021-09-15,JNJ,Johnson & Johnson,165.0,165.9600067138672,164.30999755859375,165.4199981689453,144.57150268554688,7935300,0.0,0.0,0.3754941424464405,0.14099585101158776
2021-09-16,JNJ,Johnson & Johnson,165.64999389648438,166.4600067138672,164.19000244140625,165.22000122070312,144.39674377441406,5665400,0.0,0.0,-0.12095372732433911,0.014629804153650576
2021-09-17,JNJ,Johnson & Johnson,164.3000030517578,164.91000366210938,163.55999755859375,164.75,143.9860076904297,13419800,0.0,0.0,-0.2848550127441288,0.08114237828545777
2021-09-20,JNJ,Johnson & Johnson,163.47999572753906,165.1699981689453,162.1699981689453,163.80999755859375,143.16441345214844,7270800,0.0,0.0,-0.5722411807751525,0.3274599689749408
2021-09-21,JNJ,Johnson & Johnson,164.61000061035156,165.97999572753906,164.24000549316406,164.52999877929688,143.79368591308594,6663600,0.0,0.0,0.4385821282082197,0.19235428318365125
2021-09-22,JNJ,Johnson & Johnson,165.35000610351562,165.9499969482422,163.6300048828125,163.92999267578125,143.269287109375,5657100,0.0,0.0,-0.3653549473930713,0.13348423758459388
2021-09-23,JNJ,Johnson & Johnson,164.39999389648438,165.77000427246094,164.14999389648438,164.86000061035156,144.08212280273438,4697900,0.0,0.0,0.5657448220796263,0.320067203709908
2021-09-24,JNJ,Johnson & Johnson,164.75,165.64999389648438,163.88999938964844,164.36000061035156,143.6451416015625,4399300,0.0,0.0,-0.3037470488245299,0.09226226966961136
2021-09-27,JNJ,Johnson & Johnson,164.0,164.36000061035156,162.85000610351562,163.1699981689453,142.6051025390625,5775500,0.0,0.0,-0.7266674249903239,0.528045546542068
2021-09-28,JNJ,Johnson & Johnson,163.10000610351562,163.91000366210938,161.77000427246094,162.80999755859375,142.2904510498047,7610400,0.0,0.0,-0.2208891035548897,0.048791996069282785
2021-09-29,JNJ,Johnson & Johnson,163.0,164.66000366210938,162.77999877929688,164.02000427246094,143.34799194335938,5124100,0.0,0.0,0.7404785676773616,0.548308509189517
2021-09-30,JNJ,Johnson & Johnson,164.63999938964844,165.39999389648438,161.41000366210938,161.5,141.14556884765625,6972300,0.0,0.0,-1.5483423171225783,2.397363930992515
2021-10-01,JNJ,Johnson & Johnson,161.52999877929688,161.89999389648438,158.6199951171875,160.47000122070312,140.2454071044922,8568300,0.0,0.0,-0.6397965042869967,0.40933956689786105
2021-10-04,JNJ,Johnson & Johnson,159.99000549316406,161.0,157.6699981689453,159.22000122070312,139.15292358398438,8620700,0.0,0.0,-0.7820297892021731,0.6115705911995953
2021-10-05,JNJ,Johnson & Johnson,159.86000061035156,161.11000061035156,159.14999389648438,159.5800018310547,139.4675750732422,5129000,0.0,0.0,0.22586394363601167,0.05101452103481146
2021-10-06,JNJ,Johnson & Johnson,159.8699951171875,159.9499969482422,157.83999633789062,159.91000366210938,139.75596618652344,7312600,0.0,0.0,0.2065665484554532,0.04266973894079909
2021-10-07,JNJ,Johnson & Johnson,160.02000427246094,162.61000061035156,160.02000427246094,161.33999633789062,141.00572204589844,5309200,0.0,0.0,0.8902668463135857,0.7925750576451376
2021-10-08,JNJ,Johnson & Johnson,161.32000732421875,161.61000061035156,160.25,160.92999267578125,140.64739990234375,4343200,0.0,0.0,-0.2544422972438721,0.06474088262673895
2021-10-11,JNJ,Johnson & Johnson,160.86000061035156,161.85000610351562,159.94000244140625,160.25,140.05308532714844,4101600,0.0,0.0,-0.4234516821517249,0.17931132711712547
2021-10-12,JNJ,Johnson & Johnson,160.0,160.17999267578125,157.33999633789062,157.69000244140625,137.81576538085938,6686400,0.0,0.0,-1.610377191255365,2.5933146981155186
2021-10-13,JNJ,Johnson & Johnson,157.82000732421875,160.0800018310547,157.75,159.1999969482422,139.1354522705078,6901100,0.0,0.0,0.953017566864104,0.9082424827515769
2021-10-14,JNJ,Johnson & Johnson,159.7100067138672,161.13999938964844,159.60000610351562,160.11000061035156,139.93077087402344,4579200,0.0,0.0,0.5699871147289057,0.32488531095698275
2021-10-15,JNJ,Johnson & Johnson,161.02999877929688,161.80999755859375,160.41000366210938,161.3000030517578,140.9707794189453,6918400,0.0,0.0,0.740482418789365,0.5483142125361486
2021-10-18,JNJ,Johnson & Johnson,160.25,160.88999938964844,159.1999969482422,160.1199951171875,139.93948364257812,7465500,0.0,0.0,-0.7342561275584036,0.5391320608570627
2021-10-19,JNJ,Johnson & Johnson,160.89999389648438,165.14999389648438,160.72999572753906,163.8699951171875,143.21685791015625,10081300,0.0,0.0,2.3149900971762354,5.359179150024036
2021-10-20,JNJ,Johnson & Johnson,163.97999572753906,164.75,163.25999450683594,163.77999877929688,143.1382293701172,6003200,0.0,0.0,-0.05491681168436856,0.003015856205576399
2021-10-21,JNJ,Johnson & Johnson,164.3000030517578,164.38999938964844,162.27999877929688,163.39999389648438,142.8061065673828,4524100,0.0,0.0,-0.23229902491186596,0.053962836975003724
2021-10-22,JNJ,Johnson & Johnson,163.05999755859375,164.05999755859375,162.9600067138672,163.72000122070312,143.08580017089844,4304300,0.0,0.0,0.19566394581720326,0.03828437969275745
2021-10-25,JNJ,Johnson & Johnson,163.72000122070312,164.30999755859375,161.7100067138672,164.0800018310547,143.400390625,6715400,0.0,0.0,0.21962006592674746,0.0482329733576689
2021-10-26,JNJ,Johnson & Johnson,164.55999755859375,166.02999877929688,164.0500030517578,165.75,144.85997009277344,6939100,0.0,0.0,1.012690012556716,1.0255410615321217
2021-10-27,JNJ,Johnson & Johnson,165.67999267578125,165.75999450683594,163.30999755859375,163.74000549316406,143.1032257080078,7018800,0.0,0.0,-1.2201324367465742,1.488723163201133
2021-10-28,JNJ,Johnson & Johnson,163.77000427246094,165.1999969482422,162.32000732421875,162.85000610351562,142.32545471191406,6278800,0.0,0.0,-0.5449858227236583,0.29700954696978266
2021-10-29,JNJ,Johnson & Johnson,162.35000610351562,163.25,160.61000061035156,162.8800048828125,142.3516387939453,8526800,0.0,0.0,0.01839563681266379,0.0003383994537434312
2021-11-01,JNJ,Johnson & Johnson,163.16000366210938,163.97999572753906,159.39999389648438,163.02000427246094,142.4739990234375,5846400,0.0,0.0,0.08591939823757717,0.00738214299350738
2021-11-02,JNJ,Johnson & Johnson,163.6999969482422,166.97999572753906,162.97999572753906,165.58999633789062,144.72007751464844,8450600,0.0,0.0,1.5641856638088634,2.4466767908651748
2021-11-03,JNJ,Johnson & Johnson,165.0399932861328,165.77000427246094,163.42999267578125,165.05999755859375,144.25686645507812,6717800,0.0,0.0,-0.3205871374596843,0.10277611270459452
2021-11-04,JNJ,Johnson & Johnson,164.94000244140625,164.99000549316406,162.6699981689453,164.60000610351562,143.85491943359375,8224400,0.0,0.0,-0.2790217560994206,0.07785314037680455
2021-11-05,JNJ,Johnson & Johnson,162.47999572753906,164.60000610351562,162.1999969482422,163.42999267578125,142.83238220214844,6215900,0.0,0.0,-0.7133497449963463,0.5088678586863523
2021-11-08,JNJ,Johnson & Johnson,163.67999267578125,164.1699981689453,162.00999450683594,162.8699951171875,142.3428955078125,5578800,0.0,0.0,-0.3432886461767941,0.11784709459389614
2021-11-09,JNJ,Johnson & Johnson,162.61000061035156,163.58999633789062,162.02000427246094,162.50999450683594,142.0282745361328,6112800,0.0,0.0,-0.22127496258024537,0.04896260906488899
2021-11-10,JNJ,Johnson & Johnson,162.52999877929688,164.83999633789062,162.35000610351562,164.27000427246094,143.56643676757812,6225100,0.0,0.0,1.0771747818526114,1.160305510659221
2021-11-11,JNJ,Johnson & Johnson,163.49000549316406,163.80999755859375,162.49000549316406,163.05999755859375,142.50894165039062,4118800,0.0,0.0,-0.7393155886477684,0.5465875396175962
2021-11-12,JNJ,Johnson & Johnson,167.42999267578125,167.6199951171875,164.61000061035156,165.00999450683594,144.2131805419922,18995200,0.0,0.0,1.188787910059637,1.4132166951039595
2021-11-15,JNJ,Johnson & Johnson,165.0,165.4600067138672,163.22000122070312,163.52000427246094,142.9110107421875,7496200,0.0,0.0,-0.9070491217344228,0.8227381092391877
2021-11-16,JNJ,Johnson & Johnson,163.17999267578125,164.35000610351562,162.6199951171875,162.6699981689453,142.16810607910156,7594700,0.0,0.0,-0.5211931011090802,0.27164224864369996
2021-11-17,JNJ,Johnson & Johnson,162.8699951171875,163.86000061035156,161.7899932861328,163.27999877929688,142.7012481689453,5414500,0.0,0.0,0.374306821257873,0.14010559644017329
2021-11-18,JNJ,Johnson & Johnson,163.4499969482422,164.47000122070312,162.1300048828125,162.39999389648438,141.93214416503906,6358700,0.0,0.0,-0.5404185850577649,0.2920522470758366
2021-11-19,JNJ,Johnson & Johnson,163.0399932861328,163.19000244140625,161.77999877929688,162.88999938964844,142.36036682128906,7620700,0.0,0.0,0.30125519566056225,0.09075469291248364
2021-11-22,JNJ,Johnson & Johnson,161.02999877929688,162.63999938964844,159.64999389648438,159.6999969482422,140.48663330078125,7634500,1.06,0.0,-1.3249289755888696,1.7554367903549712
2021-11-23,JNJ,Johnson & Johnson,159.52000427246094,161.0,158.77999877929688,160.69000244140625,141.35752868652344,7734000,0.0,0.0,0.6179997849850625,0.38192373424158343
2021-11-24,JNJ,Johnson & Johnson,160.13999938964844,160.6199951171875,159.3800048828125,160.24000549316406,140.961669921875,5230900,0.0,0.0,-0.2804336552590979,0.07864303500197857
2021-11-26,JNJ,Johnson & Johnson,160.60000610351562,161.16000366210938,158.66000366210938,159.1999969482422,140.0467987060547,8523100,0.0,0.0,-0.6511365672846862,0.42397882925528463
2021-11-29,JNJ,Johnson & Johnson,159.5,160.4199981689453,158.4199981689453,159.75,140.53065490722656,9188500,0.0,0.0,0.34490061449277387,0.11895643387749302
2021-11-30,JNJ,Johnson & Johnson,158.50999450683594,159.0,155.85000610351562,155.92999267578125,137.17022705078125,14981700,0.0,0.0,-2.420296162816178,5.857833515742715
2021-12-01,JNJ,Johnson & Johnson,156.8800048828125,160.0800018310547,156.25,158.0800018310547,139.06155395507812,9835800,0.0,0.0,1.3693981577798668,1.875251314530893
2021-12-02,JNJ,Johnson & Johnson,157.25999450683594,159.2899932861328,156.75,157.08999633789062,138.19064331054688,11334700,0.0,0.0,-0.6282464251986214,0.394693570774847
2021-12-03,JNJ,Johnson & Johnson,157.91000366210938,159.6699981689453,157.58999633789062,159.3800048828125,140.20513916015625,8750500,0.0,0.0,1.4472424784136968,2.09451079132502
2021-12-06,JNJ,Johnson & Johnson,160.19000244140625,163.52000427246094,159.8300018310547,162.94000244140625,143.33682250976562,9692000,0.0,0.0,2.209063296469178,4.8799606478072715
2021-12-07,JNJ,Johnson & Johnson,164.0,164.27000427246094,162.41000366210938,163.36000061035156,143.70632934570312,8311300,0.0,0.0,0.25745748515741057,0.06628435666357828
2021-12-08,JNJ,Johnson & Johnson,163.47000122070312,164.57000732421875,162.63999938964844,164.33999633789062,144.56842041015625,6216400,0.0,0.0,0.5981055469816663,0.35773024533023823
2021-12-09,JNJ,Johnson & Johnson,164.17999267578125,165.97999572753906,163.49000549316406,165.89999389648438,145.9407196044922,8574200,0.0,0.0,0.9447616013586291,0.8925744834017212
2021-12-10,JNJ,Johnson & Johnson,165.57000732421875,166.69000244140625,164.64999389648438,165.49000549316406,145.58006286621094,6572200,0.0,0.0,-0.24743136268123062,0.06122227923829068
2021-12-13,JNJ,Johnson & Johnson,164.75,169.1999969482422,163.8000030517578,168.4499969482422,148.1839141845703,11142300,0.0,0.0,1.7727970183486275,3.142809268265784
2021-12-14,JNJ,Johnson & Johnson,168.3300018310547,170.97000122070312,167.16000366210938,170.2899932861328,149.8025665283203,10482400,0.0,0.0,1.0864038262946776,1.180273273787716
2021-12-15,JNJ,Johnson & Johnson,169.85000610351562,171.3000030517578,169.4199981689453,171.13999938964844,150.5503387451172,8552200,0.0,0.0,0.49793010066109655,0.24793438514436975
2021-12-16,JNJ,Johnson & Johnson,171.25999450683594,173.50999450683594,170.83999633789062,173.00999450683594,152.19532775878906,8998600,0.0,0.0,1.0867241943718235,1.180969474633089
2021-12-17,JNJ,Johnson & Johnson,169.63999938964844,170.77999877929688,167.66000366210938,168.22999572753906,147.99038696289062,16726200,0.0,0.0,-2.801742821838656,7.849762839724436
2021-12-20,JNJ,Johnson & Johnson,167.80999755859375,168.50999450683594,166.5500030517578,167.75,147.56814575195312,7954500,0.0,0.0,-0.2857244514772302,0.08163846217196406
2021-12-21,JNJ,Johnson & Johnson,168.05999755859375,168.10000610351562,165.97999572753906,167.2100067138672,147.09312438964844,7954200,0.0,0.0,-0.32241887342653186,0.10395392994163397
2021-12-22,JNJ,Johnson & Johnson,167.05999755859375,168.1699981689453,166.1199951171875,167.92999267578125,147.7264862060547,4178200,0.0,0.0,0.4296612355562816,0.1846087773397505
2021-12-23,JNJ,Johnson & Johnson,167.8800048828125,168.9499969482422,167.36000061035156,168.25,148.00799560546875,3501500,0.0,0.0,0.19037988584629423,0.036244500934848024
2021-12-27,JNJ,Johnson & Johnson,169.13999938964844,169.85000610351562,168.6999969482422,169.6699981689453,149.2571563720703,3704800,0.0,0.0,0.8404403348666302,0.7063399564707334
2021-12-28,JNJ,Johnson & Johnson,169.7899932861328,170.63999938964844,169.58999633789062,170.35000610351562,149.85537719726562,3187000,0.0,0.0,0.3999976969704719,0.15999815758168145
2021-12-29,JNJ,Johnson & Johnson,170.0,171.99000549316406,169.91000366210938,171.5500030517578,150.91099548339844,3662000,0.0,0.0,0.7019552161202447,0.4927411254384194
2021-12-30,JNJ,Johnson & Johnson,172.1199951171875,172.8800048828125,171.75,172.30999755859375,151.5795440673828,4231800,0.0,0.0,0.44203013657530016,0.19539064164077852
2021-12-31,JNJ,Johnson & Johnson,172.52999877929688,172.67999267578125,171.02999877929688,171.07000732421875,150.48875427246094,4409500,0.0,0.0,-0.7222171556503822,0.5215976199157285
2022-01-03,JNJ,Johnson & Johnson,170.2100067138672,171.60000610351562,169.10000610351562,171.5399932861328,150.90219116210938,6012200,0.0,0.0,0.27435273370842533,0.07526942249328614
2022-01-04,JNJ,Johnson & Johnson,171.05999755859375,172.2899932861328,170.60000610351562,171.0800018310547,150.49752807617188,6748400,0.0,0.0,-0.268522698103501,0.07210443939678393
2022-01-05,JNJ,Johnson & Johnson,172.0,173.47000122070312,171.6199951171875,172.22000122070312,151.5003662109375,7016100,0.0,0.0,0.6641382869414449,0.44107966418151706
2022-01-06,JNJ,Johnson & Johnson,172.14999389648438,172.5,170.8000030517578,171.6300048828125,150.9813690185547,7301600,0.0,0.0,-0.3431596961000291,0.11775857702746434
2022-01-07,JNJ,Johnson & Johnson,171.4600067138672,174.3000030517578,171.1300048828125,173.9499969482422,153.02224731445312,6986000,0.0,0.0,1.3426872886415349,1.8028091550795564
2022-01-10,JNJ,Johnson & Johnson,173.69000244140625,173.69000244140625,172.16000366210938,173.08999633789062,152.26573181152344,7698400,0.0,0.0,-0.4956088042556153,0.24562808685568083
2022-01-11,JNJ,Johnson & Johnson,172.99000549316406,173.38999938964844,170.11000061035156,171.25,150.64707946777344,8341100,0.0,0.0,-1.0687350882819666,1.142194688925063
2022-01-12,JNJ,Johnson & Johnson,169.61000061035156,170.0800018310547,168.33999633789062,169.7899932861328,149.3627471923828,8116200,0.0,0.0,-0.8561987023053753,0.7330762178294087
2022-01-13,JNJ,Johnson & Johnson,169.0,170.4199981689453,168.4600067138672,168.75999450683594,148.4566650390625,6159400,0.0,0.0,-0.6084794420549748,0.3702472314035335
2022-01-14,JNJ,Johnson & Johnson,168.6300048828125,168.64999389648438,167.14999389648438,167.83999633789062,147.64727783203125,5847700,0.0,0.0,-0.5466926343821288,0.29887283648767193
2022-01-18,JNJ,Johnson & Johnson,167.10000610351562,167.72000122070312,166.00999450683594,167.10000610351562,146.996337890625,7815600,0.0,0.0,-0.44184972332816835,0.19523117800517892
2022-01-19,JNJ,Johnson & Johnson,167.1999969482422,168.72000122070312,166.32000732421875,166.5800018310547,146.53892517089844,5926500,0.0,0.0,-0.3116580169591737,0.09713071953492461
2022-01-20,JNJ,Johnson & Johnson,167.2899932861328,167.86000061035156,164.92999267578125,165.25,145.36895751953125,6011300,0.0,0.0,-0.8016048799129263,0.642570383500217
2022-01-21,JNJ,Johnson & Johnson,166.19000244140625,167.99000549316406,164.47000122070312,164.8699951171875,145.03465270996094,10550300,0.0,0.0,-0.230234711600009,0.053008022425539314
2022-01-24,JNJ,Johnson & Johnson,164.0,164.1699981689453,158.25999450683594,162.97000122070312,143.36322021484375,14054600,0.0,0.0,-1.159128666455028,1.3435792653978116
2022-01-25,JNJ,Johnson & Johnson,162.36000061035156,168.41000366210938,161.5800018310547,167.6300048828125,147.46263122558594,14081200,0.0,0.0,2.8193384648323216,7.948669379283072
2022-01-26,JNJ,Johnson & Johnson,167.5399932861328,169.22000122070312,166.22999572753906,168.3800048828125,148.12234497070312,9963200,0.0,0.0,0.4463791421538854,0.19925433855003863
2022-01-27,JNJ,Johnson & Johnson,169.38999938964844,171.91000366210938,169.0,170.58999633789062,150.0664825439453,9066700,0.0,0.0,1.3039825383930357,1.7003704604339447
2022-01-28,JNJ,Johnson & Johnson,170.86000061035156,171.83999633789062,169.3000030517578,171.7899932861328,151.12208557128906,9783100,0.0,0.0,0.7009610996655053,0.4913464632442745
2022-01-31,JNJ,Johnson & Johnson,171.5,172.6199951171875,170.82000732421875,172.2899932861328,151.5619354248047,8054800,0.0,0.0,0.29063322317259427,0.08446767041169098
2022-02-01,JNJ,Johnson & Johnson,171.74000549316406,171.97999572753906,169.42999267578125,170.8800048828125,150.32159423828125,8154700,0.0,0.0,-0.8217395413812701,0.6752558738695001
2022-02-02,JNJ,Johnson & Johnson,169.64999389648438,172.99000549316406,169.64999389648438,172.77000427246094,151.98423767089844,7382800,0.0,0.0,1.0999855256709938,1.2099681566856926
2022-02-03,JNJ,Johnson & Johnson,172.25999450683594,173.6199951171875,171.0399932861328,172.75999450683594,151.97544860839844,6240400,0.0,0.0,-0.005783044857050994,3.344360781866395e-05
2022-02-04,JNJ,Johnson & Johnson,171.0,172.97999572753906,170.1199951171875,171.6300048828125,150.9813690185547,6392200,0.0,0.0,-0.6562540267561522,0.4306693476336645
2022-02-07,JNJ,Johnson & Johnson,171.41000366210938,171.74000549316406,170.00999450683594,171.05999755859375,150.47994995117188,6065700,0.0,0.0,-0.3326592821244991,0.11066219798358708
2022-02-08,JNJ,Johnson & Johnson,171.02000427246094,172.0500030517578,170.47999572753906,171.50999450683594,150.87582397460938,6296100,0.0,0.0,0.26272883110562256,0.06902643869412675
2022-02-09,JNJ,Johnson & Johnson,172.07000732421875,172.24000549316406,171.25,171.49000549316406,150.8582305908203,5387500,0.0,0.0,-0.011661516850879652,0.00013599097526335006
2022-02-10,JNJ,Johnson & Johnson,171.2100067138672,171.22000122070312,169.3000030517578,169.4199981689453,149.03726196289062,10355300,0.0,0.0,-1.2144170572262545,1.4748087888820758
2022-02-11,JNJ,Johnson & Johnson,169.1199951171875,170.14999389648438,167.5399932861328,167.7100067138672,147.532958984375,13125300,0.0,0.0,-1.0144753408451463,1.0291602171828758
2022-02-14,JNJ,Johnson & Johnson,167.7100067138672,167.97000122070312,163.80999755859375,165.60000610351562,145.6768341064453,8967600,0.0,0.0,-1.2660898210634535,1.6029834350004877
2022-02-15,JNJ,Johnson & Johnson,166.1300048828125,168.10000610351562,166.00999450683594,167.30999755859375,147.18113708496094,6631400,0.0,0.0,1.0273349930907802,1.0554171880288334
2022-02-16,JNJ,Johnson & Johnson,166.49000549316406,167.83999633789062,165.7100067138672,167.2100067138672,147.09312438964844,8482400,0.0,0.0,-0.059816782817324055,0.003578047506614914
2022-02-17,JNJ,Johnson & Johnson,167.2100067138672,167.4499969482422,164.9199981689453,166.19000244140625,146.19586181640625,6227600,0.0,0.0,-0.6118643486357483,0.3743779811314486
2022-02-18,JNJ,Johnson & Johnson,164.97999572753906,165.36000061035156,162.94000244140625,163.36000061035156,144.62879943847656,6423200,1.06,0.0,-1.0776785830848907,1.1613911284398577
2022-02-22,JNJ,Johnson & Johnson,163.57000732421875,163.74000549316406,160.44000244140625,161.13999938964844,142.66334533691406,6868900,0.0,0.0,-1.368282984093261,1.8721983245591594
2022-02-23,JNJ,Johnson & Johnson,161.50999450683594,162.63999938964844,160.85000610351562,161.22000122070312,142.73416137695312,8016900,0.0,0.0,0.04962625098432836,0.0024627647867595513
2022-02-24,JNJ,Johnson & Johnson,159.77999877929688,160.1300048828125,155.72000122070312,158.13999938964844,140.00733947753906,12883400,0.0,0.0,-1.92890427290705,3.7206716940390754
2022-02-25,JNJ,Johnson & Johnson,160.0,166.99000549316406,159.6999969482422,166.0,146.96607971191406,11340400,0.0,0.0,4.850696381797593,23.529255388384257
2022-02-28,JNJ,Johnson & Johnson,162.8699951171875,165.17999267578125,162.3800048828125,164.57000732421875,145.70005798339844,9373500,0.0,0.0,-0.8651698727331595,0.7485189086851114
2022-03-01,JNJ,Johnson & Johnson,163.0399932861328,164.75,162.41000366210938,164.0,145.19540405273438,8737800,0.0,0.0,-0.34696618050132466,0.12038553041167781
2022-03-02,JNJ,Johnson & Johnson,164.41000366210938,167.6300048828125,164.0399932861328,166.0399932861328,147.00149536132812,6793300,0.0,0.0,1.2362309892671943,1.528267058824546
2022-03-03,JNJ,Johnson & Johnson,166.6999969482422,169.33999633789062,166.32000732421875,168.47999572753906,149.16171264648438,7333700,0.0,0.0,1.458827793376986,2.128178530729166
2022-03-04,JNJ,Johnson & Johnson,167.63999938964844,169.86000061035156,166.85000610351562,169.47999572753906,150.04708862304688,6302500,0.0,0.0,0.5918131799216194,0.35024283992893906
2022-03-07,JNJ,Johnson & Johnson,168.3000030517578,173.1199951171875,167.36000061035156,172.2100067138672,152.46400451660156,11663400,0.0,0.0,1.5979363243860418,2.5534004967923734
2022-03-08,JNJ,Johnson & Johnson,172.0399932861328,173.1199951171875,168.50999450683594,168.72000122070312,149.37425231933594,11100300,0.0,0.0,-2.047361495020347,4.19168909129195
2022-03-09,JNJ,Johnson & Johnson,170.00999450683594,170.22999572753906,167.88999938964844,169.36000061035156,149.9407958984375,7248200,0.0,0.0,0.37856048939753634,0.1433080441329022
2022-03-10,JNJ,Johnson & Johnson,168.55999755859375,170.14999389648438,168.0800018310547,169.66000366210938,150.20643615722656,6171400,0.0,0.0,0.17700668190540023,0.03133136543915954
2022-03-11,JNJ,Johnson & Johnson,169.1300048828125,171.4600067138672,169.02000427246094,169.35000610351562,149.93197631835938,5188000,0.0,0.0,-0.18288889656295726,0.03344834848601608
2022-03-14,JNJ,Johnson & Johnson,170.67999267578125,174.1199951171875,170.35000610351562,171.69000244140625,152.00367736816406,7729500,0.0,0.0,1.372301373815002,1.883211060574542
2022-03-15,JNJ,Johnson & Johnson,173.3300018310547,176.52000427246094,172.5500030517578,176.13999938964844,155.94338989257812,10554400,0.0,0.0,2.5588342321514483,6.547632627630092
2022-03-16,JNJ,Johnson & Johnson,175.4600067138672,176.9499969482422,172.55999755859375,174.52000427246094,154.50918579101562,9603300,0.0,0.0,-0.9239506558291359,0.8536848144070904
2022-03-17,JNJ,Johnson & Johnson,175.2100067138672,176.83999633789062,174.1999969482422,176.8000030517578,156.52774047851562,7472100,0.0,0.0,1.297970019763594,1.6847261722051043
2022-03-18,JNJ,Johnson & Johnson,177.0,177.0,173.66000366210938,174.83999633789062,154.79248046875,13809500,0.0,0.0,-1.1147865533573613,1.242749059546385
2022-03-21,JNJ,Johnson & Johnson,174.66000366210938,177.16000366210938,174.32000732421875,175.8300018310547,155.6689910888672,7574900,0.0,0.0,0.5646516745186584,0.31883151353672495
2022-03-22,JNJ,Johnson & Johnson,175.8300018310547,176.3699951171875,173.91000366210938,175.0,154.93414306640625,8442100,0.0,0.0,-0.4731757749542282,0.2238953140035344
2022-03-23,JNJ,Johnson & Johnson,175.22999572753906,175.5399932861328,174.08999633789062,174.33999633789062,154.349853515625,5254200,0.0,0.0,-0.37783412807732614,0.1427586283399533
2022-03-24,JNJ,Johnson & Johnson,175.0,175.5399932861328,174.07000732421875,175.24000549316406,155.14662170410156,5012300,0.0,0.0,0.5148814364512865,0.2651028936021402
2022-03-25,JNJ,Johnson & Johnson,175.69000244140625,177.6999969482422,175.22000122070312,176.9199981689453,156.63397216796875,4809500,0.0,0.0,0.9541079696101964,0.9103220176736915
2022-03-28,JNJ,Johnson & Johnson,176.64999389648438,178.17999267578125,176.35000610351562,177.8300018310547,157.43963623046875,5604200,0.0,0.0,0.5130426805253121,0.26321279204059744
2022-03-29,JNJ,Johnson & Johnson,178.6199951171875,179.39999389648438,176.8000030517578,177.74000549316406,157.35997009277344,5933400,0.0,0.0,-0.05061387485613244,0.0025617643279522355
2022-03-30,JNJ,Johnson & Johnson,178.44000244140625,179.86000061035156,177.67999267578125,179.58999633789062,158.99778747558594,6277600,0.0,0.0,1.0354302850832293,1.0721158752675375
2022-03-31,JNJ,Johnson & Johnson,179.58999633789062,180.2100067138672,176.97999572753906,177.22999572753906,156.90843200683594,11490400,0.0,0.0,-1.3227887300525238,1.749770024353969
2022-04-01,JNJ,Johnson & Johnson,177.0500030517578,178.42999267578125,175.60000610351562,178.19000244140625,157.75833129882812,6525600,0.0,0.0,0.5401913756522135,0.2918067223290309
2022-04-04,JNJ,Johnson & Johnson,178.19000244140625,178.19000244140625,175.52000427246094,176.47000122070312,156.23558044433594,6860600,0.0,0.0,-0.9699314129799359,0.940766945885255
2022-04-05,JNJ,Johnson & Johnson,176.47000122070312,179.64999389648438,176.2899932861328,177.61000061035156,157.2448272705078,7446100,0.0,0.0,0.6439000896648884,0.41460732547045137
2022-04-06,JNJ,Johnson & Johnson,179.38999938964844,182.6000061035156,178.6199951171875,182.22999572753903,161.3350830078125,10330900,0.0,0.0,2.5679462981088785,6.594348189971093
2022-04-07,JNJ,Johnson & Johnson,181.6699981689453,182.9499969482422,180.22999572753903,181.7599945068359,160.9190216064453,7385200,0.0,0.0,-0.2582196016075609,0.06667736265436747
2022-04-08,JNJ,Johnson & Johnson,181.3300018310547,183.19000244140625,180.42999267578125,182.1199951171875,161.23773193359375,7144500,0.0,0.0,0.1978604686210928,0.03914876504295845
2022-04-11,JNJ,Johnson & Johnson,183.0,184.1999969482422,179.60000610351562,179.83999633789062,159.2191619873047,5932000,0.0,0.0,-1.2598241340644452,1.587156848771229
2022-04-12,JNJ,Johnson & Johnson,179.1999969482422,180.80999755859375,178.1999969482422,179.89999389648438,159.27227783203125,5957500,0.0,0.0,0.03335464541786592,0.0011125323709515638
2022-04-13,JNJ,Johnson & Johnson,179.89999389648438,180.83999633789065,179.24000549316406,180.66000366210935,159.9451141357422,5643100,0.0,0.0,0.4215542868553687,0.1777080167661385
2022-04-14,JNJ,Johnson & Johnson,180.0,181.3999938964844,179.72999572753906,179.89999389648438,159.27227783203125,6188200,0.0,0.0,-0.42155428685536195,0.1777080167661328
2022-04-18,JNJ,Johnson & Johnson,179.72999572753906,180.38999938964844,176.74000549316406,177.66000366210938,157.28912353515625,6318700,0.0,0.0,-1.2529513911970214,1.5698871887025512
2022-04-19,JNJ,Johnson & Johnson,180.72000122070312,185.94000244140625,179.9499969482422,183.0800018310547,162.08767700195312,14380800,0.0,0.0,3.0051741938071865,9.031071935124674
2022-04-20,JNJ,Johnson & Johnson,182.2400054931641,184.32000732421875,181.8999938964844,183.88999938964844,162.80474853515625,8044900,0.0,0.0,0.44142161601974866,0.19485304308948642
2022-04-21,JNJ,Johnson & Johnson,183.92999267578125,184.8699951171875,182.55999755859375,183.36000061035156,162.33555603027344,6969200,0.0,0.0,-0.2886094550411159,0.0832954175391299
2022-04-22,JNJ,Johnson & Johnson,182.47000122070312,183.1499938964844,181.3800048828125,181.5399932861328,160.72421264648438,8003600,0.0,0.0,-0.9975595245224957,0.9951250049655478
2022-04-25,JNJ,Johnson & Johnson,182.33999633789065,186.69000244140625,182.1000061035156,186.0099945068359,164.6816864013672,11176500,0.0,0.0,2.432450607013777,5.916815955561691
2022-04-26,JNJ,Johnson & Johnson,185.1000061035156,186.57000732421875,184.17999267578125,184.67999267578125,163.5041961669922,10190000,0.0,0.0,-0.7175782686033019,0.5149185715717125
2022-04-27,JNJ,Johnson & Johnson,184.2400054931641,184.82000732421875,181.7400054931641,182.1000061035156,161.22006225585938,11090100,0.0,0.0,-1.4068376627826906,1.9791922094238636
2022-04-28,JNJ,Johnson & Johnson,182.25,184.5,181.9199981689453,183.4600067138672,162.424072265625,9403900,0.0,0.0,0.7440366969393182,0.5535906063923708
2022-04-29,JNJ,Johnson & Johnson,182.5,182.5500030517578,180.1999969482422,180.4600067138672,159.76809692382812,8463100,0.0,0.0,-1.6487275359563545,2.7183024878207123
2022-05-02,JNJ,Johnson & Johnson,180.47000122070312,181.41000366210935,177.02999877929688,178.63999938964844,158.15673828125,7145400,0.0,0.0,-1.013681387579716,1.0275499555255383
2022-05-03,JNJ,Johnson & Johnson,178.8000030517578,180.6300048828125,177.67999267578125,178.2899932861328,157.8468780517578,5898700,0.0,0.0,-0.19611188783074823,0.038459872548539976
2022-05-04,JNJ,Johnson & Johnson,178.14999389648438,180.5,177.14999389648438,180.1999969482422,159.5379180908203,5923000,0.0,0.0,1.0656188082501101,1.135543444496385
2022-05-05,JNJ,Johnson & Johnson,179.4199981689453,179.7100067138672,175.27000427246094,176.75999450683594,156.49229431152344,7089200,0.0,0.0,-1.92748538063503,3.715199892561767
2022-05-06,JNJ,Johnson & Johnson,175.13999938964844,176.8699951171875,174.69000244140625,176.3699951171875,156.1470489501953,6434000,0.0,0.0,-0.22085864054361112,0.04877853910277203
2022-05-09,JNJ,Johnson & Johnson,175.4499969482422,178.55999755859375,174.58999633789062,177.3300018310547,156.9969482421875,7855200,0.0,0.0,0.5428182475026488,0.29465164982184694
2022-05-10,JNJ,Johnson & Johnson,178.22999572753906,179.17999267578125,176.5,177.08999633789062,156.7845001220703,8186700,0.0,0.0,-0.13541154436456143,0.01833628634719559
2022-05-11,JNJ,Johnson & Johnson,175.9600067138672,178.32000732421875,175.8800048828125,176.1300048828125,155.93455505371094,6138900,0.0,0.0,-0.5435851427491138,0.2954848074175745
2022-05-12,JNJ,Johnson & Johnson,176.47000122070312,177.9499969482422,174.7100067138672,177.8699951171875,157.4750213623047,6898600,0.0,0.0,0.9830450822795042,0.9663776337939171
2022-05-13,JNJ,Johnson & Johnson,178.6999969482422,178.88999938964844,175.8000030517578,176.85000610351562,156.57200622558594,7732200,0.0,0.0,-0.5750843320364426,0.33072198895380134
2022-05-16,JNJ,Johnson & Johnson,176.85000610351562,179.1300048828125,176.1699981689453,178.0800018310547,157.66098022460938,5516700,0.0,0.0,0.693102510189588,0.48039108963110794
2022-05-17,JNJ,Johnson & Johnson,178.72000122070312,179.6999969482422,176.58999633789062,178.82000732421875,158.31614685058594,5751100,0.0,0.0,0.4146930323412,0.17197031107233954
2022-05-18,JNJ,Johnson & Johnson,178.83999633789062,179.3699951171875,175.1699981689453,175.5,155.37680053710938,8608800,0.0,0.0,-1.8740825172248943,3.512185281367996
2022-05-19,JNJ,Johnson & Johnson,174.72000122070312,174.8000030517578,172.69000244140625,173.94000244140625,153.99571228027344,6874500,0.0,0.0,-0.8928378405753753,0.7971594095632992
2022-05-20,JNJ,Johnson & Johnson,174.85000610351562,177.16000366210938,174.0500030517578,176.97999572753906,156.6870880126953,7522100,0.0,0.0,1.7325986868366356,3.001898209628034
2022-05-23,JNJ,Johnson & Johnson,177.60000610351562,179.92999267578125,177.4600067138672,179.44000244140625,159.88587951660156,7040800,1.13,0.0,2.020956116813092,4.084263626084252
2022-05-24,JNJ,Johnson & Johnson,179.25,181.7400054931641,179.10000610351562,181.3999938964844,161.63229370117188,6419800,0.0,0.0,1.086365565528167,1.180190141965334
2022-05-25,JNJ,Johnson & Johnson,180.52999877929688,181.5500030517578,179.05999755859375,179.6199951171875,160.04624938964844,6558900,0.0,0.0,-0.9861131232199656,0.972419091786635
2022-05-26,JNJ,Johnson & Johnson,181.0,181.0,178.60000610351562,179.4600067138672,159.90370178222656,6897600,0.0,0.0,-0.0891061969733449,0.00793991433905254
2022-05-27,JNJ,Johnson & Johnson,179.75999450683594,181.16000366210935,178.22999572753906,181.08999633789065,161.35606384277344,5853600,0.0,0.0,0.9041729531689647,0.8175287292422869
2022-05-31,JNJ,Johnson & Johnson,178.0,180.1699981689453,175.00999450683594,179.52999877929688,159.96607971191406,16391400,0.0,0.0,-0.8651708753941646,0.7485206436303051
2022-06-01,JNJ,Johnson & Johnson,179.14999389648438,179.8300018310547,175.89999389648438,177.7100067138672,158.3444366455078,5175400,0.0,0.0,-1.0189151867771074,1.0381881578450276
2022-06-02,JNJ,Johnson & Johnson,177.74000549316406,177.80999755859375,174.58999633789062,177.14999389648438,157.84542846679688,8666500,0.0,0.0,-0.31563857546518326,0.09962771032169018
2022-06-03,JNJ,Johnson & Johnson,177.07000732421875,178.6699981689453,176.14999389648438,176.4199981689453,157.19497680664062,4234200,0.0,0.0,-0.41293280069773336,0.17051349789207398
2022-06-06,JNJ,Johnson & Johnson,177.2100067138672,178.5,176.0,176.39999389648438,157.1771697998047,5386500,0.0,0.0,-0.011328616130410077,0.00012833754343018737
2022-06-07,JNJ,Johnson & Johnson,176.97999572753906,179.3000030517578,176.39999389648438,178.33999633789062,158.90576171875,5447800,0.0,0.0,1.0937693748157176,1.1963314452847658
2022-06-08,JNJ,Johnson & Johnson,178.10000610351562,179.4499969482422,176.8000030517578,177.27999877929688,157.9612579345703,4333100,0.0,0.0,-0.5961532901132429,0.3553987453128444
2022-06-09,JNJ,Johnson & Johnson,177.2100067138672,178.64999389648438,173.63999938964844,173.7100067138672,154.78028869628906,5509600,0.0,0.0,-2.0343180969388173,4.138450119532771
2022-06-10,JNJ,Johnson & Johnson,172.1699981689453,173.97000122070312,170.6199951171875,172.5500030517578,153.74673461914062,6647300,0.0,0.0,-0.6699950833063113,0.44889341165463104
2022-06-13,JNJ,Johnson & Johnson,170.0800018310547,172.25,170.0800018310547,170.80999755859375,152.19630432128906,7997000,0.0,0.0,-1.0135504804911284,1.0272845765037972
2022-06-14,JNJ,Johnson & Johnson,171.05999755859375,171.11000061035156,167.25999450683594,168.19000244140625,149.86184692382812,7116800,0.0,0.0,-1.545731421824141,2.38928562841448
2022-06-15,JNJ,Johnson & Johnson,169.63999938964844,171.44000244140625,168.63999938964844,169.99000549316406,151.4656982421875,7796100,0.0,0.0,1.0645335882414744,1.133231760494269
2022-06-16,JNJ,Johnson & Johnson,168.39999389648438,170.2100067138672,167.41000366210938,170.0800018310547,151.5458526611328,7056700,0.0,0.0,0.05290519161790899,0.0027989593001276677
2022-06-17,JNJ,Johnson & Johnson,170.6300048828125,172.1999969482422,169.24000549316406,169.4600067138672,150.993408203125,12486600,0.0,0.0,-0.36520554089338453,0.13337508709922957
2022-06-21,JNJ,Johnson & Johnson,170.75,173.86000061035156,169.55999755859375,173.00999450683594,154.15655517578125,8219700,0.0,0.0,2.0732496506285516,4.298364113831411
2022-06-22,JNJ,Johnson & Johnson,172.0,177.9199981689453,171.69000244140625,175.74000549316406,156.58909606933594,10593100,0.0,0.0,1.565647386121329,2.4512517376685494
2022-06-23,JNJ,Johnson & Johnson,177.0,179.82000732421875,176.52000427246094,179.66000366210938,160.0819091796875,10223500,0.0,0.0,2.206046466859401,4.866641013942846
2022-06-24,JNJ,Johnson & Johnson,180.77999877929688,182.52999877929688,179.97999572753906,182.2899932861328,162.42530822753906,9374400,0.0,0.0,1.4532637811292397,2.1119756175420545
2022-06-27,JNJ,Johnson & Johnson,181.63999938964844,183.3500061035156,181.5,182.1199951171875,162.27381896972656,5908600,0.0,0.0,-0.09331054882207088,0.008706858521476072
2022-06-28,JNJ,Johnson & Johnson,182.1699981689453,182.97000122070312,176.30999755859375,176.94000244140625,157.65830993652344,9245700,0.0,0.0,-2.8855053034896936,8.326140856467148
2022-06-29,JNJ,Johnson & Johnson,177.22000122070312,178.3000030517578,176.42999267578125,176.99000549316406,157.70289611816406,7097900,0.0,0.0,0.028276262952876167,0.0007995470465801972
2022-06-30,JNJ,Johnson & Johnson,176.86000061035156,178.2899932861328,175.02999877929688,177.50999450683594,158.1662139892578,10777200,0.0,0.0,0.2933608817998167,0.08606060697036601
2022-07-01,JNJ,Johnson & Johnson,177.4499969482422,179.72000122070312,176.69000244140625,179.52000427246094,159.95718383789062,5498400,0.0,0.0,1.1259711059200836,1.2678109313668962
2022-07-05,JNJ,Johnson & Johnson,178.8300018310547,179.1300048828125,174.61000061035156,178.13999938964844,158.72756958007812,5676400,0.0,0.0,-0.7716844602997323,0.595496906268089
2022-07-06,JNJ,Johnson & Johnson,178.07000732421875,179.44000244140625,177.41000366210938,178.3000030517578,158.8701171875,5335600,0.0,0.0,0.08976615569510153,0.00805796270827721
2022-07-07,JNJ,Johnson & Johnson,177.86000061035156,179.1199951171875,177.50999450683594,178.5,159.04830932617188,5725800,0.0,0.0,0.11209929495814606,0.012566251930113431
2022-07-08,JNJ,Johnson & Johnson,178.3300018310547,179.99000549316406,177.77000427246094,178.27999877929688,158.852294921875,3828300,0.0,0.0,-0.12331806012196823,0.015207343952245373
2022-07-11,JNJ,Johnson & Johnson,177.6999969482422,179.02000427246094,177.52000427246094,178.35000610351562,158.9146728515625,3645200,0.0,0.0,0.03926017290331426,0.0015413611763981311
2022-07-12,JNJ,Johnson & Johnson,177.97999572753906,178.4499969482422,175.1999969482422,175.85000610351562,156.6870880126953,4708800,0.0,0.0,-1.4116662881947957,1.992801709225672
2022-07-13,JNJ,Johnson & Johnson,175.66000366210938,176.3300018310547,174.5,175.44000244140625,156.32177734375,5291700,0.0,0.0,-0.23341884223860285,0.054484355912009765
2022-07-14,JNJ,Johnson & Johnson,172.52999877929688,176.00999450683594,172.3000030517578,175.67999267578125,156.53564453125,5359600,0.0,0.0,0.13671864936534509,0.018691989084284173
2022-07-15,JNJ,Johnson & Johnson,177.7100067138672,178.50999450683594,176.5500030517578,178.22999572753906,158.80772399902344,5691100,0.0,0.0,1.4410442792726919,2.076608614824552
2022-07-18,JNJ,Johnson & Johnson,177.74000549316406,178.19000244140625,173.91000366210938,174.22999572753906,155.24365234375,7605700,0.0,0.0,-2.2698354119510986,5.152152797347213
2022-07-19,JNJ,Johnson & Johnson,176.3300018310547,176.75,169.8800048828125,171.69000244140625,152.98043823242188,13256400,0.0,0.0,-1.46857747747123,2.1567198073357607
2022-07-20,JNJ,Johnson & Johnson,172.1999969482422,172.5500030517578,169.75999450683594,170.7100067138672,152.1072540283203,7455800,0.0,0.0,-0.5724167906390772,0.3276609822055412
2022-07-21,JNJ,Johnson & Johnson,170.0500030517578,171.38999938964844,169.77000427246094,171.30999755859375,152.64181518554688,5729200,0.0,0.0,0.3508208946239107,0.12307530010472105
2022-07-22,JNJ,Johnson & Johnson,171.60000610351562,172.49000549316406,171.05999755859375,172.1199951171875,153.36358642578125,4257000,0.0,0.0,0.471738456210903,0.22253717106824603
2022-07-25,JNJ,Johnson & Johnson,172.1199951171875,172.97999572753906,171.72000122070312,172.4600067138672,153.66650390625,4437300,0.0,0.0,0.19732110193292923,0.03893561726802545
2022-07-26,JNJ,Johnson & Johnson,172.55999755859375,174.97999572753906,172.49000549316406,173.67999267578125,154.75357055664062,4525500,0.0,0.0,0.7049289212878539,0.4969247840680573
2022-07-27,JNJ,Johnson & Johnson,172.6300048828125,174.10000610351562,171.1300048828125,173.1999969482422,154.3258819580078,4648500,0.0,0.0,-0.2767501159508424,0.07659062667880473
2022-07-28,JNJ,Johnson & Johnson,173.39999389648438,176.08999633789062,171.44000244140625,174.1999969482422,155.21690368652344,5513000,0.0,0.0,0.5757034121273672,0.3314344187350932
2022-07-29,JNJ,Johnson & Johnson,173.7899932861328,174.85000610351562,172.91000366210938,174.52000427246094,155.50204467773438,6451400,0.0,0.0,0.18353632615896967,0.03368558301993169
2022-08-01,JNJ,Johnson & Johnson,174.1699981689453,175.16000366210938,173.5399932861328,173.91000366210938,154.95851135253906,5461400,0.0,0.0,-0.35014681895031696,0.12260279482102604
2022-08-02,JNJ,Johnson & Johnson,175.00999450683594,175.49000549316406,172.6999969482422,172.9199981689453,154.0763702392578,5794200,0.0,0.0,-0.5709022261177457,0.3259293517861976
2022-08-03,JNJ,Johnson & Johnson,172.5500030517578,175.25999450683594,171.77000427246094,174.58999633789062,155.56443786621094,5010000,0.0,0.0,0.9611647070339797,0.923837594047716
2022-08-04,JNJ,Johnson & Johnson,174.80999755859375,175.08999633789062,171.60000610351562,171.7899932861328,153.06951904296875,5651600,0.0,0.0,-1.6167846179233238,2.613992500753468
2022-08-05,JNJ,Johnson & Johnson,171.3000030517578,171.52999877929688,169.7899932861328,171.11000061035156,152.463623046875,5235500,0.0,0.0,-0.3966160830865552,0.15730431736292128
2022-08-08,JNJ,Johnson & Johnson,171.3000030517578,171.47999572753906,169.44000244140625,170.1999969482422,151.6527862548828,4629800,0.0,0.0,-0.5332423299226756,0.28434738242136365
2022-08-09,JNJ,Johnson & Johnson,170.5399932861328,171.1199951171875,169.72999572753906,170.17999267578125,151.6349334716797,5532500,0.0,0.0,-0.01177283619649654,0.0001385996721095391
2022-08-10,JNJ,Johnson & Johnson,171.02000427246094,171.24000549316406,169.52999877929688,170.6699981689453,152.07154846191406,5603400,0.0,0.0,0.28752451264599316,0.08267034537231588
2022-08-11,JNJ,Johnson & Johnson,168.52000427246094,169.9499969482422,166.97999572753906,167.13999938964844,148.9262237548828,9328700,0.0,0.0,-2.090008292341215,4.368134662055041
2022-08-12,JNJ,Johnson & Johnson,167.5399932861328,167.94000244140625,165.14999389648438,165.3000030517578,147.28675842285156,14606900,0.0,0.0,-1.1069616605774457,1.225364117988376
2022-08-15,JNJ,Johnson & Johnson,166.0,166.75,165.1300048828125,166.08999633789062,147.9906463623047,10072000,0.0,0.0,0.47676473807599995,0.22730461547267683
2022-08-16,JNJ,Johnson & Johnson,165.86000061035156,168.25,165.60000610351562,167.57000732421875,149.3094024658203,7453600,0.0,0.0,0.8871608048106796,0.7870542935923328
2022-08-17,JNJ,Johnson & Johnson,166.41000366210938,168.55999755859375,166.41000366210938,167.5800018310547,149.31832885742188,7406600,0.0,0.0,0.005978273728743,3.573975677577873e-05
2022-08-18,JNJ,Johnson & Johnson,167.67999267578125,168.3000030517578,165.92999267578125,166.77000427246094,148.59658813476562,8312100,0.0,0.0,-0.48452903396608543,0.23476838475610798
2022-08-19,JNJ,Johnson & Johnson,167.10000610351562,170.1199951171875,167.0,169.30999755859375,150.85980224609375,8128500,0.0,0.0,1.5115771622825438,2.284865517534148
2022-08-22,JNJ,Johnson & Johnson,168.89999389648438,168.9199981689453,167.1699981689453,167.58999633789062,150.33056640625,5462600,1.13,0.0,-0.35142981954995944,0.12350291806891706
2022-08-23,JNJ,Johnson & Johnson,167.0,167.77000427246094,165.8000030517578,166.1300048828125,149.02088928222656,5566300,0.0,0.0,-0.875015274140072,0.7656517299784253
2022-08-24,JNJ,Johnson & Johnson,166.55999755859375,166.58999633789062,165.07000732421875,165.5800018310547,148.52755737304688,5684300,0.0,0.0,-0.3315980081699321,0.10995723902226637
2022-08-25,JNJ,Johnson & Johnson,165.9499969482422,167.24000549316406,164.6999969482422,167.1300048828125,149.9179229736328,5678700,0.0,0.0,0.9317451600614025,0.8681490432978486
2022-08-26,JNJ,Johnson & Johnson,167.4600067138672,167.5,164.1999969482422,164.27000427246094,147.35244750976562,5667100,0.0,0.0,-1.7260644938760439,2.9792986370195633
2022-08-29,JNJ,Johnson & Johnson,163.47000122070312,163.83999633789062,162.02000427246094,163.0,146.21324157714844,5259200,0.0,0.0,-0.7761204346574802,0.6023629290929159
2022-08-30,JNJ,Johnson & Johnson,163.3000030517578,163.5399932861328,162.02999877929688,162.42999267578125,145.70196533203125,6973300,0.0,0.0,-0.350291287204567,0.12270398589143243
2022-08-31,JNJ,Johnson & Johnson,163.22999572753906,163.5500030517578,161.27000427246094,161.33999633789062,144.72418212890625,8741700,0.0,0.0,-0.6733463264399032,0.4533952753301127
2022-09-01,JNJ,Johnson & Johnson,161.49000549316406,165.5,161.47999572753906,165.33999633789062,148.31227111816406,7509600,0.0,0.0,2.449025221344117,5.997724534779602
2022-09-02,JNJ,Johnson & Johnson,165.86000061035156,166.1999969482422,162.00999450683594,162.74000549316406,145.9800567626953,5803700,0.0,0.0,-1.5849976092170603,2.5122174212237973
2022-09-06,JNJ,Johnson & Johnson,163.94000244140625,166.22000122070312,162.82000732421875,163.17999267578125,146.37469482421875,7394600,0.0,0.0,0.26997221633963076,0.07288499759533239
2022-09-07,JNJ,Johnson & Johnson,162.91000366210938,164.4199981689453,162.16000366210938,164.07000732421875,147.17308044433594,4590600,0.0,0.0,0.5439575128809245,0.2958897758196012
2022-09-08,JNJ,Johnson & Johnson,163.8800048828125,165.4199981689453,163.0800018310547,165.38999938964844,148.3571014404297,5838400,0.0,0.0,0.8012902937362488,0.6420661348359239
2022-09-09,JNJ,Johnson & Johnson,164.99000549316406,166.1999969482422,164.38999938964844,165.7100067138672,148.6441650390625,5500600,0.0,0.0,0.1933080565124487,0.03736800471262006
2022-09-12,JNJ,Johnson & Johnson,166.11000061035156,166.57000732421875,165.22000122070312,165.63999938964844,148.5813446044922,6365300,0.0,0.0,-0.04227122737955457,0.0017868566641740039
2022-09-13,JNJ,Johnson & Johnson,163.57000732421875,164.44000244140625,160.80999755859375,161.3300018310547,144.71527099609375,6726400,0.0,0.0,-2.6364419750322874,6.9508262877121485
2022-09-14,JNJ,Johnson & Johnson,162.3800048828125,165.36000061035156,162.3800048828125,164.66000366210938,147.7023162841797,9555700,0.0,0.0,2.04307081388765,4.174138350559544
2022-09-15,JNJ,Johnson & Johnson,164.4499969482422,166.07000732421875,164.10000610351562,165.0800018310547,148.0790557861328,7174500,0.0,0.0,0.2547420096465057,0.06489349147874039
2022-09-16,JNJ,Johnson & Johnson,165.32000732421875,167.6300048828125,164.75,167.60000610351562,150.3395233154297,20201500,0.0,0.0,1.5149933165927727,2.295204749320769
2022-09-19,JNJ,Johnson & Johnson,166.3000030517578,166.42999267578125,164.0800018310547,166.27999877929688,149.1554412841797,7380900,0.0,0.0,-0.7907232779831418,0.625243302344405
2022-09-20,JNJ,Johnson & Johnson,165.22000122070312,165.89999389648438,164.32000732421875,164.97000122070312,147.9803924560547,7143400,0.0,0.0,-0.79092106718948,0.6255561345241459
2022-09-21,JNJ,Johnson & Johnson,165.02000427246094,166.8000030517578,163.24000549316406,163.27999877929688,146.4644317626953,8071200,0.0,0.0,-1.0297169205456498,1.060316936458016
2022-09-22,JNJ,Johnson & Johnson,163.14999389648438,167.16000366210938,162.8300018310547,166.17999267578125,149.0657501220703,7401100,0.0,0.0,1.760487222197156,3.099315259519458
2022-09-23,JNJ,Johnson & Johnson,165.74000549316406,167.47999572753906,164.66000366210938,166.72000122070312,149.55018615722656,9598600,0.0,0.0,0.3244545258814196,0.10527073936493678
2022-09-26,JNJ,Johnson & Johnson,165.8000030517578,166.83999633789062,164.3800048828125,165.6999969482422,148.63519287109375,8735500,0.0,0.0,-0.613709606398295,0.3766394809855501
2022-09-27,JNJ,Johnson & Johnson,166.36000061035156,167.6699981689453,164.39999389648438,164.94000244140625,147.95346069335938,8686700,0.0,0.0,-0.4597164255477526,0.21133919191840236
2022-09-28,JNJ,Johnson & Johnson,166.25,167.3800048828125,165.10000610351562,166.36000061035156,149.22723388671875,8660900,0.0,0.0,0.8572434327144629,0.7348663029320759
2022-09-29,JNJ,Johnson & Johnson,166.47999572753906,167.1699981689453,163.88999938964844,164.52999877929688,147.58567810058594,7008100,0.0,0.0,-1.1061328245761144,1.2235298256047331
2022-09-30,JNJ,Johnson & Johnson,165.0,165.74000549316406,163.32000732421875,163.36000061035156,146.5362091064453,8985200,0.0,0.0,-0.7136316565644207,0.5092701412508793
2022-10-03,JNJ,Johnson & Johnson,164.2899932861328,164.3800048828125,161.6999969482422,163.1999969482422,146.39263916015625,8657000,0.0,0.0,-0.09802377514853389,0.00960866049437033
2022-10-04,JNJ,Johnson & Johnson,163.85000610351562,166.0,162.9199981689453,165.6199951171875,148.56341552734375,6236100,0.0,0.0,1.471958637254591,2.1666622297883924
2022-10-05,JNJ,Johnson & Johnson,165.02000427246094,166.0399932861328,164.2100067138672,165.11000061035156,148.10594177246094,4539400,0.0,0.0,-0.3084067202966681,0.09511470512414727
2022-10-06,JNJ,Johnson & Johnson,164.7899932861328,165.0,161.69000244140625,161.91000366210938,145.2355194091797,5890700,0.0,0.0,-1.957114396680026,3.830296761692222
2022-10-07,JNJ,Johnson & Johnson,161.77000427246094,162.22000122070312,159.1699981689453,160.1999969482422,143.70159912109375,6363500,0.0,0.0,-1.0617775290890648,1.1273715212784798
2022-10-10,JNJ,Johnson & Johnson,160.6300048828125,161.27999877929688,159.17999267578125,160.41000366210938,143.88998413085938,5315600,0.0,0.0,0.1310087274319197,0.017163286663331032
2022-10-11,JNJ,Johnson & Johnson,160.3699951171875,164.11000061035156,160.3699951171875,162.72999572753906,145.97103881835938,6212200,0.0,0.0,1.4359229285024404,2.0618746565990245
2022-10-12,JNJ,Johnson & Johnson,162.94000244140625,164.8800048828125,162.5,162.69000244140625,145.93519592285156,4341700,0.0,0.0,-0.02455781440894639,0.000603086248544255
2022-10-13,JNJ,Johnson & Johnson,160.88999938964844,165.99000549316406,160.75,165.14999389648438,148.141845703125,6465100,0.0,0.0,1.5007572059234082,2.252272191131035
2022-10-14,JNJ,Johnson & Johnson,164.44000244140625,165.67999267578125,163.60000610351562,164.4600067138672,147.5229034423828,5684600,0.0,0.0,-0.41867903878406193,0.17529213751714603
2022-10-17,JNJ,Johnson & Johnson,165.39999389648438,167.2100067138672,165.00999450683594,166.58999633789062,149.43353271484375,6710800,0.0,0.0,1.286825544192939,1.6559199811874536
2022-10-18,JNJ,Johnson & Johnson,165.0,167.1699981689453,163.0500030517578,166.00999450683594,148.9132537841797,10883600,0.0,0.0,-0.3487749703463413,0.12164397994009125
2022-10-19,JNJ,Johnson & Johnson,166.0,166.25,163.88999938964844,164.69000244140625,147.7292022705078,10044600,0.0,0.0,-0.7983063635898315,0.6372930501480203
2022-10-20,JNJ,Johnson & Johnson,165.0,165.74000549316406,164.3300018310547,165.11000061035156,148.10594177246094,5659900,0.0,0.0,0.2546957068475844,0.06486990308659066
2022-10-21,JNJ,Johnson & Johnson,164.7100067138672,169.3699951171875,164.42999267578125,168.7100067138672,151.33522033691406,8487600,0.0,0.0,2.156953801007586,4.652449699681074
2022-10-24,JNJ,Johnson & Johnson,169.80999755859375,172.0800018310547,169.25,170.97999572753906,153.3714141845703,6855500,0.0,0.0,1.3365144875913062,1.7862709755414519
2022-10-25,JNJ,Johnson & Johnson,170.1699981689453,171.11000061035156,168.52000427246094,170.7100067138672,153.12925720214844,5661900,0.0,0.0,-0.15801403090697294,0.0249684339634698
2022-10-26,JNJ,Johnson & Johnson,171.32000732421875,172.57000732421875,170.52000427246094,172.2100067138672,154.47474670410156,6123800,0.0,0.0,0.8748248175719796,0.7653184614398474
2022-10-27,JNJ,Johnson & Johnson,172.35000610351562,173.42999267578125,171.72000122070312,172.30999755859375,154.56448364257812,5390900,0.0,0.0,0.05807478933857581,0.0033726811567199584
2022-10-28,JNJ,Johnson & Johnson,173.0,175.38999938964844,172.58999633789062,174.8699951171875,156.86080932617188,6073900,0.0,0.0,1.4747468197743479,2.174878182434553
2022-10-31,JNJ,Johnson & Johnson,174.52000427246094,175.16000366210938,173.4199981689453,173.97000122070312,156.0535125732422,7810000,0.0,0.0,-0.5159869571760141,0.26624253997576175
2022-11-01,JNJ,Johnson & Johnson,174.05999755859375,174.6300048828125,170.4199981689453,173.08999633789062,155.2641143798828,6985000,0.0,0.0,-0.5071347182833245,0.25718562248830684
2022-11-02,JNJ,Johnson & Johnson,172.88999938964844,173.94000244140625,170.2899932861328,170.42999267578125,152.87806701660156,6877300,0.0,0.0,-1.5486974504293411,2.3984637929663415
2022-11-03,JNJ,Johnson & Johnson,169.80999755859375,171.47000122070312,168.94000244140625,170.72000122070312,153.13818359375,4819900,0.0,0.0,0.17000184746773228,0.02890062814244211
2022-11-04,JNJ,Johnson & Johnson,171.55999755859375,172.5,169.24000549316406,171.47999572753906,153.81993103027344,5300900,0.0,0.0,0.44419647177218313,0.19731050553485588
2022-11-07,JNJ,Johnson & Johnson,171.6699981689453,173.85000610351562,171.44000244140625,172.97999572753906,155.1654815673828,6621000,0.0,0.0,0.8709531181115923,0.7585593339483052
2022-11-08,JNJ,Johnson & Johnson,173.1300048828125,174.69000244140625,172.17999267578125,173.83999633789062,155.9368896484375,5148400,0.0,0.0,0.4959201429545557,0.24593678818806697
2022-11-09,JNJ,Johnson & Johnson,174.27000427246094,175.0,172.33999633789062,172.4499969482422,154.69003295898438,6150000,0.0,0.0,-0.8028044546732307,0.6444949924431833
2022-11-10,JNJ,Johnson & Johnson,174.35000610351562,174.77000427246094,172.0399932861328,174.47000122070312,156.50198364257812,7877500,0.0,0.0,1.1645357619039212,1.3561435407531461
2022-11-11,JNJ,Johnson & Johnson,172.72999572753906,173.11000061035156,166.82000732421875,169.25,151.819580078125,11074700,0.0,0.0,-3.037584226687669,9.226917934221724
2022-11-14,JNJ,Johnson & Johnson,170.25,173.25999450683594,170.25,171.91000366210938,154.20565795898438,6581500,0.0,0.0,1.5594310131644065,2.4318250848189673
2022-11-15,JNJ,Johnson & Johnson,172.19000244140625,173.0,170.52000427246094,172.38999938964844,154.63619995117188,9351000,0.0,0.0,0.2788108283016131,0.07773547797823156
2022-11-16,JNJ,Johnson & Johnson,173.63999938964844,174.99000549316406,173.1300048828125,173.4600067138672,155.5960235595703,5500900,0.0,0.0,0.6187794807877443,0.38288804584395036
2022-11-17,JNJ,Johnson & Johnson,173.0,174.99000549316406,172.97999572753906,174.86000061035156,156.851806640625,4464100,0.0,0.0,0.8038396952206844,0.6461582556124829
2022-11-18,JNJ,Johnson & Johnson,175.0,176.63999938964844,174.6199951171875,176.1999969482422,158.05384826660156,6555700,0.0,0.0,0.7634333937550224,0.5828305467003111
2022-11-21,JNJ,Johnson & Johnson,175.88999938964844,176.5500030517578,174.8300018310547,175.97000122070312,158.86636352539062,5706600,1.13,0.0,0.5127581067934139,0.2629208760823661
2022-11-22,JNJ,Johnson & Johnson,176.39999389648438,177.19000244140625,176.3300018310547,176.82000732421875,159.6337432861328,4707900,0.0,0.0,0.4818718921679293,0.2322005204615005
2022-11-23,JNJ,Johnson & Johnson,176.44000244140625,177.39999389648438,176.00999450683594,177.00999450683594,159.8052520751953,5389200,0.0,0.0,0.10738125778832394,0.01153073452420248
2022-11-25,JNJ,Johnson & Johnson,177.3800048828125,178.1199951171875,176.86000061035156,177.24000549316406,160.01292419433594,3058600,0.0,0.0,0.12986888409605904,0.016865927056355617
2022-11-28,JNJ,Johnson & Johnson,176.75,177.77000427246094,176.55999755859375,177.3300018310547,160.09414672851562,6183100,0.0,0.0,0.05074710514117226,0.0025752686802091923
2022-11-29,JNJ,Johnson & Johnson,177.00999450683594,177.25999450683594,174.66000366210938,176.08999633789062,158.9746551513672,6700500,0.0,0.0,-0.7017271286891837,0.49242096313836625
2022-11-30,JNJ,Johnson & Johnson,176.3699951171875,178.00999450683594,174.77999877929688,178.0,160.69906616210938,13288000,0.0,0.0,1.078867371244509,1.163954804736037
2022-12-01,JNJ,Johnson & Johnson,179.0,179.9600067138672,177.77000427246094,178.74000549316406,161.3671417236328,6282600,0.0,0.0,0.41486905697527343,0.17211633443555266
2022-12-02,JNJ,Johnson & Johnson,177.5,178.9600067138672,176.9600067138672,178.8800048828125,161.49351501464844,5823900,0.0,0.0,0.07828349155087937,0.006128305049396601
2022-12-05,JNJ,Johnson & Johnson,178.36000061035156,179.36000061035156,178.0,178.77999877929688,161.40322875976562,5120600,0.0,0.0,-0.05592268053273468,0.0031273461979663022
2022-12-06,JNJ,Johnson & Johnson,179.9199981689453,180.0,175.92999267578125,176.10000610351562,158.9837188720703,7943500,0.0,0.0,-1.5103960396809497,2.281296196683897
2022-12-07,JNJ,Johnson & Johnson,176.57000732421875,177.8800048828125,176.22999572753906,177.1699981689453,159.94972229003906,5702600,0.0,0.0,0.6057730217898832,0.36696095392844635
2022-12-08,JNJ,Johnson & Johnson,176.82000732421875,177.47000122070312,176.33999633789062,177.1999969482422,159.976806640625,4798500,0.0,0.0,0.016931606604287924,0.00028667930220236645
2022-12-09,JNJ,Johnson & Johnson,177.1199951171875,177.88999938964844,175.66000366210938,175.74000549316406,158.65870666503906,4561000,0.0,0.0,-0.8273450002869607,0.684499749499831
2022-12-12,JNJ,Johnson & Johnson,175.9499969482422,177.8699951171875,175.60000610351562,177.83999633789062,160.55459594726562,4882400,0.0,0.0,1.1878650166048985,1.4110232976737558
2022-12-13,JNJ,Johnson & Johnson,179.10000610351562,180.1999969482422,178.30999755859375,179.2100067138672,161.79144287109375,9177500,0.0,0.0,0.7674069756347806,0.5889134662529206
2022-12-14,JNJ,Johnson & Johnson,178.5800018310547,181.0399932861328,178.5800018310547,179.75999450683594,162.2879638671875,9533600,0.0,0.0,0.3064195837615999,0.09389296131263213
2022-12-15,JNJ,Johnson & Johnson,179.1999969482422,179.83999633789062,176.39999389648438,177.49000549316406,160.23863220214844,7602400,0.0,0.0,-1.2708156598919886,1.6149724414267106
2022-12-16,JNJ,Johnson & Johnson,177.0,177.0,174.86000061035156,175.6699981689453,158.5955352783203,18841800,0.0,0.0,-1.0306997414215542,1.0623419569664587
2022-12-19,JNJ,Johnson & Johnson,175.35000610351562,176.1699981689453,174.07000732421875,175.47999572753906,158.4239501953125,5736000,0.0,0.0,-0.10824892956122462,0.011717830751150968
2022-12-20,JNJ,Johnson & Johnson,176.0,176.44000244140625,175.1699981689453,175.6699981689453,158.5955352783203,6174700,0.0,0.0,0.10824892956122988,0.011717830751152108
2022-12-21,JNJ,Johnson & Johnson,176.27000427246094,178.17999267578125,175.64999389648438,177.67999267578125,160.41017150878906,5472000,0.0,0.0,1.1376948844067432,1.2943496500052727
2022-12-22,JNJ,Johnson & Johnson,176.77000427246094,177.50999450683594,175.33999633789062,177.02999877929688,159.82333374023438,5709100,0.0,0.0,-0.3665065746320632,0.1343270692485281
2022-12-23,JNJ,Johnson & Johnson,176.6699981689453,177.52000427246094,175.80999755859375,177.47999572753906,160.22955322265625,3683400,0.0,0.0,0.2538453593766382,0.0644374664770546
2022-12-27,JNJ,Johnson & Johnson,178.11000061035156,178.35000610351562,176.99000549316406,177.42999267578125,160.18443298339844,3067300,0.0,0.0,-0.0281637141314052,0.0007931947936755129
2022-12-28,JNJ,Johnson & Johnson,177.75999450683594,178.4499969482422,176.64999389648438,176.66000366210938,159.48928833007812,2645400,0.0,0.0,-0.4349095359881978,0.18914630449346953
2022-12-29,JNJ,Johnson & Johnson,177.5500030517578,178.3000030517578,177.07000732421875,177.55999755859375,160.3018341064453,2828800,0.0,0.0,0.5081739097564456,0.25824072255715214
2022-12-30,JNJ,Johnson & Johnson,177.49000549316406,177.77000427246094,175.39999389648438,176.64999389648438,159.48025512695312,4216600,0.0,0.0,-0.5138379007629269,0.2640293882604515
2023-01-03,JNJ,Johnson & Johnson,176.16000366210938,178.3800048828125,176.00999450683594,178.19000244140625,160.8705596923828,6344900,0.0,0.0,0.8679942301131991,0.7534139835098053
2023-01-04,JNJ,Johnson & Johnson,178.88999938964844,180.19000244140625,178.47999572753906,180.1300048828125,162.62200927734375,9788800,0.0,0.0,1.0828481807208146,1.172560182490378
2023-01-05,JNJ,Johnson & Johnson,179.02000427246094,179.99000549316406,178.41000366210938,178.8000030517578,161.42129516601562,6255300,0.0,0.0,-0.7410858920458084,0.5492082993893317
2023-01-06,JNJ,Johnson & Johnson,180.1300048828125,180.92999267578125,179.38999938964844,180.25,162.7303466796875,5706000,0.0,0.0,0.807682862600513,0.6523516065385592
2023-01-09,JNJ,Johnson & Johnson,179.3000030517578,179.75999450683594,175.17999267578125,175.5800018310547,158.51425170898438,7925300,0.0,0.0,-2.6250010648249633,6.890630590332191
2023-01-10,JNJ,Johnson & Johnson,175.6999969482422,176.13999938964844,174.32000732421875,175.16000366210938,158.1350860595703,5047500,0.0,0.0,-0.23948626155811248,0.057353669475080665
2023-01-11,JNJ,Johnson & Johnson,175.57000732421875,175.72000122070312,172.11000061035156,174.8800048828125,157.88230895996094,6494800,0.0,0.0,-0.15997673387810873,0.025592555382307224
2023-01-12,JNJ,Johnson & Johnson,174.25999450683594,174.7100067138672,172.8000030517578,174.0,157.08782958984375,4269400,0.0,0.0,-0.5044802397680268,0.2545003123164058
2023-01-13,JNJ,Johnson & Johnson,173.19000244140625,174.00999450683594,172.3800048828125,173.42999267578125,156.5732421875,6088000,0.0,0.0,-0.32811713682039934,0.10766085547521666
2023-01-17,JNJ,Johnson & Johnson,174.0,174.5800018310547,172.08999633789062,172.36000061035156,155.6072540283203,6053300,0.0,0.0,-0.6188671322978234,0.3829965274385317
2023-01-18,JNJ,Johnson & Johnson,171.64999389648438,172.0,169.7100067138672,169.75999450683594,153.25994873046875,7047800,0.0,0.0,-1.5199739361204931,2.310320766485625
2023-01-19,JNJ,Johnson & Johnson,169.02999877929688,171.27999877929688,168.7100067138672,169.52999877929688,153.05230712890625,6939500,0.0,0.0,-0.13557513902588705,0.018380618321888604
2023-01-20,JNJ,Johnson & Johnson,170.10000610351562,170.11000061035156,167.47999572753906,168.74000549316406,152.3390655517578,8620600,0.0,0.0,-0.4671008664707558,0.21818321945773086
2023-01-23,JNJ,Johnson & Johnson,169.10000610351562,169.6300048828125,167.9499969482422,168.30999755859375,151.9508819580078,8425400,0.0,0.0,-0.2551407350167183,0.06509679466487127
2023-01-24,JNJ,Johnson & Johnson,169.02000427246094,170.99000549316406,166.00999450683594,168.30999755859375,151.9508819580078,10541800,0.0,0.0,0.0,0.0
2023-01-25,JNJ,Johnson & Johnson,167.1699981689453,169.50999450683594,167.0800018310547,169.50999450683594,153.0342254638672,7099800,0.0,0.0,0.7104268607950895,0.5047063245391655
2023-01-26,JNJ,Johnson & Johnson,169.5500030517578,169.91000366210938,168.64999389648438,168.88999938964844,152.4744873046875,6946100,0.0,0.0,-0.36643065293563676,0.1342714234108371
2023-01-27,JNJ,Johnson & Johnson,168.5399932861328,168.8699951171875,167.77000427246094,168.22999572753906,151.87863159179688,6058100,0.0,0.0,-0.39155601646965654,0.15331611403358594
2023-01-30,JNJ,Johnson & Johnson,167.92999267578125,168.5399932861328,161.0800018310547,162.0,146.2541961669922,23259100,0.0,0.0,-3.773554808398405,14.239715891986723
2023-01-31,JNJ,Johnson & Johnson,161.6999969482422,163.42999267578125,161.0500030517578,163.4199981689453,147.53614807128906,11612500,0.0,0.0,0.8727039983991403,0.7616122688218466
2023-02-01,JNJ,Johnson & Johnson,162.99000549316406,165.97999572753906,162.39999389648438,164.9199981689453,148.890380859375,9865300,0.0,0.0,0.913711883135084,0.8348694053822614
2023-02-02,JNJ,Johnson & Johnson,163.0,166.22000122070312,162.82000732421875,165.5399932861328,149.4501190185547,10099000,0.0,0.0,0.375234885088471,0.14080121898735806
2023-02-03,JNJ,Johnson & Johnson,166.02999877929688,166.33999633789062,163.88999938964844,164.61000061035156,148.6105194091797,6868500,0.0,0.0,-0.563376522640124,0.31739310626207806
2023-02-06,JNJ,Johnson & Johnson,164.5500030517578,164.85000610351562,163.10000610351562,163.36000061035156,147.48202514648438,7021000,0.0,0.0,-0.7622614940048902,0.5810425852425672
2023-02-07,JNJ,Johnson & Johnson,161.60000610351562,163.8800048828125,161.4199981689453,163.39999389648438,147.51808166503906,7310800,0.0,0.0,0.02444508859604059,0.0005975623564682737
2023-02-08,JNJ,Johnson & Johnson,163.3000030517578,164.55999755859375,162.89999389648438,163.61000061035156,147.70770263671875,6054700,0.0,0.0,0.12845829045958893,0.016501532387800114
2023-02-09,JNJ,Johnson & Johnson,163.6300048828125,164.8000030517578,161.07000732421875,161.39999389648438,145.71250915527344,7949500,0.0,0.0,-1.3599773653789868,1.8495384343431702
2023-02-10,JNJ,Johnson & Johnson,161.77000427246094,162.7899932861328,161.35000610351562,162.14999389648438,146.3896026611328,7028000,0.0,0.0,0.463601385391013,0.21492624453646655
2023-02-13,JNJ,Johnson & Johnson,161.3300018310547,162.82000732421875,161.14999389648438,162.75,146.9313201904297,6414700,0.0,0.0,0.3693689082478858,0.13643339038023508
2023-02-14,JNJ,Johnson & Johnson,162.74000549316406,162.97000122070312,161.75999450683594,162.0399932861328,146.2903289794922,6316000,0.0,0.0,-0.43720662085856254,0.19114962932256285
2023-02-15,JNJ,Johnson & Johnson,161.9499969482422,161.97999572753906,159.2899932861328,159.3699951171875,143.8798065185547,12621800,0.0,0.0,-1.6614927720077375,2.7605582314339556
2023-02-16,JNJ,Johnson & Johnson,159.07000732421875,159.64999389648438,157.9199981689453,158.24000549316406,142.85963439941406,11177000,0.0,0.0,-0.7115703514119608,0.5063323650085414
2023-02-17,JNJ,Johnson & Johnson,157.02000427246094,161.11000061035156,156.6199951171875,160.38999938964844,145.8421630859375,12401900,1.13,0.0,2.066239160103807,4.269344266746486
2023-02-21,JNJ,Johnson & Johnson,159.64999389648438,160.35000610351562,157.88999938964844,158.0,143.66893005371094,9423900,0.0,0.0,-1.5013406425950167,2.2540237251076176
2023-02-22,JNJ,Johnson & Johnson,158.5,158.85000610351562,157.3699951171875,157.77999877929688,143.4688720703125,9820200,0.0,0.0,-0.13934634470994883,0.019417403784023884
2023-02-23,JNJ,Johnson & Johnson,157.7100067138672,158.58999633789062,156.6699981689453,157.72999572753906,143.42337036132812,9385100,0.0,0.0,-0.0317204180776968,0.001006184923023874
2023-02-24,JNJ,Johnson & Johnson,156.64999389648438,156.85000610351562,155.2100067138672,155.97000122070312,141.82305908203125,8689700,0.0,0.0,-1.12206703009472,1.2590344200255852
2023-02-27,JNJ,Johnson & Johnson,156.4499969482422,156.89999389648438,155.0800018310547,155.6300048828125,141.513916015625,7267100,0.0,0.0,-0.21821591691186557,0.047618186393686215
2023-02-28,JNJ,Johnson & Johnson,154.97999572753906,155.27000427246094,153.0399932861328,153.25999450683594,139.3588409423828,9062300,0.0,0.0,-1.5345862581740237,2.3549549837765515
2023-03-01,JNJ,Johnson & Johnson,153.00999450683594,153.24000549316406,151.91000366210938,152.57000732421875,138.7314453125,6767000,0.0,0.0,-0.4512179859288439,0.20359767082568236
2023-03-02,JNJ,Johnson & Johnson,151.75,152.75999450683594,151.22999572753906,152.4499969482422,138.622314453125,8762500,0.0,0.0,-0.07869434695898977,0.006192800243301863
2023-03-03,JNJ,Johnson & Johnson,153.3699951171875,154.1199951171875,152.83999633789062,154.02000427246094,140.0499267578125,5747200,0.0,0.0,1.0245905997114138,1.0497858970169944
2023-03-06,JNJ,Johnson & Johnson,154.66000366210938,155.72999572753906,154.57000732421875,155.55999755859375,141.4502410888672,8148200,0.0,0.0,0.9949023422363402,0.9898306705873559
2023-03-07,JNJ,Johnson & Johnson,156.08999633789062,156.25,153.35000610351562,154.08999633789062,140.1135711669922,7457700,0.0,0.0,-0.9494685789189057,0.9014905823542863
2023-03-08,JNJ,Johnson & Johnson,153.97999572753906,154.1999969482422,152.47999572753906,152.9600067138672,139.08609008789062,6230500,0.0,0.0,-0.7360221806469378,0.5417286504042735
2023-03-09,JNJ,Johnson & Johnson,153.4600067138672,153.60000610351562,150.7100067138672,151.24000549316406,137.52206420898438,7439400,0.0,0.0,-1.1308723353369177,1.278872238830374
2023-03-10,JNJ,Johnson & Johnson,151.86000061035156,153.49000549316406,151.10000610351562,151.61000061035156,137.85850524902344,8504300,0.0,0.0,0.2443463662632842,0.059705146706071036
2023-03-13,JNJ,Johnson & Johnson,152.08999633789062,155.91000366210938,151.57000732421875,153.05999755859375,139.17698669433594,10799600,0.0,0.0,0.9518573890589469,0.9060324891061154
2023-03-14,JNJ,Johnson & Johnson,153.27999877929688,154.02999877929688,151.89999389648438,153.9199981689453,139.95899963378906,8421200,0.0,0.0,0.5603111198028833,0.31394855097476104
2023-03-15,JNJ,Johnson & Johnson,152.83999633789062,154.88999938964844,152.52999877929688,154.35000610351562,140.35000610351562,7757700,0.0,0.0,0.27898263368499904,0.07783130989781836
2023-03-16,JNJ,Johnson & Johnson,153.4499969482422,154.3699951171875,152.60000610351562,154.02999877929688,140.05905151367188,7605500,0.0,0.0,-0.207521609132762,0.04306521825705085
2023-03-17,JNJ,Johnson & Johnson,154.47999572753906,154.9499969482422,152.3000030517578,152.3800048828125,138.55870056152344,20540700,0.0,0.0,-1.077006359875866,1.1599426992130633
2023-03-20,JNJ,Johnson & Johnson,152.47000122070312,154.07000732421875,152.3800048828125,153.88999938964844,139.9317169189453,7129000,0.0,0.0,0.9860500728396308,0.9722947461470411
2023-03-21,JNJ,Johnson & Johnson,154.0,154.1300048828125,152.1699981689453,153.88999938964844,139.9317169189453,8376800,0.0,0.0,0.0,0.0
2023-03-22,JNJ,Johnson & Johnson,153.85000610351562,154.05999755859375,151.02999877929688,151.0500030517578,137.3493194580078,7943500,0.0,0.0,-1.8627109606558265,3.469692122947352
2023-03-23,JNJ,Johnson & Johnson,151.17999267578125,151.69000244140625,150.11000061035156,151.1300048828125,137.4220428466797,9051500,0.0,0.0,0.05293374808785221,0.0028019816866281973
2023-03-24,JNJ,Johnson & Johnson,151.47999572753906,152.75999450683594,150.8300018310547,152.64999389648438,138.80416870117188,5696200,0.0,0.0,1.0007286283469403,1.0014577875931485
2023-03-27,JNJ,Johnson & Johnson,154.1999969482422,154.5399932861328,153.11000061035156,153.3000030517578,139.395263671875,6772300,0.0,0.0,0.42494397285235513,0.18057738006354312
2023-03-28,JNJ,Johnson & Johnson,152.38999938964844,153.4499969482422,151.72999572753906,151.82000732421875,138.04945373535156,6115300,0.0,0.0,-0.9701539857783638,0.9411987561216456
2023-03-29,JNJ,Johnson & Johnson,152.24000549316406,153.3800048828125,152.07000732421875,153.30999755859375,139.40432739257812,6012000,0.0,0.0,0.9766559470414373,0.9538568388914068
2023-03-30,JNJ,Johnson & Johnson,153.5800018310547,153.8000030517578,152.80999755859375,153.42999267578125,139.513427734375,4555700,0.0,0.0,0.0782311956522386,0.0061201199731788355
2023-03-31,JNJ,Johnson & Johnson,153.7899932861328,155.19000244140625,153.24000549316406,155.0,140.9410400390625,9890000,0.0,0.0,1.0180794385854943,1.0364857432705552
2023-04-03,JNJ,Johnson & Johnson,154.9499969482422,157.00999450683594,153.94000244140625,156.85000610351562,142.6232452392578,6841900,0.0,0.0,1.1864857613123552,1.4077484617969591
2023-04-04,JNJ,Johnson & Johnson,156.97000122070312,158.97000122070312,156.58999633789062,158.49000549316406,144.114501953125,8314500,0.0,0.0,1.0401631273563416,1.081939331511725
2023-04-05,JNJ,Johnson & Johnson,164.3699951171875,165.66000366210938,162.75999450683594,165.61000061035156,150.5886688232422,16704200,0.0,0.0,4.394393625556121,19.310695336328266
2023-04-06,JNJ,Johnson & Johnson,165.99000549316406,167.22999572753906,164.8000030517578,165.14999389648438,150.17039489746094,9615400,0.0,0.0,-0.27814569594113814,0.07736502817058007
2023-04-10,JNJ,Johnson & Johnson,164.6300048828125,164.83999633789062,163.63999938964844,164.32000732421875,149.4156951904297,5354000,0.0,0.0,-0.5038293355180592,0.25384399932856905
2023-04-11,JNJ,Johnson & Johnson,164.4199981689453,165.27999877929688,164.0399932861328,164.27000427246094,149.37022399902344,5903800,0.0,0.0,-0.03043730566731696,0.0009264295762856852
2023-04-12,JNJ,Johnson & Johnson,163.94000244140625,164.83999633789062,163.10000610351562,163.9199981689453,149.05197143554688,5764100,0.0,0.0,-0.21329022371446957,0.04549271953216848
2023-04-13,JNJ,Johnson & Johnson,164.17999267578125,166.3300018310547,163.80999755859375,166.11000061035156,151.0433349609375,5640600,0.0,0.0,1.3271735429270934,1.7613896130456534
2023-04-14,JNJ,Johnson & Johnson,165.97000122070312,166.1199951171875,164.05999755859375,165.83999633789062,150.79782104492188,7225100,0.0,0.0,-0.1626775973219885,0.02646400067045504
2023-04-17,JNJ,Johnson & Johnson,165.74000549316406,166.24000549316406,164.94000244140625,165.6699981689453,150.64321899414062,8046400,0.0,0.0,-0.10257532571998416,0.010521697446560846
2023-04-18,JNJ,Johnson & Johnson,164.25,164.69000244140625,159.64999389648438,161.00999450683594,146.40591430664062,14571500,0.0,0.0,-2.8531253927405786,8.14032450670108
2023-04-19,JNJ,Johnson & Johnson,161.99000549316406,162.67999267578125,161.1699981689453,162.52999877929688,147.78805541992188,6752000,0.0,0.0,0.9396190434965507,0.8828839469013728
2023-04-20,JNJ,Johnson & Johnson,162.42999267578125,163.82000732421875,160.9600067138672,163.5800018310547,148.74282836914062,9498800,0.0,0.0,0.6439641203447618,0.41468978829140285
2023-04-21,JNJ,Johnson & Johnson,164.44000244140625,164.97000122070312,161.97000122070312,162.69000244140625,147.93353271484375,7014200,0.0,0.0,-0.5455761010088365,0.29765328199200414
2023-04-24,JNJ,Johnson & Johnson,162.69000244140625,163.80999755859375,161.8699951171875,163.67999267578125,148.8336944580078,5278900,0.0,0.0,0.6066468406142586,0.3680203892272616
2023-04-25,JNJ,Johnson & Johnson,164.30999755859375,165.35000610351562,164.16000366210938,165.17999267578125,150.19769287109375,6263100,0.0,0.0,0.9122840818099012,0.8322622459237344
2023-04-26,JNJ,Johnson & Johnson,164.08999633789062,164.38999938964844,162.24000549316406,162.6199951171875,147.869873046875,5518200,0.0,0.0,-1.5619727993678068,2.4397590259649027
2023-04-27,JNJ,Johnson & Johnson,162.89999389648438,163.41000366210938,162.1300048828125,163.0,148.21542358398438,5739700,0.0,0.0,0.23341293737036253,0.05448159933186078
2023-04-28,JNJ,Johnson & Johnson,162.80999755859375,163.75999450683594,162.55999755859375,163.6999969482422,148.85191345214844,6024900,0.0,0.0,0.42851620678478725,0.18362613947722253
2023-05-01,JNJ,Johnson & Johnson,163.60000610351562,164.3000030517578,162.24000549316406,163.60000610351562,148.76097106933594,4893400,0.0,0.0,-0.06111454871270166,0.003734988064357184
2023-05-02,JNJ,Johnson & Johnson,164.33999633789062,165.47999572753906,163.55999755859375,165.02999877929688,150.061279296875,7541700,0.0,0.0,0.8702942523043014,0.7574120855939029
2023-05-03,JNJ,Johnson & Johnson,165.5500030517578,166.17999267578125,162.50999450683594,162.8699951171875,148.09719848632812,5937200,0.0,0.0,-1.3174934587249472,1.735789013783024
2023-05-04,JNJ,Johnson & Johnson,162.67999267578125,162.89999389648438,161.25,162.1300048828125,147.42433166503906,5128000,0.0,0.0,-0.45537662430349063,0.20736786996204246
2023-05-05,JNJ,Johnson & Johnson,162.83999633789062,163.1300048828125,161.69000244140625,162.67999267578125,147.9244384765625,5194500,0.0,0.0,0.33865540679257095,0.1146874845498417
2023-05-08,JNJ,Johnson & Johnson,161.99000549316406,162.57000732421875,161.33999633789062,162.30999755859375,147.58799743652344,4994900,0.0,0.0,-0.22770018754893637,0.051847375409820796
2023-05-09,JNJ,Johnson & Johnson,161.75,162.1300048828125,160.7899932861328,161.0500030517578,146.4423065185547,5520500,0.0,0.0,-0.7793051946421554,0.6073165863962477
2023-05-10,JNJ,Johnson & Johnson,161.1999969482422,161.97000122070312,160.05999755859375,161.64999389648438,146.9878387451172,6756600,0.0,0.0,0.3718314998686405,0.1382586642945628
2023-05-11,JNJ,Johnson & Johnson,161.8300018310547,162.19000244140625,159.38999938964844,160.99000549316406,146.38771057128906,5867600,0.0,0.0,-0.40911999128821164,0.16737916727166638
2023-05-12,JNJ,Johnson & Johnson,161.36000061035156,161.55999755859375,160.00999450683594,160.77999877929688,146.19674682617188,3904200,0.0,0.0,-0.13053582813798972,0.01703960242767079
2023-05-15,JNJ,Johnson & Johnson,160.8000030517578,161.02999877929688,158.94000244140625,159.5500030517578,145.07830810546875,5104500,0.0,0.0,-0.7679642994482578,0.5897691652270535
2023-05-16,JNJ,Johnson & Johnson,159.05999755859375,160.25,158.52999877929688,159.33999633789062,144.88739013671875,5599200,0.0,0.0,-0.13168315941902278,0.01734045447457577
2023-05-17,JNJ,Johnson & Johnson,159.7899932861328,160.05999755859375,157.77000427246094,158.99000549316406,144.56915283203125,6840700,0.0,0.0,-0.21988615606781964,0.04834992163028153
2023-05-18,JNJ,Johnson & Johnson,158.66000366210938,158.92999267578125,157.55999755859375,158.47999572753906,144.10537719726562,5173000,0.0,0.0,-0.3213141344550522,0.10324277300059936
2023-05-19,JNJ,Johnson & Johnson,158.58999633789062,159.92999267578125,158.13999938964844,158.91000366210938,144.49639892578125,6527100,0.0,0.0,0.2709768269870272,0.07342844076395727
2023-05-22,JNJ,Johnson & Johnson,158.0,159.13999938964844,156.77999877929688,156.8699951171875,143.71762084960938,5675900,1.19,0.0,-0.5404178270982658,0.2920514278456111
2023-05-23,JNJ,Johnson & Johnson,157.10000610351562,158.27000427246094,156.3699951171875,156.80999755859375,143.66268920898438,5793000,0.0,0.0,-0.03822923100250695,0.0014614741030430384
2023-05-24,JNJ,Johnson & Johnson,157.0800018310547,157.13999938964844,155.9199981689453,156.66000366210938,143.52528381347656,5015100,0.0,0.0,-0.0956902230594483,0.009156618789166971
2023-05-25,JNJ,Johnson & Johnson,156.0500030517578,156.2899932861328,153.72000122070312,154.41000366210938,141.4639129638672,6886100,0.0,0.0,-1.4466561001892508,2.0928138722147716
2023-05-26,JNJ,Johnson & Johnson,154.69000244140625,155.27999877929688,154.1999969482422,154.35000610351562,141.408935546875,6845400,0.0,0.0,-0.038870763294435895,0.0015109362390920648
2023-05-30,JNJ,Johnson & Johnson,153.97000122070312,155.3800048828125,153.32000732421875,154.3699951171875,141.42724609375,5593100,0.0,0.0,0.01294781084540417,0.00016764580568836586
2023-05-31,JNJ,Johnson & Johnson,154.6999969482422,155.69000244140625,153.85000610351562,155.05999755859375,142.0594024658203,11324600,0.0,0.0,0.44598743757878173,0.19890479447808773
2023-06-01,JNJ,Johnson & Johnson,154.5399932861328,155.0399932861328,153.14999389648438,154.5399932861328,141.58299255371094,7901300,0.0,0.0,-0.3359232388925248,0.11284442242804428
2023-06-02,JNJ,Johnson & Johnson,154.72000122070312,157.30999755859375,154.08999633789062,156.97000122070312,143.80926513671875,7659700,0.0,0.0,1.5601808963710377,2.4341644294011346
2023-06-05,JNJ,Johnson & Johnson,156.75,158.63999938964844,156.75,158.32000732421875,145.04608154296875,6430500,0.0,0.0,0.8563621750579499,0.7333561748699827
2023-06-06,JNJ,Johnson & Johnson,159.5800018310547,159.61000061035156,157.39999389648438,158.17999267578125,144.91783142089844,5073600,0.0,0.0,-0.08845937352854678,0.007825060765062963
2023-06-07,JNJ,Johnson & Johnson,158.10000610351562,158.8000030517578,157.44000244140625,158.52000427246094,145.2292938232422,6504300,0.0,0.0,0.21469281952526392,0.046093006755707544
2023-06-08,JNJ,Johnson & Johnson,158.5,160.4199981689453,157.82000732421875,160.25999450683594,146.82342529296875,5818400,0.0,0.0,1.0916846154170043,1.1917752995381727
2023-06-09,JNJ,Johnson & Johnson,160.4199981689453,160.72999572753906,159.47000122070312,160.00999450683594,146.59439086914062,6264400,0.0,0.0,-0.15611490354642701,0.02437186310931021
2023-06-12,JNJ,Johnson & Johnson,160.0,160.25,158.72999572753906,159.89999389648438,146.49359130859375,6510600,0.0,0.0,-0.06878450885101924,0.004731308657875944
2023-06-13,JNJ,Johnson & Johnson,159.72999572753906,160.83999633789062,159.14999389648438,160.74000549316406,147.26316833496094,6066800,0.0,0.0,0.5239564787564678,0.2745303916308769
2023-06-14,JNJ,Johnson & Johnson,161.60000610351562,162.0800018310547,160.97999572753906,161.55999755859375,148.01441955566406,6699100,0.0,0.0,0.5088451494338486,0.2589233861023557
2023-06-15,JNJ,Johnson & Johnson,162.0500030517578,163.91000366210938,161.42999267578125,163.72999572753906,150.0024871826172,7138300,0.0,0.0,1.3342176727897745,1.780136798384562
2023-06-16,JNJ,Johnson & Johnson,164.47999572753906,164.99000549316406,163.8699951171875,164.22999572753906,150.46058654785156,13426600,0.0,0.0,0.30492913122674353,0.09298177507069658
2023-06-20,JNJ,Johnson & Johnson,164.25999450683594,165.30999755859375,163.80999755859375,164.1300048828125,150.36892700195312,7995800,0.0,0.0,-0.06093786986075203,0.0037134239831659505
2023-06-21,JNJ,Johnson & Johnson,163.5800018310547,164.9199981689453,162.69000244140625,163.8800048828125,150.13990783691406,7177500,0.0,0.0,-0.15242094928772565,0.023232145781771435
2023-06-22,JNJ,Johnson & Johnson,163.89999389648438,165.72000122070312,163.7899932861328,165.6199951171875,151.73402404785156,5485900,0.0,0.0,1.0561567997339831,1.115467185624329
2023-06-23,JNJ,Johnson & Johnson,166.11000061035156,166.27000427246094,165.02999877929688,165.47999572753906,151.6057586669922,9450700,0.0,0.0,-0.08456878775075488,0.007151879861632229
2023-06-26,JNJ,Johnson & Johnson,164.97999572753906,164.97999572753906,161.3300018310547,163.6300048828125,149.91085815429688,6978800,0.0,0.0,-1.1242619945689294,1.2639650324321074
2023-06-27,JNJ,Johnson & Johnson,163.67999267578125,163.8800048828125,162.44000244140625,163.2899932861328,149.599365234375,4927500,0.0,0.0,-0.2080016025516094,0.043264666664037686
2023-06-28,JNJ,Johnson & Johnson,163.1999969482422,163.1999969482422,161.91000366210938,162.9600067138672,149.2970733642578,6780400,0.0,0.0,-0.20227204753648959,0.0409139812146039
2023-06-29,JNJ,Johnson & Johnson,162.63999938964844,164.32000732421875,162.22999572753906,164.10000610351562,150.3414764404297,4547500,0.0,0.0,0.697111440681772,0.48596436072941573
2023-06-30,JNJ,Johnson & Johnson,164.86000061035156,165.94000244140625,164.35000610351562,165.52000427246094,151.6424102783203,7580000,0.0,0.0,0.8615968884363455,0.7423491981631924
2023-07-03,JNJ,Johnson & Johnson,164.33999633789062,164.38999938964844,162.9600067138672,163.35000610351562,149.6543731689453,4033700,0.0,0.0,-1.3196728743918922,1.7415364954057588
2023-07-05,JNJ,Johnson & Johnson,162.99000549316406,163.9199981689453,162.72999572753906,162.80999755859375,149.15960693359375,7224600,0.0,0.0,-0.33115364102232037,0.10966273396233982
2023-07-06,JNJ,Johnson & Johnson,162.25,162.3699951171875,161.0,161.60000610351562,148.05108642578125,6332500,0.0,0.0,-0.7459527351040502,0.5564454830092134
2023-07-07,JNJ,Johnson & Johnson,160.47000122070312,161.0399932861328,159.1999969482422,159.25,145.89810180664062,7022200,0.0,0.0,-1.4648947547673425,2.1459166425448726
2023-07-10,JNJ,Johnson & Johnson,159.42999267578125,160.3000030517578,159.0,159.50999450683594,146.13629150390625,5739200,0.0,0.0,0.16312445077664292,0.026609586441181398
2023-07-11,JNJ,Johnson & Johnson,159.1300048828125,160.3000030517578,157.60000610351562,158.6300048828125,145.33009338378906,6606700,0.0,0.0,-0.5532028514755375,0.3060333948806656
2023-07-12,JNJ,Johnson & Johnson,158.94000244140625,158.94000244140625,157.8800048828125,158.0800018310547,144.82620239257812,6940400,0.0,0.0,-0.3473241870669569,0.12063409092172246
2023-07-13,JNJ,Johnson & Johnson,158.0,159.1300048828125,157.41000366210938,158.80999755859375,145.49496459960938,6401700,0.0,0.0,0.4607059118921392,0.21224993725236754
2023-07-14,JNJ,Johnson & Johnson,159.17999267578125,160.22999572753906,158.97999572753906,159.8699951171875,146.4661102294922,5362200,0.0,0.0,0.6652593754937678,0.44257003668235795
2023-07-17,JNJ,Johnson & Johnson,159.75,159.8699951171875,158.14999389648438,159.07000732421875,145.73321533203125,5486800,0.0,0.0,-0.501641427787455,0.2516441220726364
2023-07-18,JNJ,Johnson & Johnson,159.07000732421875,160.88999938964844,158.19000244140625,159.05999755859375,145.7240447998047,6332500,0.0,0.0,-0.006292883028848147,3.9600376814765026e-05
2023-07-19,JNJ,Johnson & Johnson,157.91000366210938,160.41000366210938,157.3300018310547,158.74000549316406,145.43087768554688,7522600,0.0,0.0,-0.20138228186774768,0.04055482345026097
2023-07-20,JNJ,Johnson & Johnson,161.94000244140625,169.13999938964844,161.3000030517578,168.3800048828125,154.2626190185547,21892900,0.0,0.0,5.895556203368286,34.757582947074276
2023-07-21,JNJ,Johnson & Johnson,168.17999267578125,170.82000732421875,168.17999267578125,170.19000244140625,155.92086791992188,12080000,0.0,0.0,1.0692153315992514,1.143221425326897
2023-07-24,JNJ,Johnson & Johnson,171.5,173.82000732421875,170.99000549316406,171.0800018310547,156.7362518310547,15155400,0.0,0.0,0.5215846421973944,0.272050538976184
2023-07-25,JNJ,Johnson & Johnson,170.4499969482422,172.67999267578125,169.75,172.38999938964844,157.93641662597656,13790100,0.0,0.0,0.7628057564239497,0.581872622033514
2023-07-26,JNJ,Johnson & Johnson,172.0,173.85000610351562,171.39999389648438,172.72000122070312,158.23873901367188,14288200,0.0,0.0,0.191237340720702,0.03657172048592587
2023-07-27,JNJ,Johnson & Johnson,172.17999267578125,174.2899932861328,172.0399932861328,173.69000244140625,159.12744140625,12446400,0.0,0.0,0.5600500433232865,0.31365605102641503
2023-07-28,JNJ,Johnson & Johnson,174.0,175.36000061035156,173.22999572753906,174.47999572753906,159.85118103027344,14138800,0.0,0.0,0.453786439006319,0.20592213222603567
2023-07-31,JNJ,Johnson & Johnson,169.69000244140625,170.22000122070312,166.7100067138672,167.52999877929688,153.48385620117188,22632700,0.0,0.0,-4.0647873675869075,16.5224963436941
2023-08-01,JNJ,Johnson & Johnson,166.3699951171875,169.08999633789062,166.05999755859375,168.88999938964844,154.72984313964844,15810300,0.0,0.0,0.8085258564391145,0.6537140605306035
2023-08-02,JNJ,Johnson & Johnson,168.85000610351562,171.24000549316406,168.85000610351562,169.91000366210938,155.66433715820312,14595600,0.0,0.0,0.6021355433470601,0.3625672125618593
2023-08-03,JNJ,Johnson & Johnson,169.9499969482422,171.32000732421875,169.6699981689453,170.63999938964844,156.33314514160156,17424800,0.0,0.0,0.42872718260294157,0.183806997102656
2023-08-04,JNJ,Johnson & Johnson,170.33999633789062,172.67999267578125,167.88999938964844,169.0399932861328,154.86729431152344,23415100,0.0,0.0,-0.9420691524450997,0.8874942879886285
2023-08-07,JNJ,Johnson & Johnson,169.49000549316406,173.33999633789062,169.36000061035156,173.10000610351562,158.58688354492188,17736400,0.0,0.0,2.3734019830654463,5.633036973218993
2023-08-08,JNJ,Johnson & Johnson,172.99000549316406,173.5500030517578,171.38999938964844,173.17999267578125,158.66018676757812,27378700,0.0,0.0,0.046212073062521286,0.0021355556967358057
2023-08-09,JNJ,Johnson & Johnson,173.0,174.25,172.0500030517578,173.07000732421875,158.5594024658203,42974400,0.0,0.0,-0.06354229598017683,0.004037623378432396
2023-08-10,JNJ,Johnson & Johnson,174.0,175.97000122070312,171.63999938964844,172.1699981689453,157.73486328125,48213800,0.0,0.0,-0.5213759095055603,0.27183283901275024
2023-08-11,JNJ,Johnson & Johnson,172.47999572753906,173.9499969482422,171.6199951171875,173.85000610351562,159.27398681640625,45905600,0.0,0.0,0.9710363786220505,0.9429116486074263
2023-08-14,JNJ,Johnson & Johnson,173.52000427246094,175.60000610351562,171.75,173.44000244140625,158.8983917236328,64036900,0.0,0.0,-0.23609545804330073,0.05574106530867597
2023-08-15,JNJ,Johnson & Johnson,172.8000030517578,174.55999755859375,172.13999938964844,172.94000244140625,158.4403076171875,88958100,0.0,0.0,-0.28870378908965194,0.08334987783472222
2023-08-16,JNJ,Johnson & Johnson,172.52999877929688,174.72999572753906,172.1300048828125,172.38999938964844,157.93641662597656,85832700,0.0,0.0,-0.3185388675387193,0.10146701013284976
2023-08-17,JNJ,Johnson & Johnson,172.86000061035156,175.38999938964844,172.75999450683594,174.00999450683594,159.42059326171875,70904200,0.0,0.0,0.9353424754726407,0.8748655464232875
2023-08-18,JNJ,Johnson & Johnson,173.1699981689453,173.99000549316406,171.30999755859375,172.49000549316406,158.0280303955078,49631700,0.0,0.0,-0.8773525509971424,0.7697474987411933
2023-08-21,JNJ,Johnson & Johnson,169.69000244140625,169.85000610351562,165.9600067138672,167.35000610351562,153.31898498535156,151319500,0.0,0.0,-3.0251804604593486,9.151716818345037
2023-08-22,JNJ,Johnson & Johnson,166.86000061035156,167.83999633789062,165.41000366210938,166.02000427246094,152.10047912597656,56834800,0.0,0.0,-0.7979270921564666,0.6366876443972744
2023-08-23,JNJ,Johnson & Johnson,165.89999389648438,166.5,163.47000122070312,164.52999877929688,150.73541259765625,119011400,0.0,0.0,-0.9015283928594365,0.8127534431317185
2023-08-24,JNJ,Johnson & Johnson,164.02999877929688,166.6699981689453,163.86000061035156,165.08999633789062,151.24844360351562,70755100,0.0,0.0,0.33977412294578246,0.1154464546235757
2023-08-25,JNJ,Johnson & Johnson,164.3000030517578,167.77999877929688,164.05999755859375,166.25,153.4170684814453,18185500,1.19,0.0,1.4236343916068583,2.02673488096583
2023-08-28,JNJ,Johnson & Johnson,165.0,166.2100067138672,163.1699981689453,164.2899932861328,151.6083526611328,18458000,0.0,0.0,-1.1859582149561945,1.4064968876220831
2023-08-29,JNJ,Johnson & Johnson,164.8699951171875,165.67999267578125,162.77000427246094,164.30999755859375,151.62681579589844,12208600,0.0,0.0,0.012177436332596266,0.00014828995563443561
2023-08-30,JNJ,Johnson & Johnson,165.11000061035156,165.8300018310547,163.67999267578125,163.72999572753906,151.0915985107422,9939100,0.0,0.0,-0.3536077209385346,0.12503842030734455
2023-08-31,JNJ,Johnson & Johnson,163.3699951171875,163.57000732421875,161.27999877929688,161.67999267578125,149.19984436035156,15333000,0.0,0.0,-1.2599620945829324,1.5875044797858102
2023-09-01,JNJ,Johnson & Johnson,161.4199981689453,162.47999572753906,160.00999450683594,160.47999572753906,148.09246826171875,8610100,0.0,0.0,-0.7449780388899738,0.5549922784283513
2023-09-05,JNJ,Johnson & Johnson,160.55999755859375,161.97000122070312,160.27999877929688,160.67999267578125,148.27700805664062,9019800,0.0,0.0,0.1245336200366867,0.015508622519441857
2023-09-06,JNJ,Johnson & Johnson,159.83999633789062,160.0,157.35000610351562,158.00999450683594,145.8131103515625,9753800,0.0,0.0,-1.675646478067499,2.807791119460013
2023-09-07,JNJ,Johnson & Johnson,159.13999938964844,161.05999755859375,158.97999572753906,160.02999877929688,147.67715454101562,9931800,0.0,0.0,1.270276719600623,1.6136029443593198
2023-09-08,JNJ,Johnson & Johnson,159.58999633789062,160.67999267578125,159.19000244140625,160.55999755859375,148.166259765625,6957000,0.0,0.0,0.33065172085949923,0.1093305605073482
2023-09-11,JNJ,Johnson & Johnson,161.05999755859375,162.69000244140625,160.4499969482422,162.66000366210938,150.10418701171875,6309300,0.0,0.0,1.2994613021950971,1.6885996759025776
2023-09-12,JNJ,Johnson & Johnson,162.22000122070312,163.92999267578125,161.52999877929688,163.5800018310547,150.95318603515625,6045800,0.0,0.0,0.5640129424327571,0.3181105992316566
2023-09-13,JNJ,Johnson & Johnson,163.75999450683594,164.9499969482422,163.0,163.99000549316406,151.3314971923828,7397500,0.0,0.0,0.2503013720044712,0.06265077682732069
2023-09-14,JNJ,Johnson & Johnson,164.67999267578125,165.27000427246094,163.44000244140625,163.74000549316406,151.100830078125,7758400,0.0,0.0,-0.15254133780446896,0.02326885973917711
2023-09-15,JNJ,Johnson & Johnson,163.97999572753906,164.82000732421875,161.2100067138672,161.4499969482422,148.98757934570312,13392100,0.0,0.0,-1.4084420456744584,1.9837089960236531
2023-09-18,JNJ,Johnson & Johnson,162.1199951171875,163.14999389648438,160.75,162.47000122070312,149.9288330078125,5789000,0.0,0.0,0.6297792521404362,0.3966219064265671
2023-09-19,JNJ,Johnson & Johnson,162.25,162.85000610351562,161.3800048828125,162.1999969482422,149.67967224121094,5550800,0.0,0.0,-0.1663242662846477,0.027663761555126395
2023-09-20,JNJ,Johnson & Johnson,162.19000244140625,163.5399932861328,161.66000366210938,162.91000366210938,150.33486938476562,3837400,0.0,0.0,0.4367776185971848,0.19077468810742781
2023-09-21,JNJ,Johnson & Johnson,162.57000732421875,163.5,161.58999633789062,161.66000366210938,149.18136596679688,4526700,0.0,0.0,-0.7702481433443715,0.5932822023254515
2023-09-22,JNJ,Johnson & Johnson,161.3000030517578,161.39999389648438,160.25,160.5,148.1109161376953,4976700,0.0,0.0,-0.720136054398092,0.5185959368440518
2023-09-25,JNJ,Johnson & Johnson,160.07000732421875,160.36000061035156,158.72999572753906,160.25999450683594,147.88941955566406,6722500,0.0,0.0,-0.14965971092890706,0.022398029075324025
2023-09-26,JNJ,Johnson & Johnson,159.80999755859375,160.0800018310547,158.86000061035156,159.02000427246094,146.74517822265625,4904800,0.0,0.0,-0.77672282500949,0.6032983468907228
2023-09-27,JNJ,Johnson & Johnson,158.5800018310547,158.75999450683594,155.25999450683594,157.11000061035156,144.9825897216797,10211600,0.0,0.0,-1.208393675606132,1.4602152752448978
2023-09-28,JNJ,Johnson & Johnson,157.5,157.9600067138672,156.22000122070312,156.8800048828125,144.7703399658203,7861900,0.0,0.0,-0.14650398465455033,0.02146341751966072
2023-09-29,JNJ,Johnson & Johnson,157.3699951171875,157.60000610351562,155.35000610351562,155.75,143.72755432128906,7680700,0.0,0.0,-0.7229100846138109,0.5225989904363473
2023-10-02,JNJ,Johnson & Johnson,155.4199981689453,155.4199981689453,153.32000732421875,155.14999389648438,143.17388916015625,7259700,0.0,0.0,-0.385962400000019,0.1489669742137747
2023-10-03,JNJ,Johnson & Johnson,154.67999267578125,155.5,153.88999938964844,155.33999633789062,143.3491973876953,5740800,0.0,0.0,0.12236937101800212,0.014974262963341457
2023-10-04,JNJ,Johnson & Johnson,155.57000732421875,155.92999267578125,154.57000732421875,155.52000427246094,143.51528930664062,4955200,0.0,0.0,0.11579818709451552,0.013409220134376421
2023-10-05,JNJ,Johnson & Johnson,156.27000427246094,158.0399932861328,156.07000732421875,157.13999938964844,145.01023864746094,5993300,0.0,0.0,1.03627760745469,1.0738712797120167
2023-10-06,JNJ,Johnson & Johnson,157.0800018310547,158.3000030517578,156.58999633789062,157.63999938964844,145.47166442871094,5802200,0.0,0.0,0.31769701621089835,0.1009313941093078
2023-10-09,JNJ,Johnson & Johnson,157.17999267578125,158.8800048828125,157.08999633789062,158.5399932861328,146.30221557617188,4414100,0.0,0.0,0.5693130521115467,0.3241173513045647
2023-10-10,JNJ,Johnson & Johnson,158.3800048828125,159.27000427246094,157.89999389648438,158.36000061035156,146.13609313964844,5273500,0.0,0.0,-0.11361196494517276,0.012907678578703162
2023-10-11,JNJ,Johnson & Johnson,158.4600067138672,159.0500030517578,156.0399932861328,156.17999267578125,144.12435913085938,6922900,0.0,0.0,-1.3861800364175005,1.921495093362423
2023-10-12,JNJ,Johnson & Johnson,155.9199981689453,156.55999755859375,155.07000732421875,156.3300018310547,144.26280212402344,5792400,0.0,0.0,0.09601190510472041,0.009218285921837837
2023-10-13,JNJ,Johnson & Johnson,156.72999572753906,157.36000061035156,156.0500030517578,156.85000610351562,144.74264526367188,5359800,0.0,0.0,0.33206542292629926,0.11026744510322199
2023-10-16,JNJ,Johnson & Johnson,157.82000732421875,158.25,156.83999633789062,157.52999877929688,145.3701629638672,6408100,0.0,0.0,0.4326032226372354,0.18714554823612145
2023-10-17,JNJ,Johnson & Johnson,155.97999572753906,158.9499969482422,154.61000061035156,156.08999633789062,144.04132080078125,12244400,0.0,0.0,-0.9183129046642378,0.8432985908728694
2023-10-18,JNJ,Johnson & Johnson,155.41000366210938,155.9499969482422,152.0500030517578,152.72999572753906,140.940673828125,9097300,0.0,0.0,-2.176115957437734,4.735480660215145
2023-10-19,JNJ,Johnson & Johnson,151.6699981689453,153.11000061035156,150.14999389648438,152.32000732421875,140.5623321533203,7733800,0.0,0.0,-0.2688013233051592,0.07225415141060473
2023-10-20,JNJ,Johnson & Johnson,152.74000549316406,153.8699951171875,152.3300018310547,153.0,141.1898193359375,7207000,0.0,0.0,0.4454185827747102,0.19839771388103136
2023-10-23,JNJ,Johnson & Johnson,152.86000061035156,153.5,151.2100067138672,151.38999938964844,139.7041015625,5874000,0.0,0.0,-1.0578595818706331,1.1190668949555107
2023-10-24,JNJ,Johnson & Johnson,150.75,151.9600067138672,150.1300048828125,151.22999572753906,139.55645751953125,6155300,0.0,0.0,-0.10573928320602143,0.011180796012923204
2023-10-25,JNJ,Johnson & Johnson,151.24000549316406,152.1699981689453,150.22999572753906,151.57000732421875,139.8702392578125,5880800,0.0,0.0,0.2245897573814549,0.050440559120660776
2023-10-26,JNJ,Johnson & Johnson,151.97000122070312,151.97000122070312,148.8800048828125,149.0,137.4985809326172,7612500,0.0,0.0,-1.7101533799201036,2.924624582852154
2023-10-27,JNJ,Johnson & Johnson,148.49000549316406,148.66000366210938,144.9499969482422,145.60000610351562,134.36105346679688,11385800,0.0,0.0,-2.308299122181824,5.3282448374653795
2023-10-30,JNJ,Johnson & Johnson,146.08999633789062,147.24000549316406,146.0,147.02999877929688,135.6806640625,8205300,0.0,0.0,0.97734610186886,0.955205402838256
2023-10-31,JNJ,Johnson & Johnson,147.5399932861328,148.5399932861328,146.63999938964844,148.33999633789062,136.88954162597656,7576900,0.0,0.0,0.8870268757276093,0.7868166782630837
2023-11-01,JNJ,Johnson & Johnson,149.19000244140625,149.75999450683594,148.4600067138672,148.69000244140625,137.21255493164062,5733000,0.0,0.0,0.23568842358108497,0.05554903301013693
2023-11-02,JNJ,Johnson & Johnson,147.7100067138672,150.39999389648438,147.5399932861328,150.24000549316406,138.6428985595703,5349100,0.0,0.0,1.0370332929949873,1.0754380507800272
2023-11-03,JNJ,Johnson & Johnson,151.2100067138672,152.27000427246094,150.14999389648438,151.33999633789062,139.65798950195312,4926800,0.0,0.0,0.7294949369824508,0.5321628630830298
2023-11-06,JNJ,Johnson & Johnson,151.77999877929688,152.42999267578125,151.3699951171875,151.6999969482422,139.9901885986328,4851400,0.0,0.0,0.23758370621041006,0.056446017456674435
2023-11-07,JNJ,Johnson & Johnson,151.92999267578125,152.25,150.67999267578125,150.89999389648438,139.25192260742188,4840400,0.0,0.0,-0.5287653127508058,0.2795927559684575
2023-11-08,JNJ,Johnson & Johnson,151.35000610351562,151.8300018310547,150.33999633789062,150.35000610351562,138.744384765625,5460000,0.0,0.0,-0.36514039376930557,0.13332750716200353
2023-11-09,JNJ,Johnson & Johnson,150.5,150.5,147.25999450683594,147.4199981689453,136.0405731201172,6973600,0.0,0.0,-1.9680108640400231,3.873066760979558
2023-11-10,JNJ,Johnson & Johnson,148.25,148.5,145.63999938964844,147.25,135.88368225097656,6930700,0.0,0.0,-0.11539307983806542,0.01331556287451414
2023-11-13,JNJ,Johnson & Johnson,147.25,147.89999389648438,146.64999389648438,147.6300048828125,136.23435974121094,5889300,0.0,0.0,0.2577393853013485,0.06642959073551698
2023-11-14,JNJ,Johnson & Johnson,147.63999938964844,148.5399932861328,146.97000122070312,147.66000366210938,136.2620391845703,6713600,0.0,0.0,0.02031545632433695,0.0004127177656660421
2023-11-15,JNJ,Johnson & Johnson,147.35000610351562,149.4199981689453,147.27000427246094,148.8000030517578,137.3140106201172,6729100,0.0,0.0,0.7690560786829937,0.5914472521592631
2023-11-16,JNJ,Johnson & Johnson,149.5,150.1699981689453,148.63999938964844,150.10000610351562,138.51370239257812,6875600,0.0,0.0,0.8698903561911754,0.75670923179441
2023-11-17,JNJ,Johnson & Johnson,150.5500030517578,150.7899932861328,149.07000732421875,149.7899932861328,138.2276153564453,7023300,0.0,0.0,-0.2067541922340039,0.04274729600633544
2023-11-20,JNJ,Johnson & Johnson,147.91000366210938,150.39999389648438,147.5399932861328,149.91000366210938,139.44619750976562,8851700,1.19,0.0,0.8777132879995412,0.7703806159309655
2023-11-21,JNJ,Johnson & Johnson,150.10000610351562,151.2899932861328,149.61000061035156,151.1199951171875,140.5717010498047,5916300,0.0,0.0,0.8038840423672811,0.6462295535727606
2023-11-22,JNJ,Johnson & Johnson,151.6300048828125,152.0399932861328,150.38999938964844,150.82000732421875,140.2926483154297,4633500,0.0,0.0,-0.1987100369464592,0.03948567878326318
2023-11-24,JNJ,Johnson & Johnson,150.86000061035156,152.67999267578125,150.86000061035156,152.5,141.85540771484375,3351400,0.0,0.0,1.107769730960811,1.2271537768329877
2023-11-27,JNJ,Johnson & Johnson,152.2899932861328,152.32000732421875,150.97000122070312,151.27999877929688,140.7205352783203,6449700,0.0,0.0,-0.8032379021672247,0.645191127478004
2023-11-28,JNJ,Johnson & Johnson,151.39999389648438,151.80999755859375,150.83999633789062,151.6300048828125,141.04612731933594,5909000,0.0,0.0,0.2311076711003119,0.05341075564140994
2023-11-29,JNJ,Johnson & Johnson,151.3300018310547,152.1999969482422,151.07000732421875,152.11000061035156,141.49261474609375,5190000,0.0,0.0,0.3160542127131837,0.09989026537375036
2023-11-30,JNJ,Johnson & Johnson,152.25999450683594,155.13999938964844,151.9199981689453,154.66000366210938,143.8646240234375,12481900,0.0,0.0,1.66252233320981,2.7639805084213904
2023-12-01,JNJ,Johnson & Johnson,156.44000244140625,158.4600067138672,155.47000122070312,158.3800048828125,147.32498168945312,10342900,0.0,0.0,2.376815999101217,5.649254293583517
2023-12-04,JNJ,Johnson & Johnson,158.0,160.02000427246094,158.0,158.8800048828125,147.79006958007812,8920300,0.0,0.0,0.31519115928562186,0.09934546689181425
2023-12-05,JNJ,Johnson & Johnson,158.8000030517578,159.6300048828125,158.22000122070312,158.5500030517578,147.4831085205078,7268200,0.0,0.0,-0.20791673129676616,0.04322936715313166
2023-12-06,JNJ,Johnson & Johnson,158.52000427246094,158.66000366210938,156.1699981689453,156.6199951171875,145.6878204345703,6642900,0.0,0.0,-1.2247534458450924,1.5000210031094277
2023-12-07,JNJ,Johnson & Johnson,156.5800018310547,156.5800018310547,154.7100067138672,155.39999389648438,144.5529327392578,6532400,0.0,0.0,-0.7820359249025349,0.6115801878381633
2023-12-08,JNJ,Johnson & Johnson,155.4199981689453,155.85000610351562,153.83999633789062,154.4199981689453,143.641357421875,6254700,0.0,0.0,-0.6326137530178125,0.4002001605072819
2023-12-11,JNJ,Johnson & Johnson,154.5,155.47999572753906,154.35000610351562,155.05999755859375,144.2366943359375,6090400,0.0,0.0,0.4136041348907442,0.17106838039872094
2023-12-12,JNJ,Johnson & Johnson,155.0,155.32000732421875,153.64999389648438,155.07000732421875,144.2460174560547,5324400,0.0,0.0,0.006463555519506744,4.17775499537461e-05
2023-12-13,JNJ,Johnson & Johnson,153.66000366210938,155.94000244140625,151.77000427246094,155.7899932861328,144.9157257080078,10764600,0.0,0.0,0.4632075059927615,0.2145611936080342
2023-12-14,JNJ,Johnson & Johnson,156.47000122070312,157.16000366210938,155.0500030517578,156.8699951171875,145.92037963867188,9240700,0.0,0.0,0.6908756569622764,0.477309173383057
2023-12-15,JNJ,Johnson & Johnson,155.49000549316406,156.69000244140625,153.75999450683594,155.16000366210938,144.32969665527344,21727800,0.0,0.0,-1.0960885379937442,1.2014100831212635
2023-12-18,JNJ,Johnson & Johnson,155.2100067138672,156.44000244140625,154.75999450683594,155.44000244140625,144.59017944335938,7231400,0.0,0.0,0.18031494556898395,0.032513479595545645
2023-12-19,JNJ,Johnson & Johnson,155.3000030517578,156.5,154.94000244140625,156.4600067138672,145.53900146484375,6651500,0.0,0.0,0.654070990813396,0.4278088610236176
2023-12-20,JNJ,Johnson & Johnson,156.5399932861328,156.66000366210938,153.11000061035156,153.27000427246094,142.57164001464844,7008300,0.0,0.0,-2.059949167325558,4.243390571965259
2023-12-21,JNJ,Johnson & Johnson,153.69000244140625,155.1300048828125,153.3000030517578,154.83999633789062,144.03204345703125,4598600,0.0,0.0,1.0191188504640156,1.0386032313710967
2023-12-22,JNJ,Johnson & Johnson,155.25,156.52999877929688,155.02000427246094,155.4600067138672,144.6088104248047,3798900,0.0,0.0,0.399643867228313,0.15971522061320148
2023-12-26,JNJ,Johnson & Johnson,155.0,156.35000610351562,154.85000610351562,156.13999938964844,145.2413330078125,4170000,0.0,0.0,0.4364486969578243,0.19048746507618275
2023-12-27,JNJ,Johnson & Johnson,155.5,156.52000427246094,155.4199981689453,156.35000610351562,145.43667602539062,5288100,0.0,0.0,0.134405108686871,0.018064733241129605
2023-12-28,JNJ,Johnson & Johnson,156.0,157.24000549316406,155.99000549316406,156.5800018310547,145.6505889892578,4377500,0.0,0.0,0.14697517073706173,0.02160170081318845
2023-12-29,JNJ,Johnson & Johnson,156.50999450683594,156.89999389648438,155.97999572753906,156.74000549316406,145.79945373535156,4313700,0.0,0.0,0.1021545631956684,0.010435554781697809
2024-01-02,JNJ,Johnson & Johnson,156.92999267578125,161.63999938964844,156.7899932861328,159.97000122070312,148.80401611328125,9622100,0.0,0.0,2.039803914695335,4.160800010406414
2024-01-03,JNJ,Johnson & Johnson,160.63999938964844,161.44000244140625,159.8000030517578,160.97000122070312,149.7341766357422,8232000,0.0,0.0,0.6231454165494605,0.38831021016660067
2024-01-04,JNJ,Johnson & Johnson,161.58999633789062,161.97999572753906,160.4199981689453,160.6300048828125,149.4179229736328,6766600,0.0,0.0,-0.21143343492330707,0.044704097403468326
2024-01-05,JNJ,Johnson & Johnson,160.5,161.33999633789062,159.47000122070312,161.1300048828125,149.88302612304688,5602500,0.0,0.0,0.31079321679159255,0.09659242360366585
2024-01-08,JNJ,Johnson & Johnson,161.10000610351562,161.66000366210938,159.61000061035156,161.52999877929688,150.2550811767578,6569800,0.0,0.0,0.24792269640792203,0.061465663394174676
2024-01-09,JNJ,Johnson & Johnson,161.6300048828125,163.27999877929688,160.60000610351562,161.6300048828125,150.34815979003906,6357000,0.0,0.0,0.06192788604444982,0.0038350630699343627
2024-01-10,JNJ,Johnson & Johnson,161.82000732421875,162.6199951171875,161.1999969482422,161.8699951171875,150.5713653564453,4945100,0.0,0.0,0.14834903599720628,0.022007436481300404
2024-01-11,JNJ,Johnson & Johnson,162.07000732421875,162.1999969482422,160.77999877929688,161.14999389648438,149.90162658691406,4946000,0.0,0.0,-0.4457904015514442,0.1987290821153979
2024-01-12,JNJ,Johnson & Johnson,161.83999633789062,162.47000122070312,161.69000244140625,162.38999938964844,151.05508422851562,4496900,0.0,0.0,0.7665310311760744,0.5875698217558558
2024-01-16,JNJ,Johnson & Johnson,161.57000732421875,162.25,160.17999267578125,160.52000427246094,149.31561279296875,6923200,0.0,0.0,-1.1582294135389746,1.341495374386837
2024-01-17,JNJ,Johnson & Johnson,160.25,161.3000030517578,159.8699951171875,160.42999267578125,149.2318572998047,5072100,0.0,0.0,-0.05610866193932585,0.003148181944621553
2024-01-18,JNJ,Johnson & Johnson,160.0,161.3699951171875,159.69000244140625,161.2100067138672,149.95742797851562,5368500,0.0,0.0,0.48502545835117267,0.23524969524876513
2024-01-19,JNJ,Johnson & Johnson,161.14999389648438,161.9199981689453,160.27999877929688,161.67999267578125,150.39463806152344,7071300,0.0,0.0,0.2911319356514977,0.0847578039561878
2024-01-22,JNJ,Johnson & Johnson,162.0,163.5800018310547,161.33999633789062,162.47000122070312,151.12948608398438,6824200,0.0,0.0,0.48742333929581033,0.23758151169027864
2024-01-23,JNJ,Johnson & Johnson,159.66000366210938,160.50999450683594,156.91000366210938,159.80999755859375,148.65513610839844,9149800,0.0,0.0,-1.6507892551441856,2.725105164899495
2024-01-24,JNJ,Johnson & Johnson,159.75,160.60000610351562,158.16000366210938,158.9600067138672,147.864501953125,7247900,0.0,0.0,-0.5332773465822402,0.28438472837779477
2024-01-25,JNJ,Johnson & Johnson,159.0,159.6199951171875,158.47000122070312,159.55999755859375,148.42263793945312,5478900,0.0,0.0,0.376753879178406,0.14194348547597696
2024-01-26,JNJ,Johnson & Johnson,160.42999267578125,160.74000549316406,159.36000061035156,159.5,148.36680603027344,5591900,0.0,0.0,-0.03762391889112317,0.0014155592727258148
2024-01-29,JNJ,Johnson & Johnson,159.00999450683594,160.07000732421875,158.9600067138672,159.36000061035156,148.23654174804688,6483200,0.0,0.0,-0.08783737039898258,0.007715403638608061
2024-01-30,JNJ,Johnson & Johnson,159.35000610351562,159.75999450683594,158.1300048828125,158.77000427246094,147.687744140625,7200500,0.0,0.0,-0.37090449330648323,0.13757014315493907
2024-01-31,JNJ,Johnson & Johnson,160.39999389648438,160.6199951171875,158.6699981689453,158.89999389648438,147.80865478515625,8256800,0.0,0.0,0.08183561743471707,0.006697068280921368
2024-02-01,JNJ,Johnson & Johnson,158.16000366210938,158.49000549316406,157.0500030517578,158.36000061035156,147.30636596679688,8012000,0.0,0.0,-0.34040239774785896,0.11587379239249158
2024-02-02,JNJ,Johnson & Johnson,157.97000122070312,158.30999755859375,155.94000244140625,156.61000061035156,145.67849731445312,8295900,0.0,0.0,-1.1112419840692969,1.2348587471582675
2024-02-05,JNJ,Johnson & Johnson,156.61000061035156,156.88999938964844,155.33999633789062,155.8000030517578,144.92506408691406,9121600,0.0,0.0,-0.5185310958084659,0.2688744973203284
2024-02-06,JNJ,Johnson & Johnson,155.8300018310547,158.72999572753906,155.60000610351562,158.05999755859375,147.0272979736328,9229900,0.0,0.0,1.4401460606291576,2.074020675945681
2024-02-07,JNJ,Johnson & Johnson,157.8000030517578,159.3699951171875,157.69000244140625,157.97999572753906,146.95289611816406,8690300,0.0,0.0,-0.05061691811391062,0.002562072399350333
2024-02-08,JNJ,Johnson & Johnson,157.33999633789062,157.33999633789062,155.30999755859375,156.39999389648438,145.48318481445312,9755000,0.0,0.0,-1.00515892108242,1.010344456631575
2024-02-09,JNJ,Johnson & Johnson,156.27000427246094,157.1999969482422,155.6699981689453,156.75999450683594,145.81805419921875,6529200,0.0,0.0,0.2299128787843335,0.05285993183089963
2024-02-12,JNJ,Johnson & Johnson,156.5800018310547,158.41000366210938,156.35000610351562,157.85000610351562,146.83197021484375,6701500,0.0,0.0,0.6929232789379363,0.48014267049410103
2024-02-13,JNJ,Johnson & Johnson,157.63999938964844,158.4499969482422,155.75,156.47000122070312,145.5482940673828,8621000,0.0,0.0,-0.8780923696852534,0.7710462096994637
2024-02-14,JNJ,Johnson & Johnson,156.35000610351562,156.4600067138672,154.83999633789062,155.74000549316406,144.8692626953125,9098800,0.0,0.0,-0.4676250410078444,0.21867317897758817
2024-02-15,JNJ,Johnson & Johnson,155.97999572753906,158.47999572753906,155.88999938964844,157.9199981689453,146.89707946777344,7462500,0.0,0.0,1.3900502773717,1.9322397736211403
2024-02-16,JNJ,Johnson & Johnson,156.60000610351562,157.25999450683594,155.6699981689453,156.5500030517578,146.72833251953125,8541000,1.19,0.0,-0.11494030143923707,0.013211272894942684
2024-02-20,JNJ,Johnson & Johnson,156.55999755859375,158.61000061035156,156.44000244140625,157.86000061035156,147.95619201660156,9501700,0.0,0.0,0.8333431182585039,0.6944607527488069
2024-02-21,JNJ,Johnson & Johnson,158.02000427246094,158.69000244140625,157.1300048828125,158.67999267578125,148.7247314453125,7472500,0.0,0.0,0.5180927299519769,0.268420076829092
2024-02-22,JNJ,Johnson & Johnson,158.97999572753906,160.74000549316406,157.77000427246094,160.4499969482422,150.38369750976562,8065000,0.0,0.0,1.109285406448399,1.2305141129593897
2024-02-23,JNJ,Johnson & Johnson,160.8800048828125,162.25,160.16000366210938,161.83999633789062,151.6864776611328,6726000,0.0,0.0,0.8625732270394926,0.744032572005324
2024-02-26,JNJ,Johnson & Johnson,161.8000030517578,162.00999450683594,160.57000732421875,160.7899932861328,150.70236206054688,5465400,0.0,0.0,-0.6508964259130082,0.4236661572663282
2024-02-27,JNJ,Johnson & Johnson,160.33999633789062,161.0399932861328,159.63999938964844,160.97999572753906,150.8804473876953,5078600,0.0,0.0,0.11810046346691669,0.013947719471100524
2024-02-28,JNJ,Johnson & Johnson,161.0,161.61000061035156,160.2899932861328,161.5500030517578,151.4146728515625,6071100,0.0,0.0,0.353446671314591,0.12492454946336454
2024-02-29,JNJ,Johnson & Johnson,162.0,162.19000244140625,160.94000244140625,161.3800048828125,151.25535583496094,9849100,0.0,0.0,-0.10527440196626213,0.011082699709354136
2024-03-01,JNJ,Johnson & Johnson,161.8300018310547,162.57000732421875,161.08999633789062,162.1199951171875,151.9489288330078,5670100,0.0,0.0,0.45749631046901396,0.2093028740927604
2024-03-04,JNJ,Johnson & Johnson,161.32000732421875,161.61000061035156,158.27000427246094,159.83999633789062,149.81198120117188,8532900,0.0,0.0,-1.416342066676704,2.006024849838037
2024-03-05,JNJ,Johnson & Johnson,160.6199951171875,161.24000549316406,159.1999969482422,159.97000122070312,149.933837890625,8298200,0.0,0.0,0.08130668613520026,0.006610777210287966
2024-03-06,JNJ,Johnson & Johnson,159.4600067138672,160.92999267578125,159.22000122070312,159.33999633789062,149.34335327148438,5773700,0.0,0.0,-0.39460767663330115,0.15571521845793196
2024-03-07,JNJ,Johnson & Johnson,160.0,160.36000061035156,158.24000549316406,158.8699951171875,148.90281677246094,5188700,0.0,0.0,-0.29541825757278833,0.08727194690734232
2024-03-08,JNJ,Johnson & Johnson,158.8699951171875,160.38999938964844,158.42999267578125,159.52000427246094,149.5120391845703,5284000,0.0,0.0,0.40830625307702423,0.16671399630179895
2024-03-11,JNJ,Johnson & Johnson,159.49000549316406,161.32000732421875,158.8800048828125,161.22999572753906,151.11476135253906,4620800,0.0,0.0,1.0662637860496709,1.1369184614409782
2024-03-12,JNJ,Johnson & Johnson,161.5800018310547,163.11000061035156,161.1300048828125,162.74000549316406,152.530029296875,8018700,0.0,0.0,0.9321932973117978,0.8689843435530418
2024-03-13,JNJ,Johnson & Johnson,162.52999877929688,162.67999267578125,159.80999755859375,161.10000610351562,150.992919921875,6260000,0.0,0.0,-1.0128542303646162,1.0258736919674991
2024-03-14,JNJ,Johnson & Johnson,160.94000244140625,161.5399932861328,158.69000244140625,159.2100067138672,149.2215118408203,6988300,0.0,0.0,-1.1801089165761358,1.392657054982501
2024-03-15,JNJ,Johnson & Johnson,158.05999755859375,159.19000244140625,157.10000610351562,158.17999267578125,148.256103515625,13165500,0.0,0.0,-0.6490651159129568,0.42128552469510006
2024-03-18,JNJ,Johnson & Johnson,158.57000732421875,158.69000244140625,156.5,156.75999450683594,146.92520141601562,6602300,0.0,0.0,-0.901758408197891,0.8131682267555942
2024-03-19,JNJ,Johnson & Johnson,156.6699981689453,156.86000061035156,155.66000366210938,156.2100067138672,146.4097137451172,7840600,0.0,0.0,-0.3514673330065035,0.12352928617070444
2024-03-20,JNJ,Johnson & Johnson,155.6999969482422,156.44000244140625,155.2100067138672,155.75999450683594,145.9879608154297,5982300,0.0,0.0,-0.2884791904093144,0.08322024329921349
2024-03-21,JNJ,Johnson & Johnson,155.58999633789062,156.9499969482422,155.10000610351562,155.75,145.9785614013672,5915800,0.0,0.0,-0.006438693035335377,4.145676800327629e-05
2024-03-22,JNJ,Johnson & Johnson,155.69000244140625,156.36000061035156,155.11000061035156,155.22999572753906,145.49118041992188,7248600,0.0,0.0,-0.3344302105963458,0.1118435657595162
2024-03-25,JNJ,Johnson & Johnson,155.39999389648438,155.97999572753906,154.89999389648438,155.22000122070312,145.4818115234375,7498100,0.0,0.0,-0.00643970179159735,4.146975916470212e-05
2024-03-26,JNJ,Johnson & Johnson,155.61000061035156,156.22999572753906,154.75999450683594,155.77000427246094,145.997314453125,6864100,0.0,0.0,0.35371552966965575,0.1251146759294851
2024-03-27,JNJ,Johnson & Johnson,155.99000549316406,158.22000122070312,155.44000244140625,157.9600067138672,148.04991149902344,8461600,0.0,0.0,1.3961229387318264,1.949159260053191
2024-03-28,JNJ,Johnson & Johnson,158.1999969482422,159.13999938964844,158.11000061035156,158.19000244140625,148.2655029296875,6181500,0.0,0.0,0.14551485222046417,0.02117457221674353
2024-04-01,JNJ,Johnson & Johnson,157.72000122070312,158.14999389648438,156.77000427246094,157.77999877929688,147.88121032714844,4364700,0.0,0.0,-0.2595286734831387,0.06735513235991761
2024-04-02,JNJ,Johnson & Johnson,156.57000732421875,157.8300018310547,155.9499969482422,157.72999572753906,147.83432006835938,6102300,0.0,0.0,-0.03171308528797403,0.0010057197784823148
2024-04-03,JNJ,Johnson & Johnson,157.7899932861328,158.0500030517578,154.25,154.25999450683594,144.58203125,8098200,0.0,0.0,-2.224515091557724,4.948467392568069
2024-04-04,JNJ,Johnson & Johnson,155.30999755859375,155.5,152.41000366210938,152.5,142.93246459960938,6947400,0.0,0.0,-1.147479361323027,1.3167088846623018
2024-04-05,JNJ,Johnson & Johnson,152.02999877929688,153.00999450683594,151.61000061035156,152.38999938964844,142.82936096191406,6783000,0.0,0.0,-0.0721605427643612,0.005207143932047201
2024-04-08,JNJ,Johnson & Johnson,151.99000549316406,153.0399932861328,151.55999755859375,151.58999633789062,142.0795440673828,5935400,0.0,0.0,-0.5263567494333173,0.27705142767400803
2024-04-09,JNJ,Johnson & Johnson,151.5500030517578,152.52999877929688,150.94000244140625,152.2899932861328,142.73562622070312,6135300,0.0,0.0,0.46070812387723786,0.21225197540648436
2024-04-10,JNJ,Johnson & Johnson,151.52999877929688,151.82000732421875,149.75999450683594,150.1999969482422,140.77676391601562,6809500,0.0,0.0,-1.3818750392697343,1.9095786241567299
2024-04-11,JNJ,Johnson & Johnson,150.8000030517578,150.8699951171875,148.38999938964844,148.7899932861328,139.45521545410156,8374400,0.0,0.0,-0.9431887552624592,0.889605028053547
2024-04-12,JNJ,Johnson & Johnson,148.05999755859375,149.07000732421875,147.14999389648438,147.52000427246094,138.264892578125,7100200,0.0,0.0,-0.8572156862038024,0.7348187326738558
2024-04-15,JNJ,Johnson & Johnson,148.3699951171875,149.49000549316406,147.3699951171875,147.58999633789062,138.3305206298828,8502300,0.0,0.0,0.047454187492277596,0.0022518999105522355
2024-04-16,JNJ,Johnson & Johnson,145.00999450683594,146.25,143.38999938964844,144.4499969482422,135.3874969482422,12774900,0.0,0.0,-2.150488393890403,4.624600332257326
2024-04-17,JNJ,Johnson & Johnson,145.0,145.41000366210938,143.5399932861328,144.77000427246094,135.68740844726562,9378100,0.0,0.0,0.2212758285074095,0.048962992281640506
2024-04-18,JNJ,Johnson & Johnson,144.97999572753906,145.8000030517578,143.1300048828125,145.74000549316406,136.59658813476562,9887700,0.0,0.0,0.6678196867245099,0.4459831339768225
2024-04-19,JNJ,Johnson & Johnson,146.14999389648438,148.1300048828125,144.5399932861328,147.91000366210938,138.6304473876953,9750800,0.0,0.0,1.4779770978735518,2.1844163018387266
2024-04-22,JNJ,Johnson & Johnson,148.50999450683594,150.27000427246094,147.3000030517578,149.1199951171875,139.76451110839844,10118700,0.0,0.0,0.8147202088659787,0.663769018734624
2024-04-23,JNJ,Johnson & Johnson,149.86000061035156,150.49000549316406,148.1999969482422,149.55999755859375,140.17689514160156,10110400,0.0,0.0,0.2946218903630216,0.08680205828108033
2024-04-24,JNJ,Johnson & Johnson,148.13999938964844,148.99000549316406,146.86000061035156,148.52999877929688,139.2115020751953,9756300,0.0,0.0,-0.6910787407084991,0.47758982585924487
2024-04-25,JNJ,Johnson & Johnson,149.3699951171875,149.5800018310547,146.3300018310547,146.82000732421875,137.60882568359375,7642700,0.0,0.0,-1.157931075245353,1.3408043750188596
2024-04-26,JNJ,Johnson & Johnson,146.6999969482422,147.17999267578125,145.9499969482422,146.13999938964844,136.97149658203125,6183000,0.0,0.0,-0.46422135486473715,0.2155014663124522
2024-04-29,JNJ,Johnson & Johnson,146.13999938964844,147.22000122070312,145.99000549316406,146.82000732421875,137.60882568359375,6149600,0.0,0.0,0.46422135486473726,0.21550146631245232
2024-04-30,JNJ,Johnson & Johnson,146.8800048828125,146.8800048828125,144.52999877929688,144.58999633789062,135.51870727539062,8817700,0.0,0.0,-1.53053717215525,2.3425440353489897
2024-05-01,JNJ,Johnson & Johnson,148.74000549316406,151.85000610351562,147.6199951171875,151.17999267578125,141.6952667236328,14470900,0.0,0.0,4.456905077258482,19.864002867692438
2024-05-02,JNJ,Johnson & Johnson,152.0399932861328,152.3300018310547,149.13999938964844,149.9199981689453,140.51429748535156,8459800,0.0,0.0,-0.8369497577750025,0.7004848970396353
2024-05-03,JNJ,Johnson & Johnson,149.88999938964844,149.88999938964844,147.82000732421875,149.27000427246094,139.9051055908203,6532700,0.0,0.0,-0.43448694790945,0.18877890790366914
2024-05-06,JNJ,Johnson & Johnson,149.8699951171875,150.0500030517578,147.91000366210938,148.5800018310547,139.25836181640625,5042800,0.0,0.0,-0.4633449623556405,0.2146885541403499
2024-05-07,JNJ,Johnson & Johnson,149.3800048828125,149.72999572753906,148.4499969482422,148.72000122070312,139.38963317871094,7333500,0.0,0.0,0.09422021645501985,0.008877449188830794
2024-05-08,JNJ,Johnson & Johnson,149.1199951171875,149.72999572753906,148.6999969482422,148.9499969482422,139.6051788330078,7735100,0.0,0.0,0.15451591778898258,0.023875168850171623
2024-05-09,JNJ,Johnson & Johnson,148.97999572753906,150.10000610351562,148.88999938964844,149.85000610351562,140.44871520996094,6546200,0.0,0.0,0.6024118542104908,0.36290004209332166
2024-05-10,JNJ,Johnson & Johnson,150.0,150.08999633789062,149.19000244140625,149.91000366210938,140.5049591064453,5710600,0.0,0.0,0.04003784422649565,0.0016030289703051312
2024-05-13,JNJ,Johnson & Johnson,150.0399932861328,152.0,149.7100067138672,151.22000122070312,141.73275756835938,5628500,0.0,0.0,0.8700511197572427,0.7569889509908319
2024-05-14,JNJ,Johnson & Johnson,151.85000610351562,152.2100067138672,150.6999969482422,151.3800048828125,141.88272094726562,8254200,0.0,0.0,0.10575120488265026,0.011183317334132272
2024-05-15,JNJ,Johnson & Johnson,151.82000732421875,152.9499969482422,151.3000030517578,152.6699981689453,143.091796875,5548000,0.0,0.0,0.8485552967228576,0.7200460915964169
2024-05-16,JNJ,Johnson & Johnson,153.0,154.3800048828125,152.3300018310547,154.27999877929688,144.6007843017578,7591000,0.0,0.0,1.0490373154371044,1.100479289179487
2024-05-17,JNJ,Johnson & Johnson,154.86000061035156,154.86000061035156,153.7100067138672,154.63999938964844,144.93820190429688,6521800,0.0,0.0,0.2330724160540948,0.05432275112529306
2024-05-20,JNJ,Johnson & Johnson,153.10000610351562,153.38999938964844,151.25999450683594,151.27000427246094,142.92568969726562,7742300,1.24,0.0,-1.3982615083632974,1.9551352457704037
2024-05-21,JNJ,Johnson & Johnson,151.77999877929688,152.58999633789062,150.7899932861328,151.24000549316406,142.89735412597656,5492400,0.0,0.0,-0.01982735261850236,0.0003931239118584324
2024-05-22,JNJ,Johnson & Johnson,150.83999633789062,154.0800018310547,150.32000732421875,153.5,145.0326690673828,6609800,0.0,0.0,1.4832451755532912,2.2000162508021135
2024-05-23,JNJ,Johnson & Johnson,152.75,152.83999633789062,149.3800048828125,149.6999969482422,141.4423065185547,8000400,0.0,0.0,-2.50671148007915,6.283602444360603
2024-05-24,JNJ,Johnson & Johnson,149.52999877929688,149.80999755859375,146.75999450683594,146.97000122070312,138.86289978027344,9520600,0.0,0.0,-1.84047922869842,3.3873637912703307
2024-05-28,JNJ,Johnson & Johnson,146.7899932861328,146.7899932861328,144.14999389648438,144.3800048828125,136.41575622558594,10499800,0.0,0.0,-1.7779860280296729,3.161234315868733
2024-05-29,JNJ,Johnson & Johnson,143.82000732421875,145.4199981689453,143.7100067138672,144.44000244140625,136.4724578857422,8263800,0.0,0.0,0.04155669467581755,0.001726958872379123
2024-05-30,JNJ,Johnson & Johnson,144.6199951171875,145.61000061035156,144.02000427246094,145.27999877929688,137.26611328125,8490300,0.0,0.0,0.5798653919841185,0.33624387282089535
2024-05-31,JNJ,Johnson & Johnson,145.57000732421875,147.47999572753906,145.19000244140625,146.6699981689453,138.57945251464844,14621200,0.0,0.0,0.9522351055614631,0.9067516962636507
2024-06-03,JNJ,Johnson & Johnson,147.25,148.89999389648438,146.77000427246094,147.74000549316406,139.59042358398438,7329200,0.0,0.0,0.7268763496076097,0.528349227618884
2024-06-04,JNJ,Johnson & Johnson,147.47999572753906,148.30999755859375,146.19000244140625,147.8000030517578,139.64710998535156,8876400,0.0,0.0,0.04060084718647418,0.0016484287922594282
2024-06-05,JNJ,Johnson & Johnson,147.97000122070312,147.99000549316406,145.85000610351562,145.97000122070312,137.9180450439453,5891300,0.0,0.0,-1.2458965228965482,1.552258145765709
2024-06-06,JNJ,Johnson & Johnson,145.5,147.0,144.66000366210938,146.4199981689453,138.3432159423828,5016300,0.0,0.0,0.30780373086187024,0.09474313673248665
2024-06-07,JNJ,Johnson & Johnson,146.67999267578125,148.3000030517578,146.33999633789062,147.0800018310547,138.96681213378906,5111600,0.0,0.0,0.44974734369998504,0.20227267316519246
2024-06-10,JNJ,Johnson & Johnson,146.52999877929688,147.55999755859375,145.60000610351562,147.1300048828125,139.0140838623047,5749900,0.0,0.0,0.03401077531022526,0.0011567328372026283
2024-06-11,JNJ,Johnson & Johnson,146.80999755859375,147.16000366210938,145.44000244140625,146.75999450683594,138.66445922851562,5661200,0.0,0.0,-0.2518198306965166,0.06341322713202228
2024-06-12,JNJ,Johnson & Johnson,147.05999755859375,147.2100067138672,144.77999877929688,145.41000366210938,137.3889617919922,6180500,0.0,0.0,-0.924101218302404,0.8539630616679873
2024-06-13,JNJ,Johnson & Johnson,145.07000732421875,146.0,143.8800048828125,145.4499969482422,137.42672729492188,6840400,0.0,0.0,0.02748424101469084,0.0007553835041536141
2024-06-14,JNJ,Johnson & Johnson,145.13999938964844,145.97000122070312,144.47999572753906,145.5399932861328,137.51174926757812,4075300,0.0,0.0,0.061848000635970395,0.0038251751826669945
2024-06-17,JNJ,Johnson & Johnson,145.02000427246094,146.42999267578125,144.74000549316406,145.9499969482422,137.89913940429688,6666600,0.0,0.0,0.28131813819728846,0.07913989487878868
2024-06-18,JNJ,Johnson & Johnson,145.9600067138672,146.38999938964844,145.25999450683594,145.64999389648438,137.61569213867188,6156600,0.0,0.0,-0.20575833543258412,0.042336492599987806
2024-06-20,JNJ,Johnson & Johnson,145.27000427246094,148.0800018310547,145.00999450683594,147.77999877929688,139.62818908691406,8749700,0.0,0.0,1.451813679789152,2.1077629608229187
2024-06-21,JNJ,Johnson & Johnson,147.88999938964844,149.0800018310547,147.3699951171875,148.75,140.54470825195312,15172300,0.0,0.0,0.6542548854925685,0.42804945519089393
2024-06-24,JNJ,Johnson & Johnson,149.0,149.72000122070312,148.1699981689453,149.1199951171875,140.89427185058594,6914700,0.0,0.0,0.2484117717196655,0.0617084083289032
2024-06-25,JNJ,Johnson & Johnson,149.17999267578125,149.1999969482422,146.94000244140625,147.19000244140625,139.07077026367188,5912500,0.0,0.0,-1.3026821921275418,1.6969808936862176
2024-06-26,JNJ,Johnson & Johnson,146.1999969482422,147.19000244140625,145.77999877929688,146.82000732421875,138.72116088867188,5267800,0.0,0.0,-0.2517060579345477,0.06335593960094989
2024-06-27,JNJ,Johnson & Johnson,146.8000030517578,147.36000061035156,144.83999633789062,145.8000030517578,137.75743103027344,5739200,0.0,0.0,-0.697148922052683,0.4860166195192178
2024-06-28,JNJ,Johnson & Johnson,146.0399932861328,147.07000732421875,145.64999389648438,146.16000366210938,138.0975799560547,10495700,0.0,0.0,0.24661440585042071,0.060818665172956025
2024-07-01,JNJ,Johnson & Johnson,146.07000732421875,148.6999969482422,145.6199951171875,146.44000244140625,138.3621368408203,5144400,0.0,0.0,0.19138916047979984,0.03662981074916258
2024-07-02,JNJ,Johnson & Johnson,146.42999267578125,147.14999389648438,145.74000549316406,146.02999877929688,137.97474670410156,5492000,0.0,0.0,-0.28037545008343945,0.07861039300949124
2024-07-03,JNJ,Johnson & Johnson,146.1999969482422,146.64999389648438,144.74000549316406,145.69000244140625,137.65350341796875,3246200,0.0,0.0,-0.23309906110659723,0.05433517228877715
2024-07-05,JNJ,Johnson & Johnson,145.77000427246094,146.5500030517578,144.5,146.47999572753906,138.39990234375,4888500,0.0,0.0,0.540765467186286,0.2924272905012022
2024-07-08,JNJ,Johnson & Johnson,146.39999389648438,147.22000122070312,145.25,145.47999572753906,137.45506286621094,5260200,0.0,0.0,-0.6850289402247381,0.46926464894542785
2024-07-09,JNJ,Johnson & Johnson,145.6699981689453,147.1300048828125,145.17999267578125,147.0500030517578,138.93846130371094,5890400,0.0,0.0,1.0734062493230372,1.1522009760857503
2024-07-10,JNJ,Johnson & Johnson,147.25999450683594,149.47000122070312,146.67999267578125,149.42999267578125,141.1871795654297,6093200,0.0,0.0,1.6055413992522989,2.57776318471303
2024-07-11,JNJ,Johnson & Johnson,149.5800018310547,150.5800018310547,148.63999938964844,149.6999969482422,141.4423065185547,6350400,0.0,0.0,0.18053814975692525,0.03259402351765397
2024-07-12,JNJ,Johnson & Johnson,150.0,150.8800048828125,149.24000549316406,149.8800048828125,141.61236572265625,5336400,0.0,0.0,0.12015998408829588,0.01443842177609952
2024-07-15,JNJ,Johnson & Johnson,150.0800018310547,150.25,148.8699951171875,149.24000549316406,141.00767517089844,6711400,0.0,0.0,-0.42791832636759,0.18311409404123924
2024-07-16,JNJ,Johnson & Johnson,149.69000244140625,151.0800018310547,149.16000366210938,151.00999450683594,142.68003845214844,6469600,0.0,0.0,1.179030725701272,1.3901134521476681
2024-07-17,JNJ,Johnson & Johnson,151.5500030517578,157.49000549316406,151.4199981689453,156.5800018310547,147.94277954101562,13801400,0.0,0.0,3.6220944292767223,13.119568054597465
2024-07-18,JNJ,Johnson & Johnson,155.60000610351562,157.07000732421875,154.6199951171875,155.4199981689453,146.8467559814453,10166200,0.0,0.0,-0.7436007576972499,0.5529420868479241
2024-07-19,JNJ,Johnson & Johnson,156.50999450683594,156.50999450683594,154.1199951171875,154.69000244140625,146.1570587158203,7398000,0.0,0.0,-0.470777856705239,0.2216317903639785
2024-07-22,JNJ,Johnson & Johnson,154.77000427246094,155.11000061035156,153.58999633789062,154.24000549316406,145.7318878173828,6840600,0.0,0.0,-0.29132394644477394,0.08486964177215751
2024-07-23,JNJ,Johnson & Johnson,153.30999755859375,153.5,151.57000732421875,152.35000610351562,143.94610595703125,6261900,0.0,0.0,-1.2329583339770236,1.5201862533233976
2024-07-24,JNJ,Johnson & Johnson,152.75999450683594,156.41000366210938,152.3300018310547,156.27999877929688,147.6593475341797,7168200,0.0,0.0,2.546894958294345,6.486673928585154
2024-07-25,JNJ,Johnson & Johnson,156.47999572753906,160.5800018310547,156.0,159.63999938964844,150.833984375,10019600,0.0,0.0,2.1271875843557955,4.524927019037444
2024-07-26,JNJ,Johnson & Johnson,159.75,161.5800018310547,159.47000122070312,160.63999938964844,151.77882385253906,8356900,0.0,0.0,0.6244564156903072,0.3899458150967857
2024-07-29,JNJ,Johnson & Johnson,159.97000122070312,160.0,158.0500030517578,158.55999755859375,149.81356811523438,5625000,0.0,0.0,-1.3032713068284896,1.698516099202439
2024-07-30,JNJ,Johnson & Johnson,158.5399932861328,161.5500030517578,158.36000061035156,161.3300018310547,152.43077087402344,6545700,0.0,0.0,1.7318889644427713,2.999439385158655
2024-07-31,JNJ,Johnson & Johnson,159.85000610351562,160.35000610351562,157.74000549316406,157.85000610351562,149.14273071289062,8293200,0.0,0.0,-2.1806759817536445,4.755347737397221
2024-08-01,JNJ,Johnson & Johnson,158.47999572753906,160.80999755859375,157.7100067138672,160.75999450683594,151.8922119140625,7213400,0.0,0.0,1.8267365472413688,3.3369664130273176
2024-08-02,JNJ,Johnson & Johnson,161.89999389648438,164.85000610351562,161.0,164.13999938964844,155.08575439453125,11280400,0.0,0.0,2.08070809400344,4.329346172451428
2024-08-05,JNJ,Johnson & Johnson,163.7899932861328,165.77999877929688,160.5800018310547,161.25,152.3551788330078,12032200,0.0,0.0,-1.776372023844567,3.155497567097643
2024-08-06,JNJ,Johnson & Johnson,161.0500030517578,161.47999572753906,158.94000244140625,158.97000122070312,150.20094299316406,7607100,0.0,0.0,-1.4240480289990582,2.027912788896103
2024-08-07,JNJ,Johnson & Johnson,158.8699951171875,160.6199951171875,158.19000244140625,158.89999389648438,150.13479614257812,5993000,0.0,0.0,-0.044048604968437086,0.0019402795996654202
2024-08-08,JNJ,Johnson & Johnson,158.57000732421875,160.6999969482422,158.02999877929688,160.22000122070312,151.38201904296875,5094800,0.0,0.0,0.82730378620568,0.6844315546702535
2024-08-09,JNJ,Johnson & Johnson,160.1199951171875,160.92999267578125,159.33999633789062,160.6199951171875,151.7599334716797,4579200,0.0,0.0,0.24933178753759844,0.062166340276694126
2024-08-12,JNJ,Johnson & Johnson,160.97000122070312,161.6999969482422,158.7100067138672,159.8800048828125,151.0607452392578,7605400,0.0,0.0,-0.46178449760032925,0.2132449222239885
2024-08-13,JNJ,Johnson & Johnson,160.27000427246094,160.3699951171875,156.44000244140625,158.38999938964844,149.6529541015625,9711400,0.0,0.0,-0.9363068097708375,0.8766704420232432
2024-08-14,JNJ,Johnson & Johnson,157.8300018310547,159.5500030517578,157.39999389648438,158.47999572753906,149.73797607421875,5141200,0.0,0.0,0.056796626999964316,0.0032258568385730756
2024-08-15,JNJ,Johnson & Johnson,158.3699951171875,159.5,157.83999633789062,159.08999633789062,150.31434631347656,7237800,0.0,0.0,0.38418029467666126,0.14759449881784628
2024-08-16,JNJ,Johnson & Johnson,159.13999938964844,159.94000244140625,158.17999267578125,159.38999938964844,150.59779357910156,5012800,0.0,0.0,0.18839209980657115,0.035491583269529066
2024-08-19,JNJ,Johnson & Johnson,159.4600067138672,160.2899932861328,159.1300048828125,159.6300048828125,150.8245391845703,4408400,0.0,0.0,0.1504504634147799,0.02263534194172203
2024-08-20,JNJ,Johnson & Johnson,160.0,160.92999267578125,159.6699981689453,160.16000366210938,151.32530212402344,7275100,0.0,0.0,0.3314669276514067,0.10987032412666287
2024-08-21,JNJ,Johnson & Johnson,160.39999389648438,161.47999572753906,160.30999755859375,161.42999267578125,152.52525329589844,5019400,0.0,0.0,0.7898339421054414,0.6238376561018218
2024-08-22,JNJ,Johnson & Johnson,162.0,162.49000549316406,160.7899932861328,162.35000610351562,153.39450073242188,6552100,0.0,0.0,0.5682861367609493,0.3229491332346844
2024-08-23,JNJ,Johnson & Johnson,162.5,164.22000122070312,161.6999969482422,164.1300048828125,155.07632446289062,7093400,0.0,0.0,1.0904372523329613,1.1890534012754583
2024-08-26,JNJ,Johnson & Johnson,164.1699981689453,165.7100067138672,163.5399932861328,164.61000061035156,155.52984619140625,6870600,0.0,0.0,0.2920238512037133,0.0852779296718485
2024-08-27,JNJ,Johnson & Johnson,163.5,164.0399932861328,162.16000366210938,162.9499969482422,155.1300048828125,4388700,1.24,0.0,-0.25741435721245937,0.06626215129910364
2024-08-28,JNJ,Johnson & Johnson,163.0,165.0,162.7100067138672,163.9199981689453,156.05343627929688,5187000,0.0,0.0,0.593498229606516,0.3522401485460688
2024-08-29,JNJ,Johnson & Johnson,164.6300048828125,164.72000122070312,163.36000061035156,164.22999572753906,156.3485565185547,7390100,0.0,0.0,0.18893626407783076,0.0356969118836878
2024-08-30,JNJ,Johnson & Johnson,164.1199951171875,165.97999572753906,163.80999755859375,165.86000061035156,157.9003448486328,7971000,0.0,0.0,0.9876253739053752,0.9754038791817321
2024-09-03,JNJ,Johnson & Johnson,165.24000549316406,167.80999755859375,164.77000427246094,167.16000366210938,159.137939453125,6956500,0.0,0.0,0.7807264624267339,0.6095338091333624
2024-09-04,JNJ,Johnson & Johnson,167.80999755859375,168.85000610351562,166.0399932861328,167.36000061035156,159.32835388183594,6939100,0.0,0.0,0.11958216953374626,0.014299895270397631
2024-09-05,JNJ,Johnson & Johnson,167.1999969482422,167.3699951171875,164.8300018310547,164.99000549316406,157.0720977783203,4600400,0.0,0.0,-1.4262270091018137,2.034123481491505
2024-09-06,JNJ,Johnson & Johnson,165.17999267578125,165.94000244140625,164.1199951171875,164.3800048828125,156.49136352539062,6016900,0.0,0.0,-0.3704098140162265,0.13720343031953552
2024-09-09,JNJ,Johnson & Johnson,164.83999633789062,167.41000366210938,164.47000122070312,166.61000061035156,158.6143798828125,7538200,0.0,0.0,1.3475149383668685,1.8157965091218655
2024-09-10,JNJ,Johnson & Johnson,167.5,168.4600067138672,166.75,167.3800048828125,159.34738159179688,6559600,0.0,0.0,0.4610636223015949,0.21257966380986779
2024-09-11,JNJ,Johnson & Johnson,166.7899932861328,166.7899932861328,164.08999633789062,164.82000732421875,156.91026306152344,5920200,0.0,0.0,-1.5412539841128337,2.375463843543683
2024-09-12,JNJ,Johnson & Johnson,164.1999969482422,165.10000610351562,162.7100067138672,164.63999938964844,156.73887634277344,4540900,0.0,0.0,-0.10928564072152239,0.011943351267913672
2024-09-13,JNJ,Johnson & Johnson,164.74000549316406,165.75,163.82000732421875,165.52000427246094,157.57666015625,3693400,0.0,0.0,0.5330858326778651,0.2841805050018528
2024-09-16,JNJ,Johnson & Johnson,166.36000061035156,167.25,165.77999877929688,166.99000549316406,158.9761199951172,5187800,0.0,0.0,0.8841931229525448,0.781797478676574
2024-09-17,JNJ,Johnson & Johnson,166.24000549316406,167.72000122070312,165.92999267578125,167.07000732421875,159.05227661132812,5066500,0.0,0.0,0.04789296709304893,0.0022937362969758677
2024-09-18,JNJ,Johnson & Johnson,166.6300048828125,168.35000610351562,165.74000549316406,166.14999389648438,158.17642211914062,4722800,0.0,0.0,-0.5521926113327855,0.30491668001052075
2024-09-19,JNJ,Johnson & Johnson,166.22999572753906,166.3699951171875,164.4199981689453,164.82000732421875,156.91026306152344,4956100,0.0,0.0,-0.8036936706691447,0.6459235162736435
2024-09-20,JNJ,Johnson & Johnson,164.3000030517578,164.8699951171875,163.5500030517578,164.16000366210938,156.28192138671875,11839000,0.0,0.0,-0.4012504455987979,0.16100192009323389
2024-09-23,JNJ,Johnson & Johnson,164.39999389648438,164.5,162.72000122070312,163.22000122070312,155.3870391845703,4671600,0.0,0.0,-0.5742533101109843,0.3297668641734224
2024-09-24,JNJ,Johnson & Johnson,162.7899932861328,163.49000549316406,161.5500030517578,162.77999877929688,154.96815490722656,6041600,0.0,0.0,-0.26993879250279995,0.07286695169786969
2024-09-25,JNJ,Johnson & Johnson,163.0,163.32000732421875,160.36000061035156,160.60000610351562,152.8927764892578,5420000,0.0,0.0,-1.3482775147123016,1.8178522566787807
2024-09-26,JNJ,Johnson & Johnson,160.24000549316406,161.5399932861328,160.02000427246094,161.38999938964844,153.64486694335938,6122000,0.0,0.0,0.4907012103287701,0.24078767781811988
2024-09-27,JNJ,Johnson & Johnson,162.0,163.42999267578125,161.33999633789062,161.39999389648438,153.6543731689453,7553800,0.0,0.0,0.006186950273928999,3.827835369207012e-05
2024-09-30,JNJ,Johnson & Johnson,161.57000732421875,162.17999267578125,160.67999267578125,162.05999755859375,154.28269958496094,6010000,0.0,0.0,0.40808810864317685,0.1665359044159653
2024-10-01,JNJ,Johnson & Johnson,162.42999267578125,162.75,161.17999267578125,161.99000549316406,154.216064453125,4408000,0.0,0.0,-0.04319961091578376,0.0018662063832751035
2024-10-02,JNJ,Johnson & Johnson,161.50999450683594,162.1199951171875,160.64999389648438,161.1699981689453,153.4354248046875,4684400,0.0,0.0,-0.5074841832907077,0.25754019629023656
2024-10-03,JNJ,Johnson & Johnson,160.77999877929688,161.44000244140625,160.22000122070312,160.5,152.7975616455078,4791200,0.0,0.0,-0.4165874415143601,0.1735450964274804
2024-10-04,JNJ,Johnson & Johnson,159.6300048828125,160.5,158.77999877929688,160.2899932861328,152.59764099121094,5331100,0.0,0.0,-0.13092588300587718,0.01714158684086864
2024-10-07,JNJ,Johnson & Johnson,160.25,160.86000061035156,159.22000122070312,159.52999877929688,151.87411499023438,4266000,0.0,0.0,-0.47526731046364484,0.22587901639534658
2024-10-08,JNJ,Johnson & Johnson,159.49000549316406,160.25,158.9499969482422,159.69000244140625,152.02642822265625,4766300,0.0,0.0,0.10023887655155718,0.01004783237231832
2024-10-09,JNJ,Johnson & Johnson,159.9199981689453,161.22000122070312,159.50999450683594,160.64999389648438,152.9403533935547,6047200,0.0,0.0,0.5993622662793123,0.3592351262394733
2024-10-10,JNJ,Johnson & Johnson,161.36000061035156,161.38999938964844,160.0,160.50999450683594,152.80706787109375,4793900,0.0,0.0,-0.08718669178156017,0.007601519223812772
2024-10-11,JNJ,Johnson & Johnson,162.17999267578125,162.66000366210938,161.1999969482422,161.4600067138672,153.71151733398438,5253500,0.0,0.0,0.5901450231678952,0.3482711483698355
2024-10-14,JNJ,Johnson & Johnson,161.39999389648438,162.13999938964844,160.89999389648438,161.60000610351562,153.84478759765625,5964000,0.0,0.0,0.0866639830665861,0.007510645960965522
2024-10-15,JNJ,Johnson & Johnson,160.0,166.75,159.0,164.10000610351562,156.22479248046875,10548000,0.0,0.0,1.535172605085083,2.35675492740372
2024-10-16,JNJ,Johnson & Johnson,164.0,164.99000549316406,162.63999938964844,164.27999877929688,156.3961639404297,5982100,0.0,0.0,0.10963530985797056,0.012019901167653215
2024-10-17,JNJ,Johnson & Johnson,164.25999450683594,165.0,163.6300048828125,164.47000122070312,156.57704162597656,4798000,0.0,0.0,0.1155867035695015,0.013360286042063811
2024-10-18,JNJ,Johnson & Johnson,164.88999938964844,165.2899932861328,163.92999267578125,165.1199951171875,157.19586181640625,5908000,0.0,0.0,0.39443877144957273,0.15558194442264828
2024-10-21,JNJ,Johnson & Johnson,165.10000610351562,165.25,162.30999755859375,162.8300018310547,155.0157470703125,6082700,0.0,0.0,-1.396584956455804,1.9504495405986597
2024-10-22,JNJ,Johnson & Johnson,162.32000732421875,163.72999572753906,161.89999389648438,163.4499969482422,155.6060028076172,5680300,0.0,0.0,0.3800483694343527,0.14443676310971024
2024-10-23,JNJ,Johnson & Johnson,162.82000732421875,166.0,162.4199981689453,165.86000061035156,157.9003448486328,7441600,0.0,0.0,1.4636915772468773,2.1423930333034513
2024-10-24,JNJ,Johnson & Johnson,165.0,165.50999450683594,163.33999633789062,163.6699981689453,155.8154296875,5386300,0.0,0.0,-1.3291941473331899,1.7667570813048057
2024-10-25,JNJ,Johnson & Johnson,163.67999267578125,163.9199981689453,160.61000061035156,160.8800048828125,153.15933227539062,6400400,0.0,0.0,-1.7193396808849233,2.95612893826547
2024-10-28,JNJ,Johnson & Johnson,161.1300048828125,161.97000122070312,161.0,161.60000610351562,153.84478759765625,4842500,0.0,0.0,0.4465454480305821,0.1994028371568333
2024-10-29,JNJ,Johnson & Johnson,161.4600067138672,162.1699981689453,160.05999755859375,160.08999633789062,152.40725708007812,5216900,0.0,0.0,-0.938796067138048,0.8813380556738662
2024-10-30,JNJ,Johnson & Johnson,159.4499969482422,161.27999877929688,159.02999877929688,160.61000061035156,152.9022979736328,5820500,0.0,0.0,0.32428813261340134,0.10516279295388697
2024-10-31,JNJ,Johnson & Johnson,159.99000549316406,160.8699951171875,159.4600067138672,159.86000061035156,152.1882781982422,8613900,0.0,0.0,-0.4680715399188559,0.21909096648200913
2024-11-01,JNJ,Johnson & Johnson,160.5800018310547,161.05999755859375,159.8800048828125,160.1300048828125,152.44532775878906,5256400,0.0,0.0,0.16875985874606764,0.028479889923992703
2024-11-04,JNJ,Johnson & Johnson,159.6999969482422,160.27999877929688,158.07000732421875,158.24000549316406,150.64602661132812,4644000,0.0,0.0,-1.1873135006711084,1.4097133488758822
2024-11-05,JNJ,Johnson & Johnson,157.6699981689453,158.58999633789062,156.35000610351562,158.35000610351562,150.75074768066406,6547100,0.0,0.0,0.06949050718676938,0.004828930589074448
2024-11-06,JNJ,Johnson & Johnson,159.89999389648438,160.85000610351562,157.35000610351562,157.8800048828125,150.3032989501953,8926600,0.0,0.0,-0.29725497129138156,0.08836051795744007
2024-11-07,JNJ,Johnson & Johnson,158.47000122070312,158.75,156.50999450683594,156.72999572753906,149.20848083496094,7522800,0.0,0.0,-0.7310717409555804,0.5344658904238232
2024-11-08,JNJ,Johnson & Johnson,157.0,157.0800018310547,155.41000366210938,155.47000122070312,148.0089569091797,8926100,0.0,0.0,-0.8071736622096876,0.6515293209649988
2024-11-11,JNJ,Johnson & Johnson,155.6199951171875,157.5800018310547,154.91000366210938,155.0399932861328,147.59957885742188,7146800,0.0,0.0,-0.2769732696691942,0.07671419211124418
2024-11-12,JNJ,Johnson & Johnson,154.52999877929688,155.0399932861328,152.3699951171875,152.63999938964844,145.31475830078125,7181400,0.0,0.0,-1.5600922237262895,2.433887746531239
2024-11-13,JNJ,Johnson & Johnson,152.5,153.50999450683594,151.4199981689453,153.24000549316406,145.885986328125,7161900,0.0,0.0,0.3923264418618502,0.1539200369839797
2024-11-14,JNJ,Johnson & Johnson,153.17999267578125,153.58999633789062,150.75999450683594,151.8699951171875,144.58172607421875,7716400,0.0,0.0,-0.8980475032540193,0.8064893181007777
2024-11-15,JNJ,Johnson & Johnson,150.89999389648438,154.42999267578125,150.89999389648438,154.0,146.6094970703125,11328500,0.0,0.0,1.3927643511242416,1.9397925377625296
2024-11-18,JNJ,Johnson & Johnson,152.58999633789062,155.3300018310547,152.3300018310547,154.77000427246094,147.34254455566406,7510600,0.0,0.0,0.4987541511038968,0.24875570324336874
2024-11-19,JNJ,Johnson & Johnson,153.9499969482422,153.99000549316406,152.0500030517578,153.0,145.65748596191406,8233700,0.0,0.0,-1.1502232055688624,1.3230134226291095
2024-11-20,JNJ,Johnson & Johnson,153.02999877929688,153.25,151.80999755859375,153.11000061035156,145.76220703125,9061300,0.0,0.0,0.07186959314102165,0.005165238418255986
2024-11-21,JNJ,Johnson & Johnson,153.6199951171875,156.05999755859375,152.80999755859375,155.5,148.0375213623047,10141100,0.0,0.0,1.5489189411315833,2.3991498861961853
2024-11-22,JNJ,Johnson & Johnson,155.89999389648438,157.1199951171875,154.11000061035156,155.1699981689453,147.72335815429688,8266000,0.0,0.0,-0.21244413844008028,0.045132511957548
2024-11-25,JNJ,Johnson & Johnson,155.1699981689453,157.0399932861328,155.13999938964844,155.77999877929688,148.30409240722656,12256200,0.0,0.0,0.392352126003252,0.1539401907792717
2024-11-26,JNJ,Johnson & Johnson,155.16000366210938,155.25,153.16000366210938,154.52000427246094,148.28489685058594,5683500,1.24,0.0,-0.012944213954443009,0.0001675526748983971
2024-11-27,JNJ,Johnson & Johnson,154.6300048828125,156.6300048828125,154.60000610351562,155.39999389648438,149.1293487548828,4140400,0.0,0.0,0.5678639715635266,0.3224694901999018
2024-11-29,JNJ,Johnson & Johnson,154.88999938964844,155.6699981689453,154.1699981689453,155.00999450683594,148.75511169433594,5687800,0.0,0.0,-0.2512633635689407,0.06313327787197767
2024-12-02,JNJ,Johnson & Johnson,154.75,155.0,153.92999267578125,154.8000030517578,148.5535888671875,6946500,0.0,0.0,-0.13556472288278282,0.0183777940902857
2024-12-03,JNJ,Johnson & Johnson,154.8000030517578,154.8000030517578,152.30999755859375,152.36000061035156,146.2120361328125,8674400,0.0,0.0,-1.5887890521277144,2.524250652160881
2024-12-04,JNJ,Johnson & Johnson,151.2899932861328,151.55999755859375,149.75,150.47000122070312,144.39830017089844,10333100,0.0,0.0,-1.248241569710344,1.5581070163529434
2024-12-05,JNJ,Johnson & Johnson,150.0,150.3800048828125,148.9499969482422,149.52000427246094,143.48666381835938,7898100,0.0,0.0,-0.6333358902513336,0.4011143498804493
2024-12-06,JNJ,Johnson & Johnson,149.38999938964844,150.0500030517578,148.3800048828125,149.30999755859375,143.28514099121094,8389600,0.0,0.0,-0.14054579769778733,0.019753121250507363
2024-12-09,JNJ,Johnson & Johnson,149.2899932861328,150.88999938964844,148.44000244140625,149.60000610351562,143.56341552734375,8410300,0.0,0.0,0.19402197926747725,0.03764452843886937
2024-12-10,JNJ,Johnson & Johnson,149.92999267578125,150.8300018310547,148.3300018310547,149.22999572753906,143.20835876464844,9398700,0.0,0.0,-0.24762335484235476,0.06131732586338274
2024-12-11,JNJ,Johnson & Johnson,148.5,148.5,146.3699951171875,146.63999938964844,140.7228546142578,13446700,0.0,0.0,-1.7508238085973058,3.0653840087511752
2024-12-12,JNJ,Johnson & Johnson,147.1999969482422,147.77000427246094,146.00999450683594,146.24000549316406,140.3389892578125,6176300,0.0,0.0,-0.2731538296588807,0.0746130146573128
2024-12-13,JNJ,Johnson & Johnson,145.66000366210938,146.92999267578125,145.0399932861328,146.6199951171875,140.70364379882812,8324900,0.0,0.0,0.2595013729301364,0.06734096255262574
2024-12-16,JNJ,Johnson & Johnson,146.72999572753906,147.25,143.52000427246094,143.85000610351562,138.0454559326172,8732400,0.0,0.0,-1.907283969523417,3.6377321404010026
2024-12-17,JNJ,Johnson & Johnson,143.83999633789062,146.66000366210938,143.7100067138672,146.41000366210938,140.50213623046875,10343000,0.0,0.0,1.7639671409509112,3.111580074354532
2024-12-18,JNJ,Johnson & Johnson,145.67999267578125,146.74000549316406,144.6699981689453,144.75,138.90911865234375,9336100,0.0,0.0,-1.140279649509029,1.300237679084434
2024-12-19,JNJ,Johnson & Johnson,144.13999938964844,145.22000122070312,143.3699951171875,143.5800018310547,137.78634643554688,9516700,0.0,0.0,-0.8115625450511542,0.6586337645299067
2024-12-20,JNJ,Johnson & Johnson,143.0500030517578,145.47000122070312,142.75,144.47000122070312,138.64041137695312,17702800,0.0,0.0,0.6179341434355764,0.3818426056234595
2024-12-23,JNJ,Johnson & Johnson,144.6300048828125,145.3300018310547,143.4499969482422,145.27000427246094,139.4081573486328,8720800,0.0,0.0,0.5522401545563167,0.3049691883043846
2024-12-24,JNJ,Johnson & Johnson,145.0,145.85000610351562,144.3300018310547,145.85000610351562,139.96473693847656,3164100,0.0,0.0,0.39844976917242697,0.15876221855356035
2024-12-26,JNJ,Johnson & Johnson,145.50999450683594,146.3699951171875,145.08999633789062,145.5800018310547,139.7056427001953,4656300,0.0,0.0,-0.18528548696509434,0.03433071167989214
2024-12-27,JNJ,Johnson & Johnson,144.8699951171875,146.60000610351562,144.67999267578125,145.0500030517578,139.19703674316406,5588300,0.0,0.0,-0.3647197092820299,0.1330204663387684
2024-12-30,JNJ,Johnson & Johnson,144.83999633789062,144.8800048828125,142.9499969482422,143.33999633789062,137.55601501464844,6268700,0.0,0.0,-1.1859243835250544,1.4064166434392802
2024-12-31,JNJ,Johnson & Johnson,143.75999450683594,144.6699981689453,143.30999755859375,144.6199951171875,138.7843475341797,5811400,0.0,0.0,0.8890055713183412,0.7903309058350503
2025-01-02,JNJ,Johnson & Johnson,145.22999572753906,145.77000427246094,143.77999877929688,144.02000427246094,138.20860290527344,6051300,0.0,0.0,-0.41571127145362236,0.1728158612135873
2025-01-03,JNJ,Johnson & Johnson,144.07000732421875,144.57000732421875,143.6199951171875,144.19000244140625,138.37171936035156,5878800,0.0,0.0,0.1179523348975804,0.013912753307790965
2025-01-06,JNJ,Johnson & Johnson,143.50999450683594,144.82000732421875,142.92999267578125,143.66000366210938,137.8631134033203,7910500,0.0,0.0,-0.3682421414250973,0.13560227472134137
2025-01-07,JNJ,Johnson & Johnson,143.75999450683594,147.17999267578125,143.58999633789062,146.22999572753906,140.3293914794922,8422000,0.0,0.0,1.7731194392764424,3.1439525459400057
2025-01-08,JNJ,Johnson & Johnson,145.49000549316406,145.58999633789062,141.44000244140625,142.27000427246094,136.52920532226562,11175600,0.0,0.0,-2.7453905255935926,7.537169138019063
2025-01-10,JNJ,Johnson & Johnson,141.0,143.6699981689453,140.67999267578125,142.05999755859375,136.32766723632812,8821500,0.0,0.0,-0.14772442467599378,0.02182250564585336
2025-01-13,JNJ,Johnson & Johnson,142.97999572753906,145.07000732421875,142.30999755859375,144.47000122070312,138.64041137695312,10376400,0.0,0.0,1.6822306736993724,2.8299000395350444
2025-01-14,JNJ,Johnson & Johnson,144.5,144.80999755859375,142.86000061035156,144.75,138.90911865234375,8681700,0.0,0.0,0.19362840161558592,0.037491957912206636
2025-01-15,JNJ,Johnson & Johnson,145.30999755859375,146.0500030517578,144.25999450683594,144.97000122070312,139.1202392578125,7434600,0.0,0.0,0.15186931886154081,0.023064290011468355
2025-01-16,JNJ,Johnson & Johnson,144.32000732421875,148.07000732421875,144.05999755859375,147.77000427246094,141.8072509765625,8964000,0.0,0.0,1.9130158188293733,3.6596295230914175
2025-01-17,JNJ,Johnson & Johnson,147.44000244140625,148.3800048828125,146.61000061035156,147.02999877929688,141.09710693359375,10773100,0.0,0.0,-0.5020393038649049,0.2520434626251583
2025-01-21,JNJ,Johnson & Johnson,147.55999755859375,148.86000061035156,147.0500030517578,148.14999389648438,142.1719207763672,11111700,0.0,0.0,0.7588679987325463,0.5758806395003399
2025-01-22,JNJ,Johnson & Johnson,144.0,145.47000122070312,142.11000061035156,145.27000427246094,139.4081573486328,16834700,0.0,0.0,-1.9631020796178016,3.8537697749997375
2025-01-23,JNJ,Johnson & Johnson,145.44000244140625,147.91000366210938,144.80999755859375,146.63999938964844,140.7228546142578,10506400,0.0,0.0,0.9386371818695237,0.8810397591879613
2025-01-24,JNJ,Johnson & Johnson,146.80999755859375,147.6300048828125,146.3800048828125,146.82000732421875,140.89559936523438,9887300,0.0,0.0,0.12268000921186746,0.015050384660223884
2025-01-27,JNJ,Johnson & Johnson,148.4499969482422,153.4499969482422,148.0,152.88999938964844,146.7206573486328,15152300,0.0,0.0,4.051130270075051,16.411656465118355
2025-01-28,JNJ,Johnson & Johnson,152.66000366210938,152.97000122070312,150.3000030517578,150.3800048828125,144.31195068359375,10320600,0.0,0.0,-1.6553208120716707,2.7400869908776153
2025-01-29,JNJ,Johnson & Johnson,150.5,151.8800048828125,150.0,151.14999389648438,145.05087280273438,7156400,0.0,0.0,0.5107247132896303,0.26083973276477507
2025-01-30,JNJ,Johnson & Johnson,151.91000366210938,154.13999938964844,151.36000061035156,152.8699951171875,146.70147705078125,8911000,0.0,0.0,1.1315225807135136,1.28034335066457
2025-01-31,JNJ,Johnson & Johnson,152.6199951171875,153.17999267578125,152.05999755859375,152.14999389648438,146.01051330566406,8457800,0.0,0.0,-0.4721125552010399,0.22289026477845494
2025-02-03,JNJ,Johnson & Johnson,152.0,152.47000122070312,150.77999877929688,151.8699951171875,145.7418212890625,6687500,0.0,0.0,-0.18419190574086403,0.033926658140451336
2025-02-04,JNJ,Johnson & Johnson,151.36000061035156,154.17999267578125,150.9499969482422,153.49000549316406,147.29644775390625,9645000,0.0,0.0,1.0610498452832213,1.1258267741755479
2025-02-05,JNJ,Johnson & Johnson,153.82000732421875,154.72999572753906,153.30999755859375,154.69000244140625,148.4480438232422,8947000,0.0,0.0,0.7787816324525455,0.6065008310454517
2025-02-06,JNJ,Johnson & Johnson,154.7899932861328,154.83999633789062,153.3800048828125,153.50999450683594,147.31564331054688,7418100,0.0,0.0,-0.7657505605787193,0.5863739210266228
2025-02-07,JNJ,Johnson & Johnson,153.52999877929688,154.49000549316406,152.8000030517578,153.1199951171875,146.94137573242188,6204900,0.0,0.0,-0.2543815479174909,0.06470997192089872
2025-02-10,JNJ,Johnson & Johnson,153.61000061035156,154.3699951171875,152.2899932861328,154.24000549316406,148.01622009277344,6936200,0.0,0.0,0.7288160286731243,0.5311728036508644
2025-02-11,JNJ,Johnson & Johnson,154.11000061035156,156.38999938964844,153.94000244140625,156.1300048828125,149.8299560546875,7554500,0.0,0.0,1.217916177341207,1.4833198150294185
2025-02-12,JNJ,Johnson & Johnson,155.27000427246094,155.66000366210938,154.27000427246094,155.25999450683594,148.9950408935547,7746000,0.0,0.0,-0.5588001955863161,0.31225765858730514
2025-02-13,JNJ,Johnson & Johnson,155.25999450683594,158.1300048828125,154.7899932861328,157.25,150.90472412109375,10704700,0.0,0.0,1.273564878859075,1.6219675006633303
2025-02-14,JNJ,Johnson & Johnson,157.2899932861328,157.47000122070312,156.05999755859375,156.14999389648438,149.84910583496094,6411800,0.0,0.0,-0.701984490903783,0.4927822254694434
2025-02-18,JNJ,Johnson & Johnson,154.13999938964844,155.4499969482422,153.24000549316406,154.99000549316406,149.926513671875,9670700,1.24,0.0,0.051643851999602294,0.002667087449356826
2025-02-19,JNJ,Johnson & Johnson,155.0,158.3000030517578,154.75,157.88999938964844,152.73175048828125,7974700,0.0,0.0,1.853785264488268,3.4365198068338376
2025-02-20,JNJ,Johnson & Johnson,156.9499969482422,159.9499969482422,156.9499969482422,159.67999267578125,154.46328735351562,7224000,0.0,0.0,1.1273327951384098,1.2708792309945798
2025-02-21,JNJ,Johnson & Johnson,159.8800048828125,163.50999450683594,159.27999877929688,162.3000030517578,156.9976806640625,12546900,0.0,0.0,1.6274586605018033,2.6486216916423237
2025-02-24,JNJ,Johnson & Johnson,162.67999267578125,164.8699951171875,162.0500030517578,163.74000549316406,158.39064025878906,10201900,0.0,0.0,0.8833355960341476,0.7802817752210027
2025-02-25,JNJ,Johnson & Johnson,164.10000610351562,166.42999267578125,163.94000244140625,166.08999633789062,160.66384887695312,12303700,0.0,0.0,1.4249898759282105,2.0305961464978965
2025-02-26,JNJ,Johnson & Johnson,165.0800018310547,165.1300048828125,162.55999755859375,163.0800018310547,157.752197265625,11396400,0.0,0.0,-1.8288857010451232,3.3448229074873117
2025-02-27,JNJ,Johnson & Johnson,162.30999755859375,163.9499969482422,161.72999572753906,163.72999572753906,158.38096618652344,8364600,0.0,0.0,0.3977879088316285,0.15823522041264
2025-02-28,JNJ,Johnson & Johnson,164.30999755859375,165.94000244140625,162.6999969482422,165.02000427246094,159.62881469726562,12037200,0.0,0.0,0.7847902739382557,0.6158957740680825
2025-03-03,JNJ,Johnson & Johnson,164.9600067138672,167.3300018310547,164.83999633789062,167.27999877929688,161.8149871826172,9191500,0.0,0.0,1.3602416227294656,1.8502572722056898
2025-03-04,JNJ,Johnson & Johnson,168.0800018310547,169.99000549316406,165.32000732421875,165.4199981689453,160.01576232910156,11999700,0.0,0.0,-1.1181303224516659,1.2502154179858662
2025-03-05,JNJ,Johnson & Johnson,164.50999450683594,166.4600067138672,163.52999877929688,165.1199951171875,159.7255401611328,8744800,0.0,0.0,-0.1815356636200295,0.032955197165964505
2025-03-06,JNJ,Johnson & Johnson,165.0,165.8699951171875,163.50999450683594,165.8300018310547,160.41236877441406,8037900,0.0,0.0,0.42908362170990744,0.18411275441969094
2025-03-07,JNJ,Johnson & Johnson,165.1300048828125,168.4600067138672,164.6999969482422,166.69000244140625,161.24427795410156,9637600,0.0,0.0,0.5172664970925135,0.2675646290143593
2025-03-10,JNJ,Johnson & Johnson,167.47999572753906,169.89999389648438,167.0500030517578,167.6999969482422,162.22125244140625,17559000,0.0,0.0,0.6040689757078103,0.36489932741268305
2025-03-11,JNJ,Johnson & Johnson,167.1999969482422,167.3000030517578,165.0500030517578,165.86000061035156,160.44139099121094,9890300,0.0,0.0,-1.1032448530131573,1.217149205700023
2025-03-12,JNJ,Johnson & Johnson,163.72999572753906,164.2100067138672,162.22999572753906,162.85000610351562,157.52972412109375,8010700,0.0,0.0,-1.8314545679424081,3.3542258344371128
2025-03-13,JNJ,Johnson & Johnson,163.42999267578125,164.5399932861328,162.66000366210938,162.99000549316406,157.6651611328125,5286700,0.0,0.0,0.08593858999022172,0.007385441249507437
2025-03-14,JNJ,Johnson & Johnson,162.1199951171875,163.14999389648438,161.10000610351562,162.80999755859375,157.4910430908203,6235800,0.0,0.0,-0.1104963553783237,0.012209444551892804
2025-03-17,JNJ,Johnson & Johnson,162.41000366210938,163.5,161.72999572753906,162.83999633789062,157.52001953125,6669800,0.0,0.0,0.018397093911701745,0.0003384530643959734
2025-03-18,JNJ,Johnson & Johnson,163.44000244140625,164.86000061035156,162.97000122070312,164.25,158.88397216796875,7348800,0.0,0.0,0.8621642718492473,0.7433272316533427
2025-03-19,JNJ,Johnson & Johnson,163.97000122070312,164.36000061035156,162.2100067138672,162.99000549316406,157.6651611328125,5936400,0.0,0.0,-0.7700650103826286,0.593000120215598
2025-03-20,JNJ,Johnson & Johnson,163.0,163.1999969482422,161.92999267578125,163.02000427246094,157.69415283203125,7485900,0.0,0.0,0.01838645507939083,0.00033806173038645684
2025-03-21,JNJ,Johnson & Johnson,163.0,164.1300048828125,162.47999572753906,163.6300048828125,158.28424072265625,17047100,0.0,0.0,0.37349932061634017,0.13950174250086766
2025-03-24,JNJ,Johnson & Johnson,162.83999633789062,164.38999938964844,162.5,163.2899932861328,157.95533752441406,8046400,0.0,0.0,-0.20800895236205746,0.04326772426276069
2025-03-25,JNJ,Johnson & Johnson,163.52000427246094,164.19000244140625,160.55999755859375,161.02000427246094,155.75950622558594,7456200,0.0,0.0,-1.3999128209813727,1.9597559063480248
2025-03-26,JNJ,Johnson & Johnson,161.2100067138672,162.49000549316406,160.63999938964844,161.72000122070312,156.4366455078125,7223500,0.0,0.0,0.4337916020466442,0.1881751540061941
2025-03-27,JNJ,Johnson & Johnson,162.35000610351562,164.07000732421875,161.32000732421875,163.1300048828125,157.8005828857422,6752500,0.0,0.0,0.8680995249238155,0.7535967851729541
2025-03-28,JNJ,Johnson & Johnson,163.58999633789062,164.52000427246094,162.91000366210938,163.7100067138672,158.3616180419922,5760300,0.0,0.0,0.35490374465252617,0.1259566679683855
2025-03-31,JNJ,Johnson & Johnson,164.3699951171875,166.6300048828125,164.22999572753906,165.83999633789062,160.42201232910156,12481400,0.0,0.0,1.2926780311175734,1.671016492134006
2025-04-01,JNJ,Johnson & Johnson,160.72999572753906,161.80999755859375,153.1300048828125,153.25,148.2433319091797,23303100,0.0,0.0,-7.89528618125733,62.335543883952944
2025-04-02,JNJ,Johnson & Johnson,154.00999450683594,155.7899932861328,153.4499969482422,155.36000061035156,150.28440856933594,10356900,0.0,0.0,1.3674497801671257,1.8699189012791204
2025-04-03,JNJ,Johnson & Johnson,158.75,160.64999389648438,157.47999572753906,159.82000732421875,154.59869384765625,13249300,0.0,0.0,2.8303131547752187,8.01067255409365
2025-04-04,JNJ,Johnson & Johnson,159.16000366210938,159.82000732421875,152.92999267578125,153.24000549316406,148.2336883544922,16601700,0.0,0.0,-4.204268366413786,17.675872496827647
2025-04-07,JNJ,Johnson & Johnson,151.27999877929688,152.7100067138672,147.39999389648438,150.6199951171875,145.6992645263672,18083000,0.0,0.0,-1.7245338535899446,2.9740170121777845
2025-04-08,JNJ,Johnson & Johnson,153.58999633789062,153.58999633789062,148.0,150.0,145.09951782226562,12018400,0.0,0.0,-0.41248285127526674,0.17014210259617382
2025-04-09,JNJ,Johnson & Johnson,142.1999969482422,153.19000244140625,141.5,150.97000122070312,146.03782653808594,18773700,0.0,0.0,0.6445837215978264,0.41548817414890415
2025-04-10,JNJ,Johnson & Johnson,150.3699951171875,151.1999969482422,145.1300048828125,148.69000244140625,143.8323211669922,13830500,0.0,0.0,-1.521748927576533,2.315719798580328
2025-04-11,JNJ,Johnson & Johnson,149.3300018310547,152.35000610351562,148.19000244140625,151.72999572753906,146.77301025390625,9943900,0.0,0.0,2.023906066807663,4.096195767260865
2025-04-14,JNJ,Johnson & Johnson,151.58999633789062,154.6699981689453,151.1699981689453,154.36000061035156,149.3170928955078,10685300,0.0,0.0,1.718493947998067,2.9532214493059827
2025-04-15,JNJ,Johnson & Johnson,155.6999969482422,156.3000030517578,152.10000610351562,153.6199951171875,148.6012725830078,10847700,0.0,0.0,-0.4805488838324731,0.2309272297526357
2025-04-16,JNJ,Johnson & Johnson,155.3699951171875,155.6300048828125,152.24000549316406,153.91000366210938,148.8817901611328,7986900,0.0,0.0,0.18859403872079175,0.0355677114410195
2025-04-17,JNJ,Johnson & Johnson,154.16000366210938,159.44000244140625,154.16000366210938,157.47000122070312,152.3254852294922,10981100,0.0,0.0,2.2866945167835926,5.228971813088148
2025-04-21,JNJ,Johnson & Johnson,157.9600067138672,158.22999572753906,155.49000549316406,156.9199981689453,151.79345703125,6285400,0.0,0.0,-0.3498820146046282,0.12241742414379327
2025-04-22,JNJ,Johnson & Johnson,157.5500030517578,158.72000122070312,156.25999450683594,157.75,152.59634399414062,7136300,0.0,0.0,0.5275398993019397,0.27829834535550063
2025-04-23,JNJ,Johnson & Johnson,156.49000549316406,157.10000610351562,154.3300018310547,155.3800048828125,150.3037567138672,9099400,0.0,0.0,-1.5137869248531342,2.2915508538563083
2025-04-24,JNJ,Johnson & Johnson,155.8000030517578,155.89999389648438,153.44000244140625,154.92999267578125,149.8684539794922,8310400,0.0,0.0,-0.29003553561396883,0.08412061191888179
2025-04-25,JNJ,Johnson & Johnson,154.32000732421875,154.89999389648438,152.4499969482422,154.5800018310547,149.52989196777344,8643600,0.0,0.0,-0.22616167431191445,0.05114910292756846
2025-04-28,JNJ,Johnson & Johnson,155.5,155.80999755859375,153.82000732421875,155.35000610351562,150.27474975585938,5815200,0.0,0.0,0.4968964565629622,0.2469060885448278
2025-04-29,JNJ,Johnson & Johnson,155.4499969482422,157.02000427246094,154.2899932861328,155.91000366210938,150.81643676757812,5246700,0.0,0.0,0.3598163084069887,0.1294677757956332
2025-04-30,JNJ,Johnson & Johnson,158.1999969482422,158.1999969482422,155.02000427246094,156.30999755859375,151.20335388183594,9598200,0.0,0.0,0.25621984910144785,0.0656486110735687
2025-05-01,JNJ,Johnson & Johnson,155.0,155.08999633789062,153.36000061035156,154.4600067138672,149.41383361816406,7325800,0.0,0.0,-1.1905782346394247,1.417476532797129
2025-05-02,JNJ,Johnson & Johnson,156.07000732421875,156.72000122070312,155.0399932861328,156.1199951171875,151.0195770263672,5974500,0.0,0.0,1.0689614681234143,1.1426786203325654
2025-05-05,JNJ,Johnson & Johnson,156.6699981689453,156.7899932861328,154.72999572753906,155.0,149.93617248535156,5464100,0.0,0.0,-0.7199790818450913,0.5183698782945007
2025-05-06,JNJ,Johnson & Johnson,154.82000732421875,155.89999389648438,153.69000244140625,154.47000122070312,149.42347717285156,8644200,0.0,0.0,-0.34252833630355717,0.11732566117088276
2025-05-07,JNJ,Johnson & Johnson,154.74000549316406,157.94000244140625,154.5,157.3000030517578,152.16102600097656,7853100,0.0,0.0,1.8154938272024386,3.296017836610158
2025-05-08,JNJ,Johnson & Johnson,155.82000732421875,157.02999877929688,154.77999877929688,155.66000366210938,150.57460021972656,7606100,0.0,0.0,-1.0480697780942865,1.0984502597546069
2025-05-09,JNJ,Johnson & Johnson,155.4199981689453,156.05999755859375,153.80999755859375,154.22000122070312,149.18167114257812,6520400,0.0,0.0,-0.929381124860214,0.8637492752464366
2025-05-12,JNJ,Johnson & Johnson,152.02000427246094,155.36000061035156,151.17999267578125,154.13999938964844,149.1042938232422,9023800,0.0,0.0,-0.05188130194487319,0.0026916694914951027
2025-05-13,JNJ,Johnson & Johnson,151.6999969482422,151.6999969482422,148.0800018310547,148.44000244140625,143.5904998779297,10549600,0.0,0.0,-3.768052204724536,14.198217417529436
2025-05-14,JNJ,Johnson & Johnson,148.6699981689453,148.82000732421875,146.1199951171875,146.36000061035156,141.5784454345703,10216000,0.0,0.0,-1.4111549421255805,1.9913582706854502
2025-05-15,JNJ,Johnson & Johnson,148.0,149.64999389648438,147.3300018310547,149.61000061035156,144.72227478027344,7945800,0.0,0.0,2.196261129079569,4.823562947105864
2025-05-16,JNJ,Johnson & Johnson,149.6699981689453,151.5,149.22000122070312,151.3300018310547,146.38607788085938,8051200,0.0,0.0,1.1430941106766668,1.3066641458636796
2025-05-19,JNJ,Johnson & Johnson,151.88999938964844,152.66000366210938,151.0500030517578,152.49000549316406,147.5081787109375,12639900,0.0,0.0,0.7636122567313066,0.5831036786302789
2025-05-20,JNJ,Johnson & Johnson,152.3300018310547,154.0399932861328,152.1199951171875,153.66000366210938,148.63995361328125,7351500,0.0,0.0,0.7643339860860995,0.5842064422862657
2025-05-21,JNJ,Johnson & Johnson,153.19000244140625,154.42999267578125,153.0,153.17999267578125,148.17562866210938,7032200,0.0,0.0,-0.31287126260641823,0.09788842696493431
2025-05-22,JNJ,Johnson & Johnson,152.64999389648438,153.32000732421875,151.3699951171875,152.61000061035156,147.62425231933594,7535300,0.0,0.0,-0.3728040589757739,0.1389828663888123
2025-05-23,JNJ,Johnson & Johnson,153.0,153.47999572753906,152.2100067138672,152.94000244140625,147.94346618652344,6727300,0.0,0.0,0.21600057875886805,0.04665625002416596
2025-05-27,JNJ,Johnson & Johnson,152.52000427246094,154.0399932861328,151.92999267578125,153.25,149.51422119140625,6990700,1.3,0.0,1.05612977697901,1.1154101058217332
2025-05-28,JNJ,Johnson & Johnson,153.27999877929688,153.63999938964844,151.92999267578125,152.42999267578125,148.7141876220703,8459300,0.0,0.0,-0.5365253375166137,0.2878594377973162
2025-05-29,JNJ,Johnson & Johnson,151.75,154.0399932861328,151.55999755859375,153.5800018310547,149.836181640625,6810600,0.0,0.0,0.7516314942594469,0.5649499031626889
2025-05-30,JNJ,Johnson & Johnson,153.89999389648438,155.7100067138672,153.22000122070312,155.2100067138672,151.42645263671875,15529700,0.0,0.0,1.055747103104183,1.1146019457128744
2025-06-02,JNJ,Johnson & Johnson,154.47999572753906,155.5399932861328,152.3000030517578,155.39999389648438,151.61180114746094,6669300,0.0,0.0,0.12232682279572195,0.014963851575295959
2025-06-03,JNJ,Johnson & Johnson,154.8000030517578,155.66000366210938,154.0800018310547,154.4199981689453,150.65570068359375,8209800,0.0,0.0,-0.6326208717386596,0.40020916735938156
2025-06-04,JNJ,Johnson & Johnson,154.92999267578125,154.92999267578125,153.1300048828125,153.22000122070312,149.4849395751953,6983900,0.0,0.0,-0.7801456313003631,0.608627206037042
2025-06-05,JNJ,Johnson & Johnson,153.67999267578125,154.08999633789062,152.63999938964844,153.66000366210938,149.9142303466797,5295400,0.0,0.0,0.2867683740002841,0.08223610032676681
2025-06-06,JNJ,Johnson & Johnson,154.0,156.02999877929688,154.0,155.02999877929688,151.25082397460938,5391500,0.0,0.0,0.88762117933126,0.7878713579974167
2025-06-09,JNJ,Johnson & Johnson,154.85000610351562,155.99000549316406,154.4499969482422,155.22999572753906,151.44595336914062,5319000,0.0,0.0,0.12892732012057917,0.0166222538734743
2025-06-10,JNJ,Johnson & Johnson,155.42999267578125,157.44000244140625,155.02000427246094,156.4499969482422,152.63621520996094,6791600,0.0,0.0,0.7828593997005554,0.612868839699514
2025-06-11,JNJ,Johnson & Johnson,156.3000030517578,156.60000610351562,154.72999572753906,155.25999450683594,151.4752197265625,6016000,0.0,0.0,-0.7635366450618776,0.5829882083523477
2025-06-12,JNJ,Johnson & Johnson,156.24000549316406,156.67999267578125,155.1699981689453,156.66000366210938,152.84109497070312,7075500,0.0,0.0,0.897674130651747,0.8058188448413697
2025-06-13,JNJ,Johnson & Johnson,155.97000122070312,157.6699981689453,155.97000122070312,157.10000610351562,153.27037048339844,6587500,0.0,0.0,0.2804702486143835,0.0786635603578141
2025-06-16,JNJ,Johnson & Johnson,156.4199981689453,156.5,154.4499969482422,155.22000122070312,151.4362030029297,7024000,0.0,0.0,-1.203905523231593,1.4493885088675356
2025-06-17,JNJ,Johnson & Johnson,154.97000122070312,155.27999877929688,152.10000610351562,152.3800048828125,148.66543579101562,6407100,0.0,0.0,-1.8466050085012775,3.4099500574220034
2025-06-18,JNJ,Johnson & Johnson,152.57000732421875,152.64999389648438,150.7100067138672,150.72999572753906,147.05564880371094,8325200,0.0,0.0,-1.0887305452766045,1.1853342002182925
2025-06-20,JNJ,Johnson & Johnson,151.25999450683594,151.39999389648438,149.0399932861328,149.7899932861328,146.13858032226562,22605500,0.0,0.0,-0.6255726621217466,0.3913411555940889
2025-06-23,JNJ,Johnson & Johnson,149.74000549316406,151.42999267578125,149.74000549316406,151.32000732421875,147.6312713623047,7397900,0.0,0.0,1.0162403513230143,1.0327444516571234
2025-06-24,JNJ,Johnson & Johnson,151.5,152.72000122070312,150.97999572753906,152.19000244140625,148.4800567626953,9544200,0.0,0.0,0.5732896005380944,0.32866096608512785
2025-06-25,JNJ,Johnson & Johnson,151.3800048828125,153.07000732421875,150.72999572753906,152.27999877929688,148.56787109375,7153700,0.0,0.0,0.05912469024544497,0.003495728996619816
2025-06-26,JNJ,Johnson & Johnson,152.6999969482422,153.22000122070312,151.52999877929688,152.00999450683594,148.304443359375,7156900,0.0,0.0,-0.1774687572328312,0.031495159793765576
2025-06-27,JNJ,Johnson & Johnson,152.00999450683594,153.3300018310547,151.00999450683594,152.41000366210938,148.6947021484375,10010800,0.0,0.0,0.2628014387072397,0.06906459618659506
2025-06-30,JNJ,Johnson & Johnson,152.16000366210938,152.97000122070312,151.52000427246094,152.75,149.02642822265625,9039300,0.0,0.0,0.22284357921289188,0.04965926079641242
2025-07-01,JNJ,Johnson & Johnson,153.0,157.75,152.80999755859375,155.9199981689453,152.119140625,10896700,0.0,0.0,2.054037288219426,4.219069181395814
2025-07-02,JNJ,Johnson & Johnson,156.0,156.3000030517578,155.07000732421875,155.55999755859375,151.7678985595703,5544000,0.0,0.0,-0.23116630626018667,0.053437861149978415
2025-07-03,JNJ,Johnson & Johnson,155.42999267578125,156.27999877929688,154.8800048828125,156.00999450683594,152.20693969726562,3482500,0.0,0.0,0.2888669637974011,0.08344412277352906
2025-07-07,JNJ,Johnson & Johnson,156.02000427246094,156.35000610351562,154.88999938964844,155.27000427246094,151.4849853515625,6270900,0.0,0.0,-0.47545268488759046,0.22605525556681838
2025-07-08,JNJ,Johnson & Johnson,154.47999572753906,156.75999450683594,154.2100067138672,155.7899932861328,151.99229431152344,6438200,0.0,0.0,0.33433107946059615,0.11177727069328745
2025-07-09,JNJ,Johnson & Johnson,155.7899932861328,156.69000244140625,155.07000732421875,156.27999877929688,152.47036743164062,6147400,0.0,0.0,0.31404410004900724,0.09862369677559087
2025-07-10,JNJ,Johnson & Johnson,156.10000610351562,159.24000549316406,155.82000732421875,157.69000244140625,153.8459930419922,6732900,0.0,0.0,0.8981791610158137,0.806725805283071
2025-07-11,JNJ,Johnson & Johnson,157.08999633789062,157.17999267578125,155.17999267578125,156.89999389648438,153.07522583007812,7872000,0.0,0.0,-0.5022584199617661,0.25226352042248984
2025-07-14,JNJ,Johnson & Johnson,156.8699951171875,157.47000122070312,155.52000427246094,156.82000732421875,152.9971923828125,10185600,0.0,0.0,-0.05099018684008012,0.0025999991539862803
2025-07-15,JNJ,Johnson & Johnson,156.36000061035156,157.19000244140625,154.8000030517578,155.1699981689453,151.38742065429688,6873200,0.0,0.0,-1.0577320061112978,1.1187969967522304
2025-07-16,JNJ,Johnson & Johnson,160.3000030517578,166.1199951171875,159.8000030517578,164.77999877929688,160.76315307617188,22134800,0.0,0.0,6.008993222649623,36.107999549849104
2025-07-17,JNJ,Johnson & Johnson,163.17999267578125,164.6999969482422,162.3000030517578,162.97999572753906,159.0070343017578,11295700,0.0,0.0,-1.0983740817122656,1.2064256233772628
2025-07-18,JNJ,Johnson & Johnson,163.92999267578125,165.10000610351562,163.36000061035156,163.6999969482422,159.70948791503906,9792600,0.0,0.0,0.4408022187385419,0.19430659604482137
2025-07-21,JNJ,Johnson & Johnson,163.77000427246094,164.9199981689453,162.77999877929688,164.36000061035156,160.3533935546875,8254000,0.0,0.0,0.40236250164575726,0.161895582730632
2025-07-22,JNJ,Johnson & Johnson,165.0,168.05999755859375,164.7100067138672,167.92999267578125,163.83636474609375,9288000,0.0,0.0,2.1488064438938257,4.617369133319629
2025-07-23,JNJ,Johnson & Johnson,168.60000610351562,169.1199951171875,166.58999633789062,169.10000610351562,164.97784423828125,10617600,0.0,0.0,0.6943033764849152,0.48205717859835395
2025-07-24,JNJ,Johnson & Johnson,169.5,169.99000549316406,168.8800048828125,169.55999755859375,165.4266357421875,6636900,0.0,0.0,0.2716620428031268,0.07380026549996789
2025-07-25,JNJ,Johnson & Johnson,169.75,169.8800048828125,167.44000244140625,168.3000030517578,164.19735717773438,6254900,0.0,0.0,-0.7458706221743249,0.5563229850227145
2025-07-28,JNJ,Johnson & Johnson,167.86000061035156,167.94000244140625,165.0500030517578,166.22000122070312,162.16806030273438,8014600,0.0,0.0,-1.2435894975719632,1.546514838471288
2025-07-29,JNJ,Johnson & Johnson,166.6699981689453,168.77999877929688,166.3699951171875,168.11000061035156,164.01197814941406,7663400,0.0,0.0,1.1306255882128307,1.2783142207216094
2025-07-30,JNJ,Johnson & Johnson,167.6999969482422,168.61000061035156,166.77999877929688,167.25999450683594,163.1826934814453,6189200,0.0,0.0,-0.5069070590748087,0.2569547665398716
2025-07-31,JNJ,Johnson & Johnson,165.92999267578125,167.07000732421875,164.22999572753906,164.74000549316406,160.72412109375,11036200,0.0,0.0,-1.5181030435411742,2.304636850808976
2025-08-01,JNJ,Johnson & Johnson,165.47999572753906,167.6199951171875,164.7899932861328,167.3300018310547,163.25100708007812,8927800,0.0,0.0,1.5599575453971715,2.4334675434415685
2025-08-04,JNJ,Johnson & Johnson,167.02999877929688,171.19000244140625,166.63999938964844,171.0399932861328,166.87054443359375,12679100,0.0,0.0,2.1929391693324183,4.808982200392356
2025-08-05,JNJ,Johnson & Johnson,170.5399932861328,171.55999755859375,169.64999389648438,170.74000549316406,166.577880859375,7934400,0.0,0.0,-0.17553758072863582,0.030813442248062338
2025-08-06,JNJ,Johnson & Johnson,169.91000366210938,172.17999267578125,169.67999267578125,170.58999633789062,166.4315185546875,8957200,0.0,0.0,-0.08790281257491533,0.007726904458580693
2025-08-07,JNJ,Johnson & Johnson,171.1699981689453,171.6199951171875,169.9199981689453,171.52999877929688,167.34861755371094,9315900,0.0,0.0,0.5495241973176852,0.30197684343764625
2025-08-08,JNJ,Johnson & Johnson,171.02000427246094,173.9600067138672,170.38999938964844,173.3300018310547,169.10472106933594,7686800,0.0,0.0,1.0439007501530584,1.089728776170118
2025-08-11,JNJ,Johnson & Johnson,173.39999389648438,174.60000610351562,173.0500030517578,173.82000732421875,169.58279418945312,7256800,0.0,0.0,0.2823094540503663,0.07969862784621587
2025-08-12,JNJ,Johnson & Johnson,174.0,174.75999450683594,171.80999755859375,172.77999877929688,168.56813049316406,7916700,0.0,0.0,-0.6001265514887352,0.3601518778017615
2025-08-13,JNJ,Johnson & Johnson,173.0,174.5399932861328,172.6999969482422,174.4199981689453,170.1681671142578,5878700,0.0,0.0,0.9447163073470269,0.8924889013674022
2025-08-14,JNJ,Johnson & Johnson,174.30999755859375,175.72000122070312,172.72000122070312,174.72000122070312,170.46084594726562,8241700,0.0,0.0,0.17184613982425984,0.02953109577249906
2025-08-15,JNJ,Johnson & Johnson,175.57000732421875,177.27000427246094,174.9600067138672,176.63999938964844,172.33404541015625,9477600,0.0,0.0,1.092908999195543,1.1944500805226033
2025-08-18,JNJ,Johnson & Johnson,176.5,177.57000732421875,176.10000610351562,176.25,171.95355224609375,9284000,0.0,0.0,-0.22103225417459144,0.04885525738550119
2025-08-19,JNJ,Johnson & Johnson,176.0399932861328,178.17999267578125,175.97999572753906,177.8000030517578,173.46575927734375,9274200,0.0,0.0,0.8755831778073887,0.7666459012592852
2025-08-20,JNJ,Johnson & Johnson,178.5,180.61000061035156,178.0,178.83999633789062,174.4804229736328,9030000,0.0,0.0,0.5832319044008374,0.3401594543110275
2025-08-21,JNJ,Johnson & Johnson,178.5500030517578,180.0800018310547,178.16000366210938,178.92999267578125,174.56822204589844,8859600,0.0,0.0,0.05030764357353347,0.0025308590019216836
2025-08-22,JNJ,Johnson & Johnson,180.0399932861328,181.16000366210935,177.47000122070312,179.2899932861328,174.91944885253906,9524000,0.0,0.0,0.20099531636207027,0.040399117199488715
2025-08-25,JNJ,Johnson & Johnson,179.52000427246094,180.2599945068359,178.2899932861328,178.41000366210938,174.0609130859375,6229100,0.0,0.0,-0.49202625262644156,0.24208983327361888
2025-08-26,JNJ,Johnson & Johnson,176.75,177.16000366210938,175.77000427246094,176.49000549316406,173.4515838623047,9145000,1.3,0.0,-0.3506808264045339,0.12297704200776685
2025-08-27,JNJ,Johnson & Johnson,176.97000122070312,177.69000244140625,176.16000366210938,176.7899932861328,173.74639892578125,5951100,0.0,0.0,0.1698253728115681,0.02884065725058809
2025-08-28,JNJ,Johnson & Johnson,176.3699951171875,176.49000549316406,174.6300048828125,175.4499969482422,172.42947387695312,6424700,0.0,0.0,-0.760845284258004,0.5788855465776429
2025-08-29,JNJ,Johnson & Johnson,175.97000122070312,177.41000366210938,175.4499969482422,177.1699981689453,174.11985778808594,6942300,0.0,0.0,0.9755594156657196,0.9517161734940403
2025-09-02,JNJ,Johnson & Johnson,177.47000122070312,179.1999969482422,176.88999938964844,178.05999755859375,174.99453735351562,9049000,0.0,0.0,0.5010858376358254,0.25108701667919675
2025-09-03,JNJ,Johnson & Johnson,177.6699981689453,178.2899932861328,176.52999877929688,178.0,174.93557739257812,7111700,0.0,0.0,-0.03369813514804996,0.00113556431245624
2025-09-04,JNJ,Johnson & Johnson,178.0,178.89999389648438,177.5500030517578,178.75999450683594,175.6824951171875,7854800,0.0,0.0,0.4260583883402394,0.18152575027508225
2025-09-05,JNJ,Johnson & Johnson,178.0,179.50999450683594,176.55999755859375,178.42999267578125,175.35816955566406,9733800,0.0,0.0,-0.18477953493262939,0.0341434765299188
2025-09-08,JNJ,Johnson & Johnson,177.36000061035156,179.4499969482422,176.6999969482422,178.1300048828125,175.06333923339844,8382500,0.0,0.0,-0.1682718579993348,0.028315418194548296
2025-09-09,JNJ,Johnson & Johnson,178.0,178.08999633789062,176.4499969482422,176.9600067138672,173.9134979248047,6005700,0.0,0.0,-0.6589809679055553,0.43425591606174246
2025-09-10,JNJ,Johnson & Johnson,176.3000030517578,176.61000061035156,174.3300018310547,175.7899932861328,172.7636260986328,6891600,0.0,0.0,-0.6633700139156165,0.44005977536240515
2025-09-11,JNJ,Johnson & Johnson,175.75,178.85000610351562,175.6300048828125,178.5,175.42697143554688,5792500,0.0,0.0,1.5298502030837642,2.3404416438754345
2025-09-12,JNJ,Johnson & Johnson,177.7100067138672,178.8000030517578,176.72000122070312,178.05999755859375,174.99453735351562,7220200,0.0,0.0,-0.2468080815228152,0.06091422910497259
2025-09-15,JNJ,Johnson & Johnson,177.75999450683594,178.99000549316406,176.92999267578125,177.39999389648438,174.3459014892578,4768100,0.0,0.0,-0.37134928426758185,0.1379002909260453
2025-09-16,JNJ,Johnson & Johnson,177.57000732421875,177.6199951171875,175.64999389648438,176.4600067138672,173.42208862304688,7959300,0.0,0.0,-0.5312823867894931,0.28226097451274057
2025-09-17,JNJ,Johnson & Johnson,176.7100067138672,178.50999450683594,176.58999633789062,177.1999969482422,174.14935302734375,6714900,0.0,0.0,0.4184840171092304,0.17512887257587864
2025-09-18,JNJ,Johnson & Johnson,176.60000610351562,177.02000427246094,173.8699951171875,174.16000366210938,171.1616973876953,8200900,0.0,0.0,-1.7304573309821596,2.9944825743498993
2025-09-19,JNJ,Johnson & Johnson,174.69000244140625,177.16000366210938,173.3300018310547,176.19000244140625,173.15673828125,25621000,0.0,0.0,1.158847748750984,1.342928104785224
2025-09-22,JNJ,Johnson & Johnson,176.08999633789062,176.63999938964844,174.1199951171875,174.2100067138672,171.21083068847656,7193900,0.0,0.0,-1.130146087788516,1.2772301797436885
2025-09-23,JNJ,Johnson & Johnson,174.88999938964844,176.97000122070312,174.8300018310547,176.5800018310547,173.54002380371094,8350400,0.0,0.0,1.3512532457023263,1.8258853340210714
2025-09-24,JNJ,Johnson & Johnson,176.13999938964844,176.9499969482422,175.74000549316406,176.69000244140625,173.6481475830078,6676800,0.0,0.0,0.06228540699445012,0.003879471924464296
2025-09-25,JNJ,Johnson & Johnson,177.1999969482422,178.39999389648438,175.91000366210938,177.72999572753906,174.6702117919922,8475000,0.0,0.0,0.5868580365163405,0.34440235502381444
2025-09-26,JNJ,Johnson & Johnson,178.60000610351562,179.91000366210938,177.32000732421875,179.7100067138672,176.6161346435547,8634400,0.0,0.0,1.1078954678081923,1.2274323675899332
2025-09-29,JNJ,Johnson & Johnson,179.8300018310547,181.8699951171875,179.8000030517578,181.6199951171875,178.49325561523438,8597100,0.0,0.0,1.0572170193636092,1.117707826032074
2025-09-30,JNJ,Johnson & Johnson,181.6999969482422,185.9900054931641,181.07000732421875,185.4199981689453,182.22784423828125,11569000,0.0,0.0,2.0706978695530247,4.2877896669714355
2025-10-01,JNJ,Johnson & Johnson,186.0,186.55999755859375,183.91000366210935,186.0500030517578,182.8470001220703,13063800,0.0,0.0,0.33919427042620764,0.11505275308996728
2025-10-02,JNJ,Johnson & Johnson,184.19000244140625,186.58999633789065,184.08999633789065,185.97999572753903,182.7781982421875,7728100,0.0,0.0,-0.03763519637197855,0.0014164080059573872
2025-10-03,JNJ,Johnson & Johnson,187.05999755859375,189.77999877929688,186.91000366210935,188.63999938964844,185.3924102783203,8675100,0.0,0.0,1.4201329009883177,2.016777456469495
2025-10-06,JNJ,Johnson & Johnson,188.0,189.9199981689453,187.3699951171875,188.16000366210935,184.9206695556641,5806100,0.0,0.0,-0.254779538465327,0.06491261322060506
2025-10-07,JNJ,Johnson & Johnson,183.77000427246097,189.22999572753903,182.94000244140625,188.88999938964844,185.6380920410156,8776800,0.0,0.0,0.3872116684742808,0.14993287620263634
2025-10-08,JNJ,Johnson & Johnson,188.8699951171875,190.22000122070312,188.27000427246097,189.69000244140625,186.42431640625,5751200,0.0,0.0,0.4226309982727253,0.17861696070100036
2025-10-09,JNJ,Johnson & Johnson,190.0,192.1000061035156,189.72999572753903,191.0800018310547,187.7904052734375,7484800,0.0,0.0,0.7301128771735736,0.5330648134146738
2025-10-10,JNJ,Johnson & Johnson,192.0099945068359,192.07000732421875,189.8500061035156,190.72000122070312,187.4365997314453,9598000,0.0,0.0,-0.18858218738361157,0.03556324139838759
2025-10-13,JNJ,Johnson & Johnson,189.8300018310547,191.3000030517578,189.27999877929688,190.8999938964844,187.61349487304688,7979500,0.0,0.0,0.09433148118813316,0.00889842834314712
2025-10-14,JNJ,Johnson & Johnson,192.9199981689453,194.3999938964844,185.8800048828125,190.8500061035156,187.5643615722656,13613300,0.0,0.0,-0.02619200478817821,0.0006860211148239504
2025-10-15,JNJ,Johnson & Johnson,191.47999572753903,193.57000732421875,189.3000030517578,191.1699981689453,187.8788604736328,9473000,0.0,0.0,0.16753477301545236,0.028067900169339143
2025-10-16,JNJ,Johnson & Johnson,191.33999633789065,193.0500030517578,190.42999267578125,192.1199951171875,188.81248474121097,10611800,0.0,0.0,0.4956982373836245,0.24571674254523215
2025-10-17,JNJ,Johnson & Johnson,192.5,193.6000061035156,191.67999267578125,193.22000122070312,189.89356994628903,7764400,0.0,0.0,0.5709378703474437,0.32597005179687444
2025-10-20,JNJ,Johnson & Johnson,193.5,194.47999572753903,192.3300018310547,193.72000122070312,190.3849334716797,8034700,0.0,0.0,0.258423126434084,0.06678251227596656
2025-10-21,JNJ,Johnson & Johnson,193.0099945068359,193.5500030517578,191.77000427246097,191.8800048828125,188.57662963867188,6716000,0.0,0.0,-0.9543540738253716,0.9107916982270828
2025-10-22,JNJ,Johnson & Johnson,192.0,193.4499969482422,191.77999877929688,192.94000244140625,189.61837768554688,6343100,0.0,0.0,0.550906628293302,0.30349811309749436
2025-10-23,JNJ,Johnson & Johnson,192.55999755859375,194.0,191.5399932861328,192.47000122070312,189.15646362304688,8882500,0.0,0.0,-0.2438991406534243,0.059486790811478854
2025-10-24,JNJ,Johnson & Johnson,192.1999969482422,192.30999755859375,189.4199981689453,190.3999938964844,187.12208557128903,6903400,0.0,0.0,-1.0813254589167045,1.1692647481014216
2025-10-27,JNJ,Johnson & Johnson,189.9900054931641,190.8000030517578,189.52999877929688,190.3000030517578,187.02381896972656,7126000,0.0,0.0,-0.05252849363273529,0.002759242643324312
2025-10-28,JNJ,Johnson & Johnson,189.2599945068359,189.5099945068359,186.6199951171875,186.92999267578125,183.7118377685547,8329500,0.0,0.0,-1.786755200285193,3.19249414574618
2025-10-29,JNJ,Johnson & Johnson,186.6999969482422,187.1000061035156,184.66000366210935,186.6000061035156,183.38751220703125,10551100,0.0,0.0,-0.1766963880094413,0.031221613535583028
2025-10-30,JNJ,Johnson & Johnson,187.0800018310547,189.3800048828125,186.91000366210935,189.0500030517578,185.7953338623047,7072500,0.0,0.0,1.3044245268629917,1.7015233462817398
2025-10-31,JNJ,Johnson & Johnson,187.4600067138672,189.5,186.7599945068359,188.8699951171875,185.61843872070312,8791700,0.0,0.0,-0.09525503254597074,0.009073521225333945
2025-11-03,JNJ,Johnson & Johnson,189.0,189.02999877929688,185.52000427246097,186.2599945068359,183.05337524414065,7542600,0.0,0.0,-1.39153836577234,1.9363790234163545
2025-11-04,JNJ,Johnson & Johnson,186.8300018310547,187.82000732421875,185.6199951171875,186.86000061035156,183.64305114746097,7209400,0.0,0.0,0.32161557580837635,0.10343657860255348
2025-11-05,JNJ,Johnson & Johnson,186.63999938964844,187.8300018310547,185.3999938964844,186.0,182.7978515625,5049400,0.0,0.0,-0.4613028062819648,0.21280027908361593
2025-11-06,JNJ,Johnson & Johnson,186.7599945068359,187.52000427246097,185.3699951171875,186.97000122070312,183.75115966796875,6767400,0.0,0.0,0.5201543180616967,0.27056051459822866
2025-11-07,JNJ,Johnson & Johnson,187.7400054931641,188.3500061035156,185.6999969482422,186.57000732421875,183.35806274414065,6959200,0.0,0.0,-0.21415810340359387,0.045863693253424404
2025-11-10,JNJ,Johnson & Johnson,186.0,188.4199981689453,185.1199951171875,188.41000366210935,185.16636657714844,5323800,0.0,0.0,0.9813831607606363,0.9631129082245368
2025-11-11,JNJ,Johnson & Johnson,189.38999938964844,193.9199981689453,189.0500030517578,193.8300018310547,190.49305725097656,7465600,0.0,0.0,2.836104926106286,8.043491151884343
2025-11-12,JNJ,Johnson & Johnson,193.36000061035156,195.5500030517578,193.07000732421875,194.38999938964844,191.0434112548828,8803000,0.0,0.0,0.28849372526380523,0.08322862951658794
2025-11-13,JNJ,Johnson & Johnson,194.2100067138672,196.0,193.4499969482422,195.25,191.88861083984375,8631600,0.0,0.0,0.4414365520251836,0.19486622946388263
2025-11-14,JNJ,Johnson & Johnson,195.0,197.17999267578125,193.5500030517578,195.92999267578125,192.5569000244141,8824800,0.0,0.0,0.34766427949939666,0.1208704512398346
2025-11-17,JNJ,Johnson & Johnson,196.9600067138672,200.27999877929688,195.8999938964844,199.5800018310547,196.14405822753903,13257000,0.0,0.0,1.8457685620027535,3.4068615844777126
2025-11-18,JNJ,Johnson & Johnson,199.0099945068359,200.3000030517578,198.52999877929688,200.0,196.5568389892578,12468600,0.0,0.0,0.2102266211606813,0.04419523224463662
2025-11-19,JNJ,Johnson & Johnson,200.0,203.47999572753903,199.3800048828125,202.5099945068359,199.02362060546875,14690800,0.0,0.0,1.2471867765132338,1.555474855509471
2025-11-20,JNJ,Johnson & Johnson,202.0,204.5099945068359,201.57000732421875,203.07000732421875,199.573974609375,10612600,0.0,0.0,0.276145345705027,0.07625625195454888
2025-11-21,JNJ,Johnson & Johnson,203.9600067138672,206.94000244140625,202.9900054931641,203.8999938964844,200.38967895507812,13189100,0.0,0.0,0.40788980166932526,0.1663740903058415
2025-11-24,JNJ,Johnson & Johnson,203.7100067138672,206.1199951171875,203.0,206.0500030517578,202.502685546875,14803900,0.0,0.0,1.0489282754275482,1.1002505269914105
2025-11-25,JNJ,Johnson & Johnson,205.17999267578125,207.72000122070312,205.17999267578125,206.6699981689453,204.4015960693359,10275300,1.3,0.0,0.9333518438926227,0.8711456644977588
2025-11-26,JNJ,Johnson & Johnson,206.4900054931641,207.80999755859375,205.94000244140625,207.55999755859375,205.2818298339844,6729000,0.0,0.0,0.4297147814569725,0.18465479340261365
2025-11-28,JNJ,Johnson & Johnson,207.0,207.4600067138672,204.6300048828125,206.9199981689453,204.64886474609375,5638300,0.0,0.0,-0.3088159043925895,0.09536726280581298
2025-12-01,JNJ,Johnson & Johnson,206.5,207.6999969482422,205.33999633789065,205.33999633789065,203.0861968994141,8473700,0.0,0.0,-0.7665151441816402,0.5875454662598008
2025-12-02,JNJ,Johnson & Johnson,205.2400054931641,205.61000061035156,203.1000061035156,205.4199981689453,203.1653289794922,8393600,0.0,0.0,0.038957185899888155,0.0015176623332384446
2025-12-03,JNJ,Johnson & Johnson,205.8999938964844,207.02000427246097,204.9900054931641,205.3300018310547,203.07630920410156,8363300,0.0,0.0,-0.0438260229618589,0.0019207202886533832
2025-12-04,JNJ,Johnson & Johnson,204.58999633789065,204.86000061035156,201.7100067138672,202.47999572753903,200.2575836181641,9049900,0.0,0.0,-1.3977359831895786,1.953665878702938
2025-12-05,JNJ,Johnson & Johnson,202.97999572753903,203.4499969482422,200.80999755859375,201.92999267578125,199.713623046875,7785300,0.0,0.0,-0.2720000327996072,0.0739840178429874
2025-12-08,JNJ,Johnson & Johnson,202.66000366210935,203.2599945068359,200.9900054931641,201.6199951171875,199.4070281982422,7785700,0.0,0.0,-0.15363520177820084,0.023603775225428485
2025-12-09,JNJ,Johnson & Johnson,202.9199981689453,205.5399932861328,199.91000366210935,199.9600067138672,197.7652587890625,7509400,0.0,0.0,-0.8267337949048615,0.6834887676377936
2025-12-10,JNJ,Johnson & Johnson,200.58999633789065,206.8000030517578,200.17999267578125,206.5399932861328,204.2730255126953,11599800,0.0,0.0,3.2376693705693973,10.482502953123237
2025-12-11,JNJ,Johnson & Johnson,207.8999938964844,211.2400054931641,207.8300018310547,210.0099945068359,207.70494079589844,9009000,0.0,0.0,1.6661059340742974,2.775908983557587
2025-12-12,JNJ,Johnson & Johnson,210.27999877929688,212.27000427246097,208.9600067138672,211.5800018310547,209.25770568847656,6922700,0.0,0.0,0.7448015229655022,0.5547293086117314
2025-12-15,JNJ,Johnson & Johnson,210.3500061035156,215.19000244140625,209.0099945068359,214.1699981689453,211.8192901611328,8467000,0.0,0.0,1.2166972303020416,1.4803521502246593
2025-12-16,JNJ,Johnson & Johnson,214.0,214.72999572753903,208.80999755859375,209.3000030517578,207.00274658203125,9949800,0.0,0.0,-2.300144457848424,5.29066452697082
2025-12-17,JNJ,Johnson & Johnson,209.38999938964844,211.52000427246097,208.4600067138672,210.3300018310547,208.0214385986328,8457600,0.0,0.0,0.4909082886114623,0.24099094782743477
2025-12-18,JNJ,Johnson & Johnson,209.8000030517578,211.05999755859375,207.7599945068359,208.30999755859375,206.0236053466797,7499900,0.0,0.0,-0.9650393289378096,0.9313009063967379
2025-12-19,JNJ,Johnson & Johnson,207.55999755859375,209.2400054931641,206.02999877929688,206.3699951171875,204.1048889160156,24803900,0.0,0.0,-0.9356728224731683,0.8754836307149051
2025-12-22,JNJ,Johnson & Johnson,206.1300048828125,208.0800018310547,205.5,207.32000732421875,205.0444793701172,8187800,0.0,0.0,0.45929050788521647,0.2109477706334601
2025-12-23,JNJ,Johnson & Johnson,205.02000427246097,206.52999877929688,203.27999877929688,205.77999877929688,203.52137756347656,7047300,0.0,0.0,-0.7455879323112831,0.5559013648082144
2025-12-24,JNJ,Johnson & Johnson,206.0,207.94000244140625,205.57000732421875,207.77999877929688,205.4994201660156,2376500,0.0,0.0,0.967216353842646,0.9355074751406627
2025-12-26,JNJ,Johnson & Johnson,207.52999877929688,208.0399932861328,206.7100067138672,207.6300048828125,205.35105895996097,2316700,0.0,0.0,-0.0722215112509753,0.005215946687374752
2025-12-29,JNJ,Johnson & Johnson,208.0,209.47000122070312,207.3800048828125,207.55999755859375,205.2818298339844,4348900,0.0,0.0,-0.03371825712050718,0.0011369208632446334
2025-12-30,JNJ,Johnson & Johnson,207.5099945068359,207.69000244140625,206.52000427246097,206.91000366210935,204.6389617919922,3937400,0.0,0.0,-0.3136550192948138,0.09837947112883003
2025-12-31,JNJ,Johnson & Johnson,206.91000366210935,207.5,206.3699951171875,206.9499969482422,204.67852783203125,4083800,0.0,0.0,0.019332689740986665,0.00037375289262125104
2026-01-02,JNJ,Johnson & Johnson,206.82000732421875,207.38999938964844,203.67999267578125,207.3500061035156,205.0741424560547,6325500,0.0,0.0,0.19309928922428432,0.03728733549892381
2026-01-05,JNJ,Johnson & Johnson,205.8699951171875,205.94000244140625,200.91000366210935,204.30999755859375,202.0675048828125,9477000,0.0,0.0,-1.4769760105910337,2.1814581358614054
2026-01-06,JNJ,Johnson & Johnson,204.6000061035156,206.7100067138672,204.1199951171875,204.7899932861328,202.542236328125,8107900,0.0,0.0,0.2346615095020199,0.05506602404176657
2026-01-07,JNJ,Johnson & Johnson,205.2599945068359,208.2599945068359,205.02999877929688,207.4900054931641,205.21261596679688,7545900,0.0,0.0,1.309815346854672,1.7156162428560249
2026-01-08,JNJ,Johnson & Johnson,206.92999267578125,208.97999572753903,204.97000122070312,205.75,203.49169921875,6557800,0.0,0.0,-0.8421378755529354,0.7091962014408113
2026-01-09,JNJ,Johnson & Johnson,205.91000366210935,206.6999969482422,204.0099945068359,204.38999938964844,202.14663696289065,6154300,0.0,0.0,-0.663185436730451,0.4398149234913591
2026-01-12,JNJ,Johnson & Johnson,205.5500030517578,209.8999938964844,203.8500061035156,209.72000122070312,207.41812133789065,11794300,0.0,0.0,2.574330623175251,6.627178157417877
2026-01-13,JNJ,Johnson & Johnson,209.91000366210935,214.38999938964844,208.86000061035156,213.6499938964844,211.3049774169922,11379600,0.0,0.0,1.8565814671080034,3.4468947440089064
2026-01-14,JNJ,Johnson & Johnson,214.72999572753903,218.86000061035156,214.1499938964844,218.5500030517578,216.15121459960935,11858800,0.0,0.0,2.267574983555232,5.141896306045512
2026-01-15,JNJ,Johnson & Johnson,218.22999572753903,219.75,215.91000366210935,219.57000732421875,217.16001892089844,8492100,0.0,0.0,0.46562658241447463,0.21680811425098354
2026-01-16,JNJ,Johnson & Johnson,219.0399932861328,220.11000061035156,218.13999938964844,218.66000366210935,216.260009765625,10021500,0.0,0.0,-0.4153063491823113,0.1724793636711399
2026-01-20,JNJ,Johnson & Johnson,217.08999633789065,218.72999572753903,214.5,218.2100067138672,215.81495666503903,14057100,0.0,0.0,-0.20600742582216974,0.04243905949387677
2026-01-21,JNJ,Johnson & Johnson,211.0,218.67999267578125,210.5,218.0099945068359,215.6171417236328,14762900,0.0,0.0,-0.09170154747743309,0.008409173809755914
2026-01-22,JNJ,Johnson & Johnson,218.77000427246097,222.1699981689453,218.1000061035156,218.4900054931641,216.0918731689453,13160000,0.0,0.0,0.21993130571344136,0.0483697792328192
2026-01-23,JNJ,Johnson & Johnson,219.8000030517578,221.2100067138672,217.83999633789065,220.13999938964844,217.7237548828125,6950600,0.0,0.0,0.7523423803286705,0.5660190572386099
2026-01-26,JNJ,Johnson & Johnson,220.2100067138672,222.02999877929688,220.0,221.4900054931641,219.05894470214844,6856700,0.0,0.0,0.6113767690492811,0.373781553733138
2026-01-27,JNJ,Johnson & Johnson,222.0,225.5,220.6999969482422,224.44000244140625,221.9765625,8154100,0.0,0.0,1.323095448241462,1.7505815651572754
2026-01-28,JNJ,Johnson & Johnson,226.3999938964844,228.57000732421875,226.0800018310547,227.72000122070312,225.22056579589844,9026500,0.0,0.0,1.4508412483202024,2.1049403278273235
2026-01-29,JNJ,Johnson & Johnson,228.80999755859375,230.0,227.0800018310547,227.2899932861328,224.79527282714844,9645300,0.0,0.0,-0.18901250083425172,0.03572572547161801
2026-01-30,JNJ,Johnson & Johnson,228.2599945068359,228.5,225.3300018310547,227.25,224.75572204589844,11045500,0.0,0.0,-0.017595681826132956,0.0003096080189265056
2026-02-02,JNJ,Johnson & Johnson,228.32000732421875,231.19000244140625,227.25,230.75,228.21730041503903,8187500,0.0,0.0,1.5284114434286522,2.3360415404036563
2026-02-03,JNJ,Johnson & Johnson,231.5,235.1999969482422,230.47999572753903,233.1000061035156,230.54151916503903,9346600,0.0,0.0,1.0132725679842807,1.0267212970294588
2026-02-04,JNJ,Johnson & Johnson,235.0,235.8300018310547,232.94000244140625,234.47000122070312,231.89646911621097,8641400,0.0,0.0,0.5860045510689383,0.34340133387350796
2026-02-05,JNJ,Johnson & Johnson,235.0,239.5800018310547,234.9900054931641,237.7899932861328,235.18002319335935,10267500,0.0,0.0,1.4060258758862054,1.9769087636615712
2026-02-06,JNJ,Johnson & Johnson,238.9600067138672,240.94000244140625,237.97999572753903,239.9900054931641,237.35589599609375,8274000,0.0,0.0,0.9209408609646144,0.8481320693942451
2026-02-09,JNJ,Johnson & Johnson,240.25,240.7400054931641,237.0399932861328,238.63999938964844,236.0207061767578,9378500,0.0,0.0,-0.564114641055574,0.31822532825325905
2026-02-10,JNJ,Johnson & Johnson,239.97999572753903,240.5,237.8800048828125,238.3500061035156,235.73388671875,6723300,0.0,0.0,-0.12159690553847384,0.01478580743653253
2026-02-11,JNJ,Johnson & Johnson,239.33999633789065,241.2599945068359,237.3999938964844,240.86000061035156,238.21633911132812,6803900,0.0,0.0,1.0475678496335072,1.0973983995857703
2026-02-12,JNJ,Johnson & Johnson,240.47999572753903,246.3500061035156,239.67999267578125,244.5500030517578,241.8658447265625,10254300,0.0,0.0,1.5203963153066211,2.3116049555979505
2026-02-13,JNJ,Johnson & Johnson,244.58999633789065,244.9499969482422,242.61000061035156,243.4499969482422,240.7779083251953,13268500,0.0,0.0,-0.45082454175123754,0.20324276744521333
2026-02-17,JNJ,Johnson & Johnson,244.1300048828125,244.4900054931641,241.8699951171875,243.3300018310547,240.6592254638672,12703000,0.0,0.0,-0.049303576896208484,0.002430842694760343
2026-02-18,JNJ,Johnson & Johnson,243.2400054931641,245.07000732421875,242.82000732421875,244.9900054931641,242.3010101318359,8129700,0.0,0.0,0.6798866122685037,0.4622458055419426
2026-02-19,JNJ,Johnson & Johnson,244.6199951171875,246.9600067138672,244.27000427246097,246.91000366210935,244.19992065429688,7553900,0.0,0.0,0.7806440011382219,0.6094050565130921
2026-02-20,JNJ,Johnson & Johnson,246.47000122070312,246.8800048828125,240.27999877929688,242.4900054931641,239.8284454345703,13565800,0.0,0.0,-1.8063379701842626,3.262856862529402
2026-02-23,JNJ,Johnson & Johnson,243.6300048828125,246.80999755859375,242.6000061035156,245.83999633789065,243.14166259765625,9622700,0.0,0.0,1.3720390076599036,1.882491038540373
2026-02-24,JNJ,Johnson & Johnson,245.3500061035156,247.25,244.5399932861328,246.27999877929688,244.87173461914065,7246300,1.3,0.0,0.7090294156810723,0.5027227123010427
2026-02-25,JNJ,Johnson & Johnson,244.86000061035156,247.25,243.72000122070312,245.1699981689453,243.76808166503903,7698200,0.0,0.0,-0.4517252970567734,0.20405574400103016
2026-02-26,JNJ,Johnson & Johnson,245.11000061035156,245.47000122070312,242.02000427246097,243.47000122070312,242.0778045654297,7172600,0.0,0.0,-0.6958107363297457,0.48415258079174284
2026-02-27,JNJ,Johnson & Johnson,244.02999877929688,248.94000244140625,242.5,248.42999267578125,247.00942993164065,16428600,0.0,0.0,2.0167332806840172,4.067213125418519
2026-03-02,JNJ,Johnson & Johnson,249.19000244140625,251.7100067138672,246.8699951171875,248.55999755859375,247.13868713378903,9042400,0.0,0.0,0.05231516649865809,0.002736876645782318
2026-03-03,JNJ,Johnson & Johnson,246.4600067138672,247.8800048828125,244.36000061035156,246.75,245.3390350341797,6178700,0.0,0.0,-0.7308595005943977,0.5341556096090925
2026-03-04,JNJ,Johnson & Johnson,245.75,246.57000732421875,243.17999267578125,245.3000030517578,243.8973388671875,5768000,0.0,0.0,-0.5893676010444068,0.34735416916083905
2026-03-05,JNJ,Johnson & Johnson,242.6300048828125,243.0,235.92999267578125,239.6300048828125,238.259765625,9375400,0.0,0.0,-2.3385863732265397,5.468986225040861
2026-03-06,JNJ,Johnson & Johnson,238.1199951171875,240.7899932861328,235.42999267578125,240.3999938964844,239.0253448486328,7179800,0.0,0.0,0.3208061024417041,0.10291655536383715
2026-03-09,JNJ,Johnson & Johnson,240.8699951171875,244.08999633789065,240.0399932861328,242.58999633789065,241.20281982421875,7844000,0.0,0.0,0.9068563897339298,0.8223885116012571
2026-03-10,JNJ,Johnson & Johnson,242.3000030517578,245.0,240.82000732421875,243.7100067138672,242.31643676757812,7214100,0.0,0.0,0.46063063559208633,0.21218058244596943
2026-03-11,JNJ,Johnson & Johnson,242.8699951171875,243.69000244140625,241.36000061035156,242.9900054931641,241.6005401611328,6933200,0.0,0.0,-0.2958760129685994,0.0875426150501948
2026-03-12,JNJ,Johnson & Johnson,241.4600067138672,244.3999938964844,240.3000030517578,242.0399932861328,240.6559600830078,7710200,0.0,0.0,-0.3917339779024821,0.15345550944330233
2026-03-13,JNJ,Johnson & Johnson,244.2100067138672,245.58999633789065,241.5,241.52000427246097,240.13894653320312,6415300,0.0,0.0,-0.21506623384345802,0.04625348493960897
2026-03-16,JNJ,Johnson & Johnson,243.9199981689453,245.05999755859375,241.6699981689453,243.19000244140625,241.7993927001953,7571500,0.0,0.0,0.6890726891548568,0.47482117093910586
2026-03-17,JNJ,Johnson & Johnson,243.5800018310547,244.13999938964844,237.22000122070312,238.11000061035156,236.7484436035156,7281800,0.0,0.0,-2.1110268562331074,4.456434387737437
2026-03-18,JNJ,Johnson & Johnson,237.8699951171875,239.11000061035156,235.4199981689453,237.27999877929688,235.92318725585935,6811500,0.0,0.0,-0.3491883719368598,0.12193251909591474
2026-03-19,JNJ,Johnson & Johnson,238.33999633789065,239.2599945068359,236.30999755859375,237.6000061035156,236.24136352539065,7511500,0.0,0.0,0.13477348825356317,0.018163893136033327
2026-03-20,JNJ,Johnson & Johnson,236.8300018310547,238.2899932861328,234.5,235.3699951171875,234.02410888671875,17156600,0.0,0.0,-0.9429869718407584,0.8892244290614033
2026-03-23,JNJ,Johnson & Johnson,237.3999938964844,238.30999755859375,234.25,235.4199981689453,234.0738220214844,7313700,0.0,0.0,0.021240484808844988,0.0004511581949147747
2026-03-24,JNJ,Johnson & Johnson,234.13999938964844,236.0,232.2400054931641,235.27000427246097,233.9246826171875,9046200,0.0,0.0,-0.06373499396567187,0.004062149455804229
2026-03-25,JNJ,Johnson & Johnson,236.8000030517578,241.4600067138672,235.72999572753903,239.92999267578125,238.5580291748047,6456400,0.0,0.0,1.9613395253229933,3.8468527335942246
2026-03-26,JNJ,Johnson & Johnson,240.0,241.6499938964844,238.92999267578125,239.2400054931641,237.8719940185547,5171400,0.0,0.0,-0.2879900917270248,0.08293829293294014
2026-03-27,JNJ,Johnson & Johnson,241.19000244140625,242.67999267578125,239.1300048828125,240.4499969482422,239.07505798339844,7617600,0.0,0.0,0.5044864042482426,0.2545065320713213
2026-03-30,JNJ,Johnson & Johnson,243.4900054931641,244.2100067138672,240.5099945068359,242.4900054931641,241.10340881347656,7241300,0.0,0.0,0.8448370906972088,0.7137497098177238
2026-03-31,JNJ,Johnson & Johnson,243.0099945068359,245.3300018310547,242.6499938964844,244.44000244140625,243.0422515869141,7554200,0.0,0.0,0.8009379394535469,0.6415015828560935
2026-04-01,JNJ,Johnson & Johnson,245.6000061035156,247.1999969482422,243.7400054931641,244.1199951171875,242.7240753173828,6314600,0.0,0.0,-0.13099974099095596,0.017160932139697545
2026-04-02,JNJ,Johnson & Johnson,245.11000061035156,247.2100067138672,241.8699951171875,243.0399932861328,241.65025329589844,6878700,0.0,0.0,-0.4433859175636197,0.19659107189373298
2026-04-06,JNJ,Johnson & Johnson,242.6499938964844,243.52000427246097,240.5,240.97000122070312,239.5920867919922,4442400,0.0,0.0,-0.8553607532499465,0.7316420182003159
2026-04-07,JNJ,Johnson & Johnson,240.77999877929688,240.77999877929688,236.0099945068359,238.41000366210935,237.04673767089844,6241100,0.0,0.0,-1.068051189614198,1.1407333436363034
2026-04-08,JNJ,Johnson & Johnson,236.63999938964844,241.3300018310547,233.8999938964844,241.3000030517578,239.9202117919922,8771100,0.0,0.0,1.204909014610141,1.4518057334887813
2026-04-09,JNJ,Johnson & Johnson,241.3000030517578,244.1999969482422,240.5399932861328,241.30999755859375,239.93014526367188,6216500,0.0,0.0,0.0041402372781608205,1.714156471947252e-05
2026-04-10,JNJ,Johnson & Johnson,242.0,242.2599945068359,237.91000366210935,238.4600067138672,237.0964508056641,7354500,0.0,0.0,-1.188079580212718,1.411533088918428
2026-04-13,JNJ,Johnson & Johnson,237.7100067138672,238.38999938964844,235.17999267578125,237.9600067138672,236.59930419921875,7663600,0.0,0.0,-0.20990130636484236,0.04405855841366741
2026-04-14,JNJ,Johnson & Johnson,235.0099945068359,242.19000244140625,233.25,240.1000061035156,238.72706604003903,10318700,0.0,0.0,0.8952905567630679,0.8015451810291241
2026-04-15,JNJ,Johnson & Johnson,239.94000244140625,240.4199981689453,236.75,238.6699981689453,237.30523681640625,6463500,0.0,0.0,-0.5973684740520514,0.3568490937912764
2026-04-16,JNJ,Johnson & Johnson,237.4199981689453,238.13999938964844,232.1199951171875,234.5399932861328,233.1988525390625,8668900,0.0,0.0,-1.7455697572583715,3.04701377745505
2026-04-17,JNJ,Johnson & Johnson,234.36000061035156,235.5399932861328,232.0399932861328,234.17999267578125,232.8409118652344,8946300,0.0,0.0,-0.15360952929342767,0.02359588748974841
2026-04-20,JNJ,Johnson & Johnson,234.80999755859375,235.2599945068359,229.52999877929688,230.69000244140625,229.37088012695312,7810500,0.0,0.0,-1.5015181321708297,2.254556701237777
2026-04-21,JNJ,Johnson & Johnson,229.3500061035156,229.69000244140625,224.6999969482422,226.16000366210935,224.8667755126953,11681200,0.0,0.0,-1.9832139341848738,3.933137508745045
2026-04-22,JNJ,Johnson & Johnson,226.17999267578125,227.47999572753903,223.77999877929688,226.1000061035156,224.80712890625,9003400,0.0,0.0,-0.026528827316411867,0.0007037786787840004
2026-04-23,JNJ,Johnson & Johnson,227.25,231.38999938964844,227.02999877929688,230.6499938964844,229.3311004638672,7097600,0.0,0.0,1.9923983135290209,3.9696510397532867
2026-04-24,JNJ,Johnson & Johnson,229.02999877929688,229.9900054931641,227.02000427246097,227.5,226.19911193847656,6067500,0.0,0.0,-1.3751175195535636,1.8909481925831455
2026-04-27,JNJ,Johnson & Johnson,225.77000427246097,227.91000366210935,224.3500061035156,225.33999633789065,224.0514678955078,7897800,0.0,0.0,-0.9539844819667928,0.91008639183345
2026-04-28,JNJ,Johnson & Johnson,227.72999572753903,231.02999877929688,226.3699951171875,227.7899932861328,226.48745727539065,7179800,0.0,0.0,1.0813774268960061,1.169377139400227
2026-04-29,JNJ,Johnson & Johnson,225.52000427246097,228.7100067138672,224.86000061035156,227.3500061035156,226.0499725341797,7071100,0.0,0.0,-0.19334748848660416,0.037383251304077526
2026-04-30,JNJ,Johnson & Johnson,227.9499969482422,231.16000366210935,227.80999755859375,229.8500061035156,228.5356903076172,8157200,0.0,0.0,1.0936299806372602,1.1960265345486543
2026-05-01,JNJ,Johnson & Johnson,229.05999755859375,229.77000427246097,227.02000427246097,227.19000244140625,225.8908843994141,6863600,0.0,0.0,-1.1640321754801664,1.3549709055530887
2026-05-04,JNJ,Johnson & Johnson,225.5099945068359,227.07000732421875,223.5800018310547,224.1999969482422,222.91798400878903,8215200,0.0,0.0,-1.3248151192097672,1.7551351000867899
2026-05-05,JNJ,Johnson & Johnson,225.38999938964844,226.52999877929688,224.8999938964844,225.5500030517578,224.26026916503903,5556700,0.0,0.0,0.6003374171738285,0.3604050144589434
2026-05-06,JNJ,Johnson & Johnson,225.25,226.33999633789065,222.9499969482422,224.6199951171875,223.33558654785156,7982300,0.0,0.0,-0.41317805822821996,0.17071610780124233
2026-05-07,JNJ,Johnson & Johnson,224.77999877929688,224.77999877929688,220.6300048828125,222.5099945068359,221.23764038085935,7269700,0.0,0.0,-0.9438093043959652,0.8907760030643957
2026-05-08,JNJ,Johnson & Johnson,222.94000244140625,223.3699951171875,220.9199981689453,221.32000732421875,220.0544586181641,5550600,0.0,0.0,-0.5362364749210863,0.28754955703579277
2026-05-11,JNJ,Johnson & Johnson,221.32000732421875,223.27999877929688,220.3699951171875,221.42999267578125,220.163818359375,6223200,0.0,0.0,0.049684326698756644,0.002468532319508782
2026-05-12,JNJ,Johnson & Johnson,223.0,227.6499938964844,221.6499938964844,224.2599945068359,222.9776306152344,8632500,0.0,0.0,1.2699557126116956,1.6127875119950796
2026-05-13,JNJ,Johnson & Johnson,225.82000732421875,230.8000030517578,225.44000244140625,230.4199981689453,229.1024169921875,7464500,0.0,0.0,2.7097684061701126,7.342844815077712
2026-05-14,JNJ,Johnson & Johnson,231.0,231.7599945068359,229.16000366210935,230.8000030517578,229.48025512695312,6974400,0.0,0.0,0.16478521463474105,0.027154166962217677
2026-05-15,JNJ,Johnson & Johnson,230.77000427246097,232.13999938964844,226.44000244140625,226.7100067138672,225.41363525390625,12167000,0.0,0.0,-1.7879898133886458,3.1969075727815643
2026-05-18,JNJ,Johnson & Johnson,226.7100067138672,229.6999969482422,225.86000061035156,228.9199981689453,227.61099243164065,10141600,0.0,0.0,0.9700904876891887,0.941075554305048
2026-05-19,JNJ,Johnson & Johnson,228.94000244140625,230.8500061035156,228.0399932861328,230.0,228.684814453125,9677900,0.0,0.0,0.4706701169064011,0.22153035894868528
2026-05-20,JNJ,Johnson & Johnson,231.69000244140625,232.0,229.1699981689453,229.32000732421875,228.0087127685547,7353800,0.0,0.0,-0.29608572848129133,0.08766675861029698
2026-05-21,JNJ,Johnson & Johnson,229.32000732421875,231.88999938964844,227.3500061035156,231.72999572753903,230.40492248535156,5239000,0.0,0.0,1.0454451425813462,1.0929555461469314
2026-05-22,JNJ,Johnson & Johnson,233.0,235.5,232.72000122070312,234.33999633789065,233.0,5462300,0.0,0.0,1.1200160018408882,1.2544358443796486
2026-05-26,JNJ,Johnson & Johnson,233.0,233.2400054931641,229.0800018310547,230.17999267578125,230.17999267578125,6619600,1.34,0.0,-1.2176873844883138,1.4827625663419906
2026-05-27,JNJ,Johnson & Johnson,229.97999572753903,232.88999938964844,229.02000427246097,231.2899932861328,231.2899932861328,5835500,0.0,0.0,0.48107256586717034,0.23143081363002294
2026-05-28,JNJ,Johnson & Johnson,230.02999877929688,231.8699951171875,229.72999572753903,230.8000030517578,230.8000030517578,7193400,0.0,0.0,-0.21207575230238776,0.04497612471462373
2026-05-29,JNJ,Johnson & Johnson,231.22999572753903,231.5,224.58999633789065,225.3300018310547,225.3300018310547,13897700,0.0,0.0,-2.398554536433268,5.753063864244608
2026-06-01,JNJ,Johnson & Johnson,223.1999969482422,224.44000244140625,220.83999633789065,223.5099945068359,223.5099945068359,8041000,0.0,0.0,-0.8109871286944712,0.6577001229081028
2026-06-02,JNJ,Johnson & Johnson,222.5800018310547,225.5,221.1699981689453,222.88999938964844,222.88999938964844,5669000,0.0,0.0,-0.27777577254396457,0.07715937981239634
2026-06-03,JNJ,Johnson & Johnson,222.4499969482422,224.92999267578125,222.0,223.2400054931641,223.2400054931641,6507200,0.0,0.0,0.15690770470247803,0.024620027795000044
2026-06-04,JNJ,Johnson & Johnson,227.08999633789065,228.6699981689453,225.8999938964844,228.1699981689453,228.1699981689453,7274800,0.0,0.0,2.184350660574783,4.7713878083534915
2026-06-05,JNJ,Johnson & Johnson,230.0,235.22000122070312,229.0,232.77000427246097,232.77000427246097,8034900,0.0,0.0,1.9959902796307591,3.983977196380476
2026-06-08,JNJ,Johnson & Johnson,232.77000427246097,234.9499969482422,230.55999755859375,232.16000366210935,232.16000366210935,7559800,0.0,0.0,-0.26240550188752715,0.06885664742084502
2026-06-09,JNJ,Johnson & Johnson,232.3800048828125,237.7100067138672,230.41000366210935,237.0,237.0,8354500,0.0,0.0,2.0633336225178085,4.257345637812462
2026-06-10,JNJ,Johnson & Johnson,238.8500061035156,240.92999267578125,237.0500030517578,238.4900054931641,238.4900054931641,8350800,0.0,0.0,0.6267262626157408,0.39278580825229453
2026-06-11,JNJ,Johnson & Johnson,240.0,241.6000061035156,238.13999938964844,238.3300018310547,238.3300018310547,7399000,0.0,0.0,-0.06711281643273986,0.004504130129534638
2026-06-12,JNJ,Johnson & Johnson,240.0,240.91000366210935,237.52000427246097,240.8699951171875,240.8699951171875,6459400,0.0,0.0,1.0601072996173357,1.1238274867019598
2026-06-15,JNJ,Johnson & Johnson,239.0,239.5,233.5800018310547,235.66000366210935,235.66000366210935,7732000,0.0,0.0,-2.186724476813964,4.781763937497305
2026-06-16,JNJ,Johnson & Johnson,236.3699951171875,236.3699951171875,231.02000427246097,235.17999267578125,235.17999267578125,7718100,0.0,0.0,-0.20389565727597117,0.0415734390560003
2026-06-17,JNJ,Johnson & Johnson,234.02999877929688,235.42999267578125,230.6999969482422,234.1999969482422,234.1999969482422,8548000,0.0,0.0,-0.4175709119181066,0.17436546648011914
2026-06-18,JNJ,Johnson & Johnson,231.77999877929688,232.75,227.6000061035156,228.38999938964844,228.38999938964844,18989800,0.0,0.0,-2.512074681923251,6.3105192075598024
2026-06-22,JNJ,Johnson & Johnson,228.9499969482422,231.4499969482422,227.5,231.2899932861328,231.2899932861328,8518300,0.0,0.0,1.2617614065667577,1.592041847101323
2026-06-23,JNJ,Johnson & Johnson,235.63999938964844,239.8000030517578,234.3500061035156,239.0800018310547,239.0800018310547,11802000,0.0,0.0,3.3125926235317267,10.973269889476807
2026-06-24,JNJ,Johnson & Johnson,239.88999938964844,243.0399932861328,238.75,241.0,241.0,8139200,0.0,0.0,0.7998701875848498,0.6397923169870229
2026-06-25,JNJ,Johnson & Johnson,241.27000427246097,248.19000244140625,240.88999938964844,244.8800048828125,244.8800048828125,10130400,0.0,0.0,1.5971381086115173,2.550850137979175
2026-06-26,JNJ,Johnson & Johnson,248.27000427246097,255.11000061035156,247.8699951171875,254.66000366210935,254.66000366210935,16316800,0.0,0.0,3.916102194890615,15.335856400827094
2026-06-29,JNJ,Johnson & Johnson,253.19000244140625,258.5799865722656,252.02999877929688,258.510009765625,258.510009765625,8608400,0.0,0.0,1.5005079170693123,2.251524009187686
2026-06-30,JNJ,Johnson & Johnson,259.0,259.8999938964844,253.1699981689453,253.97000122070312,253.97000122070312,8469500,0.0,0.0,-1.7718261083131126,3.13936775809999
2026-07-01,JNJ,Johnson & Johnson,253.25,254.1999969482422,251.0800018310547,253.97999572753903,253.97999572753903,6516500,0.0,0.0,0.003935232561183238,1.5486055310596788e-05
2026-07-02,JNJ,Johnson & Johnson,255.77999877929688,263.1000061035156,254.0,263.0400085449219,263.0400085449219,7998700,0.0,0.0,3.5050637414220995,12.285471831431886
2026-07-06,JNJ,Johnson & Johnson,260.2300109863281,261.3800048828125,255.92999267578125,259.3299865722656,259.3299865722656,6803700,0.0,0.0,-1.420481417439568,2.017767457291124
2026-07-07,JNJ,Johnson & Johnson,264.8900146484375,269.42999267578125,264.04998779296875,267.239990234375,267.239990234375,9089700,0.0,0.0,3.0045764336073275,9.027479545388527
2026-07-08,JNJ,Johnson & Johnson,268.6000061035156,268.6000061035156,263.1300048828125,263.3999938964844,263.3999938964844,6769400,0.0,0.0,-1.4473328377609256,2.0947723432610936
2026-07-09,JNJ,Johnson & Johnson,260.6300048828125,263.45001220703125,258.1300048828125,259.1000061035156,259.1000061035156,6426100,0.0,0.0,-1.6459655012473076,2.7092024312963003
2026-07-10,JNJ,Johnson & Johnson,260.19000244140625,261.29998779296875,255.52000427246097,256.9800109863281,256.9800109863281,6534700,0.0,0.0,-0.8215807517647059,0.6749949316702593
2026-07-13,JNJ,Johnson & Johnson,257.95001220703125,259.5299987792969,256.1499938964844,257.7699890136719,257.7699890136719,5272200,0.0,0.0,0.30693682274643813,0.09421021315767839
2026-07-14,JNJ,Johnson & Johnson,255.52999877929688,256.3900146484375,252.13999938964844,253.8500061035156,253.8500061035156,8770600,0.0,0.0,-1.5324106397292352,2.348282368755364
2026-07-15,JNJ,Johnson & Johnson,250.08999633789065,256.8299865722656,246.0500030517578,247.02000427246097,247.02000427246097,10547300,0.0,0.0,-2.727424313131064,7.438843383858456
2026-07-16,JNJ,Johnson & Johnson,248.8999938964844,253.5500030517578,246.3000030517578,249.97000122070312,249.97000122070312,11097600,0.0,0.0,1.1871593239188405,1.4093472603674384
2026-07-17,JNJ,Johnson & Johnson,252.58999633789065,255.66000366210935,251.9499969482422,253.0399932861328,253.0399932861328,10167700,0.0,0.0,1.2206636919494527,1.4900198488436682
2026-07-20,JNJ,Johnson & Johnson,252.0099945068359,254.17999267578125,248.6300048828125,248.82000732421875,248.82000732421875,8114700,0.0,0.0,-1.6817779542406985,2.828377087370029
2026-07-21,JNJ,Johnson & Johnson,247.4499969482422,251.33999633789065,245.4900054931641,250.61000061035156,250.61000061035156,7793100,0.0,0.0,0.7168175408970833,0.5138273869377417
2026-07-22,JNJ,Johnson & Johnson,252.7599945068359,256.2900085449219,251.2100067138672,255.6300048828125,255.6300048828125,9100200,0.0,0.0,1.9833157277940046,3.933541276115062
2026-07-23,JNJ,Johnson & Johnson,255.2400054931641,260.20001220703125,254.4199981689453,259.2699890136719,259.2699890136719,8063300,0.0,0.0,1.4138841763260457,1.9990684640651806
2026-07-24,JNJ,Johnson & Johnson,261.42999267578125,263.7099914550781,259.6099853515625,263.3999938964844,263.3999938964844,6351800,0.0,0.0,1.580381876481151,2.497606875510084
2026-07-27,JNJ,Johnson & Johnson,262.54998779296875,268.79998779296875,261.3500061035156,265.95001220703125,265.95001220703125,9647900,0.0,0.0,0.9634600950908919,0.9282553548325505
2026-07-28,JNJ,Johnson & Johnson,270.0,274.8999938964844,266.17999267578125,266.7300109863281,266.7300109863281,10491000,0.0,0.0,0.29285849020562854,0.08576609528552023
2026-07-29,JNJ,Johnson & Johnson,268.5,269.3399963378906,264.7900085449219,265.5299987792969,265.5299987792969,6105600,0.0,0.0,-0.45091279384417476,0.20332234765235926
2026-07-30,JNJ,Johnson & Johnson,259.0299987792969,260.5199890136719,254.55999755859375,255.82000732421875,255.82000732421875,8216500,0.0,0.0,-3.7253723250055915,13.878398959917567
2026-07-31,JNJ,Johnson & Johnson,256.010009765625,258.4800109863281,253.2899932861328,256.3500061035156,256.3500061035156,6782100,0.0,0.0,0.20696212374085524,0.04283332066332508
