Date,Ticker,Asset,Open,High,Low,Close,Adj_Close,Volume,Dividends,Stock_Splits,Log_Return,Squared_Return
2010-06-30,TSLA,Tesla,1.7193330526351929,2.0280001163482666,1.553333044052124,1.5886670351028442,1.5886670351028442,257806500,0.0,0.0,-0.25146373099075986,0.06323400800379324
2010-07-01,TSLA,Tesla,1.6666669845581057,1.7280000448226929,1.3513330221176147,1.4639999866485596,1.4639999866485596,123282000,0.0,0.0,-8.172291550447511,66.78634918551579
2010-07-02,TSLA,Tesla,1.5333329439163208,1.5399999618530271,1.24733304977417,1.2799999713897705,1.2799999713897705,77097000,0.0,0.0,-13.431235083949971,180.3980758803286
2010-07-06,TSLA,Tesla,1.3333330154418943,1.3333330154418943,1.0553330183029177,1.0740000009536743,1.0740000009536743,103003500,0.0,0.0,-17.547005860514584,307.89741466893315
2010-07-07,TSLA,Tesla,1.0933330059051514,1.108667016029358,0.9986670017242432,1.053333044052124,1.053333044052124,103825500,0.0,0.0,-1.9430532678024044,3.775456001517602
2010-07-08,TSLA,Tesla,1.0759999752044678,1.1679999828338623,1.037999987602234,1.1640000343322754,1.1640000343322754,115671000,0.0,0.0,9.990291450771378,99.8059232713557
2010-07-09,TSLA,Tesla,1.1720000505447388,1.1933330297470093,1.1033329963684082,1.159999966621399,1.159999966621399,60759000,0.0,0.0,-0.3442402460710787,0.11850134701507684
2010-07-12,TSLA,Tesla,1.196666955947876,1.2046669721603394,1.1333329677581787,1.136667013168335,1.136667013168335,33037500,0.0,0.0,-2.031966887617015,4.128889432371979
2010-07-13,TSLA,Tesla,1.1593329906463623,1.2426669597625732,1.126667022705078,1.2093329429626465,1.2093329429626465,40201500,0.0,0.0,6.196861331902906,38.40109036683346
2010-07-14,TSLA,Tesla,1.1959999799728394,1.3433330059051514,1.184000015258789,1.3226670026779177,1.3226670026779177,62928000,0.0,0.0,8.958123400877309,80.24797486534564
2010-07-15,TSLA,Tesla,1.329332947731018,1.4333330392837524,1.2666670083999634,1.3259999752044678,1.3259999752044678,56097000,0.0,0.0,0.2516718268925495,0.06333870845143341
2010-07-16,TSLA,Tesla,1.3799999952316284,1.4199999570846558,1.3366669416427612,1.3760000467300415,1.3760000467300415,39319500,0.0,0.0,3.7013900407763067,13.70028823395803
2010-07-19,TSLA,Tesla,1.4246670007705688,1.4833329916000366,1.3946670293807983,1.4606670141220093,1.4606670141220093,37297500,0.0,0.0,5.971241690769228,35.65572732958054
2010-07-20,TSLA,Tesla,1.4566669464111328,1.4566669464111328,1.3366669416427612,1.3533329963684082,1.3533329963684082,27379500,0.0,0.0,-7.632275442299001,58.25162842712041
2010-07-21,TSLA,Tesla,1.3773330450057983,1.3933329582214355,1.2999999523162842,1.3480000495910645,1.3480000495910645,18787500,0.0,0.0,-0.39483866779015864,0.15589757358230727
2010-07-22,TSLA,Tesla,1.3666670322418213,1.4166669845581057,1.3580000400543213,1.399999976158142,1.399999976158142,14367000,0.0,0.0,3.7850170312576252,14.326353926910286
2010-07-23,TSLA,Tesla,1.4126670360565186,1.4373329877853394,1.4040000438690186,1.4193329811096191,1.4193329811096191,9804000,0.0,0.0,1.3714810050456134,1.8809601472009259
2010-07-26,TSLA,Tesla,1.4333330392837524,1.4333330392837524,1.3533329963684082,1.3966670036315918,1.3966670036315918,13833000,0.0,0.0,-1.6098343112193245,2.591566509578997
2010-07-27,TSLA,Tesla,1.3940000534057615,1.4119999408721924,1.3506669998168943,1.3700000047683716,1.3700000047683716,9295500,0.0,0.0,-1.927794320898038,3.716390943686727
2010-07-28,TSLA,Tesla,1.3700000047683716,1.3933329582214355,1.3673330545425415,1.3813329935073853,1.3813329935073853,7008000,0.0,0.0,0.8238226955451973,0.6786838336953548
2010-07-29,TSLA,Tesla,1.3846670389175415,1.3919999599456787,1.3333330154418943,1.3566670417785645,1.3566670417785645,9240000,0.0,0.0,-1.8017982994436583,3.246477111878059
2010-07-30,TSLA,Tesla,1.3466670513153076,1.3626669645309448,1.303333044052124,1.329332947731018,1.329332947731018,6403500,0.0,0.0,-2.0353713922124284,4.142736704236759
2010-08-02,TSLA,Tesla,1.3666670322418213,1.3980000019073486,1.3553329706192017,1.3946670293807983,1.3946670293807983,10771500,0.0,0.0,4.797842480726451,23.019292469863345
2010-08-03,TSLA,Tesla,1.399999976158142,1.463333010673523,1.3880000114440918,1.463333010673523,1.463333010673523,18457500,0.0,0.0,4.806101975573991,23.098616199616224
2010-08-04,TSLA,Tesla,1.463333010673523,1.4786670207977295,1.3899999856948853,1.4173330068588257,1.4173330068588257,13695000,0.0,0.0,-3.1939776455123554,10.20149320003265
2010-08-05,TSLA,Tesla,1.4359999895095823,1.4366669654846191,1.3366669416427612,1.363332986831665,1.363332986831665,11943000,0.0,0.0,-3.8844514238503423,15.08896286425295
2010-08-06,TSLA,Tesla,1.340000033378601,1.343999981880188,1.301332950592041,1.305999994277954,1.305999994277954,11128500,0.0,0.0,-4.296340075597828,18.458538045187954
2010-08-09,TSLA,Tesla,1.3266669511795044,1.3320000171661377,1.296666979789734,1.3066669702529907,1.3066669702529907,12190500,0.0,0.0,0.051057099781984965,0.002606827438147569
2010-08-10,TSLA,Tesla,1.309999942779541,1.309999942779541,1.254667043685913,1.2686669826507568,1.2686669826507568,19219500,0.0,0.0,-2.951286819703122,8.710093892153367
2010-08-11,TSLA,Tesla,1.246000051498413,1.2586669921875,1.190000057220459,1.1933330297470093,1.1933330297470093,11964000,0.0,0.0,-6.121647193115643,37.47456435698063
2010-08-12,TSLA,Tesla,1.1866669654846191,1.1933330297470093,1.1593329906463623,1.1733330488204956,1.1733330488204956,10365000,0.0,0.0,-1.690179888318484,2.856708054876283
2010-08-13,TSLA,Tesla,1.212000012397766,1.2300000190734863,1.1773329973220823,1.2213330268859863,1.2213330268859863,9510000,0.0,0.0,4.009444877227912,16.075648223529146
2010-08-16,TSLA,Tesla,1.2300000190734863,1.2533329725265503,1.21733295917511,1.2519999742507937,1.2519999742507937,7287000,0.0,0.0,2.479934487983424,6.150075064689608
2010-08-17,TSLA,Tesla,1.2640000581741333,1.2933330535888672,1.2519999742507937,1.2766669988632202,1.2766669988632202,6718500,0.0,0.0,1.9510522619140844,3.806604928720065
2010-08-18,TSLA,Tesla,1.305999994277954,1.305999994277954,1.2400000095367432,1.2513329982757568,1.2513329982757568,9019500,0.0,0.0,-2.004339299486736,4.01737602746698
2010-08-19,TSLA,Tesla,1.2359999418258667,1.2833329439163208,1.222000002861023,1.25266695022583,1.25266695022583,8686500,0.0,0.0,0.1065456951836757,0.011351985162172734
2010-08-20,TSLA,Tesla,1.2433329820632937,1.27400004863739,1.2339999675750732,1.273332953453064,1.273332953453064,4440000,0.0,0.0,1.636299692748129,2.6774766844876217
2010-08-23,TSLA,Tesla,1.2726670503616333,1.359333038330078,1.2666670083999634,1.3420000076293943,1.3420000076293943,16321500,0.0,0.0,5.252320861954306,27.586874436920425
2010-08-24,TSLA,Tesla,1.2833329439163208,1.3140000104904177,1.2633329629898071,1.2799999713897705,1.2799999713897705,10096500,0.0,0.0,-4.73009886547989,22.373835277214145
2010-08-25,TSLA,Tesla,1.2773330211639404,1.3320000171661377,1.237333059310913,1.3266669511795044,1.3266669511795044,7549500,0.0,0.0,3.5809689505342814,12.823338624690592
2010-08-26,TSLA,Tesla,1.3259999752044678,1.3513330221176147,1.3066669702529907,1.3166669607162476,1.3166669607162476,6507000,0.0,0.0,-0.7566231511434989,0.572478592846318
2010-08-27,TSLA,Tesla,1.3166669607162476,1.324666976928711,1.2999999523162842,1.3133330345153809,1.3133330345153809,5694000,0.0,0.0,-0.25353064583443335,0.06427778837722488
2010-08-30,TSLA,Tesla,1.3133330345153809,1.3459999561309814,1.307332992553711,1.324666976928711,1.324666976928711,10992000,0.0,0.0,0.8592882565097255,0.7383763077755239
2010-08-31,TSLA,Tesla,1.3106670379638672,1.3193329572677612,1.2886669635772705,1.2986669540405271,1.2986669540405271,3016500,0.0,0.0,-1.9822771284516478,3.929422613982511
2010-09-01,TSLA,Tesla,1.3079999685287476,1.3793330192565918,1.3066669702529907,1.363332986831665,1.363332986831665,7423500,0.0,0.0,4.859410883293745,23.613874132673697
2010-09-02,TSLA,Tesla,1.3580000400543213,1.4160000085830688,1.3539999723434448,1.4040000438690186,1.4040000438690186,7306500,0.0,0.0,2.939290962049321,8.639431359584822
2010-09-03,TSLA,Tesla,1.391332983970642,1.4199999570846558,1.3773330450057983,1.4033329486846924,1.4033329486846924,6519000,0.0,0.0,-0.047525191963452,0.0022586438711629624
2010-09-07,TSLA,Tesla,1.3739999532699585,1.399999976158142,1.3666670322418213,1.369333028793335,1.369333028793335,3651000,0.0,0.0,-2.452630393174026,6.015395845520977
2010-09-08,TSLA,Tesla,1.3773330450057983,1.3966670036315918,1.373332977294922,1.3933329582214355,1.3933329582214355,4326000,0.0,0.0,1.7374907651469798,3.018874158971037
2010-09-09,TSLA,Tesla,1.399999976158142,1.4033329486846924,1.3793330192565918,1.380666971206665,1.380666971206665,5643000,0.0,0.0,-0.9131993769594804,0.8339331020791831
2010-09-10,TSLA,Tesla,1.3833329677581787,1.3953330516815186,1.3173329830169678,1.3446669578552246,1.3446669578552246,5799000,0.0,0.0,-2.6420327465234803,6.980337033702405
2010-09-13,TSLA,Tesla,1.3926670551300049,1.3933329582214355,1.3666670322418213,1.3813329935073853,1.3813329935073853,5412000,0.0,0.0,2.6902602861424643,7.237500407195333
2010-09-14,TSLA,Tesla,1.369333028793335,1.440000057220459,1.3686670064926147,1.4079999923706057,1.4079999923706057,9820500,0.0,0.0,1.9121282041197964,3.656234268990398
2010-09-15,TSLA,Tesla,1.3986669778823853,1.4666670560836792,1.3860000371932983,1.4653329849243164,1.4653329849243164,10269000,0.0,0.0,3.9912257788235177,15.929883217545395
2010-09-16,TSLA,Tesla,1.476667046546936,1.5440000295639038,1.3893330097198486,1.3960000276565552,1.3960000276565552,40267500,0.0,0.0,-4.847148595401555,23.49484950590327
2010-09-17,TSLA,Tesla,1.401332974433899,1.4213329553604126,1.3200000524520874,1.348667025566101,1.348667025566101,17977500,0.0,0.0,-3.449430795979603,11.898572816252479
2010-09-20,TSLA,Tesla,1.378000020980835,1.4233330488204956,1.343999981880188,1.4040000438690186,1.4040000438690186,14212500,0.0,0.0,4.020862065768829,16.16733175193877
2010-09-21,TSLA,Tesla,1.3926670551300049,1.4366669654846191,1.378000020980835,1.3846670389175415,1.3846670389175415,11940000,0.0,0.0,-1.3865631225686788,1.9225572928674048
2010-09-22,TSLA,Tesla,1.391332983970642,1.3966670036315918,1.3200000524520874,1.324666976928711,1.324666976928711,14443500,0.0,0.0,-4.429861594322746,19.623673744855665
2010-09-23,TSLA,Tesla,1.3259999752044678,1.3426669836044312,1.2999999523162842,1.3040000200271606,1.3040000200271606,10021500,0.0,0.0,-1.5724610817731268,2.472633853691112
2010-09-24,TSLA,Tesla,1.3300000429153442,1.3459999561309814,1.309999942779541,1.340000033378601,1.340000033378601,8683500,0.0,0.0,2.723316000951032,7.416450041035922
2010-09-27,TSLA,Tesla,1.3600000143051147,1.3873330354690552,1.3366669416427612,1.3686670064926147,1.3686670064926147,6279000,0.0,0.0,2.1167639346159755,4.480689554890906
2010-09-28,TSLA,Tesla,1.4026670455932615,1.4326670169830322,1.383999943733215,1.4266669750213623,1.4266669750213623,18217500,0.0,0.0,4.150365884365805,17.225536974107552
2010-09-29,TSLA,Tesla,1.4126670360565186,1.4686670303344729,1.408666968345642,1.4653329849243164,1.4653329849243164,29539500,0.0,0.0,2.674157304344072,7.151117288376753
2010-09-30,TSLA,Tesla,1.4666670560836792,1.476667046546936,1.3459999561309814,1.3606669902801514,1.3606669902801514,32937000,0.0,0.0,-7.410749655146084,54.91921045124781
2010-10-01,TSLA,Tesla,1.3793330192565918,1.3833329677581787,1.3539999723434448,1.373332977294922,1.373332977294922,8965500,0.0,0.0,0.9265601888000167,0.8585137834691225
2010-10-04,TSLA,Tesla,1.3619999885559082,1.4113329648971558,1.3533329963684082,1.3993330001831057,1.3993330001831057,9654000,0.0,0.0,1.8755079210463148,3.51752996190747
2010-10-05,TSLA,Tesla,1.409999966621399,1.418666958808899,1.4006669521331787,1.4079999923706057,1.4079999923706057,4980000,0.0,0.0,0.6174557664762154,0.3812516235547306
2010-10-06,TSLA,Tesla,1.4040000438690186,1.4173330068588257,1.3546669483184814,1.3639999628067017,1.3639999628067017,4701000,0.0,0.0,-3.174872016379075,10.079812320386933
2010-10-07,TSLA,Tesla,1.3713330030441284,1.3760000467300415,1.3559999465942385,1.3619999885559082,1.3619999885559082,2115000,0.0,0.0,-0.14673328285522205,0.021530656297470602
2010-10-08,TSLA,Tesla,1.3619999885559082,1.3860000371932983,1.359333038330078,1.3619999885559082,1.3619999885559082,4017000,0.0,0.0,0.0,0.0
2010-10-11,TSLA,Tesla,1.3626669645309448,1.3799999952316284,1.3380000591278076,1.3493330478668213,1.3493330478668213,2568000,0.0,0.0,-0.9343767569021564,0.8730599238389914
2010-10-12,TSLA,Tesla,1.3466670513153076,1.3519999980926514,1.335332989692688,1.3493330478668213,1.3493330478668213,3660000,0.0,0.0,0.0,0.0
2010-10-13,TSLA,Tesla,1.3760000467300415,1.3899999856948853,1.3573329448699951,1.369333028793335,1.369333028793335,4773000,0.0,0.0,1.4713349242101763,2.1648264592005653
2010-10-14,TSLA,Tesla,1.399999976158142,1.4019999504089355,1.3600000143051147,1.3833329677581787,1.3833329677581787,4422000,0.0,0.0,1.0172000305282398,1.034695902106652
2010-10-15,TSLA,Tesla,1.3926670551300049,1.3933329582214355,1.350000023841858,1.369333028793335,1.369333028793335,4270500,0.0,0.0,-1.017200030528235,1.034695902106642
2010-10-18,TSLA,Tesla,1.368000030517578,1.3760000467300415,1.3480000495910645,1.348667025566101,1.348667025566101,2442000,0.0,0.0,-1.520706480631345,2.3125482002341715
2010-10-19,TSLA,Tesla,1.3466670513153076,1.3606669902801514,1.3333330154418943,1.3366669416427612,1.3366669416427612,3678000,0.0,0.0,-0.8937557823546974,0.7987993984924573
2010-10-20,TSLA,Tesla,1.343999981880188,1.3793330192565918,1.3359999656677246,1.376667022705078,1.376667022705078,4687500,0.0,0.0,2.948621856021811,8.69437084980951
2010-10-21,TSLA,Tesla,1.3739999532699585,1.3966670036315918,1.363332986831665,1.3833329677581787,1.3833329677581787,6256500,0.0,0.0,0.48304043749247255,0.23332806425291927
2010-10-22,TSLA,Tesla,1.3786669969558716,1.3953330516815186,1.3700000047683716,1.3813329935073853,1.3813329935073853,2416500,0.0,0.0,-0.1446811027217536,0.02093262148478262
2010-10-25,TSLA,Tesla,1.3960000276565552,1.3986669778823853,1.381999969482422,1.3899999856948853,1.3899999856948853,1777500,0.0,0.0,0.625476657510214,0.3912210490901495
2010-10-26,TSLA,Tesla,1.386667013168335,1.4579999446868896,1.3673330545425415,1.4240000247955322,1.4240000247955322,9913500,0.0,0.0,2.4166093551225747,5.840000775265946
2010-10-27,TSLA,Tesla,1.4166669845581057,1.425333023071289,1.376667022705078,1.399999976158142,1.399999976158142,5347500,0.0,0.0,-1.699761081106246,2.889187732843474
2010-10-28,TSLA,Tesla,1.4259999990463257,1.4333330392837524,1.397333025932312,1.4126670360565186,1.4126670360565186,3363000,0.0,0.0,0.9007213070734874,0.8112988730161717
2010-10-29,TSLA,Tesla,1.4093329906463623,1.4566669464111328,1.4033329486846924,1.4559999704360962,1.4559999704360962,4209000,0.0,0.0,3.021349680756585,9.128553893407918
2010-11-01,TSLA,Tesla,1.4626669883728027,1.5166670083999634,1.420667052268982,1.4273329973220823,1.4273329973220823,6837000,0.0,0.0,-1.9885263382160796,3.9542369977790504
2010-11-02,TSLA,Tesla,1.4453330039978027,1.4586670398712158,1.4033329486846924,1.4166669845581057,1.4166669845581057,4837500,0.0,0.0,-0.7500747425306683,0.5626121193824484
2010-11-03,TSLA,Tesla,1.418666958808899,1.5,1.4106669425964355,1.4513330459594729,1.4513330459594729,5589000,0.0,0.0,2.417555747528482,5.844575792407997
2010-11-04,TSLA,Tesla,1.5066670179367063,1.688667058944702,1.476667046546936,1.659999966621399,1.659999966621399,28110000,0.0,0.0,13.433510612342841,180.45920737192773
2010-11-05,TSLA,Tesla,1.6579999923706057,1.664667010307312,1.581333041191101,1.6293330192565918,1.6293330192565918,15165000,0.0,0.0,-1.8646841823652265,3.477047099963073
2010-11-08,TSLA,Tesla,1.6333329677581787,1.6666669845581057,1.6019999980926514,1.6653330326080322,1.6653330326080322,7642500,0.0,0.0,2.1854382578352474,4.776140378809961
2010-11-09,TSLA,Tesla,1.6666669845581057,1.7126669883728027,1.6033329963684082,1.6419999599456787,1.6419999599456787,14346000,0.0,0.0,-1.4110136378943055,1.990959486323722
2010-11-10,TSLA,Tesla,1.631999969482422,1.9980000257492063,1.6033329963684082,1.957332968711853,1.957332968711853,45907500,0.0,0.0,17.566782972265337,308.59186399467137
2010-11-11,TSLA,Tesla,1.9066669940948489,1.940000057220459,1.8220000267028809,1.869333028793335,1.869333028793335,29179500,0.0,0.0,-4.600111820879901,21.161028764599
2010-11-12,TSLA,Tesla,1.8833329677581787,2.0333330631256104,1.8713330030441284,1.9893330335617063,1.9893330335617063,40936500,0.0,0.0,6.221772539337574,38.710453531255126
2010-11-15,TSLA,Tesla,2.01466703414917,2.196000099182129,2.01466703414917,2.053333044052124,2.053333044052124,39343500,0.0,0.0,3.1664924449755056,10.026674404086956
2010-11-16,TSLA,Tesla,2.066667079925537,2.0933330059051514,1.8946670293807983,1.9780000448226929,1.9780000448226929,20214000,0.0,0.0,-3.7378092132469636,13.971217714633886
2010-11-17,TSLA,Tesla,2.0133330821990967,2.049999952316284,1.9073330163955688,1.965999960899353,1.965999960899353,11250000,0.0,0.0,-0.6085254024585396,0.37030316543732755
2010-11-18,TSLA,Tesla,2.0446670055389404,2.049333095550537,1.9279999732971191,1.9926669597625732,1.9926669597625732,14341500,0.0,0.0,1.3472920444350998,1.815195852998111
2010-11-19,TSLA,Tesla,2.010667085647583,2.0913329124450684,1.9800000190734863,2.065999984741211,2.065999984741211,17257500,0.0,0.0,3.6140441030880446,13.06131477906547
2010-11-22,TSLA,Tesla,2.1046669483184814,2.2300000190734863,2.0999999046325684,2.2266669273376465,2.2266669273376465,22945500,0.0,0.0,7.489145263646376,56.08729677999694
2010-11-23,TSLA,Tesla,2.2193329334259033,2.378667116165161,2.1459999084472656,2.3046669960021973,2.3046669960021973,23667000,0.0,0.0,3.443037978248995,11.854510519664927
2010-11-24,TSLA,Tesla,2.351332902908325,2.3980000019073486,2.2886669635772705,2.3646669387817383,2.3646669387817383,21375000,0.0,0.0,2.570098702802671,6.605407342147972
2010-11-26,TSLA,Tesla,2.373332977294922,2.4000000953674316,2.316667079925537,2.3546669483184814,2.3546669483184814,5259000,0.0,0.0,-0.42378885109137693,0.17959699030934925
2010-11-29,TSLA,Tesla,2.3606669902801514,2.396667003631592,2.2219998836517334,2.2886669635772705,2.2886669635772705,17184000,0.0,0.0,-2.84297581496438,8.08251148447238
2010-11-30,TSLA,Tesla,2.249332904815674,2.355333089828491,2.227333068847656,2.355333089828491,2.355333089828491,33339000,0.0,0.0,2.8712620786185754,8.244145924113063
2010-12-01,TSLA,Tesla,2.3913331031799316,2.427999973297119,2.2300000190734863,2.2899999618530273,2.2899999618530273,19488000,0.0,0.0,-2.8130355976306554,7.9131692735372585
2010-12-02,TSLA,Tesla,2.2673330307006836,2.2866671085357666,2.0799999237060547,2.1566669940948486,2.1566669940948486,30105000,0.0,0.0,-5.998782924197993,35.985396571649424
2010-12-03,TSLA,Tesla,2.134000062942505,2.1500000953674316,2.058000087738037,2.0993330478668213,2.0993330478668213,17401500,0.0,0.0,-2.6944273634990044,7.259938817172196
2010-12-06,TSLA,Tesla,2.0899999141693115,2.0966670513153076,1.970667004585266,2.02066707611084,2.02066707611084,19116000,0.0,0.0,-3.8192005435369087,14.58629279175262
2010-12-07,TSLA,Tesla,2.0326669216156006,2.1600000858306885,2.00333309173584,2.1040000915527344,2.1040000915527344,19669500,0.0,0.0,4.0412645793377,16.331819400209515
2010-12-08,TSLA,Tesla,2.165333032608032,2.1659998893737793,2.101332902908325,2.1579999923706055,2.1579999923706055,9900000,0.0,0.0,2.5341524911422866,6.421928848362657
2010-12-09,TSLA,Tesla,2.167332887649536,2.181333065032959,2.109999895095825,2.136667013168335,2.136667013168335,6090000,0.0,0.0,-0.9934718866818897,0.9869863896272735
2010-12-10,TSLA,Tesla,2.136667013168335,2.194667100906372,2.0753331184387207,2.101332902908325,2.101332902908325,6441000,0.0,0.0,-1.6675285380512124,2.7806514252152135
2010-12-13,TSLA,Tesla,2.109333038330078,2.118000030517578,2.0266671180725098,2.0366671085357666,2.0366671085357666,6156000,0.0,0.0,-3.125715758083558,9.770099000331873
2010-12-14,TSLA,Tesla,2.0193328857421875,2.0260000228881836,1.8506669998168943,1.9019999504089355,1.9019999504089355,26485500,0.0,0.0,-6.840876342229219,46.797589129671415
2010-12-15,TSLA,Tesla,1.911332964897156,1.9980000257492063,1.9019999504089355,1.97333300113678,1.97333300113678,11143500,0.0,0.0,3.6818053834859072,13.555690881865809
2010-12-16,TSLA,Tesla,2.0,2.060667037963867,1.976667046546936,2.053999900817871,2.053999900817871,11851500,0.0,0.0,4.006507133411576,16.052099410077844
2010-12-17,TSLA,Tesla,2.0893330574035645,2.1026670932769775,2.047333002090454,2.0906670093536377,2.0906670093536377,12195000,0.0,0.0,1.7694095073698624,3.130810004770859
2010-12-20,TSLA,Tesla,2.109333038330078,2.1459999084472656,2.0840001106262207,2.113332986831665,2.113332986831665,7851000,0.0,0.0,1.0783157528474736,1.1627648628390137
2010-12-21,TSLA,Tesla,2.119999885559082,2.179332971572876,2.114000082015991,2.1506669521331787,2.1506669521331787,11665500,0.0,0.0,1.751168850757647,3.0665923438638583
2010-12-22,TSLA,Tesla,2.1500000953674316,2.190666913986206,2.113332986831665,2.175333023071289,2.175333023071289,12499500,0.0,0.0,1.1403762546843843,1.3004580022479837
2010-12-23,TSLA,Tesla,2.0840001106262207,2.165333032608032,1.994667053222656,2.00600004196167,2.00600004196167,23289000,0.0,0.0,-8.10390564178276,65.67328665091844
2010-12-27,TSLA,Tesla,1.868000030517578,1.9053330421447752,1.670667052268982,1.703333020210266,1.703333020210266,139528500,0.0,0.0,-16.355577873992726,267.5049275922404
2010-12-28,TSLA,Tesla,1.7233330011367798,1.7833329439163208,1.6666669845581057,1.7606669664382937,1.7606669664382937,60844500,0.0,0.0,3.310576374921474,10.959915934188208
2010-12-29,TSLA,Tesla,1.8020000457763672,1.8673330545425415,1.7666670083999634,1.848667025566101,1.848667025566101,49788000,0.0,0.0,4.877215719796062,23.787233177425822
2010-12-30,TSLA,Tesla,1.8466670513153076,1.8600000143051147,1.7586669921875,1.7666670083999634,1.7666670083999634,30616500,0.0,0.0,-4.5370127341183215,20.584484549551807
2010-12-31,TSLA,Tesla,1.7713329792022705,1.8166669607162476,1.7666670083999634,1.775333046913147,1.775333046913147,21268500,0.0,0.0,0.4893312066540563,0.23944502980551477
2011-01-03,TSLA,Tesla,1.7893329858779907,1.7999999523162842,1.726667046546936,1.7746670246124268,1.7746670246124268,19245000,0.0,0.0,-0.03752238282340227,0.0014079292127459537
2011-01-04,TSLA,Tesla,1.7773330211639404,1.796666979789734,1.73466694355011,1.777999997138977,1.777999997138977,17811000,0.0,0.0,0.1876321920392849,0.035205839489467095
2011-01-05,TSLA,Tesla,1.76533305644989,1.7933330535888672,1.746000051498413,1.7886669635772705,1.7886669635772705,21700500,0.0,0.0,0.5981493848212535,0.357782686562044
2011-01-06,TSLA,Tesla,1.7886669635772705,1.8666670322418213,1.7873330116271973,1.858667016029358,1.858667016029358,30918000,0.0,0.0,3.8388943423439437,14.73710977168034
2011-01-07,TSLA,Tesla,1.8666670322418213,1.9053330421447752,1.8600000143051147,1.8826669454574585,1.8826669454574585,33718500,0.0,0.0,1.2829786851507314,1.6460343065510996
2011-01-10,TSLA,Tesla,1.878000020980835,1.9119999408721924,1.8700000047683716,1.896667003631592,1.896667003631592,20140500,0.0,0.0,0.7408777526013965,0.5488998442996962
2011-01-11,TSLA,Tesla,1.906000018119812,1.9140000343322752,1.7946670055389404,1.797333002090454,1.797333002090454,25653000,0.0,0.0,-5.379423648673678,28.93819879190963
2011-01-12,TSLA,Tesla,1.8006670475006104,1.8266669511795044,1.7680000066757202,1.797333002090454,1.797333002090454,14466000,0.0,0.0,0.0,0.0
2011-01-13,TSLA,Tesla,1.797333002090454,1.7979999780654907,1.74399995803833,1.7480000257492063,1.7480000257492063,10854000,0.0,0.0,-2.783160868101427,7.745984417731088
2011-01-14,TSLA,Tesla,1.7433329820632937,1.7719999551773071,1.707332968711853,1.7166670560836792,1.7166670560836792,17880000,0.0,0.0,-1.8087639111639784,3.271626886329212
2011-01-18,TSLA,Tesla,1.698667049407959,1.7093329429626465,1.649999976158142,1.7093329429626465,1.7093329429626465,24325500,0.0,0.0,-0.42814502781247327,0.18330816484054352
2011-01-19,TSLA,Tesla,1.6846669912338257,1.6979999542236328,1.5833330154418943,1.6019999980926514,1.6019999980926514,35572500,0.0,0.0,-6.4850355118683405,42.05568559019347
2011-01-20,TSLA,Tesla,1.6019999980926514,1.6299999952316284,1.4913330078125,1.5080000162124634,1.5080000162124634,34198500,0.0,0.0,-6.046856711882813,36.56447609404223
2011-01-21,TSLA,Tesla,1.5413329601287842,1.5726670026779177,1.5140000581741333,1.5360000133514404,1.5360000133514404,18255000,0.0,0.0,1.839736308108968,3.3846296833744156
2011-01-24,TSLA,Tesla,1.5686670541763306,1.6540000438690186,1.5486669540405271,1.6326669454574585,1.6326669454574585,24676500,0.0,0.0,6.103319720196423,37.250511606938545
2011-01-25,TSLA,Tesla,1.6433329582214355,1.6593329906463623,1.6013330221176147,1.6453330516815186,1.6453330516815186,19072500,0.0,0.0,0.7727986132952216,0.5972176967110174
2011-01-26,TSLA,Tesla,1.647333025932312,1.658666968345642,1.6066670417785645,1.649999976158142,1.649999976158142,16198500,0.0,0.0,0.2832446710137249,0.08022754365767326
2011-01-27,TSLA,Tesla,1.6493330001831057,1.6720000505447388,1.6353329420089722,1.6613329648971558,1.6613329648971558,13435500,0.0,0.0,0.6844997582764402,0.468539919080505
2011-01-28,TSLA,Tesla,1.658666968345642,1.658666968345642,1.5833330154418943,1.6006669998168943,1.6006669998168943,15726000,0.0,0.0,-3.7199853782542163,13.838291214425164
2011-01-31,TSLA,Tesla,1.6033329963684082,1.6080000400543213,1.5666669607162476,1.6066670417785645,1.6066670417785645,12454500,0.0,0.0,0.374145560340681,0.1399849003226422
2011-02-01,TSLA,Tesla,1.6206669807434082,1.6486669778823853,1.5693329572677612,1.593999981880188,1.593999981880188,10617000,0.0,0.0,-0.7915303865994949,0.6265203529103459
2011-02-02,TSLA,Tesla,1.6106669902801514,1.6119999885559082,1.5779999494552612,1.5959999561309814,1.5959999561309814,8542500,0.0,0.0,0.12539025402504475,0.01572271580446525
2011-02-03,TSLA,Tesla,1.5880000591278076,1.5933330059051514,1.5433330535888672,1.5753329992294312,1.5753329992294312,7680000,0.0,0.0,-1.3033793528755047,1.6987977375021692
2011-02-04,TSLA,Tesla,1.5626670122146606,1.5779999494552612,1.5479999780654907,1.5640000104904177,1.5640000104904177,8160000,0.0,0.0,-0.7220029181460289,0.5212882138113814
2011-02-07,TSLA,Tesla,1.5506670475006104,1.5506670475006104,1.525333046913147,1.537999987602234,1.537999987602234,13426500,0.0,0.0,-1.6763785808061398,2.8102451461856073
2011-02-08,TSLA,Tesla,1.585332989692688,1.6833330392837524,1.5333329439163208,1.6326669454574585,1.6326669454574585,52573500,0.0,0.0,5.973197759730257,35.679091476846565
2011-02-09,TSLA,Tesla,1.608667016029358,1.6119999885559082,1.519333004951477,1.547333002090454,1.547333002090454,39534000,0.0,0.0,-5.368203550905777,28.817609363957395
2011-02-10,TSLA,Tesla,1.5506670475006104,1.5759999752044678,1.5206669569015503,1.5479999780654907,1.5479999780654907,12541500,0.0,0.0,0.04309558872247033,0.0018572297673363119
2011-02-11,TSLA,Tesla,1.5499999523162842,1.5833330154418943,1.529332995414734,1.5499999523162842,1.5499999523162842,9517500,0.0,0.0,0.12911391695114818,0.01667040355046799
2011-02-14,TSLA,Tesla,1.5759999752044678,1.609333038330078,1.536666989326477,1.5386669635772705,1.5386669635772705,19246500,0.0,0.0,-0.7338466663633332,0.5385309297325772
2011-02-15,TSLA,Tesla,1.534000039100647,1.5446670055389404,1.503999948501587,1.5226670503616333,1.5226670503616333,14305500,0.0,0.0,-1.0452997829452664,1.092651636225421
2011-02-16,TSLA,Tesla,1.5399999618530271,1.664667010307312,1.537999987602234,1.6486669778823853,1.6486669778823853,61726500,0.0,0.0,7.950363352484273,63.20827743652497
2011-02-17,TSLA,Tesla,1.6419999599456787,1.6993329524993896,1.5700000524520874,1.5733330249786377,1.5733330249786377,39276000,0.0,0.0,-4.677075425804277,21.875034538662256
2011-02-18,TSLA,Tesla,1.5553330183029177,1.565999984741211,1.5306669473648071,1.5453330278396606,1.5453330278396606,35560500,0.0,0.0,-1.7956875819686458,3.224493892036402
2011-02-22,TSLA,Tesla,1.525333046913147,1.5333329439163208,1.4520000219345093,1.4579999446868896,1.4579999446868896,30969000,0.0,0.0,-5.817384347269041,33.84196064385085
2011-02-23,TSLA,Tesla,1.4786670207977295,1.5,1.4073330163955688,1.4553329944610596,1.4553329944610596,24084000,0.0,0.0,-0.18308590377508294,0.03352044816113893
2011-02-24,TSLA,Tesla,1.4520000219345093,1.5053329467773438,1.4333330392837524,1.5019999742507937,1.5019999742507937,15829500,0.0,0.0,3.156279958760947,9.962103178076006
2011-02-25,TSLA,Tesla,1.5206669569015503,1.590000033378601,1.512666940689087,1.5740000009536743,1.5740000009536743,20194500,0.0,0.0,4.682261440244068,21.923572194796456
2011-02-28,TSLA,Tesla,1.5826669931411743,1.6066670417785645,1.5666669607162476,1.5926669836044312,1.5926669836044312,15768000,0.0,0.0,1.1789808632562464,1.389995875924444
2011-03-01,TSLA,Tesla,1.6033329963684082,1.6213330030441284,1.5800000429153442,1.5959999561309814,1.5959999561309814,16596000,0.0,0.0,0.20905123070968593,0.04370241706123433
2011-03-02,TSLA,Tesla,1.5880000591278076,1.6186670064926147,1.5820000171661377,1.6013330221176147,1.6013330221176147,9949500,0.0,0.0,0.33359496609780004,0.11128560140579236
2011-03-03,TSLA,Tesla,1.631999969482422,1.6526670455932615,1.6039999723434448,1.6239999532699585,1.6239999532699585,9603000,0.0,0.0,1.4055791763088825,1.9756528208731567
2011-03-04,TSLA,Tesla,1.631999969482422,1.6660000085830688,1.585332989692688,1.6633330583572388,1.6633330583572388,23701500,0.0,0.0,2.3931242814184817,5.727043826314724
2011-03-07,TSLA,Tesla,1.6619999408721924,1.6933330297470093,1.6466670036315918,1.6626670360565186,1.6626670360565186,30504000,0.0,0.0,-0.04004944622467248,0.0016039581429029325
2011-03-08,TSLA,Tesla,1.6399999856948853,1.6640000343322754,1.600000023841858,1.6440000534057615,1.6440000534057615,20998500,0.0,0.0,-1.129063219752378,1.2747837541976066
2011-03-09,TSLA,Tesla,1.6440000534057615,1.6660000085830688,1.618000030517578,1.6480000019073486,1.6480000019073486,13872000,0.0,0.0,0.2430103525407647,0.059054031441986746
2011-03-10,TSLA,Tesla,1.6293330192565918,1.6326669454574585,1.5820000171661377,1.6006669998168943,1.6006669998168943,15255000,0.0,0.0,-2.9142015381550976,8.492570604985538
2011-03-11,TSLA,Tesla,1.590000033378601,1.6166670322418213,1.5686670541763306,1.6046669483184814,1.6046669483184814,13962000,0.0,0.0,0.24958089501041386,0.062290623154199226
2011-03-14,TSLA,Tesla,1.5880000591278076,1.600000023841858,1.546666979789734,1.5499999523162842,1.5499999523162842,17490000,0.0,0.0,-3.4661326045737497,12.014075232489207
2011-03-15,TSLA,Tesla,1.4800000190734863,1.5306669473648071,1.453333020210266,1.5299999713897705,1.5299999713897705,19782000,0.0,0.0,-1.2987183462619665,1.686669342917417
2011-03-16,TSLA,Tesla,1.52400004863739,1.5499999523162842,1.512666940689087,1.5213329792022705,1.5213329792022705,17545500,0.0,0.0,-0.5680806149927315,0.32271558513052007
2011-03-17,TSLA,Tesla,1.5493329763412476,1.562000036239624,1.5093330144882202,1.5206669569015503,1.5206669569015503,13839000,0.0,0.0,-0.04378845005600627,0.0019174283583073555
2011-03-18,TSLA,Tesla,1.5460000038146973,1.5460000038146973,1.5006669759750366,1.5306669473648071,1.5306669473648071,10318500,0.0,0.0,0.6554527677710091,0.42961833077867645
2011-03-21,TSLA,Tesla,1.536666989326477,1.536666989326477,1.50266695022583,1.51533305644989,1.51533305644989,6175500,0.0,0.0,-1.0068299690991311,1.0137065866761574
2011-03-22,TSLA,Tesla,1.51533305644989,1.52400004863739,1.4666670560836792,1.4793330430984497,1.4793330430984497,8743500,0.0,0.0,-2.4043914391832057,5.781098192817487
2011-03-23,TSLA,Tesla,1.4739999771118164,1.48466694355011,1.4513330459594729,1.480666995048523,1.480666995048523,6342000,0.0,0.0,0.09013189345864045,0.008123758218439713
2011-03-24,TSLA,Tesla,1.47599995136261,1.4919999837875366,1.4653329849243164,1.4886670112609863,1.4886670112609863,6933000,0.0,0.0,0.5388437644491392,0.29035260248571937
2011-03-25,TSLA,Tesla,1.495332956314087,1.5333329439163208,1.4933329820632937,1.5166670083999634,1.5166670083999634,8520000,0.0,0.0,1.8634073385056467,3.4722869091966975
2011-03-28,TSLA,Tesla,1.5133329629898071,1.5693329572677612,1.5033329725265503,1.5499999523162842,1.5499999523162842,15871500,0.0,0.0,2.173973055408609,4.726158845642643
2011-03-29,TSLA,Tesla,1.553333044052124,1.600000023841858,1.547333002090454,1.5946669578552246,1.5946669578552246,11331000,0.0,0.0,2.84100104142575,8.071286917382196
2011-03-30,TSLA,Tesla,1.6073329448699951,1.6326669454574585,1.534000039100647,1.5806670188903809,1.5806670188903809,18349500,0.0,0.0,-0.8817988774266141,0.7775692602308368
2011-03-31,TSLA,Tesla,1.7699999809265137,1.9140000343322752,1.7666670083999634,1.850000023841858,1.850000023841858,172767000,0.0,0.0,15.733873017026559,247.55476011591642
2011-04-01,TSLA,Tesla,1.830000042915344,1.8786669969558716,1.7713329792022705,1.7773330211639404,1.7773330211639404,42972000,0.0,0.0,-4.007171396858026,16.057422603797104
2011-04-04,TSLA,Tesla,1.7886669635772705,1.7999999523162842,1.6820000410079956,1.722000002861023,1.722000002861023,39139500,0.0,0.0,-3.1627530342151267,10.00300675543699
2011-04-05,TSLA,Tesla,1.726667046546936,1.7999999523162842,1.7126669883728027,1.7799999713897705,1.7799999713897705,47713500,0.0,0.0,3.31269405638384,10.97394191120082
2011-04-06,TSLA,Tesla,1.7993329763412476,1.8006670475006104,1.7200000286102295,1.7660000324249268,1.7660000324249268,19324500,0.0,0.0,-0.7896227688402283,0.6235041170709086
2011-04-07,TSLA,Tesla,1.7899999618530271,1.8626669645309448,1.7633329629898071,1.815999984741211,1.815999984741211,42154500,0.0,0.0,2.7919151234255866,7.794790056412508
2011-04-08,TSLA,Tesla,1.838667035102844,1.840000033378601,1.7573330402374268,1.7660000324249268,1.7660000324249268,29196000,0.0,0.0,-2.7919151234255835,7.794790056412491
2011-04-11,TSLA,Tesla,1.76466703414917,1.7686669826507568,1.6679999828338623,1.6846669912338257,1.6846669912338257,20541000,0.0,0.0,-4.71492075849825,22.230477758917715
2011-04-12,TSLA,Tesla,1.6720000505447388,1.6806670427322388,1.6200000047683716,1.6433329582214355,1.6433329582214355,20361000,0.0,0.0,-2.484144183380142,6.170972323821392
2011-04-13,TSLA,Tesla,1.675333023071289,1.7126669883728027,1.6540000438690186,1.6619999408721924,1.6619999408721924,18172500,0.0,0.0,1.1295189733312698,1.275813111115326
2011-04-14,TSLA,Tesla,1.6579999923706057,1.685333013534546,1.613332986831665,1.6759999990463257,1.6759999990463257,14751000,0.0,0.0,0.8388340633915661,0.7036425859060059
2011-04-15,TSLA,Tesla,1.7100000381469729,1.745332956314087,1.694000005722046,1.7053329944610596,1.7053329944610596,14152500,0.0,0.0,1.7350394844375912,3.010362012557462
2011-04-18,TSLA,Tesla,1.675333023071289,1.7079999446868896,1.6239999532699585,1.668666958808899,1.668666958808899,15508500,0.0,0.0,-2.173531691854271,4.724240015494889
2011-04-19,TSLA,Tesla,1.684000015258789,1.684000015258789,1.6433329582214355,1.6773329973220823,1.6773329973220823,8230500,0.0,0.0,0.5179950988630513,0.26831892244614225
2011-04-20,TSLA,Tesla,1.713333010673523,1.7393330335617063,1.6866669654846191,1.7166670560836792,1.7166670560836792,12558000,0.0,0.0,2.3179622447034136,5.372948967870488
2011-04-21,TSLA,Tesla,1.7233330011367798,1.7986669540405271,1.7059999704360962,1.78266704082489,1.78266704082489,20791500,0.0,0.0,3.7725927606005816,14.232456137335918
2011-04-25,TSLA,Tesla,1.7799999713897705,1.781999945640564,1.7313330173492432,1.7593330144882202,1.7593330144882202,12013500,0.0,0.0,-1.317581227601467,1.7360202913277885
2011-04-26,TSLA,Tesla,1.7773330211639404,1.8166669607162476,1.753999948501587,1.7953330278396606,1.7953330278396606,21000000,0.0,0.0,2.0255767379058605,4.102961121145347
2011-04-27,TSLA,Tesla,1.7953330278396606,1.8240000009536743,1.775333046913147,1.8053330183029177,1.8053330183029177,14953500,0.0,0.0,0.5554536880567187,0.30852879957581053
2011-04-28,TSLA,Tesla,1.8046669960021973,1.8459999561309817,1.7813329696655271,1.843999981880188,1.843999981880188,24000000,0.0,0.0,2.11920428660518,4.49102680836577
2011-04-29,TSLA,Tesla,1.8459999561309817,1.8580000400543213,1.8279999494552612,1.840000033378601,1.840000033378601,10890000,0.0,0.0,-0.21715255466015718,0.04715523199543255
2011-05-02,TSLA,Tesla,1.840000033378601,1.853332996368408,1.8040000200271609,1.830000042915344,1.830000042915344,11769000,0.0,0.0,-0.5449599457101236,0.29698134242838087
2011-05-03,TSLA,Tesla,1.8253329992294312,1.825999975204468,1.7666670083999634,1.7913329601287842,1.7913329601287842,13708500,0.0,0.0,-2.1355977118143055,4.5607775867064975
2011-05-04,TSLA,Tesla,1.7853330373764038,1.7999999523162842,1.7166670560836792,1.779332995414734,1.779332995414734,15667500,0.0,0.0,-0.6721440785027364,0.4517776622662927
2011-05-05,TSLA,Tesla,1.8133330345153809,1.829332947731018,1.7446670532226562,1.762666940689087,1.762666940689087,18277500,0.0,0.0,-0.9410603060890097,0.8855944996963406
2011-05-06,TSLA,Tesla,1.7933330535888672,1.8466670513153076,1.7746670246124268,1.8079999685287476,1.8079999685287476,14725500,0.0,0.0,2.539327522304199,6.448184265531583
2011-05-09,TSLA,Tesla,1.7999999523162842,1.8666670322418213,1.7899999618530271,1.8606669902801511,1.8606669902801511,13746000,0.0,0.0,2.8713775806093413,8.244809210425954
2011-05-10,TSLA,Tesla,1.8826669454574585,1.9299999475479128,1.8606669902801511,1.8886669874191284,1.8886669874191284,23029500,0.0,0.0,1.4936262200895802,2.230919285339087
2011-05-11,TSLA,Tesla,1.8799999952316284,1.886667013168335,1.7946670055389404,1.8046669960021973,1.8046669960021973,14437500,0.0,0.0,-4.5495197555265765,20.6981300059266
2011-05-12,TSLA,Tesla,1.8046669960021973,1.8493330478668213,1.7766669988632202,1.8446669578552248,1.8446669578552248,9420000,0.0,0.0,2.192266553586621,4.806032641974562
2011-05-13,TSLA,Tesla,1.8666670322418213,1.879333019256592,1.8200000524520872,1.8366669416427612,1.8366669416427612,9922500,0.0,0.0,-0.4346266339453807,0.18890031093469195
2011-05-16,TSLA,Tesla,1.866000056266785,1.866000056266785,1.7699999809265137,1.773332953453064,1.773332953453064,11335500,0.0,0.0,-3.509168374423086,12.314262680051165
2011-05-17,TSLA,Tesla,1.7999999523162842,1.7999999523162842,1.7146669626235962,1.730666995048523,1.730666995048523,18513000,0.0,0.0,-2.435391999057894,5.9311341890752045
2011-05-18,TSLA,Tesla,1.7400000095367432,1.76466703414917,1.7013330459594729,1.7566670179367063,1.7566670179367063,10942500,0.0,0.0,1.491139337246629,2.2234965230843162
2011-05-19,TSLA,Tesla,1.8020000457763672,1.8960000276565552,1.773332953453064,1.8799999952316284,1.8799999952316284,39826500,0.0,0.0,6.785350045637934,46.04097524183871
2011-05-20,TSLA,Tesla,1.883999943733215,1.885332942008972,1.8233330249786377,1.864667057991028,1.864667057991028,12637500,0.0,0.0,-0.8189258330949869,0.6706395201103184
2011-05-23,TSLA,Tesla,1.841333031654358,1.841333031654358,1.7746670246124268,1.787999987602234,1.787999987602234,12954000,0.0,0.0,-4.198484615709132,17.62727306834626
2011-05-24,TSLA,Tesla,1.801332950592041,1.8333330154418943,1.773332953453064,1.7813329696655271,1.7813329696655271,9205500,0.0,0.0,-0.37357264060661455,0.1395565178097988
2011-05-25,TSLA,Tesla,1.7933330535888672,1.934000015258789,1.7446670532226562,1.9320000410079956,1.9320000410079956,70396500,0.0,0.0,8.119381360461396,65.92435367660796
2011-05-26,TSLA,Tesla,1.9213329553604128,1.9839999675750732,1.873332977294922,1.9653329849243164,1.9653329849243164,50053500,0.0,0.0,1.710593192559811,2.926129070431967
2011-05-27,TSLA,Tesla,1.9693330526351929,1.9780000448226929,1.9213329553604128,1.9700000286102295,1.9700000286102295,25306500,0.0,0.0,0.2371868331261441,0.056257593808409334
2011-05-31,TSLA,Tesla,1.9793330430984497,2.018666982650757,1.9700000286102295,2.0093328952789307,2.0093328952789307,49357500,0.0,0.0,1.976921681343718,3.908219334166873
2011-06-01,TSLA,Tesla,2.0,2.006666898727417,1.8919999599456787,1.901332974433899,1.901332974433899,22948500,0.0,0.0,-5.524756840440069,30.52293814598933
2011-06-02,TSLA,Tesla,1.901332974433899,1.9546669721603391,1.9006669521331787,1.9173330068588257,1.9173330068588257,14794500,0.0,0.0,0.8379955793429259,0.7022365909982861
2011-06-03,TSLA,Tesla,1.9966670274734497,2.0999999046325684,1.9666670560836792,2.0086669921875,2.0086669921875,93138000,0.0,0.0,4.653615262282952,21.65613500935283
2011-06-06,TSLA,Tesla,2.006666898727417,2.0086669921875,1.883999943733215,1.9133330583572388,1.9133330583572388,34966500,0.0,0.0,-4.862453615052515,23.64345515853727
2011-06-07,TSLA,Tesla,1.929332971572876,1.9593329429626465,1.883999943733215,1.891332983970642,1.891332983970642,18331500,0.0,0.0,-1.1564914946765779,1.337472577259265
2011-06-08,TSLA,Tesla,1.8960000276565552,1.9066669940948489,1.801332950592041,1.8079999685287476,1.8079999685287476,25438500,0.0,0.0,-4.506061843754188,20.304593339737394
2011-06-09,TSLA,Tesla,1.8286670446395872,1.873332977294922,1.8066669702529907,1.841333031654358,1.841333031654358,24048000,0.0,0.0,1.8268538478361973,3.33739498135392
2011-06-10,TSLA,Tesla,1.834666967391968,1.886667013168335,1.8233330249786377,1.8573329448699951,1.8573329448699951,23499000,0.0,0.0,0.8651775056632064,0.7485321163056076
2011-06-13,TSLA,Tesla,1.8713330030441284,1.925333023071289,1.858667016029358,1.8953330516815183,1.8953330516815183,25701000,0.0,0.0,2.025301785958835,4.101847324208047
2011-06-14,TSLA,Tesla,1.9026670455932615,1.9800000190734863,1.901332974433899,1.9066669940948489,1.9066669940948489,23601000,0.0,0.0,0.5962112493749033,0.3554678538811832
2011-06-15,TSLA,Tesla,1.8960000276565552,1.896667003631592,1.8046669960021973,1.821333050727844,1.821333050727844,20175000,0.0,0.0,-4.578801001535054,20.965418611658414
2011-06-16,TSLA,Tesla,1.8446669578552248,1.8666670322418213,1.715999960899353,1.7666670083999634,1.7666670083999634,27633000,0.0,0.0,-3.04739531124098,9.286618182973509
2011-06-17,TSLA,Tesla,1.7913329601287842,1.8466670513153076,1.7426669597625732,1.7666670083999634,1.7666670083999634,25710000,0.0,0.0,0.0,0.0
2011-06-20,TSLA,Tesla,1.75266695022583,1.7640000581741333,1.7000000476837158,1.7339999675750732,1.7339999675750732,23067000,0.0,0.0,-1.866386566503577,3.4833988156250113
2011-06-21,TSLA,Tesla,1.7493330240249634,1.848667025566101,1.7333329916000366,1.835332989692688,1.835332989692688,22440000,0.0,0.0,5.679507115734035,32.256801077673536
2011-06-22,TSLA,Tesla,1.824666976928711,1.8833329677581787,1.8066669702529907,1.8140000104904177,1.8140000104904177,22134000,0.0,0.0,-1.1691573340218322,1.366928871697038
2011-06-23,TSLA,Tesla,1.8133330345153809,1.8480000495910645,1.74733304977417,1.8473329544067385,1.8473329544067385,17550000,0.0,0.0,1.8208595175824283,3.3155293827705132
2011-06-24,TSLA,Tesla,1.8426669836044312,1.864667057991028,1.817332983016968,1.8380000591278076,1.8380000591278076,54127500,0.0,0.0,-0.5064896548660051,0.2565317704862849
2011-06-27,TSLA,Tesla,1.848667025566101,1.885332942008972,1.820667028427124,1.8306670188903809,1.8306670188903809,27141000,0.0,0.0,-0.39976644636602304,0.15981321164011839
2011-06-28,TSLA,Tesla,1.852666974067688,1.8833329677581787,1.8446669578552248,1.8739999532699585,1.8739999532699585,13338000,0.0,0.0,2.339476724076259,5.4731513424945835
2011-06-29,TSLA,Tesla,1.899999976158142,1.9393329620361328,1.8713330030441284,1.8860000371932983,1.8860000371932983,21927000,0.0,0.0,0.6383045051754355,0.40743264132725754
2011-06-30,TSLA,Tesla,1.899999976158142,1.9553329944610596,1.8933329582214355,1.9420000314712524,1.9420000314712524,14200500,0.0,0.0,2.926018214272497,8.561582590254412
2011-07-01,TSLA,Tesla,1.937999963760376,1.97333300113678,1.919999957084656,1.9346669912338257,1.9346669912338257,12823500,0.0,0.0,-0.3783171957037869,0.1431239005651774
2011-07-05,TSLA,Tesla,1.9346669912338257,1.968000054359436,1.9140000343322752,1.942667007446289,1.942667007446289,14940000,0.0,0.0,0.41265609656240143,0.17028505403011798
2011-07-06,TSLA,Tesla,1.942667007446289,1.942667007446289,1.9033329486846924,1.9306670427322388,1.9306670427322388,13903500,0.0,0.0,-0.6196213882676248,0.38393066479869864
2011-07-07,TSLA,Tesla,1.942667007446289,2.0,1.934000015258789,1.98199999332428,1.98199999332428,19918500,0.0,0.0,2.624087133899134,6.885833286294971
2011-07-08,TSLA,Tesla,1.9926669597625732,1.9926669597625732,1.906000018119812,1.920667052268982,1.920667052268982,18609000,0.0,0.0,-3.143388378058664,9.880890495314278
2011-07-11,TSLA,Tesla,1.8933329582214355,1.9019999504089355,1.8666670322418213,1.8899999856948853,1.8899999856948853,14637000,0.0,0.0,-1.6095727256328887,2.5907243591012863
2011-07-12,TSLA,Tesla,1.891332983970642,1.9393329620361328,1.8666670322418213,1.878000020980835,1.878000020980835,15681000,0.0,0.0,-0.6369429544732547,0.40569632725311855
2011-07-13,TSLA,Tesla,1.8953330516815183,1.935333013534546,1.8600000143051147,1.9093329906463623,1.9093329906463623,15990000,0.0,0.0,1.6546569552335977,2.73788963950292
2011-07-14,TSLA,Tesla,1.9019999504089355,1.9306670427322388,1.8166669607162476,1.8406670093536377,1.8406670093536377,17385000,0.0,0.0,-3.662595049501089,13.414602496629884
2011-07-15,TSLA,Tesla,1.852666974067688,1.8553329706192017,1.8266669511795044,1.838667035102844,1.838667035102844,10635000,0.0,0.0,-0.10871393701167463,0.01181872010057836
2011-07-18,TSLA,Tesla,1.8226670026779177,1.830000042915344,1.775333046913147,1.8153330087661743,1.8153330087661743,12778500,0.0,0.0,-1.2771944853785828,1.631225753481463
2011-07-19,TSLA,Tesla,1.838667035102844,1.8739999532699585,1.8359999656677248,1.859333038330078,1.859333038330078,15391500,0.0,0.0,2.394891508500922,5.735505337489823
2011-07-20,TSLA,Tesla,1.8666670322418213,2.029333114624023,1.853332996368408,1.9126670360565183,1.9126670360565183,45724500,0.0,0.0,2.828078014282834,7.998025254869938
2011-07-21,TSLA,Tesla,1.9273329973220823,1.944000005722046,1.873332977294922,1.9133330583572388,1.9133330583572388,15172500,0.0,0.0,0.03481559283912584,0.0012121255047397902
2011-07-22,TSLA,Tesla,1.9133330583572388,1.9693330526351929,1.9033329486846924,1.952666997909546,1.952666997909546,8752500,0.0,0.0,2.0349351425953652,4.140961034569619
2011-07-25,TSLA,Tesla,1.934000015258789,1.950000047683716,1.8960000276565552,1.8993330001831057,1.8993330001831057,10099500,0.0,0.0,-2.7693357369758567,7.669220424091611
2011-07-26,TSLA,Tesla,1.8873330354690552,1.9179999828338623,1.864667057991028,1.8666670322418213,1.8666670322418213,11409000,0.0,0.0,-1.7348267087013707,3.0096237092236304
2011-07-27,TSLA,Tesla,1.899999976158142,1.899999976158142,1.8339999914169312,1.8426669836044312,1.8426669836044312,14377500,0.0,0.0,-1.2940535120052876,1.674574491933219
2011-07-28,TSLA,Tesla,1.840000033378601,1.9033329486846924,1.8359999656677248,1.878000020980835,1.878000020980835,14080500,0.0,0.0,1.899342216121996,3.6075008539432147
2011-07-29,TSLA,Tesla,1.853332996368408,1.8933329582214355,1.8333330154418943,1.878000020980835,1.878000020980835,14223000,0.0,0.0,0.0,0.0
2011-08-01,TSLA,Tesla,1.911332964897156,1.9320000410079956,1.880666971206665,1.9179999828338623,1.9179999828338623,17473500,0.0,0.0,2.1075575553252124,4.441798849008386
2011-08-02,TSLA,Tesla,1.9126670360565183,1.946666955947876,1.8179999589920044,1.8226670026779177,1.8226670026779177,23241000,0.0,0.0,-5.0982152966195855,25.99179921068593
2011-08-03,TSLA,Tesla,1.8333330154418943,1.8553329706192017,1.75600004196167,1.8133330345153809,1.8133330345153809,26917500,0.0,0.0,-0.5134207134614945,0.2636008290113101
2011-08-04,TSLA,Tesla,1.7673330307006836,1.792667031288147,1.6446670293807983,1.649999976158142,1.649999976158142,45967500,0.0,0.0,-9.439133394753775,89.09723924395591
2011-08-05,TSLA,Tesla,1.6660000085830688,1.6920000314712524,1.5219999551773071,1.616000056266785,1.616000056266785,29466000,0.0,0.0,-2.0821278545420263,4.335256402659781
2011-08-08,TSLA,Tesla,1.5399999618530271,1.6293330192565918,1.5399999618530271,1.5759999752044678,1.5759999752044678,39127500,0.0,0.0,-2.5064019214976527,6.282050592087126
2011-08-09,TSLA,Tesla,1.6100000143051147,1.696666955947876,1.5800000429153442,1.670667052268982,1.670667052268982,20001000,0.0,0.0,5.833300347065521,34.02739293907472
2011-08-10,TSLA,Tesla,1.6959999799728394,1.6959999799728394,1.5753329992294312,1.5880000591278076,1.5880000591278076,23463000,0.0,0.0,-5.074757911405781,25.753167859375566
2011-08-11,TSLA,Tesla,1.602666974067688,1.7166670560836792,1.600000023841858,1.6866669654846191,1.6866669654846191,12547500,0.0,0.0,6.027897173696364,36.33554433665662
2011-08-12,TSLA,Tesla,1.7066669464111328,1.8093329668045044,1.6906670331954956,1.753999948501587,1.753999948501587,15136500,0.0,0.0,3.9144492793393395,15.322913160520274
2011-08-15,TSLA,Tesla,1.7746670246124268,1.7833329439163208,1.7286670207977295,1.7486670017242432,1.7486670017242432,11079000,0.0,0.0,-0.3045080205423306,0.09272513457460844
2011-08-16,TSLA,Tesla,1.7419999837875366,1.769333004951477,1.722000002861023,1.7400000095367432,1.7400000095367432,8065500,0.0,0.0,-0.49686656766883147,0.2468763860670055
2011-08-17,TSLA,Tesla,1.7593330144882202,1.7766669988632202,1.7006670236587524,1.722000002861023,1.722000002861023,9655500,0.0,0.0,-1.039871104033194,1.081331913003214
2011-08-18,TSLA,Tesla,1.6666669845581057,1.6766669750213623,1.564666986465454,1.6173330545425415,1.6173330545425415,15849000,0.0,0.0,-6.27078776301427,39.32277916876951
2011-08-19,TSLA,Tesla,1.5906670093536377,1.6146670579910278,1.4666670560836792,1.4866670370101929,1.4866670370101929,20629500,0.0,0.0,-8.424180356302273,70.96681467550908
2011-08-22,TSLA,Tesla,1.5406670570373535,1.5866669416427612,1.4453330039978027,1.463333010673523,1.463333010673523,14791500,0.0,0.0,-1.5820008551334717,2.5027267056430356
2011-08-23,TSLA,Tesla,1.462000012397766,1.5406670570373535,1.4333330392837524,1.5306669473648071,1.5306669473648071,13035000,0.0,0.0,4.498683580957776,20.238153961579076
2011-08-24,TSLA,Tesla,1.5399999618530271,1.5953329801559448,1.5219999551773071,1.591333031654358,1.591333031654358,10264500,0.0,0.0,3.8868495940209447,15.107599766540782
2011-08-25,TSLA,Tesla,1.591333031654358,1.591333031654358,1.5266669988632202,1.5406670570373535,1.5406670570373535,10197000,0.0,0.0,-3.235657311046093,10.469478234526033
2011-08-26,TSLA,Tesla,1.5140000581741333,1.5966670513153076,1.4713330268859863,1.5820000171661377,1.5820000171661377,11427000,0.0,0.0,2.6474403634551935,7.008940478051767
2011-08-29,TSLA,Tesla,1.6146670579910278,1.6566669940948486,1.6013330221176147,1.647333025932312,1.647333025932312,12051000,0.0,0.0,4.046775209668685,16.376389597589032
2011-08-30,TSLA,Tesla,1.6333329677581787,1.651332974433899,1.6059999465942385,1.6419999599456787,1.6419999599456787,5493000,0.0,0.0,-0.3242645656439889,0.1051475085322848
2011-08-31,TSLA,Tesla,1.6533329486846924,1.7000000476837158,1.6186670064926147,1.6493330001831057,1.6493330001831057,12357000,0.0,0.0,0.4455977234652143,0.1985573311573816
2011-09-01,TSLA,Tesla,1.6440000534057615,1.6579999923706057,1.5893330574035645,1.600000023841858,1.600000023841858,12721500,0.0,0.0,-3.03673197243734,9.221741072423178
2011-09-02,TSLA,Tesla,1.5773329734802246,1.5993330478668213,1.5119999647140503,1.537999987602234,1.537999987602234,11548500,0.0,0.0,-3.9520781124410576,15.618921406835673
2011-09-06,TSLA,Tesla,1.5,1.546666979789734,1.4859999418258667,1.529332995414734,1.529332995414734,12147000,0.0,0.0,-0.565117338160353,0.3193576058894428
2011-09-07,TSLA,Tesla,1.5593329668045044,1.600000023841858,1.5520000457763672,1.5893330574035645,1.5893330574035645,6888000,0.0,0.0,3.8482777840512314,14.809241903222256
2011-09-08,TSLA,Tesla,1.5720000267028809,1.6019999980926514,1.5520000457763672,1.5740000009536743,1.5740000009536743,7585500,0.0,0.0,-0.9694316880291108,0.9397977977549713
2011-09-09,TSLA,Tesla,1.5579999685287476,1.5713330507278442,1.5033329725265503,1.5313329696655271,1.5313329696655271,10039500,0.0,0.0,-2.7481572486753594,7.552368263446921
2011-09-12,TSLA,Tesla,1.5,1.5540000200271606,1.4966670274734497,1.525333046913147,1.525333046913147,8499000,0.0,0.0,-0.3925800480452531,0.15411909412321323
2011-09-13,TSLA,Tesla,1.534000039100647,1.6066670417785645,1.5166670083999634,1.6053329706192017,1.6053329706192017,10897500,0.0,0.0,5.1118415761298674,26.130924299449887
2011-09-14,TSLA,Tesla,1.6166670322418213,1.656000018119812,1.5859999656677246,1.6226669549942017,1.6226669549942017,12462000,0.0,0.0,1.0739870749429146,1.1534482371444377
2011-09-15,TSLA,Tesla,1.6386669874191284,1.6619999408721924,1.621999979019165,1.6546670198440552,1.6546670198440552,8439000,0.0,0.0,1.9528727972827158,3.8137121623668193
2011-09-16,TSLA,Tesla,1.6519999504089355,1.7226669788360596,1.6326669454574585,1.7200000286102295,1.7200000286102295,21256500,0.0,0.0,3.8724515341763235,14.995880884544562
2011-09-19,TSLA,Tesla,1.6633330583572388,1.720667004585266,1.5880000591278076,1.718000054359436,1.718000054359436,17361000,0.0,0.0,-0.11634522560374864,0.01353621152078717
2011-09-20,TSLA,Tesla,1.7319999933242798,1.773332953453064,1.7113330364227295,1.7339999675750732,1.7339999675750732,17706000,0.0,0.0,0.9270004455675153,0.8593298260823719
2011-09-21,TSLA,Tesla,1.7300000190734863,1.796666979789734,1.713333010673523,1.7233330011367798,1.7233330011367798,14814000,0.0,0.0,-0.6170652570601609,0.38076953147072246
2011-09-22,TSLA,Tesla,1.7093329429626465,1.7406669855117798,1.658666968345642,1.7086670398712158,1.7086670398712158,11637000,0.0,0.0,-0.8546649395924868,0.7304521589686291
2011-09-23,TSLA,Tesla,1.6993329524993896,1.7746670246124268,1.690000057220459,1.7586669921875,1.7586669921875,17346000,0.0,0.0,2.884257358985698,8.318940512863152
2011-09-26,TSLA,Tesla,1.7680000066757202,1.7680000066757202,1.659999966621399,1.7013330459594729,1.7013330459594729,14022000,0.0,0.0,-3.314404281878727,10.985275743736041
2011-09-27,TSLA,Tesla,1.7333329916000366,1.7993329763412476,1.7046669721603394,1.746000051498413,1.746000051498413,10117500,0.0,0.0,2.5915398449095286,6.716078767753704
2011-09-28,TSLA,Tesla,1.7333329916000366,1.7666670083999634,1.633999943733215,1.6393330097198486,1.6393330097198486,10849500,0.0,0.0,-6.303802919216209,39.7379312443188
2011-09-29,TSLA,Tesla,1.7146669626235962,1.7213330268859863,1.5700000524520874,1.6080000400543213,1.6080000400543213,13944000,0.0,0.0,-1.929826205415188,3.7242291831071834
2011-09-30,TSLA,Tesla,1.6533329486846924,1.6593329906463623,1.565999984741211,1.6260000467300415,1.6260000467300415,20041500,0.0,0.0,1.1131844198703216,1.2391795526420244
2011-10-03,TSLA,Tesla,1.6633330583572388,1.6666669845581057,1.5499999523162842,1.5820000171661377,1.5820000171661377,15348000,0.0,0.0,-2.7433159668510543,7.525782493979935
2011-10-04,TSLA,Tesla,1.5526670217514038,1.6213330030441284,1.5286669731140137,1.5773329734802246,1.5773329734802246,18004500,0.0,0.0,-0.2954450888545051,0.08728780052824642
2011-10-05,TSLA,Tesla,1.6019999980926514,1.7226669788360596,1.5566669702529907,1.6913330554962158,1.6913330554962158,18442500,0.0,0.0,6.978157893008227,48.694687579753015
2011-10-06,TSLA,Tesla,1.6913330554962158,1.840000033378601,1.6679999828338623,1.797333002090454,1.797333002090454,26536500,0.0,0.0,6.078689240711691,36.95046288514408
2011-10-07,TSLA,Tesla,1.7986669540405271,1.840000033378601,1.7366670370101929,1.7993329763412476,1.7993329763412476,19674000,0.0,0.0,0.11121268802394854,0.012368261977512108
2011-10-10,TSLA,Tesla,1.820667028427124,1.8786669969558716,1.7999999523162842,1.858667016029358,1.858667016029358,13852500,0.0,0.0,3.2443545228975967,10.525836270246092
2011-10-11,TSLA,Tesla,1.8339999914169312,1.8513330221176147,1.805999994277954,1.8406670093536377,1.8406670093536377,8635500,0.0,0.0,-0.9731561738940773,0.9470329387881595
2011-10-12,TSLA,Tesla,1.8166669607162476,1.8666670322418213,1.8133330345153809,1.853332996368408,1.853332996368408,16851000,0.0,0.0,0.6857626763457819,0.47027044826892966
2011-10-13,TSLA,Tesla,1.8420000076293943,1.8980000019073489,1.829332947731018,1.8626669645309448,1.8626669645309448,15652500,0.0,0.0,0.5023674860654599,0.25237309105573
2011-10-14,TSLA,Tesla,1.8666670322418213,1.9033329486846924,1.817332983016968,1.8700000047683716,1.8700000047683716,21007500,0.0,0.0,0.39291207770144004,0.15437990080366246
2011-10-17,TSLA,Tesla,1.8573329448699951,1.8666670322418213,1.817332983016968,1.8279999494552612,1.8279999494552612,11317500,0.0,0.0,-2.2715988034763415,5.160161123955146
2011-10-18,TSLA,Tesla,1.8200000524520872,1.8953330516815183,1.7806669473648071,1.8893330097198489,1.8893330097198489,14995500,0.0,0.0,3.300141649416287,10.89093490621205
2011-10-19,TSLA,Tesla,1.868000030517578,1.870666980743408,1.8200000524520872,1.8380000591278076,1.8380000591278076,11893500,0.0,0.0,-2.754580577268613,7.587714156665486
2011-10-20,TSLA,Tesla,1.829332947731018,1.831333041191101,1.7999999523162842,1.8226670026779177,1.8226670026779177,14995500,0.0,0.0,-0.837724155810893,0.7017817612290733
2011-10-21,TSLA,Tesla,1.8266669511795044,1.886667013168335,1.8006670475006104,1.8686670064926147,1.8686670064926147,17139000,0.0,0.0,2.4924531384209976,6.21232264722468
2011-10-24,TSLA,Tesla,1.8580000400543213,1.9259999990463257,1.850000023841858,1.9033329486846924,1.9033329486846924,14109000,0.0,0.0,1.8381186978442265,3.378680347364555
2011-10-25,TSLA,Tesla,1.881999969482422,1.924000024795532,1.853332996368408,1.8833329677581787,1.8833329677581787,9816000,0.0,0.0,-1.0563470528163674,1.1158690959938253
2011-10-26,TSLA,Tesla,1.879333019256592,1.891332983970642,1.8266669511795044,1.8653329610824585,1.8653329610824585,7657500,0.0,0.0,-0.9603493807070623,0.9222709330244382
2011-10-27,TSLA,Tesla,1.8893330097198489,1.9299999475479128,1.8739999532699585,1.9173330068588257,1.9173330068588257,13041000,0.0,0.0,2.7495592902872996,7.560076290805199
2011-10-28,TSLA,Tesla,1.899999976158142,2.0,1.8673330545425415,1.9913330078125,1.9913330078125,18960000,0.0,0.0,3.78691061816918,14.340692030002481
2011-10-31,TSLA,Tesla,1.9666670560836792,1.96733295917511,1.9166669845581057,1.9579999446868896,1.9579999446868896,17010000,0.0,0.0,-1.6880751798496325,2.8495978128243693
2011-11-01,TSLA,Tesla,1.8926670551300049,1.9279999732971191,1.8666670322418213,1.925333023071289,1.925333023071289,9528000,0.0,0.0,-1.682456408329852,2.830659565930186
2011-11-02,TSLA,Tesla,1.9333330392837524,1.9506670236587524,1.8833329677581787,1.9140000343322752,1.9140000343322752,13129500,0.0,0.0,-0.5903640807008568,0.3485297477817677
2011-11-03,TSLA,Tesla,2.0,2.1659998893737793,1.9686670303344729,2.1640000343322754,2.1640000343322754,37645500,0.0,0.0,12.27630658812167,150.70770344555953
2011-11-04,TSLA,Tesla,2.0973329544067383,2.1600000858306885,2.0339999198913574,2.1540000438690186,2.1540000438690186,45493500,0.0,0.0,-0.4631777748926474,0.21453365115450393
2011-11-07,TSLA,Tesla,2.109333038330078,2.1333329677581787,2.049999952316284,2.084666967391968,2.084666967391968,18994500,0.0,0.0,-3.271748447715001,10.70433790512552
2011-11-08,TSLA,Tesla,2.0913329124450684,2.1333329677581787,2.0480000972747803,2.122667074203491,2.122667074203491,17518500,0.0,0.0,1.8064237243454038,3.263166671877919
2011-11-09,TSLA,Tesla,2.058000087738037,2.0993330478668213,2.0199999809265137,2.058666944503784,2.058666944503784,14305500,0.0,0.0,-3.061469285270855,9.37259418465684
2011-11-10,TSLA,Tesla,2.062666893005371,2.0999999046325684,2.043333053588867,2.0886669158935547,2.0886669158935547,11209500,0.0,0.0,1.4467364171225465,2.093046260628583
2011-11-11,TSLA,Tesla,2.126667022705078,2.299999952316284,2.038000106811523,2.2426669597625732,2.2426669597625732,58024500,0.0,0.0,7.113974150800982,50.608628218264556
2011-11-14,TSLA,Tesla,2.200000047683716,2.236000061035156,2.1746668815612793,2.2146670818328857,2.2146670818328857,19885500,0.0,0.0,-1.256367414824019,1.5784590810315884
2011-11-15,TSLA,Tesla,2.194667100906372,2.293333053588867,2.181999921798706,2.26200008392334,2.26200008392334,13365000,0.0,0.0,2.114732425022499,4.47209322944154
2011-11-16,TSLA,Tesla,2.2320001125335693,2.3333330154418945,2.2266669273376465,2.3293330669403076,2.3293330669403076,27498000,0.0,0.0,2.933257444388481,8.603999235060442
2011-11-17,TSLA,Tesla,2.299999952316284,2.326667070388794,2.2126669883728027,2.245332956314087,2.245332956314087,20239500,0.0,0.0,-3.6728168879671284,13.489583892536542
2011-11-18,TSLA,Tesla,2.2426669597625732,2.2739999294281006,2.169332981109619,2.173332929611206,2.173332929611206,13542000,0.0,0.0,-3.2591918850809996,10.62233174377784
2011-11-21,TSLA,Tesla,2.1626670360565186,2.1626670360565186,2.069999933242798,2.117332935333252,2.117332935333252,15474000,0.0,0.0,-2.6104654204342976,6.814529711283214
2011-11-22,TSLA,Tesla,2.117332935333252,2.186000108718872,2.069999933242798,2.138000011444092,2.138000011444092,10989000,0.0,0.0,0.9713570651185865,0.943534547955794
2011-11-23,TSLA,Tesla,2.117332935333252,2.136667013168335,2.0833330154418945,2.0966670513153076,2.0966670513153076,6777000,0.0,0.0,-1.9521852454118396,3.8110272324036845
2011-11-25,TSLA,Tesla,2.103332996368408,2.1606669425964355,2.072000026702881,2.1106669902801514,2.1106669902801514,3594000,0.0,0.0,0.6655041172076613,0.44289573002034865
2011-11-28,TSLA,Tesla,2.1333329677581787,2.2186670303344727,2.120666980743408,2.1706669330596924,2.1706669330596924,10218000,0.0,0.0,2.8030456082660935,7.857064682019834
2011-11-29,TSLA,Tesla,2.1659998893737793,2.204667091369629,2.1086668968200684,2.1166670322418213,2.1166670322418213,8866500,0.0,0.0,-2.5191765807034505,6.346250644764728
2011-11-30,TSLA,Tesla,2.1666669845581055,2.1953330039978027,2.1480000019073486,2.182667016983032,2.182667016983032,11404500,0.0,0.0,3.0704834390869764,9.427868549707386
2011-12-01,TSLA,Tesla,2.171333074569702,2.2660000324249268,2.131999969482422,2.173332929611206,2.173332929611206,15453000,0.0,0.0,-0.4285629831297203,0.18366623050904493
2011-12-02,TSLA,Tesla,2.188667058944702,2.246000051498413,2.1600000858306885,2.2200000286102295,2.2200000286102295,12042000,0.0,0.0,2.1245307262959043,4.513630806975403
2011-12-05,TSLA,Tesla,2.23533296585083,2.3333330154418945,2.2286670207977295,2.2946670055389404,2.2946670055389404,17401500,0.0,0.0,3.3080528587706963,10.943213716420976
2011-12-06,TSLA,Tesla,2.2799999713897705,2.3320000171661377,2.268666982650757,2.324666976928711,2.324666976928711,14277000,0.0,0.0,1.2989055691130316,1.6871556774728484
2011-12-07,TSLA,Tesla,2.308666944503784,2.325999975204468,2.25333309173584,2.279333114624023,2.279333114624023,10114500,0.0,0.0,-1.96938864547135,3.878491636911479
2011-12-08,TSLA,Tesla,2.055999994277954,2.109999895095825,1.9739999771118164,2.059333086013794,2.059333086013794,49587000,0.0,0.0,-10.150072086442465,103.02396335997851
2011-12-09,TSLA,Tesla,2.0360000133514404,2.074666976928711,2.018666982650757,2.069333076477051,2.069333076477051,18592500,0.0,0.0,0.48441843562857867,0.23466122077683943
2011-12-12,TSLA,Tesla,2.029333114624023,2.041332960128784,2.001332998275757,2.0273330211639404,2.0273330211639404,11380500,0.0,0.0,-2.0505223480911408,4.204641900021206
2011-12-13,TSLA,Tesla,2.038000106811523,2.062000036239624,1.9273329973220823,1.963333010673523,1.963333010673523,14911500,0.0,0.0,-3.207760195423772,10.289725471345157
2011-12-14,TSLA,Tesla,1.9666670560836792,1.9786670207977295,1.8666670322418213,1.9019999504089355,1.9019999504089355,17458500,0.0,0.0,-3.1737606602431216,10.072756728506855
2011-12-15,TSLA,Tesla,1.911332964897156,1.9446669816970823,1.874667048454285,1.9079999923706057,1.9079999923706057,10504500,0.0,0.0,0.3149630977377133,0.09920175293653634
2011-12-16,TSLA,Tesla,1.9193329811096191,1.928666949272156,1.8653329610824585,1.8666670322418213,1.8666670322418213,15445500,0.0,0.0,-2.190106411065295,4.796566091789306
2011-12-19,TSLA,Tesla,1.8726669549942017,1.899999976158142,1.824666976928711,1.850000023841858,1.850000023841858,14805000,0.0,0.0,-0.896885293908336,0.8044032304290424
2011-12-20,TSLA,Tesla,1.8700000047683716,1.896667003631592,1.8480000495910645,1.8600000143051147,1.8600000143051147,12649500,0.0,0.0,0.5390843438307659,0.2906119297634474
2011-12-21,TSLA,Tesla,1.8606669902801511,1.8713330030441284,1.73533296585083,1.8380000591278076,1.8380000591278076,25582500,0.0,0.0,-1.189843931289195,1.4157285808257267
2011-12-22,TSLA,Tesla,1.840000033378601,1.8700000047683716,1.8200000524520872,1.8513330221176147,1.8513330221176147,15141000,0.0,0.0,0.7227876009787061,0.5224219161285533
2011-12-23,TSLA,Tesla,1.8666670322418213,1.8666670322418213,1.834666967391968,1.8600000143051147,1.8600000143051147,8871000,0.0,0.0,0.46705633031048727,0.21814161568309898
2011-12-27,TSLA,Tesla,1.843999981880188,1.9179999828338623,1.8426669836044312,1.9046670198440552,1.9046670198440552,11662500,0.0,0.0,2.373070515182296,5.631463670027569
2011-12-28,TSLA,Tesla,1.932667016983032,1.9493329524993896,1.869333028793335,1.9006669521331787,1.9006669521331787,8628000,0.0,0.0,-0.2102348552662105,0.04419869436880448
2011-12-29,TSLA,Tesla,1.906000018119812,1.955999970436096,1.9033329486846924,1.915333032608032,1.915333032608032,7323000,0.0,0.0,0.7686662864402056,0.5908478599097763
2011-12-30,TSLA,Tesla,1.8993330001831057,1.9320000410079956,1.8833329677581787,1.9040000438690183,1.9040000438690183,5097000,0.0,0.0,-0.5934555469970536,0.3521894862615721
2012-01-03,TSLA,Tesla,1.929332971572876,1.9666670560836792,1.8433330059051511,1.871999979019165,1.871999979019165,13921500,0.0,0.0,-1.6949592561934876,2.872886880155981
2012-01-04,TSLA,Tesla,1.880666971206665,1.911332964897156,1.8333330154418943,1.8473329544067385,1.8473329544067385,9451500,0.0,0.0,-1.3264414195889367,1.7594468396011136
2012-01-05,TSLA,Tesla,1.8506669998168943,1.861999988555908,1.7899999618530271,1.8079999685287476,1.8079999685287476,15082500,0.0,0.0,-2.1521708088481364,4.631839190458042
2012-01-06,TSLA,Tesla,1.8133330345153809,1.852666974067688,1.7606669664382937,1.7940000295639038,1.7940000295639038,14794500,0.0,0.0,-0.7773464447392079,0.6042674951486864
2012-01-09,TSLA,Tesla,1.7999999523162842,1.8326669931411743,1.7413330078125,1.8166669607162476,1.8166669607162476,13455000,0.0,0.0,1.2555701753258277,1.5764564651677297
2012-01-10,TSLA,Tesla,1.829332947731018,1.8506669998168943,1.8166669607162476,1.841333031654358,1.841333031654358,10077000,0.0,0.0,1.3486301172495878,1.818803193152637
2012-01-11,TSLA,Tesla,1.841333031654358,1.8919999599456787,1.8200000524520872,1.881999969482422,1.881999969482422,10084500,0.0,0.0,2.184524190600374,4.772145939318219
2012-01-12,TSLA,Tesla,1.8986669778823853,1.9079999923706057,1.8539999723434448,1.8833329677581787,1.8833329677581787,10939500,0.0,0.0,0.07080374318354055,0.005013170048800765
2012-01-13,TSLA,Tesla,1.8933329582214355,1.899999976158142,1.5093330144882202,1.519333004951477,1.519333004951477,82506000,0.0,0.0,-21.477163635965123,461.26855784602265
2012-01-17,TSLA,Tesla,1.7746670246124268,1.8226670026779177,1.7606669664382937,1.773332953453064,1.773332953453064,69774000,0.0,0.0,15.458937444735504,238.97874692024547
2012-01-18,TSLA,Tesla,1.779332995414734,1.7920000553131104,1.75,1.7873330116271973,1.7873330116271973,18903000,0.0,0.0,0.7863770686175053,0.6183888940474607
2012-01-19,TSLA,Tesla,1.8126670122146609,1.8493330478668213,1.77400004863739,1.784000039100647,1.784000039100647,18694500,0.0,0.0,-0.18665150781779913,0.03483878537065793
2012-01-20,TSLA,Tesla,1.7933330535888672,1.7999999523162842,1.7599999904632568,1.773332953453064,1.773332953453064,9934500,0.0,0.0,-0.5997255607997091,0.35967074827652556
2012-01-23,TSLA,Tesla,1.7873330116271973,1.8140000104904177,1.773332953453064,1.7846670150756836,1.7846670150756836,8919000,0.0,0.0,0.6371051186389258,0.4059029321959198
2012-01-24,TSLA,Tesla,1.775333046913147,1.8453329801559448,1.762666940689087,1.8279999494552612,1.8279999494552612,12870000,0.0,0.0,2.3990593728050515,5.755485874243767
2012-01-25,TSLA,Tesla,1.8179999589920044,1.8673330545425415,1.803333044052124,1.864667057991028,1.864667057991028,9168000,0.0,0.0,1.986007059287694,3.9442240395405537
2012-01-26,TSLA,Tesla,1.8713330030441284,1.972000002861023,1.8666670322418213,1.929332971572876,1.929332971572876,19066500,0.0,0.0,3.4091816621149915,11.622519605301136
2012-01-27,TSLA,Tesla,1.899999976158142,1.9813330173492432,1.899999976158142,1.9553329944610596,1.9553329944610596,11226000,0.0,0.0,1.3386175984792612,1.7918970749583847
2012-01-30,TSLA,Tesla,1.965999960899353,1.9739999771118164,1.9019999504089355,1.9713330268859863,1.9713330268859863,10935000,0.0,0.0,0.8149468729864933,0.6641384057904636
2012-01-31,TSLA,Tesla,1.9933329820632937,2.0,1.9246670007705688,1.937999963760376,1.937999963760376,14346000,0.0,0.0,-1.7053482541269642,2.908212667853885
2012-02-01,TSLA,Tesla,1.937999963760376,1.9800000190734863,1.9333330392837524,1.972000002861023,1.972000002861023,7848000,0.0,0.0,1.739176286218884,3.0247341545461093
2012-02-02,TSLA,Tesla,1.9813330173492432,2.058666944503784,1.9739999771118164,2.016666889190674,2.016666889190674,12085500,0.0,0.0,2.2397836085850513,5.016630613286274
2012-02-03,TSLA,Tesla,2.0273330211639404,2.0886669158935547,2.016666889190674,2.076667070388794,2.076667070388794,11467500,0.0,0.0,2.9318144822844943,8.595536158533097
2012-02-06,TSLA,Tesla,2.0733330249786377,2.126667022705078,2.069999933242798,2.119999885559082,2.119999885559082,9781500,0.0,0.0,2.065179616239239,4.26496684733005
2012-02-07,TSLA,Tesla,2.119999885559082,2.119999885559082,2.0546669960021973,2.1066670417785645,2.1066670417785645,15324000,0.0,0.0,-0.6308937152268919,0.3980268799127905
2012-02-08,TSLA,Tesla,2.1066670417785645,2.134000062942505,2.0859999656677246,2.128667116165161,2.128667116165161,9355500,0.0,0.0,1.0388919238713943,1.079296429485207
2012-02-09,TSLA,Tesla,2.1333329677581787,2.1933329105377197,2.0953330993652344,2.171999931335449,2.171999931335449,19156500,0.0,0.0,2.0152353669375636,4.061173584155976
2012-02-10,TSLA,Tesla,2.1506669521331787,2.1513330936431885,1.9893330335617063,2.0733330249786377,2.0733330249786377,28113000,0.0,0.0,-4.649090109933764,21.614038850283933
2012-02-13,TSLA,Tesla,2.103332996368408,2.1373329162597656,2.059999942779541,2.0993330478668213,2.0993330478668213,17368500,0.0,0.0,1.2462228672274045,1.553071434800493
2012-02-14,TSLA,Tesla,2.115999937057495,2.25266695022583,2.0933330059051514,2.2113330364227295,2.2113330364227295,27162000,0.0,0.0,5.197581955794715,27.014858187202815
2012-02-15,TSLA,Tesla,2.206666946411133,2.2939999103546143,2.1513330936431885,2.240000009536743,2.240000009536743,41427000,0.0,0.0,1.2880352535364616,1.659034814352737
2012-02-16,TSLA,Tesla,2.233333110809326,2.3006670475006104,2.169332981109619,2.2786669731140137,2.2786669731140137,33295500,0.0,0.0,1.7114740946180134,2.9291435765485487
2012-02-17,TSLA,Tesla,2.2660000324249268,2.3313329219818115,2.233333110809326,2.3313329219818115,2.3313329219818115,20650500,0.0,0.0,2.2849562457707906,5.221025045086946
2012-02-21,TSLA,Tesla,2.324666976928711,2.324666976928711,2.253999948501587,2.299999952316284,2.299999952316284,17037000,0.0,0.0,-1.3531071325257675,1.830898912092105
2012-02-22,TSLA,Tesla,2.299999952316284,2.314666986465454,2.1666669845581055,2.2813329696655273,2.2813329696655273,24819000,0.0,0.0,-0.8149194251430135,0.6640936694754196
2012-02-23,TSLA,Tesla,2.2660000324249268,2.3313329219818115,2.237333059310913,2.302000045776367,2.302000045776367,12306000,0.0,0.0,0.9018422233543927,0.8133193958247943
2012-02-24,TSLA,Tesla,2.2820000648498535,2.301332950592041,2.2179999351501465,2.25,2.25,14398500,0.0,0.0,-2.2848113968838533,5.220363119330345
2012-02-27,TSLA,Tesla,2.227333068847656,2.266666889190674,2.200000047683716,2.2413330078125,2.2413330078125,9090000,0.0,0.0,-0.38594345734308216,0.14895235226593148
2012-02-28,TSLA,Tesla,2.2426669597625732,2.2960000038146973,2.2113330364227295,2.253999948501587,2.253999948501587,9183000,0.0,0.0,0.5635611127120727,0.3176011277612695
2012-02-29,TSLA,Tesla,2.253999948501587,2.2746670246124268,2.2093329429626465,2.227333068847656,2.227333068847656,8035500,0.0,0.0,-1.1901456249010944,1.4164466084712166
2012-03-01,TSLA,Tesla,2.2339999675750732,2.299999952316284,2.220666885375977,2.2939999103546143,2.2939999103546143,10552500,0.0,0.0,2.94920431079728,8.697806066825258
2012-03-02,TSLA,Tesla,2.293333053588867,2.299999952316284,2.24733304977417,2.2693328857421875,2.2693328857421875,8250000,0.0,0.0,-1.0811074260677724,1.168793266698884
2012-03-05,TSLA,Tesla,2.2899999618530273,2.293333053588867,2.2306671142578125,2.251332998275757,2.251332998275757,7005000,0.0,0.0,-0.7963420899332562,0.6341607241992663
2012-03-06,TSLA,Tesla,2.2166669368743896,2.2186670303344727,2.1746668815612793,2.2073330879211426,2.2073330879211426,8607000,0.0,0.0,-1.9737445192425898,3.895667427240162
2012-03-07,TSLA,Tesla,2.2079999446868896,2.220666885375977,2.194000005722046,2.2079999446868896,2.2079999446868896,5473500,0.0,0.0,0.030206408707691004,0.0009124271270160709
2012-03-08,TSLA,Tesla,2.2073330879211426,2.2326669692993164,2.202666997909546,2.204667091369629,2.204667091369629,9499500,0.0,0.0,-0.15105848339736228,0.022818665406311174
2012-03-09,TSLA,Tesla,2.2133328914642334,2.3540000915527344,2.2133328914642334,2.315999984741211,2.315999984741211,23301000,0.0,0.0,4.926503459267781,24.27043633417742
2012-03-12,TSLA,Tesla,2.312666893005371,2.419332981109619,2.3066670894622803,2.4006669521331787,2.4006669521331787,29449500,0.0,0.0,3.590504234759061,12.891720659822752
2012-03-13,TSLA,Tesla,2.434000015258789,2.439332962036133,2.3666670322418213,2.4059998989105225,2.4059998989105225,15024000,0.0,0.0,0.22189800669936793,0.04923872537715274
2012-03-14,TSLA,Tesla,2.4000000953674316,2.4000000953674316,2.319999933242798,2.3526670932769775,2.3526670932769775,12772500,0.0,0.0,-2.2415957621419995,5.024751560852971
2012-03-15,TSLA,Tesla,2.3519999980926514,2.365333080291748,2.318666934967041,2.3333330154418945,2.3333330154418945,8574000,0.0,0.0,-0.8251893767483304,0.680937507498298
2012-03-16,TSLA,Tesla,2.326667070388794,2.392667055130005,2.322000026702881,2.3546669483184814,2.3546669483184814,10939500,0.0,0.0,0.9101570099839978,0.8283857828230111
2012-03-19,TSLA,Tesla,2.3506669998168945,2.3546669483184814,2.3026669025421143,2.3320000171661377,2.3320000171661377,15234000,0.0,0.0,-0.967301839847779,0.9356728493728982
2012-03-20,TSLA,Tesla,2.3320000171661377,2.3466670513153076,2.3046669960021973,2.330667018890381,2.330667018890381,8505000,0.0,0.0,-0.05717750385197222,0.003269266946742298
2012-03-21,TSLA,Tesla,2.3293330669403076,2.353332996368408,2.3066670894622803,2.3433330059051514,2.3433330059051514,9108000,0.0,0.0,0.5419776616074017,0.2937397856814272
2012-03-22,TSLA,Tesla,2.3313329219818115,2.3433330059051514,2.2866671085357666,2.293333053588867,2.293333053588867,7836000,0.0,0.0,-2.1568036131386115,4.65180182564777
2012-03-23,TSLA,Tesla,2.2839999198913574,2.308666944503784,2.2100000381469727,2.2720000743865967,2.2720000743865967,17559000,0.0,0.0,-0.9345707696052686,0.8734225234005841
2012-03-26,TSLA,Tesla,2.372667074203491,2.5393331050872803,2.3359999656677246,2.493333101272583,2.493333101272583,47107500,0.0,0.0,9.295987664629445,86.4153866609428
2012-03-27,TSLA,Tesla,2.477333068847656,2.663332939147949,2.4686670303344727,2.529333114624023,2.529333114624023,38088000,0.0,0.0,1.4335266689723092,2.0549987106548446
2012-03-28,TSLA,Tesla,2.518666982650757,2.562666893005371,2.4739999771118164,2.5233330726623535,2.5233330726623535,14325000,0.0,0.0,-0.2375001458478407,0.05640631927774561
2012-03-29,TSLA,Tesla,2.5460000038146973,2.5460000038146973,2.4686670303344727,2.4886670112609863,2.4886670112609863,11946000,0.0,0.0,-1.383344518731251,1.9136420575037965
2012-03-30,TSLA,Tesla,2.501332998275757,2.529333114624023,2.4453330039978027,2.4826669692993164,2.4826669692993164,13296000,0.0,0.0,-0.24138570848409469,0.05826706026036834
2012-04-02,TSLA,Tesla,2.4886670112609863,2.5313329696655273,2.435333013534546,2.438667058944702,2.438667058944702,15429000,0.0,0.0,-1.7881770486786086,3.197577157420939
2012-04-03,TSLA,Tesla,2.446666955947876,2.564666986465454,2.444667100906372,2.5339999198913574,2.5339999198913574,16471500,0.0,0.0,3.834744756735002,14.70526734930659
2012-04-04,TSLA,Tesla,2.351332902908325,2.365999937057495,2.312666893005371,2.3333330154418945,2.3333330154418945,67227000,0.0,0.0,-8.250132613742732,68.06468814434149
2012-04-05,TSLA,Tesla,2.3399999141693115,2.3626670837402344,2.2939999103546143,2.2986669540405273,2.2986669540405273,22641000,0.0,0.0,-1.4968354437101044,2.240516345546825
2012-04-09,TSLA,Tesla,2.2733330726623535,2.2860000133514404,2.206666946411133,2.2100000381469727,2.2100000381469727,24835500,0.0,0.0,-3.9336836920170315,15.473867388840745
2012-04-10,TSLA,Tesla,2.2100000381469727,2.256666898727417,2.140000104904175,2.1640000343322754,2.1640000343322754,27715500,0.0,0.0,-2.103415594130793,4.424357161632597
2012-04-11,TSLA,Tesla,2.2160000801086426,2.2193329334259033,2.134000062942505,2.2060000896453857,2.2060000896453857,16582500,0.0,0.0,1.922258461895718,3.695077594329691
2012-04-12,TSLA,Tesla,2.251332998275757,2.2986669540405273,2.194667100906372,2.22933292388916,2.22933292388916,15508500,0.0,0.0,1.0521441983730817,1.1070074141701347
2012-04-13,TSLA,Tesla,2.262666940689087,2.2693328857421875,2.190000057220459,2.239332914352417,2.239332914352417,9744000,0.0,0.0,0.447561196912223,0.20031102498150166
2012-04-16,TSLA,Tesla,2.227333068847656,2.24666690826416,2.1393330097198486,2.1500000953674316,2.1500000953674316,16494000,0.0,0.0,-4.0710128924721705,16.573145970674627
2012-04-17,TSLA,Tesla,2.1619999408721924,2.204667091369629,2.135999917984009,2.1493330001831055,2.1493330001831055,16732500,0.0,0.0,-0.03103249619668507,0.0009630158201972734
2012-04-18,TSLA,Tesla,2.1393330097198486,2.183332920074463,2.1019999980926514,2.177333116531372,2.177333116531372,12346500,0.0,0.0,1.2943225333313537,1.6752708202892932
2012-04-19,TSLA,Tesla,2.183332920074463,2.2286670207977295,2.1666669845581055,2.2106668949127197,2.2106668949127197,11623500,0.0,0.0,1.5193445544628033,2.308407875175774
2012-04-20,TSLA,Tesla,2.2093329429626465,2.248667001724243,2.196000099182129,2.2106668949127197,2.2106668949127197,12327000,0.0,0.0,0.0,0.0
2012-04-23,TSLA,Tesla,2.190666913986206,2.197999954223633,2.114000082015991,2.129333019256592,2.129333019256592,13362000,0.0,0.0,-3.7485438227880064,14.05158079136212
2012-04-24,TSLA,Tesla,2.121332883834839,2.146667003631592,2.066667079925537,2.121332883834839,2.121332883834839,10117500,0.0,0.0,-0.3764184271526883,0.1416908323001037
2012-04-25,TSLA,Tesla,2.138000011444092,2.1993329524993896,2.138000011444092,2.194000005722046,2.194000005722046,10683000,0.0,0.0,3.3681754547997786,11.344605894315695
2012-04-26,TSLA,Tesla,2.1973330974578857,2.2346670627593994,2.194000005722046,2.2326669692993164,2.2326669692993164,6379500,0.0,0.0,1.7470456790431146,3.0521686046632173
2012-04-27,TSLA,Tesla,2.240000009536743,2.242000102996826,2.194000005722046,2.2226669788360596,2.2226669788360596,8865000,0.0,0.0,-0.4489004582947393,0.20151162145722698
2012-04-30,TSLA,Tesla,2.2179999351501465,2.2239999771118164,2.171999931335449,2.208667039871216,2.208667039871216,6208500,0.0,0.0,-0.6318632486204009,0.39925116495712654
2012-05-01,TSLA,Tesla,2.208667039871216,2.2806670665740967,2.208667039871216,2.252000093460083,2.252000093460083,9885000,0.0,0.0,1.9429567596006831,3.775080969677987
2012-05-02,TSLA,Tesla,2.233333110809326,2.2926669120788574,2.2260000705718994,2.262666940689087,2.262666940689087,7459500,0.0,0.0,0.472542803145553,0.22329670080465688
2012-05-03,TSLA,Tesla,2.260667085647583,2.266666889190674,2.1419999599456787,2.1640000343322754,2.1640000343322754,12619500,0.0,0.0,-4.458580296039661,19.87893825623311
2012-05-04,TSLA,Tesla,2.1546669006347656,2.1640000343322754,2.0933330059051514,2.121999979019165,2.121999979019165,18712500,0.0,0.0,-1.959934654492817,3.8413438498818775
2012-05-07,TSLA,Tesla,2.130666971206665,2.171999931335449,2.107332944869995,2.1646668910980225,2.1646668910980225,17370000,0.0,0.0,1.9907458387447179,3.96306899447941
2012-05-08,TSLA,Tesla,2.1666669845581055,2.181999921798706,1.9579999446868896,2.012666940689087,2.012666940689087,46458000,0.0,0.0,-7.280580992648429,53.00685959051358
2012-05-09,TSLA,Tesla,2.0199999809265137,2.051332950592041,1.9839999675750732,2.003999948501587,2.003999948501587,29218500,0.0,0.0,-0.43155212406545035,0.18623723578540186
2012-05-10,TSLA,Tesla,2.197999954223633,2.312000036239624,2.1600000858306885,2.1973330974578857,2.1973330974578857,83344500,0.0,0.0,9.209923906801873,84.82269836908067
2012-05-11,TSLA,Tesla,2.1659998893737793,2.22933292388916,2.1440000534057617,2.1500000953674316,2.1500000953674316,18319500,0.0,0.0,-2.1776510096310506,4.742163919747134
2012-05-14,TSLA,Tesla,2.128000020980835,2.1419999599456787,2.00333309173584,2.003999948501587,2.003999948501587,20713500,0.0,0.0,-7.032272897170831,49.45286210028343
2012-05-15,TSLA,Tesla,2.0173330307006836,2.063999891281128,1.9479999542236328,1.962000012397766,1.962000012397766,23785500,0.0,0.0,-2.1180790062692934,4.486258676798717
2012-05-16,TSLA,Tesla,1.972000002861023,2.01200008392334,1.925333023071289,1.9453330039978027,1.9453330039978027,18856500,0.0,0.0,-0.8531194764865546,0.727812841160693
2012-05-17,TSLA,Tesla,1.953333020210266,1.9859999418258667,1.8826669454574585,1.9046670198440552,1.9046670198440552,17235000,0.0,0.0,-2.112597212939384,4.463066984119253
2012-05-18,TSLA,Tesla,1.891332983970642,1.897333025932312,1.7886669635772705,1.8373329639434817,1.8373329639434817,24247500,0.0,0.0,-3.5992156571353426,12.954353346568196
2012-05-21,TSLA,Tesla,1.838667035102844,1.9506670236587524,1.8079999685287476,1.9179999828338623,1.9179999828338623,22128000,0.0,0.0,4.296792351472543,18.462424511672943
2012-05-22,TSLA,Tesla,2.006666898727417,2.0893330574035645,2.0,2.053333044052124,2.053333044052124,35493000,0.0,0.0,6.818138048237622,46.48700644482553
2012-05-23,TSLA,Tesla,2.0373330116271973,2.069999933242798,1.9666670560836792,2.068000078201294,2.068000078201294,18306000,0.0,0.0,0.7117646467517971,0.5066089123657105
2012-05-24,TSLA,Tesla,2.0833330154418945,2.0833330154418945,1.9793330430984497,2.018666982650757,2.018666982650757,16134000,0.0,0.0,-2.4144610463007012,5.829622144103477
2012-05-25,TSLA,Tesla,2.010667085647583,2.0273330211639404,1.946666955947876,1.987333059310913,1.987333059310913,11355000,0.0,0.0,-1.5643815294831984,2.4472895697881913
2012-05-29,TSLA,Tesla,2.000667095184326,2.128667116165161,2.000667095184326,2.1126670837402344,2.1126670837402344,24750000,0.0,0.0,6.1157601313017205,37.402521983619636
2012-05-30,TSLA,Tesla,2.072000026702881,2.0946669578552246,2.0160000324249268,2.0273330211639404,2.0273330211639404,19608000,0.0,0.0,-4.123002340954699,16.999148303517927
2012-05-31,TSLA,Tesla,2.004667043685913,2.0193328857421875,1.9166669845581057,1.9666670560836792,1.9666670560836792,16780500,0.0,0.0,-3.0380886354557375,9.229982556885306
2012-06-01,TSLA,Tesla,1.9019999504089355,1.944000005722046,1.8506669998168943,1.876667022705078,1.876667022705078,13287000,0.0,0.0,-4.684291705020962,21.942588777728186
2012-06-04,TSLA,Tesla,1.8686670064926147,1.8940000534057615,1.807332992553711,1.858667016029358,1.858667016029358,15463500,0.0,0.0,-0.9637770447744642,0.9288661920341996
2012-06-05,TSLA,Tesla,1.8559999465942385,1.8926670551300049,1.8373329639434817,1.8606669902801511,1.8606669902801511,9463500,0.0,0.0,0.10754476151711642,0.011565875729773445
2012-06-06,TSLA,Tesla,1.8799999952316284,1.963333010673523,1.8760000467300415,1.9479999542236328,1.9479999542236328,13648500,0.0,0.0,4.5868161351769565,21.03888225791967
2012-06-07,TSLA,Tesla,1.987333059310913,1.9913330078125,1.9233330488204956,1.928666949272156,1.928666949272156,7381500,0.0,0.0,-0.9974117306414735,0.9948301604212193
2012-06-08,TSLA,Tesla,1.924000024795532,2.012666940689087,1.876667022705078,2.005332946777344,2.005332946777344,13216500,0.0,0.0,3.898104080068642,15.195215419047793
2012-06-11,TSLA,Tesla,2.02066707611084,2.066667079925537,1.9306670427322388,1.941333055496216,1.941333055496216,9540000,0.0,0.0,-3.2435226105835095,10.520438925366465
2012-06-12,TSLA,Tesla,1.948667049407959,1.9893330335617063,1.920667052268982,1.9773329496383667,1.9773329496383667,8535000,0.0,0.0,1.8374062451260265,3.376061709628124
2012-06-13,TSLA,Tesla,1.9700000286102295,2.0426669120788574,1.964666962623596,1.98466694355011,1.98466694355011,12661500,0.0,0.0,0.37021718758955385,0.1370607659867189
2012-06-14,TSLA,Tesla,2.01200008392334,2.043333053588867,1.9079999923706057,1.9593329429626465,1.9593329429626465,13083000,0.0,0.0,-1.2847033344662804,1.6504626575887795
2012-06-15,TSLA,Tesla,1.9593329429626465,1.9966670274734497,1.920667052268982,1.99399995803833,1.99399995803833,9702000,0.0,0.0,1.7538570403568685,3.0760145180093543
2012-06-18,TSLA,Tesla,1.996000051498413,2.1553330421447754,1.9666670560836792,2.122667074203491,2.122667074203491,18852000,0.0,0.0,6.25307013711251,39.10088613964826
2012-06-19,TSLA,Tesla,2.134666919708252,2.177333116531372,2.0999999046325684,2.1393330097198486,2.1393330097198486,13666500,0.0,0.0,0.7820750884360933,0.6116414439523231
2012-06-20,TSLA,Tesla,2.233333110809326,2.299999952316284,2.2139999866485596,2.252000093460083,2.252000093460083,51336000,0.0,0.0,5.132464902720277,26.34219597765546
2012-06-21,TSLA,Tesla,2.2839999198913574,2.2853329181671143,2.122667074203491,2.1459999084472656,2.1459999084472656,28378500,0.0,0.0,-4.8213150231900626,23.245078552838194
2012-06-22,TSLA,Tesla,2.173332929611206,2.2653329372406006,2.1640000343322754,2.25266695022583,2.25266695022583,45699000,0.0,0.0,4.850922395462034,23.531448086795123
2012-06-25,TSLA,Tesla,2.262666940689087,2.2746670246124268,2.183332920074463,2.2073330879211426,2.2073330879211426,22477500,0.0,0.0,-2.03297862245436,4.1330020793564275
2012-06-26,TSLA,Tesla,2.136667013168335,2.1566669940948486,2.0926671028137207,2.107332944869995,2.107332944869995,39208500,0.0,0.0,-4.6361898490064,21.494256316029986
2012-06-27,TSLA,Tesla,2.126667022705078,2.163332939147949,2.1046669483184814,2.130666971206665,2.130666971206665,15708000,0.0,0.0,1.1011921941162526,1.2126242483825664
2012-06-28,TSLA,Tesla,2.126667022705078,2.140666961669922,2.041332960128784,2.0940001010894775,2.0940001010894775,13711500,0.0,0.0,-1.7358902003521457,3.0133147876786124
2012-06-29,TSLA,Tesla,2.186666965484619,2.186666965484619,2.066667079925537,2.0859999656677246,2.0859999656677246,16887000,0.0,0.0,-0.3827820603966003,0.14652210576146654
2012-07-02,TSLA,Tesla,2.0899999141693115,2.119999885559082,2.012666940689087,2.0266671180725098,2.0266671180725098,19734000,0.0,0.0,-2.8855710077067735,8.326520040517885
2012-07-03,TSLA,Tesla,2.0399999618530273,2.066667079925537,2.0266671180725098,2.0439999103546143,2.0439999103546143,14205000,0.0,0.0,0.8515998440548728,0.7252222943942837
2012-07-05,TSLA,Tesla,2.053999900817871,2.111332893371582,2.053333044052124,2.0820000171661377,2.0820000171661377,18807000,0.0,0.0,1.842034995416388,3.3930929243386525
2012-07-06,TSLA,Tesla,2.065999984741211,2.115333080291748,2.053333044052124,2.065999984741211,2.065999984741211,11767500,0.0,0.0,-0.7714615126020742,0.5951528654262803
2012-07-09,TSLA,Tesla,2.062666893005371,2.121999979019165,2.0446670055389404,2.0993330478668213,2.0993330478668213,13657500,0.0,0.0,1.600533471933223,2.561707394778617
2012-07-10,TSLA,Tesla,2.1026670932769775,2.165333032608032,2.059333086013794,2.084666967391968,2.084666967391968,11376000,0.0,0.0,-0.7010583407761092,0.49148279717175125
2012-07-11,TSLA,Tesla,2.1046669483184814,2.111999988555908,2.067332983016968,2.1006669998168945,2.1006669998168945,9579000,0.0,0.0,0.7645798636228945,0.584582367857604
2012-07-12,TSLA,Tesla,2.0859999656677246,2.200666904449463,2.053333044052124,2.180000066757202,2.180000066757202,16885500,0.0,0.0,3.7069994163987534,13.7418446731807
2012-07-13,TSLA,Tesla,2.197999954223633,2.293333053588867,2.188667058944702,2.2833330631256104,2.2833330631256104,19572000,0.0,0.0,4.6311337843301565,21.44740012836416
2012-07-16,TSLA,Tesla,2.288000106811523,2.4000000953674316,2.259999990463257,2.3973329067230225,2.3973329067230225,26160000,0.0,0.0,4.872058528230453,23.73695430250309
2012-07-17,TSLA,Tesla,2.3333330154418945,2.3473329544067383,2.1586670875549316,2.2233328819274902,2.2233328819274902,38539500,0.0,0.0,-7.534946232088477,56.77541472046434
2012-07-18,TSLA,Tesla,2.0946669578552246,2.244667053222656,2.070667028427124,2.1433329582214355,2.1433329582214355,43228500,0.0,0.0,-3.664529366021236,13.428775474432001
2012-07-19,TSLA,Tesla,2.181333065032959,2.2100000381469727,2.135999917984009,2.1513330936431885,2.1513330936431885,21538500,0.0,0.0,0.3725618978884363,0.13880236775823362
2012-07-20,TSLA,Tesla,2.138000011444092,2.1500000953674316,2.0833330154418945,2.119333028793335,2.119333028793335,23527500,0.0,0.0,-1.4986263422599408,2.245880913715409
2012-07-23,TSLA,Tesla,2.069999933242798,2.086667060852051,2.041332960128784,2.0439999103546143,2.0439999103546143,20802000,0.0,0.0,-3.619280164072461,13.09918890604838
2012-07-24,TSLA,Tesla,2.0439999103546143,2.069333076477051,1.974666953086853,1.9893330335617063,1.9893330335617063,22504500,0.0,0.0,-2.710920493978831,7.349089924674429
2012-07-25,TSLA,Tesla,1.994667053222656,1.9986670017242432,1.9166669845581057,1.9299999475479128,1.9299999475479128,42633000,0.0,0.0,-3.027944780430128,9.168449593334055
2012-07-26,TSLA,Tesla,1.9933329820632937,2.0,1.8426669836044312,1.875332951545715,1.875332951545715,33934500,0.0,0.0,-2.8733757923882286,8.256288444282681
2012-07-27,TSLA,Tesla,1.9140000343322752,1.9773329496383667,1.873332977294922,1.96733295917511,1.96733295917511,25095000,0.0,0.0,4.78925798514812,22.936992048305026
2012-07-30,TSLA,Tesla,1.96733295917511,2.016666889190674,1.8140000104904177,1.8233330249786377,1.8233330249786377,30978000,0.0,0.0,-7.601263901730047,57.7792129037443
2012-07-31,TSLA,Tesla,1.8359999656677248,1.864667057991028,1.8233330249786377,1.8279999494552612,1.8279999494552612,23626500,0.0,0.0,0.25562867318181326,0.0653460185526943
2012-08-01,TSLA,Tesla,1.866000056266785,1.866000056266785,1.73533296585083,1.75,1.75,23884500,0.0,0.0,-4.360665744624044,19.01540573633757
2012-08-02,TSLA,Tesla,1.7893329858779907,1.7899999618530271,1.7013330459594729,1.7400000095367432,1.7400000095367432,19576500,0.0,0.0,-0.5730669228098182,0.3284056980187141
2012-08-03,TSLA,Tesla,1.7933330535888672,1.8366669416427612,1.78266704082489,1.8179999589920044,1.8179999589920044,18142500,0.0,0.0,4.385185449130912,19.229851423269476
2012-08-06,TSLA,Tesla,1.8366669416427612,1.9133330583572388,1.8366669416427612,1.8846670389175415,1.8846670389175415,22923000,0.0,0.0,3.6014194920133527,12.970222357453714
2012-08-07,TSLA,Tesla,1.9179999828338623,2.059999942779541,1.899999976158142,2.016666889190674,2.016666889190674,35808000,0.0,0.0,6.769492559835008,45.82602951766153
2012-08-08,TSLA,Tesla,1.9933329820632937,2.0,1.906000018119812,1.9393329620361328,1.9393329620361328,19633500,0.0,0.0,-3.910201376833732,15.289674807392414
2012-08-09,TSLA,Tesla,1.968000054359436,2.0,1.9420000314712524,1.9606670141220093,1.9606670141220093,10089000,0.0,0.0,1.0940648727755646,1.1969779458414125
2012-08-10,TSLA,Tesla,1.9539999961853027,1.996000051498413,1.9539999961853027,1.996000051498413,1.996000051498413,10611000,0.0,0.0,1.786047501354472,3.189965677094553
2012-08-13,TSLA,Tesla,1.9793330430984497,2.086667060852051,1.940000057220459,2.078000068664551,2.078000068664551,13051500,0.0,0.0,4.026072203053106,16.20925738419689
2012-08-14,TSLA,Tesla,2.049999952316284,2.078000068664551,1.9506670236587524,1.9613330364227295,1.9613330364227295,11901000,0.0,0.0,-5.778156303156204,33.387090263703776
2012-08-15,TSLA,Tesla,1.9593329429626465,1.9800000190734863,1.920667052268982,1.9600000381469729,1.9600000381469729,7881000,0.0,0.0,-0.06798699838819516,0.004622231949836452
2012-08-16,TSLA,Tesla,1.9686670303344729,2.0260000228881836,1.9666670560836792,2.0199999809265137,2.0199999809265137,10035000,0.0,0.0,3.0153009265626403,9.092039677729517
2012-08-17,TSLA,Tesla,2.0193328857421875,2.047333002090454,1.9986670017242432,2.000667095184326,2.000667095184326,7623000,0.0,0.0,-0.9616829433316739,0.9248340834950716
2012-08-20,TSLA,Tesla,2.009999990463257,2.0260000228881836,1.940000057220459,1.96733295917511,1.96733295917511,17686500,0.0,0.0,-1.6801874870331197,2.8230299915826698
2012-08-21,TSLA,Tesla,1.972000002861023,2.0,1.9333330392837524,1.9406670331954956,1.9406670331954956,11424000,0.0,0.0,-1.3647052144358442,1.8624203223083837
2012-08-22,TSLA,Tesla,1.934000015258789,2.00266695022583,1.934000015258789,1.9966670274734497,1.9966670274734497,11632500,0.0,0.0,2.8447558641010713,8.092635926337433
2012-08-23,TSLA,Tesla,2.0,2.0566670894622803,1.976667046546936,2.0486669540405273,2.0486669540405273,22065000,0.0,0.0,2.571001114998158,6.610046733321772
2012-08-24,TSLA,Tesla,2.003999948501587,2.0160000324249268,1.9606670141220093,1.9666670560836792,1.9666670560836792,21441000,0.0,0.0,-4.08490550615844,16.68645299424354
2012-08-27,TSLA,Tesla,1.9713330268859863,1.9800000190734863,1.878000020980835,1.888000011444092,1.888000011444092,20256000,0.0,0.0,-4.082218646739659,16.664509079788974
2012-08-28,TSLA,Tesla,1.8933329582214355,1.958667039871216,1.8666670322418213,1.9126670360565183,1.9126670360565183,21040500,0.0,0.0,1.2980548234436422,1.6849463246653051
2012-08-29,TSLA,Tesla,1.8993330001831057,1.9093329906463623,1.868000030517578,1.8940000534057615,1.8940000534057615,12583500,0.0,0.0,-0.9807599058008929,0.9618899928265763
2012-08-30,TSLA,Tesla,1.9066669940948489,1.9160000085830688,1.873332977294922,1.8940000534057615,1.8940000534057615,9846000,0.0,0.0,0.0,0.0
2012-08-31,TSLA,Tesla,1.9073330163955688,1.9226670265197752,1.8799999952316284,1.901332974433899,1.901332974433899,8097000,0.0,0.0,0.386418272066693,0.14931908098700877
2012-09-04,TSLA,Tesla,1.901332974433899,1.932667016983032,1.8600000143051147,1.8760000467300415,1.8760000467300415,11287500,0.0,0.0,-1.341333018845623,1.7991742674455122
2012-09-05,TSLA,Tesla,1.8673330545425415,1.899999976158142,1.8539999723434448,1.8626669645309448,1.8626669645309448,9589500,0.0,0.0,-0.7132562854024213,0.5087345286660602
2012-09-06,TSLA,Tesla,1.8666670322418213,1.9266669750213623,1.8600000143051147,1.9033329486846924,1.9033329486846924,12625500,0.0,0.0,2.159722026827082,4.6643992331620785
2012-09-07,TSLA,Tesla,1.9033329486846924,1.9713330268859863,1.899999976158142,1.9566669464111328,1.9566669464111328,14298000,0.0,0.0,2.7635955234116616,7.637460217020976
2012-09-10,TSLA,Tesla,1.946666955947876,1.9566669464111328,1.8200000524520872,1.824666976928711,1.824666976928711,22249500,0.0,0.0,-6.984499615377983,48.78323487721519
2012-09-11,TSLA,Tesla,1.8506669998168943,1.8773330450057983,1.8266669511795044,1.853332996368408,1.853332996368408,15223500,0.0,0.0,1.55881457907376,2.4299028919329033
2012-09-12,TSLA,Tesla,1.8600000143051147,1.9053330421447752,1.853332996368408,1.885332942008972,1.885332942008972,17178000,0.0,0.0,1.7118794584956414,2.93053128041933
2012-09-13,TSLA,Tesla,1.9046670198440552,1.9666670560836792,1.8986669778823853,1.9653329849243164,1.9653329849243164,22270500,0.0,0.0,4.155725657788097,17.270055742798313
2012-09-14,TSLA,Tesla,2.0,2.043333053588867,1.976667046546936,2.0260000228881836,2.0260000228881836,23049000,0.0,0.0,3.0401728182124517,9.24265076459784
2012-09-17,TSLA,Tesla,2.1566669940948486,2.185333013534546,2.1006669998168945,2.169332981109619,2.169332981109619,48192000,0.0,0.0,6.835632119999167,46.72586647996431
2012-09-18,TSLA,Tesla,2.125333070755005,2.126667022705078,2.045332908630371,2.0893330574035645,2.0893330574035645,26827500,0.0,0.0,-3.75748345639943,14.118681925115407
2012-09-19,TSLA,Tesla,2.066667079925537,2.115999937057495,2.062666893005371,2.069999933242798,2.069999933242798,15727500,0.0,0.0,-0.9296328732295698,0.8642172789890653
2012-09-20,TSLA,Tesla,2.062000036239624,2.0999999046325684,2.045332908630371,2.059999942779541,2.059999942779541,13686000,0.0,0.0,-0.484262000285356,0.23450968492037413
2012-09-21,TSLA,Tesla,2.0733330249786377,2.0993330478668213,1.9693330526351929,2.001332998275757,2.001332998275757,28050000,0.0,0.0,-2.8892497338652507,8.347764024640423
2012-09-24,TSLA,Tesla,1.96733295917511,2.068666934967041,1.9600000381469729,2.0439999103546143,2.0439999103546143,19528500,0.0,0.0,2.109517079772124,4.450062309850309
2012-09-25,TSLA,Tesla,1.9079999923706057,1.9653329849243164,1.835332989692688,1.843999981880188,1.843999981880188,85206000,0.0,0.0,-10.297151317559642,106.03132525672028
2012-09-26,TSLA,Tesla,1.843999981880188,1.8933329582214355,1.8320000171661377,1.8359999656677248,1.8359999656677248,22908000,0.0,0.0,-0.4347841809237505,0.1890372839815366
2012-09-27,TSLA,Tesla,1.8546669483184817,1.9026670455932615,1.840000033378601,1.8993330001831057,1.8993330001831057,26379000,0.0,0.0,3.3913498505018893,11.501253808499188
2012-09-28,TSLA,Tesla,1.915333032608032,1.9926669597625732,1.9073330163955688,1.9520000219345093,1.9520000219345093,65151000,0.0,0.0,2.735172722402077,7.48116982137239
2012-10-01,TSLA,Tesla,1.9666670560836792,1.9926669597625732,1.9333330392837524,1.944000005722046,1.944000005722046,13266000,0.0,0.0,-0.41067902461553407,0.16865726125916644
2012-10-02,TSLA,Tesla,1.9520000219345093,1.9926669597625732,1.9333330392837524,1.9866670370101929,1.9866670370101929,10935000,0.0,0.0,2.1710669841971466,4.713531849870893
2012-10-03,TSLA,Tesla,1.9833329916000368,1.9966670274734497,1.9493329524993896,1.953333020210266,1.953333020210266,15792000,0.0,0.0,-1.6921224204770922,2.863278285881253
2012-10-04,TSLA,Tesla,2.0,2.006666898727417,1.909999966621399,1.9600000381469729,1.9600000381469729,23119500,0.0,0.0,0.3407338086279894,0.11609952834213531
2012-10-05,TSLA,Tesla,1.9800000190734863,1.987333059310913,1.9119999408721924,1.9259999990463257,1.9259999990463257,14079000,0.0,0.0,-1.7499179824391178,3.0622129452637927
2012-10-08,TSLA,Tesla,1.924000024795532,1.9600000381469729,1.9073330163955688,1.950000047683716,1.950000047683716,13345500,0.0,0.0,1.2384084148066985,1.5336554018640398
2012-10-09,TSLA,Tesla,1.941333055496216,1.941333055496216,1.8833329677581787,1.891332983970642,1.891332983970642,17895000,0.0,0.0,-3.0547534027982466,9.331518351907466
2012-10-10,TSLA,Tesla,1.8926670551300049,1.914667010307312,1.8673330545425415,1.8933329582214355,1.8933329582214355,7554000,0.0,0.0,0.10568829415890049,0.01117001552221828
2012-10-11,TSLA,Tesla,1.929332971572876,1.9320000410079956,1.8833329677581787,1.888000011444092,1.888000011444092,6759000,0.0,0.0,-0.28206721576510624,0.079561914209479
2012-10-12,TSLA,Tesla,1.888000011444092,1.915333032608032,1.8333330154418943,1.8426669836044312,1.8426669836044312,14814000,0.0,0.0,-2.4304103988043613,5.906894706616375
2012-10-15,TSLA,Tesla,1.868000030517578,1.8700000047683716,1.7906670570373535,1.8220000267028809,1.8220000267028809,22030500,0.0,0.0,-1.1279156303180982,1.2721936691158726
2012-10-16,TSLA,Tesla,1.8446669578552248,1.8726669549942017,1.8226670026779177,1.870666980743408,1.870666980743408,7189500,0.0,0.0,2.6360227974137755,6.948616188485147
2012-10-17,TSLA,Tesla,1.8833329677581787,1.9226670265197752,1.853332996368408,1.9213329553604128,1.9213329553604128,10020000,0.0,0.0,2.672415127715305,7.14180261484161
2012-10-18,TSLA,Tesla,1.932667016983032,1.932667016983032,1.8519999980926511,1.869333028793335,1.869333028793335,11115000,0.0,0.0,-2.7437494594392473,7.528161096173162
2012-10-19,TSLA,Tesla,1.8553329706192017,1.8799999952316284,1.8200000524520872,1.8493330478668213,1.8493330478668213,15411000,0.0,0.0,-1.0756638727857255,1.1570527672163855
2012-10-22,TSLA,Tesla,1.866000056266785,1.8666670322418213,1.8240000009536743,1.8566670417785645,1.8566670417785645,7053000,0.0,0.0,0.3957907883581119,0.1566503481491357
2012-10-23,TSLA,Tesla,1.8253329992294312,1.9040000438690183,1.824666976928711,1.8926670551300049,1.8926670551300049,11235000,0.0,0.0,1.9204007323020922,3.687938972626412
2012-10-24,TSLA,Tesla,1.901332974433899,1.901332974433899,1.8166669607162476,1.8279999494552612,1.8279999494552612,15246000,0.0,0.0,-3.476452924755386,12.08572493804028
2012-10-25,TSLA,Tesla,1.853332996368408,1.853332996368408,1.830000042915344,1.834666967391968,1.834666967391968,8665500,0.0,0.0,0.3640530494029528,0.1325346227795888
2012-10-26,TSLA,Tesla,1.835332989692688,1.853332996368408,1.801332950592041,1.8253329992294312,1.8253329992294312,7161000,0.0,0.0,-0.5100540154816497,0.260155098708955
2012-10-31,TSLA,Tesla,1.8466670513153076,1.8899999856948853,1.824666976928711,1.875332951545715,1.875332951545715,11628000,0.0,0.0,2.7023782094788116,7.302847987065908
2012-11-01,TSLA,Tesla,1.8833329677581787,1.965999960899353,1.8799999952316284,1.950000047683716,1.950000047683716,15361500,0.0,0.0,3.9043179213178583,15.243698430723802
2012-11-02,TSLA,Tesla,1.9513330459594729,1.9700000286102295,1.9033329486846924,1.9279999732971191,1.9279999732971191,15454500,0.0,0.0,-1.1346214690530998,1.2873658780362143
2012-11-05,TSLA,Tesla,1.9866670370101929,2.105333089828491,1.9553329944610596,2.0999999046325684,2.0999999046325684,30733500,0.0,0.0,8.54541169780017,73.02406108489997
2012-11-06,TSLA,Tesla,2.0406670570373535,2.0799999237060547,1.9966670274734497,2.076667070388794,2.076667070388794,34860000,0.0,0.0,-1.1173060776351418,1.2483728711204254
2012-11-07,TSLA,Tesla,2.066667079925537,2.136667013168335,2.053999900817871,2.1026670932769775,2.1026670932769775,25717500,0.0,0.0,1.244234478282826,1.5481194369477365
2012-11-08,TSLA,Tesla,2.067332983016968,2.125333070755005,2.062666893005371,2.0873329639434814,2.0873329639434814,19110000,0.0,0.0,-0.7319426054053462,0.5357399776075663
2012-11-09,TSLA,Tesla,2.0399999618530273,2.062000036239624,1.9900000095367432,2.0213329792022705,2.0213329792022705,12945000,0.0,0.0,-3.2129972793557378,10.323351517147373
2012-11-12,TSLA,Tesla,2.0193328857421875,2.0946669578552246,2.010667085647583,2.0713329315185547,2.0713329315185547,8338500,0.0,0.0,2.4435143839080227,5.970762544365404
2012-11-13,TSLA,Tesla,2.0859999656677246,2.1333329677581787,2.0480000972747803,2.107332944869995,2.107332944869995,14974500,0.0,0.0,1.723081247222024,2.969008984528206
2012-11-14,TSLA,Tesla,2.130666971206665,2.1413331031799316,2.0799999237060547,2.0920000076293945,2.0920000076293945,13069500,0.0,0.0,-0.7302590936865593,0.533278343911915
2012-11-15,TSLA,Tesla,2.086667060852051,2.0959999561309814,2.0333330631256104,2.0546669960021973,2.0546669960021973,14760000,0.0,0.0,-1.800676077326952,3.242434335457579
2012-11-16,TSLA,Tesla,2.076667070388794,2.1333329677581787,2.0393331050872803,2.122667074203491,2.122667074203491,13630500,0.0,0.0,3.2559562790459435,10.601251291058706
2012-11-19,TSLA,Tesla,2.138000011444092,2.2166669368743896,2.122667074203491,2.194667100906372,2.194667100906372,20886000,0.0,0.0,3.335702070118294,11.12690830059147
2012-11-20,TSLA,Tesla,2.186666965484619,2.206666946411133,2.127332925796509,2.200000047683716,2.200000047683716,13837500,0.0,0.0,0.24270094706987433,0.058903749708613944
2012-11-21,TSLA,Tesla,2.174000024795532,2.231333017349243,2.1526670455932617,2.1646668910980225,2.1646668910980225,14448000,0.0,0.0,-1.6190893346740356,2.621450273655211
2012-11-23,TSLA,Tesla,2.173332929611206,2.188667058944702,2.113332986831665,2.1419999599456787,2.1419999599456787,6454500,0.0,0.0,-1.0526535365885423,1.1080794680923656
2012-11-26,TSLA,Tesla,2.140000104904175,2.1533329486846924,2.1080000400543213,2.1513330936431885,2.1513330936431885,7437000,0.0,0.0,0.4347740220899892,0.18902845028430643
2012-11-27,TSLA,Tesla,2.1419999599456787,2.177333116531372,2.101332902908325,2.1433329582214355,2.1433329582214355,13662000,0.0,0.0,-0.3725618978884386,0.13880236775823535
2012-11-28,TSLA,Tesla,2.1333329677581787,2.2860000133514404,2.127332925796509,2.2153329849243164,2.2153329849243164,22878000,0.0,0.0,3.3040649424605073,10.916845143996555
2012-11-29,TSLA,Tesla,2.22933292388916,2.266666889190674,2.191333055496216,2.246000051498413,2.246000051498413,16551000,0.0,0.0,1.3748155252516416,1.8901177284729473
2012-11-30,TSLA,Tesla,2.242000102996826,2.2853329181671143,2.200666904449463,2.254667043685913,2.254667043685913,21304500,0.0,0.0,0.38514303403013755,0.1483351566619397
2012-12-03,TSLA,Tesla,2.2593328952789307,2.3333330154418945,2.233333110809326,2.308000087738037,2.308000087738037,31285500,0.0,0.0,2.337907707510119,5.465812448835219
2012-12-04,TSLA,Tesla,2.2720000743865967,2.319999933242798,2.2366669178009033,2.259999990463257,2.259999990463257,18949500,0.0,0.0,-2.1016577596203208,4.4169653385723056
2012-12-05,TSLA,Tesla,2.254667043685913,2.279333114624023,2.2386670112609863,2.24733304977417,2.24733304977417,9922500,0.0,0.0,-0.5620607096481869,0.31591224133022344
2012-12-06,TSLA,Tesla,2.254667043685913,2.319999933242798,2.233333110809326,2.259999990463257,2.259999990463257,9906000,0.0,0.0,0.5620607096481878,0.31591224133022444
2012-12-07,TSLA,Tesla,2.2866671085357666,2.299333095550537,2.256666898727417,2.2780001163482666,2.2780001163482666,9966000,0.0,0.0,0.7933107035336272,0.6293418723410186
2012-12-10,TSLA,Tesla,2.295332908630371,2.319999933242798,2.2786669731140137,2.3046669960021973,2.3046669960021973,13947000,0.0,0.0,1.1638279631000217,1.3544955276935455
2012-12-11,TSLA,Tesla,2.3066670894622803,2.3666670322418213,2.297333002090454,2.3519999980926514,2.3519999980926514,23589000,0.0,0.0,2.032983349469973,4.133021299222151
2012-12-12,TSLA,Tesla,2.3473329544067383,2.386667013168335,2.3299999237060547,2.3506669998168945,2.3506669998168945,30957000,0.0,0.0,-0.056691163208035064,0.0032138879858800685
2012-12-13,TSLA,Tesla,2.3506669998168945,2.353332996368408,2.183332920074463,2.2406671047210693,2.2406671047210693,32269500,0.0,0.0,-4.792548145675127,22.9685177286141
2012-12-14,TSLA,Tesla,2.252000093460083,2.293333053588867,2.239332914352417,2.253999948501587,2.253999948501587,15345000,0.0,0.0,0.5932756633417434,0.3519760127135857
2012-12-17,TSLA,Tesla,2.251332998275757,2.299999952316284,2.25,2.293333053588867,2.293333053588867,12373500,0.0,0.0,1.7299848525518025,2.9928475900586817
2012-12-18,TSLA,Tesla,2.2839999198913574,2.3380000591278076,2.2839999198913574,2.305999994277954,2.305999994277954,23308500,0.0,0.0,0.5508178069957799,0.3034002565036402
2012-12-19,TSLA,Tesla,2.316667079925537,2.3506669998168945,2.301332950592041,2.307332992553711,2.307332992553711,19482000,0.0,0.0,0.05778894853931461,0.0033395625732795518
2012-12-20,TSLA,Tesla,2.3006670475006104,2.319333076477051,2.2699999809265137,2.295332908630371,2.295332908630371,13818000,0.0,0.0,-0.5214417631565127,0.2719015123637727
2012-12-21,TSLA,Tesla,2.262666940689087,2.2780001163482666,2.2386670112609863,2.266666889190674,2.266666889190674,22386000,0.0,0.0,-1.2567469533019797,1.5794129046338083
2012-12-24,TSLA,Tesla,2.2426669597625732,2.2899999618530273,2.2366669178009033,2.2853329181671143,2.2853329181671143,5637000,0.0,0.0,0.8201289275551458,0.6726114578127536
2012-12-26,TSLA,Tesla,2.263999938964844,2.299999952316284,2.233333110809326,2.239332914352417,2.239332914352417,9021000,0.0,0.0,-2.0333695540616907,4.134591743385039
2012-12-27,TSLA,Tesla,2.233333110809326,2.260667085647583,2.200000047683716,2.246000051498413,2.246000051498413,8416500,0.0,0.0,0.29728638239602845,0.08837919315811765
2012-12-28,TSLA,Tesla,2.2253329753875732,2.243333101272583,2.2013330459594727,2.2146670818328857,2.2146670818328857,6211500,0.0,0.0,-1.4048788700106185,1.9736846394023124
2012-12-31,TSLA,Tesla,2.200000047683716,2.26466703414917,2.200000047683716,2.257999897003174,2.257999897003174,8923500,0.0,0.0,1.9377329568194743,3.7548090119443427
2013-01-02,TSLA,Tesla,2.3333330154418945,2.363332986831665,2.313999891281128,2.357332944869995,2.357332944869995,17922000,0.0,0.0,4.305145176462114,18.534274990415007
2013-01-03,TSLA,Tesla,2.3453330993652344,2.363332986831665,2.316667079925537,2.318000078201294,2.318000078201294,11130000,0.0,0.0,-1.6826093223810072,2.8311741317634724
2013-01-04,TSLA,Tesla,2.319999933242798,2.319999933242798,2.2613329887390137,2.293333053588867,2.293333053588867,10110000,0.0,0.0,-1.0698537358560407,1.144587016125127
2013-01-07,TSLA,Tesla,2.319999933242798,2.319999933242798,2.259999990463257,2.2893331050872803,2.2893331050872803,6630000,0.0,0.0,-0.17456866282123162,0.030474218039192855
2013-01-08,TSLA,Tesla,2.299999952316284,2.299999952316284,2.2073330879211426,2.245332956314087,2.245332956314087,19260000,0.0,0.0,-1.940673430779464,3.766213364933335
2013-01-09,TSLA,Tesla,2.2673330307006836,2.279333114624023,2.2266669273376465,2.2426669597625732,2.2426669597625732,10470000,0.0,0.0,-0.11880556661983295,0.014114762659859566
2013-01-10,TSLA,Tesla,2.257999897003174,2.2660000324249268,2.2253329753875732,2.23533296585083,2.23533296585083,13837500,0.0,0.0,-0.3275569714600737,0.10729356955209553
2013-01-11,TSLA,Tesla,2.2693328857421875,2.2693328857421875,2.140666961669922,2.194000005722046,2.194000005722046,23448000,0.0,0.0,-1.8663830517649231,3.4833856959153477
2013-01-14,TSLA,Tesla,2.2053329944610596,2.2253329753875732,2.190000057220459,2.2173330783843994,2.2173330783843994,13876500,0.0,0.0,1.0578793221507334,1.1191086602340952
2013-01-15,TSLA,Tesla,2.2073330879211426,2.2833330631256104,2.2053329944610596,2.259999990463257,2.259999990463257,24363000,0.0,0.0,1.9059651381807832,3.632703107960492
2013-01-16,TSLA,Tesla,2.256666898727417,2.2820000648498535,2.248667001724243,2.2733330726623535,2.2733330726623535,20673000,0.0,0.0,0.5882259458203881,0.3460097633362902
2013-01-17,TSLA,Tesla,2.2773330211639404,2.3233330249786377,2.2613329887390137,2.2920000553131104,2.2920000553131104,21550500,0.0,0.0,0.8177754463011996,0.6687566805731262
2013-01-18,TSLA,Tesla,2.315999984741211,2.318666934967041,2.254667043685913,2.301332950592041,2.301332950592041,53326500,0.0,0.0,0.4063675814546382,0.165134611257292
2013-01-22,TSLA,Tesla,2.303999900817871,2.369999885559082,2.2839999198913574,2.3459999561309814,2.3459999561309814,28803000,0.0,0.0,1.9223232731628077,3.6953267665433707
2013-01-23,TSLA,Tesla,2.334666967391968,2.4159998893737793,2.330667018890381,2.4000000953674316,2.4000000953674316,23464500,0.0,0.0,2.2757045558541784,5.178831225535464
2013-01-24,TSLA,Tesla,2.4000000953674316,2.51466703414917,2.3893330097198486,2.4660000801086426,2.4660000801086426,29556000,0.0,0.0,2.7128660137079557,7.359642008331694
2013-01-25,TSLA,Tesla,2.4666669368743896,2.50266695022583,2.453332901000977,2.4653329849243164,2.4653329849243164,19317000,0.0,0.0,-0.027055369393955853,0.0007319930130434031
2013-01-28,TSLA,Tesla,2.4573330879211426,2.580667018890381,2.4573330879211426,2.5353329181671143,2.5353329181671143,29790000,0.0,0.0,2.799807355235152,7.838921226428856
2013-01-29,TSLA,Tesla,2.5399999618530273,2.562666893005371,2.4753329753875732,2.5299999713897705,2.5299999713897705,21399000,0.0,0.0,-0.21056656547828695,0.044338278497321706
2013-01-30,TSLA,Tesla,2.5233330726623535,2.5333330631256104,2.495332956314087,2.501332998275757,2.501332998275757,14521500,0.0,0.0,-1.1395502346822561,1.298574737364385
2013-01-31,TSLA,Tesla,2.5246670246124268,2.5246670246124268,2.461999893188477,2.500667095184326,2.500667095184326,13521000,0.0,0.0,-0.026625473127643406,0.0007089158192708612
2013-02-01,TSLA,Tesla,2.5446670055389404,2.566667079925537,2.507999897003174,2.553333044052124,2.553333044052124,16509000,0.0,0.0,2.0842047435932343,4.343909413216539
2013-02-04,TSLA,Tesla,2.559999942779541,2.561332941055298,2.50600004196167,2.5160000324249268,2.5160000324249268,16920000,0.0,0.0,-1.4729230063186316,2.1695021825427157
2013-02-05,TSLA,Tesla,2.5333330631256104,2.576667070388794,2.51200008392334,2.5420000553131104,2.5420000553131104,19653000,0.0,0.0,1.028084280125878,1.0569572870419448
2013-02-06,TSLA,Tesla,2.545332908630371,2.625999927520752,2.5266671180725098,2.611332893371582,2.611332893371582,28398000,0.0,0.0,2.690958356692115,7.241256877451129
2013-02-07,TSLA,Tesla,2.6126670837402344,2.6453330516815186,2.5966670513153076,2.631999969482422,2.631999969482422,17949000,0.0,0.0,0.7883223774381579,0.6214521707697495
2013-02-08,TSLA,Tesla,2.630000114440918,2.6666669845581055,2.609333038330078,2.615999937057495,2.615999937057495,17097000,0.0,0.0,-0.6097592333884738,0.3718063227024993
2013-02-11,TSLA,Tesla,2.5320000648498535,2.609999895095825,2.5,2.561332941055298,2.561332941055298,48994500,0.0,0.0,-2.1118606450012654,4.459955383905161
2013-02-12,TSLA,Tesla,2.563333034515381,2.5913329124450684,2.486000061035156,2.5260000228881836,2.5260000228881836,33919500,0.0,0.0,-1.3890770095010818,1.9295349383244687
2013-02-13,TSLA,Tesla,2.553333044052124,2.5999999046325684,2.5366671085357666,2.563333034515381,2.563333034515381,14502000,0.0,0.0,1.4671345286124442,2.1524837250468587
2013-02-14,TSLA,Tesla,2.575999975204468,2.5833330154418945,2.547333002090454,2.551332950592041,2.551332950592041,14860500,0.0,0.0,-0.46924299562574845,0.22018898894382619
2013-02-15,TSLA,Tesla,2.566667079925537,2.567332983016968,2.4633328914642334,2.4693329334259033,2.4693329334259033,30264000,0.0,0.0,-3.266790159300274,10.67191794490111
2013-02-19,TSLA,Tesla,2.4906671047210693,2.619333028793335,2.487333059310913,2.618666887283325,2.618666887283325,40521000,0.0,0.0,5.871731990555487,34.4772365689127
2013-02-20,TSLA,Tesla,2.619999885559082,2.6433329582214355,2.563999891281128,2.569333076477051,2.569333076477051,46830000,0.0,0.0,-1.901900471776333,3.617225404543038
2013-02-21,TSLA,Tesla,2.432667016983032,2.4926669597625732,2.3026669025421143,2.3440001010894775,2.3440001010894775,135567000,0.0,0.0,-9.178744707231846,84.24935440053663
2013-02-22,TSLA,Tesla,2.381333112716675,2.4260001182556152,2.373332977294922,2.4073328971862793,2.4073328971862793,38209500,0.0,0.0,2.666053817111362,7.107842955734063
2013-02-25,TSLA,Tesla,2.4100000858306885,2.450000047683716,2.2893331050872803,2.2920000553131104,2.2920000553131104,43341000,0.0,0.0,-4.909463002717645,24.102826975053357
2013-02-26,TSLA,Tesla,2.297333002090454,2.330667018890381,2.25333309173584,2.295332908630371,2.295332908630371,41443500,0.0,0.0,0.14530682337099665,0.02111407291817002
2013-02-27,TSLA,Tesla,2.2939999103546143,2.3606669902801514,2.293333053588867,2.3399999141693115,2.3399999141693115,29388000,0.0,0.0,1.9273001470505595,3.7144858568211085
2013-02-28,TSLA,Tesla,2.392667055130005,2.4066669940948486,2.291332960128784,2.322000026702881,2.322000026702881,29473500,0.0,0.0,-0.7721997914179564,0.5962925178659353
2013-03-01,TSLA,Tesla,2.3333330154418945,2.3386669158935547,2.2833330631256104,2.309999942779541,2.309999942779541,23199000,0.0,0.0,-0.5181395012707969,0.26846854277715015
2013-03-04,TSLA,Tesla,2.318000078201294,2.388667106628418,2.313333034515381,2.371999979019165,2.371999979019165,26365500,0.0,0.0,2.648597252732997,7.0150674071847785
2013-03-05,TSLA,Tesla,2.4000000953674316,2.4613330364227295,2.385999917984009,2.4433329105377197,2.4433329105377197,31305000,0.0,0.0,2.962958189966836,8.77912123549155
2013-03-06,TSLA,Tesla,2.4673330783843994,2.5253329277038574,2.4646670818328857,2.512666940689087,2.512666940689087,17250000,0.0,0.0,2.7981661043304986,7.8297335474241185
2013-03-07,TSLA,Tesla,2.5153329372406006,2.576667070388794,2.458667039871216,2.5486669540405273,2.5486669540405273,17374500,0.0,0.0,1.4225744127449746,2.0237179597967097
2013-03-08,TSLA,Tesla,2.5373330116271973,2.629333019256592,2.4906671047210693,2.564666986465454,2.564666986465454,13681500,0.0,0.0,0.6258180995387023,0.3916482937102331
2013-03-11,TSLA,Tesla,2.5913329124450684,2.629333019256592,2.576667070388794,2.6066670417785645,2.6066670417785645,23692500,0.0,0.0,1.624376943783952,2.638600455496892
2013-03-12,TSLA,Tesla,2.5933330059051514,2.625333070755005,2.5899999141693115,2.6080000400543213,2.6080000400543213,19126500,0.0,0.0,0.051124962873865906,0.002613761828854167
2013-03-13,TSLA,Tesla,2.5999999046325684,2.632667064666748,2.5873329639434814,2.5986669063568115,2.5986669063568115,12330000,0.0,0.0,-0.3585074209640354,0.12852757088628408
2013-03-14,TSLA,Tesla,2.5933330059051514,2.5940001010894775,2.4513330459594727,2.456666946411133,2.456666946411133,30315000,0.0,0.0,-5.6193053808328886,31.576592963057454
2013-03-15,TSLA,Tesla,2.442667007446289,2.4433329105377197,2.3473329544067383,2.3526670932769775,2.3526670932769775,49194000,0.0,0.0,-4.325591348919968,18.710740517851267
2013-03-18,TSLA,Tesla,2.353332996368408,2.4040000438690186,2.328000068664551,2.3433330059051514,2.3433330059051514,19741500,0.0,0.0,-0.39753404885669186,0.15803332000039466
2013-03-19,TSLA,Tesla,2.3499999046325684,2.373332977294922,2.3293330669403076,2.3386669158935547,2.3386669158935547,16477500,0.0,0.0,-0.19932044572165802,0.03972864008268042
2013-03-20,TSLA,Tesla,2.3506669998168945,2.4046669006347656,2.3440001010894775,2.396667003631592,2.396667003631592,21345000,0.0,0.0,2.449795069245574,6.0014958812999275
2013-03-21,TSLA,Tesla,2.396667003631592,2.470666885375977,2.382667064666748,2.4006669521331787,2.4006669521331787,17194500,0.0,0.0,0.16675718077539542,0.027807957340157907
2013-03-22,TSLA,Tesla,2.413332939147949,2.453332901000977,2.413332939147949,2.441333055496216,2.441333055496216,6603000,0.0,0.0,1.679762886874991,2.821603356122604
2013-03-25,TSLA,Tesla,2.4733328819274902,2.568000078201294,2.4513330459594727,2.502000093460083,2.502000093460083,35682000,0.0,0.0,2.454622506020271,6.025171647061236
2013-03-26,TSLA,Tesla,2.5320000648498535,2.5480000972747803,2.510667085647583,2.5239999294281006,2.5239999294281006,27123000,0.0,0.0,0.875446731975736,0.7664069805269961
2013-03-27,TSLA,Tesla,2.529333114624023,2.558666944503784,2.487333059310913,2.5439999103546143,2.5439999103546143,19444500,0.0,0.0,0.7892693521283096,0.6229461102090416
2013-03-28,TSLA,Tesla,2.5486669540405273,2.549333095550537,2.516666889190674,2.5260000228881836,2.5260000228881836,17380500,0.0,0.0,-0.7100577250571078,0.5041819729132754
2013-04-01,TSLA,Tesla,2.8239998817443848,3.111999988555908,2.7799999713897705,2.9286670684814453,2.9286670684814453,211477500,0.0,0.0,14.791036109671532,218.77474919760718
2013-04-02,TSLA,Tesla,2.9066669940948486,3.0333330631256104,2.9006669521331787,2.9560000896453857,2.9560000896453857,99786000,0.0,0.0,0.928963932648684,0.8629739881621088
2013-04-03,TSLA,Tesla,2.873332977294922,2.8980000019073486,2.680666923522949,2.740000009536743,2.740000009536743,84654000,0.0,0.0,-7.587910953199802,57.57639263368952
2013-04-04,TSLA,Tesla,2.7406671047210693,2.816667079925537,2.720666885375977,2.8006670475006104,2.8006670475006104,33972000,0.0,0.0,2.1899696178275896,4.795966927007918
2013-04-05,TSLA,Tesla,2.799999952316284,2.799999952316284,2.700000047683716,2.757999897003174,2.757999897003174,23286000,0.0,0.0,-1.5351878032460664,2.356801591235483
2013-04-08,TSLA,Tesla,2.7980000972747803,2.836667060852051,2.7673330307006836,2.7886669635772705,2.7886669635772705,25185000,0.0,0.0,1.1057948795987211,1.2227823157467501
2013-04-09,TSLA,Tesla,2.7866671085357666,2.7886669635772705,2.688667058944702,2.700000047683716,2.700000047683716,25441500,0.0,0.0,-3.2311900151425785,10.440588913957097
2013-04-10,TSLA,Tesla,2.7133328914642334,2.8006670475006104,2.7073330879211426,2.7906670570373535,2.7906670570373535,31816500,0.0,0.0,3.3028865129098914,10.909059317162063
2013-04-11,TSLA,Tesla,2.803999900817871,2.9700000286102295,2.7833330631256104,2.9059998989105225,2.9059998989105225,51711000,0.0,0.0,4.049687456160454,16.399968492583326
2013-04-12,TSLA,Tesla,2.8833329677581787,3.0093328952789307,2.869999885559082,2.9166669845581055,2.9166669845581055,47241000,0.0,0.0,0.3663990331135881,0.13424825146657224
2013-04-15,TSLA,Tesla,2.9000000953674316,2.9200000762939453,2.8340001106262207,2.886667013168335,2.886667013168335,25221000,0.0,0.0,-1.0338966751311076,1.0689423348471592
2013-04-16,TSLA,Tesla,2.946000099182129,3.075999975204468,2.927333116531372,3.0393331050872803,3.0393331050872803,47706000,0.0,0.0,5.153556408428309,26.55914365485249
2013-04-17,TSLA,Tesla,3.0333330631256104,3.063333034515381,2.9693329334259033,3.0299999713897705,3.0299999713897705,31777500,0.0,0.0,-0.30755079467721136,0.09458749130658421
2013-04-18,TSLA,Tesla,3.0653328895568848,3.173332929611206,3.0260000228881836,3.131333112716675,3.131333112716675,50518500,0.0,0.0,3.2896218403190494,10.82161185230409
2013-04-19,TSLA,Tesla,3.1640000343322754,3.3253331184387207,3.138000011444092,3.188667058944702,3.188667058944702,45175500,0.0,0.0,1.8144151130430668,3.292102202439085
2013-04-22,TSLA,Tesla,3.240000009536743,3.3466670513153076,3.183332920074463,3.3459999561309814,3.3459999561309814,59091000,0.0,0.0,4.8162609841168855,23.19636986712655
2013-04-23,TSLA,Tesla,3.4000000953674316,3.5280001163482666,3.377332925796509,3.4006669521331787,3.4006669521331787,56007000,0.0,0.0,1.620598532315274,2.62633960294242
2013-04-24,TSLA,Tesla,3.3933329582214355,3.4033329486846924,3.2653329372406006,3.361999988555908,3.361999988555908,39450000,0.0,0.0,-1.14355431944305,1.3077164815168572
2013-04-25,TSLA,Tesla,3.3666670322418213,3.493333101272583,3.3666670322418213,3.4666669368743896,3.4666669368743896,41938500,0.0,0.0,3.065756384127938,9.398862206821208
2013-04-26,TSLA,Tesla,3.5420000553131104,3.582667112350464,3.374666929244995,3.413332939147949,3.413332939147949,54331500,0.0,0.0,-1.5504379964503565,2.4038579808369955
2013-04-29,TSLA,Tesla,3.450666904449463,3.6659998893737793,3.413332939147949,3.6626670360565186,3.6626670360565186,54595500,0.0,0.0,7.050236495837457,49.705834647238426
2013-04-30,TSLA,Tesla,3.733333110809326,3.878667116165161,3.5840001106262207,3.5993330478668213,3.5993330478668213,82839000,0.0,0.0,-1.744301660057886,3.042588281280697
2013-05-01,TSLA,Tesla,3.732666969299317,3.732666969299317,3.5333330631256104,3.552000045776367,3.552000045776367,41142000,0.0,0.0,-1.3237725799627547,1.7523738434612477
2013-05-02,TSLA,Tesla,3.5899999141693115,3.6846671104431152,3.5799999237060547,3.607332944869995,3.607332944869995,45756000,0.0,0.0,1.545786484789361,2.3894558565574493
2013-05-03,TSLA,Tesla,3.76466703414917,3.76466703414917,3.6333329677581783,3.636667013168335,3.636667013168335,50680500,0.0,0.0,0.8098903591576134,0.655922393856448
2013-05-06,TSLA,Tesla,3.75933289527893,3.977333068847656,3.700000047683716,3.9666669368743896,3.9666669368743896,65500500,0.0,0.0,8.68585731120817,75.44411723066844
2013-05-07,TSLA,Tesla,4.133333206176758,4.1579999923706055,3.6746668815612793,3.700666904449463,3.700666904449463,149865000,0.0,0.0,-6.941313171506462,48.181828544929104
2013-05-08,TSLA,Tesla,3.8333330154418945,3.880000114440918,3.71399998664856,3.7193329334259033,3.7193329334259033,101548500,0.0,0.0,0.5031285380053775,0.2531383257554286
2013-05-09,TSLA,Tesla,4.674666881561279,5.051332950592041,4.245999813079834,4.626667022705078,4.626667022705078,429075000,0.0,0.0,21.82924101301382,476.51576320424465
2013-05-10,TSLA,Tesla,4.6433329582214355,5.400000095367432,4.616666793823242,5.117332935333252,5.117332935333252,376239000,0.0,0.0,10.079664889829445,101.59964429126043
2013-05-13,TSLA,Tesla,5.3993330001831055,5.866666793823242,5.27666711807251,5.853332996368408,5.853332996368408,336253500,0.0,0.0,13.437784970843222,180.57406492261995
2013-05-14,TSLA,Tesla,6.281332969665527,6.474667072296143,5.409999847412109,5.549333095550537,5.549333095550537,557458500,0.0,0.0,-5.333348439649108,28.444605578707577
2013-05-15,TSLA,Tesla,5.453332901000977,5.791999816894531,5.207333087921143,5.656000137329102,5.656000137329102,253180500,0.0,0.0,1.9039195300193994,3.6249095767892907
2013-05-16,TSLA,Tesla,6.313333034515381,6.3333330154418945,5.9106669425964355,6.150000095367432,6.150000095367432,324210000,0.0,0.0,8.373514445080312,70.11574416196865
2013-05-17,TSLA,Tesla,6.1666669845581055,6.296000003814697,5.8333330154418945,6.099999904632568,6.099999904632568,285033000,0.0,0.0,-0.8163341780065593,0.6664014901816449
2013-05-20,TSLA,Tesla,6.074666976928711,6.1666669845581055,5.908667087554932,5.995999813079834,5.995999813079834,125226000,0.0,0.0,-1.7196206479053253,2.957095172702331
2013-05-21,TSLA,Tesla,5.900000095367432,5.999332904815674,5.685332775115967,5.8393330574035645,5.8393330574035645,134973000,0.0,0.0,-2.6475961247062965,7.009765239559799
2013-05-22,TSLA,Tesla,5.757999897003174,6.064000129699707,5.699999809265137,5.815999984741211,5.815999984741211,128520000,0.0,0.0,-0.40038502115140473,0.1603081651624108
2013-05-23,TSLA,Tesla,5.6539998054504395,6.200666904449463,5.5366668701171875,6.182000160217285,6.182000160217285,180333000,0.0,0.0,6.102913201903386,37.24554954996663
2013-05-24,TSLA,Tesla,6.173333168029785,6.53000020980835,6.133333206176758,6.4720001220703125,6.4720001220703125,241863000,0.0,0.0,4.584332899082307,21.01610812960839
2013-05-28,TSLA,Tesla,6.769999980926514,7.383333206176758,6.686666965484619,7.355332851409912,7.355332851409912,295378500,0.0,0.0,12.794040953224595,163.6874839127881
2013-05-29,TSLA,Tesla,7.570000171661377,7.659999847412109,6.599999904632568,6.975333213806152,6.975333213806152,376492500,0.0,0.0,-5.304550899468195,28.138260245048837
2013-05-30,TSLA,Tesla,6.830667018890381,7.302667140960693,6.74666690826416,6.99666690826416,6.99666690826416,242005500,0.0,0.0,0.30537805397507944,0.09325575584960653
2013-05-31,TSLA,Tesla,7.084000110626221,7.0960001945495605,6.51533317565918,6.517333030700684,6.517333030700684,227580000,0.0,0.0,-7.0968631808770315,50.36546700808806
2013-06-03,TSLA,Tesla,6.507999897003174,6.507999897003174,5.883333206176758,6.172667026519775,6.172667026519775,287094000,0.0,0.0,-5.433424623045171,29.522103134313554
2013-06-04,TSLA,Tesla,6.183332920074463,6.427999973297119,6.159999847412109,6.322667121887207,6.322667121887207,132841500,0.0,0.0,2.401013043759963,5.764863636305482
2013-06-05,TSLA,Tesla,6.24399995803833,6.531332969665527,5.940667152404785,6.357999801635742,6.357999801635742,183372000,0.0,0.0,0.557269919627104,0.310549763321199
2013-06-06,TSLA,Tesla,6.349999904632568,6.618000030517578,6.340666770935059,6.489999771118164,6.489999771118164,142663500,0.0,0.0,2.0548664159700483,4.222475987481592
2013-06-07,TSLA,Tesla,6.533332824707031,6.860000133514404,6.446667194366455,6.802667140960693,6.802667140960693,160674000,0.0,0.0,4.705226644402661,22.139157775196722
2013-06-10,TSLA,Tesla,6.595333099365234,6.834667205810547,6.571332931518555,6.670000076293945,6.670000076293945,138429000,0.0,0.0,-1.9694890527272948,3.878887128812657
2013-06-11,TSLA,Tesla,6.545332908630371,6.578667163848877,6.269999980926514,6.297999858856201,6.297999858856201,110910000,0.0,0.0,-5.738777109796435,32.93356271592352
2013-06-12,TSLA,Tesla,6.453332901000977,6.698667049407959,6.383333206176758,6.51533317565918,6.51533317565918,137890500,0.0,0.0,3.3926248780119836,11.509903562905826
2013-06-13,TSLA,Tesla,6.599999904632568,6.618667125701904,6.341332912445068,6.545332908630371,6.545332908630371,89424000,0.0,0.0,0.4593913593257561,0.21104042102316595
2013-06-14,TSLA,Tesla,6.6666669845581055,6.834667205810547,6.622000217437744,6.686666965484619,6.686666965484619,98470500,0.0,0.0,2.1363275912987825,4.563895577344458
2013-06-17,TSLA,Tesla,6.906667232513428,6.983333110809326,6.74666690826416,6.813333034515381,6.813333034515381,105993000,0.0,0.0,1.87658942552664,3.521587871998405
2013-06-18,TSLA,Tesla,6.783332824707031,6.932000160217285,6.613333225250244,6.892666816711426,6.892666816711426,131929500,0.0,0.0,1.1576633455572243,1.3401844216467453
2013-06-19,TSLA,Tesla,6.803999900817871,7.111332893371582,6.800666809082031,6.97866678237915,6.97866678237915,128683500,0.0,0.0,1.239982687547746,1.537557065418131
2013-06-20,TSLA,Tesla,6.9766669273376465,7.142000198364258,6.630000114440918,6.710000038146973,6.710000038146973,151597500,0.0,0.0,-3.925893647193869,15.41264092907718
2013-06-21,TSLA,Tesla,6.913332939147949,6.913332939147949,6.5,6.636666774749756,6.636666774749756,175779000,0.0,0.0,-1.0989110974938845,1.2076056001952138
2013-06-24,TSLA,Tesla,6.433332920074463,6.857999801635742,6.353332996368408,6.765999794006348,6.765999794006348,106797000,0.0,0.0,1.930019421936079,3.7249749690504763
2013-06-25,TSLA,Tesla,6.873332977294922,6.946667194366455,6.703332901000977,6.826666831970215,6.826666831970215,87730500,0.0,0.0,0.8926495804479042,0.7968232734738194
2013-06-26,TSLA,Tesla,6.920000076293945,7.058000087738037,6.843999862670898,7.047999858856201,7.047999858856201,99039000,0.0,0.0,3.1907332890216087,10.180778921670653
2013-06-27,TSLA,Tesla,7.116666793823242,7.349999904632568,7.075333118438721,7.283332824707031,7.283332824707031,131173500,0.0,0.0,3.2844694431412047,10.787739522928295
2013-06-28,TSLA,Tesla,7.23799991607666,7.296000003814697,7.113999843597412,7.157332897186279,7.157332897186279,86229000,0.0,0.0,-1.7451151855140838,3.045427010711855
2013-07-01,TSLA,Tesla,7.2906670570373535,7.851333141326904,7.27666711807251,7.811999797821045,7.811999797821045,163554000,0.0,0.0,8.752357594979822,76.60376347040096
2013-07-02,TSLA,Tesla,7.883333206176758,8.12600040435791,7.699999809265137,7.8546671867370605,7.8546671867370605,180961500,0.0,0.0,0.5446914069103483,0.29668872876197466
2013-07-03,TSLA,Tesla,7.866666793823242,7.949999809265137,7.618000030517578,7.682666778564453,7.682666778564453,72100500,0.0,0.0,-2.2141177523888516,4.90231742144346
2013-07-05,TSLA,Tesla,7.888000011444092,8.018667221069336,7.7133331298828125,8.005999565124512,8.005999565124512,102280500,0.0,0.0,4.122448257259886,16.99457963378507
2013-07-08,TSLA,Tesla,8.091333389282227,8.145333290100098,7.921332836151123,8.107333183288574,8.107333183288574,117213000,0.0,0.0,1.257777713172571,1.5820047757536222
2013-07-09,TSLA,Tesla,8.309332847595215,8.354666709899902,8.12733268737793,8.229999542236328,8.229999542236328,129049500,0.0,0.0,1.501697568422248,2.2550955870052922
2013-07-10,TSLA,Tesla,8.212667465209961,8.216667175292969,8.052666664123535,8.15133285522461,8.15133285522461,84001500,0.0,0.0,-0.9604504667795992,0.92246509913715
2013-07-11,TSLA,Tesla,8.325332641601562,8.406000137329102,8.15666675567627,8.37399959564209,8.37399959564209,112254000,0.0,0.0,2.6950164909807737,7.2631138866583225
2013-07-12,TSLA,Tesla,8.366666793823242,8.662667274475098,8.300666809082031,8.65999984741211,8.65999984741211,170160000,0.0,0.0,3.3583085644851596,11.278236414294373
2013-07-15,TSLA,Tesla,8.868666648864746,8.883999824523926,8.454667091369629,8.484000205993652,8.484000205993652,148836000,0.0,0.0,-2.0532643971807745,4.215894684730129
2013-07-16,TSLA,Tesla,8.41866683959961,8.421333312988281,7.1533331871032715,7.269999980926514,7.269999980926514,485578500,0.0,0.0,-15.442577206084723,238.47319076588744
2013-07-17,TSLA,Tesla,7.101333141326904,8.107999801635742,6.966667175292969,8.016667366027832,8.016667366027832,390435000,0.0,0.0,9.77665062002159,95.58289734596853
2013-07-18,TSLA,Tesla,8.064666748046875,8.182000160217285,7.745333194732666,7.935332775115967,7.935332775115967,170971500,0.0,0.0,-1.0197504390279215,1.0398909578976387
2013-07-19,TSLA,Tesla,7.900000095367432,8.036666870117188,7.767333030700684,7.97866678237915,7.97866678237915,88354500,0.0,0.0,0.5446036894914779,0.29659317860773005
2013-07-22,TSLA,Tesla,7.992667198181152,8.445332527160645,7.992000102996826,8.161999702453613,8.161999702453613,146967000,0.0,0.0,2.271787290183905,5.161017491841131
2013-07-23,TSLA,Tesla,8.266667366027832,8.370667457580566,8.121333122253418,8.182666778564453,8.182666778564453,116046000,0.0,0.0,0.2528909005188339,0.06395380756522674
2013-07-24,TSLA,Tesla,8.29800033569336,8.300000190734863,7.970666885375977,8.113332748413086,8.113332748413086,103035000,0.0,0.0,-0.8509382736153352,0.7240959455034471
2013-07-25,TSLA,Tesla,8.026666641235352,8.316666603088379,8.012666702270508,8.271332740783691,8.271332740783691,79264500,0.0,0.0,1.9286922916051286,3.7198539556970425
2013-07-26,TSLA,Tesla,8.542667388916016,8.711999893188477,8.440667152404785,8.62600040435791,8.62600040435791,144496500,0.0,0.0,4.1985295388675095,17.627650288743023
2013-07-29,TSLA,Tesla,8.621333122253418,9.024666786193848,8.550000190734863,8.974666595458984,8.974666595458984,145183500,0.0,0.0,3.9624840443766858,15.701279801939817
2013-07-30,TSLA,Tesla,8.986666679382324,9.166000366210938,8.545332908630371,8.78266716003418,8.78266716003418,196905000,0.0,0.0,-2.1625647260585263,4.676686194392589
2013-07-31,TSLA,Tesla,8.838000297546387,8.998000144958496,8.763333320617676,8.95199966430664,8.95199966430664,95275500,0.0,0.0,1.9096795224891938,3.6468758786145554
2013-08-01,TSLA,Tesla,9.0,9.101332664489746,8.842000007629395,9.036666870117188,9.036666870117188,79854000,0.0,0.0,0.9413463845989272,0.8861330157974713
2013-08-02,TSLA,Tesla,8.97266674041748,9.216667175292969,8.907333374023438,9.199999809265137,9.199999809265137,94048500,0.0,0.0,1.7913065966589676,3.2087793232339332
2013-08-05,TSLA,Tesla,9.333999633789062,9.65933322906494,9.3100004196167,9.645333290100098,9.645333290100098,153010500,0.0,0.0,4.7270738176447304,22.345226877462327
2013-08-06,TSLA,Tesla,9.649999618530272,9.715332984924316,9.40666675567627,9.476667404174805,9.476667404174805,138817500,0.0,0.0,-1.76414866810145,3.11222052316412
2013-08-07,TSLA,Tesla,9.459333419799805,9.463333129882812,8.824000358581543,8.9486665725708,8.9486665725708,273183000,0.0,0.0,-5.73281799361134,32.865202147873944
2013-08-08,TSLA,Tesla,10.289999961853027,10.592000007629396,10.030667304992676,10.232000350952148,10.232000350952148,408702000,0.0,0.0,13.401556369374457,179.6017131215211
2013-08-09,TSLA,Tesla,10.15999984741211,10.396666526794434,10.083333015441896,10.199999809265137,10.199999809265137,133915500,0.0,0.0,-0.3132396985279343,0.09811910873387118
2013-08-12,TSLA,Tesla,9.961999893188477,10.033332824707031,9.470000267028809,9.825332641601562,9.825332641601562,223683000,0.0,0.0,-3.74236877569689,14.00532405331104
2013-08-13,TSLA,Tesla,9.966667175292969,9.989333152770996,9.630000114440918,9.695332527160645,9.695332527160645,131233500,0.0,0.0,-1.3319426896944901,1.774071328630593
2013-08-14,TSLA,Tesla,9.514666557312012,9.656000137329102,9.203332901000977,9.290666580200195,9.290666580200195,175407000,0.0,0.0,-4.263428424164275,18.17682192797187
2013-08-15,TSLA,Tesla,9.095333099365234,9.57333278656006,9.0,9.31133270263672,9.31133270263672,152688000,0.0,0.0,0.2221925785998675,0.049369541984858295
2013-08-16,TSLA,Tesla,9.44200038909912,9.593999862670898,9.39799976348877,9.466667175292969,9.466667175292969,106621500,0.0,0.0,1.654468174600855,2.737264940767085
2013-08-19,TSLA,Tesla,9.562000274658203,9.825332641601562,9.522000312805176,9.65999984741211,9.65999984741211,120565500,0.0,0.0,2.0216722201398865,4.087158565685337
2013-08-20,TSLA,Tesla,9.90999984741211,9.985333442687988,9.800000190734863,9.972000122070312,9.972000122070312,96273000,0.0,0.0,3.1787545474039653,10.104480472641388
2013-08-21,TSLA,Tesla,10.0,10.02066707611084,9.75,9.857333183288574,9.857333183288574,93994500,0.0,0.0,-1.1565514097512442,1.3376111633975902
2013-08-22,TSLA,Tesla,9.947999954223633,10.498666763305664,9.87600040435791,10.473333358764648,10.473333358764648,158886000,0.0,0.0,6.061668278245643,36.743822315489496
2013-08-23,TSLA,Tesla,10.466667175292969,10.81999969482422,10.333333015441896,10.78933334350586,10.78933334350586,193978500,0.0,0.0,2.9725646112549438,8.836140368085255
2013-08-26,TSLA,Tesla,11.010000228881836,11.533332824707031,10.68333339691162,10.947999954223633,10.947999954223633,362566500,0.0,0.0,1.459879429706705,2.1312479492807745
2013-08-27,TSLA,Tesla,10.81999969482422,11.25333309173584,10.729999542236328,11.133999824523926,11.133999824523926,263503500,0.0,0.0,1.6846687003756906,2.8381086300255185
2013-08-28,TSLA,Tesla,11.27066707611084,11.43333339691162,10.883333206176758,11.096667289733888,11.096667289733888,221101500,0.0,0.0,-0.33586549330695203,0.11280562959432225
2013-08-29,TSLA,Tesla,10.947999954223633,11.18333339691162,10.833999633789062,11.070667266845703,11.070667266845703,141540000,0.0,0.0,-0.23457971227427718,0.05502764141068267
2013-08-30,TSLA,Tesla,11.091333389282228,11.280667304992676,10.93066692352295,11.266667366027832,11.266667366027832,165426000,0.0,0.0,1.7549553949214536,3.079868438163915
2013-09-03,TSLA,Tesla,11.5600004196167,11.579999923706056,11.09333324432373,11.262666702270508,11.262666702270508,180916500,0.0,0.0,-0.035515153597055496,0.0012613261350224439
2013-09-04,TSLA,Tesla,11.317999839782717,11.441332817077637,11.03733253479004,11.374667167663574,11.374667167663574,172135500,0.0,0.0,0.9895280064945339,0.9791656756370463
2013-09-05,TSLA,Tesla,11.34000015258789,11.43333339691162,11.216667175292969,11.32866668701172,11.32866668701172,100279500,0.0,0.0,-0.4052316183617171,0.16421266452005634
2013-09-06,TSLA,Tesla,11.23799991607666,11.313332557678224,11.010000228881836,11.131333351135254,11.131333351135254,129295500,0.0,0.0,-1.7572432181777526,3.087903727831705
2013-09-09,TSLA,Tesla,10.874667167663574,10.966667175292969,10.567333221435549,10.713333129882812,10.713333129882812,215167500,0.0,0.0,-3.827490340706454,14.649682308201209
2013-09-10,TSLA,Tesla,10.763333320617676,11.166666984558104,10.708666801452637,11.091333389282228,11.091333389282228,134517000,0.0,0.0,3.4674974962967635,12.023538886824323
2013-09-11,TSLA,Tesla,11.093999862670898,11.19333267211914,10.808667182922363,10.90133285522461,10.90133285522461,87487500,0.0,0.0,-1.727896555851309,2.985626507722816
2013-09-12,TSLA,Tesla,10.93333339691162,11.11733341217041,10.70066738128662,10.995332717895508,10.995332717895508,92400000,0.0,0.0,0.858582232990233,0.7371634508064947
2013-09-13,TSLA,Tesla,10.851332664489746,11.091333389282228,10.810667037963867,11.03600025177002,11.03600025177002,81018000,0.0,0.0,0.3691794783350585,0.13629348722374593
2013-09-16,TSLA,Tesla,11.199999809265137,11.390000343322754,11.05666732788086,11.10533332824707,11.10533332824707,113623500,0.0,0.0,0.6262793778422018,0.39222585911041535
2013-09-17,TSLA,Tesla,11.005332946777344,11.227999687194824,10.890666961669922,11.08199977874756,11.08199977874756,82453500,0.0,0.0,-0.21033224668527947,0.04423965399567726
2013-09-18,TSLA,Tesla,11.137999534606934,11.16333293914795,10.946666717529297,11.08133316040039,11.08133316040039,81595500,0.0,0.0,-0.00601550632480025,3.6186316343711814e-05
2013-09-19,TSLA,Tesla,11.386667251586914,12.031332969665527,11.272000312805176,11.861332893371582,11.861332893371582,233919000,0.0,0.0,6.802177745102606,46.26962207596917
2013-09-20,TSLA,Tesla,11.92666721343994,12.388667106628418,11.904000282287598,12.22599983215332,12.22599983215332,201025500,0.0,0.0,3.0281045009959087,9.16941686895168
2013-09-23,TSLA,Tesla,12.298666954040527,12.36533260345459,11.807332992553713,12.074000358581545,12.074000358581545,122601000,0.0,0.0,-1.2510407804979158,1.5651030344688344
2013-09-24,TSLA,Tesla,11.942667007446287,12.330666542053224,11.84333324432373,12.155332565307615,12.155332565307615,94101000,0.0,0.0,0.6713557691755526,0.45071856880529787
2013-09-25,TSLA,Tesla,12.237333297729492,12.420000076293944,12.033332824707031,12.349332809448242,12.349332809448242,123790500,0.0,0.0,1.583407032356162,2.507177830114948
2013-09-26,TSLA,Tesla,12.446666717529297,12.645333290100098,12.37399959564209,12.576000213623049,12.576000213623049,99216000,0.0,0.0,1.8188214585211386,3.308111497976962
2013-09-27,TSLA,Tesla,12.501333236694336,12.751999855041504,12.428667068481444,12.726667404174805,12.726667404174805,88746000,0.0,0.0,1.1909334905901465,1.4183225790092306
2013-09-30,TSLA,Tesla,12.600000381469728,12.966667175292969,12.533332824707031,12.891332626342772,12.891332626342772,133870500,0.0,0.0,1.2855608538656365,1.6526667089917444
2013-10-01,TSLA,Tesla,12.93066692352295,12.9486665725708,12.55799961090088,12.866666793823242,12.866666793823242,116338500,0.0,0.0,-0.19151984326631952,0.036679850364755594
2013-10-02,TSLA,Tesla,12.572667121887209,12.788666725158691,11.69333267211914,12.063332557678224,12.063332557678224,311631000,0.0,0.0,-6.446951307634366,41.563181163008466
2013-10-03,TSLA,Tesla,11.670000076293944,11.97933292388916,11.199999809265137,11.553999900817873,11.553999900817873,357247500,0.0,0.0,-4.313879583411766,18.609557060176872
2013-10-04,TSLA,Tesla,11.760000228881836,12.07866668701172,11.510000228881836,12.065333366394045,12.065333366394045,216210000,0.0,0.0,4.330464078606832,18.752919136104122
2013-10-07,TSLA,Tesla,12.163999557495115,12.4486665725708,12.017333030700684,12.204667091369627,12.204667091369627,172284000,0.0,0.0,1.1482097498202104,1.31838562958219
2013-10-08,TSLA,Tesla,12.293333053588867,12.395333290100098,11.547332763671877,11.648667335510254,11.648667335510254,206358000,0.0,0.0,-4.662664539234638,21.740440605436156
2013-10-09,TSLA,Tesla,11.648667335510254,11.666000366210938,10.766667366027832,11.251999855041504,11.251999855041504,229747500,0.0,0.0,-3.4645903922072523,12.003386585774802
2013-10-10,TSLA,Tesla,11.53933334350586,11.716667175292969,11.312666893005373,11.528667449951172,11.528667449951172,133258500,0.0,0.0,2.429087743325002,5.900467264771751
2013-10-11,TSLA,Tesla,11.516667366027832,11.952667236328123,11.41333293914795,11.91333293914795,11.91333293914795,124666500,0.0,0.0,3.2821432797471553,10.772464508789414
2013-10-14,TSLA,Tesla,11.666666984558104,12.166666984558104,11.609999656677246,11.981332778930664,11.981332778930664,116544000,0.0,0.0,0.5691648852124059,0.32394866655885124
2013-10-15,TSLA,Tesla,12.35200023651123,12.586000442504885,12.211999893188477,12.262666702270508,12.262666702270508,164677500,0.0,0.0,2.3209582448228754,5.386847174211282
2013-10-16,TSLA,Tesla,12.326666831970217,12.486666679382324,12.13933277130127,12.237333297729492,12.237333297729492,123081000,0.0,0.0,-0.20680337607970634,0.042767636357964454
2013-10-17,TSLA,Tesla,12.236000061035156,12.31999969482422,12.065999984741213,12.186667442321776,12.186667442321776,100575000,0.0,0.0,-0.41488639492926516,0.17213072069740218
2013-10-18,TSLA,Tesla,12.276666641235352,12.397333145141602,12.16800022125244,12.226667404174805,12.226667404174805,88962000,0.0,0.0,0.32768974741074636,0.10738057055811875
2013-10-21,TSLA,Tesla,12.218667030334473,12.22599983215332,11.399999618530272,11.506667137145996,11.506667137145996,172981500,0.0,0.0,-6.0692800605133295,36.83616045294468
2013-10-22,TSLA,Tesla,11.366666793823242,11.85200023651123,11.074000358581545,11.435999870300291,11.435999870300291,170800500,0.0,0.0,-0.6160355315947109,0.37949977618717806
2013-10-23,TSLA,Tesla,11.260666847229004,11.45400047302246,10.67666721343994,10.966667175292969,10.966667175292969,199806000,0.0,0.0,-4.190584763619911,17.561000661083344
2013-10-24,TSLA,Tesla,11.0,11.633333206176758,10.85533332824707,11.543333053588867,11.543333053588867,162385500,0.0,0.0,5.124763002941889,26.26319583632197
2013-10-25,TSLA,Tesla,11.61400032043457,11.633333206176758,11.119999885559082,11.310667037963867,11.310667037963867,113932500,0.0,0.0,-2.0361779407382357,4.146020606349002
2013-10-28,TSLA,Tesla,11.345333099365234,11.366666793823242,10.813332557678224,10.857333183288574,10.857333183288574,117625500,0.0,0.0,-4.090554498744465,16.732636107198584
2013-10-29,TSLA,Tesla,10.850666999816896,11.029999732971191,10.199999809265137,10.964667320251465,10.964667320251465,211675500,0.0,0.0,0.983732014212902,0.9677286757873732
2013-10-30,TSLA,Tesla,10.975333213806152,11.178667068481444,10.54466724395752,10.614666938781738,10.614666938781738,126027000,0.0,0.0,-3.244132306525063,10.524394422239626
2013-10-31,TSLA,Tesla,10.378000259399414,10.829333305358888,10.220000267028809,10.662667274475098,10.662667274475098,140007000,0.0,0.0,0.45118826109646953,0.20357084695125596
2013-11-01,TSLA,Tesla,10.866666793823242,11.0600004196167,10.694000244140623,10.81133270263672,10.81133270263672,107709000,0.0,0.0,1.3846307487505316,1.9172023103854579
2013-11-04,TSLA,Tesla,11.0,11.692667007446287,10.947999954223633,11.68000030517578,11.68000030517578,196806000,0.0,0.0,7.7283095235689885,59.72676809208713
2013-11-05,TSLA,Tesla,12.0,12.095333099365234,11.423999786376951,11.78733253479004,11.78733253479004,337006500,0.0,0.0,0.9147437313759628,0.8367560940916196
2013-11-06,TSLA,Tesla,10.320667266845703,10.715332984924316,9.756667137145996,10.077333450317385,10.077333450317385,466075500,0.0,0.0,-15.673675185419386,245.66409381803143
2013-11-07,TSLA,Tesla,9.612667083740234,9.710000038146973,9.174667358398438,9.317999839782717,9.317999839782717,334270500,0.0,0.0,-7.834069278749039,61.37264146423949
2013-11-08,TSLA,Tesla,9.09866714477539,9.373332977294922,8.821332931518555,9.196666717529297,9.196666717529297,337168500,0.0,0.0,-1.31068911085838,1.7179059453227308
2013-11-11,TSLA,Tesla,9.399999618530272,9.694666862487791,9.140000343322754,9.646666526794434,9.646666526794434,209964000,0.0,0.0,4.777131294405201,22.820983403985515
2013-11-12,TSLA,Tesla,9.645999908447266,9.646666526794434,9.07866668701172,9.186667442321776,9.186667442321776,224778000,0.0,0.0,-4.885917612563886,23.872190916761983
2013-11-13,TSLA,Tesla,9.38933277130127,9.4913330078125,9.089332580566406,9.24666690826416,9.24666690826416,189874500,0.0,0.0,0.6509910436590295,0.42378933892427245
2013-11-14,TSLA,Tesla,9.261333465576172,9.359999656677246,8.940667152404785,9.173333168029783,9.173333168029783,183055500,0.0,0.0,-0.7962445969614932,0.6340054581903707
2013-11-15,TSLA,Tesla,9.123332977294922,9.196666717529297,8.956666946411133,9.029999732971191,9.029999732971191,148503000,0.0,0.0,-1.5748368519426965,2.4801111102367828
2013-11-18,TSLA,Tesla,9.017999649047852,9.029999732971191,7.973999977111816,8.10533332824707,8.10533332824707,347073000,0.0,0.0,-10.803005726675112,116.70493273057527
2013-11-19,TSLA,Tesla,7.961999893188477,8.600000381469727,7.947999954223633,8.406000137329102,8.406000137329102,297243000,0.0,0.0,3.6423472329112334,13.266693365096119
2013-11-20,TSLA,Tesla,8.405332565307617,8.49666690826416,7.937333106994629,8.074000358581543,8.074000358581543,207744000,0.0,0.0,-4.029668607732701,16.2382290881464
2013-11-21,TSLA,Tesla,8.192667007446289,8.31933307647705,8.016667366027832,8.140000343322754,8.140000343322754,178557000,0.0,0.0,0.8141155349059485,0.6627841041751986
2013-11-22,TSLA,Tesla,8.10533332824707,8.183333396911621,7.861999988555908,8.092000007629395,8.092000007629395,166450500,0.0,0.0,-0.5914301943359735,0.34978967477228745
2013-11-25,TSLA,Tesla,8.300000190734863,8.38933277130127,8.020000457763672,8.055999755859375,8.055999755859375,154009500,0.0,0.0,-0.445879513751007,0.19880854078283441
2013-11-26,TSLA,Tesla,7.958666801452637,8.1813325881958,7.739999771118164,8.033332824707031,8.033332824707031,208282500,0.0,0.0,-0.281763659680044,0.07939075991629166
2013-11-27,TSLA,Tesla,8.087332725524902,8.463333129882812,7.967999935150147,8.462667465209961,8.462667465209961,185514000,0.0,0.0,5.206493862280635,27.10757833796593
2013-11-29,TSLA,Tesla,8.65133285522461,8.706000328063965,8.465332984924316,8.485333442687988,8.485333442687988,145743000,0.0,0.0,0.2674768677985447,0.07154387480732015
2013-12-02,TSLA,Tesla,8.423333168029785,8.569999694824219,8.26200008392334,8.277999877929688,8.277999877929688,116268000,0.0,0.0,-2.473781723462478,6.119596015336989
2013-12-03,TSLA,Tesla,8.845333099365234,9.662667274475098,8.772666931152344,9.646666526794434,9.646666526794434,385236000,0.0,0.0,15.301103945550032,234.12378195252677
2013-12-04,TSLA,Tesla,9.621333122253418,9.628666877746582,9.142000198364258,9.263333320617676,9.263333320617676,197215500,0.0,0.0,-4.054846432207193,16.441779588783405
2013-12-05,TSLA,Tesla,9.34333324432373,9.55666732788086,9.300000190734863,9.36533260345459,9.36533260345459,139326000,0.0,0.0,1.0950897136886533,1.1992214810266966
2013-12-06,TSLA,Tesla,9.434000015258787,9.499333381652832,9.08666706085205,9.157333374023438,9.157333374023438,118644000,0.0,0.0,-2.2459830920047423,5.0444400495711825
2013-12-09,TSLA,Tesla,9.133333206176758,9.446666717529297,8.947333335876465,9.4399995803833,9.4399995803833,135922500,0.0,0.0,3.0400915776032087,9.242156800213966
2013-12-10,TSLA,Tesla,9.33666706085205,9.724666595458984,9.324000358581545,9.47933292388916,9.47933292388916,161223000,0.0,0.0,0.41580114062341006,0.17289058854372882
2013-12-11,TSLA,Tesla,9.458666801452637,9.536666870117188,9.29933261871338,9.3100004196167,9.3100004196167,107067000,0.0,0.0,-1.8024810752135134,3.2489380265028633
2013-12-12,TSLA,Tesla,9.313332557678224,9.88266658782959,9.235333442687988,9.83133316040039,9.83133316040039,161517000,0.0,0.0,5.448541021007483,29.68659925760127
2013-12-13,TSLA,Tesla,9.869999885559082,10.119999885559082,9.821332931518556,9.84333324432373,9.84333324432373,158878500,0.0,0.0,0.1219851474432818,0.014880376196759202
2013-12-16,TSLA,Tesla,9.898667335510254,10.028667449951172,9.739999771118164,9.862667083740234,9.862667083740234,100129500,0.0,0.0,0.1962229300530799,0.03850343827861588
2013-12-17,TSLA,Tesla,9.838666915893556,10.308667182922363,9.754667282104492,10.163999557495115,10.163999557495115,157425000,0.0,0.0,3.0095394575802468,9.057327746732406
2013-12-18,TSLA,Tesla,10.149333000183104,10.326666831970217,9.729999542236328,9.86533260345459,9.86533260345459,173728500,0.0,0.0,-2.9825167510429482,8.895406170251784
2013-12-19,TSLA,Tesla,9.793333053588867,9.800000190734863,9.273332595825195,9.381333351135254,9.381333351135254,191100000,0.0,0.0,-5.030495318631501,25.305883150773447
2013-12-20,TSLA,Tesla,9.43866729736328,9.623332977294922,9.43866729736328,9.54933261871338,9.54933261871338,111189000,0.0,0.0,1.7749367968798269,3.1504006329180196
2013-12-23,TSLA,Tesla,9.65666675567627,9.749333381652832,9.506667137145996,9.56999969482422,9.56999969482422,80782500,0.0,0.0,0.21619043825855772,0.04673830559442726
2013-12-24,TSLA,Tesla,10.0,10.33133316040039,9.98799991607666,10.093999862670898,10.093999862670898,149122500,0.0,0.0,5.330800073698136,28.417429425740046
2013-12-26,TSLA,Tesla,10.336000442504885,10.533332824707031,10.28600025177002,10.366666793823242,10.366666793823242,106942500,0.0,0.0,2.6654368469938747,7.104553585312648
2013-12-27,TSLA,Tesla,10.353333473205566,10.366666793823242,10.053333282470703,10.074666976928713,10.074666976928713,81903000,0.0,0.0,-2.8571489895683526,8.163300348591457
2013-12-30,TSLA,Tesla,10.074666976928713,10.320667266845703,10.050000190734863,10.162667274475098,10.162667274475098,67012500,0.0,0.0,0.8696881824111726,0.756357534625649
2013-12-31,TSLA,Tesla,10.154666900634766,10.213333129882812,9.910667419433594,10.028667449951172,10.028667449951172,63936000,0.0,0.0,-1.3273197999344366,1.761777851297993
2014-01-02,TSLA,Tesla,9.986666679382324,10.165332794189451,9.770000457763672,10.006667137145996,10.006667137145996,92826000,0.0,0.0,-0.21961521582764226,0.04823084302302189
2014-01-03,TSLA,Tesla,10.0,10.145999908447266,9.90666675567627,9.970666885375977,9.970666885375977,70425000,0.0,0.0,-0.3604113611816534,0.12989634926881222
2014-01-06,TSLA,Tesla,10.0,10.026666641235352,9.682666778564451,9.800000190734863,9.800000190734863,80416500,0.0,0.0,-1.7265065802709954,2.9808249717190467
2014-01-07,TSLA,Tesla,9.841333389282228,10.026666641235352,9.68333339691162,9.957332611083984,9.957332611083984,75511500,0.0,0.0,1.5926820457572246,2.536636098877418
2014-01-08,TSLA,Tesla,9.923333168029783,10.24666690826416,9.917332649230955,10.085332870483398,10.085332870483398,92448000,0.0,0.0,1.2772951757781428,1.6314829660661168
2014-01-09,TSLA,Tesla,10.166666984558104,10.228667259216309,9.789999961853027,9.835332870483398,9.835332870483398,80730000,0.0,0.0,-2.510088058726987,6.300542062563814
2014-01-10,TSLA,Tesla,9.897333145141602,9.92666721343994,9.483332633972168,9.714667320251465,9.714667320251465,111691500,0.0,0.0,-1.234445845105059,1.5238565444971435
2014-01-13,TSLA,Tesla,9.718667030334473,9.800000190734863,9.187999725341797,9.28933334350586,9.28933334350586,94741500,0.0,0.0,-4.4770048721461615,20.043572625220467
2014-01-14,TSLA,Tesla,9.366666793823242,10.800000190734863,9.111332893371582,10.751333236694336,10.751333236694336,414105000,0.0,0.0,14.61629793068161,213.6361651984475
2014-01-15,TSLA,Tesla,11.229999542236328,11.482000350952148,10.80666732788086,10.94200038909912,10.94200038909912,306984000,0.0,0.0,1.7578862300124727,3.090163997667464
2014-01-16,TSLA,Tesla,10.833333015441896,11.513333320617676,10.826666831970217,11.39799976348877,11.39799976348877,179391000,0.0,0.0,4.082924946078827,16.67027611531279
2014-01-17,TSLA,Tesla,11.345999717712402,11.546667098999023,11.196666717529297,11.333999633789062,11.333999633789062,138093000,0.0,0.0,-0.5630855225970163,0.3170653057583549
2014-01-21,TSLA,Tesla,11.416000366210938,11.81933307647705,11.387332916259766,11.778667449951172,11.778667449951172,146020500,0.0,0.0,3.848302668978481,14.8094334320669
2014-01-22,TSLA,Tesla,11.854000091552734,12.021332740783691,11.650667190551758,11.904000282287598,11.904000282287598,105339000,0.0,0.0,1.058444967802887,1.1203057498672546
2014-01-23,TSLA,Tesla,11.815333366394045,12.158666610717772,11.56133270263672,12.100000381469728,12.100000381469728,118011000,0.0,0.0,1.633098232470702,2.667009836898931
2014-01-24,TSLA,Tesla,11.856666564941406,12.031999588012695,11.5686674118042,11.640000343322754,11.640000343322754,114964500,0.0,0.0,-3.875801233074548,15.021835198302188
2014-01-27,TSLA,Tesla,11.677332878112791,11.861332893371582,10.980667114257812,11.30799961090088,11.30799961090088,130746000,0.0,0.0,-2.8937066376219898,8.37353810461756
2014-01-28,TSLA,Tesla,11.43333339691162,11.932000160217283,11.399999618530272,11.892000198364258,11.892000198364258,91401000,0.0,0.0,5.0355516394176725,25.35678031324201
2014-01-29,TSLA,Tesla,11.686667442321776,11.939332962036133,11.541999816894531,11.682000160217283,11.682000160217283,89032500,0.0,0.0,-1.7816712483328012,3.174352437135762
2014-01-30,TSLA,Tesla,11.866666793823242,12.3186674118042,11.800666809082031,12.189332962036133,12.189332962036133,128475000,0.0,0.0,4.251201256750163,18.07271212539417
2014-01-31,TSLA,Tesla,11.923333168029783,12.399999618530272,11.900667190551758,12.093999862670898,12.093999862670898,97632000,0.0,0.0,-0.7851771404626026,0.6165031419050295
2014-02-03,TSLA,Tesla,12.192667007446287,12.325332641601562,11.677332878112791,11.807332992553713,11.807332992553713,101473500,0.0,0.0,-2.3988671991239765,5.754563839032912
2014-02-04,TSLA,Tesla,12.046667098999023,12.106666564941406,11.74666690826416,11.915332794189451,11.915332794189451,70294500,0.0,0.0,0.9105262347531882,0.8290580241738179
2014-02-05,TSLA,Tesla,11.886667251586914,12.03933334350586,11.290666580200195,11.628000259399414,11.628000259399414,109020000,0.0,0.0,-2.4410035847369747,5.95849850069876
2014-02-06,TSLA,Tesla,11.75333309173584,12.007332801818848,11.733332633972168,11.892000198364258,11.892000198364258,87624000,0.0,0.0,2.2449916811529915,5.039987648446135
2014-02-07,TSLA,Tesla,12.067333221435549,12.44200038909912,11.973333358764648,12.435333251953123,12.435333251953123,133927500,0.0,0.0,4.46759545936584,19.959409188546267
2014-02-10,TSLA,Tesla,12.62266731262207,13.286666870117188,12.621333122253418,13.104000091552734,13.104000091552734,194560500,0.0,0.0,5.237565768735003,27.432095181824682
2014-02-11,TSLA,Tesla,13.264666557312012,13.479999542236328,12.846667289733888,13.107999801635742,13.107999801635742,160648500,0.0,0.0,0.030518160616122975,0.0009313581273914794
2014-02-12,TSLA,Tesla,13.052000045776367,13.218000411987305,12.954667091369627,13.021332740783691,13.021332740783691,77605500,0.0,0.0,-0.6633723118316568,0.4400628241048769
2014-02-13,TSLA,Tesla,12.88933277130127,13.514666557312012,12.883333206176758,13.308667182922363,13.308667182922363,120439500,0.0,0.0,2.1826498288108653,4.7639602752081
2014-02-14,TSLA,Tesla,13.206666946411133,13.458666801452637,13.133333206176758,13.215332984924316,13.215332984924316,92370000,0.0,0.0,-0.7037745637380404,0.49529863656466905
2014-02-18,TSLA,Tesla,13.682666778564451,13.733332633972168,13.423999786376951,13.579999923706056,13.579999923706056,139992000,0.0,0.0,2.722037127652793,7.409486124320268
2014-02-19,TSLA,Tesla,13.579999923706056,13.579999923706056,12.894000053405762,12.90933322906494,12.90933322906494,242535000,0.0,0.0,-5.064756062013329,25.65175396770076
2014-02-20,TSLA,Tesla,14.333999633789062,14.347332954406738,13.751333236694336,13.998000144958496,13.998000144958496,270034500,0.0,0.0,8.096391673069945,65.55155812375635
2014-02-21,TSLA,Tesla,14.109333038330078,14.26533317565918,13.946000099182127,13.973333358764648,13.973333358764648,117282000,0.0,0.0,-0.1763719458339394,0.03110706327725005
2014-02-24,TSLA,Tesla,13.917332649230955,14.557332992553713,13.887999534606934,14.510000228881836,14.510000228881836,124176000,0.0,0.0,3.7687329505505685,14.203348052565593
2014-02-25,TSLA,Tesla,15.333333015441896,17.280000686645508,15.229999542236328,16.53333282470703,16.53333282470703,490225500,0.0,0.0,13.05404316289121,170.40804289862675
2014-02-26,TSLA,Tesla,17.238666534423828,17.666667938232422,16.5,16.866666793823242,16.866666793823242,369069000,0.0,0.0,1.9960780865153502,3.984327727466782
2014-02-27,TSLA,Tesla,17.416667938232422,17.459999084472656,16.55533218383789,16.836000442504883,16.836000442504883,269187000,0.0,0.0,-0.18198179726585445,0.03311737453611055
2014-02-28,TSLA,Tesla,16.643333435058594,16.845333099365234,16.170000076293945,16.320667266845703,16.320667266845703,218847000,0.0,0.0,-3.1087242042567196,9.664166178131575
2014-03-03,TSLA,Tesla,15.817333221435549,16.77666664123535,15.666000366210938,16.70400047302246,16.70400047302246,196339500,0.0,0.0,2.32160048691315,5.389828820835374
2014-03-04,TSLA,Tesla,17.23200035095215,17.333332061767578,16.85533332824707,16.98933219909668,16.98933219909668,131184000,0.0,0.0,1.6937389366238997,2.8687515854358585
2014-03-05,TSLA,Tesla,17.114667892456055,17.132667541503906,16.786666870117188,16.8439998626709,16.8439998626709,89035500,0.0,0.0,-0.859112723769916,0.738074672143364
2014-03-06,TSLA,Tesla,16.94266700744629,17.166667938232422,16.6299991607666,16.862667083740234,16.862667083740234,110416500,0.0,0.0,0.11076279364843988,0.012268396456806874
2014-03-07,TSLA,Tesla,16.862667083740234,16.989999771118164,16.29400062561035,16.413999557495117,16.413999557495117,117184500,0.0,0.0,-2.696752783463923,7.272475575120417
2014-03-10,TSLA,Tesla,16.18000030517578,16.200000762939453,15.737333297729492,15.922666549682615,15.922666549682615,115921500,0.0,0.0,-3.0390939018960514,9.236091744541767
2014-03-11,TSLA,Tesla,15.766667366027832,16.30666732788086,15.495332717895508,15.62733268737793,15.62733268737793,132151500,0.0,0.0,-1.87221867578556,3.5052027699602353
2014-03-12,TSLA,Tesla,15.43333339691162,16.5,15.407333374023438,16.099332809448242,16.099332809448242,146316000,0.0,0.0,2.97563542530863,8.854406184351673
2014-03-13,TSLA,Tesla,16.252666473388672,16.279333114624023,15.600000381469728,15.852666854858398,15.852666854858398,93544500,0.0,0.0,-1.5440088727904675,2.38396339925569
2014-03-14,TSLA,Tesla,15.685999870300291,15.79599952697754,15.221332550048828,15.39799976348877,15.39799976348877,124345500,0.0,0.0,-2.910012650090298,8.46817362368556
2014-03-17,TSLA,Tesla,15.66333293914795,15.862000465393066,15.366666793823242,15.59866714477539,15.59866714477539,88689000,0.0,0.0,1.294785567186893,1.6764696649954844
2014-03-18,TSLA,Tesla,15.796667098999023,16.100000381469727,15.66800022125244,16.002666473388672,16.002666473388672,93634500,0.0,0.0,2.556989177338053,6.538193653023932
2014-03-19,TSLA,Tesla,16.092666625976562,16.10333251953125,15.567333221435549,15.72266674041748,15.72266674041748,76069500,0.0,0.0,-1.765195035174664,3.115913512205283
2014-03-20,TSLA,Tesla,15.744000434875488,15.949999809265137,15.557332992553713,15.660667419433594,15.660667419433594,57268500,0.0,0.0,-0.3951103558669343,0.15611219331329548
2014-03-21,TSLA,Tesla,15.73466682434082,15.74666690826416,15.166666984558104,15.259332656860352,15.259332656860352,123253500,0.0,0.0,-2.5961015660230258,6.739743341107207
2014-03-24,TSLA,Tesla,15.31666660308838,15.326666831970217,14.017999649047852,14.678000450134276,14.678000450134276,169932000,0.0,0.0,-3.8841488580447425,15.086612351450277
2014-03-25,TSLA,Tesla,14.942667007446287,15.136667251586914,14.526666641235352,14.696000099182127,14.696000099182127,117981000,0.0,0.0,0.12255498715979463,0.015019724877737426
2014-03-26,TSLA,Tesla,14.796667098999023,14.84000015258789,14.09000015258789,14.197333335876465,14.197333335876465,103609500,0.0,0.0,-3.4521200938025576,11.917133142035379
2014-03-27,TSLA,Tesla,14.157999992370604,14.239999771118164,13.533332824707031,13.821332931518556,13.821332931518556,142435500,0.0,0.0,-2.684089057649407,7.2043340693932825
2014-03-28,TSLA,Tesla,14.186667442321776,14.447999954223633,14.017999649047852,14.157999992370604,14.157999992370604,145272000,0.0,0.0,2.4066571665897394,5.791998717497752
2014-03-31,TSLA,Tesla,14.43333339691162,14.449999809265137,13.759332656860352,13.896666526794434,13.896666526794434,125700000,0.0,0.0,-1.8630841653690742,3.4710826072489795
2014-04-01,TSLA,Tesla,13.934666633605955,14.543999671936035,13.905332565307615,14.464667320251465,14.464667320251465,110571000,0.0,0.0,4.005994605855732,16.047992782145222
2014-04-02,TSLA,Tesla,14.666666984558104,15.392666816711426,14.536666870117188,15.352666854858398,15.352666854858398,161734500,0.0,0.0,5.958025619764394,35.498069285768885
2014-04-03,TSLA,Tesla,15.353333473205566,15.715332984924316,14.800000190734863,15.026666641235352,15.026666641235352,163855500,0.0,0.0,-2.1462796604579206,4.606516380895367
2014-04-04,TSLA,Tesla,15.067333221435549,15.218000411987305,14.083333015441896,14.148667335510254,14.148667335510254,170184000,0.0,0.0,-6.020596039316247,36.24757666863049
2014-04-07,TSLA,Tesla,13.720666885375977,14.41333293914795,13.567333221435549,13.834667205810549,13.834667205810549,147832500,0.0,0.0,-2.2442879981467847,5.0368286186257025
2014-04-08,TSLA,Tesla,14.00333309173584,14.432666778564451,13.761333465576172,14.36400032043457,14.36400032043457,103339500,0.0,0.0,3.754754023558408,14.098177777428052
2014-04-09,TSLA,Tesla,14.45066738128662,14.563332557678224,14.059332847595217,14.461999893188477,14.461999893188477,77368500,0.0,0.0,0.6799413695085217,0.462320265969124
2014-04-10,TSLA,Tesla,14.454667091369627,14.5,13.586000442504885,13.612667083740234,13.612667083740234,108172500,0.0,0.0,-6.0523749895721615,36.63124301439862
2014-04-11,TSLA,Tesla,13.37399959564209,13.800000190734863,13.239999771118164,13.585332870483398,13.585332870483398,136008000,0.0,0.0,-0.2010017097267678,0.04040168731308383
2014-04-14,TSLA,Tesla,13.84000015258789,13.895999908447266,12.96066665649414,13.206000328063965,13.206000328063965,115545000,0.0,0.0,-2.831944875968507,8.019911780524282
2014-04-15,TSLA,Tesla,13.272666931152344,13.28600025177002,12.288000106811523,12.927332878112791,12.927332878112791,204889500,0.0,0.0,-2.1327399035903065,4.54857949636639
2014-04-16,TSLA,Tesla,13.133333206176758,13.332667350769045,12.721332550048828,13.27400016784668,13.27400016784668,108033000,0.0,0.0,2.64633497899883,7.003088821072738
2014-04-17,TSLA,Tesla,13.307332992553713,13.486000061035156,12.93866729736328,13.208000183105469,13.208000183105469,88902000,0.0,0.0,-0.49845268874520565,0.24845508291732488
2014-04-21,TSLA,Tesla,13.138667106628418,13.74666690826416,12.93333339691162,13.625332832336426,13.625332832336426,78873000,0.0,0.0,3.110804783128541,9.67710639873541
2014-04-22,TSLA,Tesla,13.757332801818848,14.621999740600586,13.667332649230955,14.576000213623049,14.576000213623049,147070500,0.0,0.0,6.744558686107316,45.48907187034565
2014-04-23,TSLA,Tesla,14.42199993133545,14.449333190917969,13.800000190734863,13.866000175476074,13.866000175476074,109434000,0.0,0.0,-4.993654199797816,24.936582267158364
2014-04-24,TSLA,Tesla,14.053999900817873,14.186667442321776,13.546667098999023,13.857333183288574,13.857333183288574,82428000,0.0,0.0,-0.0625248945189641,0.003909362434607587
2014-04-25,TSLA,Tesla,13.466667175292969,13.779999732971191,13.17666721343994,13.32333278656006,13.32333278656006,104950500,0.0,0.0,-3.929772121389498,15.443108926050114
2014-04-28,TSLA,Tesla,13.333333015441896,13.586000442504885,12.699999809265137,13.234000205993652,13.234000205993652,105630000,0.0,0.0,-0.6727551860992637,0.4525995404234549
2014-04-29,TSLA,Tesla,13.21399974822998,13.8100004196167,13.035332679748535,13.79466724395752,13.79466724395752,86686500,0.0,0.0,4.1492794726592965,17.21652014223181
2014-04-30,TSLA,Tesla,13.57333278656006,13.87733268737793,13.41866683959961,13.859333038330078,13.859333038330078,66609000,0.0,0.0,0.4676785389335048,0.21872321577897777
2014-05-01,TSLA,Tesla,13.805333137512209,14.267999649047852,13.71266746520996,13.84866714477539,13.84866714477539,81598500,0.0,0.0,-0.07698783030908332,0.005927126015700209
2014-05-02,TSLA,Tesla,13.90666675567627,14.09066677093506,13.767999649047852,14.060667037963867,14.060667037963867,61302000,0.0,0.0,1.5192334533920244,2.3080702859054565
2014-05-05,TSLA,Tesla,13.965332984924316,14.512666702270508,13.90133285522461,14.440667152404783,14.440667152404783,77205000,0.0,0.0,2.666700658538492,7.111292402249626
2014-05-06,TSLA,Tesla,14.4399995803833,14.577333450317385,13.789999961853027,13.8186674118042,13.8186674118042,84550500,0.0,0.0,-4.402794501331921,19.384599420958597
2014-05-07,TSLA,Tesla,13.97599983215332,14.013333320617676,13.149999618530272,13.423333168029783,13.423333168029783,152689500,0.0,0.0,-2.902591519356702,8.425037528241447
2014-05-08,TSLA,Tesla,12.133333206176758,12.960000038146973,11.866666793823242,11.906000137329102,11.906000137329102,300849000,0.0,0.0,-11.995198761496738,143.88479332781287
2014-05-09,TSLA,Tesla,11.990667343139648,12.226667404174805,11.814666748046877,12.150667190551758,12.150667190551758,127428000,0.0,0.0,2.0341594815875244,4.137804796532426
2014-05-12,TSLA,Tesla,12.258000373840332,12.47933292388916,11.991999626159668,12.31133270263672,12.31133270263672,105034500,0.0,0.0,1.3136115045106862,1.7255751847828285
2014-05-13,TSLA,Tesla,12.250666618347168,12.755999565124512,12.199999809265137,12.677332878112791,12.677332878112791,106458000,0.0,0.0,2.9295389914877044,8.582198702646796
2014-05-14,TSLA,Tesla,12.596667289733888,12.898667335510254,12.473333358764648,12.708000183105469,12.708000183105469,81100500,0.0,0.0,0.24161447744443224,0.05837755571074605
2014-05-15,TSLA,Tesla,12.665332794189451,12.843999862670898,12.353333473205566,12.572667121887209,12.572667121887209,90606000,0.0,0.0,-1.0706549186724619,1.146301954877536
2014-05-16,TSLA,Tesla,12.596667289733888,12.802666664123535,12.514666557312012,12.77066707611084,12.77066707611084,67315500,0.0,0.0,1.5625724804275671,2.4416327565895597
2014-05-19,TSLA,Tesla,12.714667320251465,13.12600040435791,12.666666984558104,13.072667121887209,13.072667121887209,68575500,0.0,0.0,2.337266479803388,5.462814597612522
2014-05-20,TSLA,Tesla,13.129332542419434,13.288666725158691,12.871333122253418,13.020000457763672,13.020000457763672,83191500,0.0,0.0,-0.4036899292608997,0.1629655589866702
2014-05-21,TSLA,Tesla,13.07866668701172,13.324666976928713,12.986000061035156,13.296667098999023,13.296667098999023,79281000,0.0,0.0,2.10267378246235,4.421237035454525
2014-05-22,TSLA,Tesla,13.356666564941406,13.791999816894531,13.303999900817873,13.658666610717772,13.658666610717772,93217500,0.0,0.0,2.6860826929294057,7.215040233254888
2014-05-23,TSLA,Tesla,13.635333061218262,13.850666999816896,13.5,13.81999969482422,13.81999969482422,60102000,0.0,0.0,1.1742559564499504,1.3788770512581878
2014-05-27,TSLA,Tesla,13.90133285522461,14.258000373840332,13.846667289733888,14.104000091552734,14.104000091552734,80116500,0.0,0.0,2.034165532948945,4.137829415437467
2014-05-28,TSLA,Tesla,14.001333236694336,14.184666633605955,13.684000015258787,14.015999794006348,14.015999794006348,82426500,0.0,0.0,-0.6258932089829524,0.39174230905097773
2014-05-29,TSLA,Tesla,14.038000106811523,14.166000366210938,13.847999572753906,14.015999794006348,14.015999794006348,55387500,0.0,0.0,0.0,0.0
2014-05-30,TSLA,Tesla,14.020000457763672,14.31999969482422,13.8013334274292,13.851332664489746,13.851332664489746,83716500,0.0,0.0,-1.1818070229823507,1.3966678395704064
2014-06-02,TSLA,Tesla,13.821999549865724,13.956666946411133,13.444666862487791,13.646666526794434,13.646666526794434,70021500,0.0,0.0,-1.4886167951695572,2.2159799628608834
2014-06-03,TSLA,Tesla,13.565999984741213,13.866666793823242,13.505999565124512,13.662667274475098,13.662667274475098,57912000,0.0,0.0,0.11718154406881516,0.01373151427035167
2014-06-04,TSLA,Tesla,13.623332977294922,13.750666618347168,13.359999656677246,13.599332809448242,13.599332809448242,51411000,0.0,0.0,-0.4646363346357747,0.21588692346376762
2014-06-05,TSLA,Tesla,13.631333351135254,13.946666717529297,13.603333473205566,13.793333053588867,13.793333053588867,60819000,0.0,0.0,1.4164629958340054,2.0063674185670455
2014-06-06,TSLA,Tesla,13.983332633972168,14.053999900817873,13.812000274658203,13.878000259399414,13.878000259399414,46107000,0.0,0.0,0.6119507800617537,0.3744837572181889
2014-06-09,TSLA,Tesla,13.863332748413086,13.999333381652832,13.613332748413086,13.687333106994627,13.687333106994627,42085500,0.0,0.0,-1.383405676266857,1.9138112651273598
2014-06-10,TSLA,Tesla,13.628666877746582,13.79800033569336,13.436667442321776,13.486666679382324,13.486666679382324,52720500,0.0,0.0,-1.4769270391778713,2.1813134790547135
2014-06-11,TSLA,Tesla,13.43333339691162,13.666666984558104,13.283332824707031,13.631333351135254,13.631333351135254,59662500,0.0,0.0,1.0669521644387372,1.138386921200506
2014-06-12,TSLA,Tesla,13.673333168029783,13.991999626159668,13.513999938964844,13.567999839782717,13.567999839782717,89905500,0.0,0.0,-0.46569984176287976,0.21687634261797126
2014-06-13,TSLA,Tesla,13.652000427246094,13.78600025177002,13.43866729736328,13.761333465576172,13.761333465576172,53164500,0.0,0.0,1.4148669404237306,2.0018484591040084
2014-06-16,TSLA,Tesla,13.784000396728516,15.03266716003418,13.750666618347168,14.973999977111816,14.973999977111816,198696000,0.0,0.0,8.445262563464768,71.3224597658595
2014-06-17,TSLA,Tesla,14.940667152404783,15.702667236328123,14.856666564941406,15.444666862487791,15.444666862487791,199573500,0.0,0.0,3.0948394579085785,9.578031270227864
2014-06-18,TSLA,Tesla,15.43333339691162,15.447333335876465,15.074666976928713,15.141332626342772,15.141332626342772,104103000,0.0,0.0,-1.9835492489300839,3.9344676229310998
2014-06-19,TSLA,Tesla,15.2586669921875,15.687333106994627,15.133333206176758,15.185999870300291,15.185999870300291,131896500,0.0,0.0,0.29456778805498457,0.08677018175960631
2014-06-20,TSLA,Tesla,15.23466682434082,15.419333457946776,15.079999923706056,15.305999755859377,15.305999755859377,73558500,0.0,0.0,0.787095018678105,0.6195185684278866
2014-06-23,TSLA,Tesla,15.300666809082031,15.932666778564451,15.214667320251465,15.814666748046877,15.814666748046877,116866500,0.0,0.0,3.2692892207708155,10.688252009048247
2014-06-24,TSLA,Tesla,15.9313325881958,16.125333786010742,15.44200038909912,15.5,15.5,121138500,0.0,0.0,-2.0097760719588167,4.03919985941821
2014-06-25,TSLA,Tesla,15.536666870117188,15.83666706085205,15.349332809448242,15.792667388916016,15.792667388916016,87024000,0.0,0.0,1.870571907583391,3.4990392614401666
2014-06-26,TSLA,Tesla,15.81133270263672,16.02666664123535,15.61400032043457,15.706666946411133,15.706666946411133,76821000,0.0,0.0,-0.5460474515257445,0.2981678193177603
2014-06-27,TSLA,Tesla,15.645999908447266,16.0,15.633333206176758,15.937333106994627,15.937333106994627,84525000,0.0,0.0,1.457908266005443,2.1254965120869973
2014-06-30,TSLA,Tesla,15.970000267028809,16.299333572387695,15.93333339691162,16.003999710083008,16.003999710083008,72429000,0.0,0.0,0.41743217338732747,0.17424961937886782
2014-07-01,TSLA,Tesla,16.163999557495117,16.229333877563477,15.91333293914795,15.981332778930664,15.981332778930664,65041500,0.0,0.0,-0.1417333082570661,0.02008833066949252
2014-07-02,TSLA,Tesla,16.04400062561035,16.155332565307617,15.137999534606934,15.295332908630373,15.295332908630373,120411000,0.0,0.0,-4.387359658410723,19.248924772249858
2014-07-03,TSLA,Tesla,15.419333457946776,15.460000038146973,14.93333339691162,15.283332824707031,15.283332824707031,77500500,0.0,0.0,-0.07848664584653862,0.006160153576239979
2014-07-07,TSLA,Tesla,15.166666984558104,15.3186674118042,14.69333267211914,14.843999862670898,14.843999862670898,88405500,0.0,0.0,-2.9167142807699755,8.507222195647516
2014-07-08,TSLA,Tesla,14.576666831970217,14.730667114257812,14.284667015075684,14.604666709899902,14.604666709899902,117543000,0.0,0.0,-1.6254618641429817,2.642126271783177
2014-07-09,TSLA,Tesla,14.751333236694336,14.947999954223633,14.61400032043457,14.870667457580566,14.870667457580566,61731000,0.0,0.0,1.8049530344923317,3.2578554567230764
2014-07-10,TSLA,Tesla,14.478667259216309,14.814666748046877,14.402667045593262,14.630666732788086,14.630666732788086,72958500,0.0,0.0,-1.6270858670541104,2.647408418767226
2014-07-11,TSLA,Tesla,14.707332611083984,14.773332595825195,14.506667137145996,14.541999816894531,14.541999816894531,49534500,0.0,0.0,-0.6078785343441018,0.3695163125163333
2014-07-14,TSLA,Tesla,14.666000366210938,15.252667427062988,14.363332748413086,15.113332748413086,15.113332748413086,108048000,0.0,0.0,3.853631607263292,14.850476564498663
2014-07-15,TSLA,Tesla,15.11533260345459,15.17666721343994,14.539999961853027,14.638667106628418,14.638667106628418,85777500,0.0,0.0,-3.1910857949861233,10.183028550962218
2014-07-16,TSLA,Tesla,14.788000106811523,14.986666679382324,14.454667091369627,14.477333068847656,14.477333068847656,60667500,0.0,0.0,-1.1082270093055042,1.2281671041542221
2014-07-17,TSLA,Tesla,14.410667419433594,14.703332901000977,14.239999771118164,14.359999656677246,14.359999656677246,69741000,0.0,0.0,-0.8137649954282126,0.6622134677842788
2014-07-18,TSLA,Tesla,14.396666526794434,14.747332572937012,14.395333290100098,14.66800022125244,14.66800022125244,63805500,0.0,0.0,2.1221725581293738,4.50361636647737
2014-07-21,TSLA,Tesla,14.483332633972168,14.880666732788086,14.447999954223633,14.702667236328123,14.702667236328123,57333000,0.0,0.0,0.23606566806711485,0.05572699963997325
2014-07-22,TSLA,Tesla,14.812666893005373,14.886667251586914,14.607333183288574,14.638667106628418,14.638667106628418,40950000,0.0,0.0,-0.4362462214627717,0.19031076574054565
2014-07-23,TSLA,Tesla,14.667332649230955,14.983332633972168,14.628666877746582,14.832667350769045,14.832667350769045,46249500,0.0,0.0,1.3165542036044358,1.73331497102851
2014-07-24,TSLA,Tesla,14.883333206176758,15.006667137145996,14.720000267028809,14.902667045593262,14.902667045593262,48682500,0.0,0.0,0.47081914868298236,0.22167067076656824
2014-07-25,TSLA,Tesla,14.847999572753906,15.131333351135254,14.783332824707031,14.904666900634766,14.904666900634766,46306500,0.0,0.0,0.013418543557862097,0.00018005731121424238
2014-07-28,TSLA,Tesla,14.949999809265137,15.466667175292969,14.760000228881836,14.98799991607666,14.98799991607666,97714500,0.0,0.0,0.557549661447407,0.3108616249801182
2014-07-29,TSLA,Tesla,15.107333183288574,15.220000267028809,14.990667343139648,15.000666618347168,15.000666618347168,50736000,0.0,0.0,0.08447660058005556,0.007136296045562243
2014-07-30,TSLA,Tesla,14.79466724395752,15.30666732788086,14.736000061035156,15.261333465576172,15.261333465576172,73917000,0.0,0.0,1.7227763766040503,2.96795844378498
2014-07-31,TSLA,Tesla,15.284000396728516,15.42666721343994,14.766667366027832,14.886667251586914,14.886667251586914,116236500,0.0,0.0,-2.4856408068459257,6.178410220657664
2014-08-01,TSLA,Tesla,15.072667121887209,15.833333015441896,15.06666660308838,15.5513334274292,15.5513334274292,178437000,0.0,0.0,4.36803888734628,19.079763721369332
2014-08-04,TSLA,Tesla,15.625332832336426,16.03333282470703,15.5513334274292,15.90133285522461,15.90133285522461,89395500,0.0,0.0,2.225654717656802,4.953538922227979
2014-08-05,TSLA,Tesla,15.83133316040039,16.19933319091797,15.71266746520996,15.899333000183104,15.899333000183104,80829000,0.0,0.0,-0.012577441322992558,0.0001581920302333208
2014-08-06,TSLA,Tesla,15.92666721343994,16.761333465576172,15.905332565307615,16.595333099365234,16.595333099365234,138739500,0.0,0.0,4.284435857092424,18.356390613539293
2014-08-07,TSLA,Tesla,16.674667358398438,17.112667083740234,16.607999801635742,16.826000213623047,16.826000213623047,112183500,0.0,0.0,1.380380458145159,1.9054502092290393
2014-08-08,TSLA,Tesla,16.743999481201172,16.784000396728516,16.433332443237305,16.54199981689453,16.54199981689453,76351500,0.0,0.0,-1.7022731624041336,2.89773391944137
2014-08-11,TSLA,Tesla,17.031999588012695,17.582666397094727,17.0,17.288000106811523,17.288000106811523,121519500,0.0,0.0,4.411003518235753,19.45695203788819
2014-08-12,TSLA,Tesla,17.205333709716797,17.35333251953125,16.972000122070312,17.33066749572754,17.33066749572754,95734500,0.0,0.0,0.24649943787846412,0.060761972874398794
2014-08-13,TSLA,Tesla,17.46733283996582,17.709333419799805,17.30733299255371,17.354000091552734,17.354000091552734,103989000,0.0,0.0,0.13454128851647834,0.018101358315674266
2014-08-14,TSLA,Tesla,17.499332427978516,17.53333282470703,17.100000381469727,17.42533302307129,17.42533302307129,61899000,0.0,0.0,0.4102035614554558,0.1682669618307399
2014-08-15,TSLA,Tesla,17.43199920654297,17.472667694091797,17.233333587646484,17.46733283996582,17.46733283996582,58018500,0.0,0.0,0.2407373362835875,0.0579544650809171
2014-08-18,TSLA,Tesla,17.549999237060547,17.817333221435547,17.316667556762695,17.32933235168457,17.32933235168457,87738000,0.0,0.0,-0.7931864219710939,0.6291446999993062
2014-08-19,TSLA,Tesla,17.257999420166016,17.288667678833008,16.774667739868164,17.117332458496094,17.117332458496094,80022000,0.0,0.0,-1.2309033171476682,1.515122976165133
2014-08-20,TSLA,Tesla,16.97800064086914,17.249332427978516,16.866666793823242,17.047332763671875,17.047332763671875,45418500,0.0,0.0,-0.40977888892610065,0.16791873780950953
2014-08-21,TSLA,Tesla,17.101333618164062,17.253332138061523,16.884000778198242,16.95599937438965,16.95599937438965,43734000,0.0,0.0,-0.5372038749552885,0.2885880032669773
2014-08-22,TSLA,Tesla,16.96933364868164,17.1299991607666,16.840667724609375,17.118667602539062,17.118667602539062,42501000,0.0,0.0,0.9547824136142188,0.9116094573469932
2014-08-25,TSLA,Tesla,17.21266746520996,17.57866668701172,17.21266746520996,17.503332138061523,17.503332138061523,64771500,0.0,0.0,2.2221729962989443,4.938052825480228
2014-08-26,TSLA,Tesla,17.665332794189453,17.700000762939453,17.444000244140625,17.44933319091797,17.44933319091797,57270000,0.0,0.0,-0.30898353299431547,0.09547082366164923
2014-08-27,TSLA,Tesla,17.566667556762695,17.615999221801758,17.3526668548584,17.549999237060547,17.549999237060547,44776500,0.0,0.0,0.5752471076066729,0.3309092348098431
2014-08-28,TSLA,Tesla,17.459333419799805,17.631999969482422,17.44266700744629,17.590667724609375,17.590667724609375,42673500,0.0,0.0,0.23146120561530806,0.05357428970489191
2014-08-29,TSLA,Tesla,17.913333892822266,18.13333320617676,17.833999633789062,17.979999542236328,17.979999542236328,96706500,0.0,0.0,2.1891485088176945,4.792371193658735
2014-09-02,TSLA,Tesla,18.36666679382324,18.992666244506836,18.286666870117188,18.941333770751953,18.941333770751953,147786000,0.0,0.0,5.208650253686692,27.130037465230437
2014-09-03,TSLA,Tesla,19.17799949645996,19.200000762939453,18.67333221435547,18.746000289916992,18.746000289916992,101584500,0.0,0.0,-1.036609433090444,1.0745591167720918
2014-09-04,TSLA,Tesla,18.93400001525879,19.42799949645996,18.69333267211914,19.069332122802734,19.069332122802734,125125500,0.0,0.0,1.7100984807661683,2.924436813918757
2014-09-05,TSLA,Tesla,18.836666107177734,18.86000061035156,18.167333602905273,18.492666244506836,18.492666244506836,167548500,0.0,0.0,-3.0707162323931017,9.429298179882485
2014-09-08,TSLA,Tesla,18.507999420166016,18.992000579833984,18.501333236694336,18.80733299255371,18.80733299255371,82524000,0.0,0.0,1.687261230693384,2.846850460600953
2014-09-09,TSLA,Tesla,18.86599922180176,19.03266716003418,18.46666717529297,18.565332412719727,18.565332412719727,68382000,0.0,0.0,-1.2950853767301997,1.6772461330204034
2014-09-10,TSLA,Tesla,18.63333320617676,18.76066780090332,18.243999481201172,18.739999771118164,18.739999771118164,56719500,0.0,0.0,0.9364271783535651,0.8768958603592197
2014-09-11,TSLA,Tesla,18.69733238220215,18.986000061035156,18.57533264160156,18.687332153320312,18.687332153320312,56491500,0.0,0.0,-0.28143952482857215,0.07920820613573248
2014-09-12,TSLA,Tesla,18.700000762939453,18.826000213623047,18.46666717529297,18.61333274841309,18.61333274841309,49869000,0.0,0.0,-0.39677309872364963,0.15742889187076703
2014-09-15,TSLA,Tesla,18.291332244873047,18.293333053588867,16.608667373657227,16.923999786376953,16.923999786376953,246831000,0.0,0.0,-9.514541812587929,90.526505903484
2014-09-16,TSLA,Tesla,17.010000228881836,17.497333526611328,16.827999114990234,17.382667541503906,17.382667541503906,124501500,0.0,0.0,2.674087122522945,7.150741938843042
2014-09-17,TSLA,Tesla,17.493999481201172,17.64666748046875,17.299999237060547,17.42533302307129,17.42533302307129,77665500,0.0,0.0,0.24514768008921162,0.06009738505312244
2014-09-18,TSLA,Tesla,17.55733299255371,17.706666946411133,17.488000869750977,17.58799934387207,17.58799934387207,55389000,0.0,0.0,0.9291745751680522,0.8633653911387303
2014-09-19,TSLA,Tesla,17.19933319091797,17.428667068481445,17.01799964904785,17.288000106811523,17.288000106811523,102163500,0.0,0.0,-1.7204188630184511,2.9598410642297
2014-09-22,TSLA,Tesla,17.0,17.06800079345703,16.31399917602539,16.66866683959961,16.66866683959961,123211500,0.0,0.0,-3.6481905447603067,13.309294250878503
2014-09-23,TSLA,Tesla,16.347999572753906,16.920000076293945,16.333332061767578,16.694000244140625,16.694000244140625,84880500,0.0,0.0,0.15186681176542907,0.023063528515796267
2014-09-24,TSLA,Tesla,16.7413330078125,16.856000900268555,16.46933364868164,16.80933380126953,16.80933380126953,56242500,0.0,0.0,0.6884927485794274,0.47402226484645466
2014-09-25,TSLA,Tesla,16.834667205810547,16.997333526611328,16.406667709350586,16.463333129882812,16.463333129882812,72513000,0.0,0.0,-2.0798642012165196,4.325835095502031
2014-09-26,TSLA,Tesla,16.549999237060547,16.648666381835938,16.404666900634766,16.440000534057617,16.440000534057617,56931000,0.0,0.0,-0.14182514133375412,0.020114370714339334
2014-09-29,TSLA,Tesla,16.266666412353516,16.576000213623047,16.091999053955078,16.35066795349121,16.35066795349121,72790500,0.0,0.0,-0.5448672179967011,0.2968802852474646
2014-09-30,TSLA,Tesla,16.461332321166992,16.510000228881836,16.007999420166016,16.178667068481445,16.178667068481445,63574500,0.0,0.0,-1.0575223125348778,1.1183534415091159
2014-10-01,TSLA,Tesla,16.14666748046875,16.17733383178711,15.710000038146973,16.016000747680664,16.016000747680664,89125500,0.0,0.0,-1.0105257551752302,1.0211623018724694
2014-10-02,TSLA,Tesla,16.68000030517578,16.8526668548584,16.357332229614258,16.761333465576172,16.761333465576172,134973000,0.0,0.0,4.548638501800962,20.6901122200661
2014-10-03,TSLA,Tesla,16.87066650390625,17.100000381469727,16.735332489013672,17.013999938964844,17.013999938964844,81094500,0.0,0.0,1.496187669211217,2.2385775414996942
2014-10-06,TSLA,Tesla,17.275333404541016,17.499332427978516,17.18666648864746,17.374666213989258,17.374666213989258,115699500,0.0,0.0,2.0976649594330037,4.400198282033065
2014-10-07,TSLA,Tesla,17.235332489013672,17.430667877197266,17.048667907714844,17.30466651916504,17.30466651916504,67282500,0.0,0.0,-0.4036974438302205,0.16297162615505403
2014-10-08,TSLA,Tesla,17.34000015258789,17.525333404541016,16.842666625976562,17.28533363342285,17.28533363342285,75826500,0.0,0.0,-0.11178310303564822,0.012495462124278345
2014-10-09,TSLA,Tesla,17.483333587646484,17.702667236328125,16.959999084472656,17.134000778198242,17.134000778198242,110419500,0.0,0.0,-0.8793536131800234,0.7732627770127621
2014-10-10,TSLA,Tesla,16.30933380126953,16.392667770385742,15.68000030517578,15.793999671936035,15.793999671936035,193324500,0.0,0.0,-8.143473865625573,66.31616660012672
2014-10-13,TSLA,Tesla,15.904666900634766,15.93066692352295,14.733332633972168,14.97266674041748,14.97266674041748,169030500,0.0,0.0,-5.3403778764841165,28.519635863641003
2014-10-14,TSLA,Tesla,15.216667175292969,15.498000144958496,14.866666793823242,15.137332916259766,15.137332916259766,106579500,0.0,0.0,1.093774954241452,1.1963436505258906
2014-10-15,TSLA,Tesla,14.666666984558104,15.399333000183104,14.48799991607666,15.313332557678224,15.313332557678224,137209500,0.0,0.0,1.155978685903793,1.3362867222638601
2014-10-16,TSLA,Tesla,14.64799976348877,15.32800006866455,14.606666564941406,15.09000015258789,15.09000015258789,80989500,0.0,0.0,-1.469157504895784,2.1584237741916055
2014-10-17,TSLA,Tesla,15.558667182922363,15.65133285522461,15.103333473205566,15.165332794189451,15.165332794189451,158241000,0.0,0.0,0.497980289370228,0.247984368601256
2014-10-20,TSLA,Tesla,15.114666938781738,15.493332862854004,15.034000396728516,15.364666938781738,15.364666938781738,52416000,0.0,0.0,1.3058432945318605,1.7052267098738234
2014-10-21,TSLA,Tesla,15.618000030517578,15.692667007446287,15.386667251586914,15.689332962036133,15.689332962036133,61954500,0.0,0.0,2.091053353735756,4.3725041281695525
2014-10-22,TSLA,Tesla,15.54599952697754,15.826000213623049,15.370667457580566,15.40666675567627,15.40666675567627,61749000,0.0,0.0,-1.8180730312522444,3.3053895469667243
2014-10-23,TSLA,Tesla,15.644000053405762,15.751999855041504,15.466667175292969,15.685999870300291,15.685999870300291,52386000,0.0,0.0,1.7968264566505334,3.2285853153193114
2014-10-24,TSLA,Tesla,15.751333236694336,15.853333473205566,15.41333293914795,15.682666778564451,15.682666778564451,51949500,0.0,0.0,-0.02125108973036142,0.00045160881472787267
2014-10-27,TSLA,Tesla,15.616666793823242,15.640666961669922,14.687333106994627,14.777999877929688,14.777999877929688,143299500,0.0,0.0,-5.941649551848707,35.30319939698394
2014-10-28,TSLA,Tesla,15.30666732788086,16.30666732788086,15.216667175292969,16.184667587280273,16.184667587280273,157744500,0.0,0.0,9.092476874046023,82.67313570506174
2014-10-29,TSLA,Tesla,16.075332641601562,16.100000381469727,15.709333419799805,15.873332977294922,15.873332977294922,74437500,0.0,0.0,-1.9423818886007627,3.7728474011642654
2014-10-30,TSLA,Tesla,15.87600040435791,16.03333282470703,15.670666694641112,15.910667419433594,15.910667419433594,48426000,0.0,0.0,0.23492611907552371,0.05519028142388715
2014-10-31,TSLA,Tesla,16.167333602905273,16.20800018310547,15.916666984558104,16.113332748413086,16.113332748413086,56629500,0.0,0.0,1.2657259155448224,1.6020620932817788
2014-11-03,TSLA,Tesla,16.200000762939453,16.503999710083008,16.08799934387207,16.172666549682617,16.172666549682617,63057000,0.0,0.0,0.3675516902470035,0.13509424500342923
2014-11-04,TSLA,Tesla,16.03266716003418,16.156667709350586,15.768667221069336,15.928667068481444,15.928667068481444,55239000,0.0,0.0,-1.5202121083190923,2.3110448542799795
2014-11-05,TSLA,Tesla,16.066667556762695,16.090667724609375,15.368666648864746,15.39799976348877,15.39799976348877,135688500,0.0,0.0,-3.388283063012703,11.480462115098744
2014-11-06,TSLA,Tesla,15.63266658782959,16.445999145507812,15.233332633972168,16.08133316040039,16.08133316040039,230320500,0.0,0.0,4.342155280325142,18.854312478455512
2014-11-07,TSLA,Tesla,16.145999908447266,16.189332962036133,15.813332557678224,16.01333236694336,16.01333236694336,77415000,0.0,0.0,-0.4237520104653344,0.17956576637341287
2014-11-10,TSLA,Tesla,15.940667152404783,16.191999435424805,15.786666870117188,16.1286678314209,16.1286678314209,68658000,0.0,0.0,0.7176651035293924,0.5150432008238535
2014-11-11,TSLA,Tesla,16.170000076293945,16.788000106811523,16.133333206176758,16.738666534423828,16.738666534423828,119232000,0.0,0.0,3.712310521679775,13.781249409374363
2014-11-12,TSLA,Tesla,16.648000717163086,16.82266616821289,16.371999740600586,16.606666564941406,16.606666564941406,88062000,0.0,0.0,-0.791718940632346,0.6268188809560042
2014-11-13,TSLA,Tesla,16.70800018310547,17.049999237060547,16.683332443237305,16.780000686645508,16.780000686645508,93540000,0.0,0.0,1.038352691917363,1.0781763128120339
2014-11-14,TSLA,Tesla,16.666667938232422,17.25666618347168,16.566667556762695,17.245332717895508,17.245332717895508,91516500,0.0,0.0,2.7353797829441096,7.482302556939364
2014-11-17,TSLA,Tesla,17.166000366210938,17.266666412353516,16.801332473754883,16.93199920654297,16.93199920654297,60385500,0.0,0.0,-1.8336263991684154,3.362185771727329
2014-11-18,TSLA,Tesla,17.05733299255371,17.332666397094727,17.034000396728516,17.18000030517578,17.18000030517578,67095000,0.0,0.0,1.4540658522254748,2.114307502608196
2014-11-19,TSLA,Tesla,16.707332611083984,16.79199981689453,16.373332977294922,16.516000747680664,16.516000747680664,118777500,0.0,0.0,-3.9416281025618076,15.536432098904996
2014-11-20,TSLA,Tesla,16.530000686645508,16.728666305541992,16.399999618530273,16.58066749572754,16.58066749572754,53808000,0.0,0.0,0.3907754693774502,0.15270546746716654
2014-11-21,TSLA,Tesla,16.81399917602539,16.851999282836914,16.14466667175293,16.185333251953125,16.185333251953125,112276500,0.0,0.0,-2.4131930648272912,5.823500768130535
2014-11-24,TSLA,Tesla,16.34666633605957,16.50666618347168,16.042667388916016,16.447999954223633,16.447999954223633,71845500,0.0,0.0,1.609840915023267,2.59158777168295
2014-11-25,TSLA,Tesla,16.489999771118164,16.648000717163086,16.4060001373291,16.53933334350586,16.53933334350586,47397000,0.0,0.0,0.5537496580522171,0.30663868379294734
2014-11-26,TSLA,Tesla,16.555999755859375,16.600000381469727,16.440000534057617,16.562667846679688,16.562667846679688,29718000,0.0,0.0,0.14098547640615477,0.019876904557470425
2014-11-28,TSLA,Tesla,16.356666564941406,16.445999145507812,16.167999267578125,16.301332473754883,16.301332473754883,31795500,0.0,0.0,-1.5904386506489616,2.5294951014780898
2014-12-01,TSLA,Tesla,16.077333450317383,16.1646671295166,15.267333030700684,15.442667007446287,15.442667007446287,129291000,0.0,0.0,-5.411258800496588,29.281721805951776
2014-12-02,TSLA,Tesla,15.637999534606934,15.658666610717772,15.199999809265137,15.428667068481444,15.428667068481444,88305000,0.0,0.0,-0.09069863900364786,0.008226243117114033
2014-12-03,TSLA,Tesla,15.083333015441896,15.314666748046877,15.033332824707031,15.286666870117188,15.286666870117188,79615500,0.0,0.0,-0.9246274862083345,0.8549359882519437
2014-12-04,TSLA,Tesla,15.239999771118164,15.393333435058594,15.187333106994627,15.218667030334473,15.218667030334473,57834000,0.0,0.0,-0.4458233608202177,0.198758469053034
2014-12-05,TSLA,Tesla,15.244667053222656,15.292667388916016,14.817333221435549,14.913999557495115,14.913999557495115,90954000,0.0,0.0,-2.0222429011297884,4.089466351169824
2014-12-08,TSLA,Tesla,14.769332885742188,14.990667343139648,14.156000137329102,14.290666580200195,14.290666580200195,138384000,0.0,0.0,-4.26937019772825,18.22752188525016
2014-12-09,TSLA,Tesla,13.956000328063965,14.51533317565918,13.618000030517578,14.459333419799805,14.459333419799805,141472500,0.0,0.0,1.1733479978398154,1.3767455240347033
2014-12-10,TSLA,Tesla,14.275333404541016,14.451333045959473,13.846667289733888,13.989333152770996,13.989333152770996,109711500,0.0,0.0,-3.30449959030178,10.919717542304634
2014-12-11,TSLA,Tesla,14.035332679748535,14.362000465393066,13.881999969482422,13.925333023071287,13.925333023071287,100416000,0.0,0.0,-0.45854205410046595,0.21026081537867464
2014-12-12,TSLA,Tesla,13.654666900634766,14.112000465393066,13.633333206176758,13.800000190734863,13.800000190734863,107607000,0.0,0.0,-0.9041095023733702,0.8174139922818231
2014-12-15,TSLA,Tesla,13.952667236328123,13.986666679382324,13.511333465576172,13.602666854858398,13.602666854858398,78274500,0.0,0.0,-1.4402740197095514,2.074389251850309
2014-12-16,TSLA,Tesla,13.392666816711426,13.57866668701172,13.024666786193848,13.187333106994627,13.187333106994627,126391500,0.0,0.0,-3.1009110024997537,9.615649045424028
2014-12-17,TSLA,Tesla,12.870667457580566,13.776666641235352,12.84333324432373,13.721332550048828,13.721332550048828,110517000,0.0,0.0,3.969498645814139,15.756919499120281
2014-12-18,TSLA,Tesla,14.158666610717772,14.562666893005373,14.119999885559082,14.550666809082031,14.550666809082031,112249500,0.0,0.0,5.868507914970849,34.439385148075495
2014-12-19,TSLA,Tesla,14.679332733154297,14.69333267211914,14.300000190734863,14.619333267211914,14.619333267211914,103657500,0.0,0.0,0.47080277535765935,0.22165525328447466
2014-12-22,TSLA,Tesla,14.666666984558104,14.937333106994627,14.550666809082031,14.84000015258789,14.84000015258789,71991000,0.0,0.0,1.498139889757775,2.244423129283438
2014-12-23,TSLA,Tesla,14.920666694641112,14.954667091369627,14.63466739654541,14.731332778930664,14.731332778930664,67585500,0.0,0.0,-0.7349541060883609,0.5401575380561416
2014-12-24,TSLA,Tesla,14.65133285522461,14.833333015441896,14.616666793823242,14.817333221435549,14.817333221435549,19983000,0.0,0.0,0.5820952142920065,0.33883483850165697
2014-12-26,TSLA,Tesla,14.767333030700684,15.233332633972168,14.766667366027832,15.187999725341797,15.187999725341797,49905000,0.0,0.0,2.47079651821866,6.104835434441453
2014-12-29,TSLA,Tesla,15.126667022705078,15.194000244140623,14.934666633605955,15.047332763671877,15.047332763671877,42037500,0.0,0.0,-0.9304873802173448,0.8658067647437375
2014-12-30,TSLA,Tesla,14.932666778564451,15.043333053588867,14.760000228881836,14.815333366394045,14.815333366394045,43548000,0.0,0.0,-1.5538067760799705,2.4143154973920318
2014-12-31,TSLA,Tesla,14.87266731262207,15.045332908630373,14.81666660308838,14.827333450317385,14.827333450317385,34462500,0.0,0.0,0.08096494592120741,0.006555322468024041
2015-01-02,TSLA,Tesla,14.857999801635742,14.883333206176758,14.21733283996582,14.620667457580566,14.620667457580566,71466000,0.0,0.0,-1.4036225169085779,1.970156169972771
2015-01-05,TSLA,Tesla,14.303333282470703,14.43333339691162,13.810667037963867,14.005999565124512,14.005999565124512,80527500,0.0,0.0,-4.295032882871597,18.447307464948302
2015-01-06,TSLA,Tesla,14.003999710083008,14.279999732971191,13.61400032043457,14.085332870483398,14.085332870483398,93928500,0.0,0.0,0.5648255842151179,0.3190279405839492
2015-01-07,TSLA,Tesla,14.223333358764648,14.3186674118042,13.985333442687988,14.063332557678224,14.063332557678224,44526000,0.0,0.0,-0.1563151712540786,0.02443443276419192
2015-01-08,TSLA,Tesla,14.187333106994627,14.25333309173584,14.000666618347168,14.041333198547363,14.041333198547363,51637500,0.0,0.0,-0.15655310626955213,0.02450887508264568
2015-01-09,TSLA,Tesla,13.928000450134276,13.998666763305664,13.663999557495115,13.77733325958252,13.77733325958252,70024500,0.0,0.0,-1.8980626920067831,3.6026419827880365
2015-01-12,TSLA,Tesla,13.536666870117188,13.631333351135254,13.283332824707031,13.480667114257812,13.480667114257812,89254500,0.0,0.0,-2.1768130883067913,4.73851522142375
2015-01-13,TSLA,Tesla,13.554667472839355,13.84066677093506,13.394000053405762,13.616666793823242,13.616666793823242,67159500,0.0,0.0,1.0037948528329803,1.0076041065739847
2015-01-14,TSLA,Tesla,12.388667106628418,13.013333320617676,12.333333015441896,12.845999717712402,12.845999717712402,173278500,0.0,0.0,-5.826208511535262,33.94470561988594
2015-01-15,TSLA,Tesla,12.965999603271484,13.050000190734863,12.666666984558104,12.791333198547363,12.791333198547363,78247500,0.0,0.0,-0.42646091303445877,0.18186891034618421
2015-01-16,TSLA,Tesla,12.713333129882812,12.965999603271484,12.643333435058594,12.871333122253418,12.871333122253418,54048000,0.0,0.0,0.6234752215779189,0.3887213519216351
2015-01-20,TSLA,Tesla,12.924667358398438,12.941332817077637,12.469332695007324,12.795332908630373,12.795332908630373,67548000,0.0,0.0,-0.5922112022732264,0.3507141080979003
2015-01-21,TSLA,Tesla,12.636667251586914,13.245332717895508,12.633999824523926,13.104666709899902,13.104666709899902,62295000,0.0,0.0,2.3887916243012906,5.706325424331998
2015-01-22,TSLA,Tesla,13.133333206176758,13.54933261871338,13.013333320617676,13.441332817077637,13.441332817077637,61753500,0.0,0.0,2.5366093948943953,6.43438722226651
2015-01-23,TSLA,Tesla,13.352666854858398,13.56666660308838,13.222000122070312,13.419333457946776,13.419333457946776,51579000,0.0,0.0,-0.16380356186697162,0.0268316068803068
2015-01-26,TSLA,Tesla,13.45533275604248,13.907999992370604,13.403332710266112,13.770000457763672,13.770000457763672,48517500,0.0,0.0,2.5795883487269107,6.654276048887629
2015-01-27,TSLA,Tesla,13.628000259399414,13.868666648864746,13.553333282470703,13.732000350952148,13.732000350952148,41715000,0.0,0.0,-0.2763444831417415,0.07636627336287624
2015-01-28,TSLA,Tesla,13.740667343139648,13.758000373840332,13.227999687194824,13.291333198547363,13.291333198547363,47244000,0.0,0.0,-3.261671754106088,10.638502631533486
2015-01-29,TSLA,Tesla,13.404666900634766,13.732000350952148,13.100000381469728,13.68000030517578,13.68000030517578,53221500,0.0,0.0,2.8822750890941435,8.307509689212653
2015-01-30,TSLA,Tesla,13.597332954406738,13.83133316040039,13.533332824707031,13.57333278656006,13.57333278656006,45105000,0.0,0.0,-0.7827891211321575,0.6127588081628556
2015-02-02,TSLA,Tesla,13.597999572753906,14.130000114440918,13.553333282470703,14.062666893005373,14.062666893005373,62238000,0.0,0.0,3.541650455001054,12.543287945409173
2015-02-03,TSLA,Tesla,14.214667320251465,14.691332817077637,14.084667205810549,14.557332992553713,14.557332992553713,72393000,0.0,0.0,3.4571304560601335,11.951750990218546
2015-02-04,TSLA,Tesla,14.552666664123535,14.76533317565918,14.453332901000977,14.56999969482422,14.56999969482422,49581000,0.0,0.0,0.08697468597585221,0.007564596000598104
2015-02-05,TSLA,Tesla,14.658666610717772,15.031999588012695,14.642666816711426,14.732666969299316,14.732666969299316,52843500,0.0,0.0,1.11026718029864,1.2326932116482925
2015-02-06,TSLA,Tesla,14.800000190734863,14.893333435058594,14.43333339691162,14.490667343139648,14.490667343139648,48658500,0.0,0.0,-1.6562460365371068,2.743150933544875
2015-02-09,TSLA,Tesla,14.358667373657228,14.528667449951172,14.13266658782959,14.498666763305664,14.498666763305664,52086000,0.0,0.0,0.05518871416418818,0.003045794171096465
2015-02-10,TSLA,Tesla,14.50333309173584,14.699999809265137,14.333333015441896,14.419333457946776,14.419333457946776,80857500,0.0,0.0,-0.5486790495772597,0.30104869944500495
2015-02-11,TSLA,Tesla,14.147333145141602,14.315999984741213,13.8186674118042,14.186667442321776,14.186667442321776,146536500,0.0,0.0,-1.6267296304893593,2.6462492907120474
2015-02-12,TSLA,Tesla,12.904666900634766,13.53933334350586,12.885333061218262,13.525333404541016,13.525333404541016,234744000,0.0,0.0,-4.7738135628800356,22.789295933137378
2015-02-13,TSLA,Tesla,13.526666641235352,13.732666969299316,13.394000053405762,13.584667205810549,13.584667205810549,92865000,0.0,0.0,0.43772699868980774,0.19160492538198695
2015-02-17,TSLA,Tesla,13.713333129882812,13.713333129882812,13.43333339691162,13.623332977294922,13.623332977294922,59694000,0.0,0.0,0.2842237375306733,0.08078313297590507
2015-02-18,TSLA,Tesla,13.611332893371582,13.744667053222656,13.506667137145996,13.630666732788086,13.630666732788086,40704000,0.0,0.0,0.053817830396903986,0.0028963588686299227
2015-02-19,TSLA,Tesla,13.666666984558104,14.162667274475098,13.583333015441896,14.11400032043457,14.11400032043457,77311500,0.0,0.0,3.4845074204363313,12.141791963075855
2015-02-20,TSLA,Tesla,14.052000045776367,14.506667137145996,13.987333297729492,14.473999977111816,14.473999977111816,89731500,0.0,0.0,2.518669958065304,6.3436983576606805
2015-02-23,TSLA,Tesla,14.37733268737793,14.546667098999023,13.755332946777344,13.822667121887209,13.822667121887209,127497000,0.0,0.0,-4.604414513694655,21.200633013921987
2015-02-24,TSLA,Tesla,13.81933307647705,13.81933307647705,13.446666717529297,13.607333183288574,13.607333183288574,99054000,0.0,0.0,-1.5700937648674493,2.4651944304756412
2015-02-25,TSLA,Tesla,13.662667274475098,13.809332847595217,13.505332946777344,13.583999633789062,13.583999633789062,58642500,0.0,0.0,-0.17162494669841497,0.02945512232923378
2015-02-26,TSLA,Tesla,13.600000381469728,14.072667121887209,13.481332778930664,13.812666893005373,13.812666893005373,97093500,0.0,0.0,1.669345934649604,2.78671584953116
2015-02-27,TSLA,Tesla,13.793333053588867,13.903332710266112,13.520000457763672,13.555999755859377,13.555999755859377,58231500,0.0,0.0,-1.8756826221474499,3.5181852990259332
2015-03-02,TSLA,Tesla,13.513333320617676,13.555999755859377,13.055333137512209,13.155332565307615,13.155332565307615,118831500,0.0,0.0,-3.000204103721808,9.001224663989179
2015-03-03,TSLA,Tesla,13.120667457580566,13.349332809448242,13.021332740783691,13.303999900817873,13.303999900817873,66484500,0.0,0.0,1.1237539737762534,1.2628229935779205
2015-03-04,TSLA,Tesla,13.283332824707031,13.501333236694336,13.147333145141602,13.496000289916992,13.496000289916992,63330000,0.0,0.0,1.4328632289798697,2.0530970329626186
2015-03-05,TSLA,Tesla,13.523332595825195,13.746000289916992,13.34333324432373,13.375332832336426,13.375332832336426,73155000,0.0,0.0,-0.8981189592245054,0.8066176649185087
2015-03-06,TSLA,Tesla,13.280667304992676,13.383333206176758,12.8100004196167,12.925333023071287,12.925333023071287,100686000,0.0,0.0,-3.4222991262336113,11.71213130941934
2015-03-09,TSLA,Tesla,12.959333419799805,12.965999603271484,12.550000190734863,12.725333213806152,12.725333213806152,101050500,0.0,0.0,-1.559443801624031,2.4318649704236104
2015-03-10,TSLA,Tesla,12.564000129699709,12.899999618530272,12.506667137145996,12.687999725341797,12.687999725341797,83695500,0.0,0.0,-0.29381046091354307,0.08632458694222862
2015-03-11,TSLA,Tesla,12.743332862854004,13.07866668701172,12.734000205993652,12.916000366210938,12.916000366210938,74623500,0.0,0.0,1.7810238003898435,3.1720457775550814
2015-03-12,TSLA,Tesla,12.916666984558104,12.963333129882812,12.649999618530272,12.73799991607666,12.73799991607666,62239500,0.0,0.0,-1.387723588855585,1.9257767590662247
2015-03-13,TSLA,Tesla,12.596667289733888,12.783332824707031,12.48799991607666,12.57866668701172,12.57866668701172,81514500,0.0,0.0,-1.2587386429474219,1.5844229712491171
2015-03-16,TSLA,Tesla,12.800000190734863,13.060667037963867,12.653332710266112,13.046667098999023,13.046667098999023,84432000,0.0,0.0,3.6530447505924117,13.344735949830776
2015-03-17,TSLA,Tesla,13.028667449951172,13.247332572937012,12.929332733154297,12.982000350952148,12.982000350952148,73411500,0.0,0.0,-0.49688967921734045,0.24689935331271148
2015-03-18,TSLA,Tesla,12.997332572937012,13.392000198364258,12.87399959564209,13.380666732788086,13.380666732788086,72313500,0.0,0.0,3.024707436572859,9.148855076859157
2015-03-19,TSLA,Tesla,13.466667175292969,13.63933277130127,12.968667030334473,13.043333053588867,13.043333053588867,127128000,0.0,0.0,-2.5533757903858407,6.519727926928517
2015-03-20,TSLA,Tesla,13.16333293914795,13.265999794006348,13.041333198547363,13.20533275604248,13.20533275604248,64042500,0.0,0.0,1.234361857063086,1.5236491941722305
2015-03-23,TSLA,Tesla,13.233332633972168,13.366666793823242,13.164667129516602,13.308667182922363,13.308667182922363,39474000,0.0,0.0,0.7794746195763983,0.6075806825637708
2015-03-24,TSLA,Tesla,13.43866729736328,13.586000442504885,13.31666660308838,13.447999954223633,13.447999954223633,54748500,0.0,0.0,1.0414901829068897,1.0847018010914264
2015-03-25,TSLA,Tesla,13.218000411987305,13.239333152770996,12.846667289733888,12.953332901000977,12.953332901000977,85956000,0.0,0.0,-3.7477270797324156,14.04545826415966
2015-03-26,TSLA,Tesla,12.928000450134276,12.986000061035156,12.646666526794434,12.694000244140623,12.694000244140623,61920000,0.0,0.0,-2.0223661788001217,4.089964961154606
2015-03-27,TSLA,Tesla,12.604666709899902,12.619333267211914,12.09333324432373,12.333333015441896,12.333333015441896,129073500,0.0,0.0,-2.882386191590265,8.308150157470232
2015-03-30,TSLA,Tesla,12.390000343322754,12.81666660308838,12.119999885559082,12.704667091369627,12.704667091369627,151342500,0.0,0.0,2.9663815265835405,8.799419361256096
2015-03-31,TSLA,Tesla,12.902000427246094,12.917332649230955,12.560667037963867,12.584667205810549,12.584667205810549,75399000,0.0,0.0,-0.949022894720505,0.9006444547036868
2015-04-01,TSLA,Tesla,12.579999923706056,12.81999969482422,12.403332710266112,12.505999565124512,12.505999565124512,56919000,0.0,0.0,-0.6270690148005607,0.3932155493229458
2015-04-02,TSLA,Tesla,12.682000160217283,12.881999969482422,12.666666984558104,12.733332633972168,12.733332633972168,75156000,0.0,0.0,1.8014677649008781,3.2452861079769657
2015-04-06,TSLA,Tesla,13.199999809265137,13.850000381469728,13.166666984558104,13.539999961853027,13.539999961853027,186837000,0.0,0.0,6.142509264600836,37.7304200657071
2015-04-07,TSLA,Tesla,13.500666618347168,13.670666694641112,13.40933322906494,13.550000190734863,13.550000190734863,65218500,0.0,0.0,0.07382967353085246,0.005450820693672256
2015-04-08,TSLA,Tesla,13.880000114440918,14.0600004196167,13.724666595458984,13.844667434692385,13.844667434692385,94546500,0.0,0.0,2.151357432507504,4.628338802405279
2015-04-09,TSLA,Tesla,13.895333290100098,14.024666786193848,13.7413330078125,14.005999565124512,14.005999565124512,57003000,0.0,0.0,1.158564245693893,1.342271111400259
2015-04-10,TSLA,Tesla,13.989999771118164,14.109999656677246,13.93333339691162,14.0600004196167,14.0600004196167,61015500,0.0,0.0,0.38481380431364587,0.14808166399034092
2015-04-13,TSLA,Tesla,14.029333114624023,14.199999809265137,13.936667442321776,13.985333442687988,13.985333442687988,56373000,0.0,0.0,-0.5324746976747791,0.2835293036638474
2015-04-14,TSLA,Tesla,13.904666900634766,13.965999603271484,13.699999809265137,13.830666542053224,13.830666542053224,45390000,0.0,0.0,-1.112082935895175,1.2367284563092318
2015-04-15,TSLA,Tesla,13.830666542053224,13.97266674041748,13.773332595825195,13.85533332824707,13.85533332824707,29286000,0.0,0.0,0.17818964701393522,0.031751550302950834
2015-04-16,TSLA,Tesla,13.846667289733888,13.944666862487791,13.752667427062988,13.779999732971191,13.779999732971191,24886500,0.0,0.0,-0.5451990154159205,0.29724196641048917
2015-04-17,TSLA,Tesla,13.666000366210938,13.791999816894531,13.56666660308838,13.78600025177002,13.78600025177002,37048500,0.0,0.0,0.0435356518677135,0.0018953529835467459
2015-04-20,TSLA,Tesla,13.785332679748535,13.856666564941406,13.59000015258789,13.684666633605955,13.684666633605955,38389500,0.0,0.0,-0.7377620515208771,0.5442928446642934
2015-04-21,TSLA,Tesla,13.720000267028809,14.050000190734863,13.620667457580566,13.96066665649414,13.96066665649414,51487500,0.0,0.0,1.9967868746211763,3.9871578226594053
2015-04-22,TSLA,Tesla,14.166666984558104,14.791999816894531,14.112667083740234,14.629332542419434,14.629332542419434,117945000,0.0,0.0,4.678474050637763,21.88811944249092
2015-04-23,TSLA,Tesla,14.5513334274292,14.76533317565918,14.476667404174805,14.57333278656006,14.57333278656006,66168000,0.0,0.0,-0.3835254342096326,0.14709175868568722
2015-04-24,TSLA,Tesla,14.699999809265137,14.720000267028809,14.534000396728516,14.562000274658203,14.562000274658203,36417000,0.0,0.0,-0.07779222876599108,0.00605163085638029
2015-04-27,TSLA,Tesla,14.837332725524902,15.916666984558104,14.800000190734863,15.436667442321776,15.436667442321776,175089000,0.0,0.0,5.833026723831149,34.024200760928345
2015-04-28,TSLA,Tesla,15.649999618530272,15.699999809265137,15.20199966430664,15.36533260345459,15.36533260345459,91281000,0.0,0.0,-0.46318398997193305,0.21453940856631978
2015-04-29,TSLA,Tesla,15.33666706085205,15.664667129516602,15.175333023071287,15.49666690826416,15.49666690826416,59041500,0.0,0.0,0.8511120452263243,0.7243917135293367
2015-04-30,TSLA,Tesla,15.359333038330078,15.526000022888184,15.011333465576172,15.06999969482422,15.06999969482422,58678500,0.0,0.0,-2.7918970236816927,7.794688990842694
2015-05-01,TSLA,Tesla,15.329333305358888,15.451333045959473,14.694000244140623,15.0686674118042,15.0686674118042,79225500,0.0,0.0,-0.008841021510177892,7.816366134342817e-05
2015-05-04,TSLA,Tesla,15.211999893188477,15.648667335510254,15.140666961669922,15.36733341217041,15.36733341217041,66519000,0.0,0.0,1.9626467298796235,3.85198218630718
2015-05-05,TSLA,Tesla,15.850666999816896,15.966667175292969,15.275333404541016,15.529999732971191,15.529999732971191,86953500,0.0,0.0,1.0529570494660812,1.1087185480203152
2015-05-06,TSLA,Tesla,15.606666564941406,15.631333351135254,15.213333129882812,15.362000465393066,15.362000465393066,79063500,0.0,0.0,-1.0876662094637066,1.1830177832091477
2015-05-07,TSLA,Tesla,14.733332633972168,15.83199977874756,14.68333339691162,15.786666870117188,15.786666870117188,141838500,0.0,0.0,2.7268756923558395,7.435851041561139
2015-05-08,TSLA,Tesla,15.732666969299316,15.894000053405762,15.579999923706056,15.77400016784668,15.77400016784668,70023000,0.0,0.0,-0.08026891786145386,0.0064430991746488265
2015-05-11,TSLA,Tesla,15.752667427062988,16.191999435424805,15.687333106994627,15.965999603271484,15.965999603271484,85084500,0.0,0.0,1.2098410758755258,1.4637154288756498
2015-05-12,TSLA,Tesla,16.007333755493164,16.42333221435547,15.879332542419434,16.31599998474121,16.31599998474121,95451000,0.0,0.0,2.168478414483605,4.7022986340813295
2015-05-13,TSLA,Tesla,16.507333755493164,16.553333282470703,16.149999618530273,16.211999893188477,16.211999893188477,81603000,0.0,0.0,-0.6394518342469454,0.40889864832178296
2015-05-14,TSLA,Tesla,16.321332931518555,16.326000213623047,16.083332061767578,16.273332595825195,16.273332595825195,43438500,0.0,0.0,0.3776028799023596,0.1425839349105558
2015-05-15,TSLA,Tesla,16.261999130249023,16.626667022705078,16.166667938232422,16.589332580566406,16.589332580566406,67914000,0.0,0.0,1.9232142191383121,3.6987529326957875
2015-05-18,TSLA,Tesla,16.46666717529297,16.65999984741211,16.399999618530273,16.583332061767578,16.583332061767578,50298000,0.0,0.0,-0.03617749088878535,0.001308810847008147
2015-05-19,TSLA,Tesla,16.562000274658203,16.733333587646484,16.40999984741211,16.47599983215332,16.47599983215332,55113000,0.0,0.0,-0.6493331872666919,0.4216335880859207
2015-05-20,TSLA,Tesla,16.475332260131836,16.516000747680664,16.091333389282227,16.290000915527344,16.290000915527344,56334000,0.0,0.0,-1.1353287570736796,1.2889713866384662
2015-05-21,TSLA,Tesla,16.20199966430664,16.441333770751953,16.157333374023438,16.374666213989258,16.374666213989258,29559000,0.0,0.0,0.5183918619289488,0.26873012251416234
2015-05-22,TSLA,Tesla,16.358667373657227,16.573333740234375,16.333999633789062,16.51533317565918,16.51533317565918,33346500,0.0,0.0,0.8553835328295117,0.7316809882358963
2015-05-26,TSLA,Tesla,16.511999130249023,16.799999237060547,16.433332443237305,16.497333526611328,16.497333526611328,52480500,0.0,0.0,-0.10904693640071629,0.011891234338381863
2015-05-27,TSLA,Tesla,16.567333221435547,16.633333206176758,16.3700008392334,16.495332717895508,16.495332717895508,51123000,0.0,0.0,-0.012128808890102425,0.00014710800509262762
2015-05-28,TSLA,Tesla,16.468666076660156,16.786666870117188,16.336666107177734,16.76333236694336,16.76333236694336,54709500,0.0,0.0,1.6116428556298172,2.597392694102632
2015-05-29,TSLA,Tesla,16.733333587646484,16.857999801635742,16.6286678314209,16.719999313354492,16.719999313354492,56839500,0.0,0.0,-0.25883372774883784,0.06699489862035951
2015-06-01,TSLA,Tesla,16.76066780090332,16.773332595825195,16.49799919128418,16.6299991607666,16.6299991607666,37576500,0.0,0.0,-0.5397323849431632,0.2913110473564349
2015-06-02,TSLA,Tesla,16.594667434692383,16.626667022705078,16.420000076293945,16.55666732788086,16.55666732788086,32022000,0.0,0.0,-0.4419362352227391,0.1953076360028482
2015-06-03,TSLA,Tesla,16.546667098999023,16.71466636657715,16.46733283996582,16.599332809448242,16.599332809448242,26722500,0.0,0.0,0.2573621965275541,0.06623530020148738
2015-06-04,TSLA,Tesla,16.5,16.6200008392334,16.380666732788086,16.39466667175293,16.39466667175293,36804000,0.0,0.0,-1.2406423354541638,1.539193404521162
2015-06-05,TSLA,Tesla,16.399999618530273,16.64666748046875,16.3786678314209,16.609333038330078,16.609333038330078,45330000,0.0,0.0,1.3008689596127656,1.6922600500839993
2015-06-08,TSLA,Tesla,16.72333335876465,17.25,16.687332153320312,17.086000442504883,17.086000442504883,75255000,0.0,0.0,2.8294672033666526,8.005884654927506
2015-06-09,TSLA,Tesla,17.02666664123535,17.182666778564453,16.94266700744629,17.066667556762695,17.066667556762695,39166500,0.0,0.0,-0.11321450966934399,0.012817525199669983
2015-06-10,TSLA,Tesla,16.793333053588867,16.933332443237305,16.566667556762695,16.713333129882812,16.713333129882812,51817500,0.0,0.0,-2.092050364232466,4.376674726485193
2015-06-11,TSLA,Tesla,16.884000778198242,16.95800018310547,16.69533348083496,16.76066780090332,16.76066780090332,30661500,0.0,0.0,0.2828147293691107,0.07998417114812331
2015-06-12,TSLA,Tesla,16.680667877197266,16.8973331451416,16.680667877197266,16.71266746520996,16.71266746520996,21334500,0.0,0.0,-0.286797644830655,0.08225288908041054
2015-06-15,TSLA,Tesla,16.64666748046875,16.75200080871582,16.400667190551758,16.691999435424805,16.691999435424805,32793000,0.0,0.0,-0.12374338282701011,0.01531242479347198
2015-06-16,TSLA,Tesla,16.67533302307129,16.895999908447266,16.606666564941406,16.874666213989258,16.874666213989258,29770500,0.0,0.0,1.0883927745015778,1.1845988315872424
2015-06-17,TSLA,Tesla,16.81133270263672,17.624000549316406,16.801332473754883,17.360666275024414,17.360666275024414,82693500,0.0,0.0,2.839363174221358,8.061983235124385
2015-06-18,TSLA,Tesla,17.46666717529297,17.56399917602539,17.334667205810547,17.459333419799805,17.459333419799805,41740500,0.0,0.0,0.5667283729091548,0.321181048660258
2015-06-19,TSLA,Tesla,17.49333381652832,17.586666107177734,17.34000015258789,17.500667572021484,17.500667572021484,36945000,0.0,0.0,0.2364655052021524,0.05591593515050916
2015-06-22,TSLA,Tesla,17.476667404174805,17.626667022705078,17.04599952697754,17.319332122802734,17.319332122802734,68416500,0.0,0.0,-1.0415685822857295,1.0848651116047043
2015-06-23,TSLA,Tesla,17.35466766357422,17.866666793823242,17.238000869750977,17.844667434692383,17.844667434692383,58062000,0.0,0.0,2.9881379086844273,8.928968161316943
2015-06-24,TSLA,Tesla,17.798667907714844,17.823333740234375,17.58133316040039,17.67799949645996,17.67799949645996,36184500,0.0,0.0,-0.9383820283772002,0.8805608311813086
2015-06-25,TSLA,Tesla,17.76333236694336,18.0939998626709,17.683332443237305,17.91933250427246,17.91933250427246,42738000,0.0,0.0,1.355925805276423,1.8385347894145159
2015-06-26,TSLA,Tesla,17.926000595092773,17.94066619873047,17.733333587646484,17.805999755859375,17.805999755859375,57576000,0.0,0.0,-0.6344692767190736,0.4025512631004244
2015-06-29,TSLA,Tesla,17.463333129882812,17.729999542236328,17.3799991607666,17.468000411987305,17.468000411987305,52183500,0.0,0.0,-1.9164806231762377,3.6728979790099805
2015-06-30,TSLA,Tesla,17.65333366394043,18.06133270263672,17.600000381469727,17.884000778198242,17.884000778198242,46303500,0.0,0.0,2.3535842676817005,5.539358905078807
2015-07-01,TSLA,Tesla,18.073999404907227,18.17466735839844,17.856666564941406,17.94333267211914,17.94333267211914,31518000,0.0,0.0,0.3312105169233769,0.10970040652065052
2015-07-02,TSLA,Tesla,18.68000030517578,18.829999923706055,18.220666885375977,18.667999267578125,18.667999267578125,107458500,0.0,0.0,3.959218179886062,15.6754085959403
2015-07-06,TSLA,Tesla,18.59199905395508,18.779333114624023,18.420000076293945,18.64800071716309,18.64800071716309,61828500,0.0,0.0,-0.10718486621202723,0.011488595544890177
2015-07-07,TSLA,Tesla,18.333332061767575,18.34666633605957,17.384666442871094,17.858667373657227,17.858667373657227,91576500,0.0,0.0,-4.32499826636326,18.705610004045205
2015-07-08,TSLA,Tesla,17.288000106811523,17.386667251586914,16.95400047302246,16.997333526611328,16.997333526611328,93316500,0.0,0.0,-4.943247714978346,24.435697971638643
2015-07-09,TSLA,Tesla,17.27199935913086,17.530000686645508,17.119333267211914,17.19466781616211,17.19466781616211,50011500,0.0,0.0,1.1542844689962468,1.3323726353659475
2015-07-10,TSLA,Tesla,17.481332778930664,17.53333282470703,17.187999725341797,17.27666664123535,17.27666664123535,39163500,0.0,0.0,0.4757516993591066,0.22633967944307776
2015-07-13,TSLA,Tesla,17.483333587646484,17.503332138061523,17.06999969482422,17.477333068847656,17.477333068847656,44404500,0.0,0.0,1.1547946093778831,1.3335505898482176
2015-07-14,TSLA,Tesla,17.47333335876465,17.732667922973633,17.367332458496094,17.709999084472656,17.709999084472656,28614000,0.0,0.0,1.322461194395776,1.7489036106827025
2015-07-15,TSLA,Tesla,17.78266716003418,17.832666397094727,17.472000122070312,17.542667388916016,17.542667388916016,30324000,0.0,0.0,-0.9493350092744897,0.9012369598341954
2015-07-16,TSLA,Tesla,17.614667892456055,17.81333351135254,17.54400062561035,17.778667449951172,17.778667449951172,24240000,0.0,0.0,1.3363230698704975,1.7857593470681106
2015-07-17,TSLA,Tesla,18.166667938232425,18.36933326721191,17.883333206176758,18.310667037963867,18.310667037963867,75061500,0.0,0.0,2.9484507572371856,8.693361867852534
2015-07-20,TSLA,Tesla,18.333332061767575,19.11000061035156,18.16933250427246,18.817333221435547,18.817333221435547,74677500,0.0,0.0,2.7294636659552918,7.4499719037701
2015-07-21,TSLA,Tesla,18.003332138061523,18.233333587646484,17.770000457763672,17.784666061401367,17.784666061401367,91630500,0.0,0.0,-5.644179613123731,31.856763505201545
2015-07-22,TSLA,Tesla,17.417999267578125,17.96266746520996,17.390666961669922,17.857999801635742,17.857999801635742,46575000,0.0,0.0,0.41149471812731614,0.16932790304667936
2015-07-23,TSLA,Tesla,17.976667404174805,17.99333381652832,17.684667587280273,17.81333351135254,17.81333351135254,33408000,0.0,0.0,-0.2504325433285692,0.06271645875801568
2015-07-24,TSLA,Tesla,17.825332641601562,18.07266616821289,17.594667434692383,17.694000244140625,17.694000244140625,42547500,0.0,0.0,-0.6721637694746649,0.45180413299439054
2015-07-27,TSLA,Tesla,17.495332717895508,17.6286678314209,16.71933364868164,16.867332458496094,16.867332458496094,70413000,0.0,0.0,-4.784685218900861,22.893212643968376
2015-07-28,TSLA,Tesla,17.049999237060547,17.69333267211914,16.78933334350586,17.654666900634766,17.654666900634766,58437000,0.0,0.0,4.562140139176119,20.813122649481897
2015-07-29,TSLA,Tesla,17.618000030517578,17.859333038330078,17.46666717529297,17.58799934387207,17.58799934387207,41851500,0.0,0.0,-0.37833480487480875,0.1431372245796596
2015-07-30,TSLA,Tesla,17.512666702270508,17.79599952697754,17.474000930786133,17.785999298095703,17.785999298095703,30519000,0.0,0.0,1.1194777500451487,1.2532304328461485
2015-07-31,TSLA,Tesla,17.84000015258789,17.957332611083984,17.674667358398438,17.74333381652832,17.74333381652832,33339000,0.0,0.0,-0.24017057645460024,0.05768190579453498
2015-08-03,TSLA,Tesla,17.752666473388672,17.78066635131836,17.13800048828125,17.332666397094727,17.332666397094727,38302500,0.0,0.0,-2.341693366667038,5.483527823492406
2015-08-04,TSLA,Tesla,17.333999633789062,17.781333923339844,17.222667694091797,17.75200080871582,17.75200080871582,35287500,0.0,0.0,2.3905279104246855,5.714623690519413
2015-08-05,TSLA,Tesla,17.57200050354004,18.066667556762695,17.360000610351562,18.0086669921875,18.0086669921875,93214500,0.0,0.0,1.4354910391804767,2.060634523567445
2015-08-06,TSLA,Tesla,16.63599967956543,17.0,15.7413330078125,16.408666610717773,16.408666610717773,219357000,0.0,0.0,-9.304349445674887,86.57091860723058
2015-08-07,TSLA,Tesla,16.238666534423828,16.248666763305664,15.892666816711426,16.167333602905273,16.167333602905273,76101000,0.0,0.0,-1.4816884909300456,2.1954007841545558
2015-08-10,TSLA,Tesla,15.876667022705078,16.197999954223633,15.736666679382324,16.076000213623047,16.076000213623047,62788500,0.0,0.0,-0.5665272337093259,0.32095310653434117
2015-08-11,TSLA,Tesla,15.8100004196167,15.953332901000977,15.629332542419434,15.824666976928713,15.824666976928713,63973500,0.0,0.0,-1.5757566178395706,2.4830089186652025
2015-08-12,TSLA,Tesla,15.666666984558104,15.98466682434082,15.515999794006348,15.878000259399414,15.878000259399414,55920000,0.0,0.0,0.33645959430750233,0.11320505860156906
2015-08-13,TSLA,Tesla,15.990667343139648,16.43199920654297,15.941332817077637,16.167333602905273,16.167333602905273,70338000,0.0,0.0,1.8058242572414076,3.2610012480414814
2015-08-14,TSLA,Tesla,16.482667922973633,16.528667449951172,16.118000030517578,16.209999084472656,16.209999084472656,65472000,0.0,0.0,0.2635517056044581,0.06945950152701896
2015-08-17,TSLA,Tesla,17.03733253479004,17.106000900268555,16.700666427612305,16.999332427978516,16.999332427978516,107650500,0.0,0.0,4.7545795074317425,22.606026292489872
2015-08-18,TSLA,Tesla,17.025333404541016,17.39666748046875,16.90399932861328,17.381332397460938,17.381332397460938,62925000,0.0,0.0,2.22227052408309,4.9384862822085305
2015-08-19,TSLA,Tesla,17.35533332824707,17.376667022705078,17.001333236694336,17.016666412353516,17.016666412353516,54064500,0.0,0.0,-2.1203538585942034,4.495900485655327
2015-08-20,TSLA,Tesla,16.804000854492188,16.970666885375977,16.126667022705078,16.14533233642578,16.14533233642578,73587000,0.0,0.0,-5.256225251947507,27.627903899210633
2015-08-21,TSLA,Tesla,15.733332633972168,16.253332138061523,15.36733341217041,15.38466739654541,15.38466739654541,98853000,0.0,0.0,-4.825959862190771,23.28988859147637
2015-08-24,TSLA,Tesla,13.519332885742188,15.42666721343994,13.0,14.591333389282228,14.591333389282228,143724000,0.0,0.0,-5.294364086806081,28.03029108366199
2015-08-25,TSLA,Tesla,15.368000030517578,15.393333435058594,14.607999801635742,14.66866683959961,14.66866683959961,64909500,0.0,0.0,0.5285962390938471,0.27941398398415956
2015-08-26,TSLA,Tesla,15.195332527160645,15.199999809265137,14.36733341217041,14.989333152770996,14.989333152770996,74445000,0.0,0.0,2.1625113606494617,4.676455384937986
2015-08-27,TSLA,Tesla,15.399999618530272,16.316667556762695,15.387332916259766,16.19933319091797,16.19933319091797,114840000,0.0,0.0,7.763125535114371,60.26611807394479
2015-08-28,TSLA,Tesla,16.124000549316406,16.76333236694336,16.10466766357422,16.565332412719727,16.565332412719727,82705500,0.0,0.0,2.234202238670211,4.991659643278982
2015-08-31,TSLA,Tesla,16.374666213989258,16.996667861938477,16.367332458496094,16.604000091552734,16.604000091552734,70503000,0.0,0.0,0.23315329812339172,0.05436046042581518
2015-09-01,TSLA,Tesla,16.022666931152344,16.399999618530273,15.79800033569336,15.908666610717772,15.908666610717772,81822000,0.0,0.0,-4.277960511865511,18.300946141080626
2015-09-02,TSLA,Tesla,16.35333251953125,16.525333404541016,15.985333442687988,16.512666702270508,16.512666702270508,69438000,0.0,0.0,3.726373473123927,13.885859261201677
2015-09-03,TSLA,Tesla,16.804000854492188,16.80533218383789,16.333332061767578,16.3713321685791,16.3713321685791,62922000,0.0,0.0,-0.8595998590490854,0.7389119176772075
2015-09-04,TSLA,Tesla,16.05933380126953,16.272666931152344,15.880000114440918,16.1286678314209,16.1286678314209,55338000,0.0,0.0,-1.493346749689931,2.230084514809482
2015-09-08,TSLA,Tesla,16.336666107177734,16.610666275024414,16.270000457763672,16.544666290283203,16.544666290283203,47073000,0.0,0.0,2.546547211756563,6.484902701705124
2015-09-09,TSLA,Tesla,16.803333282470703,16.950000762939453,16.553333282470703,16.5939998626709,16.5939998626709,50862000,0.0,0.0,0.2977404618816599,0.08864938264150418
2015-09-10,TSLA,Tesla,16.48200035095215,16.71466636657715,16.35533332824707,16.565332412719727,16.565332412719727,40635000,0.0,0.0,-0.17290732428101338,0.029896942790019518
2015-09-11,TSLA,Tesla,16.50933265686035,16.682666778564453,16.315332412719727,16.682666778564453,16.682666778564453,35262000,0.0,0.0,0.7058160238709601,0.4981762595530117
2015-09-14,TSLA,Tesla,16.739999771118164,16.950000762939453,16.64466667175293,16.87933349609375,16.87933349609375,43363500,0.0,0.0,1.1719740597531185,1.3735231967342063
2015-09-15,TSLA,Tesla,16.850000381469727,16.97333335876465,16.633333206176758,16.904666900634766,16.904666900634766,44002500,0.0,0.0,0.1499728214054951,0.022491847160324527
2015-09-16,TSLA,Tesla,16.869333267211914,17.525333404541016,16.858667373657227,17.483333587646484,17.483333587646484,66256500,0.0,0.0,3.365832894647959,11.328831074694259
2015-09-17,TSLA,Tesla,17.597333908081055,17.700000762939453,17.37933349609375,17.471332550048828,17.471332550048828,53787000,0.0,0.0,-0.06866630064168644,0.004715060843814467
2015-09-18,TSLA,Tesla,17.19733238220215,17.58799934387207,17.166667938232422,17.374666213989258,17.374666213989258,56446500,0.0,0.0,-0.5548217153139338,0.30782713578389576
2015-09-21,TSLA,Tesla,17.59866714477539,18.10466766357422,17.053333282470703,17.613332748413086,17.613332748413086,91803000,0.0,0.0,1.364297721639401,1.8613082732704604
2015-09-22,TSLA,Tesla,17.268667221069336,17.510000228881836,17.058000564575195,17.395999908447266,17.395999908447266,54966000,0.0,0.0,-1.2415868304537008,1.5415378575560668
2015-09-23,TSLA,Tesla,17.463333129882812,17.472000122070312,17.172000885009766,17.40399932861328,17.40399932861328,39012000,0.0,0.0,0.04597368093267585,0.0021135793384994828
2015-09-24,TSLA,Tesla,17.302000045776367,17.56333351135254,17.08066749572754,17.541332244873047,17.541332244873047,51723000,0.0,0.0,0.7859912445560249,0.6177822365187289
2015-09-25,TSLA,Tesla,17.77400016784668,17.79400062561035,17.07666778564453,17.12733268737793,17.12733268737793,56601000,0.0,0.0,-2.388434853425441,5.704621049057408
2015-09-28,TSLA,Tesla,17.156667709350586,17.319332122802734,16.44066619873047,16.562000274658203,16.562000274658203,73516500,0.0,0.0,-3.356465899801779,11.265863336532165
2015-09-29,TSLA,Tesla,16.69733238220215,16.98200035095215,16.36400032043457,16.44333267211914,16.44333267211914,55548000,0.0,0.0,-0.7190844829297469,0.5170824935903415
2015-09-30,TSLA,Tesla,16.799999237060547,16.82666778564453,16.1560001373291,16.559999465942383,16.559999465942383,73944000,0.0,0.0,0.707003034140884,0.4998532902844159
2015-10-01,TSLA,Tesla,16.500667572021484,16.566667556762695,15.808667182922363,15.991999626159668,15.991999626159668,68595000,0.0,0.0,-3.490154288586749,12.181176958140478
2015-10-02,TSLA,Tesla,15.706666946411133,16.51333236694336,15.661999702453612,16.504667282104492,16.504667282104492,66360000,0.0,0.0,3.1554632668309672,9.95694842831956
2015-10-05,TSLA,Tesla,16.589332580566406,16.6560001373291,16.275333404541016,16.40999984741211,16.40999984741211,55348500,0.0,0.0,-0.5752310686169689,0.33089078230222
2015-10-06,TSLA,Tesla,16.0,16.20199966430664,15.70533275604248,16.097333908081055,16.097333908081055,78378000,0.0,0.0,-1.9237233296969005,3.7007114492201296
2015-10-07,TSLA,Tesla,15.775333404541016,15.846667289733888,15.274666786193848,15.46399974822998,15.46399974822998,102210000,0.0,0.0,-4.013893688157209,16.111342539828282
2015-10-08,TSLA,Tesla,15.338666915893556,15.381333351135254,14.753999710083008,15.114666938781738,15.114666938781738,91998000,0.0,0.0,-2.2849132781449555,5.2208286886431265
2015-10-09,TSLA,Tesla,14.728667259216309,14.958000183105469,14.557332992553713,14.71266746520996,14.71266746520996,92376000,0.0,0.0,-2.6956737809777476,7.266657133450865
2015-10-12,TSLA,Tesla,14.866000175476074,14.866666793823242,14.351332664489746,14.371999740600586,14.371999740600586,57544500,0.0,0.0,-2.3427003831432827,5.488245085179684
2015-10-13,TSLA,Tesla,14.218667030334473,14.834667205810549,14.075332641601562,14.616666793823242,14.616666793823242,77572500,0.0,0.0,1.6880587647177092,2.8495423931402786
2015-10-14,TSLA,Tesla,14.711333274841309,14.729999542236328,14.362000465393066,14.458666801452637,14.458666801452637,46566000,0.0,0.0,-1.0868425439148317,1.181226715263263
2015-10-15,TSLA,Tesla,14.428667068481444,14.781999588012695,14.24666690826416,14.753999710083008,14.753999710083008,42663000,0.0,0.0,2.0220199401692325,4.088564638441986
2015-10-16,TSLA,Tesla,14.869333267211914,15.36533260345459,14.857999801635742,15.133999824523926,15.133999824523926,65017500,0.0,0.0,2.5429643865455485,6.466667871238978
2015-10-19,TSLA,Tesla,15.100000381469728,15.40999984741211,14.996000289916992,15.206666946411133,15.206666946411133,37618500,0.0,0.0,0.4790089906799497,0.22944961315222412
2015-10-20,TSLA,Tesla,15.1813325881958,15.239999771118164,13.466667175292969,14.20199966430664,14.20199966430664,223500000,0.0,0.0,-6.835117046145145,46.71882503450393
2015-10-21,TSLA,Tesla,14.13266658782959,14.320667266845703,13.920000076293944,14.005999565124512,14.005999565124512,62272500,0.0,0.0,-1.389699793875587,1.9312655170978492
2015-10-22,TSLA,Tesla,14.104000091552734,14.383333206176758,13.960000038146973,14.114666938781738,14.114666938781738,42378000,0.0,0.0,0.7728686982366763,0.5973260247140545
2015-10-23,TSLA,Tesla,14.333333015441896,14.356666564941406,13.845999717712402,13.939332962036133,13.939332962036133,63532500,0.0,0.0,-1.2499911621996889,1.5624779055773288
2015-10-26,TSLA,Tesla,14.092000007629396,14.392000198364258,14.0,14.350666999816896,14.350666999816896,50871000,0.0,0.0,2.9081868404439977,8.457550698931643
2015-10-27,TSLA,Tesla,14.322667121887209,14.473333358764648,13.833999633789062,14.023332595825195,14.023332595825195,52791000,0.0,0.0,-2.3073865606088946,5.324032740078544
2015-10-28,TSLA,Tesla,14.087332725524902,14.229999542236328,13.886667251586914,14.197333335876465,14.197333335876465,40929000,0.0,0.0,1.2331597380900512,1.5206829396463237
2015-10-29,TSLA,Tesla,14.116666793823242,14.25,14.042667388916016,14.108667373657228,14.108667373657228,27075000,0.0,0.0,-0.6264837843193951,0.39248193201515036
2015-10-30,TSLA,Tesla,14.026666641235352,14.108667373657228,13.592666625976562,13.795332908630373,13.795332908630373,66583500,0.0,0.0,-2.2458975944985506,5.044056004974376
2015-11-02,TSLA,Tesla,13.928000450134276,14.386667251586914,13.814666748046877,14.252667427062988,14.252667427062988,58918500,0.0,0.0,3.2613737125727362,10.636558493060473
2015-11-03,TSLA,Tesla,14.256667137145996,14.29599952697754,13.850000381469728,13.890000343322754,13.890000343322754,124987500,0.0,0.0,-2.57748955777537,6.643452420441071
2015-11-04,TSLA,Tesla,15.133333206176758,15.515999794006348,15.013333320617676,15.44200038909912,15.44200038909912,190896000,0.0,0.0,10.592191360056692,112.19451780805963
2015-11-05,TSLA,Tesla,15.371999740600586,15.638667106628418,15.279333114624023,15.451333045959473,15.451333045959473,67452000,0.0,0.0,0.060418582953317854,0.003650405166086951
2015-11-06,TSLA,Tesla,15.380000114440918,15.557332992553713,15.300000190734863,15.490667343139648,15.490667343139648,36679500,0.0,0.0,0.2542454778221519,0.06464076299301433
2015-11-09,TSLA,Tesla,15.53266716003418,15.53266716003418,14.95400047302246,15.022000312805176,15.022000312805176,57763500,0.0,0.0,-3.0721921604877105,9.438364670962146
2015-11-10,TSLA,Tesla,14.898667335510254,14.91333293914795,14.405332565307615,14.43333339691162,14.43333339691162,69255000,0.0,0.0,-3.997546334166108,15.980376693804889
2015-11-11,TSLA,Tesla,14.517999649047852,14.631999969482422,14.241999626159668,14.60533332824707,14.60533332824707,50217000,0.0,0.0,1.184640771976691,1.4033737586295303
2015-11-12,TSLA,Tesla,14.523332595825195,14.600000381469728,14.177332878112791,14.196000099182127,14.196000099182127,43738500,0.0,0.0,-2.8426516694188595,8.08066851364983
2015-11-13,TSLA,Tesla,14.196666717529297,14.199333190917969,13.767999649047852,13.812666893005373,13.812666893005373,51454500,0.0,0.0,-2.737417981437893,7.493457205099508
2015-11-16,TSLA,Tesla,13.739333152770996,14.33199977874756,13.720000267028809,14.28733253479004,14.28733253479004,43881000,0.0,0.0,3.3787245996180686,11.415779920064278
2015-11-17,TSLA,Tesla,14.346667289733888,14.399999618530272,14.09333324432373,14.266667366027832,14.266667366027832,32230500,0.0,0.0,-0.1447445012394113,0.020950970639045937
2015-11-18,TSLA,Tesla,14.300000190734863,14.7586669921875,14.16800022125244,14.73799991607666,14.73799991607666,42178500,0.0,0.0,3.2503323710174183,10.564660522083713
2015-11-19,TSLA,Tesla,14.702667236328123,15.079333305358888,14.686667442321776,14.786666870117188,14.786666870117188,37566000,0.0,0.0,0.3296700922651906,0.10868236973413929
2015-11-20,TSLA,Tesla,14.899333000183104,15.0,14.238666534423828,14.667332649230955,14.667332649230955,66010500,0.0,0.0,-0.8103135451754353,0.6566080414947822
2015-11-23,TSLA,Tesla,14.489999771118164,14.612000465393066,14.312000274658203,14.516667366027832,14.516667366027832,37893000,0.0,0.0,-1.0325289314524224,1.0661159942862812
2015-11-24,TSLA,Tesla,14.357999801635742,14.733332633972168,14.333333015441896,14.550000190734863,14.550000190734863,37204500,0.0,0.0,0.22935439195964302,0.05260343711117756
2015-11-25,TSLA,Tesla,14.755999565124512,15.388667106628418,14.69200038909912,15.309332847595217,15.309332847595217,59862000,0.0,0.0,5.087162574256423,25.879223056915237
2015-11-27,TSLA,Tesla,15.404000282287598,15.483332633972168,15.133999824523926,15.440667152404783,15.440667152404783,29241000,0.0,0.0,0.8542120546783365,0.7296782343577853
2015-11-30,TSLA,Tesla,15.452667236328123,15.618666648864746,15.272000312805176,15.350666999816896,15.350666999816896,39897000,0.0,0.0,-0.5845827169810813,0.341736952992983
2015-12-01,TSLA,Tesla,15.404000282287598,15.866666793823242,15.403332710266112,15.812666893005373,15.812666893005373,56010000,0.0,0.0,2.965239508444062,8.792645342437583
2015-12-02,TSLA,Tesla,15.800000190734863,15.90666675567627,15.415332794189451,15.465999603271484,15.465999603271484,44722500,0.0,0.0,-2.216728039521702,4.913883201201729
2015-12-03,TSLA,Tesla,15.6986665725708,15.829999923706056,15.333333015441896,15.513999938964844,15.513999938964844,44094000,0.0,0.0,0.30987975992940553,0.096025465613906
2015-12-04,TSLA,Tesla,15.497332572937012,15.5513334274292,15.177332878112791,15.358667373657228,15.358667373657228,38604000,0.0,0.0,-1.0062873706304927,1.0126142722904306
2015-12-07,TSLA,Tesla,15.18000030517578,15.708666801452637,15.076666831970217,15.408666610717772,15.408666610717772,47163000,0.0,0.0,0.3250153627209588,0.10563498600463643
2015-12-08,TSLA,Tesla,15.16800022125244,15.25333309173584,14.946666717529297,15.114666938781738,15.114666938781738,40314000,0.0,0.0,-1.9264525211846948,3.711219316378867
2015-12-09,TSLA,Tesla,15.113332748413086,15.166666984558104,14.714667320251465,14.968000411987305,14.968000411987305,45867000,0.0,0.0,-0.9750976347211633,0.9508153972388071
2015-12-10,TSLA,Tesla,14.980667114257812,15.232666969299316,14.90933322906494,15.137999534606934,15.137999534606934,31075500,0.0,0.0,1.1293491647282305,1.275429535872352
2015-12-11,TSLA,Tesla,15.015999794006348,15.050000190734863,14.442667007446287,14.468000411987305,14.468000411987305,49030500,0.0,0.0,-4.526876557799805,20.492611369557412
2015-12-14,TSLA,Tesla,14.500666618347168,14.727999687194824,14.324666976928713,14.571999549865724,14.571999549865724,42406500,0.0,0.0,0.7162505690348611,0.5130148776427623
2015-12-15,TSLA,Tesla,14.788000106811523,14.814666748046877,14.533332824707031,14.739333152770996,14.739333152770996,33666000,0.0,0.0,1.1417796828584221,1.303660844188279
2015-12-16,TSLA,Tesla,14.80666732788086,15.658666610717772,14.715332984924316,15.633999824523926,15.633999824523926,76564500,0.0,0.0,5.892837348959033,34.725532021286526
2015-12-17,TSLA,Tesla,15.595999717712402,15.850666999816896,15.320667266845703,15.559332847595217,15.559332847595217,49479000,0.0,0.0,-0.4787376861655753,0.2291897721551689
2015-12-18,TSLA,Tesla,15.526000022888184,15.726667404174805,15.28600025177002,15.36400032043457,15.36400032043457,45213000,0.0,0.0,-1.263351037262661,1.5960558433526417
2015-12-21,TSLA,Tesla,15.446000099182127,15.722000122070312,15.405332565307615,15.503999710083008,15.503999710083008,29298000,0.0,0.0,0.9070905109061408,0.8228131949759635
2015-12-22,TSLA,Tesla,15.666000366210938,15.770000457763672,15.308667182922363,15.329999923706056,15.329999923706056,29422500,0.0,0.0,-1.1286348541964957,1.273816634107145
2015-12-23,TSLA,Tesla,15.478667259216309,15.563332557678224,15.208666801452637,15.313332557678224,15.313332557678224,23325000,0.0,0.0,-0.1087829966378537,0.011833740357511289
2015-12-24,TSLA,Tesla,15.370667457580566,15.458666801452637,15.218667030334473,15.371333122253418,15.371333122253418,10620000,0.0,0.0,0.3780431193691556,0.14291660010236162
2015-12-28,TSLA,Tesla,15.432666778564451,15.465332984924316,15.03600025177002,15.263333320617676,15.263333320617676,28519500,0.0,0.0,-0.7050851966452754,0.4971451345283066
2015-12-29,TSLA,Tesla,15.337332725524902,15.847999572753906,15.303333282470703,15.812666893005373,15.812666893005373,36094500,0.0,0.0,3.5357883762595,12.501799441691793
2015-12-30,TSLA,Tesla,15.773332595825195,16.242000579833984,15.711333274841309,15.87266731262207,15.87266731262207,55468500,0.0,0.0,0.3787272114281592,0.1434343006761496
2015-12-31,TSLA,Tesla,15.900667190551758,16.229999542236328,15.891332626342772,16.000667572021484,16.000667572021484,40725000,0.0,0.0,0.803185157604771,0.6451063973966009
2016-01-04,TSLA,Tesla,15.381333351135254,15.425333023071287,14.600000381469728,14.894000053405762,14.894000053405762,102406500,0.0,0.0,-7.167199374655636,51.368746876064144
2016-01-05,TSLA,Tesla,15.09066677093506,15.12600040435791,14.666666984558104,14.895333290100098,14.895333290100098,47802000,0.0,0.0,0.008951101253942103,8.012221365832389e-05
2016-01-06,TSLA,Tesla,14.666666984558104,14.670000076293944,14.398667335510254,14.602666854858398,14.602666854858398,56686500,0.0,0.0,-1.9843788561297093,3.9377594446546538
2016-01-07,TSLA,Tesla,14.279333114624023,14.562666893005373,14.244667053222656,14.376667022705078,14.376667022705078,53314500,0.0,0.0,-1.5597626568759424,2.432859545784699
2016-01-08,TSLA,Tesla,14.52400016784668,14.696000099182127,14.0513334274292,14.06666660308838,14.06666660308838,54421500,0.0,0.0,-2.179861890258689,4.751797860602184
2016-01-11,TSLA,Tesla,14.267333030700684,14.296667098999023,13.533332824707031,13.856666564941406,13.856666564941406,61371000,0.0,0.0,-1.5041470598887137,2.2624583777718614
2016-01-12,TSLA,Tesla,14.106666564941406,14.249333381652832,13.687333106994627,13.998000144958496,13.998000144958496,46378500,0.0,0.0,1.0148015367819616,1.029822159055031
2016-01-13,TSLA,Tesla,14.133999824523926,14.17666721343994,13.333333015441896,13.354000091552734,13.354000091552734,61896000,0.0,0.0,-4.709850033150001,22.182687334763067
2016-01-14,TSLA,Tesla,13.480667114257812,14.0,12.892000198364258,13.745332717895508,13.745332717895508,97360500,0.0,0.0,2.888335550021133,8.342482249515882
2016-01-15,TSLA,Tesla,13.264666557312012,13.67133331298828,13.149999618530272,13.666000366210938,13.666000366210938,83679000,0.0,0.0,-0.5788304635901255,0.3350447055799596
2016-01-19,TSLA,Tesla,13.913999557495115,14.031332969665527,13.385333061218262,13.64799976348877,13.64799976348877,60580500,0.0,0.0,-0.13180497358616836,0.01737255106205054
2016-01-20,TSLA,Tesla,13.293333053588867,13.41866683959961,12.75,13.24666690826416,13.24666690826416,87579000,0.0,0.0,-2.984700672603167,8.908438105037797
2016-01-21,TSLA,Tesla,13.436667442321776,13.548666954040527,13.001333236694336,13.33133316040039,13.33133316040039,47493000,0.0,0.0,0.6371174528862554,0.4059186487722699
2016-01-22,TSLA,Tesla,13.653332710266112,13.699999809265137,13.268667221069336,13.50333309173584,13.50333309173584,46861500,0.0,0.0,1.2819409432011437,1.6433725818554379
2016-01-25,TSLA,Tesla,13.337332725524902,13.571332931518556,13.058667182922363,13.092000007629396,13.092000007629396,40480500,0.0,0.0,-3.0935193433109807,9.5698619274392
2016-01-26,TSLA,Tesla,13.113332748413086,13.187999725341797,12.592000007629396,12.904000282287598,12.904000282287598,74463000,0.0,0.0,-1.4463994522802917,2.0920713755567277
2016-01-27,TSLA,Tesla,12.825332641601562,12.883999824523926,12.38466739654541,12.538000106811523,12.538000106811523,54258000,0.0,0.0,-2.8773321328083012,8.279040202491167
2016-01-28,TSLA,Tesla,12.719332695007324,12.751999855041504,12.160667419433594,12.646666526794434,12.646666526794434,68892000,0.0,0.0,0.862962340794968,0.7447040016303306
2016-01-29,TSLA,Tesla,12.66333293914795,12.916000366210938,12.538666725158691,12.74666690826416,12.74666690826416,42784500,0.0,0.0,0.7876153690118506,0.6203379695036736
2016-02-01,TSLA,Tesla,12.583999633789062,13.3013334274292,12.18333339691162,13.129332542419434,13.129332542419434,79464000,0.0,0.0,2.9579034008357437,8.749192528675659
2016-02-02,TSLA,Tesla,12.82800006866455,12.874667167663574,12.01533317565918,12.185333251953123,12.185333251953123,86604000,0.0,0.0,-7.461581641391868,55.67520059115617
2016-02-03,TSLA,Tesla,12.239333152770996,12.262666702270508,11.345333099365234,11.565333366394045,11.565333366394045,118971000,0.0,0.0,-5.2220915339747975,27.270239989211255
2016-02-04,TSLA,Tesla,11.380000114440918,11.732000350952148,11.13266658782959,11.68866729736328,11.68866729736328,65781000,0.0,0.0,1.060764461422614,1.1252212426172081
2016-02-05,TSLA,Tesla,11.420000076293944,11.533332824707031,10.515999794006348,10.84000015258789,10.84000015258789,141564000,0.0,0.0,-7.537675524991205,56.81655232005144
2016-02-08,TSLA,Tesla,10.473333358764648,10.476667404174805,9.733332633972168,9.866000175476074,9.866000175476074,139695000,0.0,0.0,-9.41484894903883,88.63938073321758
2016-02-09,TSLA,Tesla,9.48799991607666,10.652667045593262,9.403332710266112,9.883333206176758,9.883333206176758,129774000,0.0,0.0,0.17553033123812,0.030810897184564128
2016-02-10,TSLA,Tesla,10.033332824707031,10.33133316040039,9.449333190917969,9.57800006866455,9.57800006866455,156097500,0.0,0.0,-3.1381014820462774,9.847680911621042
2016-02-11,TSLA,Tesla,10.133333206176758,10.883999824523926,9.800000190734863,10.031332969665527,10.031332969665527,213786000,0.0,0.0,4.62446823259849,21.385706434312603
2016-02-12,TSLA,Tesla,10.333333015441896,10.46733283996582,9.579999923706056,10.06933307647705,10.06933307647705,108537000,0.0,0.0,0.37809843708239776,0.1429584281241519
2016-02-16,TSLA,Tesla,10.579999923706056,10.863332748413086,10.27400016784668,10.344667434692385,10.344667434692385,83907000,0.0,0.0,2.697668745060814,7.277416658077987
2016-02-17,TSLA,Tesla,10.600000381469728,11.28933334350586,10.445332527160645,11.245332717895508,11.245332717895508,87378000,0.0,0.0,8.348200981104007,69.69245962090591
2016-02-18,TSLA,Tesla,11.494667053222656,11.529999732971191,10.98466682434082,11.118000030517578,11.118000030517578,58314000,0.0,0.0,-1.138775377170307,1.296809359649375
2016-02-19,TSLA,Tesla,10.910667419433594,11.166000366210938,10.833333015441896,11.10533332824707,11.10533332824707,44391000,0.0,0.0,-0.11399463291754239,0.012994776334005238
2016-02-22,TSLA,Tesla,11.341333389282228,11.927332878112791,11.32333278656006,11.849332809448242,11.849332809448242,75901500,0.0,0.0,6.484609004893599,42.05015394634715
2016-02-23,TSLA,Tesla,11.744000434875488,12.11533260345459,11.57866668701172,11.814000129699709,11.814000129699709,89766000,0.0,0.0,-0.29862831323995415,0.08917886946854017
2016-02-24,TSLA,Tesla,11.516667366027832,11.966667175292969,11.189332962036133,11.93333339691162,11.93333339691162,80934000,0.0,0.0,1.0050330202815312,1.0100913718562168
2016-02-25,TSLA,Tesla,11.90999984741211,12.567999839782717,11.68000030517578,12.495332717895508,12.495332717895508,86260500,0.0,0.0,4.601958194893418,21.17801922754668
2016-02-26,TSLA,Tesla,12.579999923706056,12.800000190734863,12.333333015441896,12.689332962036133,12.689332962036133,90976500,0.0,0.0,1.5406524266142536,2.373609899632388
2016-02-29,TSLA,Tesla,12.826666831970217,13.09000015258789,12.614666938781738,12.795332908630373,12.795332908630373,67485000,0.0,0.0,0.831877164214506,0.6920196163415682
2016-03-01,TSLA,Tesla,12.949999809265137,13.063332557678224,12.18000030517578,12.423333168029783,12.423333168029783,100683000,0.0,0.0,-2.950407640639226,8.704905245942324
2016-03-02,TSLA,Tesla,12.248666763305664,12.567999839782717,12.100000381469728,12.555999755859377,12.555999755859377,72936000,0.0,0.0,1.0622208018403139,1.1283130318622794
2016-03-03,TSLA,Tesla,12.552000045776367,13.161333084106444,12.281332969665527,13.04933261871338,13.04933261871338,72435000,0.0,0.0,3.8538372596947834,14.852061624211798
2016-03-04,TSLA,Tesla,13.199999809265137,13.60200023651123,13.166666984558104,13.402667045593262,13.402667045593262,97336500,0.0,0.0,2.6716728273089436,7.137835696180964
2016-03-07,TSLA,Tesla,13.178667068481444,13.979999542236328,13.15999984741211,13.685999870300291,13.685999870300291,79941000,0.0,0.0,2.091968264788549,4.376331220882412
2016-03-08,TSLA,Tesla,13.56666660308838,13.833333015441896,13.479999542236328,13.506667137145996,13.506667137145996,62680500,0.0,0.0,-1.3189977507998096,1.7397550666149566
2016-03-09,TSLA,Tesla,13.63466739654541,13.958000183105469,13.519332885742188,13.914667129516602,13.914667129516602,48129000,0.0,0.0,2.9760047444229167,8.85660423882771
2016-03-10,TSLA,Tesla,14.0,14.219332695007324,13.378000259399414,13.678667068481444,13.678667068481444,77887500,0.0,0.0,-1.7106002057076268,2.926153063766975
2016-03-11,TSLA,Tesla,13.862000465393066,13.961333274841309,13.68866729736328,13.833333015441896,13.833333015441896,50146500,0.0,0.0,1.1243644655794296,1.2641954514577163
2016-03-14,TSLA,Tesla,14.17666721343994,14.447999954223633,14.042667388916016,14.34333324432373,14.34333324432373,60985500,0.0,0.0,3.6204136388317,13.107394916238592
2016-03-15,TSLA,Tesla,14.284667015075684,14.597999572753906,14.100000381469728,14.555999755859377,14.555999755859377,47707500,0.0,0.0,1.471801100064976,2.1661984781524737
2016-03-16,TSLA,Tesla,14.533332824707031,14.838666915893556,14.468000411987305,14.795332908630373,14.795332908630373,52750500,0.0,0.0,1.6308524049824493,2.6596795668370388
2016-03-17,TSLA,Tesla,14.764666557312012,15.233332633972168,14.666666984558104,15.092000007629396,15.092000007629396,56743500,0.0,0.0,1.9853015580359887,3.9414222763401243
2016-03-18,TSLA,Tesla,15.273332595825195,15.631999969482422,15.20400047302246,15.515999794006348,15.515999794006348,70677000,0.0,0.0,2.7706933693922102,7.676741747193959
2016-03-21,TSLA,Tesla,15.689332962036133,15.991999626159668,15.666666984558104,15.887999534606934,15.887999534606934,79617000,0.0,0.0,2.3692341709192744,5.613270556651542
2016-03-22,TSLA,Tesla,15.814000129699709,15.932666778564451,15.503999710083008,15.616000175476074,15.616000175476074,64740000,0.0,0.0,-1.7268037103027072,2.9818510539151957
2016-03-23,TSLA,Tesla,15.4913330078125,15.648667335510254,14.802000045776367,14.838666915893556,14.838666915893556,74232000,0.0,0.0,-5.105963766883511,26.070865988727256
2016-03-24,TSLA,Tesla,14.385333061218262,15.259332656860352,14.333333015441896,15.18333339691162,15.18333339691162,74413500,0.0,0.0,2.296193598638838,5.272505042429978
2016-03-28,TSLA,Tesla,15.440667152404783,15.654000282287598,15.0,15.350666999816896,15.350666999816896,58885500,0.0,0.0,1.0960586620732544,1.2013445907058125
2016-03-29,TSLA,Tesla,15.326000213623049,15.491999626159668,15.022000312805176,15.342000007629396,15.342000007629396,60214500,0.0,0.0,-0.05647598115707201,0.0031895364476539527
2016-03-30,TSLA,Tesla,15.672666549682615,15.699999809265137,15.100000381469728,15.12600040435791,15.12600040435791,60495000,0.0,0.0,-1.4179021867915547,2.010446611308273
2016-03-31,TSLA,Tesla,15.28933334350586,15.82800006866455,15.000666618347168,15.317999839782717,15.317999839782717,120193500,0.0,0.0,1.2613452861511765,1.5909919308957932
2016-04-01,TSLA,Tesla,16.32200050354004,16.52666664123535,15.550000190734863,15.839332580566406,15.839332580566406,239962500,0.0,0.0,3.3467653405331728,11.200838244594124
2016-04-04,TSLA,Tesla,16.607999801635742,16.808000564575195,16.242666244506836,16.465999603271484,16.465999603271484,202129500,0.0,0.0,3.8801374349112803,15.055466513799889
2016-04-05,TSLA,Tesla,16.03333282470703,17.104000091552734,16.0,17.031333923339844,17.031333923339844,149230500,0.0,0.0,3.375719467788817,11.395481925208415
2016-04-06,TSLA,Tesla,16.931333541870117,17.849332809448242,16.89666748046875,17.69466781616211,17.69466781616211,175582500,0.0,0.0,3.8208521409388907,14.598911082917304
2016-04-07,TSLA,Tesla,17.76333236694336,17.95599937438965,16.96733283996582,17.14666748046875,17.14666748046875,132843000,0.0,0.0,-3.1459502147216414,9.897002753507142
2016-04-08,TSLA,Tesla,17.366666793823242,17.38800048828125,16.534666061401367,16.67133331298828,16.67133331298828,110458500,0.0,0.0,-2.811316237550365,7.9034989875143395
2016-04-11,TSLA,Tesla,16.733333587646484,17.266000747680664,16.35333251953125,16.661333084106445,16.661333084106445,137425500,0.0,0.0,-0.0600025756279789,0.0036003090819913277
2016-04-12,TSLA,Tesla,16.633333206176758,16.786666870117188,16.242000579833984,16.521333694458008,16.521333694458008,86448000,0.0,0.0,-0.8438153646491462,0.7120243696179716
2016-04-13,TSLA,Tesla,16.567333221435547,17.03333282470703,16.488666534423828,16.968666076660156,16.968666076660156,73884000,0.0,0.0,2.6715974419241526,7.137432891695676
2016-04-14,TSLA,Tesla,16.866666793823242,17.12266731262207,16.73666763305664,16.790666580200195,16.790666580200195,61983000,0.0,0.0,-1.0545300037645535,1.1120335288396692
2016-04-15,TSLA,Tesla,16.753999710083008,16.97333335876465,16.607999801635742,16.96733283996582,16.96733283996582,56286000,0.0,0.0,1.0466726443964265,1.0955236245278082
2016-04-18,TSLA,Tesla,16.815332412719727,17.220666885375977,16.777332305908203,16.92533302307129,16.92533302307129,64071000,0.0,0.0,-0.24784027649427595,0.06142480265275915
2016-04-19,TSLA,Tesla,16.874666213989258,16.95800018310547,16.083332061767578,16.4913330078125,16.4913330078125,95362500,0.0,0.0,-2.597652435588878,6.747798176120829
2016-04-20,TSLA,Tesla,16.417333602905273,16.910667419433594,16.100000381469727,16.6646671295166,16.6646671295166,77911500,0.0,0.0,1.0455766684840657,1.0932305696782378
2016-04-21,TSLA,Tesla,16.599332809448242,16.726667404174805,16.46066665649414,16.55266761779785,16.55266761779785,41746500,0.0,0.0,-0.6743463134253234,0.4547429504303245
2016-04-22,TSLA,Tesla,16.592666625976562,16.933332443237305,16.380666732788086,16.916667938232422,16.916667938232422,56794500,0.0,0.0,2.175213022069696,4.73155169138158
2016-04-25,TSLA,Tesla,16.867332458496094,17.158666610717773,16.71733283996582,16.788000106811523,16.788000106811523,55054500,0.0,0.0,-0.7635052586515022,0.5829402799884973
2016-04-26,TSLA,Tesla,16.803333282470703,17.048667907714844,16.625999450683594,16.916000366210938,16.916000366210938,48357000,0.0,0.0,0.7595589425314437,0.5769297871794851
2016-04-27,TSLA,Tesla,16.850000381469727,17.0,16.626667022705078,16.764667510986328,16.764667510986328,48087000,0.0,0.0,-0.8986393867576518,0.8075527474321684
2016-04-28,TSLA,Tesla,16.656667709350586,16.89533233642578,16.496000289916992,16.513999938964844,16.513999938964844,37785000,0.0,0.0,-1.5065045092183262,2.26955583629515
2016-04-29,TSLA,Tesla,16.542667388916016,16.562000274658203,15.854000091552734,16.05066680908203,16.05066680908203,81207000,0.0,0.0,-2.8458107849049554,8.098639023481358
2016-05-02,TSLA,Tesla,16.100000381469727,16.21266746520996,15.654666900634766,16.1200008392334,16.1200008392334,57658500,0.0,0.0,0.4310394689883249,0.1857950238257371
2016-05-03,TSLA,Tesla,15.824000358581545,15.927332878112791,15.441332817077637,15.48799991607666,15.48799991607666,64533000,0.0,0.0,-3.9995264024489017,15.996211443885853
2016-05-04,TSLA,Tesla,15.352666854858398,15.630666732788086,14.69333267211914,14.837332725524902,14.837332725524902,130507500,0.0,0.0,-4.291903900749786,18.42043909327123
2016-05-05,TSLA,Tesla,15.230667114257812,15.242667198181152,13.986000061035156,14.10200023651123,14.10200023651123,168822000,0.0,0.0,-5.082983803980337,25.836724351526417
2016-05-06,TSLA,Tesla,14.05799961090088,14.424667358398438,13.87399959564209,14.32866668701172,14.32866668701172,85278000,0.0,0.0,1.5945545968543053,2.5426043623491963
2016-05-09,TSLA,Tesla,14.381333351135254,14.40999984741211,13.786666870117188,13.928000450134276,13.928000450134276,71646000,0.0,0.0,-2.836095925231311,8.043440097113645
2016-05-10,TSLA,Tesla,13.83666706085205,13.964667320251465,13.666666984558104,13.912667274475098,13.912667274475098,61059000,0.0,0.0,-0.11014949326035976,0.012132910865514041
2016-05-11,TSLA,Tesla,13.839332580566406,14.36533260345459,13.736666679382324,13.93066692352295,13.93066692352295,77428500,0.0,0.0,0.1292923572103825,0.01671651363301715
2016-05-12,TSLA,Tesla,14.095999717712402,14.111332893371582,13.577333450317385,13.8186674118042,13.8186674118042,54757500,0.0,0.0,-0.8072274349868633,0.6516161317954706
2016-05-13,TSLA,Tesla,13.85200023651123,14.079999923706056,13.779999732971191,13.84066677093506,13.84066677093506,42342000,0.0,0.0,0.15907370455505535,0.025304443480869035
2016-05-16,TSLA,Tesla,13.876667022705078,14.210000038146973,13.861332893371582,13.88599967956543,13.88599967956543,44241000,0.0,0.0,0.3269989135264153,0.10692828944745603
2016-05-17,TSLA,Tesla,13.936667442321776,13.98799991607666,13.601332664489746,13.644000053405762,13.644000053405762,42654000,0.0,0.0,-1.758124678436267,3.091002384926627
2016-05-18,TSLA,Tesla,13.94333267211914,14.354000091552734,13.850000381469728,14.07800006866455,14.07800006866455,84262500,0.0,0.0,3.1313431592746452,9.805309981136116
2016-05-19,TSLA,Tesla,14.2413330078125,14.452667236328123,13.81999969482422,14.347332954406738,14.347332954406738,102994500,0.0,0.0,1.8950768032964342,3.5913160903922323
2016-05-20,TSLA,Tesla,14.465999603271484,14.703332901000977,14.423333168029783,14.685333251953123,14.685333251953123,135106500,0.0,0.0,2.3285189654132172,5.42200057228904
2016-05-23,TSLA,Tesla,14.657999992370604,14.84000015258789,14.390666961669922,14.414667129516602,14.414667129516602,76537500,0.0,0.0,-1.8603018878405888,3.4607231139032586
2016-05-24,TSLA,Tesla,14.4399995803833,14.582667350769045,14.345333099365234,14.52733325958252,14.52733325958252,45207000,0.0,0.0,0.7785688457859806,0.6061694476285141
2016-05-25,TSLA,Tesla,14.52733325958252,14.757332801818848,14.434000015258787,14.638667106628418,14.638667106628418,46902000,0.0,0.0,0.7634532429218333,0.5828608541278637
2016-05-26,TSLA,Tesla,14.699999809265137,15.017333030700684,14.603333473205566,15.008000373840332,15.008000373840332,61086000,0.0,0.0,2.4916957414126992,6.208547667774181
2016-05-27,TSLA,Tesla,14.999333381652832,15.062000274658203,14.716667175292969,14.869333267211914,14.869333267211914,54754500,0.0,0.0,-0.9282495150154764,0.8616471621264671
2016-05-31,TSLA,Tesla,14.869333267211914,14.983332633972168,14.766667366027832,14.881999969482422,14.881999969482422,41835000,0.0,0.0,0.08515049013149797,0.007250605969634334
2016-06-01,TSLA,Tesla,14.76533317565918,14.826666831970217,14.459333419799805,14.637332916259766,14.637332916259766,44740500,0.0,0.0,-1.6577112838776429,2.7480067006952633
2016-06-02,TSLA,Tesla,14.63933277130127,14.660667419433594,14.473999977111816,14.597332954406738,14.597332954406738,30492000,0.0,0.0,-0.2736476414060576,0.07488303164709828
2016-06-03,TSLA,Tesla,14.666666984558104,14.79599952697754,14.534000396728516,14.599332809448242,14.599332809448242,33435000,0.0,0.0,0.013699201551336878,0.00018766812314415074
2016-06-06,TSLA,Tesla,14.533332824707031,14.726667404174805,14.363332748413086,14.711999893188477,14.711999893188477,33742500,0.0,0.0,0.7687650354747568,0.5909996797685041
2016-06-07,TSLA,Tesla,14.815999984741213,15.629332542419434,14.767999649047852,15.489333152770996,15.489333152770996,93204000,0.0,0.0,5.14881232840569,26.510268393142418
2016-06-08,TSLA,Tesla,15.58666706085205,16.05666732788086,15.507332801818848,15.701333045959473,15.701333045959473,89580000,0.0,0.0,1.359401280987458,1.8479718427503418
2016-06-09,TSLA,Tesla,15.665332794189451,15.68866729736328,15.137332916259766,15.290666580200195,15.290666580200195,67381500,0.0,0.0,-2.6503001317736565,7.0240907884794614
2016-06-10,TSLA,Tesla,15.15933322906494,15.197999954223633,14.56133270263672,14.586000442504885,14.586000442504885,90399000,0.0,0.0,-4.7180419918365955,22.25992023673343
2016-06-13,TSLA,Tesla,14.633333206176758,15.0513334274292,14.510666847229004,14.524666786193848,14.524666786193848,62895000,0.0,0.0,-0.4213833134398468,0.1775638968455442
2016-06-14,TSLA,Tesla,14.592000007629396,14.813332557678224,14.16866683959961,14.330666542053224,14.330666542053224,53703000,0.0,0.0,-1.3446607255840244,1.808112466928155
2016-06-15,TSLA,Tesla,14.463333129882812,14.793333053588867,14.342000007629396,14.513333320617676,14.513333320617676,43627500,0.0,0.0,1.2666011752708677,1.6042785371975432
2016-06-16,TSLA,Tesla,14.494667053222656,14.53600025177002,14.233332633972168,14.528667449951172,14.528667449951172,36604500,0.0,0.0,0.10559968563871652,0.011151293606995752
2016-06-17,TSLA,Tesla,14.52066707611084,14.666000366210938,14.300000190734863,14.364666938781738,14.364666938781738,46689000,0.0,0.0,-1.1352256561249705,1.2887372903243697
2016-06-20,TSLA,Tesla,14.633333206176758,14.916666984558104,14.548666954040527,14.646666526794434,14.646666526794434,53332500,0.0,0.0,1.9441262181295862,3.7796267520188476
2016-06-21,TSLA,Tesla,14.711999893188477,14.838000297546388,14.587332725524902,14.640666961669922,14.640666961669922,67935000,0.0,0.0,-0.04097037520193879,0.0016785716441876407
2016-06-22,TSLA,Tesla,13.29800033569336,13.729999542236328,13.050000190734863,13.11066722869873,13.11066722869873,356136000,0.0,0.0,-11.037687386846473,121.83054284974972
2016-06-23,TSLA,Tesla,13.04599952697754,13.170000076293944,12.808667182922363,13.09333324432373,13.09333324432373,151960500,0.0,0.0,-0.1323003098034977,0.017503371974101466
2016-06-24,TSLA,Tesla,12.670000076293944,13.008000373840332,12.648667335510254,12.876667022705078,12.876667022705078,105397500,0.0,0.0,-1.6686272360100203,2.78431685275444
2016-06-27,TSLA,Tesla,12.723999977111816,13.253999710083008,12.524666786193848,13.236666679382324,13.236666679382324,108081000,0.0,0.0,2.757384177571996,7.603167502724392
2016-06-28,TSLA,Tesla,13.459333419799805,13.603333473205566,13.293999671936035,13.452667236328123,13.452667236328123,93186000,0.0,0.0,1.618663648550845,2.6200720071399335
2016-06-29,TSLA,Tesla,13.675333023071287,14.118666648864746,13.533332824707031,14.012666702270508,14.012666702270508,89923500,0.0,0.0,4.0784291089313385,16.633583996578473
2016-06-30,TSLA,Tesla,14.197999954223633,14.233332633972168,13.934666633605955,14.152000427246094,14.152000427246094,72646500,0.0,0.0,0.9894302036775617,0.9789721279494213
2016-07-01,TSLA,Tesla,13.742667198181152,14.54933261871338,13.733332633972168,14.43333339691162,14.43333339691162,81000000,0.0,0.0,1.968436369800964,3.874741741955197
2016-07-05,TSLA,Tesla,13.982000350952148,14.302666664123535,13.866666793823242,14.26533317565918,14.26533317565918,77629500,0.0,0.0,-1.1708010190005773,1.3707750260927902
2016-07-06,TSLA,Tesla,14.0,14.34866714477539,13.93333339691162,14.29599952697754,14.29599952697754,73798500,0.0,0.0,0.21474042140866612,0.04611344858677151
2016-07-07,TSLA,Tesla,14.206666946411133,14.541333198547363,14.20066738128662,14.395999908447266,14.395999908447266,54180000,0.0,0.0,0.6970639087811414,0.4858980929252435
2016-07-08,TSLA,Tesla,14.520000457763672,14.654000282287598,14.300000190734863,14.45199966430664,14.45199966430664,61122000,0.0,0.0,0.3882406200045303,0.1507307790215021
2016-07-11,TSLA,Tesla,14.663999557495115,15.118666648864746,14.633999824523926,14.985333442687988,14.985333442687988,81447000,0.0,0.0,3.6239162228122512,13.132768789961814
2016-07-12,TSLA,Tesla,14.9399995803833,15.166666984558104,14.881333351135254,14.976667404174805,14.976667404174805,68569500,0.0,0.0,-0.057846862758820686,0.0033462595310378355
2016-07-13,TSLA,Tesla,15.033332824707031,15.03933334350586,14.685999870300291,14.835332870483398,14.835332870483398,53506500,0.0,0.0,-0.9481791981114011,0.8990437917311795
2016-07-14,TSLA,Tesla,14.874667167663574,14.996000289916992,14.736666679382324,14.768667221069336,14.768667221069336,40137000,0.0,0.0,-0.4503834745166498,0.20284527411768974
2016-07-15,TSLA,Tesla,14.834667205810549,14.850000381469728,14.642666816711426,14.69333267211914,14.69333267211914,33513000,0.0,0.0,-0.5114025755905355,0.26153259432063336
2016-07-18,TSLA,Tesla,14.642666816711426,15.13933277130127,14.553333282470703,15.083333015441896,15.083333015441896,51181500,0.0,0.0,2.619652922656733,6.862581435183964
2016-07-19,TSLA,Tesla,15.0,15.273332595825195,14.983332633972168,15.017333030700684,15.017333030700684,46726500,0.0,0.0,-0.43852910370326353,0.19230777479478767
2016-07-20,TSLA,Tesla,15.097999572753906,15.31999969482422,15.0,15.223999977111816,15.223999977111816,38527500,0.0,0.0,1.3668059125303527,1.86815840252793
2016-07-21,TSLA,Tesla,15.06666660308838,15.1899995803833,14.606666564941406,14.699999809265137,14.699999809265137,66430500,0.0,0.0,-3.5025647680890843,12.267959954658942
2016-07-22,TSLA,Tesla,14.79933261871338,14.966667175292969,14.592000007629396,14.817999839782717,14.817999839782717,38695500,0.0,0.0,0.7995166372593429,0.6392268532544876
2016-07-25,TSLA,Tesla,14.817999839782717,15.425999641418455,14.758000373840332,15.333999633789062,15.333999633789062,67360500,0.0,0.0,3.422991407229569,11.716870173967465
2016-07-26,TSLA,Tesla,15.179332733154297,15.333333015441896,15.020000457763672,15.300666809082031,15.300666809082031,51450000,0.0,0.0,-0.21761515127662387,0.04735635406514789
2016-07-27,TSLA,Tesla,15.28933334350586,15.557332992553713,15.128000259399414,15.232666969299316,15.232666969299316,43335000,0.0,0.0,-0.44541452760643413,0.19839410140286287
2016-07-28,TSLA,Tesla,15.196666717529297,15.383999824523926,15.106666564941406,15.37399959564209,15.37399959564209,36286500,0.0,0.0,0.9235480159939756,0.8529409378464087
2016-07-29,TSLA,Tesla,15.380000114440918,15.685333251953123,15.349332809448242,15.652667045593262,15.652667045593262,46062000,0.0,0.0,1.796357608986491,3.226900659363663
2016-08-01,TSLA,Tesla,15.699999809265137,15.775333404541016,15.291999816894531,15.333999633789062,15.333999633789062,60244500,0.0,0.0,-2.0568759460974038,4.23073865763409
2016-08-02,TSLA,Tesla,15.291333198547363,15.324666976928713,14.760000228881836,15.146666526794434,15.146666526794434,59016000,0.0,0.0,-1.2292084744154985,1.5109534735748773
2016-08-03,TSLA,Tesla,15.157999992370604,15.313332557678224,14.947333335876465,15.052666664123535,15.052666664123535,58317000,0.0,0.0,-0.6225314026186318,0.38754534724632106
2016-08-04,TSLA,Tesla,15.04599952697754,15.390666961669922,14.803333282470703,15.37399959564209,15.37399959564209,62205000,0.0,0.0,2.112258214145039,4.461634763223189
2016-08-05,TSLA,Tesla,15.333333015441896,15.466667175292969,15.15999984741211,15.335332870483398,15.335332870483398,48078000,0.0,0.0,-0.25182407097393683,0.06341536272188637
2016-08-08,TSLA,Tesla,15.199999809265137,15.30666732788086,15.072667121887209,15.077333450317385,15.077333450317385,33954000,0.0,0.0,-1.6966983873728425,2.8787854177136043
2016-08-09,TSLA,Tesla,15.121333122253418,15.435999870300291,15.109999656677246,15.272000312805176,15.272000312805176,33117000,0.0,0.0,1.2828586863652967,1.6457264091828945
2016-08-10,TSLA,Tesla,15.215999603271484,15.324666976928713,14.974666595458984,15.043333053588867,15.043333053588867,35074500,0.0,0.0,-1.5086200330822552,2.275934404217105
2016-08-11,TSLA,Tesla,15.07800006866455,15.17133331298828,14.894000053405762,14.994000434875488,14.994000434875488,28213500,0.0,0.0,-0.3284756490719924,0.10789625203326669
2016-08-12,TSLA,Tesla,15.02733325958252,15.109999656677246,14.935999870300291,15.040666580200195,15.040666580200195,27202500,0.0,0.0,0.31074879474335537,0.096564813434448
2016-08-15,TSLA,Tesla,15.067999839782717,15.300000190734863,14.995332717895508,15.03933334350586,15.03933334350586,30514500,0.0,0.0,-0.008864605708714756,7.858123437097824e-05
2016-08-16,TSLA,Tesla,15.03266716003418,15.145999908447266,14.894000053405762,14.907333374023438,14.907333374023438,34006500,0.0,0.0,-0.8815727347136438,0.7771704865904927
2016-08-17,TSLA,Tesla,14.95533275604248,14.988666534423828,14.853333473205566,14.88266658782959,14.88266658782959,26806500,0.0,0.0,-0.16560451065990522,0.02742485395090666
2016-08-18,TSLA,Tesla,14.92133331298828,15.043999671936035,14.81933307647705,14.900667190551758,14.900667190551758,25717500,0.0,0.0,0.12087703175120026,0.014611256804980677
2016-08-19,TSLA,Tesla,14.902667045593262,15.011333465576172,14.835332870483398,15.0,15.0,24892500,0.0,0.0,0.6644211263916557,0.4414554331955566
2016-08-22,TSLA,Tesla,14.944666862487791,15.007332801818848,14.845333099365234,14.862000465393066,14.862000465393066,30982500,0.0,0.0,-0.924255005263713,0.854247314755026
2016-08-23,TSLA,Tesla,14.954667091369627,15.232666969299316,14.853333473205566,14.989333152770996,14.989333152770996,71766000,0.0,0.0,0.8531173936035971,0.7278092872689947
2016-08-24,TSLA,Tesla,15.136667251586914,15.143333435058594,14.814666748046877,14.841333389282228,14.841333389282228,38560500,0.0,0.0,-0.9922740252936766,0.9846077412725159
2016-08-25,TSLA,Tesla,14.87399959564209,14.920000076293944,14.718000411987305,14.730667114257812,14.730667114257812,26437500,0.0,0.0,-0.7484565788911555,0.5601872504854525
2016-08-26,TSLA,Tesla,14.809332847595217,14.857333183288574,14.588000297546388,14.666000366210938,14.666000366210938,33585000,0.0,0.0,-0.4399604302090485,0.19356518014973104
2016-08-29,TSLA,Tesla,14.67666721343994,14.69333267211914,14.333333015441896,14.346667289733888,14.346667289733888,48994500,0.0,0.0,-2.2014244026844936,4.846269400734779
2016-08-30,TSLA,Tesla,14.407333374023438,14.407333374023438,14.034667015075684,14.089332580566406,14.089332580566406,47533500,0.0,0.0,-1.809971413229564,3.275996516708225
2016-08-31,TSLA,Tesla,14.028667449951172,14.173333168029783,13.90999984741211,14.133999824523926,14.133999824523926,49147500,0.0,0.0,0.3165273370958645,0.10018955512899905
2016-09-01,TSLA,Tesla,13.934000015258787,14.07333278656006,13.366666793823242,13.38466739654541,13.38466739654541,119146500,0.0,0.0,-5.4473402159251165,29.673515428035095
2016-09-02,TSLA,Tesla,13.488666534423828,13.546667098999023,13.079999923706056,13.185333251953123,13.185333251953123,89661000,0.0,0.0,-1.5004733126627634,2.251420162013167
2016-09-06,TSLA,Tesla,13.267999649047852,13.550000190734863,13.266667366027832,13.522000312805176,13.522000312805176,65859000,0.0,0.0,2.5212917233931806,6.356911954450955
2016-09-07,TSLA,Tesla,13.699999809265137,13.766667366027832,13.380666732788086,13.447333335876465,13.447333335876465,54613500,0.0,0.0,-0.5537190401392169,0.3066047754126957
2016-09-08,TSLA,Tesla,13.303333282470703,13.326000213623049,13.09066677093506,13.157333374023438,13.157333374023438,50668500,0.0,0.0,-2.180154718867815,4.753074598201601
2016-09-09,TSLA,Tesla,13.272666931152344,13.32800006866455,12.91333293914795,12.964667320251465,12.964667320251465,56355000,0.0,0.0,-1.4751515384118503,2.1760720612788487
2016-09-12,TSLA,Tesla,13.0,13.424667358398438,12.9399995803833,13.220000267028809,13.220000267028809,55728000,0.0,0.0,1.9503095795038303,3.8037074559044073
2016-09-13,TSLA,Tesla,13.137332916259766,13.232666969299316,12.896666526794434,13.06999969482422,13.06999969482422,53841000,0.0,0.0,-1.1411350335593404,1.302189164816477
2016-09-14,TSLA,Tesla,13.050000190734863,13.194666862487791,12.990667343139648,13.093999862670898,13.093999862670898,33817500,0.0,0.0,0.18345952441609178,0.03365739709897858
2016-09-15,TSLA,Tesla,13.099332809448242,13.501333236694336,13.09333324432373,13.361332893371582,13.361332893371582,46158000,0.0,0.0,2.021083106903116,4.084776925009153
2016-09-16,TSLA,Tesla,13.361332893371582,13.713333129882812,13.266667366027832,13.69333267211914,13.69333267211914,46617000,0.0,0.0,2.4544117504949954,6.024137040967908
2016-09-19,TSLA,Tesla,13.800000190734863,13.961999893188477,13.666666984558104,13.755999565124512,13.755999565124512,34492500,0.0,0.0,0.4566012851566515,0.20848473360670577
2016-09-20,TSLA,Tesla,13.789999961853027,13.850000381469728,13.593999862670898,13.642666816711426,13.642666816711426,36157500,0.0,0.0,-0.8272913229984903,0.6844109331085924
2016-09-21,TSLA,Tesla,13.758000373840332,13.800000190734863,13.437333106994627,13.6813325881958,13.6813325881958,39502500,0.0,0.0,0.283017114152082,0.08009868690297263
2016-09-22,TSLA,Tesla,13.760000228881836,13.8186674118042,13.533332824707031,13.76200008392334,13.76200008392334,35743500,0.0,0.0,0.5878858010439563,0.34560971506909416
2016-09-23,TSLA,Tesla,13.732666969299316,14.01200008392334,13.711333274841309,13.829999923706056,13.829999923706056,43578000,0.0,0.0,0.4928963281630946,0.24294679031666103
2016-09-26,TSLA,Tesla,13.766667366027832,14.06666660308838,13.766667366027832,13.932666778564451,13.932666778564451,35916000,0.0,0.0,0.7396070699162761,0.5470186178701394
2016-09-27,TSLA,Tesla,13.976667404174805,13.998666763305664,13.640666961669922,13.720666885375977,13.720666885375977,50598000,0.0,0.0,-1.5332982936979738,2.351003657457118
2016-09-28,TSLA,Tesla,13.833999633789062,13.883333206176758,13.684000015258787,13.751333236694336,13.751333236694336,31326000,0.0,0.0,0.22325541583876188,0.04984298070133849
2016-09-29,TSLA,Tesla,13.706666946411133,13.821999549865724,13.371999740600586,13.380000114440918,13.380000114440918,40905000,0.0,0.0,-2.7374718827468385,7.493752308829521
2016-09-30,TSLA,Tesla,13.480667114257812,13.665332794189451,13.303333282470703,13.60200023651123,13.60200023651123,38794500,0.0,0.0,1.6455794888206192,2.7079318540271307
2016-10-03,TSLA,Tesla,14.153332710266112,14.378000259399414,13.883333206176758,14.24666690826416,14.24666690826416,89998500,0.0,0.0,4.630612003964714,21.442567531262107
2016-10-04,TSLA,Tesla,14.206666946411133,14.221332550048828,13.92133331298828,14.093999862670898,14.093999862670898,53122500,0.0,0.0,-1.0773813020036824,1.16075046990715
2016-10-05,TSLA,Tesla,14.149333000183104,14.210000038146973,13.874667167663574,13.897333145141602,13.897333145141602,28162500,0.0,0.0,-1.405220349363709,1.9746442302658644
2016-10-06,TSLA,Tesla,13.497332572937012,13.61400032043457,13.347332954406738,13.399999618530272,13.399999618530272,70551000,0.0,0.0,-3.6442283178419568,13.280400032561218
2016-10-07,TSLA,Tesla,13.399999618530272,13.42133331298828,13.053333282470703,13.107333183288574,13.107333183288574,52395000,0.0,0.0,-2.2082819919175916,4.876509355827526
2016-10-10,TSLA,Tesla,13.423333168029783,13.609333038330078,13.310667037963867,13.396666526794434,13.396666526794434,49744500,0.0,0.0,2.183405078237722,4.767257735674273
2016-10-11,TSLA,Tesla,13.456666946411133,13.479999542236328,13.220666885375977,13.34000015258789,13.34000015258789,34926000,0.0,0.0,-0.4238857426326262,0.17967912280721302
2016-10-12,TSLA,Tesla,13.396666526794434,13.592000007629396,13.361332893371582,13.434000015258787,13.434000015258787,29560500,0.0,0.0,0.7021756054656015,0.4930505809109841
2016-10-13,TSLA,Tesla,13.366666793823242,13.393333435058594,13.136667251586914,13.349332809448242,13.349332809448242,37419000,0.0,0.0,-0.632240120348702,0.39972756977854124
2016-10-14,TSLA,Tesla,13.37733268737793,13.428667068481444,13.08666706085205,13.100666999816896,13.100666999816896,64048500,0.0,0.0,-1.880326184953275,3.535626561820938
2016-10-17,TSLA,Tesla,13.136667251586914,13.22599983215332,12.800000190734863,12.93066692352295,12.93066692352295,68311500,0.0,0.0,-1.3061373928427626,1.7059948889820893
2016-10-18,TSLA,Tesla,13.065999984741213,13.29800033569336,12.883999824523926,13.273332595825195,13.273332595825195,85207500,0.0,0.0,2.61551834057357,6.840936189876722
2016-10-19,TSLA,Tesla,13.315999984741213,13.77733325958252,13.20400047302246,13.570667266845703,13.570667266845703,104868000,0.0,0.0,2.2153690439827627,4.9078600010371
2016-10-20,TSLA,Tesla,13.474666595458984,13.533332824707031,13.136667251586914,13.273332595825195,13.273332595825195,76093500,0.0,0.0,-2.2153690439827765,4.907860001037161
2016-10-21,TSLA,Tesla,13.239999771118164,13.437999725341797,13.160667419433594,13.339332580566406,13.339332580566406,44151000,0.0,0.0,0.49600533892702653,0.24602129624411445
2016-10-24,TSLA,Tesla,13.399999618530272,13.596667289733888,13.350000381469728,13.517333030700684,13.517333030700684,41274000,0.0,0.0,1.3255782319386056,1.7571576489894796
2016-10-25,TSLA,Tesla,13.526666641235352,13.645999908447266,13.41333293914795,13.489333152770996,13.489333152770996,36675000,0.0,0.0,-0.20735538234807233,0.04299625458871526
2016-10-26,TSLA,Tesla,13.399999618530272,13.54599952697754,13.34000015258789,13.482666969299316,13.482666969299316,84492000,0.0,0.0,-0.04943039876348086,0.00244336432191673
2016-10-27,TSLA,Tesla,14.089332580566406,14.24666690826416,13.44333267211914,13.600666999816896,13.600666999816896,196405500,0.0,0.0,0.8713903341231828,0.7593211144033122
2016-10-28,TSLA,Tesla,13.600000381469728,13.687999725341797,13.321999549865724,13.33133316040039,13.33133316040039,64201500,0.0,0.0,-2.0001694420782186,4.000677797023492
2016-10-31,TSLA,Tesla,13.499333381652832,13.499333381652832,13.053999900817873,13.182000160217283,13.182000160217283,70384500,0.0,0.0,-1.12648664380099,1.2689721586620184
2016-11-01,TSLA,Tesla,13.202667236328123,13.233332633972168,12.540666580200195,12.719332695007324,12.719332695007324,105900000,0.0,0.0,-3.572917933325962,12.765742558282264
2016-11-02,TSLA,Tesla,12.670000076293944,12.846667289733888,12.500666618347168,12.534667015075684,12.534667015075684,63801000,0.0,0.0,-1.4624928607686303,2.138885367799212
2016-11-03,TSLA,Tesla,12.600000381469728,12.764666557312012,12.469332695007324,12.494667053222656,12.494667053222656,39795000,0.0,0.0,-0.3196249312682956,0.10216009668826269
2016-11-04,TSLA,Tesla,12.600000381469728,12.897333145141602,12.397333145141602,12.70400047302246,12.70400047302246,77190000,0.0,0.0,1.6615024207768538,2.7605902942473453
2016-11-07,TSLA,Tesla,12.906000137329102,12.952667236328123,12.670000076293944,12.880666732788086,12.880666732788086,58051500,0.0,0.0,1.3810542565552044,1.9073108595492483
2016-11-08,TSLA,Tesla,12.919333457946776,13.166000366210938,12.750666618347168,12.996000289916992,12.996000289916992,49014000,0.0,0.0,0.8914155810557829,0.794621738149019
2016-11-09,TSLA,Tesla,12.458666801452637,12.800000190734863,12.263333320617676,12.670666694641112,12.670666694641112,122596500,0.0,0.0,-2.535202722625409,6.427252844807286
2016-11-10,TSLA,Tesla,12.736666679382324,12.77400016784668,12.027999877929688,12.356666564941406,12.356666564941406,101254500,0.0,0.0,-2.5093892626658723,6.29703447158277
2016-11-11,TSLA,Tesla,12.28266716003418,12.592000007629396,12.199999809265137,12.570667266845703,12.570667266845703,59827500,0.0,0.0,1.7170385007960296,2.948221213215877
2016-11-14,TSLA,Tesla,12.533332824707031,12.550000190734863,11.879332542419434,12.096667289733888,12.096667289733888,98283000,0.0,0.0,-3.8436121205856155,14.773354133512653
2016-11-15,TSLA,Tesla,12.185333251953123,12.428667068481444,12.136667251586914,12.251333236694336,12.251333236694336,58530000,0.0,0.0,1.2704782652867608,1.614115022566057
2016-11-16,TSLA,Tesla,12.17666721343994,12.315333366394045,12.080666542053224,12.26200008392334,12.26200008392334,51516000,0.0,0.0,0.08702894675928638,0.007574037574030704
2016-11-17,TSLA,Tesla,12.232666969299316,12.63266658782959,12.140666961669922,12.577333450317385,12.577333450317385,73306500,0.0,0.0,2.5391205236001237,6.447133033367367
2016-11-18,TSLA,Tesla,12.710000038146973,12.866666793823242,12.333333015441896,12.334667205810549,12.334667205810549,78154500,0.0,0.0,-1.9482491470072891,3.7956747388146295
2016-11-21,TSLA,Tesla,12.336000442504885,12.592666625976562,12.293999671936035,12.3013334274292,12.3013334274292,65415000,0.0,0.0,-0.2706104713954061,0.0732300272288439
2016-11-22,TSLA,Tesla,12.38933277130127,12.764666557312012,12.247332572937012,12.744667053222656,12.744667053222656,84051000,0.0,0.0,3.540524853286966,12.535316236742691
2016-11-23,TSLA,Tesla,12.707332611083984,13.042667388916016,12.600000381469728,12.87600040435791,12.87600040435791,73378500,0.0,0.0,1.025223107104114,1.0510824193402137
2016-11-25,TSLA,Tesla,12.90933322906494,13.149333000183104,12.90933322906494,13.109999656677246,13.109999656677246,35491500,0.0,0.0,1.8010126747193318,3.2436466544996816
2016-11-28,TSLA,Tesla,13.031999588012695,13.289999961853027,12.970000267028809,13.074666976928713,13.074666976928713,67938000,0.0,0.0,-0.2698732176917182,0.07283155362728151
2016-11-29,TSLA,Tesla,13.03733253479004,13.11533260345459,12.633333206176758,12.637999534606934,12.637999534606934,66589500,0.0,0.0,-3.3968427884473495,11.538540929426764
2016-11-30,TSLA,Tesla,12.733332633972168,12.792667388916016,12.5,12.626667022705078,12.626667022705078,53206500,0.0,0.0,-0.0897103679257112,0.008047950113366472
2016-12-01,TSLA,Tesla,12.550000190734863,12.5686674118042,12.06666660308838,12.125332832336426,12.125332832336426,76896000,0.0,0.0,-4.051412131070506,16.413940255785256
2016-12-02,TSLA,Tesla,12.19200038909912,12.325332641601562,12.0,12.097999572753906,12.097999572753906,60634500,0.0,0.0,-0.22567721671120783,0.05093020614251746
2016-12-05,TSLA,Tesla,12.167332649230955,12.592666625976562,12.167332649230955,12.453332901000977,12.453332901000977,61083000,0.0,0.0,2.894817560704576,8.37996870976359
2016-12-06,TSLA,Tesla,12.368000030517578,12.43866729736328,12.178667068481444,12.390000343322754,12.390000343322754,50874000,0.0,0.0,-0.509856662561987,0.2599538163588479
2016-12-07,TSLA,Tesla,12.40999984741211,12.893333435058594,12.333333015441896,12.876667022705078,12.876667022705078,81928500,0.0,0.0,3.8527192309253424,14.843445472341962
2016-12-08,TSLA,Tesla,12.803333282470703,12.833333015441896,12.63599967956543,12.81933307647705,12.81933307647705,47911500,0.0,0.0,-0.44624876363172866,0.19913795904284642
2016-12-09,TSLA,Tesla,12.724666595458984,12.922666549682615,12.720666885375977,12.812000274658203,12.812000274658203,40837500,0.0,0.0,-0.05721748391663005,0.003273840465749818
2016-12-12,TSLA,Tesla,12.853333473205566,12.961333274841309,12.745332717895508,12.82866668701172,12.82866668701172,36583500,0.0,0.0,0.12999985316772525,0.016899961823630124
2016-12-13,TSLA,Tesla,12.878666877746582,13.41866683959961,12.866666793823242,13.210000038146973,13.210000038146973,102358500,0.0,0.0,2.929186970580522,8.580136308618695
2016-12-14,TSLA,Tesla,13.249333381652832,13.533332824707031,13.11733341217041,13.246000289916992,13.246000289916992,62263500,0.0,0.0,0.27215205279540694,0.07406673984075397
2016-12-15,TSLA,Tesla,13.227333068847656,13.38266658782959,13.15933322906494,13.17199993133545,13.17199993133545,48294000,0.0,0.0,-0.5602282648722401,0.3138557087617608
2016-12-16,TSLA,Tesla,13.20533275604248,13.505999565124512,13.173333168029783,13.499333381652832,13.499333381652832,56953500,0.0,0.0,2.4546945787166505,6.025525474780914
2016-12-19,TSLA,Tesla,13.499333381652832,13.630000114440918,13.322667121887209,13.51533317565918,13.51533317565918,52321500,0.0,0.0,0.11845266232092116,0.014031033210914177
2016-12-20,TSLA,Tesla,13.536666870117188,13.93333339691162,13.5,13.919333457946776,13.919333457946776,70336500,0.0,0.0,2.9453938280041925,8.67534480204519
2016-12-21,TSLA,Tesla,13.896666526794434,14.148667335510254,13.827333450317385,13.846667289733888,13.846667289733888,78114000,0.0,0.0,-0.5234195214129661,0.2739679953961785
2016-12-22,TSLA,Tesla,13.881333351135254,13.999333381652832,13.766667366027832,13.896666526794434,13.896666526794434,46666500,0.0,0.0,0.3604418381943262,0.1299183187209048
2016-12-23,TSLA,Tesla,13.866666793823242,14.229999542236328,13.847332954406738,14.22266674041748,14.22266674041748,70057500,0.0,0.0,2.3187948121137216,5.3768093806855095
2016-12-27,TSLA,Tesla,14.325332641601562,14.81666660308838,14.29466724395752,14.635333061218262,14.635333061218262,88735500,0.0,0.0,2.860173646003059,8.180593285290433
2016-12-28,TSLA,Tesla,14.768667221069336,14.920000076293944,14.479999542236328,14.649333000183104,14.649333000183104,56737500,0.0,0.0,0.09561276882602557,0.009141801562579007
2016-12-29,TSLA,Tesla,14.570667266845703,14.613332748413086,14.274666786193848,14.312000274658203,14.312000274658203,60675000,0.0,0.0,-2.3296440031678647,5.427241181495994
2016-12-30,TSLA,Tesla,14.420000076293944,14.5,14.112000465393066,14.246000289916992,14.246000289916992,69639000,0.0,0.0,-0.4622179490254591,0.2136454324013019
2017-01-03,TSLA,Tesla,14.324000358581545,14.68866729736328,14.064000129699709,14.465999603271484,14.465999603271484,88849500,0.0,0.0,1.5324855095268295,2.348511836909706
2017-01-04,TSLA,Tesla,14.31666660308838,15.199999809265137,14.28733253479004,15.13266658782959,15.13266658782959,168202500,0.0,0.0,4.5054716333477876,20.29927463890158
2017-01-05,TSLA,Tesla,15.094667434692385,15.165332794189451,14.796667098999023,15.116666793823242,15.116666793823242,88675500,0.0,0.0,-0.10578610309558681,0.01119069960815012
2017-01-06,TSLA,Tesla,15.128666877746582,15.354000091552734,15.029999732971191,15.267333030700684,15.267333030700684,82918500,0.0,0.0,0.9917553493924881,0.9835786730486161
2017-01-09,TSLA,Tesla,15.264666557312012,15.461333274841309,15.199999809265137,15.41866683959961,15.41866683959961,59692500,0.0,0.0,0.9863458023055666,0.9728780417258118
2017-01-10,TSLA,Tesla,15.466667175292969,15.466667175292969,15.12600040435791,15.324666976928713,15.324666976928713,54900000,0.0,0.0,-0.6115156941657397,0.3739514442110065
2017-01-11,TSLA,Tesla,15.271332740783691,15.33199977874756,15.112000465393066,15.315333366394045,15.315333366394045,54762000,0.0,0.0,-0.06092435195030356,0.0037117766605644573
2017-01-12,TSLA,Tesla,15.27066707611084,15.380000114440918,15.038666725158691,15.305999755859377,15.305999755859377,56853000,0.0,0.0,-0.0609614923456095,0.0037163035490038053
2017-01-13,TSLA,Tesla,15.333333015441896,15.856666564941406,15.305999755859377,15.850000381469728,15.850000381469728,91395000,0.0,0.0,3.492463195369908,12.19729917101339
2017-01-17,TSLA,Tesla,15.779999732971191,15.997332572937012,15.624667167663574,15.70533275604248,15.70533275604248,69262500,0.0,0.0,-0.9169203719983712,0.8407429685856314
2017-01-18,TSLA,Tesla,15.776666641235352,15.980667114257812,15.70533275604248,15.890666961669922,15.890666961669922,56535000,0.0,0.0,1.1731632670332903,1.3763120511162232
2017-01-19,TSLA,Tesla,16.483333587646484,16.57866668701172,16.049999237060547,16.250667572021484,16.250667572021484,115984500,0.0,0.0,2.2402035945969843,5.018512145245249
2017-01-20,TSLA,Tesla,16.36400032043457,16.399999618530273,16.200666427612305,16.315332412719727,16.315332412719727,63064500,0.0,0.0,0.3971315219317114,0.15771344571179738
2017-01-23,TSLA,Tesla,16.389999389648438,16.72599983215332,16.366666793823242,16.594667434692383,16.594667434692383,93943500,0.0,0.0,1.6976100373868688,2.881879839036646
2017-01-24,TSLA,Tesla,16.666667938232422,16.98666763305664,16.643333435058594,16.974000930786133,16.974000930786133,74482500,0.0,0.0,2.2601411503190927,5.108238019365712
2017-01-25,TSLA,Tesla,17.15399932861328,17.230667114257812,16.786666870117188,16.96466636657715,16.96466636657715,77139000,0.0,0.0,-0.055008432491341915,0.003025927645154521
2017-01-26,TSLA,Tesla,16.952667236328125,17.049333572387695,16.71666717529297,16.833999633789062,16.833999633789062,47281500,0.0,0.0,-0.7732103023422077,0.5978541716481282
2017-01-27,TSLA,Tesla,16.7586669921875,16.866666793823242,16.56800079345703,16.863332748413086,16.863332748413086,47494500,0.0,0.0,0.17409759146729198,0.030309971354712098
2017-01-30,TSLA,Tesla,16.8353328704834,17.019332885742188,16.47333335876465,16.708667755126953,16.708667755126953,57016500,0.0,0.0,-0.9213992922049127,0.848976655675714
2017-01-31,TSLA,Tesla,16.615999221801758,17.05933380126953,16.51333236694336,16.795333862304688,16.795333862304688,61741500,0.0,0.0,0.5173489511416629,0.26764993724737873
2017-02-01,TSLA,Tesla,16.8700008392334,16.8799991607666,16.60333251953125,16.615999221801758,16.615999221801758,59382000,0.0,0.0,-1.0735061799641488,1.1524155184212193
2017-02-02,TSLA,Tesla,16.555999755859375,16.827999114990234,16.513999938964844,16.770000457763672,16.770000457763672,37497000,0.0,0.0,0.9225563392159148,0.8511101990274701
2017-02-03,TSLA,Tesla,16.79400062561035,16.812000274658203,16.64533233642578,16.755332946777344,16.755332946777344,32800500,0.0,0.0,-0.087501065210474,0.007656436412967624
2017-02-06,TSLA,Tesla,16.733333587646484,17.187999725341797,16.708667755126953,17.184667587280273,17.184667587280273,53437500,0.0,0.0,2.530097444514613,6.401393078739376
2017-02-07,TSLA,Tesla,17.21266746520996,17.333332061767578,17.094667434692383,17.165332794189453,17.165332794189453,63672000,0.0,0.0,-0.11257522514144802,0.01267318131564771
2017-02-08,TSLA,Tesla,17.156667709350586,17.55733299255371,17.079999923706055,17.472000122070312,17.472000122070312,58995000,0.0,0.0,1.7707791875794108,3.135658931164398
2017-02-09,TSLA,Tesla,17.75,18.07866668701172,17.74333381652832,17.946666717529297,17.946666717529297,117303000,0.0,0.0,2.680479295334211,7.184969252715388
2017-02-10,TSLA,Tesla,17.986000061035156,18.06333351135254,17.74066734313965,17.948667526245117,17.948667526245117,54295500,0.0,0.0,0.011148015529282554,0.000124278250241125
2017-02-13,TSLA,Tesla,18.049333572387695,18.71933364868164,18.034000396728516,18.706666946411133,18.706666946411133,105444000,0.0,0.0,4.136410186266171,17.10988922904654
2017-02-14,TSLA,Tesla,18.60199928283691,19.159332275390625,18.573999404907227,18.73200035095215,18.73200035095215,110178000,0.0,0.0,0.1353328536312928,0.018314981271988922
2017-02-15,TSLA,Tesla,18.666667938232425,18.81599998474121,18.429332733154297,18.65066719055176,18.65066719055176,74218500,0.0,0.0,-0.4351390314469597,0.18934597668859818
2017-02-16,TSLA,Tesla,18.50666618347168,18.666667938232425,17.899999618530273,17.93000030517578,17.93000030517578,106159500,0.0,0.0,-3.9406615104817613,15.528813140192396
2017-02-17,TSLA,Tesla,17.719999313354492,18.19266700744629,17.610000610351562,18.148666381835938,18.148666381835938,93856500,0.0,0.0,1.2121775789011093,1.469374482790555
2017-02-21,TSLA,Tesla,18.36333274841309,18.760000228881836,18.267332077026367,18.492666244506836,18.492666244506836,85150500,0.0,0.0,1.8777153847110366,3.5258150659805163
2017-02-22,TSLA,Tesla,18.687332153320312,18.89666748046875,18.17333221435547,18.233999252319336,18.233999252319336,131325000,0.0,0.0,-1.4086292115606103,1.9842362556618665
2017-02-23,TSLA,Tesla,17.600000381469727,17.643999099731445,17.03733253479004,17.06599998474121,17.06599998474121,223728000,0.0,0.0,-6.619976293766882,43.824086130035504
2017-02-24,TSLA,Tesla,16.8439998626709,17.21666717529297,16.68000030517578,17.133333206176758,17.133333206176758,122574000,0.0,0.0,0.39376971511312625,0.1550545885402726
2017-02-27,TSLA,Tesla,16.544666290283203,16.55733299255371,16.134000778198242,16.415332794189453,16.415332794189453,171912000,0.0,0.0,-4.281005183784547,18.327005383590162
2017-02-28,TSLA,Tesla,16.279333114624023,16.733333587646484,16.260000228881836,16.666000366210938,16.666000366210938,91171500,0.0,0.0,1.5154913399975685,2.2967140016076257
2017-03-01,TSLA,Tesla,16.94533348083496,16.989999771118164,16.607332229614258,16.667999267578125,16.667999267578125,72142500,0.0,0.0,0.011993168485901984,0.00014383609033123248
2017-03-02,TSLA,Tesla,16.6473331451416,16.885332107543945,16.551332473754883,16.698667526245117,16.698667526245117,50277000,0.0,0.0,0.18382577734033126,0.033791916414777044
2017-03-03,TSLA,Tesla,16.715999603271484,16.793333053588867,16.600000381469727,16.771333694458008,16.771333694458008,43791000,0.0,0.0,0.4342173871295661,0.18854473928562746
2017-03-06,TSLA,Tesla,16.527332305908203,16.780000686645508,16.500667572021484,16.747333526611328,16.747333526611328,50332500,0.0,0.0,-0.14320481056087722,0.020507617767776733
2017-03-07,TSLA,Tesla,16.794666290283203,16.926000595092773,16.55466651916504,16.57266616821289,16.57266616821289,51892500,0.0,0.0,-1.048433133048071,1.099212034472994
2017-03-08,TSLA,Tesla,16.46666717529297,16.67133331298828,16.35466766357422,16.45800018310547,16.45800018310547,55878000,0.0,0.0,-0.6943029517876438,0.4820565888610352
2017-03-09,TSLA,Tesla,16.5086669921875,16.577333450317383,16.200000762939453,16.32666778564453,16.32666778564453,58189500,0.0,0.0,-0.8011860916409338,0.6418991534388747
2017-03-10,TSLA,Tesla,16.413999557495117,16.433332443237305,16.200000762939453,16.246000289916992,16.246000289916992,45994500,0.0,0.0,-0.4953088918532334,0.24533089834887806
2017-03-13,TSLA,Tesla,16.321332931518555,16.456666946411133,16.185333251953125,16.411333084106445,16.411333084106445,45339000,0.0,0.0,1.0125395410377591,1.0252363221649559
2017-03-14,TSLA,Tesla,16.407333374023438,17.20800018310547,16.40133285522461,17.200000762939453,17.200000762939453,113976000,0.0,0.0,4.693729029177334,22.031092199341995
2017-03-15,TSLA,Tesla,17.133333206176758,17.399999618530273,16.951332092285156,17.048667907714844,17.048667907714844,79962000,0.0,0.0,-0.8837356078796605,0.7809886246344332
2017-03-16,TSLA,Tesla,17.49333381652832,17.71666717529297,17.270666122436523,17.469999313354492,17.469999313354492,106983000,0.0,0.0,2.44130127441448,5.959951912457766
2017-03-17,TSLA,Tesla,17.600000381469727,17.68866729736328,17.413333892822266,17.433332443237305,17.433332443237305,97462500,0.0,0.0,-0.21010534960668706,0.0441442579333482
2017-03-20,TSLA,Tesla,17.373332977294922,17.636667251586914,17.254667282104492,17.461332321166992,17.461332321166992,54214500,0.0,0.0,0.16048232088261535,0.02575457531587072
2017-03-21,TSLA,Tesla,17.52199935913086,17.65333366394043,16.682666778564453,16.711999893188477,16.711999893188477,103629000,0.0,0.0,-4.386183669150123,19.238607179519235
2017-03-22,TSLA,Tesla,16.770666122436523,17.004667282104492,16.700666427612305,17.000667572021484,17.000667572021484,60889500,0.0,0.0,1.712559436469392,2.9328598234403613
2017-03-23,TSLA,Tesla,17.025999069213867,17.17799949645996,16.886667251586914,16.985332489013672,16.985332489013672,49803000,0.0,0.0,-0.09024353569705339,0.008143895735105348
2017-03-24,TSLA,Tesla,17.046667098999023,17.592666625976562,17.000667572021484,17.54400062561035,17.54400062561035,84709500,0.0,0.0,3.2361869904410123,10.472906237099657
2017-03-27,TSLA,Tesla,17.373332977294922,18.038000106811523,17.316667556762695,18.014667510986328,18.014667510986328,93462000,0.0,0.0,2.647424102296948,7.0088543774228
2017-03-28,TSLA,Tesla,18.468000411987305,18.711999893188477,18.333332061767575,18.496667861938477,18.496667861938477,119814000,0.0,0.0,2.6404312492567987,6.971877182051819
2017-03-29,TSLA,Tesla,18.555999755859375,18.63999938964844,18.36933326721191,18.492000579833984,18.492000579833984,55143000,0.0,0.0,-0.025236280871319308,0.0006368698722161168
2017-03-30,TSLA,Tesla,18.535999298095703,18.799999237060547,18.480667114257812,18.527999877929688,18.527999877929688,62226000,0.0,0.0,0.19448573202456315,0.037824699961130186
2017-03-31,TSLA,Tesla,18.582000732421875,18.64533233642578,18.42133331298828,18.553333282470703,18.553333282470703,49419000,0.0,0.0,0.13663698860456702,0.018669666654924578
2017-04-03,TSLA,Tesla,19.12666702270508,19.933332443237305,18.972000122070312,19.90133285522461,19.90133285522461,208329000,0.0,0.0,7.0137242448815,49.19232778323857
2017-04-04,TSLA,Tesla,19.792667388916016,20.320667266845703,19.635332107543945,20.246667861938477,20.246667861938477,152019000,0.0,0.0,1.7203522847955472,2.95961198380126
2017-04-05,TSLA,Tesla,20.13599967956543,20.32533264160156,19.61333274841309,19.666667938232425,19.666667938232425,118213500,0.0,0.0,-2.906501009148373,8.447748116180511
2017-04-06,TSLA,Tesla,19.79199981689453,20.12933349609375,19.606666564941406,19.913333892822266,19.913333892822266,82809000,0.0,0.0,1.2464332322556724,1.553595802471323
2017-04-07,TSLA,Tesla,19.833332061767575,20.179332733154297,19.809999465942383,20.16933250427246,20.16933250427246,68694000,0.0,0.0,1.2773705710770769,1.6316755758537775
2017-04-10,TSLA,Tesla,20.61000061035156,20.915332794189453,20.58066749572754,20.826000213623047,20.826000213623047,114967500,0.0,0.0,3.2038958438399954,10.264948578175195
2017-04-11,TSLA,Tesla,20.892000198364254,20.89800071716309,20.36666679382324,20.58066749572754,20.58066749572754,85869000,0.0,0.0,-1.1850052290564796,1.4042373928911998
2017-04-12,TSLA,Tesla,20.422666549682617,20.56333351135254,19.754667282104492,19.78933334350586,19.78933334350586,90760500,0.0,0.0,-3.9209091560892646,15.373528610304628
2017-04-13,TSLA,Tesla,19.780000686645508,20.492666244506836,19.68666648864746,20.266666412353516,20.266666412353516,139269000,0.0,0.0,2.383441524190169,5.680793499233956
2017-04-17,TSLA,Tesla,20.18000030517578,20.266666412353516,19.91200065612793,20.09600067138672,20.09600067138672,62080500,0.0,0.0,-0.8456664060904809,0.7151516703899902
2017-04-18,TSLA,Tesla,19.979999542236328,20.055999755859375,19.86000061035156,20.016666412353516,20.016666412353516,45535500,0.0,0.0,-0.39555765419476896,0.15646585779206842
2017-04-19,TSLA,Tesla,20.163999557495117,20.441333770751953,20.14066696166992,20.368000030517575,20.368000030517575,58470000,0.0,0.0,1.7399796160547831,3.0275290642861505
2017-04-20,TSLA,Tesla,20.43400001525879,20.61000061035156,20.01533317565918,20.167333602905273,20.167333602905273,92241000,0.0,0.0,-0.990089627307182,0.9802774701012745
2017-04-21,TSLA,Tesla,20.13333320617676,20.426666259765625,20.027999877929688,20.37333297729492,20.37333297729492,67647000,0.0,0.0,1.0162691674158861,1.0328030206401784
2017-04-24,TSLA,Tesla,20.614667892456055,20.703332901000977,20.40133285522461,20.53533363342285,20.53533363342285,76252500,0.0,0.0,0.7920155624320209,0.6272886511345104
2017-04-25,TSLA,Tesla,20.53333282470703,20.93199920654297,20.39066696166992,20.91933250427246,20.91933250427246,101065500,0.0,0.0,1.8526737287367459,3.4323999451513174
2017-04-26,TSLA,Tesla,20.82466697692871,20.96666717529297,20.600000381469727,20.67799949645996,20.67799949645996,70425000,0.0,0.0,-1.1603422813120652,1.3463942098004877
2017-04-27,TSLA,Tesla,20.779333114624023,20.87266731262207,20.5,20.57533264160156,20.57533264160156,52029000,0.0,0.0,-0.4977395109534198,0.2477446207641495
2017-04-28,TSLA,Tesla,20.655332565307617,20.98666763305664,20.53333282470703,20.937999725341797,20.937999725341797,67582500,0.0,0.0,1.7472763075992346,3.052974495097615
2017-05-01,TSLA,Tesla,20.992000579833984,21.816667556762695,20.987333297729492,21.52199935913086,21.52199935913086,132444000,0.0,0.0,2.7509961221330346,7.567979663990994
2017-05-02,TSLA,Tesla,21.600000381469727,21.8439998626709,21.104000091552734,21.25933265686035,21.25933265686035,80742000,0.0,0.0,-1.227965519112569,1.5078993161294008
2017-05-03,TSLA,Tesla,21.17799949645996,21.435333251953125,20.696666717529297,20.73466682434082,20.73466682434082,107001000,0.0,0.0,-2.498895751432218,6.244479976525989
2017-05-04,TSLA,Tesla,20.496000289916992,20.51799964904785,19.38400077819824,19.69733238220215,19.69733238220215,212280000,0.0,0.0,-5.132381079141148,26.34133554152606
2017-05-05,TSLA,Tesla,19.86666679382324,20.56999969482422,19.786666870117188,20.55666732788086,20.55666732788086,122659500,0.0,0.0,4.270211799678576,18.23470881411414
2017-05-08,TSLA,Tesla,20.726667404174805,20.91933250427246,20.38800048828125,20.479333877563477,20.479333877563477,105097500,0.0,0.0,-0.3769058367984145,0.14205800981271305
2017-05-09,TSLA,Tesla,20.625333786010746,21.465999603271484,20.606666564941406,21.417333602905273,21.417333602905273,145147500,0.0,0.0,4.478430148128942,20.05633659167022
2017-05-10,TSLA,Tesla,21.437332153320312,21.700000762939453,21.20800018310547,21.681333541870117,21.681333541870117,86124000,0.0,0.0,1.2251109299595213,1.5008967907062831
2017-05-11,TSLA,Tesla,21.559999465942383,21.733333587646484,21.30666732788086,21.540000915527344,21.540000915527344,71307000,0.0,0.0,-0.6539970681797775,0.4277121651877446
2017-05-12,TSLA,Tesla,21.698667526245117,21.799999237060547,21.435333251953125,21.65399932861328,21.65399932861328,61824000,0.0,0.0,0.5278449651668288,0.2786203072519707
2017-05-15,TSLA,Tesla,21.225332260131836,21.34666633605957,20.8353328704834,21.058666229248047,21.058666229248047,114330000,0.0,0.0,-2.787799112776063,7.771823893195003
2017-05-16,TSLA,Tesla,21.172666549682617,21.33733367919922,21.00933265686035,21.13400077819824,21.13400077819824,62287500,0.0,0.0,0.35709820851973895,0.12751913052800695
2017-05-17,TSLA,Tesla,20.959333419799805,20.975332260131836,20.36666679382324,20.40733337402344,20.40733337402344,100678500,0.0,0.0,-3.4988839469108433,12.2421888739504
2017-05-18,TSLA,Tesla,20.46666717529297,20.929332733154297,20.354000091552734,20.87066650390625,20.87066650390625,84807000,0.0,0.0,2.2450341187512812,5.040178194357342
2017-05-19,TSLA,Tesla,21.03333282470703,21.100000381469727,20.68000030517578,20.722000122070312,20.722000122070312,70314000,0.0,0.0,-0.7148712838925957,0.5110409525342482
2017-05-22,TSLA,Tesla,20.85333251953125,20.95800018310547,20.453332901000977,20.690000534057617,20.690000534057617,64938000,0.0,0.0,-0.1545426150609792,0.023883419869885993
2017-05-23,TSLA,Tesla,20.69733238220215,20.715333938598633,20.23200035095215,20.257333755493164,20.257333755493164,64776000,0.0,0.0,-2.1133628816543704,4.466302669554464
2017-05-24,TSLA,Tesla,20.43400001525879,20.733333587646484,20.36000061035156,20.681333541870117,20.681333541870117,75499500,0.0,0.0,2.0714643424466117,4.290964522027774
2017-05-25,TSLA,Tesla,20.73466682434082,21.131332397460938,20.520666122436523,21.121999740600582,21.121999740600582,75210000,0.0,0.0,2.10836068655479,4.445184784609786
2017-05-26,TSLA,Tesla,21.152000427246097,21.69933319091797,21.08733367919922,21.676000595092773,21.676000595092773,117033000,0.0,0.0,2.5890546114585153,6.7032037811146035
2017-05-30,TSLA,Tesla,21.733333587646484,22.41866683959961,21.71733283996582,22.34000015258789,22.34000015258789,116743500,0.0,0.0,3.0173115313448013,9.10416887718631
2017-05-31,TSLA,Tesla,22.512666702270508,22.85933303833008,22.3439998626709,22.733999252319336,22.733999252319336,149451000,0.0,0.0,1.7482767904994545,3.0564717361990734
2017-06-01,TSLA,Tesla,22.933332443237305,22.992000579833984,22.486000061035156,22.691333770751953,22.691333770751953,114120000,0.0,0.0,-0.18784889960818876,0.03528720908400738
2017-06-02,TSLA,Tesla,22.65133285522461,22.858667373657227,22.39533233642578,22.656667709350582,22.656667709350582,83853000,0.0,0.0,-0.1528890668721499,0.023375066769036723
2017-06-05,TSLA,Tesla,22.566667556762695,23.229333877563477,22.28066635131836,23.15466690063477,23.15466690063477,101766000,0.0,0.0,2.174216548331034,4.727217599036515
2017-06-06,TSLA,Tesla,22.979999542236328,23.965999603271484,22.6646671295166,23.523332595825195,23.523332595825195,166302000,0.0,0.0,1.5796450797622565,2.4952785780171056
2017-06-07,TSLA,Tesla,23.756000518798828,24.03333282470703,23.676000595092773,23.976667404174805,23.976667404174805,140970000,0.0,0.0,1.90883609781319,3.643655248314686
2017-06-08,TSLA,Tesla,24.25,24.793333053588867,24.014667510986328,24.666667938232425,24.666667938232425,135922500,0.0,0.0,2.837169011545649,8.049528000074917
2017-06-09,TSLA,Tesla,24.961332321166992,25.124666213989254,23.65333366394043,23.821332931518555,23.821332931518555,258921000,0.0,0.0,-3.4871335222448,12.160100201963424
2017-06-12,TSLA,Tesla,23.86599922180176,24.299999237060547,23.374666213989254,23.93400001525879,23.93400001525879,157765500,0.0,0.0,0.4718521925286707,0.22264449159411373
2017-06-13,TSLA,Tesla,24.507999420166016,25.066667556762695,24.44066619873047,25.06333351135254,25.06333351135254,177118500,0.0,0.0,4.610591903573957,21.257557701301728
2017-06-14,TSLA,Tesla,25.4060001373291,25.61666679382324,25.08733367919922,25.37733268737793,25.37733268737793,192276000,0.0,0.0,1.2450399878797158,1.5501245714195229
2017-06-15,TSLA,Tesla,24.833332061767575,25.03066635131836,24.432666778564453,25.022666931152344,25.022666931152344,156397500,0.0,0.0,-1.407427037263746,1.9808508652210062
2017-06-16,TSLA,Tesla,25.198667526245117,25.200666427612305,24.67333221435547,24.760000228881836,24.760000228881836,100965000,0.0,0.0,-1.055263427034893,1.113580900437427
2017-06-19,TSLA,Tesla,25.0,25.11333274841309,24.520000457763672,24.65333366394043,24.65333366394043,98239500,0.0,0.0,-0.4317325799357807,0.18639302057800525
2017-06-20,TSLA,Tesla,25.1113338470459,25.2586669921875,24.648666381835938,24.81599998474121,24.81599998474121,111580500,0.0,0.0,0.657647455825241,0.4325001761534123
2017-06-21,TSLA,Tesla,24.956666946411133,25.132667541503903,24.534666061401367,25.093332290649418,25.093332290649418,73848000,0.0,0.0,1.1113559237479396,1.235111989249636
2017-06-22,TSLA,Tesla,25.19933319091797,25.666667938232425,24.90466690063477,25.507333755493164,25.507333755493164,112947000,0.0,0.0,1.6363844013778626,2.6777539090727855
2017-06-23,TSLA,Tesla,25.496667861938477,25.799333572387695,25.290000915527344,25.56333351135254,25.56333351135254,96687000,0.0,0.0,0.21930310019436994,0.04809384975486186
2017-06-26,TSLA,Tesla,25.779333114624023,25.796667098999023,24.87333297729492,25.166000366210938,25.166000366210938,99061500,0.0,0.0,-1.566514835091811,2.4539687285627236
2017-06-27,TSLA,Tesla,25.093332290649418,25.093332290649418,24.134666442871097,24.15800094604492,24.15800094604492,104946000,0.0,0.0,-4.087826437777349,16.710324985391452
2017-06-28,TSLA,Tesla,24.44533348083496,24.78266716003418,24.167999267578125,24.749332427978516,24.749332427978516,94537500,0.0,0.0,2.418288870018738,5.8481210588565045
2017-06-29,TSLA,Tesla,24.707332611083984,24.733333587646484,23.606666564941406,24.049999237060547,24.049999237060547,123315000,0.0,0.0,-2.8663551215287826,8.215991682714282
2017-06-30,TSLA,Tesla,24.247333526611328,24.451332092285156,23.974666595458984,24.107332229614254,24.107332229614254,87727500,0.0,0.0,0.23810712884218435,0.05669500480546858
2017-07-03,TSLA,Tesla,24.682666778564453,24.75666618347168,23.433332443237305,23.507999420166016,23.507999420166016,94581000,0.0,0.0,-2.517527203212356,6.337943218914228
2017-07-05,TSLA,Tesla,23.14666748046875,23.14933204650879,21.755332946777344,21.805999755859375,21.805999755859375,255700500,0.0,0.0,-7.5155613996853665,56.48366315244066
2017-07-06,TSLA,Tesla,21.15066719055176,21.38599967956543,20.420000076293945,20.588666915893555,20.588666915893555,289867500,0.0,0.0,-5.744437539441035,32.998562644539376
2017-07-07,TSLA,Tesla,20.899999618530273,21.13333320617676,20.492000579833984,20.881332397460938,20.881332397460938,212653500,0.0,0.0,1.4114798423713906,1.9922753454207656
2017-07-10,TSLA,Tesla,20.86000061035156,21.195999145507812,20.208667755126953,21.06999969482422,21.06999969482422,207313500,0.0,0.0,0.899464021473339,0.8090355259249913
2017-07-11,TSLA,Tesla,21.066667556762695,21.818666458129883,20.953332901000977,21.814666748046875,21.814666748046875,173391000,0.0,0.0,3.47323168510505,12.063338338417667
2017-07-12,TSLA,Tesla,22.02666664123535,22.206666946411133,21.63333320617676,21.968000411987305,21.968000411987305,155191500,0.0,0.0,0.7004337596341516,0.4906074516352324
2017-07-13,TSLA,Tesla,22.007333755493164,22.106666564941406,21.33133316040039,21.560667037963867,21.560667037963867,128917500,0.0,0.0,-1.8716183536314028,3.5029552616499227
2017-07-14,TSLA,Tesla,21.54599952697754,21.89466667175293,21.4146671295166,21.85199928283691,21.85199928283691,84378000,0.0,0.0,1.3421733471090174,1.8014292936898229
2017-07-17,TSLA,Tesla,21.702667236328125,21.80666732788086,20.89666748046875,21.30466651916504,21.30466651916504,148153500,0.0,0.0,-2.5366283587879606,6.434483430607302
2017-07-18,TSLA,Tesla,21.166667938232425,21.941999435424805,21.04400062561035,21.882667541503903,21.882667541503903,95605500,0.0,0.0,2.676875288378196,7.16566130952985
2017-07-19,TSLA,Tesla,21.881999969482425,22.11000061035156,21.54800033569336,21.68400001525879,21.68400001525879,95355000,0.0,0.0,-0.9120224908487009,0.8317850238138688
2017-07-20,TSLA,Tesla,21.793333053588867,22.014667510986328,21.61333274841309,21.994667053222656,21.994667053222656,77493000,0.0,0.0,1.4225355199591716,2.023607305545511
2017-07-21,TSLA,Tesla,21.964000701904297,22.083999633789062,21.719999313354492,21.893333435058594,21.893333435058594,73524000,0.0,0.0,-0.46178361789057687,0.2132441097521103
2017-07-24,TSLA,Tesla,22.016000747680664,22.893333435058594,22.000667572021484,22.834667205810547,22.834667205810547,129556500,0.0,0.0,4.209769154407644,17.722156333402047
2017-07-25,TSLA,Tesla,23.0,23.040000915527344,22.27666664123535,22.63999938964844,22.63999938964844,104838000,0.0,0.0,-0.8561646290552231,0.7330178720452677
2017-07-26,TSLA,Tesla,22.69066619873047,23.03333282470703,22.541332244873047,22.92333221435547,22.92333221435547,72312000,0.0,0.0,1.243703947371854,1.5467995087083315
2017-07-27,TSLA,Tesla,23.066667556762695,23.166667938232425,21.752666473388672,22.297332763671875,22.297332763671875,124536000,0.0,0.0,-2.7688201547354874,7.666365049269448
2017-07-28,TSLA,Tesla,22.459333419799805,22.63999938964844,22.167333602905273,22.33799934387207,22.33799934387207,73206000,0.0,0.0,0.18221704435549751,0.033203051253653346
2017-07-31,TSLA,Tesla,22.36666679382324,22.766000747680664,21.402666091918945,21.564666748046875,21.564666748046875,128026500,0.0,0.0,-3.5233058136855835,12.413683856750632
2017-08-01,TSLA,Tesla,21.53333282470703,21.6299991607666,21.07533264160156,21.30466651916504,21.30466651916504,124546500,0.0,0.0,-1.2130042482567918,1.4713793062890246
2017-08-02,TSLA,Tesla,21.262666702270508,21.808000564575195,20.74799919128418,21.72599983215332,21.72599983215332,196372500,0.0,0.0,1.9583558159459853,3.8351575018494657
2017-08-03,TSLA,Tesla,23.02199935913086,23.333332061767575,22.87666702270508,23.139333724975582,23.139333724975582,203025000,0.0,0.0,6.302423584878529,39.72054304323313
2017-08-04,TSLA,Tesla,23.13333320617676,23.81800079345703,22.88666725158691,23.79400062561035,23.79400062561035,139033500,0.0,0.0,2.7899546212380746,7.783846788567688
2017-08-07,TSLA,Tesla,23.823333740234375,23.965333938598633,23.516666412353516,23.67799949645996,23.67799949645996,94867500,0.0,0.0,-0.4887148623823236,0.2388422167133735
2017-08-08,TSLA,Tesla,23.8353328704834,24.57200050354004,23.82666778564453,24.347999572753903,24.347999572753903,111747000,0.0,0.0,2.790336736090716,7.785979100777389
2017-08-09,TSLA,Tesla,24.066667556762695,24.666667938232425,23.93000030517578,24.235332489013672,24.235332489013672,103381500,0.0,0.0,-0.46381045075940097,0.2151201342336387
2017-08-10,TSLA,Tesla,24.106666564941406,24.44333267211914,23.643999099731445,23.69333267211914,23.69333267211914,106393500,0.0,0.0,-2.261790186544433,5.115694847948702
2017-08-11,TSLA,Tesla,23.79800033569336,24.083999633789062,23.57466697692871,23.857999801635746,23.857999801635746,65487000,0.0,0.0,0.6925895834226055,0.4796803310654982
2017-08-14,TSLA,Tesla,24.308666229248047,24.51066780090332,24.17333221435547,24.253332138061523,24.253332138061523,67788000,0.0,0.0,1.6434433153642216,2.7009059308153445
2017-08-15,TSLA,Tesla,24.34666633605957,24.36599922180176,23.95800018310547,24.155332565307617,24.155332565307617,46276500,0.0,0.0,-0.40488498177534504,0.16393184846722147
2017-08-16,TSLA,Tesla,24.200000762939453,24.433332443237305,24.167999267578125,24.194000244140625,24.194000244140625,51207000,0.0,0.0,0.15995127473417625,0.02558441028908793
2017-08-17,TSLA,Tesla,24.08066749572754,24.219999313354492,23.439332962036133,23.461332321166992,23.461332321166992,75415500,0.0,0.0,-3.075104583225396,9.456268197773836
2017-08-18,TSLA,Tesla,23.527332305908203,23.600000381469727,23.053333282470703,23.163999557495117,23.163999557495117,81123000,0.0,0.0,-1.275430253594583,1.6267223317843422
2017-08-21,TSLA,Tesla,23.05466651916504,23.05466651916504,22.12333297729492,22.52400016784668,22.52400016784668,97431000,0.0,0.0,-2.80179154161383,7.8500358426588015
2017-08-22,TSLA,Tesla,22.742000579833984,22.81599998474121,22.4913330078125,22.75666618347168,22.75666618347168,64830000,0.0,0.0,1.0276706684685337,1.056107002830563
2017-08-23,TSLA,Tesla,22.59933280944824,23.56599998474121,22.553333282470703,23.51799964904785,23.51799964904785,74317500,0.0,0.0,3.2907948949558974,10.829331040667796
2017-08-24,TSLA,Tesla,23.501333236694336,23.777332305908203,23.31599998474121,23.528667449951172,23.528667449951172,68770500,0.0,0.0,0.04534986958247227,0.002056610671147244
2017-08-25,TSLA,Tesla,23.61599922180176,23.71266746520996,23.15333366394043,23.203332901000977,23.203332901000977,52260000,0.0,0.0,-1.3923641294217943,1.9386778689005113
2017-08-28,TSLA,Tesla,23.152000427246097,23.156667709350582,22.64800071716309,23.04400062561035,23.04400062561035,56460000,0.0,0.0,-0.6890468861476815,0.47478561130981595
2017-08-29,TSLA,Tesla,22.631999969482425,23.270000457763672,22.583332061767575,23.15733337402344,23.15733337402344,61105500,0.0,0.0,0.4906047766236992,0.2406930468459898
2017-08-30,TSLA,Tesla,23.31133270263672,23.564666748046875,23.13333320617676,23.545333862304688,23.545333862304688,51193500,0.0,0.0,1.6616156563961249,2.760966589580725
2017-08-31,TSLA,Tesla,23.56999969482422,23.895999908447266,23.521333694458008,23.726667404174805,23.726667404174805,61092000,0.0,0.0,0.7671959148600525,0.5885895717779529
2017-09-01,TSLA,Tesla,23.7413330078125,23.839332580566406,23.57933235168457,23.69333267211914,23.69333267211914,45742500,0.0,0.0,-0.14059357862915353,0.019766554351751977
2017-09-05,TSLA,Tesla,23.586666107177734,23.69933319091797,23.05933380126953,23.305999755859375,23.305999755859375,57526500,0.0,0.0,-1.6482859035526678,2.7168464198504343
2017-09-06,TSLA,Tesla,23.299999237060547,23.398666381835938,22.770666122436523,22.968666076660156,22.968666076660156,61371000,0.0,0.0,-1.4579885074467756,2.125730487846876
2017-09-07,TSLA,Tesla,23.065332412719727,23.498666763305664,22.89666748046875,23.374000549316406,23.374000549316406,63588000,0.0,0.0,1.7493374410974534,3.060181482825386
2017-09-08,TSLA,Tesla,23.266000747680664,23.318666458129883,22.81999969482422,22.893333435058594,22.893333435058594,48952500,0.0,0.0,-2.077856520752768,4.317487720834799
2017-09-11,TSLA,Tesla,23.42333221435547,24.247333526611328,23.333332061767575,24.246000289916992,24.246000289916992,115006500,0.0,0.0,5.7405915477094,32.954391317632606
2017-09-12,TSLA,Tesla,24.299333572387695,24.583999633789062,24.02666664123535,24.183332443237305,24.183332443237305,89593500,0.0,0.0,-0.2588013425793526,0.06697813492087543
2017-09-13,TSLA,Tesla,24.254667282104492,24.538000106811523,23.972667694091797,24.415332794189453,24.415332794189453,62778000,0.0,0.0,0.9547674291395883,0.9115808437458188
2017-09-14,TSLA,Tesla,24.288667678833008,25.19733238220215,24.17533302307129,25.176000595092773,25.176000595092773,108037500,0.0,0.0,3.0679855252103607,9.412535182900292
2017-09-15,TSLA,Tesla,24.96733283996582,25.333332061767575,24.84666633605957,25.320667266845703,25.320667266845703,81307500,0.0,0.0,0.5729766880258297,0.32830228502104897
2017-09-18,TSLA,Tesla,25.350000381469727,25.974000930786133,25.178667068481445,25.666667938232425,25.666667938232425,107820000,0.0,0.0,1.3572232447427963,1.8420549360701644
2017-09-19,TSLA,Tesla,25.333332061767575,25.492666244506836,24.90466690063477,25.00666618347168,25.00666618347168,96778500,0.0,0.0,-2.6050746064111405,6.786413704968159
2017-09-20,TSLA,Tesla,24.86666679382324,25.21666717529297,24.738000869750977,24.92733383178711,24.92733383178711,73786500,0.0,0.0,-0.31774910244818666,0.10096449210662822
2017-09-21,TSLA,Tesla,24.99333381652832,25.121999740600582,24.30066680908203,24.43199920654297,24.43199920654297,69273000,0.0,0.0,-2.0071229638365837,4.028542591960152
2017-09-22,TSLA,Tesla,24.432666778564453,24.65999984741211,23.392000198364254,23.4060001373291,23.4060001373291,122391000,0.0,0.0,-4.290131038030197,18.40522432347006
2017-09-25,TSLA,Tesla,23.543333053588867,23.83133316040039,22.858667373657227,22.999332427978516,22.999332427978516,114088500,0.0,0.0,-1.752721498241438,3.0720326503977113
2017-09-26,TSLA,Tesla,23.39533233642578,23.416000366210938,22.726667404174805,23.016666412353516,23.016666412353516,107344500,0.0,0.0,0.0753389500683819,0.005675957397406141
2017-09-27,TSLA,Tesla,23.32666778564453,23.432666778564453,22.700000762939453,22.731332778930664,22.731332778930664,90904500,0.0,0.0,-1.2474308755910057,1.5560837893777433
2017-09-28,TSLA,Tesla,22.658666610717773,22.850000381469727,22.36000061035156,22.63999938964844,22.63999938964844,79794000,0.0,0.0,-0.40260450062036796,0.16209038391977587
2017-09-29,TSLA,Tesla,22.790666580200195,22.978666305541992,22.573333740234375,22.739999771118164,22.739999771118164,76606500,0.0,0.0,0.44072518812349537,0.1942386914464904
2017-10-02,TSLA,Tesla,22.834667205810547,22.913333892822266,22.367332458496097,22.768667221069336,22.768667221069336,79302000,0.0,0.0,0.12598678729923024,0.015872670573981482
2017-10-03,TSLA,Tesla,22.393333435058594,23.23666763305664,22.0853328704834,23.209333419799805,23.209333419799805,152304000,0.0,0.0,1.9169154217639528,3.674564734196473
2017-10-04,TSLA,Tesla,23.416667938232425,23.90800094604492,23.30666732788086,23.667333602905273,23.667333602905273,122452500,0.0,0.0,1.9541268032736394,3.818611563272453
2017-10-05,TSLA,Tesla,23.733333587646484,23.82933235168457,23.42333221435547,23.68866729736328,23.68866729736328,62575500,0.0,0.0,0.09009922922392771,0.00811787110674587
2017-10-06,TSLA,Tesla,23.540000915527344,24.00666618347168,23.483333587646484,23.79199981689453,23.79199981689453,64462500,0.0,0.0,0.43526213488720816,0.1894531260665702
2017-10-09,TSLA,Tesla,23.309999465942383,23.450000762939453,22.844667434692383,22.86266708374023,22.86266708374023,112405500,0.0,0.0,-3.9844060130650374,15.875491276948827
2017-10-10,TSLA,Tesla,23.1200008392334,23.708667755126953,23.03533363342285,23.70599937438965,23.70599937438965,104677500,0.0,0.0,3.6222832375873355,13.12093585330619
2017-10-11,TSLA,Tesla,23.59266662597656,23.84000015258789,23.40999984741211,23.63999938964844,23.63999938964844,67512000,0.0,0.0,-0.2787987547624931,0.07772874565711677
2017-10-12,TSLA,Tesla,23.530000686645508,23.985332489013672,23.50933265686035,23.711999893188477,23.711999893188477,61305000,0.0,0.0,0.3041077889838476,0.09248154732064438
2017-10-13,TSLA,Tesla,23.798667907714844,23.89933204650879,23.57866668701172,23.704666137695312,23.704666137695312,53107500,0.0,0.0,-0.03093323999989706,0.0009568653368912314
2017-10-16,TSLA,Tesla,23.583999633789062,23.631999969482425,23.143999099731445,23.37333297729492,23.37333297729492,80632500,0.0,0.0,-1.4076156056894913,1.9813816933805934
2017-10-17,TSLA,Tesla,23.393999099731445,23.74799919128418,23.33799934387207,23.71666717529297,23.71666717529297,49399500,0.0,0.0,1.458230116144749,2.1264350716315286
2017-10-18,TSLA,Tesla,23.731332778930664,24.200000762939453,23.608667373657227,23.976667404174805,23.976667404174805,74086500,0.0,0.0,1.0903108656870026,1.1887777838351412
2017-10-19,TSLA,Tesla,23.70400047302246,23.809999465942383,23.213333129882812,23.45400047302246,23.45400047302246,75927000,0.0,0.0,-2.2040089763599493,4.857655567875232
2017-10-20,TSLA,Tesla,23.512666702270508,23.63666725158691,22.95599937438965,23.00666618347168,23.00666618347168,73956000,0.0,0.0,-1.9257068207608512,3.708346759524865
2017-10-23,TSLA,Tesla,23.32533264160156,23.329999923706055,22.416667938232425,22.468000411987305,22.468000411987305,86209500,0.0,0.0,-2.369191499254562,5.613068360140079
2017-10-24,TSLA,Tesla,22.586666107177734,22.85333251953125,22.410667419433594,22.48933219909668,22.48933219909668,67375500,0.0,0.0,0.09489792864177772,0.009005616860499936
2017-10-25,TSLA,Tesla,22.446666717529297,22.5,21.570667266845703,21.722667694091797,21.722667694091797,128911500,0.0,0.0,-3.4684762757907794,12.030327675723475
2017-10-26,TSLA,Tesla,21.85199928283691,22.01533317565918,21.546667098999023,21.744667053222656,21.744667053222656,75352500,0.0,0.0,0.10122249793839974,0.01024599408888934
2017-10-27,TSLA,Tesla,21.316667556762695,21.639333724975582,21.110666275024418,21.391332626342773,21.391332626342773,104695500,0.0,0.0,-1.6382711989242709,2.6839325212247678
2017-10-30,TSLA,Tesla,21.278667449951172,21.5853328704834,21.149999618530273,21.338666915893555,21.338666915893555,63816000,0.0,0.0,-0.2465047399103143,0.060764586798251696
2017-10-31,TSLA,Tesla,21.34866714477539,22.1299991607666,21.34533309936523,22.10199928283691,22.10199928283691,85084500,0.0,0.0,3.5147294592348013,12.353323171612958
2017-11-01,TSLA,Tesla,22.149999618530273,22.173999786376953,21.35066795349121,21.405332565307617,21.405332565307617,126859500,0.0,0.0,-3.2027993437652587,10.257923636423172
2017-11-02,TSLA,Tesla,20.0086669921875,20.57933235168457,19.5086669921875,19.950666427612305,19.950666427612305,296871000,0.0,0.0,-7.037752861026653,49.529965332888835
2017-11-03,TSLA,Tesla,19.96666717529297,20.416667938232425,19.67533302307129,20.4060001373291,20.4060001373291,133410000,0.0,0.0,2.256643431216386,5.092439575652064
2017-11-06,TSLA,Tesla,20.46666717529297,20.5,19.93400001525879,20.185333251953125,20.185333251953125,97290000,0.0,0.0,-1.0872717933080491,1.182159952523301
2017-11-07,TSLA,Tesla,20.06800079345703,20.433332443237305,20.00200080871582,20.40333366394043,20.40333366394043,79414500,0.0,0.0,1.0742038348578922,1.1539138788234016
2017-11-08,TSLA,Tesla,20.36666679382324,20.459333419799805,20.086666107177734,20.292667388916016,20.292667388916016,70879500,0.0,0.0,-0.543869397228035,0.2957939212411861
2017-11-09,TSLA,Tesla,20.166667938232425,20.297332763671875,19.753332138061523,20.19933319091797,20.19933319091797,81706500,0.0,0.0,-0.46100149144610364,0.21252237511553196
2017-11-10,TSLA,Tesla,20.166667938232425,20.55733299255371,20.12333297729492,20.19933319091797,20.19933319091797,69381000,0.0,0.0,0.0,0.0
2017-11-13,TSLA,Tesla,20.0086669921875,21.1200008392334,19.94066619873047,21.02666664123535,21.02666664123535,113773500,0.0,0.0,4.014187870553887,16.113704260101954
2017-11-14,TSLA,Tesla,21.0,21.09000015258789,20.459999084472656,20.579999923706055,20.579999923706055,85141500,0.0,0.0,-2.1471745518534084,4.610358556126886
2017-11-15,TSLA,Tesla,20.40066719055176,20.832666397094727,20.100000381469727,20.753332138061523,20.753332138061523,89680500,0.0,0.0,0.838709205242743,0.7034331309589135
2017-11-16,TSLA,Tesla,20.932666778564453,21.209333419799805,20.753332138061523,20.833332061767575,20.833332061767575,87331500,0.0,0.0,0.38473882879456717,0.14802396638221527
2017-11-17,TSLA,Tesla,21.711332321166992,21.777999877929688,20.87666702270508,21.003332138061523,21.003332138061523,206026500,0.0,0.0,0.8126891338092798,0.6604636282116775
2017-11-20,TSLA,Tesla,20.91933250427246,21.03333282470703,20.316667556762695,20.582666397094727,20.582666397094727,123715500,0.0,0.0,-2.0231813822732336,4.093262905577032
2017-11-21,TSLA,Tesla,20.724000930786133,21.215333938598633,20.58066749572754,21.187332153320312,21.187332153320312,108919500,0.0,0.0,2.8954178587658665,8.383444576860315
2017-11-22,TSLA,Tesla,21.118000030517575,21.161333084106445,20.78933334350586,20.84000015258789,20.84000015258789,73764000,0.0,0.0,-1.6529238935065318,2.7321573977247926
2017-11-24,TSLA,Tesla,20.91933250427246,21.0939998626709,20.733333587646484,21.036666870117188,21.036666870117188,48661500,0.0,0.0,0.9392732392230189,0.8822342179205024
2017-11-27,TSLA,Tesla,20.88333320617676,21.1560001373291,20.63400077819824,21.12066650390625,21.12066650390625,68338500,0.0,0.0,0.3985059690953488,0.15880700740462309
2017-11-28,TSLA,Tesla,21.090667724609375,21.333332061767575,20.92799949645996,21.170000076293945,21.170000076293945,74242500,0.0,0.0,0.23330724604189385,0.05443227105565279
2017-11-29,TSLA,Tesla,21.15333366394043,21.200000762939453,20.082000732421875,20.502666473388672,20.502666473388672,131511000,0.0,0.0,-3.2030139192276557,10.259298166766108
2017-11-30,TSLA,Tesla,20.570667266845703,20.713333129882812,20.30266761779785,20.59000015258789,20.59000015258789,65274000,0.0,0.0,0.425057889210658,0.18067420918022004
2017-12-01,TSLA,Tesla,20.36266708374023,20.687999725341797,20.336666107177734,20.435333251953125,20.435333251953125,64393500,0.0,0.0,-0.754010366639291,0.568531632999518
2017-12-04,TSLA,Tesla,20.433332443237305,20.551332473754883,20.040666580200195,20.34666633605957,20.34666633605957,87526500,0.0,0.0,-0.43483427247005596,0.18908084451456286
2017-12-05,TSLA,Tesla,20.13333320617676,20.53333282470703,20.066667556762695,20.246667861938477,20.246667861938477,69697500,0.0,0.0,-0.49268520744038485,0.24273871363057506
2017-12-06,TSLA,Tesla,20.00666618347168,20.892667770385746,20.0,20.88400077819824,20.88400077819824,107929500,0.0,0.0,3.099312282621998,9.60573662521158
2017-12-07,TSLA,Tesla,20.799999237060547,21.242000579833984,20.73666763305664,20.749332427978516,20.749332427978516,71709000,0.0,0.0,-0.6469278797638282,0.4185156816157221
2017-12-08,TSLA,Tesla,20.97333335876465,21.131999969482425,20.750667572021484,21.0086669921875,21.0086669921875,52027500,0.0,0.0,1.242099248059274,1.542810542029414
2017-12-11,TSLA,Tesla,20.975332260131836,21.93400001525879,20.916667938232425,21.92733383178711,21.92733383178711,119070000,0.0,0.0,4.279891224675032,18.317468895050343
2017-12-12,TSLA,Tesla,22.030000686645508,22.762666702270508,22.00200080871582,22.735332489013672,22.735332489013672,130998000,0.0,0.0,3.6186232973390604,13.094434568045013
2017-12-13,TSLA,Tesla,22.728666305541992,22.947999954223633,22.433332443237305,22.60199928283691,22.60199928283691,93322500,0.0,0.0,-0.5881845506406402,0.34596106561233186
2017-12-14,TSLA,Tesla,22.733999252319336,23.16266632080078,22.459999084472656,22.525999069213867,22.525999069213867,86998500,0.0,0.0,-0.3368209902906901,0.11344837950040117
2017-12-15,TSLA,Tesla,22.80266761779785,22.926666259765625,22.38400077819824,22.89666748046875,22.89666748046875,103998000,0.0,0.0,1.6321218795082817,2.663821829569646
2017-12-18,TSLA,Tesla,22.99333381652832,23.115333557128903,22.505332946777344,22.591333389282227,22.591333389282227,82143000,0.0,0.0,-1.34250207187917,1.8023118129998643
2017-12-19,TSLA,Tesla,22.68400001525879,22.766000747680664,22.020000457763672,22.073333740234375,22.073333740234375,102375000,0.0,0.0,-2.319609249622529,5.380587070934393
2017-12-20,TSLA,Tesla,22.179332733154297,22.206666946411133,21.66933250427246,21.93199920654297,21.93199920654297,89307000,0.0,0.0,-0.6423540521295799,0.412618728287291
2017-12-21,TSLA,Tesla,21.972667694091797,22.249332427978516,21.81399917602539,22.110666275024418,22.110666275024418,65778000,0.0,0.0,0.8113407607173266,0.6582738300013703
2017-12-22,TSLA,Tesla,21.96733283996582,22.06133270263672,21.65466690063477,21.68000030517578,21.68000030517578,63237000,0.0,0.0,-1.9669938323103868,3.8690647363471022
2017-12-26,TSLA,Tesla,21.588666915893555,21.59600067138672,21.10533332824707,21.152666091918945,21.152666091918945,65676000,0.0,0.0,-2.4624236744461117,6.06353035247269
2017-12-27,TSLA,Tesla,21.066667556762695,21.178667068481445,20.71666717529297,20.775999069213867,20.775999069213867,70681500,0.0,0.0,-1.796752434393836,3.2283193105001757
2017-12-28,TSLA,Tesla,20.78333282470703,21.05466651916504,20.63599967956543,21.02400016784668,21.02400016784668,64744500,0.0,0.0,1.1866220726355485,1.408071943265885
2017-12-29,TSLA,Tesla,21.07866668701172,21.0939998626709,20.666667938232425,20.75666618347168,20.75666618347168,56658000,0.0,0.0,-1.2797193348550453,1.6376815760018395
2018-01-02,TSLA,Tesla,20.799999237060547,21.474000930786133,20.733333587646484,21.368667602539062,21.368667602539062,65283000,0.0,0.0,2.905826148136257,8.443825603192396
2018-01-03,TSLA,Tesla,21.399999618530273,21.683332443237305,21.036666870117188,21.149999618530273,21.149999618530273,67822500,0.0,0.0,-1.0285830962693931,1.0579831859311317
2018-01-04,TSLA,Tesla,20.857999801635746,21.23666763305664,20.3786678314209,20.974666595458984,20.974666595458984,149194500,0.0,0.0,-0.8324530558681901,0.692978090224288
2018-01-05,TSLA,Tesla,21.107999801635746,21.14933204650879,20.799999237060547,21.10533332824707,21.10533332824707,68868000,0.0,0.0,0.6210416017176824,0.38569267106406446
2018-01-08,TSLA,Tesla,21.066667556762695,22.468000411987305,21.03333282470703,22.42733383178711,22.42733383178711,147891000,0.0,0.0,6.075470238170342,36.911338614893594
2018-01-09,TSLA,Tesla,22.3439998626709,22.586666107177734,21.82666778564453,22.246000289916992,22.246000289916992,107199000,0.0,0.0,-0.8118245093933887,0.6590590340518162
2018-01-10,TSLA,Tesla,22.14666748046875,22.46666717529297,22.0,22.31999969482422,22.31999969482422,64648500,0.0,0.0,0.3320893638202626,0.11028334556254674
2018-01-11,TSLA,Tesla,22.34933280944824,22.987333297729492,22.21733283996582,22.530000686645508,22.530000686645508,99682500,0.0,0.0,0.9364661080734739,0.8769687715702792
2018-01-12,TSLA,Tesla,22.57533264160156,22.694000244140625,22.244667053222656,22.4146671295166,22.4146671295166,72376500,0.0,0.0,-0.5132257768969449,0.2634006980714727
2018-01-16,TSLA,Tesla,22.502666473388672,23.0,22.31999969482422,22.67066764831543,22.67066764831543,97114500,0.0,0.0,1.135638767539583,1.2896754103388228
2018-01-17,TSLA,Tesla,22.697999954223633,23.266666412353516,22.649999618530273,23.143999099731445,23.143999099731445,106552500,0.0,0.0,2.066361394773987,4.269849413812297
2018-01-18,TSLA,Tesla,23.044666290283203,23.48666763305664,22.916000366210938,22.971332550048828,22.971332550048828,85287000,0.0,0.0,-0.7488501129632502,0.5607764916850726
2018-01-19,TSLA,Tesla,23.0,23.37266731262207,22.84000015258789,23.334667205810547,23.334667205810547,73324500,0.0,0.0,1.5693090065018587,2.462730757887851
2018-01-22,TSLA,Tesla,23.293333053588867,23.85533332824707,23.280000686645508,23.437332153320312,23.437332153320312,93156000,0.0,0.0,0.4390024536005943,0.19272315426734196
2018-01-23,TSLA,Tesla,24.0,24.03333282470703,23.399999618530273,23.519332885742188,23.519332885742188,81981000,0.0,0.0,0.349261668007839,0.12198371273961793
2018-01-24,TSLA,Tesla,23.6386661529541,23.649999618530273,22.90133285522461,23.05933380126953,23.05933380126953,79312500,0.0,0.0,-1.975213430064165,3.9014680943058444
2018-01-25,TSLA,Tesla,23.218000411987305,23.280000686645508,22.426666259765625,22.50933265686035,22.50933265686035,101104500,0.0,0.0,-2.414061666578032,5.8276937300415055
2018-01-26,TSLA,Tesla,22.766666412353516,22.933332443237305,22.38066673278809,22.856666564941406,22.856666564941406,68091000,0.0,0.0,1.5312820217281293,2.3448246300677873
2018-01-29,TSLA,Tesla,22.656667709350582,23.38999938964844,22.552000045776367,23.302000045776367,23.302000045776367,71206500,0.0,0.0,1.9296367584641105,3.7234980196158802
2018-01-30,TSLA,Tesla,23.00933265686035,23.218000411987305,22.81133270263672,23.05466651916504,23.05466651916504,70765500,0.0,0.0,-1.067099478570611,1.1387012971656698
2018-01-31,TSLA,Tesla,23.167333602905273,23.746000289916992,23.012666702270508,23.62066650390625,23.62066650390625,93211500,0.0,0.0,2.4253827172148545,5.882481324964511
2018-02-01,TSLA,Tesla,23.399999618530273,23.977333068847656,23.242000579833984,23.28333282470703,23.28333282470703,62965500,0.0,0.0,-1.4384252958894272,2.0690673318545865
2018-02-02,TSLA,Tesla,23.229333877563477,23.463333129882812,22.700666427612305,22.916667938232425,22.916667938232425,55572000,0.0,0.0,-1.5873271824704642,2.5196075842096226
2018-02-05,TSLA,Tesla,22.531333923339844,22.96466636657715,22.200000762939453,22.208667755126953,22.208667755126953,66961500,0.0,0.0,-3.1381851268344785,9.848205890285131
2018-02-06,TSLA,Tesla,21.680667877197266,22.4146671295166,21.566667556762695,22.264667510986328,22.264667510986328,76326000,0.0,0.0,0.25183533063415964,0.0634210337556165
2018-02-07,TSLA,Tesla,22.59933280944824,23.066667556762695,22.37733268737793,23.0,23.0,104538000,0.0,0.0,3.2493210526077796,10.558087302920129
2018-02-08,TSLA,Tesla,22.88733291625977,23.2413330078125,20.97333335876465,21.01533317565918,21.01533317565918,154719000,0.0,0.0,-9.024189341458241,81.43599327048852
2018-02-09,TSLA,Tesla,21.32866668701172,21.398666381835938,19.65066719055176,20.69466781616211,20.69466781616211,194005500,0.0,0.0,-1.5376248848248275,2.364290286432564
2018-02-12,TSLA,Tesla,21.07533264160156,21.205333709716797,20.416667938232425,21.048667907714844,21.048667907714844,93417000,0.0,0.0,1.6961202165830975,2.8768237891018935
2018-02-13,TSLA,Tesla,21.001333236694336,21.61266708374023,20.833999633789062,21.577333450317383,21.577333450317383,68403000,0.0,0.0,2.4806110575996825,6.153431219085816
2018-02-14,TSLA,Tesla,21.389333724975582,21.744667053222656,21.23466682434082,21.487333297729492,21.487333297729492,59260500,0.0,0.0,-0.41797738337764856,0.1747050930152258
2018-02-15,TSLA,Tesla,21.63333320617676,22.274667739868164,21.49333381652832,22.271333694458008,22.271333694458008,88693500,0.0,0.0,3.583675439422308,12.84272965511867
2018-02-16,TSLA,Tesla,22.166667938232425,22.874666213989254,22.10933303833008,22.36599922180176,22.36599922180176,84639000,0.0,0.0,0.4241546843597737,0.17990719626433926
2018-02-20,TSLA,Tesla,22.29800033569336,22.722667694091797,22.100000381469727,22.31800079345703,22.31800079345703,60141000,0.0,0.0,-0.21483504963464925,0.04615409855152221
2018-02-21,TSLA,Tesla,22.402000427246097,22.645999908447266,22.211332321166992,22.219999313354492,22.219999313354492,48294000,0.0,0.0,-0.44008100064992633,0.19367128713304047
2018-02-22,TSLA,Tesla,22.368667602539062,23.16266632080078,22.316667556762695,23.07799911499023,23.07799911499023,104547000,0.0,0.0,3.788699111449615,14.354240957099103
2018-02-23,TSLA,Tesla,23.18866729736328,23.666000366210938,23.13999938964844,23.469999313354492,23.469999313354492,87261000,0.0,0.0,1.6843236182783914,2.836946051090412
2018-02-26,TSLA,Tesla,23.566667556762695,23.933332443237305,23.49066734313965,23.82799911499023,23.82799911499023,65100000,0.0,0.0,1.5138342018226358,2.291693990607977
2018-02-27,TSLA,Tesla,23.75,23.999332427978516,23.333999633789062,23.39933204650879,23.39933204650879,71961000,0.0,0.0,-1.8153845689604888,3.2956211332198597
2018-02-28,TSLA,Tesla,23.504667282104492,23.682666778564453,22.814666748046875,22.87066650390625,22.87066650390625,91045500,0.0,0.0,-2.2852326172335675,5.222288114868181
2018-03-01,TSLA,Tesla,23.000667572021484,23.244667053222656,22.004667282104492,22.062000274658203,22.062000274658203,103284000,0.0,0.0,-3.599846676634224,12.958896095274469
2018-03-02,TSLA,Tesla,21.798667907714844,22.347999572753903,21.531333923339844,22.341333389282227,22.341333389282227,76392000,0.0,0.0,1.2581794044277577,1.583015413726187
2018-03-05,TSLA,Tesla,22.159332275390625,22.516666412353516,21.952667236328125,22.22333335876465,22.22333335876465,57357000,0.0,0.0,-0.5295688934635745,0.28044321292423474
2018-03-06,TSLA,Tesla,22.25,22.42466735839844,21.802000045776367,21.8799991607666,21.8799991607666,64285500,0.0,0.0,-1.556984990861947,2.4242022617693775
2018-03-07,TSLA,Tesla,21.695999145507812,22.166667938232425,21.44933319091797,22.15333366394043,22.15333366394043,75109500,0.0,0.0,1.2415049984329452,1.541334661133987
2018-03-08,TSLA,Tesla,22.19066619873047,22.219999313354492,21.751333236694336,21.940000534057617,21.940000534057617,53493000,0.0,0.0,-0.96765099931042,0.9363484564664544
2018-03-09,TSLA,Tesla,21.606666564941406,21.89933204650879,21.4913330078125,21.81133270263672,21.81133270263672,82602000,0.0,0.0,-0.5881795723518265,0.3459552093319775
2018-03-12,TSLA,Tesla,21.90733337402344,23.1473331451416,21.766666412353516,23.034000396728516,23.034000396728516,123960000,0.0,0.0,5.454171900502193,29.74799112022771
2018-03-13,TSLA,Tesla,21.90733337402344,23.1473331451416,21.766666412353516,22.78933334350586,22.78933334350586,89487000,0.0,0.0,-1.067881179038873,1.1403702125454533
2018-03-14,TSLA,Tesla,22.450666427612305,22.65399932861328,21.59533309936523,21.775333404541016,21.775333404541016,119511000,0.0,0.0,-4.551475671341542,20.715930786813942
2018-03-15,TSLA,Tesla,21.958667755126953,22.190000534057617,21.406667709350582,21.706666946411133,21.706666946411133,98472000,0.0,0.0,-0.3158388052850371,0.09975415092387958
2018-03-16,TSLA,Tesla,21.528667449951172,21.82666778564453,21.271333694458008,21.42333221435547,21.42333221435547,91759500,0.0,0.0,-1.3138827430316806,1.7262878624364533
2018-03-19,TSLA,Tesla,21.100000381469727,21.38333320617676,20.64466667175293,20.90399932861328,20.90399932861328,112264500,0.0,0.0,-2.454012238265771,6.02217606555818
2018-03-20,TSLA,Tesla,20.9913330078125,21.083332061767575,20.583999633789062,20.703332901000977,20.703332901000977,71464500,0.0,0.0,-0.9645799079847998,0.9304143988879647
2018-03-21,TSLA,Tesla,20.683332443237305,21.496000289916992,20.679332733154297,21.10199928283691,21.10199928283691,89376000,0.0,0.0,1.9073091713505945,3.6378282751180917
2018-03-22,TSLA,Tesla,20.926000595092773,21.254667282104492,20.545333862304688,20.606666564941406,20.606666564941406,74097000,0.0,0.0,-2.3753145635010497,5.642119275580183
2018-03-23,TSLA,Tesla,20.75,20.75,20.030000686645508,20.1026668548584,20.1026668548584,99823500,0.0,0.0,-2.476215748924565,6.131644435222044
2018-03-26,TSLA,Tesla,20.48933219909668,20.506000518798828,19.423999786376953,20.278667449951172,20.278667449951172,125628000,0.0,0.0,0.8716983357954529,0.7598579886285621
2018-03-27,TSLA,Tesla,20.266666412353516,20.284666061401367,18.478666305541992,18.61199951171875,18.61199951171875,208080000,0.0,0.0,-8.576296122040041,73.55285517291905
2018-03-28,TSLA,Tesla,17.6386661529541,17.91200065612793,16.80666732788086,17.185333251953125,17.185333251953125,315021000,0.0,0.0,-7.975020560866929,63.60095294625026
2018-03-29,TSLA,Tesla,17.099332809448242,18.06399917602539,16.547332763671875,17.742000579833984,17.742000579833984,227560500,0.0,0.0,3.1878440640849597,10.162349776921712
2018-04-02,TSLA,Tesla,17.083999633789062,17.35533332824707,16.305999755859375,16.832000732421875,16.832000732421875,241710000,0.0,0.0,-5.265286271087222,27.72323951649958
2018-04-03,TSLA,Tesla,17.988000869750977,18.22333335876465,16.965999603271484,17.8353328704834,17.8353328704834,282666000,0.0,0.0,5.78996024580255,33.52363964797392
2018-04-04,TSLA,Tesla,16.851999282836914,19.224666595458984,16.799999237060547,19.12933349609375,19.12933349609375,298450500,0.0,0.0,7.004145954947365,49.05806055820553
2018-04-05,TSLA,Tesla,19.28933334350586,20.417333602905273,19.213333129882812,20.381332397460938,20.381332397460938,286816500,0.0,0.0,6.33964612779032,40.191113025606796
2018-04-06,TSLA,Tesla,20.066667556762695,20.618667602539062,19.700000762939453,19.953332901000977,19.953332901000977,202804500,0.0,0.0,-2.1223211265089486,4.504246964026213
2018-04-09,TSLA,Tesla,20.024667739868164,20.63333320617676,19.28066635131836,19.310667037963867,19.310667037963867,153747000,0.0,0.0,-3.2738552591198076,10.718128257666422
2018-04-10,TSLA,Tesla,19.931333541870117,20.47333335876465,19.57866668701172,20.31333351135254,20.31333351135254,164847000,0.0,0.0,5.061985415504579,25.623696346781067
2018-04-11,TSLA,Tesla,20.049333572387695,20.59866714477539,19.977333068847656,20.062000274658203,20.062000274658203,112243500,0.0,0.0,-1.2450001501353107,1.5500253738369463
2018-04-12,TSLA,Tesla,20.15466690063477,20.26333236694336,19.57866668701172,19.60533332824707,19.60533332824707,114132000,0.0,0.0,-2.302585434608351,5.30189968367053
2018-04-13,TSLA,Tesla,20.239999771118164,20.26333236694336,19.73200035095215,20.022666931152344,20.022666931152344,109908000,0.0,0.0,2.1063340553558363,4.436643152751763
2018-04-16,TSLA,Tesla,19.933332443237305,19.977333068847656,19.267332077026367,19.413999557495117,19.413999557495117,95077500,0.0,0.0,-3.0870545862284917,9.529906018354364
2018-04-17,TSLA,Tesla,19.257999420166016,19.47800064086914,18.833999633789062,19.179332733154297,19.179332733154297,105000000,0.0,0.0,-1.2161153367676696,1.4789365123215423
2018-04-18,TSLA,Tesla,19.405332565307617,20.016000747680664,19.21066665649414,19.55666732788086,19.55666732788086,98365500,0.0,0.0,1.9482988950550415,3.7958685844726956
2018-04-19,TSLA,Tesla,19.405332565307617,20.067333221435547,19.23666763305664,20.005332946777344,20.005332946777344,91359000,0.0,0.0,2.2682617268948135,5.145011261695841
2018-04-20,TSLA,Tesla,19.67799949645996,19.998666763305664,19.316667556762695,19.34933280944824,19.34933280944824,84418500,0.0,0.0,-3.3340946599311443,11.116187201381372
2018-04-23,TSLA,Tesla,19.41933250427246,19.441333770751953,18.82200050354004,18.891332626342773,18.891332626342773,73401000,0.0,0.0,-2.395471306776481,5.738282781589421
2018-04-24,TSLA,Tesla,19.0,19.139333724975582,18.56399917602539,18.8973331451416,18.8973331451416,85279500,0.0,0.0,0.031758299621107114,0.0010085895948240122
2018-04-25,TSLA,Tesla,18.899999618530273,19.01066780090332,18.483333587646484,18.71266746520996,18.71266746520996,60204000,0.0,0.0,-0.9820109595590503,0.9643455246940866
2018-04-26,TSLA,Tesla,18.583332061767575,19.05266761779785,18.433332443237305,19.031999588012695,19.031999588012695,65340000,0.0,0.0,1.6921052271253172,2.8632200996648214
2018-04-27,TSLA,Tesla,19.024667739868164,19.631332397460938,18.92200088500977,19.60533332824707,19.60533332824707,65469000,0.0,0.0,2.967988645210738,8.80895659809987
2018-04-30,TSLA,Tesla,19.573999404907227,19.915332794189453,19.5,19.593332290649418,19.593332290649418,63423000,0.0,0.0,-0.06123186992790823,0.003749341894868272
2018-05-01,TSLA,Tesla,19.567333221435547,20.05466651916504,19.54800033569336,19.994667053222656,19.994667053222656,69384000,0.0,0.0,2.0276271552000775,4.111271880504759
2018-05-02,TSLA,Tesla,19.90466690063477,20.456666946411133,19.85199928283691,20.07666778564453,20.07666778564453,134556000,0.0,0.0,0.40927434643586713,0.16750549065050618
2018-05-03,TSLA,Tesla,18.586000442504883,19.202667236328125,18.34866714477539,18.963333129882812,18.963333129882812,260281500,0.0,0.0,-5.705105475694015,32.54822848879384
2018-05-04,TSLA,Tesla,18.86666679382324,19.790666580200195,18.634666442871097,19.606000900268555,19.606000900268555,128541000,0.0,0.0,3.3328408391726136,11.107828059256812
2018-05-07,TSLA,Tesla,19.833332061767575,20.3973331451416,19.67799949645996,20.184667587280273,20.184667587280273,130173000,0.0,0.0,2.9087598107581534,8.460883636681809
2018-05-08,TSLA,Tesla,20.053333282470703,20.516666412353516,19.933332443237305,20.131332397460938,20.131332397460938,88950000,0.0,0.0,-0.2645858763480469,0.07000568596286398
2018-05-09,TSLA,Tesla,20.027332305908203,20.46733283996582,20.003332138061523,20.456666946411133,20.456666946411133,85911000,0.0,0.0,1.6031414306226814,2.570062446578938
2018-05-10,TSLA,Tesla,20.5,20.86599922180176,20.27400016784668,20.334667205810547,20.334667205810547,84774000,0.0,0.0,-0.5981667768512261,0.35780349292858454
2018-05-11,TSLA,Tesla,20.51333236694336,20.59199905395508,19.93866729736328,20.070667266845703,20.070667266845703,70194000,0.0,0.0,-1.3067764405920592,1.7076646656864516
2018-05-14,TSLA,Tesla,20.221332550048828,20.32933235168457,19.441333770751953,19.46466636657715,19.46466636657715,109302000,0.0,0.0,-3.065856848862532,9.399478217717293
2018-05-15,TSLA,Tesla,19.000667572021484,19.13066673278809,18.700000762939453,18.94533348083496,18.94533348083496,142788000,0.0,0.0,-2.7043193851452125,7.3133433368721805
2018-05-16,TSLA,Tesla,18.92200088500977,19.253999710083008,18.770666122436523,19.09866714477539,19.09866714477539,85110000,0.0,0.0,0.8060902728221242,0.6497815279384466
2018-05-17,TSLA,Tesla,19.059999465942383,19.279333114624023,18.931333541870117,18.96933364868164,18.96933364868164,66309000,0.0,0.0,-0.6794892876662789,0.46170569205322715
2018-05-18,TSLA,Tesla,18.976667404174805,18.976667404174805,18.266666412353516,18.454666137695312,18.454666137695312,108778500,0.0,0.0,-2.750641104186075,7.566026484037991
2018-05-21,TSLA,Tesla,18.755332946777344,19.432666778564453,18.753332138061523,18.965999603271484,18.965999603271484,137739000,0.0,0.0,2.733063584059411,7.469636554511673
2018-05-22,TSLA,Tesla,19.18400001525879,19.200000762939453,18.22800064086914,18.333999633789062,18.333999633789062,134187000,0.0,0.0,-3.3890641978487257,11.485756137140026
2018-05-23,TSLA,Tesla,18.517332077026367,18.660667419433594,18.266666412353516,18.60466766357422,18.60466766357422,89776500,0.0,0.0,1.46552593259178,2.1477662590990065
2018-05-24,TSLA,Tesla,18.559999465942383,18.74066734313965,18.326000213623047,18.523332595825195,18.523332595825195,62650500,0.0,0.0,-0.438134008245393,0.1919614091811741
2018-05-25,TSLA,Tesla,18.5086669921875,18.642667770385746,18.374000549316406,18.59000015258789,18.59000015258789,58126500,0.0,0.0,0.35926511327837146,0.12907142161892107
2018-05-29,TSLA,Tesla,18.567333221435547,19.100000381469727,18.40999984741211,18.917333602905273,18.917333602905273,84999000,0.0,0.0,1.7454813671737468,3.0467052031507325
2018-05-30,TSLA,Tesla,18.88599967956543,19.667333602905273,18.773332595825195,19.447999954223633,19.447999954223633,112345500,0.0,0.0,2.7665611046886496,7.6538603459760814
2018-05-31,TSLA,Tesla,19.1473331451416,19.357999801635746,18.86199951171875,18.98200035095215,18.98200035095215,88795500,0.0,0.0,-2.425305446305791,5.882106507880531
2018-06-01,TSLA,Tesla,19.05733299255371,19.463333129882812,18.922666549682617,19.454666137695312,19.454666137695312,81366000,0.0,0.0,2.4595765346737455,6.04951672991771
2018-06-04,TSLA,Tesla,19.62266731262207,19.933332443237305,19.56999969482422,19.78266716003418,19.78266716003418,71967000,0.0,0.0,1.6719212816101785,2.795320771901022
2018-06-05,TSLA,Tesla,19.84666633605957,19.85333251953125,19.11599922180176,19.408666610717773,19.408666610717773,89928000,0.0,0.0,-1.9086459534572997,3.6429293756489245
2018-06-06,TSLA,Tesla,20.03333282470703,21.47800064086914,19.832000732421875,21.299999237060547,21.299999237060547,281509500,0.0,0.0,9.298733807137726,86.46645041600607
2018-06-07,TSLA,Tesla,21.07666778564453,22.0,20.905332565307617,21.07266616821289,21.07266616821289,215179500,0.0,0.0,-1.0730278490089475,1.1513887647487688
2018-06-08,TSLA,Tesla,21.266666412353516,21.631999969482425,21.143333435058594,21.17733383178711,21.17733383178711,123078000,0.0,0.0,0.4954692435399038,0.24548977129400448
2018-06-11,TSLA,Tesla,21.500667572021484,22.310667037963867,21.5,22.13999938964844,22.13999938964844,197752500,0.0,0.0,4.445444887073472,19.76198024400767
2018-06-12,TSLA,Tesla,22.979999542236328,23.6646671295166,22.53333282470703,22.851333618164062,22.851333618164062,335211000,0.0,0.0,3.1623579957868575,10.00050809351707
2018-06-13,TSLA,Tesla,23.11400032043457,23.14666748046875,22.65333366394043,22.985332489013672,22.985332489013672,142047000,0.0,0.0,0.5846814961109414,0.34185245189452884
2018-06-14,TSLA,Tesla,23.17533302307129,23.916667938232425,23.106666564941406,23.847999572753903,23.847999572753903,164715000,0.0,0.0,3.6844043828737996,13.574835656539664
2018-06-15,TSLA,Tesla,23.589332580566406,24.31133270263672,23.416667938232425,23.878000259399418,23.878000259399418,162724500,0.0,0.0,0.12572053263432,0.015805652325857122
2018-06-18,TSLA,Tesla,23.69333267211914,24.915332794189453,23.63333320617676,24.722000122070312,24.722000122070312,181098000,0.0,0.0,3.4735996616622904,12.06589460950038
2018-06-19,TSLA,Tesla,24.3439998626709,24.666667938232425,23.083332061767575,23.503332138061523,23.503332138061523,191428500,0.0,0.0,-5.055133619592977,25.55437591193919
2018-06-20,TSLA,Tesla,23.86933326721191,24.29199981689453,23.46666717529297,24.14800071716309,24.14800071716309,125755500,0.0,0.0,2.7059386425411525,7.322103937197455
2018-06-21,TSLA,Tesla,24.13333320617676,24.413999557495117,23.084667205810547,23.167333602905273,23.167333602905273,119506500,0.0,0.0,-4.14583385299643,17.18793833665122
2018-06-22,TSLA,Tesla,23.43600082397461,23.483333587646484,22.13333320617676,22.242000579833984,22.242000579833984,153991500,0.0,0.0,-4.07608326368912,16.61445477252655
2018-06-25,TSLA,Tesla,22.007999420166016,22.564666748046875,21.833332061767575,22.200666427612305,22.200666427612305,103969500,0.0,0.0,-0.18601117764972605,0.034600158210637944
2018-06-26,TSLA,Tesla,22.40333366394043,22.90333366394043,21.719999313354492,22.799999237060547,22.799999237060547,111787500,0.0,0.0,2.6638194808657567,7.095934226639909
2018-06-27,TSLA,Tesla,23.0,23.38599967956543,22.63333320617676,22.96666717529297,22.96666717529297,125005500,0.0,0.0,0.7283408999648192,0.5304804665615628
2018-06-28,TSLA,Tesla,23.243999481201172,23.801332473754883,23.073999404907227,23.32866668701172,23.32866668701172,125970000,0.0,0.0,1.5639022752901306,2.4457903266576473
2018-06-29,TSLA,Tesla,23.55533218383789,23.590667724609375,22.827333450317383,22.86333274841309,22.86333274841309,97386000,0.0,0.0,-2.0148496990899356,4.059619309922804
2018-07-02,TSLA,Tesla,24.004667282104492,24.318666458129883,21.989999771118164,22.33799934387207,22.33799934387207,281397000,0.0,0.0,-2.324520251387864,5.403394399112298
2018-07-03,TSLA,Tesla,22.11666679382324,22.166000366210938,20.645999908447266,20.724000930786133,20.724000930786133,184239000,0.0,0.0,-7.49967408799285,56.245111426111386
2018-07-05,TSLA,Tesla,20.917333602905273,20.959333419799805,19.74799919128418,20.610666275024418,20.610666275024418,262146000,0.0,0.0,-0.5483771731441456,0.30071752402556423
2018-07-06,TSLA,Tesla,20.329999923706055,20.80466651916504,20.13333320617676,20.593332290649418,20.593332290649418,132982500,0.0,0.0,-0.08413739443247262,0.007079101141885474
2018-07-09,TSLA,Tesla,20.799333572387695,21.23466682434082,20.53333282470703,21.233999252319336,21.233999252319336,113952000,0.0,0.0,3.0636287189681286,9.385820927686296
2018-07-10,TSLA,Tesla,21.63733291625977,21.84533309936523,21.280000686645508,21.49799919128418,21.49799919128418,142072500,0.0,0.0,1.235623455278624,1.5267653232346858
2018-07-11,TSLA,Tesla,21.053333282470703,21.46266746520996,21.004667282104492,21.263999938964844,21.263999938964844,73261500,0.0,0.0,-1.0944370832144497,1.1977925291149523
2018-07-12,TSLA,Tesla,21.428667068481445,21.548667907714844,20.851333618164062,21.11400032043457,21.11400032043457,85818000,0.0,0.0,-0.7079156356632035,0.5011445472164374
2018-07-13,TSLA,Tesla,21.038667678833008,21.30533218383789,20.61666679382324,21.257999420166016,21.257999420166016,88047000,0.0,0.0,0.6796925091447165,0.46198190698744046
2018-07-16,TSLA,Tesla,20.78066635131836,21.01066780090332,20.416667938232425,20.67333221435547,20.67333221435547,117280500,0.0,0.0,-2.7888696957791366,7.7777941800352135
2018-07-17,TSLA,Tesla,20.58733367919922,21.64933204650879,20.566667556762695,21.512666702270508,21.512666702270508,104943000,0.0,0.0,3.979733971876515,15.838282486908021
2018-07-18,TSLA,Tesla,21.666667938232425,21.700000762939453,21.083332061767575,21.59000015258789,21.59000015258789,84363000,0.0,0.0,0.3588340997915393,0.12876191117320437
2018-07-19,TSLA,Tesla,21.088666915893555,21.569332122802734,20.93400001525879,21.34866714477539,21.34866714477539,88729500,0.0,0.0,-1.1240942684509223,1.263587924364214
2018-07-20,TSLA,Tesla,21.415332794189453,21.549333572387695,20.78066635131836,20.905332565307617,20.905332565307617,77433000,0.0,0.0,-2.098503581790621,4.403717282788065
2018-07-23,TSLA,Tesla,20.12266731262207,20.36666679382324,19.52400016784668,20.213333129882812,20.213333129882812,164893500,0.0,0.0,-3.366183049098457,11.331188320037784
2018-07-24,TSLA,Tesla,20.294666290283203,20.514667510986328,19.503332138061523,19.82866668701172,19.82866668701172,143862000,0.0,0.0,-1.9213739494976383,3.691677853808153
2018-07-25,TSLA,Tesla,19.78266716003418,20.641332626342773,19.63333320617676,20.582666397094727,20.582666397094727,106131000,0.0,0.0,3.7320581448582706,13.928257996602957
2018-07-26,TSLA,Tesla,20.323333740234375,20.713333129882812,20.242666244506836,20.44333267211914,20.44333267211914,69457500,0.0,0.0,-0.6792485928422634,0.46137865087819485
2018-07-27,TSLA,Tesla,20.483333587646484,20.512666702270508,19.689332962036133,19.812000274658203,19.812000274658203,85549500,0.0,0.0,-3.136897003681015,9.84012281170293
2018-07-30,TSLA,Tesla,19.726667404174805,19.739999771118164,19.07533264160156,19.344667434692383,19.344667434692383,102211500,0.0,0.0,-2.3871031864305166,5.698261622666726
2018-07-31,TSLA,Tesla,19.483333587646484,19.88800048828125,19.271333694458008,19.875999450683594,19.875999450683594,76153500,0.0,0.0,2.70961493779925,7.3420131111448335
2018-08-01,TSLA,Tesla,19.86599922180176,20.200000762939453,19.53333282470703,20.055999755859375,20.055999755859375,151941000,0.0,0.0,0.9015402580142124,0.8127748368203328
2018-08-02,TSLA,Tesla,21.895999908447266,23.332666397094727,21.54400062561035,23.30266761779785,23.30266761779785,348225000,0.0,0.0,15.003949536936839,225.11850170694717
2018-08-03,TSLA,Tesla,23.187332153320312,23.666667938232425,22.8353328704834,23.211332321166992,23.211332321166992,204847500,0.0,0.0,-0.39272225196694804,0.154230767189991
2018-08-06,TSLA,Tesla,23.03066635131836,23.665332794189453,22.788000106811523,22.799333572387695,22.799333572387695,128464500,0.0,0.0,-1.790931528077431,3.2074357382617618
2018-08-07,TSLA,Tesla,22.922666549682617,25.83066749572754,22.61000061035156,25.30466651916504,25.30466651916504,463137000,0.0,0.0,10.425751987100245,108.6963044965247
2018-08-08,TSLA,Tesla,24.606000900268555,25.50933265686035,24.474666595458984,24.689332962036133,24.689332962036133,368568000,0.0,0.0,-2.461753965428242,6.060232586301675
2018-08-09,TSLA,Tesla,24.3700008392334,24.46733283996582,23.048667907714844,23.496667861938477,23.496667861938477,257757000,0.0,0.0,-4.9512668481170845,24.515043401263288
2018-08-10,TSLA,Tesla,23.600000381469727,24.0,23.066667556762695,23.69933319091797,23.69933319091797,173280000,0.0,0.0,0.8588294353453393,0.7375879990155944
2018-08-13,TSLA,Tesla,24.07533264160156,24.21266746520996,23.26799964904785,23.76066780090332,23.76066780090332,156958500,0.0,0.0,0.25846878571272414,0.06680611318781011
2018-08-14,TSLA,Tesla,23.89666748046875,23.946666717529297,23.13999938964844,23.176000595092773,23.176000595092773,104796000,0.0,0.0,-2.4914314053937745,6.207230447782399
2018-08-15,TSLA,Tesla,22.79400062561035,22.965999603271484,22.142667770385746,22.57933235168457,22.57933235168457,136519500,0.0,0.0,-2.6082295987135886,6.802861639605648
2018-08-16,TSLA,Tesla,22.660667419433594,22.818666458129883,22.254667282104492,22.36333274841309,22.36333274841309,90960000,0.0,0.0,-0.9612303405664177,0.9239637676254313
2018-08-17,TSLA,Tesla,21.566667556762695,21.784666061401367,20.235332489013672,20.36666679382324,20.36666679382324,284379000,0.0,0.0,-9.352310299855523,87.4657079447837
2018-08-20,TSLA,Tesla,19.446666717529297,20.566667556762695,19.213333129882812,20.562667846679688,20.562667846679688,261034500,0.0,0.0,0.9577607495927778,0.9173056534605196
2018-08-21,TSLA,Tesla,20.707332611083984,21.652666091918945,20.600000381469727,21.459999084472656,21.459999084472656,197583000,0.0,0.0,4.271350329177862,18.24443363456783
2018-08-22,TSLA,Tesla,21.391332626342773,21.59199905395508,20.97800064086914,21.44266700744629,21.44266700744629,89190000,0.0,0.0,-0.08079720701797334,0.0065281886619052406
2018-08-23,TSLA,Tesla,21.275999069213867,21.821332931518555,21.206666946411133,21.34000015258789,21.34000015258789,77209500,0.0,0.0,-0.47994694464031623,0.23034906966957477
2018-08-24,TSLA,Tesla,21.3799991607666,21.59000015258789,21.293333053588867,21.521333694458008,21.521333694458008,54039000,0.0,0.0,0.8461454998839912,0.7159622069739294
2018-08-27,TSLA,Tesla,21.200000762939453,21.496000289916992,20.58733367919922,21.284666061401367,21.284666061401367,196189500,0.0,0.0,-1.1057797782740284,1.2227489180397595
2018-08-28,TSLA,Tesla,21.227333068847656,21.2586669921875,20.746000289916992,20.790666580200195,20.790666580200195,114736500,0.0,0.0,-2.34827463444085,5.514393758758308
2018-08-29,TSLA,Tesla,20.684667587280273,20.790000915527344,20.246000289916992,20.333999633789062,20.333999633789062,111711000,0.0,0.0,-2.220982005243565,4.9327610676157265
2018-08-30,TSLA,Tesla,20.15066719055176,20.30666732788086,19.847999572753903,20.209999084472656,20.209999084472656,108250500,0.0,0.0,-0.6116857728366765,0.3741594846908022
2018-08-31,TSLA,Tesla,20.13333320617676,20.354000091552734,19.906667709350582,20.110666275024418,20.110666275024418,80626500,0.0,0.0,-0.49271513512772847,0.24276820438393573
2018-09-04,TSLA,Tesla,19.79599952697754,19.87933349609375,19.200000762939453,19.26333236694336,19.26333236694336,125257500,0.0,0.0,-4.304692326929454,18.53037602952532
2018-09-05,TSLA,Tesla,19.003332138061523,19.118667602539062,18.478666305541992,18.715999603271484,18.715999603271484,115812000,0.0,0.0,-2.8824659687569287,8.30861006104182
2018-09-06,TSLA,Tesla,18.98666763305664,19.411333084106445,18.59199905395508,18.729999542236328,18.729999542236328,112212000,0.0,0.0,0.07477402091871391,0.005591154204352265
2018-09-07,TSLA,Tesla,17.34000015258789,17.889999389648438,16.816667556762695,17.549333572387695,17.549333572387695,337378500,0.0,0.0,-6.5110515908308075,42.39379281846039
2018-09-10,TSLA,Tesla,18.21733283996582,19.068666458129883,18.066667556762695,19.03333282470703,19.03333282470703,214252500,0.0,0.0,8.117582516337455,65.89514590954752
2018-09-11,TSLA,Tesla,18.631332397460938,18.799999237060547,18.23666763305664,18.62933349609375,18.62933349609375,137550000,0.0,0.0,-2.145439313778341,4.6029098491056795
2018-09-12,TSLA,Tesla,18.762666702270508,19.5,18.57666778564453,19.36933326721191,19.36933326721191,150231000,0.0,0.0,3.895364779566242,15.173866765885158
2018-09-13,TSLA,Tesla,19.201332092285156,19.666667938232425,19.011999130249023,19.297332763671875,19.297332763671875,95104500,0.0,0.0,-0.3724168341778893,0.13869429837908148
2018-09-14,TSLA,Tesla,19.250667572021484,19.82200050354004,19.101333618164062,19.68000030517578,19.68000030517578,101484000,0.0,0.0,1.9636019543975154,3.855732635313742
2018-09-17,TSLA,Tesla,19.336000442504883,20.058000564575195,19.208667755126953,19.6560001373291,19.6560001373291,103314000,0.0,0.0,-0.12202649255036756,0.01489046488414491
2018-09-18,TSLA,Tesla,19.779333114624023,20.176000595092773,18.36666679382324,18.997333526611328,18.997333526611328,248212500,0.0,0.0,-3.4084013592407656,11.617199825674298
2018-09-19,TSLA,Tesla,18.700666427612305,20.0,18.700000762939453,19.934667587280273,19.934667587280273,124423500,0.0,0.0,4.816167725201527,23.195471557272853
2018-09-20,TSLA,Tesla,20.237333297729492,20.398666381835938,19.55533218383789,19.8886661529541,19.8886661529541,110241000,0.0,0.0,-0.23102764367654155,0.053373772142735046
2018-09-21,TSLA,Tesla,19.84666633605957,20.038667678833008,19.691333770751953,19.940000534057617,19.940000534057617,75757500,0.0,0.0,0.25777618885772796,0.06644856354201503
2018-09-24,TSLA,Tesla,19.898666381835938,20.200000762939453,19.57200050354004,19.978666305541992,19.978666305541992,72645000,0.0,0.0,0.19372282011314348,0.03752853103258935
2018-09-25,TSLA,Tesla,20.0,20.30666732788086,19.766666412353516,20.06599998474121,20.06599998474121,67225500,0.0,0.0,0.4361820224937156,0.19025475674670825
2018-09-26,TSLA,Tesla,20.12733268737793,20.926000595092773,20.073999404907227,20.6386661529541,20.6386661529541,117648000,0.0,0.0,2.81394744097475,7.918300200568343
2018-09-27,TSLA,Tesla,20.86000061035156,20.997333526611328,20.46066665649414,20.501333236694336,20.501333236694336,127636500,0.0,0.0,-0.6676394186811727,0.4457423933769342
2018-09-28,TSLA,Tesla,18.017332077026367,18.53333282470703,17.37066650390625,17.65133285522461,17.65133285522461,504745500,0.0,0.0,-14.967862356105288,224.03690351131374
2018-10-01,TSLA,Tesla,20.384666442871097,20.762666702270508,20.06999969482422,20.713333129882812,20.713333129882812,326664000,0.0,0.0,15.996630906971687,255.89220037388182
2018-10-02,TSLA,Tesla,20.93000030517578,21.12266731262207,19.94333267211914,20.06800079345703,20.06800079345703,176152500,0.0,0.0,-3.165105931416401,10.017895557087282
2018-10-03,TSLA,Tesla,20.222000122070312,20.30666732788086,19.437999725341797,19.65333366394043,19.65333366394043,119925000,0.0,0.0,-2.0879570125520366,4.359564486265225
2018-10-04,TSLA,Tesla,19.59666633605957,19.600000381469727,18.511333465576172,18.788667678833008,18.788667678833008,147213000,0.0,0.0,-4.499307098653701,20.243764367995585
2018-10-05,TSLA,Tesla,18.309999465942383,18.32533264160156,17.333332061767578,17.463333129882812,17.463333129882812,269167500,0.0,0.0,-7.315047194650469,53.50991545996369
2018-10-08,TSLA,Tesla,17.634666442871094,17.85066795349121,16.600000381469727,16.70400047302246,16.70400047302246,202090500,0.0,0.0,-4.44551930837214,19.762641921109513
2018-10-09,TSLA,Tesla,17.016666412353516,17.784666061401367,16.886667251586914,17.520000457763672,17.520000457763672,180909000,0.0,0.0,4.7694871618165156,22.74800778673256
2018-10-10,TSLA,Tesla,17.640666961669922,17.700666427612305,16.51799964904785,17.125333786010742,17.125333786010742,192229500,0.0,0.0,-2.2784236524057597,5.191214339842002
2018-10-11,TSLA,Tesla,17.16866683959961,17.483333587646484,16.601999282836914,16.815332412719727,16.815332412719727,122515500,0.0,0.0,-1.8267761294738936,3.3371110272156197
2018-10-12,TSLA,Tesla,17.399999618530273,17.465999603271484,16.80066680908203,17.25200080871582,17.25200080871582,108021000,0.0,0.0,2.5637011844725324,6.572563763265865
2018-10-15,TSLA,Tesla,17.270666122436523,17.552000045776367,16.96933364868164,17.305999755859375,17.305999755859375,93000000,0.0,0.0,0.31251224150275825,0.0976639010890783
2018-10-16,TSLA,Tesla,17.713333129882812,18.492000579833984,17.482667922973633,18.439332962036133,18.439332962036133,142896000,0.0,0.0,6.343279597153639,40.237196047665634
2018-10-17,TSLA,Tesla,18.82666778564453,18.84666633605957,17.719999313354492,18.118667602539062,18.118667602539062,129832500,0.0,0.0,-1.7543278006273537,3.077666032054008
2018-10-18,TSLA,Tesla,17.952667236328125,18.066667556762695,17.53333282470703,17.5939998626709,17.5939998626709,81318000,0.0,0.0,-2.938483901749577,8.634687640841417
2018-10-19,TSLA,Tesla,17.826000213623047,17.977333068847656,16.899999618530273,17.333332061767578,17.333332061767578,140632500,0.0,0.0,-1.4926570471279743,2.2280250603408036
2018-10-22,TSLA,Tesla,17.3786678314209,17.457332611083984,16.839332580566406,17.39666748046875,17.39666748046875,84004500,0.0,0.0,0.3647307212655036,0.13302849903485447
2018-10-23,TSLA,Tesla,17.591333389282227,19.86199951171875,17.47333335876465,19.60933303833008,19.60933303833008,285417000,0.0,0.0,11.972696455952777,143.3454604263842
2018-10-24,TSLA,Tesla,20.06999969482422,20.29599952697754,19.048667907714844,19.233333587646484,19.233333587646484,300874500,0.0,0.0,-1.9360730257469994,3.7483787610251413
2018-10-25,TSLA,Tesla,21.14800071716309,21.399999618530273,20.067333221435547,20.99066734313965,20.99066734313965,312610500,0.0,0.0,8.74330286431297,76.44534497710337
2018-10-26,TSLA,Tesla,20.549999237060547,22.65999984741211,20.44333267211914,22.059999465942383,22.059999465942383,411382500,0.0,0.0,4.968806290444062,24.689035951956484
2018-10-29,TSLA,Tesla,22.49799919128418,23.143999099731445,21.766666412353516,22.323333740234375,22.323333740234375,217290000,0.0,0.0,1.186649786542498,1.4081377159013562
2018-10-30,TSLA,Tesla,21.892667770385746,22.52666664123535,21.483999252319336,21.99333381652832,21.99333381652832,136900500,0.0,0.0,-1.4893088379068697,2.218040814667511
2018-10-31,TSLA,Tesla,22.16933250427246,22.799999237060547,21.940000534057617,22.488000869750977,22.488000869750977,114364500,0.0,0.0,2.224247317806466,4.947276130769259
2018-11-01,TSLA,Tesla,22.55066680908203,23.189332962036133,22.315332412719727,22.95199966430664,22.95199966430664,120001500,0.0,0.0,2.0423191772720273,4.171067621853091
2018-11-02,TSLA,Tesla,22.916000366210938,23.280000686645508,22.727333068847656,23.0939998626709,23.0939998626709,117120000,0.0,0.0,0.6167773529960309,0.3804143031687905
2018-11-05,TSLA,Tesla,22.700000762939453,22.930667877197266,22.00933265686035,22.760000228881836,22.760000228881836,117465000,0.0,0.0,-1.4568218268686943,2.12232983524104
2018-11-06,TSLA,Tesla,22.60466766357422,23.253332138061523,22.4060001373291,22.737333297729492,22.737333297729492,101443500,0.0,0.0,-0.09964070977674597,0.00992827104481372
2018-11-07,TSLA,Tesla,22.889333724975582,23.41200065612793,22.719999313354492,23.21066665649414,23.21066665649414,110617500,0.0,0.0,2.0603730470361388,4.245137092952983
2018-11-08,TSLA,Tesla,23.233333587646484,23.838666915893555,23.229333877563477,23.426666259765625,23.426666259765625,106360500,0.0,0.0,0.9263014594603545,0.8580343937983828
2018-11-09,TSLA,Tesla,23.266666412353516,23.600000381469727,23.01533317565918,23.367332458496097,23.367332458496097,76482000,0.0,0.0,-0.2535959084205347,0.06431088476763622
2018-11-12,TSLA,Tesla,23.224666595458984,23.318666458129883,22.022666931152344,22.0853328704834,22.0853328704834,104122500,0.0,0.0,-5.642528101968456,31.83812338150375
2018-11-13,TSLA,Tesla,22.21066665649414,22.979999542236328,22.14666748046875,22.582000732421875,22.582000732421875,81729000,0.0,0.0,2.223944401445246,4.945928700719653
2018-11-14,TSLA,Tesla,22.84666633605957,23.14066696166992,22.476667404174805,22.933332443237305,22.933332443237305,75604500,0.0,0.0,1.5438256266650938,2.38339756554787
2018-11-15,TSLA,Tesla,22.82200050354004,23.238666534423828,22.6026668548584,23.229333877563477,23.229333877563477,69385500,0.0,0.0,1.2824453818193815,1.644666157349859
2018-11-16,TSLA,Tesla,23.012666702270508,23.713333129882812,23.007999420166016,23.62066650390625,23.62066650390625,108093000,0.0,0.0,1.6706156871619815,2.7909567741916996
2018-11-19,TSLA,Tesla,23.756000518798828,24.450000762939453,23.525333404541016,23.564666748046875,23.564666748046875,145633500,0.0,0.0,-0.23736096914838217,0.056340229675059236
2018-11-20,TSLA,Tesla,22.78333282470703,23.31999969482422,22.23666763305664,23.166000366210938,23.166000366210938,120070500,0.0,0.0,-1.7062716138914933,2.911362820371881
2018-11-21,TSLA,Tesla,23.46666717529297,23.540000915527344,22.49333381652832,22.54599952697754,22.54599952697754,70302000,0.0,0.0,-2.712805667626346,7.359314590305625
2018-11-23,TSLA,Tesla,22.290000915527344,22.5,21.703332901000977,21.722000122070312,21.722000122070312,63039000,0.0,0.0,-3.7232068164504986,13.862268998063456
2018-11-26,TSLA,Tesla,21.666667938232425,23.08133316040039,21.666667938232425,23.066667556762695,23.066667556762695,119881500,0.0,0.0,6.006303506598468,36.07568181337705
2018-11-27,TSLA,Tesla,22.670000076293945,23.13066673278809,22.36666679382324,22.92799949645996,22.92799949645996,95374500,0.0,0.0,-0.6029763419470863,0.36358046894788953
2018-11-28,TSLA,Tesla,23.06599998474121,23.218666076660156,22.81399917602539,23.191333770751953,23.191333770751953,61914000,0.0,0.0,1.1419815399028606,1.3041218374789088
2018-11-29,TSLA,Tesla,23.13333320617676,23.166667938232425,22.63666725158691,22.744667053222656,22.744667053222656,46210500,0.0,0.0,-1.9447961848597501,3.7822322006450393
2018-11-30,TSLA,Tesla,22.788667678833008,23.440000534057617,22.55066680908203,23.365333557128903,23.365333557128903,84436500,0.0,0.0,2.6922749307084133,7.248344302520992
2018-12-03,TSLA,Tesla,24.0,24.399999618530273,23.46666717529297,23.89933204650879,23.89933204650879,124597500,0.0,0.0,2.2597058720560135,5.106270628204428
2018-12-04,TSLA,Tesla,23.73666763305664,24.57866668701172,23.46666717529297,23.979999542236328,23.979999542236328,126928500,0.0,0.0,0.3369619807877731,0.11354337649641957
2018-12-06,TSLA,Tesla,23.733999252319336,24.492000579833984,23.38400077819824,24.20400047302246,24.20400047302246,117637500,0.0,0.0,0.9297797793253366,0.8644904380422717
2018-12-07,TSLA,Tesla,24.600000381469727,25.299333572387695,23.843332290649418,23.864667892456055,23.864667892456055,172668000,0.0,0.0,-1.4118894034547644,1.9934316875878506
2018-12-10,TSLA,Tesla,24.0,24.398666381835938,23.541332244873047,24.343332290649418,24.343332290649418,99202500,0.0,0.0,1.985894986280649,3.943778896534619
2018-12-11,TSLA,Tesla,24.660667419433594,24.81133270263672,24.01533317565918,24.450666427612305,24.450666427612305,94632000,0.0,0.0,0.43994881709957073,0.19355496166731154
2018-12-12,TSLA,Tesla,24.628000259399418,24.79400062561035,24.3439998626709,24.440000534057617,24.440000534057617,75405000,0.0,0.0,-0.043631614730297,0.0019037178039730703
2018-12-13,TSLA,Tesla,24.676666259765625,25.16266632080078,24.450000762939453,25.11933326721191,25.11933326721191,110488500,0.0,0.0,2.741664318222241,7.5167232338130265
2018-12-14,TSLA,Tesla,25.0,25.191333770751953,24.288667678833008,24.38066673278809,24.38066673278809,95064000,0.0,0.0,-2.984732812793832,8.90862996376818
2018-12-17,TSLA,Tesla,24.13333320617676,24.3799991607666,22.92533302307129,23.22800064086914,23.22800064086914,115110000,0.0,0.0,-4.843199610928875,23.456582471301605
2018-12-18,TSLA,Tesla,23.36933326721191,23.43666648864746,22.246000289916992,22.468666076660156,22.468666076660156,106500000,0.0,0.0,-3.323675529970304,11.04681902852338
2018-12-19,TSLA,Tesla,22.50666618347168,23.13400077819824,21.982667922973633,22.197999954223633,22.197999954223633,124113000,0.0,0.0,-1.2119527132867662,1.4688293792431546
2018-12-20,TSLA,Tesla,21.803333282470703,22.019332885742188,20.791332244873047,21.025333404541016,21.025333404541016,136078500,0.0,0.0,-5.427412940561634,29.456811227375887
2018-12-21,TSLA,Tesla,21.15999984741211,21.564666748046875,20.82933235168457,21.31800079345703,21.31800079345703,120252000,0.0,0.0,1.3823760225007449,1.9109634675849798
2018-12-24,TSLA,Tesla,20.899999618530273,20.96666717529297,19.68000030517578,19.69266700744629,19.69266700744629,83398500,0.0,0.0,-7.930549016355178,62.893607700812076
2018-12-26,TSLA,Tesla,20.0,21.79800033569336,19.606000900268555,21.73933219909668,21.73933219909668,122446500,0.0,0.0,9.887683028497694,97.76627567204133
2018-12-27,TSLA,Tesla,21.32266616821289,21.47800064086914,20.100000381469727,21.07533264160156,21.07533264160156,128626500,0.0,0.0,-3.101987613917527,9.622327156897752
2018-12-28,TSLA,Tesla,21.540000915527344,22.416000366210938,21.227333068847656,22.257999420166016,22.257999420166016,149085000,0.0,0.0,5.459818103140089,29.809613719376237
2018-12-31,TSLA,Tesla,22.519332885742188,22.61400032043457,21.68400001525879,22.18666648864746,22.18666648864746,94534500,0.0,0.0,-0.3209968679503924,0.10303898923396165
2019-01-02,TSLA,Tesla,20.406667709350582,21.0086669921875,19.920000076293945,20.67466735839844,20.67466735839844,174879000,0.0,0.0,-7.058234811465275,49.818678653780246
2019-01-03,TSLA,Tesla,20.46666717529297,20.62666702270508,19.82533264160156,20.02400016784668,20.02400016784668,104478000,0.0,0.0,-3.1977589194740155,10.225662107075623
2019-01-04,TSLA,Tesla,20.399999618530273,21.200000762939453,20.18199920654297,21.179332733154297,21.179332733154297,110911500,0.0,0.0,5.60942725927254,31.465674177069836
2019-01-07,TSLA,Tesla,21.447999954223633,22.44933319091797,21.183332443237305,22.33066749572754,22.33066749572754,113268000,0.0,0.0,5.293512263076508,28.021272079341372
2019-01-08,TSLA,Tesla,22.797332763671875,22.93400001525879,21.801332473754883,22.356666564941406,22.356666564941406,105127500,0.0,0.0,0.11635991581888279,0.013539630009377489
2019-01-09,TSLA,Tesla,22.36666679382324,22.899999618530273,22.097999572753903,22.568666458129883,22.568666458129883,81493500,0.0,0.0,0.9437947481978802,0.8907485267259001
2019-01-10,TSLA,Tesla,22.293333053588867,23.025999069213867,22.11933326721191,22.99799919128418,22.99799919128418,90846000,0.0,0.0,1.8844716086450743,3.5512332437893543
2019-01-11,TSLA,Tesla,22.805999755859375,23.227333068847656,22.584667205810547,23.15066719055176,23.15066719055176,75586500,0.0,0.0,0.661637998129815,0.43776484056922915
2019-01-14,TSLA,Tesla,22.82533264160156,22.833332061767575,22.266666412353516,22.293333053588867,22.293333053588867,78709500,0.0,0.0,-3.7735932883165346,14.240006305627597
2019-01-15,TSLA,Tesla,22.333332061767575,23.253332138061523,22.299999237060547,22.961999893188477,22.961999893188477,90849000,0.0,0.0,2.955300345996543,8.733800135047286
2019-01-16,TSLA,Tesla,22.985332489013672,23.46666717529297,22.899999618530273,23.06999969482422,23.06999969482422,70375500,0.0,0.0,0.469238793745434,0.22018504555566992
2019-01-17,TSLA,Tesla,23.08066749572754,23.433332443237305,22.94333267211914,23.15399932861328,23.15399932861328,55150500,0.0,0.0,0.3634463829550445,0.13209327328310486
2019-01-18,TSLA,Tesla,21.53333282470703,21.808666229248047,19.98200035095215,20.15066719055176,20.15066719055176,362262000,0.0,0.0,-13.893012374879603,193.0157928485578
2019-01-22,TSLA,Tesla,20.321332931518555,20.53333282470703,19.700000762939453,19.92799949645996,19.92799949645996,181000500,0.0,0.0,-1.1111646346251998,1.2346868452417536
2019-01-23,TSLA,Tesla,19.5,19.63333320617676,18.779333114624023,19.172666549682617,19.172666549682617,187950000,0.0,0.0,-3.864010516794837,14.930577273901104
2019-01-24,TSLA,Tesla,18.868667602539062,19.57866668701172,18.618667602539062,19.43400001525879,19.43400001525879,120183000,0.0,0.0,1.353846267844261,1.8328997169558348
2019-01-25,TSLA,Tesla,19.625999450683594,19.90133285522461,19.303333282470703,19.80266761779785,19.80266761779785,108744000,0.0,0.0,1.8792546594666422,3.5315980751270852
2019-01-28,TSLA,Tesla,19.527332305908203,19.83066749572754,19.183332443237305,19.7586669921875,19.7586669921875,96349500,0.0,0.0,-0.22244266624129588,0.049480739764536555
2019-01-29,TSLA,Tesla,19.684667587280273,19.90399932861328,19.453332901000977,19.83066749572754,19.83066749572754,69325500,0.0,0.0,0.36373727345903617,0.13230480410341366
2019-01-30,TSLA,Tesla,20.030000686645508,20.600000381469727,19.89933204650879,20.584667205810547,20.584667205810547,168754500,0.0,0.0,3.7316885392228953,13.925499353767506
2019-01-31,TSLA,Tesla,20.066667556762695,20.770666122436523,19.600000381469727,20.468000411987305,20.468000411987305,188538000,0.0,0.0,-0.5683777190272844,0.32305323148665865
2019-02-01,TSLA,Tesla,20.3613338470459,21.073333740234375,20.233333587646484,20.81399917602539,20.81399917602539,109251000,0.0,0.0,1.6763086556941698,2.8100107091551947
2019-02-04,TSLA,Tesla,20.865333557128903,21.020000457763672,20.125333786010746,20.85933303833008,20.85933303833008,110281500,0.0,0.0,0.21756781989070909,0.04733575625199603
2019-02-05,TSLA,Tesla,20.832666397094727,21.496000289916992,20.816667556762695,21.42333221435547,21.42333221435547,101142000,0.0,0.0,2.6679142656293395,7.117766528748538
2019-02-06,TSLA,Tesla,21.305999755859375,21.61599922180176,21.041332244873047,21.14800071716309,21.14800071716309,75577500,0.0,0.0,-1.2935246198518717,1.6732059421629293
2019-02-07,TSLA,Tesla,20.88666725158691,20.979999542236328,20.200000762939453,20.500667572021484,20.500667572021484,97809000,0.0,0.0,-3.1087922181826393,9.664589055832934
2019-02-08,TSLA,Tesla,20.455333709716797,20.496667861938477,19.899999618530273,20.38666725158691,20.38666725158691,87663000,0.0,0.0,-0.5576329018939021,0.3109544532746143
2019-02-11,TSLA,Tesla,20.773332595825195,21.239999771118164,20.700000762939453,20.856000900268555,20.856000900268555,106945500,0.0,0.0,2.276059871306088,5.180448537769885
2019-02-12,TSLA,Tesla,21.079999923706055,21.21266746520996,20.641332626342773,20.78733253479004,20.78733253479004,82764000,0.0,0.0,-0.3297931363925525,0.10876351281163672
2019-02-13,TSLA,Tesla,20.823333740234375,20.850000381469727,20.3713321685791,20.544666290283203,20.544666290283203,77124000,0.0,0.0,-1.1742429097439224,1.3788464110838736
2019-02-14,TSLA,Tesla,20.225332260131836,20.451332092285156,20.066667556762695,20.251333236694336,20.251333236694336,78012000,0.0,0.0,-1.438072910139189,2.0680536948761956
2019-02-15,TSLA,Tesla,20.299999237060547,20.53333282470703,20.260000228881836,20.525333404541016,20.525333404541016,58573500,0.0,0.0,1.3439268798795676,1.8061394584628296
2019-02-19,TSLA,Tesla,20.437332153320312,20.769332885742188,20.364667892456055,20.375999450683594,20.375999450683594,62526000,0.0,0.0,-0.7302188315000657,0.5332195418773213
2019-02-20,TSLA,Tesla,20.29400062561035,20.420000076293945,19.933332443237305,20.17066764831543,20.17066764831543,107131500,0.0,0.0,-1.01282582430829,1.025816150385767
2019-02-21,TSLA,Tesla,20.12066650390625,20.215999603271484,19.36666679382324,19.415332794189453,19.415332794189453,133638000,0.0,0.0,-3.8166348352112056,14.566701465347666
2019-02-22,TSLA,Tesla,19.632667541503903,19.766666412353516,19.47333335876465,19.6473331451416,19.6473331451416,86109000,0.0,0.0,1.1878507177307875,1.410989327613547
2019-02-25,TSLA,Tesla,19.860666275024418,20.19333267211914,19.799999237060547,19.917999267578125,19.917999267578125,99397500,0.0,0.0,1.3682197437311698,1.872025267135788
2019-02-26,TSLA,Tesla,19.481332778930664,20.13400077819824,19.251333236694336,19.857332229614254,19.857332229614254,128737500,0.0,0.0,-0.3050487964520813,0.09305476821686332
2019-02-27,TSLA,Tesla,20.118667602539062,21.086666107177734,20.036666870117188,20.982667922973633,20.982667922973633,167758500,0.0,0.0,5.512343917099931,30.38593546038861
2019-02-28,TSLA,Tesla,21.261333465576172,21.333332061767575,20.720666885375977,21.32533264160156,21.32533264160156,157810500,0.0,0.0,1.619893198032066,2.6240539730305543
2019-03-01,TSLA,Tesla,20.46266746520996,20.475332260131836,19.459999084472656,19.652666091918945,19.652666091918945,343671000,0.0,0.0,-8.168268383461422,66.72060838425547
2019-03-04,TSLA,Tesla,19.874666213989254,19.933332443237305,18.85199928283691,19.02400016784668,19.02400016784668,256452000,0.0,0.0,-3.251165931845648,10.570079916393782
2019-03-05,TSLA,Tesla,18.799999237060547,18.933332443237305,18.00666618347168,18.43600082397461,18.43600082397461,281470500,0.0,0.0,-3.1396029219271773,9.857106507373668
2019-03-06,TSLA,Tesla,18.43199920654297,18.767332077026367,18.292667388916016,18.416000366210938,18.416000366210938,155032500,0.0,0.0,-0.1085447687041993,0.011781966813048123
2019-03-07,TSLA,Tesla,18.589332580566406,18.979999542236328,18.28333282470703,18.439332962036133,18.439332962036133,141637500,0.0,0.0,0.12661721837979228,0.01603191999023601
2019-03-08,TSLA,Tesla,18.46066665649414,19.03933334350586,18.392667770385746,18.94266700744629,18.94266700744629,132294000,0.0,0.0,2.693084728297493,7.252705353789181
2019-03-11,TSLA,Tesla,18.90133285522461,19.41866683959961,18.700000762939453,19.39466667175293,19.39466667175293,110884500,0.0,0.0,2.358122311460422,5.560740835807445
2019-03-12,TSLA,Tesla,19.09933280944824,19.204666137695312,18.737333297729492,18.89066696166992,18.89066696166992,112561500,0.0,0.0,-2.6330125897717833,6.932755297896714
2019-03-13,TSLA,Tesla,18.926666259765625,19.465999603271484,18.84666633605957,19.263999938964844,19.263999938964844,102670500,0.0,0.0,1.957007740939458,3.8298792980969605
2019-03-14,TSLA,Tesla,19.496667861938477,19.69266700744629,19.21933364868164,19.33066749572754,19.33066749572754,106551000,0.0,0.0,0.3454758260783156,0.11935354640449458
2019-03-15,TSLA,Tesla,18.90066719055176,18.9146671295166,18.293333053588867,18.36199951171875,18.36199951171875,221782500,0.0,0.0,-5.140953908927528,26.429407093717227
2019-03-18,TSLA,Tesla,18.399999618530273,18.536666870117188,17.81999969482422,17.965999603271484,17.965999603271484,154215000,0.0,0.0,-2.180222440473452,4.7533698899440155
2019-03-19,TSLA,Tesla,17.833332061767578,18.219999313354492,17.56399917602539,17.83133316040039,17.83133316040039,177009000,0.0,0.0,-0.7523861011181039,0.5660848451557017
2019-03-20,TSLA,Tesla,17.979333877563477,18.33133316040039,17.753332138061523,18.239999771118164,18.239999771118164,103623000,0.0,0.0,2.265977238418918,5.134652845032625
2019-03-21,TSLA,Tesla,18.17333221435547,18.43000030517578,17.89666748046875,18.26799964904785,18.26799964904785,89206500,0.0,0.0,0.1533904013606828,0.02352861522959136
2019-03-22,TSLA,Tesla,18.17200088500977,18.18666648864746,17.600000381469727,17.635332107543945,17.635332107543945,131184000,0.0,0.0,-3.5246480304529997,12.42314373857621
2019-03-25,TSLA,Tesla,17.31399917602539,17.545333862304688,16.964000701904297,17.3613338470459,17.3613338470459,153225000,0.0,0.0,-1.5658855019079099,2.451997405085387
2019-03-26,TSLA,Tesla,17.62933349609375,18.017332077026367,17.6286678314209,17.851333618164062,17.851333618164062,110263500,0.0,0.0,2.783267714915969,7.74657917289356
2019-03-27,TSLA,Tesla,17.916667938232422,18.357999801635746,17.8786678314209,18.32200050354004,18.32200050354004,131688000,0.0,0.0,2.60243331388298,6.772659153207949
2019-03-28,TSLA,Tesla,18.477333068847656,18.68866729736328,18.34000015258789,18.57466697692871,18.57466697692871,101611500,0.0,0.0,1.369611080354769,1.8758345114305575
2019-03-29,TSLA,Tesla,18.579999923706055,18.67733383178711,18.299999237060547,18.65733337402344,18.65733337402344,89869500,0.0,0.0,0.44406173269008603,0.1971908224397214
2019-04-01,TSLA,Tesla,18.841333389282227,19.280000686645508,18.75200080871582,19.278667449951172,19.278667449951172,121656000,0.0,0.0,3.2759891921093964,10.732105186817575
2019-04-02,TSLA,Tesla,19.219999313354492,19.29599952697754,18.92533302307129,19.058666229248047,19.058666229248047,82183500,0.0,0.0,-1.1477252828966884,1.3172733250002835
2019-04-03,TSLA,Tesla,19.15466690063477,19.744667053222656,19.14466667175293,19.45400047302246,19.45400047302246,118791000,0.0,0.0,2.05308104637668,4.2151417829911635
2019-04-04,TSLA,Tesla,17.459333419799805,18.079999923706055,17.37266731262207,17.851999282836914,17.851999282836914,355810500,0.0,0.0,-8.593722216784855,73.8520615392616
2019-04-05,TSLA,Tesla,17.99066734313965,18.406667709350582,17.74066734313965,18.33066749572754,18.33066749572754,195574500,0.0,0.0,2.6459970073128036,7.001300162708313
2019-04-08,TSLA,Tesla,18.512666702270508,18.743999481201172,18.029333114624023,18.213333129882812,18.213333129882812,156156000,0.0,0.0,-0.6421561243439884,0.41236448803249187
2019-04-09,TSLA,Tesla,18.11000061035156,18.333332061767575,17.974000930786133,18.15399932861328,18.15399932861328,88560000,0.0,0.0,-0.32630303024267515,0.10647366754555218
2019-04-10,TSLA,Tesla,18.44933319091797,18.558666229248047,18.19266700744629,18.40399932861328,18.40399932861328,105919500,0.0,0.0,1.3677110691161831,1.8706335685829327
2019-04-11,TSLA,Tesla,17.886667251586914,18.03333282470703,17.706666946411133,17.89466667175293,17.89466667175293,147538500,0.0,0.0,-2.80652786610601,7.876598663229554
2019-04-12,TSLA,Tesla,18.014667510986328,18.1299991607666,17.788667678833008,17.84666633605957,17.84666633605957,101190000,0.0,0.0,-0.26859862524520167,0.07214522148361228
2019-04-15,TSLA,Tesla,17.908666610717773,17.92533302307129,17.242000579833984,17.7586669921875,17.7586669921875,150579000,0.0,0.0,-0.4943052898305119,0.2443377195544264
2019-04-16,TSLA,Tesla,17.71666717529297,18.333332061767575,17.648000717163086,18.224000930786133,18.224000930786133,109093500,0.0,0.0,2.586577977864266,6.690385635572396
2019-04-17,TSLA,Tesla,18.316667556762695,18.319332122802734,17.902666091918945,18.082000732421875,18.082000732421875,76897500,0.0,0.0,-0.7822448958816279,0.611907077132859
2019-04-18,TSLA,Tesla,18.082000732421875,18.32266616821289,17.983333587646484,18.21733283996582,18.21733283996582,88144500,0.0,0.0,0.7456485905066215,0.5559918205245112
2019-04-22,TSLA,Tesla,17.933332443237305,17.978666305541992,17.498666763305664,17.516666412353516,17.516666412353516,182206500,0.0,0.0,-3.9220700589321713,15.382633547172206
2019-04-23,TSLA,Tesla,17.343332290649414,17.706666946411133,17.049999237060547,17.593332290649414,17.593332290649414,164158500,0.0,0.0,0.43671890047155104,0.1907233980290805
2019-04-24,TSLA,Tesla,17.59000015258789,17.687999725341797,17.200000762939453,17.243999481201172,17.243999481201172,160912500,0.0,0.0,-2.005575634208413,4.022333624530477
2019-04-25,TSLA,Tesla,17.0,17.266666412353516,16.404666900634766,16.5086669921875,16.5086669921875,327741000,0.0,0.0,-4.357871154598585,18.991041000082404
2019-04-26,TSLA,Tesla,16.433332443237305,16.44533348083496,15.408666610717772,15.675999641418455,15.675999641418455,335410500,0.0,0.0,-5.17546577903145,26.785446029925613
2019-04-29,TSLA,Tesla,15.723999977111816,16.26533317565918,15.477999687194824,16.097999572753906,16.097999572753906,250717500,0.0,0.0,2.6564156668391887,7.056544195028692
2019-04-30,TSLA,Tesla,16.137332916259766,16.28066635131836,15.800000190734863,15.912667274475098,15.912667274475098,141969000,0.0,0.0,-1.1579538159972131,1.3408570399825077
2019-05-01,TSLA,Tesla,15.923333168029783,16.0,15.43333339691162,15.600666999816896,15.600666999816896,160566000,0.0,0.0,-1.9801806231266619,3.921115300206295
2019-05-02,TSLA,Tesla,16.368000030517578,16.475332260131836,15.847999572753906,16.273332595825195,16.273332595825195,272389500,0.0,0.0,4.22140612366804,17.820269660942028
2019-05-03,TSLA,Tesla,16.257333755493164,17.107332229614258,16.232667922973633,17.00200080871582,17.00200080871582,355602000,0.0,0.0,4.38033007844267,19.187291596109567
2019-05-06,TSLA,Tesla,16.667999267578125,17.22333335876465,16.566667556762695,17.022666931152344,17.022666931152344,162508500,0.0,0.0,0.12147730661703947,0.014756736022930221
2019-05-07,TSLA,Tesla,17.1200008392334,17.1473331451416,16.34000015258789,16.470666885375977,16.470666885375977,151971000,0.0,0.0,-3.296477054208545,10.866760968923447
2019-05-08,TSLA,Tesla,16.46266746520996,16.706666946411133,16.280000686645508,16.32266616821289,16.32266616821289,92646000,0.0,0.0,-0.9026329942036213,0.8147463222249947
2019-05-09,TSLA,Tesla,16.133333206176758,16.245332717895508,15.79599952697754,16.131999969482422,16.131999969482422,100671000,0.0,0.0,-1.174982922375762,1.380584867874686
2019-05-10,TSLA,Tesla,15.983332633972168,16.132667541503906,15.73466682434082,15.968000411987305,15.968000411987305,105124500,0.0,0.0,-1.0218129749463936,1.044101755768799
2019-05-13,TSLA,Tesla,15.46733283996582,15.498000144958496,14.966667175292969,15.133999824523926,15.133999824523926,162522000,0.0,0.0,-5.364288869241072,28.77559507266366
2019-05-14,TSLA,Tesla,15.286666870117188,15.633333206176758,15.199999809265137,15.487333297729492,15.487333297729492,108786000,0.0,0.0,2.307862655425734,5.326230036308721
2019-05-15,TSLA,Tesla,15.288000106811523,15.496000289916992,15.016667366027832,15.463333129882812,15.463333129882812,109440000,0.0,0.0,-0.15508662931841916,0.02405186259334875
2019-05-16,TSLA,Tesla,15.29933261871338,15.399999618530272,15.100000381469728,15.222000122070312,15.222000122070312,112249500,0.0,0.0,-1.5729859074043964,2.4742846648928323
2019-05-17,TSLA,Tesla,14.797332763671877,14.815999984741213,13.928000450134276,14.0686674118042,14.0686674118042,266800500,0.0,0.0,-7.8791602538192365,62.08116630536482
2019-05-20,TSLA,Tesla,13.520000457763672,13.733332633972168,13.016667366027832,13.690667152404783,13.690667152404783,307893000,0.0,0.0,-2.723578438615981,7.417879511293866
2019-05-21,TSLA,Tesla,13.184000015258787,13.826666831970217,13.06933307647705,13.67199993133545,13.67199993133545,270058500,0.0,0.0,-0.13644301491679894,0.018616696319585818
2019-05-22,TSLA,Tesla,13.273332595825195,13.595999717712402,12.785332679748535,12.84866714477539,12.84866714477539,280278000,0.0,0.0,-6.210985897149923,38.576345814595236
2019-05-23,TSLA,Tesla,12.956000328063965,13.29800033569336,12.414667129516602,13.03266716003418,13.03266716003418,398206500,0.0,0.0,1.4218982156523499,2.0217945356753364
2019-05-24,TSLA,Tesla,13.321999549865724,13.33199977874756,12.583333015441896,12.708666801452637,12.708666801452637,212049000,0.0,0.0,-2.5174877946532526,6.3377447962280975
2019-05-28,TSLA,Tesla,12.74666690826416,13.0,12.523332595825195,12.579999923706056,12.579999923706056,154693500,0.0,0.0,-1.0175940821913054,1.0354977161107652
2019-05-29,TSLA,Tesla,12.473333358764648,12.826000213623049,12.336000442504885,12.657333374023438,12.657333374023438,179529000,0.0,0.0,0.6128515358594707,0.3755870050053121
2019-05-30,TSLA,Tesla,12.583333015441896,12.817333221435549,12.468000411987305,12.54800033569336,12.54800033569336,118897500,0.0,0.0,-0.8675443485018194,0.7526331966174462
2019-05-31,TSLA,Tesla,12.34000015258789,12.661333084106444,12.273332595825195,12.343999862670898,12.343999862670898,156100500,0.0,0.0,-1.6391213145480148,2.686718683805612
2019-06-03,TSLA,Tesla,12.36733341217041,12.445332527160645,11.79933261871338,11.9313325881958,11.9313325881958,195966000,0.0,0.0,-3.4002173460743927,11.561478000545186
2019-06-04,TSLA,Tesla,12.07333278656006,12.932000160217283,11.973999977111816,12.90666675567627,12.90666675567627,207112500,0.0,0.0,7.857605016172629,61.74195659018126
2019-06-05,TSLA,Tesla,13.245332717895508,13.41866683959961,12.789999961853027,13.105999946594238,13.105999946594238,202662000,0.0,0.0,1.53261559057241,2.348910548465617
2019-06-06,TSLA,Tesla,13.629332542419434,14.06666660308838,13.453332901000977,13.729999542236328,13.729999542236328,303633000,0.0,0.0,4.6513049897084855,21.634638107287053
2019-06-07,TSLA,Tesla,13.666666984558104,14.055999755859377,13.56666660308838,13.633333206176758,13.633333206176758,240052500,0.0,0.0,-0.7065421385722396,0.4992017935782338
2019-06-10,TSLA,Tesla,14.016667366027832,14.46266746520996,13.934000015258787,14.19200038909912,14.19200038909912,158775000,0.0,0.0,4.0160687930257675,16.128808550315444
2019-06-11,TSLA,Tesla,14.609333038330078,14.726667404174805,14.233332633972168,14.473333358764648,14.473333358764648,174802500,0.0,0.0,1.962942455513551,3.8531430836575695
2019-06-12,TSLA,Tesla,14.863332748413086,14.892000198364258,13.93333339691162,13.95066738128662,13.95066738128662,227962500,0.0,0.0,-3.67805294636728,13.528073476281032
2019-06-13,TSLA,Tesla,14.025333404541016,14.326666831970217,13.833999633789062,14.260666847229004,14.260666847229004,122524500,0.0,0.0,2.1977829297588536,4.83024980633941
2019-06-14,TSLA,Tesla,14.083333015441896,14.44333267211914,14.026666641235352,14.32800006866455,14.32800006866455,111501000,0.0,0.0,0.4710492177676777,0.22188736555954106
2019-06-17,TSLA,Tesla,14.36533260345459,15.133333206176758,14.284667015075684,15.001999855041504,15.001999855041504,184752000,0.0,0.0,4.596784633408923,21.130428965944407
2019-06-18,TSLA,Tesla,15.248000144958496,15.649333000183104,14.837332725524902,14.982666969299316,14.982666969299316,190737000,0.0,0.0,-0.12895183084361764,0.016628574677920976
2019-06-19,TSLA,Tesla,15.007332801818848,15.184666633605955,14.737333297729492,15.095333099365234,15.095333099365234,98626500,0.0,0.0,0.7491632206456829,0.5612455311682121
2019-06-20,TSLA,Tesla,14.866666793823242,15.126667022705078,14.423333168029783,14.641332626342772,14.641332626342772,177952500,0.0,0.0,-3.053709900280504,9.325144155071165
2019-06-21,TSLA,Tesla,14.414667129516602,14.812000274658203,14.366666793823242,14.790666580200195,14.790666580200195,123031500,0.0,0.0,1.0147814582239045,1.029781407955034
2019-06-24,TSLA,Tesla,14.88266658782959,15.057332992553713,14.73466682434082,14.90933322906494,14.90933322906494,86262000,0.0,0.0,0.7991062700448779,0.6385708308250373
2019-06-25,TSLA,Tesla,14.959333419799805,15.022666931152344,14.63266658782959,14.650667190551758,14.650667190551758,92731500,0.0,0.0,-1.7501531619481456,3.063036090277092
2019-06-26,TSLA,Tesla,14.687333106994627,15.148667335510254,14.539999961853027,14.618000030517578,14.618000030517578,127608000,0.0,0.0,-0.22322282973837632,0.04982843171640814
2019-06-27,TSLA,Tesla,14.630000114440918,14.859999656677246,14.489999771118164,14.855999946594238,14.855999946594238,95095500,0.0,0.0,1.6150172309638413,2.6082806563101135
2019-06-28,TSLA,Tesla,14.732666969299316,15.011333465576172,14.720000267028809,14.897333145141602,14.897333145141602,102771000,0.0,0.0,0.27783929288936193,0.07719467267326065
2019-07-01,TSLA,Tesla,15.347332954406738,15.539999961853027,15.085332870483398,15.14466667175293,15.14466667175293,123201000,0.0,0.0,1.6466221724361079,2.7113645787582072
2019-07-02,TSLA,Tesla,15.259332656860352,15.276666641235352,14.814666748046877,14.970000267028809,14.970000267028809,138885000,0.0,0.0,-1.1600218839631888,1.345650771273506
2019-07-03,TSLA,Tesla,15.959333419799805,16.10466766357422,15.633999824523926,15.65999984741211,15.65999984741211,213016500,0.0,0.0,4.506146454972541,20.305355873661597
2019-07-05,TSLA,Tesla,15.637999534606934,15.696666717529297,15.386667251586914,15.539999961853027,15.539999961853027,105985500,0.0,0.0,-0.7692338334116885,0.5917206904652413
2019-07-08,TSLA,Tesla,15.416000366210938,15.483332633972168,15.244000434875488,15.355999946594238,15.355999946594238,88207500,0.0,0.0,-1.191106882403326,1.4187356053085707
2019-07-09,TSLA,Tesla,15.264666557312012,15.399999618530272,15.152000427246094,15.337332725524902,15.337332725524902,92862000,0.0,0.0,-0.12163699243967914,0.01479555792977056
2019-07-10,TSLA,Tesla,15.609999656677246,15.929332733154297,15.542667388916016,15.928000450134276,15.928000450134276,137185500,0.0,0.0,3.778869128614836,14.27985189119825
2019-07-11,TSLA,Tesla,15.87600040435791,16.100000381469727,15.720000267028809,15.90666675567627,15.90666675567627,112716000,0.0,0.0,-0.13402808651118303,0.017963527973849164
2019-07-12,TSLA,Tesla,15.983332633972168,16.358667373657227,15.980667114257812,16.338666915893555,16.338666915893555,138007500,0.0,0.0,2.679618785170417,7.180356833838182
2019-07-15,TSLA,Tesla,16.53333282470703,16.961332321166992,16.323999404907227,16.899999618530273,16.899999618530273,165001500,0.0,0.0,3.3779097347802405,11.410274176323115
2019-07-16,TSLA,Tesla,16.6200008392334,16.902000427246094,16.528667449951172,16.825332641601562,16.825332641601562,122235000,0.0,0.0,-0.4427953346815866,0.19606770841577828
2019-07-17,TSLA,Tesla,17.044666290283203,17.220666885375977,16.889999389648438,16.99066734313965,16.99066734313965,146470500,0.0,0.0,0.9778567486270942,0.956203820835552
2019-07-18,TSLA,Tesla,17.003332138061523,17.049999237060547,16.792667388916016,16.902666091918945,16.902666091918945,71379000,0.0,0.0,-0.5192847091315009,0.26965660913778755
2019-07-19,TSLA,Tesla,17.04599952697754,17.33066749572754,16.974666595458984,17.211999893188477,17.211999893188477,105726000,0.0,0.0,1.8135442365715915,3.2889426980020366
2019-07-22,TSLA,Tesla,17.25,17.476667404174805,16.945999145507812,17.045333862304688,17.045333862304688,102636000,0.0,0.0,-0.9730316261804304,0.9467905455473328
2019-07-23,TSLA,Tesla,17.11400032043457,17.365333557128906,16.96666717529297,17.344667434692383,17.344667434692383,75346500,0.0,0.0,1.740861417421435,3.0305984746665677
2019-07-24,TSLA,Tesla,17.277999877929688,17.738000869750977,17.21066665649414,17.658666610717773,17.658666610717773,166092000,0.0,0.0,1.794158228530698,3.2190037490044126
2019-07-25,TSLA,Tesla,15.56666660308838,15.633333206176758,15.036666870117188,15.254667282104492,15.254667282104492,336274500,0.0,0.0,-14.634118145360764,214.15741389237718
2019-07-26,TSLA,Tesla,15.128000259399414,15.350666999816896,14.81666660308838,15.202667236328123,15.202667236328123,150415500,0.0,0.0,-0.3414618982496043,0.11659622795622314
2019-07-29,TSLA,Tesla,15.13933277130127,15.72933292388916,15.0686674118042,15.718000411987305,15.718000411987305,139099500,0.0,0.0,3.3335690122837582,11.112682359658512
2019-07-30,TSLA,Tesla,15.526666641235352,16.224000930786133,15.478667259216309,16.150667190551758,16.150667190551758,121635000,0.0,0.0,2.7154782268650557,7.373822000578187
2019-07-31,TSLA,Tesla,16.200000762939453,16.44533348083496,15.776666641235352,16.107332229614258,16.107332229614258,137673000,0.0,0.0,-0.26867746162287837,0.07218757838411327
2019-08-01,TSLA,Tesla,16.176666259765625,16.30066680908203,15.451333045959473,15.59000015258789,15.59000015258789,123892500,0.0,0.0,-3.264489345034886,10.656890683846301
2019-08-02,TSLA,Tesla,15.423333168029783,15.751333236694336,15.281999588012695,15.62266731262207,15.62266731262207,92047500,0.0,0.0,0.2093199627884857,0.043814846821773036
2019-08-05,TSLA,Tesla,15.30666732788086,15.424667358398438,15.052000045776367,15.221332550048828,15.221332550048828,105424500,0.0,0.0,-2.6024991318455335,6.773001731256755
2019-08-06,TSLA,Tesla,15.458666801452637,15.5,15.050000190734863,15.383333206176758,15.383333206176758,83463000,0.0,0.0,1.0586762848221487,1.1207954760448273
2019-08-07,TSLA,Tesla,15.100000381469728,15.571332931518556,15.053333282470703,15.56133270263672,15.56133270263672,71647500,0.0,0.0,1.1504500337383219,1.323535280128506
2019-08-08,TSLA,Tesla,15.630000114440918,15.986666679382324,15.510000228881836,15.886667251586914,15.886667251586914,79114500,0.0,0.0,2.0691055468529225,4.281197764017532
2019-08-09,TSLA,Tesla,15.736666679382324,15.93066692352295,15.587332725524902,15.667332649230955,15.667332649230955,58473000,0.0,0.0,-1.3902398156972824,1.9327667451500137
2019-08-12,TSLA,Tesla,15.53266716003418,15.718000411987305,15.25,15.267333030700684,15.267333030700684,69958500,0.0,0.0,-2.586237186518299,6.688622784930088
2019-08-13,TSLA,Tesla,15.253999710083008,15.733332633972168,15.170000076293944,15.666666984558104,15.666666984558104,72721500,0.0,0.0,2.5819883534249697,6.666663857222186
2019-08-14,TSLA,Tesla,15.413999557495115,15.43333339691162,14.446000099182127,14.641332626342772,14.641332626342772,143439000,0.0,0.0,-6.768680255284284,45.81503239827532
2019-08-15,TSLA,Tesla,14.723999977111816,14.77066707611084,14.103333473205566,14.37600040435791,14.37600040435791,122394000,0.0,0.0,-1.8288353171501865,3.3446386172558236
2019-08-16,TSLA,Tesla,14.444000244140623,14.815999984741213,14.40133285522461,14.662667274475098,14.662667274475098,76477500,0.0,0.0,1.9744444624820006,3.898430935425836
2019-08-19,TSLA,Tesla,14.947333335876465,15.18866729736328,14.779999732971191,15.121999740600586,15.121999740600586,79644000,0.0,0.0,3.0845997748934404,9.514755771272663
2019-08-20,TSLA,Tesla,15.174667358398438,15.272666931152344,14.969332695007324,15.057332992553713,15.057332992553713,61878000,0.0,0.0,-0.4285505421123528,0.18365556714479145
2019-08-21,TSLA,Tesla,14.800666809082031,14.881333351135254,14.506667137145996,14.722000122070312,14.722000122070312,116914500,0.0,0.0,-2.252213263296988,5.072464583370868
2019-08-22,TSLA,Tesla,14.853333473205566,15.026666641235352,14.54800033569336,14.8100004196167,14.8100004196167,98385000,0.0,0.0,0.5959674684834935,0.3551772234906238
2019-08-23,TSLA,Tesla,14.664667129516602,14.744667053222656,14.06666660308838,14.09333324432373,14.09333324432373,128079000,0.0,0.0,-4.960079059483937,24.60238427633106
2019-08-26,TSLA,Tesla,14.239999771118164,14.334667205810549,14.102666854858398,14.333333015441896,14.333333015441896,75778500,0.0,0.0,1.688593882877696,2.8513493012919744
2019-08-27,TSLA,Tesla,14.38266658782959,14.58666706085205,14.135333061218262,14.272000312805176,14.272000312805176,81243000,0.0,0.0,-0.42882070919238086,0.18388720063225647
2019-08-28,TSLA,Tesla,14.246000289916992,14.483332633972168,14.154000282287598,14.37266731262207,14.37266731262207,48382500,0.0,0.0,0.7028701855971562,0.4940264978013808
2019-08-29,TSLA,Tesla,14.600000381469728,14.893333435058594,14.533332824707031,14.780667304992676,14.780667304992676,77692500,0.0,0.0,2.7991764077430346,7.835388561665199
2019-08-30,TSLA,Tesla,15.276666641235352,15.496000289916992,14.947333335876465,15.040666580200195,15.040666580200195,139809000,0.0,0.0,1.743757434314575,3.0406899897273494
2019-09-03,TSLA,Tesla,14.93866729736328,15.263333320617676,14.87733268737793,15.000666618347168,15.000666618347168,80311500,0.0,0.0,-0.2662996693731353,0.07091551390824119
2019-09-04,TSLA,Tesla,15.12600040435791,15.230667114257812,14.61400032043457,14.711999893188477,14.711999893188477,86415000,0.0,0.0,-1.9431161296016142,3.775700293117957
2019-09-05,TSLA,Tesla,14.833333015441896,15.31999969482422,14.723333358764648,15.305333137512209,15.305333137512209,110929500,0.0,0.0,3.9537858698977644,15.632422705003222
2019-09-06,TSLA,Tesla,15.146666526794434,15.309332847595217,15.011333465576172,15.16333293914795,15.16333293914795,62841000,0.0,0.0,-0.9321131822989943,0.8688349846155582
2019-09-09,TSLA,Tesla,15.333333015441896,15.583999633789062,15.281999588012695,15.452667236328123,15.452667236328123,72040500,0.0,0.0,1.8901418181459655,3.572636092704136
2019-09-10,TSLA,Tesla,15.386667251586914,15.702667236328123,15.262666702270508,15.702667236328123,15.702667236328123,73255500,0.0,0.0,1.6048960489895236,2.5756913280621836
2019-09-11,TSLA,Tesla,15.825332641601562,16.544666290283203,15.733332633972168,16.47333335876465,16.47333335876465,150642000,0.0,0.0,4.791232784694204,22.955911597128573
2019-09-12,TSLA,Tesla,16.51333236694336,16.899999618530273,16.293333053588867,16.391332626342773,16.391332626342773,128718000,0.0,0.0,-0.49902167042224327,0.249022627551006
2019-09-13,TSLA,Tesla,16.464000701904297,16.56333351135254,16.32466697692871,16.34666633605957,16.34666633605957,79696500,0.0,0.0,-0.2728713996813491,0.07445880076405857
2019-09-16,TSLA,Tesla,16.399999618530273,16.495332717895508,16.077999114990234,16.187332153320312,16.187332153320312,70921500,0.0,0.0,-0.9795012235959525,0.9594226470259681
2019-09-17,TSLA,Tesla,16.1646671295166,16.373332977294922,16.024667739868164,16.319332122802734,16.319332122802734,57981000,0.0,0.0,0.8121454351540124,0.6595802078415002
2019-09-18,TSLA,Tesla,16.333332061767578,16.544666290283203,16.158000946044922,16.232667922973633,16.232667922973633,62553000,0.0,0.0,-0.5324674641613694,0.28352160039043917
2019-09-19,TSLA,Tesla,16.399999618530273,16.529333114624023,16.32266616821289,16.440000534057617,16.440000534057617,71937000,0.0,0.0,1.2691671904217687,1.6107853572430861
2019-09-20,TSLA,Tesla,16.432666778564453,16.463333129882812,15.87733268737793,16.041332244873047,16.041332244873047,95295000,0.0,0.0,-2.4548765463603575,6.026418857870156
2019-09-23,TSLA,Tesla,16.0,16.345333099365234,15.947999954223633,16.082000732421875,16.082000732421875,65103000,0.0,0.0,0.2532023019229352,0.06411140569907323
2019-09-24,TSLA,Tesla,16.101333618164062,16.132667541503906,14.84066677093506,14.880666732788086,14.880666732788086,193372500,0.0,0.0,-7.763784395676024,60.276348142542524
2019-09-25,TSLA,Tesla,14.970666885375977,15.26533317565918,14.557332992553713,15.24666690826416,15.24666690826416,141406500,0.0,0.0,2.4298080060291967,5.903966946163581
2019-09-26,TSLA,Tesla,15.37733268737793,16.220666885375977,15.15999984741211,16.17066764831543,16.17066764831543,178267500,0.0,0.0,5.8838046284869625,34.6191569062046
2019-09-27,TSLA,Tesla,16.14666748046875,16.58066749572754,15.915332794189451,16.142000198364258,16.142000198364258,166746000,0.0,0.0,-0.17743788664326618,0.03148420361642858
2019-09-30,TSLA,Tesla,16.200000762939453,16.26533317565918,15.740667343139648,16.058000564575195,16.058000564575195,88197000,0.0,0.0,-0.521738026989264,0.27221056880664996
2019-10-01,TSLA,Tesla,16.100000381469727,16.39666748046875,15.94200038909912,16.312667846679688,16.312667846679688,92439000,0.0,0.0,1.5734771560612624,2.475830360646638
2019-10-02,TSLA,Tesla,16.21933364868164,16.309999465942383,15.961999893188477,16.208667755126953,16.208667755126953,84471000,0.0,0.0,-0.6395828716893809,0.40906624975843503
2019-10-03,TSLA,Tesla,15.457332611083984,15.631999969482422,14.95199966430664,15.535332679748535,15.535332679748535,226267500,0.0,0.0,-4.242918829553246,18.002360194177488
2019-10-04,TSLA,Tesla,15.440667152404783,15.652000427246094,15.204667091369627,15.428667068481444,15.428667068481444,119925000,0.0,0.0,-0.6889680536428309,0.4746769789403907
2019-10-07,TSLA,Tesla,15.31999969482422,15.904000282287598,15.236666679382324,15.847999572753906,15.847999572753906,120963000,0.0,0.0,2.6816005504508236,7.19098151217816
2019-10-08,TSLA,Tesla,15.724666595458984,16.262666702270508,15.633333206176758,16.003332138061523,16.003332138061523,130173000,0.0,0.0,0.9753676748550492,0.9513421011521449
2019-10-09,TSLA,Tesla,16.08799934387207,16.48666763305664,16.043333053588867,16.302000045776367,16.302000045776367,103416000,0.0,0.0,1.8490843294478567,3.41911285740963
2019-10-10,TSLA,Tesla,16.351999282836914,16.618667602539062,16.10533332824707,16.31599998474121,16.31599998474121,94249500,0.0,0.0,0.0858418039820759,0.007368815310897142
2019-10-11,TSLA,Tesla,16.476667404174805,16.738666534423828,16.45400047302246,16.525999069213867,16.525999069213867,127131000,0.0,0.0,1.2788621436352825,1.6354883824234299
2019-10-14,TSLA,Tesla,16.52666664123535,17.23666763305664,16.475332260131836,17.130666732788086,17.130666732788086,153075000,0.0,0.0,3.593539155955349,12.91352366538428
2019-10-15,TSLA,Tesla,17.18000030517578,17.333332061767578,16.941333770751953,17.19266700744629,17.19266700744629,96492000,0.0,0.0,0.36127226196520046,0.13051764726545242
2019-10-16,TSLA,Tesla,17.159332275390625,17.47333335876465,17.128000259399414,17.316667556762695,17.316667556762695,100261500,0.0,0.0,0.7186524142577059,0.5164612925184293
2019-10-17,TSLA,Tesla,17.5,17.652000427246094,17.344667434692383,17.46466636657715,17.46466636657715,71539500,0.0,0.0,0.8510294825121641,0.724251180104922
2019-10-18,TSLA,Tesla,17.3799991607666,17.520000457763672,17.00666618347168,17.1299991607666,17.1299991607666,86247000,0.0,0.0,-1.9348511759363376,3.7436490730222283
2019-10-21,TSLA,Tesla,17.222000122070312,17.299999237060547,16.678667068481445,16.899999618530273,16.899999618530273,75304500,0.0,0.0,-1.351766398714735,1.827272396694204
2019-10-22,TSLA,Tesla,16.954666137695312,17.222000122070312,16.72333335876465,17.038667678833008,17.038667678833008,69012000,0.0,0.0,0.8171731125572388,0.6677718958864857
2019-10-23,TSLA,Tesla,16.96666717529297,17.076000213623047,16.75666618347168,16.978666305541992,16.978666305541992,78916500,0.0,0.0,-0.35276977051313213,0.1244465109878879
2019-10-24,TSLA,Tesla,19.891332626342773,20.32866668701172,19.280000686645508,19.978666305541992,19.978666305541992,445813500,0.0,0.0,16.27073867407585,264.7369370000676
2019-10-25,TSLA,Tesla,19.847999572753903,22.0,19.74066734313965,21.875333786010746,21.875333786010746,450091500,0.0,0.0,9.069467139827285,82.25523420040692
2019-10-28,TSLA,Tesla,21.836000442504883,22.722667694091797,21.50666618347168,21.847333908081055,21.847333908081055,283054500,0.0,0.0,-0.12807947563153788,0.016404352078049706
2019-10-29,TSLA,Tesla,21.332666397094727,21.6200008392334,20.983333587646484,21.08133316040039,21.08133316040039,190264500,0.0,0.0,-3.5690931583353485,12.738425972876193
2019-10-30,TSLA,Tesla,20.86666679382324,21.252666473388672,20.6646671295166,21.000667572021484,21.000667572021484,144627000,0.0,0.0,-0.38337382146187404,0.14697548698228088
2019-10-31,TSLA,Tesla,20.87333297729492,21.266666412353516,20.86666679382324,20.994667053222656,20.994667053222656,76005000,0.0,0.0,-0.028577073587868495,0.0008166491348464511
2019-11-01,TSLA,Tesla,21.08799934387207,21.09866714477539,20.65333366394043,20.88733291625977,20.88733291625977,95758500,0.0,0.0,-0.5125560958197278,0.262713751361962
2019-11-04,TSLA,Tesla,20.98666763305664,21.46266746520996,20.617332458496097,21.1646671295166,21.1646671295166,131805000,0.0,0.0,1.319025177829889,1.73982741974917
2019-11-05,TSLA,Tesla,21.308000564575195,21.567333221435547,21.07466697692871,21.14800071716309,21.14800071716309,104151000,0.0,0.0,-0.07877741614316515,0.006205881294193417
2019-11-06,TSLA,Tesla,21.200000762939453,21.781333923339844,20.96666717529297,21.77199935913086,21.77199935913086,119113500,0.0,0.0,2.907933885164876,8.45607948049009
2019-11-07,TSLA,Tesla,21.94266700744629,22.766666412353516,21.868000030517575,22.36933326721191,22.36933326721191,217009500,0.0,0.0,2.7066259147669167,7.325823842487849
2019-11-08,TSLA,Tesla,22.299999237060547,22.497333526611328,22.166667938232425,22.47599983215332,22.47599983215332,91038000,0.0,0.0,0.47570954979853364,0.22629957576952356
2019-11-11,TSLA,Tesla,22.93000030517578,23.279333114624023,22.799999237060547,23.006000518798828,23.006000518798828,149800500,0.0,0.0,2.3307008242272684,5.432166332053669
2019-11-12,TSLA,Tesla,23.12666702270508,23.357999801635746,22.93600082397461,23.32866668701172,23.32866668701172,110391000,0.0,0.0,1.3927860226281246,1.9398529048282707
2019-11-13,TSLA,Tesla,23.666667938232425,23.755332946777344,23.011999130249023,23.073999404907227,23.073999404907227,126301500,0.0,0.0,-1.0976517536210169,1.2048393722272934
2019-11-14,TSLA,Tesla,23.073999404907227,23.589332580566406,22.860666275024418,23.290000915527344,23.290000915527344,96973500,0.0,0.0,0.9317706491661899,0.868196542647583
2019-11-15,TSLA,Tesla,23.375999450683594,23.520000457763672,23.224000930786133,23.47800064086914,23.47800064086914,72135000,0.0,0.0,0.8039716546772512,0.6463704215244772
2019-11-18,TSLA,Tesla,23.527999877929688,23.543333053588867,23.073333740234375,23.332666397094727,23.332666397094727,66006000,0.0,0.0,-0.6209469761818026,0.3855751472293241
2019-11-19,TSLA,Tesla,23.450000762939453,23.999332427978516,23.18666648864746,23.968000411987305,23.968000411987305,115872000,0.0,0.0,2.686525453277175,7.217419011106131
2019-11-20,TSLA,Tesla,24.0,24.079999923706055,23.30466651916504,23.481332778930664,23.481332778930664,100876500,0.0,0.0,-2.0513868869493703,4.208188159947829
2019-11-21,TSLA,Tesla,23.63400077819824,24.055999755859375,23.600000381469727,23.655332565307617,23.655332565307617,91650000,0.0,0.0,0.738281231565054,0.5450591768812129
2019-11-22,TSLA,Tesla,22.67733383178711,22.733333587646484,22.0,22.202667236328125,22.202667236328125,253059000,0.0,0.0,-6.337614052816848,40.16535188246159
2019-11-25,TSLA,Tesla,22.954666137695312,22.971332550048828,22.297332763671875,22.422666549682617,22.422666549682617,185092500,0.0,0.0,0.9859919333317325,0.9721800925952476
2019-11-26,TSLA,Tesla,22.351333618164062,22.36666679382324,21.80666732788086,21.92799949645996,21.92799949645996,119211000,0.0,0.0,-2.230801073802288,4.976473430877441
2019-11-27,TSLA,Tesla,22.07466697692871,22.261999130249023,21.90466690063477,22.086000442504883,22.086000442504883,83334000,0.0,0.0,0.7179607623328356,0.5154676562495464
2019-11-29,TSLA,Tesla,22.073999404907227,22.083999633789062,21.833332061767575,21.996000289916992,21.996000289916992,36984000,0.0,0.0,-0.408331183446667,0.16673435537495565
2019-12-02,TSLA,Tesla,21.959999084472656,22.42533302307129,21.91266632080078,22.32466697692871,22.32466697692871,91117500,0.0,0.0,1.4831577778426517,2.1997569939751527
2019-12-03,TSLA,Tesla,22.17466735839844,22.527332305908203,22.145999908447266,22.413333892822266,22.413333892822266,98605500,0.0,0.0,0.39638352301946106,0.15711989732131962
2019-12-04,TSLA,Tesla,22.516666412353516,22.52400016784668,22.190000534057617,22.20199966430664,22.20199966430664,82995000,0.0,0.0,-0.9473685044135858,0.8975070831548343
2019-12-05,TSLA,Tesla,22.18866729736328,22.294666290283203,21.816667556762695,22.024667739868164,22.024667739868164,55869000,0.0,0.0,-0.8019273672589194,0.6430875023588218
2019-12-06,TSLA,Tesla,22.333332061767575,22.590667724609375,22.31800079345703,22.392667770385746,22.392667770385746,114186000,0.0,0.0,1.6570487479172824,2.745810552974233
2019-12-09,TSLA,Tesla,22.439332962036133,22.963333129882812,22.338666915893555,22.635332107543945,22.635332107543945,135346500,0.0,0.0,1.0778479484683796,1.1617562000174948
2019-12-10,TSLA,Tesla,22.663999557495117,23.381999969482425,22.62066650390625,23.256000518798828,23.256000518798828,132424500,0.0,0.0,2.705113248298345,7.317637686119223
2019-12-11,TSLA,Tesla,23.458667755126953,23.812667846679688,23.4060001373291,23.51333236694336,23.51333236694336,103467000,0.0,0.0,1.1004409475391042,1.2109702790207615
2019-12-12,TSLA,Tesla,23.661333084106445,24.182666778564453,23.548667907714844,23.978666305541992,23.978666305541992,116458500,0.0,0.0,1.959693606267636,3.8403990304462523
2019-12-13,TSLA,Tesla,24.06999969482422,24.347333908081055,23.642667770385746,23.892667770385746,23.892667770385746,98563500,0.0,0.0,-0.35929070843364,0.12908981316674692
2019-12-16,TSLA,Tesla,24.170000076293945,25.573999404907227,24.166667938232425,25.433332443237305,25.433332443237305,272613000,0.0,0.0,6.248899060660165,39.04873947031949
2019-12-17,TSLA,Tesla,25.266000747680664,25.700000762939453,25.059999465942383,25.266000747680664,25.266000747680664,127452000,0.0,0.0,-0.6600966624869256,0.4357276038263781
2019-12-18,TSLA,Tesla,25.375333786010746,26.347999572753903,25.371999740600582,26.209999084472656,26.209999084472656,211815000,0.0,0.0,3.6681334404645765,13.45520293705449
2019-12-19,TSLA,Tesla,26.488000869750977,27.12333297729492,26.433332443237305,26.93600082397461,26.93600082397461,271606500,0.0,0.0,2.7322730044006103,7.465315770576337
2019-12-20,TSLA,Tesla,27.3526668548584,27.53333282470703,26.679332733154297,27.03933334350586,27.03933334350586,221290500,0.0,0.0,0.38288839658321033,0.14660352423806175
2019-12-23,TSLA,Tesla,27.45199966430664,28.13400077819824,27.333332061767575,27.947999954223633,27.947999954223633,199794000,0.0,0.0,3.3053042637599104,10.925036276029443
2019-12-24,TSLA,Tesla,27.89066696166992,28.364667892456055,27.512666702270508,28.350000381469727,28.350000381469727,120820500,0.0,0.0,1.4281404577191001,2.039585166974121
2019-12-26,TSLA,Tesla,28.527332305908203,28.898666381835938,28.42333221435547,28.729333877563477,28.729333877563477,159508500,0.0,0.0,1.3291643487754987,1.7666778660557956
2019-12-27,TSLA,Tesla,29.0,29.020666122436523,28.40733337402344,28.691999435424805,28.691999435424805,149185500,0.0,0.0,-0.13003685301450005,0.01690958314191469
2019-12-30,TSLA,Tesla,28.586000442504883,28.600000381469727,27.284000396728516,27.64666748046875,27.64666748046875,188796000,0.0,0.0,-3.71131230011561,13.77383898898942
2019-12-31,TSLA,Tesla,27.0,28.086000442504883,26.80533218383789,27.8886661529541,27.8886661529541,154285500,0.0,0.0,0.8715179630272204,0.7595435598791155
2020-01-02,TSLA,Tesla,28.299999237060547,28.713333129882812,28.11400032043457,28.68400001525879,28.68400001525879,142981500,0.0,0.0,2.811910133608081,7.906838599487817
2020-01-03,TSLA,Tesla,29.36666679382324,30.266666412353516,29.128000259399418,29.534000396728516,29.534000396728516,266677500,0.0,0.0,2.920267893223429,8.527964568191605
2020-01-06,TSLA,Tesla,29.364667892456055,30.104000091552734,29.333332061767575,30.1026668548584,30.1026668548584,151995000,0.0,0.0,1.9071612174755246,3.637263909442725
2020-01-07,TSLA,Tesla,30.760000228881836,31.441999435424805,30.224000930786133,31.270666122436523,31.270666122436523,268231500,0.0,0.0,3.806670586808656,14.490740956474157
2020-01-08,TSLA,Tesla,31.579999923706055,33.232666015625,31.215333938598633,32.80933380126953,32.80933380126953,467164500,0.0,0.0,4.80325684930669,23.07127636041163
2020-01-09,TSLA,Tesla,33.13999938964844,33.253334045410156,31.524667739868164,32.089332580566406,32.089332580566406,426606000,0.0,0.0,-2.2189385476863444,4.923688278408383
2020-01-10,TSLA,Tesla,32.11933135986328,32.3293342590332,31.579999923706055,31.87666702270508,31.87666702270508,194392500,0.0,0.0,-0.6649355680979514,0.44213930972174537
2020-01-13,TSLA,Tesla,32.900001525878906,35.04199981689453,32.79999923706055,34.990665435791016,34.990665435791016,397764000,0.0,0.0,9.320702322102203,86.87549177724141
2020-01-14,TSLA,Tesla,36.28400039672851,36.49399948120117,34.99333190917969,35.861331939697266,35.861331939697266,434943000,0.0,0.0,2.4578286172624795,6.040921511834392
2020-01-15,TSLA,Tesla,35.31733322143555,35.85599899291992,34.452667236328125,34.56666564941406,34.56666564941406,260532000,0.0,0.0,-3.676981311758122,13.52019156701848
2020-01-16,TSLA,Tesla,32.91666793823242,34.297332763671875,32.81133270263672,34.232666015625,34.232666015625,326050500,0.0,0.0,-0.9709462276707839,0.9427365770281256
2020-01-17,TSLA,Tesla,33.840667724609375,34.37799835205078,33.54399871826172,34.03333282470703,34.03333282470703,204436500,0.0,0.0,-0.5839913304383257,0.3410458740271258
2020-01-21,TSLA,Tesla,35.349998474121094,36.571998596191406,35.227333068847656,36.47999954223633,36.47999954223633,267052500,0.0,0.0,6.942373110021944,48.19654439875576
2020-01-22,TSLA,Tesla,38.125999450683594,39.633331298828125,37.27333450317383,37.97066879272461,37.97066879272461,470535000,0.0,0.0,4.004983514491321,16.03989295134725
2020-01-23,TSLA,Tesla,37.616668701171875,38.79999923706055,37.040000915527344,38.14666748046875,38.14666748046875,294765000,0.0,0.0,0.4624413044606698,0.21385196007128587
2020-01-24,TSLA,Tesla,38.04199981689453,38.25733184814453,36.95066833496094,37.654666900634766,37.654666900634766,215304000,0.0,0.0,-1.2981499419033644,1.6851932716637084
2020-01-27,TSLA,Tesla,36.132667541503906,37.62933349609375,35.95199966430664,37.20133209228515,37.20133209228515,204121500,0.0,0.0,-1.2112331857897507,1.4670858303583887
2020-01-28,TSLA,Tesla,37.89933395385742,38.45399856567383,37.2053337097168,37.793331146240234,37.793331146240234,176827500,0.0,0.0,1.5788092787861407,2.492638738781214
2020-01-29,TSLA,Tesla,38.37933349609375,39.31999969482422,37.82866668701172,38.732666015625,38.732666015625,267022500,0.0,0.0,2.4550664730791127,6.027351387237114
2020-01-30,TSLA,Tesla,42.16133117675781,43.391998291015625,41.20000076293945,42.72066879272461,42.72066879272461,435085500,0.0,0.0,9.79995227007793,96.03906449580556
2020-01-31,TSLA,Tesla,42.66666793823242,43.53333282470703,42.167999267578125,43.371334075927734,43.371334075927734,235789500,0.0,0.0,1.5115867923964224,2.284894630947305
2020-02-03,TSLA,Tesla,44.91266632080078,52.409332275390625,44.90133285522461,52.0,52.0,705975000,0.0,0.0,18.14450008676586,329.2228833986463
2020-02-04,TSLA,Tesla,58.86399841308594,64.59933471679688,55.59199905395508,59.137332916259766,59.137332916259766,914082000,0.0,0.0,12.86186970285338,165.42769225317767
2020-02-05,TSLA,Tesla,54.88399887084961,56.39866638183594,46.94066619873047,48.97999954223633,48.97999954223633,726357000,0.0,0.0,-18.845037343186984,355.1354324661119
2020-02-06,TSLA,Tesla,46.66133117675781,53.05533218383789,45.79999923706055,49.930667877197266,49.930667877197266,598212000,0.0,0.0,1.9223358515689473,3.69537512622731
2020-02-07,TSLA,Tesla,48.70333480834961,51.31666564941406,48.66666793823242,49.871334075927734,49.871334075927734,255952500,0.0,0.0,-0.11890304222129079,0.01413793344947806
2020-02-10,TSLA,Tesla,53.33333206176758,54.66600036621094,50.15999984741211,51.41866683959961,51.41866683959961,370338000,0.0,0.0,3.0554904345579814,9.336021795675322
2020-02-11,TSLA,Tesla,51.25266647338867,52.23400115966797,50.53333282470703,51.62533187866211,51.62533187866211,175462500,0.0,0.0,0.40112052857509933,0.1608976784443671
2020-02-12,TSLA,Tesla,51.858001708984375,52.650001525878906,50.891334533691406,51.15266799926758,51.15266799926758,180337500,0.0,0.0,-0.9197828567077743,0.846000503493514
2020-02-13,TSLA,Tesla,49.45600128173828,54.53333282470703,49.0,53.599998474121094,53.599998474121094,394339500,0.0,0.0,4.673438827304504,21.841030472557296
2020-02-14,TSLA,Tesla,52.4813346862793,54.198001861572266,52.366668701171875,53.33533477783203,53.33533477783203,235405500,0.0,0.0,-0.4949986662921484,0.2450236796310057
2020-02-18,TSLA,Tesla,56.106666564941406,57.33333206176758,55.490665435791016,57.22666549682617,57.22666549682617,245725500,0.0,0.0,7.0420916826107405,49.59105526629537
2020-02-19,TSLA,Tesla,61.56666564941406,62.98533248901367,60.06800079345703,61.16133117675781,61.16133117675781,381345000,0.0,0.0,6.649517653196184,44.21608502016768
2020-02-20,TSLA,Tesla,60.79666519165039,60.79999923706055,57.3293342590332,59.96066665649414,59.96066665649414,264523500,0.0,0.0,-1.9826354777620052,3.9308434376805748
2020-02-21,TSLA,Tesla,60.46533203125,60.87066650390625,58.6966667175293,60.06666564941406,60.06666564941406,214722000,0.0,0.0,0.17662480443414094,0.031196321541398533
2020-02-24,TSLA,Tesla,55.93333435058594,57.56666564941406,54.813331604003906,55.58599853515625,55.58599853515625,227883000,0.0,0.0,-7.752369493467591,60.09923276324695
2020-02-25,TSLA,Tesla,56.599998474121094,57.106666564941406,52.46666717529297,53.32733154296875,53.32733154296875,259357500,0.0,0.0,-4.148235797205468,17.207860229216887
2020-02-26,TSLA,Tesla,52.16666793823242,54.22066879272461,51.740665435791016,51.91999816894531,51.91999816894531,211282500,0.0,0.0,-2.674494953501698,7.1529232563060505
2020-02-27,TSLA,Tesla,48.66666793823242,49.31800079345703,44.599998474121094,45.26666641235352,45.26666641235352,364158000,0.0,0.0,-13.71331162906117,188.05491583574434
2020-02-28,TSLA,Tesla,41.97999954223633,46.03466796875,40.76800155639648,44.53266525268555,44.53266525268555,363343500,0.0,0.0,-1.634795032742122,2.6725547990783154
2020-03-02,TSLA,Tesla,47.41733169555664,49.5793342590332,45.77799987792969,49.574668884277344,49.574668884277344,302925000,0.0,0.0,10.72570247859105,115.04069365925419
2020-03-03,TSLA,Tesla,53.66666793823242,53.79866790771485,47.740665435791016,49.70066833496094,49.70066833496094,386760000,0.0,0.0,0.2538385098823229,0.06443398909927815
2020-03-04,TSLA,Tesla,50.930667877197266,51.10133361816406,48.31533432006836,49.96666717529297,49.96666717529297,225735000,0.0,0.0,0.5337746224066965,0.2849153475254114
2020-03-05,TSLA,Tesla,48.2513313293457,49.71666717529297,47.871334075927734,48.30266571044922,48.30266571044922,162790500,0.0,0.0,-3.3869376791647294,11.471346842545763
2020-03-06,TSLA,Tesla,46.0,47.133331298828125,45.61800003051758,46.89866638183594,46.89866638183594,189943500,0.0,0.0,-2.9497510135476337,8.701031041925292
2020-03-09,TSLA,Tesla,40.35933303833008,44.20000076293945,40.33333206176758,40.53333282470703,40.53333282470703,256105500,0.0,0.0,-14.586457137702016,212.7647318300181
2020-03-10,TSLA,Tesla,43.96200180053711,44.53333282470703,40.53333282470703,43.02199935913086,43.02199935913086,233916000,0.0,0.0,5.958692955168337,35.50602173397277
2020-03-11,TSLA,Tesla,42.68000030517578,43.571998596191406,40.866668701171875,42.28200149536133,42.28200149536133,199837500,0.0,0.0,-1.735009892797303,3.010259328104509
2020-03-12,TSLA,Tesla,38.72600173950195,39.633331298828125,36.41666793823242,37.369998931884766,37.369998931884766,283636500,0.0,0.0,-12.349328402408656,152.50591199053713
2020-03-13,TSLA,Tesla,39.66666793823242,40.50466537475586,33.46666717529297,36.44133377075195,36.44133377075195,339604500,0.0,0.0,-2.516454136147571,6.332541419334218
2020-03-16,TSLA,Tesla,31.299999237060547,32.9913330078125,29.47800064086914,29.67133331298828,29.67133331298828,307342500,0.0,0.0,-20.552230217550044,422.3941669151771
2020-03-17,TSLA,Tesla,29.333999633789062,31.456666946411133,26.399999618530273,28.68000030517578,28.68000030517578,359919000,0.0,0.0,-3.3981345006121106,11.54731808425032
2020-03-18,TSLA,Tesla,25.933332443237305,26.99066734313965,23.367332458496097,24.08133316040039,24.08133316040039,356793000,0.0,0.0,-17.476304366003273,305.4212142931851
2020-03-19,TSLA,Tesla,24.979999542236328,30.13333320617676,23.8973331451416,28.50933265686035,28.50933265686035,452932500,0.0,0.0,16.879451260286096,284.9158748483739
2020-03-20,TSLA,Tesla,29.213333129882812,31.799999237060547,28.38599967956543,28.50200080871582,28.50200080871582,424282500,0.0,0.0,-0.025720668994270134,0.000661552813512809
2020-03-23,TSLA,Tesla,28.906667709350582,29.46666717529297,27.36666679382324,28.952667236328125,28.952667236328125,246817500,0.0,0.0,1.5688043665694176,2.4611471405672716
2020-03-24,TSLA,Tesla,31.81999969482422,34.24599838256836,31.600000381469727,33.66666793823242,33.66666793823242,343428000,0.0,0.0,15.084593365171223,227.54495699256768
2020-03-25,TSLA,Tesla,36.349998474121094,37.133331298828125,34.07400131225586,35.95000076293945,35.95000076293945,318340500,0.0,0.0,6.562083944686455,43.06094569711174
2020-03-26,TSLA,Tesla,36.49266815185547,37.33333206176758,34.150001525878906,35.21066665649414,35.21066665649414,260710500,0.0,0.0,-2.07800386755252,4.3181000735632304
2020-03-27,TSLA,Tesla,33.66666793823242,35.0533332824707,32.935333251953125,34.29066848754883,34.29066848754883,215661000,0.0,0.0,-2.647580531234854,7.009682669373832
2020-03-30,TSLA,Tesla,34.017333984375,34.44333267211914,32.7486686706543,33.47533416748047,33.47533416748047,179971500,0.0,0.0,-2.4064387275638186,5.79094734951897
2020-03-31,TSLA,Tesla,33.41666793823242,36.19733428955078,33.133331298828125,34.93333435058594,34.93333435058594,266572500,0.0,0.0,4.2632638212876826,18.175418409900452
2020-04-01,TSLA,Tesla,33.599998474121094,34.26333236694336,31.67333221435547,32.104000091552734,32.104000091552734,200298000,0.0,0.0,-8.446087652228773,71.33639662913134
2020-04-02,TSLA,Tesla,32.068668365478516,32.95066833496094,29.760000228881836,30.29800033569336,30.29800033569336,297876000,0.0,0.0,-5.789892100051844,33.522850530242756
2020-04-03,TSLA,Tesla,33.96666717529297,34.36600112915039,31.22599983215332,32.000667572021484,32.000667572021484,338431500,0.0,0.0,5.467504939194526,29.89361026011653
2020-04-06,TSLA,Tesla,34.08000183105469,34.733333587646484,33.19733428955078,34.41600036621094,34.41600036621094,223527000,0.0,0.0,7.276481895829454,52.9471887803338
2020-04-07,TSLA,Tesla,36.33333206176758,37.66666793823242,35.48933410644531,36.36333465576172,36.36333465576172,268797000,0.0,0.0,5.5039394142546865,30.29334907578622
2020-04-08,TSLA,Tesla,36.9466667175293,37.14733123779297,35.55533218383789,36.589332580566406,36.589332580566406,189840000,0.0,0.0,0.6195761068727162,0.3838745522075515
2020-04-09,TSLA,Tesla,37.4726676940918,38.345333099365234,37.14066696166992,38.20000076293945,38.20000076293945,204750000,0.0,0.0,4.307879720740047,18.557827688363346
2020-04-13,TSLA,Tesla,39.34400177001953,43.46666717529297,38.70199966430664,43.39666748046875,43.39666748046875,337131000,0.0,0.0,12.754711640906994,162.68266904268836
2020-04-14,TSLA,Tesla,46.597999572753906,49.45866775512695,46.1619987487793,47.32600021362305,47.32600021362305,458647500,0.0,0.0,8.66771798728856,75.12933510716564
2020-04-15,TSLA,Tesla,49.46666717529297,50.20866775512695,47.33333206176758,48.65533447265625,48.65533447265625,353655000,0.0,0.0,2.770162075738181,7.673797925858068
2020-04-16,TSLA,Tesla,47.79600143432617,50.630001068115234,47.11466598510742,49.680667877197266,49.680667877197266,309868500,0.0,0.0,2.085442849363132,4.349071877959818
2020-04-17,TSLA,Tesla,51.48533248901367,51.663333892822266,49.84400177001953,50.259334564208984,50.259334564208984,196923000,0.0,0.0,1.1580411041559344,1.3410591989146958
2020-04-20,TSLA,Tesla,48.8466682434082,51.03799819946289,47.48066711425781,49.75733184814453,49.75733184814453,221199000,0.0,0.0,-1.0038465581097953,1.0077079122288826
2020-04-21,TSLA,Tesla,48.67466735839844,50.22200012207031,44.919334411621094,45.78133392333984,45.78133392333984,303136500,0.0,0.0,-8.328137479063692,69.35787387018534
2020-04-22,TSLA,Tesla,46.93199920654297,48.93333435058594,45.91400146484375,48.807334899902344,48.807334899902344,212482500,0.0,0.0,6.400415510269607,40.96531870409975
2020-04-23,TSLA,Tesla,48.50666809082031,48.93333435058594,46.87533187866211,47.04199981689453,47.04199981689453,198550500,0.0,0.0,-3.6839791089286376,13.571702075022639
2020-04-24,TSLA,Tesla,47.387332916259766,48.71533203125,46.54533386230469,48.34333419799805,48.34333419799805,198180000,0.0,0.0,2.7287530988993907,7.446093474753027
2020-04-27,TSLA,Tesla,49.17399978637695,53.29933166503906,49.0,53.25,53.25,310221000,0.0,0.0,9.66694577995715,93.44984071263134
2020-04-28,TSLA,Tesla,53.042667388916016,53.66666793823242,50.44599914550781,51.27466583251953,51.27466583251953,228330000,0.0,0.0,-3.7801017814305884,14.289169477974708
2020-04-29,TSLA,Tesla,52.678001403808594,53.54666519165039,52.21066665649414,53.367332458496094,53.367332458496094,243240000,0.0,0.0,4.000202028093559,16.001616265563825
2020-04-30,TSLA,Tesla,57.01266860961914,57.987998962402344,50.900001525878906,52.12533187866211,52.12533187866211,427078500,0.0,0.0,-2.354775998073672,5.544970001103859
2020-05-01,TSLA,Tesla,50.33333206176758,51.51800155639648,45.5359992980957,46.75466537475586,46.75466537475586,487977000,0.0,0.0,-10.873700220740792,118.23735649053836
2020-05-04,TSLA,Tesla,46.73333358764648,50.79999923706055,46.53333282470703,50.74599838256836,50.74599838256836,288556500,0.0,0.0,8.19187203405193,67.10676742228209
2020-05-05,TSLA,Tesla,52.65266799926758,53.26133346557617,50.8120002746582,51.2140007019043,51.2140007019043,254875500,0.0,0.0,0.9180180665024101,0.8427571704248236
2020-05-06,TSLA,Tesla,51.76666641235352,52.6533317565918,50.740665435791016,52.172000885009766,52.172000885009766,166848000,0.0,0.0,1.8533023597782732,3.434729636759716
2020-05-07,TSLA,Tesla,51.81399917602539,53.09333419799805,51.4900016784668,52.00266647338867,52.00266647338867,172915500,0.0,0.0,-0.3250973870209664,0.10568831104786001
2020-05-08,TSLA,Tesla,52.917999267578125,54.93333435058594,52.46733474731445,54.62799835205078,54.62799835205078,241297500,0.0,0.0,4.925154604829151,24.25714788146979
2020-05-11,TSLA,Tesla,52.70066833496094,54.93333435058594,52.33333206176758,54.08599853515625,54.08599853515625,247794000,0.0,0.0,-0.9971196406895206,0.9942475778487987
2020-05-12,TSLA,Tesla,55.133331298828125,56.21933364868164,53.866668701171875,53.96066665649414,53.96066665649414,238603500,0.0,0.0,-0.23199593370761967,0.05382211325687026
2020-05-13,TSLA,Tesla,54.72200012207031,55.06666564941406,50.88666534423828,52.73066711425781,52.73066711425781,285982500,0.0,0.0,-2.305818093053759,5.316797078254073
2020-05-14,TSLA,Tesla,52.0,53.557334899902344,50.93333435058594,53.55533218383789,53.55533218383789,205233000,0.0,0.0,1.5518160889563193,2.408133173943687
2020-05-15,TSLA,Tesla,52.689998626708984,53.66999816894531,52.436668395996094,53.27799987792969,53.27799987792969,157776000,0.0,0.0,-0.5191880165631997,0.2695561965428293
2020-05-18,TSLA,Tesla,55.185333251953125,55.64799880981445,53.59199905395508,54.242000579833984,54.242000579833984,174987000,0.0,0.0,1.793204109959487,3.2155809799755963
2020-05-19,TSLA,Tesla,54.34466552734375,54.80466842651367,53.73866653442383,53.867332458496094,53.867332458496094,144547500,0.0,0.0,-0.69313094591099,0.48043050817946376
2020-05-20,TSLA,Tesla,54.70000076293945,55.06666564941406,54.119998931884766,54.37066650390625,54.37066650390625,109639500,0.0,0.0,0.9300572413695359,0.8650064722239112
2020-05-21,TSLA,Tesla,54.400001525878906,55.5,53.06666564941406,55.17333221435547,55.17333221435547,183819000,0.0,0.0,1.4654934735012084,2.147671120874637
2020-05-22,TSLA,Tesla,54.81133270263672,55.45199966430664,54.133331298828125,54.45866775512695,54.45866775512695,149812500,0.0,0.0,-1.3037700356063058,1.6998163057448679
2020-05-26,TSLA,Tesla,55.633331298828125,55.63999938964844,54.38066864013672,54.591331481933594,54.591331481933594,121345500,0.0,0.0,0.2433081947381517,0.05919887762673836
2020-05-27,TSLA,Tesla,54.7239990234375,55.180667877197266,52.33333206176758,54.68199920654297,54.68199920654297,173242500,0.0,0.0,0.1659467041868106,0.02753830863046482
2020-05-28,TSLA,Tesla,54.23400115966797,54.98333358764648,53.44599914550781,53.72066879272461,53.72066879272461,108834000,0.0,0.0,-1.7736751939729611,3.1459236937150212
2020-05-29,TSLA,Tesla,53.91666793823242,55.66666793823242,53.61399841308594,55.66666793823242,55.66666793823242,176467500,0.0,0.0,3.5583725409644837,12.662015140290036
2020-06-01,TSLA,Tesla,57.20000076293945,59.93333435058594,56.939998626708984,59.87333297729492,59.87333297729492,224092500,0.0,0.0,7.284966703702294,53.070739874051064
2020-06-02,TSLA,Tesla,59.64666748046875,60.57733154296875,58.06666564941406,58.77066802978515,58.77066802978515,203484000,0.0,0.0,-1.858832621802854,3.4552587158784718
2020-06-03,TSLA,Tesla,59.20800018310547,59.862667083740234,58.67333221435547,58.86399841308594,58.86399841308594,119242500,0.0,0.0,0.15867839932888272,0.025178834413576368
2020-06-04,TSLA,Tesla,59.32533264160156,59.71666717529297,57.22933197021485,57.62533187866211,57.62533187866211,133315500,0.0,0.0,-2.126741082055923,4.523027630104398
2020-06-05,TSLA,Tesla,58.522666931152344,59.10133361816406,57.74666595458984,59.04399871826172,59.04399871826172,117178500,0.0,0.0,2.4320646383694,5.914938405206881
2020-06-08,TSLA,Tesla,61.26666641235352,63.33333206176758,60.61066818237305,63.327999114990234,63.327999114990234,212620500,0.0,0.0,7.004464847857836,49.0625278048761
2020-06-09,TSLA,Tesla,62.66733169555664,63.62933349609375,61.595333099365234,62.711334228515625,62.711334228515625,170823000,0.0,0.0,-0.9785354948220479,0.9575317146266302
2020-06-10,TSLA,Tesla,66.12533569335938,68.49866485595703,65.5,68.336669921875,68.336669921875,278451000,0.0,0.0,8.590431690632503,73.7955166314232
2020-06-11,TSLA,Tesla,66.01333618164062,67.9306640625,64.80000305175781,64.85600280761719,64.85600280761719,238747500,0.0,0.0,-5.227704642782468,27.328895832169373
2020-06-12,TSLA,Tesla,65.33333587646484,65.8653335571289,60.84000015258789,62.35200119018555,62.35200119018555,251451000,0.0,0.0,-3.937370329089697,15.502885108395908
2020-06-15,TSLA,Tesla,61.18600082397461,66.5893325805664,60.56666564941406,66.05999755859375,66.05999755859375,235458000,0.0,0.0,5.776761532071402,33.370973798419925
2020-06-16,TSLA,Tesla,67.4566650390625,67.52532958984375,64.15933227539062,65.47533416748047,65.47533416748047,210766500,0.0,0.0,-0.8889888882897298,0.7903012435026097
2020-06-17,TSLA,Tesla,65.84733581542969,67.0,65.50466918945312,66.11933135986328,66.11933135986328,148362000,0.0,0.0,0.9787666254598352,0.9579841071140333
2020-06-18,TSLA,Tesla,66.86666870117188,67.94667053222656,66.2979965209961,66.9306640625,66.9306640625,146278500,0.0,0.0,1.2196058432993926,1.4874384130100224
2020-06-19,TSLA,Tesla,67.51866912841797,67.73133087158203,66.0893325805664,66.72666931152344,66.72666931152344,130195500,0.0,0.0,-0.3052506049991116,0.09317793185232366
2020-06-22,TSLA,Tesla,66.663330078125,67.2586669921875,66.00133514404297,66.28800201416016,66.28800201416016,95436000,0.0,0.0,-0.6595797039905825,0.4350453859163045
2020-06-23,TSLA,Tesla,66.59200286865234,67.46666717529297,66.267333984375,66.78533172607422,66.78533172607422,95479500,0.0,0.0,0.7474555771254049,0.558689839775872
2020-06-24,TSLA,Tesla,66.27400207519531,66.72533416748047,63.542667388916016,64.0566635131836,64.0566635131836,164394000,0.0,0.0,-4.171541244464825,17.40175635427114
2020-06-25,TSLA,Tesla,63.61800003051758,65.73200225830078,62.47666549682617,65.73200225830078,65.73200225830078,138817500,0.0,0.0,2.5817844628587845,6.6656110126590224
2020-06-26,TSLA,Tesla,66.31866455078125,66.33333587646484,63.65800094604492,63.982666015625,63.982666015625,132823500,0.0,0.0,-2.697370050614223,7.275805189950575
2020-06-29,TSLA,Tesla,64.60066986083984,67.33333587646484,63.23466873168945,67.29000091552734,67.29000091552734,135396000,0.0,0.0,5.039944763683732,25.401043220983066
2020-06-30,TSLA,Tesla,67.0999984741211,72.51266479492188,66.91533660888672,71.98733520507812,71.98733520507812,253777500,0.0,0.0,6.747855280845434,45.53355089123362
2020-07-01,TSLA,Tesla,72.19999694824219,75.68866729736328,72.03333282470703,74.64199829101562,74.64199829101562,199903500,0.0,0.0,3.6213124954005624,13.113904189344249
2020-07-02,TSLA,Tesla,81.43199920654297,81.86666870117188,79.04000091552734,80.57733154296875,80.57733154296875,258751500,0.0,0.0,7.651403502187115,58.54397555328125
2020-07-06,TSLA,Tesla,85.11266326904297,91.85266876220705,84.40266418457031,91.43866729736328,91.43866729736328,308548500,0.0,0.0,12.645108117682744,159.89875930788602
2020-07-07,TSLA,Tesla,93.6673355102539,95.3000030517578,89.11399841308594,92.65733337402344,92.65733337402344,322345500,0.0,0.0,1.323965619758905,1.7528849623035812
2020-07-08,TSLA,Tesla,93.66666412353516,94.48400115966795,87.42266845703125,91.05867004394533,91.05867004394533,244669500,0.0,0.0,-1.7404076436543312,3.0290187660904215
2020-07-09,TSLA,Tesla,93.1326675415039,93.90399932861328,90.08533477783205,92.9520034790039,92.9520034790039,175764000,0.0,0.0,2.0579243780393908,4.235052745728813
2020-07-10,TSLA,Tesla,93.06666564941406,103.2613296508789,91.73400115966795,102.97666931152344,102.97666931152344,350064000,0.0,0.0,10.241918272489341,104.89688990035106
2020-07-13,TSLA,Tesla,110.5999984741211,119.66600036621094,98.0739974975586,99.8040008544922,99.8040008544922,584781000,0.0,0.0,-3.1294179797161576,9.793256891770758
2020-07-14,TSLA,Tesla,103.73332977294922,106.0,95.4000015258789,101.12000274658205,101.12000274658205,351271500,0.0,0.0,1.3099686323903579,1.7160178178466645
2020-07-15,TSLA,Tesla,102.86666870117188,103.33333587646484,97.13333129882812,103.06732940673828,103.06732940673828,245517000,0.0,0.0,1.9074500672006711,3.638365758863845
2020-07-16,TSLA,Tesla,98.47733306884766,102.11399841308594,97.73332977294922,100.04266357421876,100.04266357421876,214512000,0.0,0.0,-2.978572748503654,8.871895618128612
2020-07-17,TSLA,Tesla,100.89666748046876,102.50066375732422,99.33333587646484,100.05599975585938,100.05599975585938,139950000,0.0,0.0,0.013329605943793581,0.00017767839461681716
2020-07-20,TSLA,Tesla,101.267333984375,110.0,99.1999969482422,109.53333282470705,109.53333282470705,256821000,0.0,0.0,9.049888548491703,81.90048274012126
2020-07-21,TSLA,Tesla,109.32866668701172,111.66666412353516,103.86666870117188,104.55733489990234,104.55733489990234,241608000,0.0,0.0,-4.6493332015906566,21.616299219413225
2020-07-22,TSLA,Tesla,106.5999984741211,108.4280014038086,104.13333129882812,106.15533447265624,106.15533447265624,212416500,0.0,0.0,1.516786071044045,2.300639985313231
2020-07-23,TSLA,Tesla,111.93000030517578,112.5999984741211,98.71800231933594,100.87133026123048,100.87133026123048,364927500,0.0,0.0,-5.105769412846362,26.068881297157485
2020-07-24,TSLA,Tesla,94.40066528320312,97.66666412353516,91.10266876220705,94.46666717529295,94.46666717529295,290949000,0.0,0.0,-6.559870288489461,43.031898201806804
2020-07-27,TSLA,Tesla,95.66666412353516,103.1959991455078,94.1999969482422,102.63999938964844,102.63999938964844,240730500,0.0,0.0,8.298067038819532,68.85791658074317
2020-07-28,TSLA,Tesla,100.26667022705078,104.3133316040039,98.29467010498048,98.43267059326172,98.43267059326172,237130500,0.0,0.0,-4.185494718429495,17.518366038001197
2020-07-29,TSLA,Tesla,100.06666564941406,102.32066345214844,99.13333129882812,99.94066619873048,99.94066619873048,141403500,0.0,0.0,1.520390470417965,2.3115871825377607
2020-07-30,TSLA,Tesla,99.1999969482422,100.8826675415039,98.06666564941406,99.16600036621094,99.16600036621094,114315000,0.0,0.0,-0.778145458192838,0.6055103541061417
2020-07-31,TSLA,Tesla,101.0,101.13666534423828,94.73200225830078,95.38400268554688,95.38400268554688,183123000,0.0,0.0,-3.8884339639871013,15.119918692288442
2020-08-03,TSLA,Tesla,96.61333465576172,100.65399932861328,96.29199981689452,99.0,99.0,132139500,0.0,0.0,3.720897247565101,13.845076326937546
2020-08-04,TSLA,Tesla,99.6673355102539,101.82733154296876,97.46666717529295,99.13333129882812,99.13333129882812,126225000,0.0,0.0,0.13458747004375454,0.018113787092778527
2020-08-05,TSLA,Tesla,99.5326690673828,99.98933410644533,97.88733673095705,99.00133514404295,99.00133514404295,74217000,0.0,0.0,-0.13323884879126877,0.01775259082722258
2020-08-06,TSLA,Tesla,99.38866424560548,101.15399932861328,98.48400115966795,99.30533599853516,99.30533599853516,89884500,0.0,0.0,0.30659693985973363,0.09400168353135312
2020-08-07,TSLA,Tesla,99.96932983398438,99.98332977294922,94.33399963378906,96.84733581542967,96.84733581542967,133446000,0.0,0.0,-2.5063424630081315,6.281752541877667
2020-08-10,TSLA,Tesla,96.53333282470705,97.16666412353516,92.38933563232422,94.5713348388672,94.5713348388672,112834500,0.0,0.0,-2.3781465364230177,5.655580948700795
2020-08-11,TSLA,Tesla,93.06666564941406,94.66666412353516,91.0,91.6259994506836,91.6259994506836,129387000,0.0,0.0,-3.1639347547503585,10.01048313231721
2020-08-12,TSLA,Tesla,98.0,105.66666412353516,95.66666412353516,103.65066528320312,103.65066528320312,327441000,0.0,0.0,12.331118921207427,152.0564938489598
2020-08-13,TSLA,Tesla,107.4000015258789,110.07866668701172,104.48400115966795,108.06666564941406,108.06666564941406,306379500,0.0,0.0,4.172205380429948,17.407297736488605
2020-08-14,TSLA,Tesla,110.99933624267578,111.25333404541016,108.44266510009766,110.04733276367188,110.04733276367188,188664000,0.0,0.0,1.8162259872136135,3.298676836630065
2020-08-17,TSLA,Tesla,111.8000030517578,123.05733489990234,111.52200317382812,122.3759994506836,122.3759994506836,303634500,0.0,0.0,10.618769683979796,112.75826960140837
2020-08-18,TSLA,Tesla,126.59933471679688,128.25999450683594,123.00733184814452,125.80599975585938,125.80599975585938,247117500,0.0,0.0,2.764276800974182,7.6412262324040565
2020-08-19,TSLA,Tesla,124.33333587646484,127.4000015258789,122.74732971191406,125.23533630371094,125.23533630371094,183079500,0.0,0.0,-0.4546378250308005,0.2066955519487368
2020-08-20,TSLA,Tesla,124.04533386230467,134.79933166503906,123.8040008544922,133.45533752441406,133.45533752441406,309177000,0.0,0.0,6.357221379528211,40.41426366833056
2020-08-21,TSLA,Tesla,136.3173370361328,139.69932556152344,135.00332641601562,136.6653289794922,136.6653289794922,322344000,0.0,0.0,2.3768211540485353,5.649278798332611
2020-08-24,TSLA,Tesla,141.7519989013672,141.93333435058594,128.50132751464844,134.27999877929688,134.27999877929688,300954000,0.0,0.0,-1.7607920006301416,3.1003884694830965
2020-08-25,TSLA,Tesla,131.65933227539062,135.19667053222656,131.1999969482422,134.8893280029297,134.8893280029297,159883500,0.0,0.0,0.4527486632740915,0.20498135209647672
2020-08-26,TSLA,Tesla,137.3333282470703,144.39999389648438,136.90866088867188,143.54466247558594,143.54466247558594,213591000,0.0,0.0,6.21915738853809,38.67791862340791
2020-08-27,TSLA,Tesla,145.36399841308594,153.0399932861328,142.8333282470703,149.25,149.25,355395000,0.0,0.0,3.8976528733484783,15.19169792112165
2020-08-28,TSLA,Tesla,153.00799560546875,154.5659942626953,145.76800537109375,147.55999755859375,147.55999755859375,301218000,0.0,0.0,-1.138789608941323,1.2968417734327313
2020-08-31,TSLA,Tesla,148.20333862304688,166.7133331298828,146.70333862304688,166.10667419433594,166.10667419433594,355123200,0.0,5.0,11.839534141276628,140.17456868245492
2020-09-01,TSLA,Tesla,167.3800048828125,167.49667358398438,156.836669921875,158.35000610351562,158.35000610351562,269523300,0.0,0.0,-4.782238606695396,22.86980609136792
2020-09-02,TSLA,Tesla,159.663330078125,159.67999267578125,135.0399932861328,149.1233367919922,149.1233367919922,288528300,0.0,0.0,-6.003408428643926,36.040912761112935
2020-09-03,TSLA,Tesla,135.7433319091797,143.93333435058594,134.0,135.6666717529297,135.6666717529297,262788300,0.0,0.0,-9.457279297730441,89.44013171528078
2020-09-04,TSLA,Tesla,134.27000427246094,142.6666717529297,124.00666809082033,139.44000244140625,139.44000244140625,330965700,0.0,0.0,2.743348445504921,7.525960693454267
2020-09-08,TSLA,Tesla,118.66666412353516,122.913330078125,109.95999908447266,110.06999969482422,110.06999969482422,346397100,0.0,0.0,-23.65178944576766,559.4071439869264
2020-09-09,TSLA,Tesla,118.86666870117188,123.0,113.836669921875,122.09333038330078,122.09333038330078,238397400,0.0,0.0,10.366923114657203,107.4730948652138
2020-09-10,TSLA,Tesla,128.73666381835938,132.99667358398438,120.1866683959961,123.77999877929688,123.77999877929688,254791800,0.0,0.0,1.3720031040026988,1.8823925173930403
2020-09-11,TSLA,Tesla,127.3133316040039,127.5,120.16666412353516,124.23999786376952,124.23999786376952,182152500,0.0,0.0,0.3709375196707332,0.13759464349947556
2020-09-14,TSLA,Tesla,126.98332977294922,140.0,124.43333435058594,139.8733367919922,139.8733367919922,249061800,0.0,0.0,11.852211424147725,140.47491564269785
2020-09-15,TSLA,Tesla,145.52000427246094,153.97999572753906,143.56666564941406,149.9199981689453,149.9199981689453,291894600,0.0,0.0,6.9364530389043875,48.11438076092591
2020-09-16,TSLA,Tesla,146.6233367919922,152.59666442871094,145.10333251953125,147.25332641601562,147.25332641601562,216837900,0.0,0.0,-1.7947393738460666,3.2210894200333713
2020-09-17,TSLA,Tesla,138.53334045410156,145.92999267578125,136.0,141.14332580566406,141.14332580566406,230337600,0.0,0.0,-4.237854336559032,17.959409377892193
2020-09-18,TSLA,Tesla,149.31333923339844,150.3333282470703,142.93333435058594,147.38333129882812,147.38333129882812,259220400,0.0,0.0,4.326101937694436,18.715157975323557
2020-09-21,TSLA,Tesla,151.0433349609375,151.89332580566406,135.69000244140625,149.79666137695312,149.79666137695312,328430400,0.0,0.0,1.6241895082045352,2.63799155856169
2020-09-22,TSLA,Tesla,143.1999969482422,145.9199981689453,139.1999969482422,141.41000366210938,141.41000366210938,238742400,0.0,0.0,-5.761528541471742,33.1952111341935
2020-09-23,TSLA,Tesla,135.05332946777344,137.38333129882812,125.2933349609375,126.7866668701172,126.7866668701172,285222600,0.0,0.0,-10.915761260898606,119.15384390493472
2020-09-24,TSLA,Tesla,121.26667022705078,133.1666717529297,117.0999984741211,129.26333618164062,129.26333618164062,289683300,0.0,0.0,1.9345803747202597,3.74260122625278
2020-09-25,TSLA,Tesla,131.1566619873047,136.2433319091797,130.43333435058594,135.77999877929688,135.77999877929688,201625500,0.0,0.0,4.91842305281949,24.19088532650619
2020-09-28,TSLA,Tesla,141.5399932861328,142.69332885742188,138.51666259765625,140.39999389648438,140.39999389648438,149158800,0.0,0.0,3.3459528236176777,11.19540029787511
2020-09-29,TSLA,Tesla,138.6666717529297,142.8333282470703,137.1999969482422,139.69000244140625,139.69000244140625,150657900,0.0,0.0,-0.506974890260104,0.2570235393542445
2020-09-30,TSLA,Tesla,140.44000244140625,144.64332580566406,140.1566619873047,143.00332641601562,143.00332641601562,144436800,0.0,0.0,2.344219242304293,5.495363855989713
2020-10-01,TSLA,Tesla,146.9199981689453,149.6266632080078,144.80667114257812,149.3866729736328,149.3866729736328,152224500,0.0,0.0,4.367017342293971,19.070840467896296
2020-10-02,TSLA,Tesla,140.4633331298828,146.3766632080078,138.3333282470703,138.3633270263672,138.3633270263672,214290000,0.0,0.0,-7.665503512528221,58.759944100582494
2020-10-05,TSLA,Tesla,141.11666870117188,144.54666137695312,139.77667236328125,141.89332580566406,141.89332580566406,134168400,0.0,0.0,2.5192518630920655,6.3466299496928436
2020-10-06,TSLA,Tesla,141.26333618164062,142.92666625976562,135.35000610351562,137.9933319091797,137.9933319091797,147438900,0.0,0.0,-2.787018407731412,7.767471605033735
2020-10-07,TSLA,Tesla,139.9566650390625,143.3000030517578,137.9499969482422,141.76666259765625,141.76666259765625,129383100,0.0,0.0,2.6977120398229415,7.277650249805656
2020-10-08,TSLA,Tesla,146.14666748046875,146.3333282470703,141.76666259765625,141.97332763671875,141.97332763671875,121263300,0.0,0.0,0.14567215247855486,0.021220376007735336
2020-10-09,TSLA,Tesla,143.3766632080078,144.8633270263672,142.15333557128906,144.6666717529297,144.6666717529297,86777100,0.0,0.0,1.8793074176697642,3.5317963701085975
2020-10-12,TSLA,Tesla,147.3333282470703,149.5800018310547,146.19332885742188,147.43333435058594,147.43333435058594,116373300,0.0,0.0,1.8943822515122917,3.5886841148447797
2020-10-13,TSLA,Tesla,147.78334045410156,149.6300048828125,145.53334045410156,148.88333129882812,148.88333129882812,103391100,0.0,0.0,0.9786884708723409,0.9578311230184409
2020-10-14,TSLA,Tesla,149.92666625976562,155.3000030517578,149.11666870117188,153.76666259765625,153.76666259765625,143639100,0.0,0.0,3.2273287618783653,10.415650937247342
2020-10-15,TSLA,Tesla,150.10333251953125,152.19000244140625,147.5,149.6266632080078,149.6266632080078,107017200,0.0,0.0,-2.729299577407529,7.449076183236917
2020-10-16,TSLA,Tesla,151.47999572753906,151.98333740234375,146.28334045410156,146.55667114257812,146.55667114257812,98327700,0.0,0.0,-2.0731092265373596,4.297781865154329
2020-10-19,TSLA,Tesla,148.74667358398438,149.0,142.9566650390625,143.61000061035156,143.61000061035156,108863400,0.0,0.0,-2.0310891071385613,4.125322961136918
2020-10-20,TSLA,Tesla,143.9166717529297,143.9166717529297,139.68333435058594,140.64666748046875,140.64666748046875,94968900,0.0,0.0,-2.0850455371877374,4.3474148921465
2020-10-21,TSLA,Tesla,140.89999389648438,144.31666564941406,140.4166717529297,140.8800048828125,140.8800048828125,97111500,0.0,0.0,0.16576578966101715,0.02747829702194058
2020-10-22,TSLA,Tesla,147.30667114257812,148.41000366210938,141.50332641601562,141.92999267578125,141.92999267578125,119979600,0.0,0.0,0.7425427859397711,0.5513697889511967
2020-10-23,TSLA,Tesla,140.6133270263672,140.9633331298828,135.7933349609375,140.2100067138672,140.2100067138672,101151000,0.0,0.0,-1.219258008931434,1.4865900923434447
2020-10-26,TSLA,Tesla,137.2100067138672,141.9199981689453,136.6666717529297,140.0933380126953,140.0933380126953,84717600,0.0,0.0,-0.08324460631960826,0.006929664481306563
2020-10-27,TSLA,Tesla,141.25332641601562,143.5,140.03334045410156,141.55999755859375,141.55999755859375,68059500,0.0,0.0,1.0414737676610573,1.0846676087261178
2020-10-28,TSLA,Tesla,138.82666015625,139.53334045410156,135.3333282470703,135.33999633789062,135.33999633789062,76354200,0.0,0.0,-4.493353448533056,20.190225213443906
2020-10-29,TSLA,Tesla,136.65333557128906,139.35333251953125,135.48666381835938,136.94332885742188,136.94332885742188,67965900,0.0,0.0,1.177707852754995,1.3869957864407807
2020-10-30,TSLA,Tesla,135.63333129882812,135.8633270263672,126.37000274658205,129.34666442871094,129.34666442871094,127533900,0.0,0.0,-5.707106115006527,32.571060207944896
2020-11-02,TSLA,Tesla,131.3333282470703,135.66000366210938,130.76666259765625,133.50332641601562,133.50332641601562,87063300,0.0,0.0,3.1630273380806213,10.004741941445381
2020-11-03,TSLA,Tesla,136.57666015625,142.58999633789062,135.56333923339844,141.3000030517578,141.3000030517578,103055100,0.0,0.0,5.675891678442002,32.21574634540717
2020-11-04,TSLA,Tesla,143.5399932861328,145.13333129882812,139.03334045410156,140.32666015625,140.32666015625,96429300,0.0,0.0,-0.6912319735337674,0.47780164123538693
2020-11-05,TSLA,Tesla,142.76666259765625,146.6666717529297,141.3333282470703,146.02999877929688,146.02999877929688,85243500,0.0,0.0,3.983908014025376,15.871523064215616
2020-11-06,TSLA,Tesla,145.36666870117188,145.52333068847656,141.42666625976562,143.31666564941406,143.31666564941406,65118000,0.0,0.0,-1.8755444602258167,3.51766702228375
2020-11-09,TSLA,Tesla,146.5,150.8333282470703,140.3333282470703,140.4199981689453,140.4199981689453,104499000,0.0,0.0,-2.0418708541599164,4.169236585067747
2020-11-10,TSLA,Tesla,140.02999877929688,140.02999877929688,132.00999450683594,136.7866668701172,136.7866668701172,90852600,0.0,0.0,-2.6215382510501506,6.872462801719083
2020-11-11,TSLA,Tesla,138.81666564941406,139.56666564941406,136.86000061035156,139.0433349609375,139.0433349609375,52073100,0.0,0.0,1.6363110813065698,2.6775139548066758
2020-11-12,TSLA,Tesla,138.35000610351562,141.0,136.5066680908203,137.25332641601562,137.25332641601562,59565300,0.0,0.0,-1.2957330573612593,1.6789241559387564
2020-11-13,TSLA,Tesla,136.9499969482422,137.50999450683594,133.8866729736328,136.1666717529297,136.1666717529297,59313300,0.0,0.0,-0.7948653293047676,0.6318108917307766
2020-11-16,TSLA,Tesla,136.30999755859375,137.48333740234375,134.69667053222656,136.02999877929688,136.02999877929688,80515800,0.0,0.0,-0.10042223136041864,0.01008462455140545
2020-11-17,TSLA,Tesla,153.38999938964844,154.0,144.336669921875,147.20333862304688,147.20333862304688,183564900,0.0,0.0,7.893944622909929,62.31436170956859
2020-11-18,TSLA,Tesla,149.4499969482422,165.3333282470703,147.8333282470703,162.2133331298828,162.2133331298828,234132000,0.0,0.0,9.709745318946535,94.27915415880415
2020-11-19,TSLA,Tesla,164.0,169.5366668701172,162.52333068847656,166.42333984375,166.42333984375,187425900,0.0,0.0,2.562244194505548,6.565095312277384
2020-11-20,TSLA,Tesla,165.99667358398438,167.5,163.02000427246094,163.20333862304688,163.20333862304688,98735700,0.0,0.0,-1.9537882465358327,3.817288512301564
2020-11-23,TSLA,Tesla,167.8333282470703,175.3333282470703,167.26333618164062,173.9499969482422,173.9499969482422,150780900,0.0,0.0,6.377098448424992,40.66738462090444
2020-11-24,TSLA,Tesla,180.13333129882812,186.663330078125,175.39999389648438,185.1266632080078,185.1266632080078,160945500,0.0,0.0,6.227237273665439,38.77848406252817
2020-11-25,TSLA,Tesla,183.35333251953125,191.3333282470703,181.7899932861328,191.3333282470703,191.3333282470703,146790600,0.0,0.0,3.297682427747412,10.874709394274067
2020-11-27,TSLA,Tesla,193.72000122070312,199.5933380126953,192.8166656494141,195.2533264160156,195.2533264160156,112683300,0.0,0.0,2.028074420821668,4.113085856391144
2020-11-30,TSLA,Tesla,200.73666381835935,202.6000061035156,184.836669921875,189.1999969482422,189.1999969482422,189009300,0.0,0.0,-3.1493184788437203,9.918206881186524
2020-12-01,TSLA,Tesla,199.19667053222656,199.28334045410156,190.6833343505859,194.9199981689453,194.9199981689453,120310500,0.0,0.0,2.978456809344785,8.871204965132316
2020-12-02,TSLA,Tesla,185.47999572753903,190.51333618164065,180.40333557128903,189.6066741943359,189.6066741943359,143327100,0.0,0.0,-2.7637417933143107,7.638268700112202
2020-12-03,TSLA,Tesla,196.67333984375,199.6566619873047,194.1433258056641,197.7933349609375,197.7933349609375,127656000,0.0,0.0,4.227093212295078,17.868317025431125
2020-12-04,TSLA,Tesla,197.0033264160156,199.67999267578125,195.1666717529297,199.67999267578125,199.67999267578125,88203900,0.0,0.0,0.9493325730045684,0.9012323341674742
2020-12-07,TSLA,Tesla,201.63999938964844,216.26333618164065,201.01666259765625,213.9199981689453,213.9199981689453,168929100,0.0,0.0,6.888605629282201,47.45288751577842
2020-12-08,TSLA,Tesla,208.5033264160156,217.0933380126953,206.1666717529297,216.6266632080078,216.6266632080078,192795000,0.0,0.0,1.2573321033348568,1.580884018076455
2020-12-09,TSLA,Tesla,217.89666748046875,218.1066741943359,196.0,201.4933319091797,201.4933319091797,213873600,0.0,0.0,-7.241913725041024,52.44531440093756
2020-12-10,TSLA,Tesla,191.4566650390625,209.25,188.77999877929688,209.02333068847656,209.02333068847656,201249600,0.0,0.0,3.6689587245999773,13.461258122818291
2020-12-11,TSLA,Tesla,205.0033264160156,208.0,198.9333343505859,203.3300018310547,203.3300018310547,139425000,0.0,0.0,-2.7615591895456064,7.626209157363786
2020-12-14,TSLA,Tesla,206.3333282470703,214.25,203.3999938964844,213.27667236328125,213.27667236328125,156121800,0.0,0.0,4.775997018342951,22.810147519220763
2020-12-15,TSLA,Tesla,214.4266662597656,215.63333129882812,207.9333343505859,211.0833282470703,211.0833282470703,135214500,0.0,0.0,-1.0337277993335172,1.0685931631149164
2020-12-16,TSLA,Tesla,209.41000366210935,210.8333282470703,201.6666717529297,207.58999633789065,207.58999633789065,126287400,0.0,0.0,-1.668801318404443,2.7848978403084073
2020-12-17,TSLA,Tesla,209.39666748046875,219.6066741943359,206.5,218.63333129882812,218.63333129882812,168810300,0.0,0.0,5.183107739238705,26.864605836556155
2020-12-18,TSLA,Tesla,222.96665954589844,231.6666717529297,209.51333618164065,231.6666717529297,231.6666717529297,666378600,0.0,0.0,5.790353852575241,33.52819773803294
2020-12-21,TSLA,Tesla,222.0800018310547,222.8333282470703,215.3566741943359,216.6199951171875,216.6199951171875,174135900,0.0,0.0,-6.715493498509615,45.097852928524915
2020-12-22,TSLA,Tesla,216.0,216.6266632080078,204.7433319091797,213.44667053222656,213.44667053222656,155148000,0.0,0.0,-1.475762913420309,2.1778761766267984
2020-12-23,TSLA,Tesla,210.73333740234375,217.1666717529297,207.52333068847656,215.32666015625,215.32666015625,99519000,0.0,0.0,0.876920991536227,0.7689904253968796
2020-12-24,TSLA,Tesla,214.3300018310547,222.02999877929688,213.6666717529297,220.58999633789065,220.58999633789065,68596800,0.0,0.0,2.4149533626973363,5.831999744003173
2020-12-28,TSLA,Tesla,224.836669921875,227.13333129882812,220.26666259765625,221.22999572753903,221.22999572753903,96835800,0.0,0.0,0.28971067347804913,0.0839322743271048
2020-12-29,TSLA,Tesla,220.3333282470703,223.3000030517578,218.3333282470703,221.9966735839844,221.9966735839844,68732400,0.0,0.0,0.34595328945029336,0.11968367848147846
2020-12-30,TSLA,Tesla,224.0,232.1999969482422,222.7866668701172,231.5933380126953,231.5933380126953,128538000,0.0,0.0,4.232058232357691,17.910316882066503
2020-12-31,TSLA,Tesla,233.3300018310547,239.5733337402344,230.3733367919922,235.22332763671875,235.22332763671875,148949700,0.0,0.0,1.5552413007484784,2.418775503553819
2021-01-04,TSLA,Tesla,239.82000732421875,248.163330078125,239.06333923339844,243.2566680908203,243.2566680908203,145914600,0.0,0.0,3.358173995604568,11.277332584754749
2021-01-05,TSLA,Tesla,241.22000122070312,246.94667053222656,239.73333740234375,245.0366668701172,245.0366668701172,96735600,0.0,0.0,0.7290726849836653,0.5315469799892908
2021-01-06,TSLA,Tesla,252.8300018310547,258.0,249.6999969482422,251.9933319091797,251.9933319091797,134100000,0.0,0.0,2.7994766442436516,7.837069481665697
2021-01-07,TSLA,Tesla,259.2099914550781,272.3299865722656,258.3999938964844,272.0133361816406,272.0133361816406,154496700,0.0,0.0,7.644846869014829,58.443683650685834
2021-01-08,TSLA,Tesla,285.3333435058594,294.8299865722656,279.46331787109375,293.3399963378906,293.3399963378906,225166500,0.0,0.0,7.548123816080572,56.97417314288274
2021-01-11,TSLA,Tesla,283.1333312988281,284.80999755859375,267.8733215332031,270.39666748046875,270.39666748046875,177904800,0.0,0.0,-8.144231364811663,66.32850452358204
2021-01-12,TSLA,Tesla,277.0,289.3333435058594,275.7799987792969,283.14666748046875,283.14666748046875,138812100,0.0,0.0,4.60750033550754,21.229059341702094
2021-01-13,TSLA,Tesla,284.2533264160156,286.8233337402344,277.3333435058594,284.8033447265625,284.8033447265625,99937500,0.0,0.0,0.583390055163722,0.3403439564639306
2021-01-14,TSLA,Tesla,281.1300048828125,287.6666564941406,279.5833435058594,281.6666564941406,281.6666564941406,93798900,0.0,0.0,-1.1074621019438693,1.2264723072419332
2021-01-15,TSLA,Tesla,284.0,286.6333312988281,273.0333251953125,275.38665771484375,275.38665771484375,116332800,0.0,0.0,-2.254816438492551,5.084197171296233
2021-01-19,TSLA,Tesla,279.26666259765625,283.3333435058594,277.6666564941406,281.51666259765625,281.51666259765625,76101000,0.0,0.0,2.2015499815695145,4.846822321348729
2021-01-20,TSLA,Tesla,286.2466735839844,286.5,279.09332275390625,283.48333740234375,283.48333740234375,76997700,0.0,0.0,0.696170884124915,0.48465389990326585
2021-01-21,TSLA,Tesla,285.0,285.239990234375,280.47332763671875,281.663330078125,281.663330078125,61563300,0.0,0.0,-0.6440854103183227,0.4148460157849221
2021-01-22,TSLA,Tesla,278.10333251953125,282.6666564941406,276.2066650390625,282.21331787109375,282.21331787109375,60199500,0.0,0.0,0.1950738585747166,0.03805381029922853
2021-01-25,TSLA,Tesla,285.0,300.1333312988281,279.6066589355469,293.6000061035156,293.6000061035156,123520200,0.0,0.0,3.9555086200732226,15.64604844347357
2021-01-26,TSLA,Tesla,297.1266784667969,298.6333312988281,290.5333251953125,294.36334228515625,294.36334228515625,69394800,0.0,0.0,0.2596544878530684,0.06742045306223923
2021-01-27,TSLA,Tesla,290.1166687011719,297.1666564941406,286.2200012207031,288.0533447265625,288.0533447265625,82002000,0.0,0.0,-2.166917467846242,4.695531312457169
2021-01-28,TSLA,Tesla,273.3333435058594,282.6666564941406,267.0,278.4766540527344,278.4766540527344,79134000,0.0,0.0,-3.3811459334112026,11.432147823023113
2021-01-29,TSLA,Tesla,276.6666564941406,280.8033447265625,260.0333251953125,264.510009765625,264.510009765625,104972400,0.0,0.0,-5.145513370813109,26.476307849216486
2021-02-01,TSLA,Tesla,271.42999267578125,280.6666564941406,265.1866760253906,279.9366760253906,279.9366760253906,76174200,0.0,0.0,5.668432585298431,32.13112797407306
2021-02-02,TSLA,Tesla,281.55999755859375,293.5,280.73333740234375,290.92999267578125,290.92999267578125,73038600,0.0,0.0,3.851924269165984,14.837320575389901
2021-02-03,TSLA,Tesla,292.3399963378906,292.6933288574219,284.35333251953125,284.89666748046875,284.89666748046875,55030500,0.0,0.0,-2.095611895117204,4.391589214956719
2021-02-04,TSLA,Tesla,285.0,285.5,277.8066711425781,283.3299865722656,283.3299865722656,47438100,0.0,0.0,-0.5514295631595512,0.3040745631263334
2021-02-05,TSLA,Tesla,281.6666564941406,288.25665283203125,279.65667724609375,284.07666015625,284.07666015625,55699800,0.0,0.0,0.2631883215661463,0.06926809260880523
2021-02-08,TSLA,Tesla,289.8900146484375,292.5899963378906,284.9166564941406,287.8066711425781,287.8066711425781,60485100,0.0,0.0,1.3044842106937113,1.701679055949195
2021-02-09,TSLA,Tesla,285.0400085449219,286.6000061035156,280.5833435058594,283.1533203125,283.1533203125,45473100,0.0,0.0,-1.6300455142510475,2.6570483785299617
2021-02-10,TSLA,Tesla,281.21331787109375,281.6066589355469,266.67333984375,268.2733459472656,268.2733459472656,108648300,0.0,0.0,-5.398211054651662,29.140682590563404
2021-02-11,TSLA,Tesla,270.8133239746094,276.6266784667969,267.24334716796875,270.5533447265625,270.5533447265625,64868400,0.0,0.0,0.8462878423046197,0.7162031120326089
2021-02-12,TSLA,Tesla,267.086669921875,272.4433288574219,261.77667236328125,272.0400085449219,272.0400085449219,71304900,0.0,0.0,0.547985901275123,0.3002885479963089
2021-02-16,TSLA,Tesla,272.6666564941406,273.6666564941406,264.14666748046875,265.40667724609375,265.40667724609375,59406900,0.0,0.0,-2.4685864957400336,6.093919286950059
2021-02-17,TSLA,Tesla,259.6966552734375,266.61334228515625,254.0033264160156,266.04998779296875,266.04998779296875,77989500,0.0,0.0,0.24209343993348834,0.05860923365882952
2021-02-18,TSLA,Tesla,260.29998779296875,264.89666748046875,258.75665283203125,262.4599914550781,262.4599914550781,53871300,0.0,0.0,-1.358555824881115,1.8456739293184066
2021-02-19,TSLA,Tesla,265.0,265.5966796875,259.1233215332031,260.4333190917969,260.4333190917969,56874900,0.0,0.0,-0.7751801260508434,0.6009042278242015
2021-02-22,TSLA,Tesla,254.2133331298828,256.1666564941406,236.73333740234375,238.1666717529297,238.1666717529297,111809100,0.0,0.0,-8.937612559287707,79.88091825993736
2021-02-23,TSLA,Tesla,220.7100067138672,237.8699951171875,206.3333282470703,232.94667053222656,232.94667053222656,199820700,0.0,0.0,-2.2161184525391957,4.911180995684719
2021-02-24,TSLA,Tesla,237.28334045410156,248.3333282470703,231.38999938964844,247.33999633789065,247.33999633789065,110301000,0.0,0.0,5.995434797561986,35.94523841181713
2021-02-25,TSLA,Tesla,242.0500030517578,245.73666381835935,223.52667236328125,227.4066619873047,227.4066619873047,117071700,0.0,0.0,-8.402401628244045,70.60035312231817
2021-02-26,TSLA,Tesla,233.3333282470703,235.5666656494141,219.836669921875,225.1666717529297,225.1666717529297,123267600,0.0,0.0,-0.9898985904473094,0.97989921936957
2021-03-01,TSLA,Tesla,230.0366668701172,239.6666717529297,228.3500061035156,239.47666931152344,239.47666931152344,81408600,0.0,0.0,6.16151066367514,37.96421365858247
2021-03-02,TSLA,Tesla,239.4266662597656,240.3699951171875,228.3333282470703,228.81333923339844,228.81333923339844,71196600,0.0,0.0,-4.554943930628858,20.74751421117267
2021-03-03,TSLA,Tesla,229.3300018310547,233.5666656494141,217.23666381835935,217.73333740234375,217.73333740234375,90624000,0.0,0.0,-4.963546753524193,24.63679637442056
2021-03-04,TSLA,Tesla,218.6000061035156,222.8166656494141,200.0,207.14666748046875,207.14666748046875,197758500,0.0,0.0,-4.984401019282242,24.844253521021848
2021-03-05,TSLA,Tesla,208.68666076660156,209.27999877929688,179.8300018310547,199.3166656494141,199.3166656494141,268189500,0.0,0.0,-3.8532236280416896,14.84733232769876
2021-03-08,TSLA,Tesla,200.1833343505859,206.7100067138672,186.26333618164065,187.6666717529297,187.6666717529297,155361000,0.0,0.0,-6.022747806878108,36.273491145255065
2021-03-09,TSLA,Tesla,202.72666931152344,226.02999877929688,198.40333557128903,224.52667236328125,224.52667236328125,202569900,0.0,0.0,17.932714140524915,321.58223644578226
2021-03-10,TSLA,Tesla,233.4333343505859,239.28334045410156,218.35333251953125,222.68666076660156,222.68666076660156,181817100,0.0,0.0,-0.8228833280182691,0.6771369715304223
2021-03-11,TSLA,Tesla,233.13333129882812,234.1666717529297,225.72666931152344,233.1999969482422,233.1999969482422,108761700,0.0,0.0,4.613076669060556,21.28047635463083
2021-03-12,TSLA,Tesla,223.3333282470703,231.6266632080078,222.04666137695312,231.2433319091797,231.2433319091797,100751400,0.0,0.0,-0.8425900400429928,0.7099579755796521
2021-03-15,TSLA,Tesla,231.3633270263672,237.72666931152344,228.01333618164065,235.97999572753903,235.97999572753903,88006800,0.0,0.0,2.027649657712319,4.111363134420885
2021-03-16,TSLA,Tesla,234.4499969482422,235.97332763671875,223.6666717529297,225.6266632080078,225.6266632080078,96587100,0.0,0.0,-4.486533694757759,20.128984594196712
2021-03-17,TSLA,Tesla,218.9566650390625,234.57666015625,217.0033264160156,233.93666076660156,233.93666076660156,121117500,0.0,0.0,3.616869761350537,13.081746870571891
2021-03-18,TSLA,Tesla,228.09666442871097,229.7433319091797,217.3333282470703,217.72000122070312,217.72000122070312,99674400,0.0,0.0,-7.1840559059762015,51.61065926019154
2021-03-19,TSLA,Tesla,215.53334045410156,219.07666015625,208.2066650390625,218.2899932861328,218.2899932861328,128682000,0.0,0.0,0.2614584056873359,0.06836049790456353
2021-03-22,TSLA,Tesla,228.19667053222656,233.2066650390625,222.9166717529297,223.3333282470703,223.3333282470703,118536600,0.0,0.0,2.2840977712960258,5.217102628839472
2021-03-23,TSLA,Tesla,225.2566680908203,225.9333343505859,219.1699981689453,220.72000122070312,220.72000122070312,91475700,0.0,0.0,-1.177046550300851,1.3854385815751336
2021-03-24,TSLA,Tesla,222.6366729736328,222.67333984375,210.0366668701172,210.08999633789065,210.08999633789065,101385600,0.0,0.0,-4.935894253519081,24.36305208192268
2021-03-25,TSLA,Tesla,204.3333282470703,215.1666717529297,203.1666717529297,213.4633331298828,213.4633331298828,117674700,0.0,0.0,1.5929083234572168,2.5373569269392813
2021-03-26,TSLA,Tesla,213.9566650390625,214.6066741943359,199.9633331298828,206.23666381835935,206.23666381835935,101558400,0.0,0.0,-3.4440713289359186,11.861627318798424
2021-03-29,TSLA,Tesla,205.2133331298828,205.4933319091797,198.67333984375,203.76333618164065,203.76333618164065,85911000,0.0,0.0,-1.206515921840402,1.4556806696543951
2021-03-30,TSLA,Tesla,200.5833282470703,212.55332946777344,197.0033264160156,211.8733367919922,211.8733367919922,118297200,0.0,0.0,3.902942452340498,15.23295978628166
2021-03-31,TSLA,Tesla,215.5399932861328,224.0,213.70333862304688,222.6433258056641,222.6433258056641,100011900,0.0,0.0,4.958242699342918,24.584170665587347
2021-04-01,TSLA,Tesla,229.4566650390625,230.80667114257812,219.80667114257812,220.5833282470703,220.5833282470703,105895200,0.0,0.0,-0.9295525767170773,0.8640679928813578
2021-04-05,TSLA,Tesla,235.90333557128903,236.05332946777344,228.23333740234375,230.3500061035156,230.3500061035156,125528400,0.0,0.0,4.332438849776634,18.770026387053882
2021-04-06,TSLA,Tesla,230.1000061035156,232.1833343505859,227.1233367919922,230.5399932861328,230.5399932861328,84815400,0.0,0.0,0.08244361718844317,0.006796950015114563
2021-04-07,TSLA,Tesla,229.0,230.4600067138672,222.6133270263672,223.6566619873047,223.6566619873047,78928200,0.0,0.0,-3.031223705748461,9.18831715429143
2021-04-08,TSLA,Tesla,225.7933349609375,229.8500061035156,223.88333129882812,227.9333343505859,227.9333343505859,71772900,0.0,0.0,1.8941076007001438,3.5876436030300556
2021-04-09,TSLA,Tesla,225.92333984375,226.9900054931641,223.1433258056641,225.67333984375,225.67333984375,64311300,0.0,0.0,-0.996463824588327,0.9929401537131962
2021-04-12,TSLA,Tesla,228.5666656494141,234.9333343505859,227.3633270263672,233.9933319091797,233.9933319091797,87407100,0.0,0.0,3.6204064082915663,13.10734256119864
2021-04-13,TSLA,Tesla,237.5666656494141,254.3333282470703,236.8866729736328,254.1066741943359,254.1066741943359,133958400,0.0,0.0,8.24615371588125,67.99905110594216
2021-04-14,TSLA,Tesla,256.8999938964844,260.2633361816406,242.6766662597656,244.07666015625,244.07666015625,147052200,0.0,0.0,-4.027179907894094,16.218178010545888
2021-04-15,TSLA,Tesla,247.6999969482422,247.89666748046875,240.43666076660156,246.28334045410156,246.28334045410156,83546700,0.0,0.0,0.9000306677510111,0.810055202892331
2021-04-16,TSLA,Tesla,242.88333129882812,249.80332946777344,241.53334045410156,246.5933380126953,246.5933380126953,83938500,0.0,0.0,0.12579114127894178,0.01582341122425869
2021-04-19,TSLA,Tesla,239.86666870117188,241.8000030517578,230.6000061035156,238.2100067138672,238.2100067138672,119058600,0.0,0.0,-3.4587909254449345,11.963234665940226
2021-04-20,TSLA,Tesla,239.13999938964844,245.75,236.89666748046875,239.663330078125,239.663330078125,106827000,0.0,0.0,0.6082481415169929,0.3699658016588758
2021-04-21,TSLA,Tesla,234.92333984375,248.27999877929688,232.6666717529297,248.0399932861328,248.0399932861328,93646500,0.0,0.0,3.435484924604316,11.802556667183522
2021-04-22,TSLA,Tesla,247.1666717529297,251.2566680908203,239.34666442871097,239.89666748046875,239.89666748046875,106770900,0.0,0.0,-3.3381717950916157,11.143390933545179
2021-04-23,TSLA,Tesla,239.9333343505859,245.7866668701172,238.48666381835935,243.13333129882812,243.13333129882812,85110000,0.0,0.0,1.3401702875530779,1.7960563996400993
2021-04-26,TSLA,Tesla,247.0,249.76666259765625,244.20333862304688,246.0666656494141,246.0666656494141,93115500,0.0,0.0,1.1992516455123612,1.438204509264106
2021-04-27,TSLA,Tesla,239.32000732421875,241.3333282470703,234.4499969482422,234.913330078125,234.913330078125,88311000,0.0,0.0,-4.638585985423081,21.516479944163414
2021-04-28,TSLA,Tesla,232.1366729736328,236.1666717529297,231.1999969482422,231.46665954589844,231.46665954589844,66813000,0.0,0.0,-1.4780794025162398,2.1847187201427647
2021-04-29,TSLA,Tesla,233.1699981689453,234.0833282470703,222.8333282470703,225.6666717529297,225.6666717529297,86536200,0.0,0.0,-2.5376837131345886,6.439838627908553
2021-04-30,TSLA,Tesla,222.52999877929688,238.4900054931641,222.04666137695312,236.47999572753903,236.47999572753903,122276100,0.0,0.0,4.680461290993819,21.90671789649152
2021-05-03,TSLA,Tesla,234.6000061035156,235.3333282470703,226.8333282470703,228.3000030517578,228.3000030517578,81129300,0.0,0.0,-3.5203052789871054,12.392549257264482
2021-05-04,TSLA,Tesla,226.31333923339844,227.8166656494141,219.23333740234375,224.53334045410156,224.53334045410156,89217900,0.0,0.0,-1.6636360929421883,2.767685049739949
2021-05-05,TSLA,Tesla,227.02000427246097,228.4333343505859,222.44667053222656,223.64666748046875,223.64666748046875,65705700,0.0,0.0,-0.39567768073258175,0.1565608270299149
2021-05-06,TSLA,Tesla,226.9199981689453,227.0066680908203,216.6666717529297,221.17999267578125,221.17999267578125,83353800,0.0,0.0,-1.1090612633393284,1.2300168858398273
2021-05-07,TSLA,Tesla,221.9333343505859,230.0,220.0733337402344,224.1233367919922,224.1233367919922,70407600,0.0,0.0,1.3219694470214067,1.747603218858084
2021-05-10,TSLA,Tesla,221.63333129882812,221.6833343505859,209.20333862304688,209.67999267578125,209.67999267578125,94177200,0.0,0.0,-6.661398691844631,44.37423253170935
2021-05-11,TSLA,Tesla,199.7466735839844,209.03334045410156,198.53334045410156,205.73333740234375,205.73333740234375,139511700,0.0,0.0,-1.9001672485714396,3.610635572543555
2021-05-12,TSLA,Tesla,200.8300018310547,206.80332946777344,195.58999633789065,196.6300048828125,196.6300048828125,101470800,0.0,0.0,-4.525703659502106,20.481993613630756
2021-05-13,TSLA,Tesla,200.51333618164065,202.15333557128903,186.5500030517578,190.56333923339844,190.56333923339844,132554700,0.0,0.0,-3.1339186285390794,9.821445970304264
2021-05-14,TSLA,Tesla,194.47000122070312,197.6233367919922,190.15333557128903,196.5800018310547,196.5800018310547,100112700,0.0,0.0,3.1084853734470936,9.662681316934517
2021-05-17,TSLA,Tesla,191.8500061035156,196.57666015625,187.0666656494141,192.27667236328125,192.27667236328125,97171200,0.0,0.0,-2.213414578006038,4.899204094129647
2021-05-18,TSLA,Tesla,189.3333282470703,198.75,187.7933349609375,192.6233367919922,192.6233367919922,110491800,0.0,0.0,0.18013224952045326,0.03244762731729883
2021-05-19,TSLA,Tesla,184.1833343505859,188.73666381835935,182.32666015625,187.82000732421875,187.82000732421875,118735200,0.0,0.0,-2.525256279576602,6.376919277541061
2021-05-20,TSLA,Tesla,191.6666717529297,196.28334045410156,190.3566741943359,195.5933380126953,195.5933380126953,92463300,0.0,0.0,4.055360140847516,16.445945871974786
2021-05-21,TSLA,Tesla,198.70333862304688,198.8933258056641,193.3333282470703,193.6266632080078,193.6266632080078,78091800,0.0,0.0,-1.0105809239520405,1.0212738038557598
2021-05-24,TSLA,Tesla,193.86666870117188,204.82666015625,191.21665954589844,202.14666748046875,202.14666748046875,103674300,0.0,0.0,4.306162202970284,18.54303291828989
2021-05-25,TSLA,Tesla,202.43666076660156,204.663330078125,198.57000732421875,201.56333923339844,201.56333923339844,84017700,0.0,0.0,-0.2889839951081735,0.08351174942868085
2021-05-26,TSLA,Tesla,202.52000427246097,208.72332763671875,200.5,206.3766632080078,206.3766632080078,85917900,0.0,0.0,2.3599290742317445,5.569265235404298
2021-05-27,TSLA,Tesla,206.7466735839844,210.3766632080078,205.40333557128903,210.28334045410156,210.28334045410156,79111800,0.0,0.0,1.8752900206065233,3.5167126613864146
2021-05-28,TSLA,Tesla,209.5,211.8633270263672,207.4600067138672,208.4066619873047,208.4066619873047,68211000,0.0,0.0,-0.8964584890580543,0.8036378226042495
2021-06-01,TSLA,Tesla,209.26666259765625,211.26666259765625,206.8500061035156,207.96665954589844,207.96665954589844,54254700,0.0,0.0,-0.2113500469111133,0.0446688423293298
2021-06-02,TSLA,Tesla,206.7100067138672,207.7866668701172,199.7133331298828,201.7066650390625,201.7066650390625,69908400,0.0,0.0,-3.0563287475861585,9.341145413321575
2021-06-03,TSLA,Tesla,200.6000061035156,201.51666259765625,190.4066619873047,190.94667053222656,190.94667053222656,90335700,0.0,0.0,-5.482031154624074,30.052665580268954
2021-06-04,TSLA,Tesla,193.23666381835935,200.20333862304688,192.3999938964844,199.6833343505859,199.6833343505859,72110700,0.0,0.0,4.473860632554896,20.015428959524492
2021-06-07,TSLA,Tesla,197.27667236328125,203.3333282470703,194.2933349609375,201.7100067138672,201.7100067138672,67631100,0.0,0.0,1.009827208586479,1.01975099120156
2021-06-08,TSLA,Tesla,207.6699981689453,207.69667053222656,198.5,201.19667053222656,201.19667053222656,78160200,0.0,0.0,-0.254816555989226,0.06493147720621034
2021-06-09,TSLA,Tesla,200.72332763671875,203.92999267578125,199.2100067138672,199.5933380126953,199.5933380126953,49753800,0.0,0.0,-0.8000903407653627,0.6401445533860342
2021-06-10,TSLA,Tesla,201.2933349609375,205.52999877929688,200.1666717529297,203.3733367919922,203.3733367919922,71758800,0.0,0.0,1.8761400839628444,3.5199016146521087
2021-06-11,TSLA,Tesla,203.41000366210935,204.18666076660156,200.5066680908203,203.29666137695312,203.29666137695312,48615900,0.0,0.0,-0.03770891203820165,0.001421962047104829
2021-06-14,TSLA,Tesla,204.07666015625,208.4966735839844,203.05999755859375,205.89666748046875,205.89666748046875,61272000,0.0,0.0,1.2708130416930217,1.6149657869370697
2021-06-15,TSLA,Tesla,205.56333923339844,205.59666442871097,199.41000366210935,199.7866668701172,199.7866668701172,53292300,0.0,0.0,-3.012429716067012,9.074732794243578
2021-06-16,TSLA,Tesla,199.17999267578125,202.8333282470703,197.8333282470703,201.6233367919922,201.6233367919922,66432300,0.0,0.0,0.9151155788618983,0.8374365226757472
2021-06-17,TSLA,Tesla,200.6300048828125,207.1566619873047,200.44667053222656,205.53334045410156,205.53334045410156,68104200,0.0,0.0,1.92069740346885,3.6890785156919823
2021-06-18,TSLA,Tesla,204.4566650390625,209.4499969482422,203.9333343505859,207.77000427246097,207.77000427246097,73682700,0.0,0.0,1.0823457790850386,1.1714723855031992
2021-06-21,TSLA,Tesla,208.16000366210935,210.4633331298828,202.9600067138672,206.94332885742188,206.94332885742188,74438100,0.0,0.0,-0.3986737073227788,0.1589407249104887
2021-06-22,TSLA,Tesla,206.0833282470703,209.52333068847656,205.1666717529297,207.90333557128903,207.90333557128903,57476700,0.0,0.0,0.4628256702323365,0.2142076010260115
2021-06-23,TSLA,Tesla,210.6666717529297,219.0666656494141,210.01333618164065,218.8566741943359,218.8566741943359,93297600,0.0,0.0,5.134382098403187,26.36187953240312
2021-06-24,TSLA,Tesla,224.9966735839844,232.5399932861328,222.5366668701172,226.6066741943359,226.6066741943359,137947200,0.0,0.0,3.479874196476401,12.109524423302277
2021-06-25,TSLA,Tesla,229.86000061035156,231.27000427246097,222.8999938964844,223.9566650390625,223.9566650390625,97490100,0.0,0.0,-1.176322830573604,1.3837354017286958
2021-06-28,TSLA,Tesla,223.8800048828125,231.5666656494141,223.44000244140625,229.5733337402344,229.5733337402344,64884600,0.0,0.0,2.4769941961746587,6.135500247882943
2021-06-29,TSLA,Tesla,228.21665954589844,229.1699981689453,225.29666137695312,226.9199981689453,226.9199981689453,52143900,0.0,0.0,-1.1624991064810086,1.3514041725691435
2021-06-30,TSLA,Tesla,226.58999633789065,230.93666076660156,226.04666137695312,226.5666656494141,226.5666656494141,56774700,0.0,0.0,-0.15582931945794673,0.024282776802726815
2021-07-01,TSLA,Tesla,227.97332763671875,229.3300018310547,224.26666259765625,225.97332763671875,225.97332763671875,55903500,0.0,0.0,-0.26222581937176714,0.06876238034519465
2021-07-02,TSLA,Tesla,226.32666015625,233.3333282470703,224.4199981689453,226.3000030517578,226.3000030517578,81163500,0.0,0.0,0.14445931240384158,0.0208684929401907
2021-07-06,TSLA,Tesla,227.23666381835935,228.0,217.13333129882812,219.86000061035156,219.86000061035156,69853500,0.0,0.0,-2.887058319813414,8.335105742003854
2021-07-07,TSLA,Tesla,221.42333984375,221.8999938964844,212.77333068847656,214.88333129882812,214.88333129882812,56376000,0.0,0.0,-2.289574720602526,5.242152401222135
2021-07-08,TSLA,Tesla,209.4566650390625,218.1433258056641,206.82000732421875,217.60333251953125,217.60333251953125,68319900,0.0,0.0,1.257859403128338,1.582210278038379
2021-07-09,TSLA,Tesla,217.72666931152344,219.6366729736328,214.89666748046875,218.98333740234375,218.98333740234375,54421500,0.0,0.0,0.6321812249024031,0.3996531011191028
2021-07-12,TSLA,Tesla,220.73333740234375,229.0800018310547,220.72000122070312,228.5666656494141,228.5666656494141,77781000,0.0,0.0,4.283227917054465,18.346041389434735
2021-07-13,TSLA,Tesla,228.77333068847656,231.0933380126953,222.1000061035156,222.84666442871097,222.84666442871097,62898300,0.0,0.0,-2.534398967789286,6.423178127931398
2021-07-14,TSLA,Tesla,223.5833282470703,226.20333862304688,217.6133270263672,217.7933349609375,217.7933349609375,64923600,0.0,0.0,-2.29373231117115,5.261207915310545
2021-07-15,TSLA,Tesla,219.4633331298828,222.04666137695312,212.6266632080078,216.86666870117188,216.86666870117188,60628800,0.0,0.0,-0.4263873629526309,0.1818061832856986
2021-07-16,TSLA,Tesla,218.22666931152344,218.8999938964844,214.0666656494141,214.7400054931641,214.7400054931641,49113000,0.0,0.0,-0.9854715165981515,0.9711541100262607
2021-07-19,TSLA,Tesla,209.9633331298828,215.73333740234375,207.09666442871097,215.4066619873047,215.4066619873047,63891300,0.0,0.0,0.3099673103658058,0.0960797334954118
2021-07-20,TSLA,Tesla,217.3300018310547,220.79666137695312,213.5,220.1666717529297,220.1666717529297,46461300,0.0,0.0,2.1857165705963832,4.777356926979614
2021-07-21,TSLA,Tesla,219.8699951171875,221.6199951171875,216.76333618164065,218.42999267578125,218.42999267578125,41859900,0.0,0.0,-0.7919294852611358,0.6271523096259676
2021-07-22,TSLA,Tesla,218.81333923339844,220.72332763671875,214.86666870117188,216.4199981689453,216.4199981689453,45317100,0.0,0.0,-0.924460786068585,0.854627744978546
2021-07-23,TSLA,Tesla,215.45333862304688,216.26666259765625,212.4333343505859,214.4600067138672,214.4600067138672,43814700,0.0,0.0,-0.9097683584931695,0.8276784661153562
2021-07-26,TSLA,Tesla,216.9900054931641,222.73333740234375,215.70333862304688,219.2066650390625,219.2066650390625,76009800,0.0,0.0,2.189168871378688,4.792460347413438
2021-07-27,TSLA,Tesla,221.13333129882812,222.1666717529297,209.0800018310547,214.9266662597656,214.9266662597656,98439900,0.0,0.0,-1.9718078031379662,3.8880260125157724
2021-07-28,TSLA,Tesla,215.6666717529297,218.3233337402344,213.13333129882812,215.66000366210935,215.66000366210935,48019800,0.0,0.0,0.3406227654540995,0.11602386834559847
2021-07-29,TSLA,Tesla,216.59666442871097,227.89666748046875,216.26666259765625,225.78334045410156,225.78334045410156,91183800,0.0,0.0,4.587275846182953,21.043099688973527
2021-07-30,TSLA,Tesla,223.9199981689453,232.5099945068359,223.0,229.0666656494141,229.0666656494141,88969200,0.0,0.0,1.443720866438284,2.0843299401893094
2021-08-02,TSLA,Tesla,233.3333282470703,242.31333923339844,232.8000030517578,236.55667114257812,236.55667114257812,100847400,0.0,0.0,3.217472594711166,10.352129897717402
2021-08-03,TSLA,Tesla,239.6666717529297,240.88333129882812,233.6699981689453,236.5800018310547,236.5800018310547,64860900,0.0,0.0,0.009862134908657855,9.726170495656788e-05
2021-08-04,TSLA,Tesla,237.0,241.63333129882812,236.30999755859375,236.97332763671875,236.97332763671875,51007800,0.0,0.0,0.1661168327351945,0.027594802117972588
2021-08-05,TSLA,Tesla,238.6666717529297,240.3166656494141,237.1366729736328,238.2100067138672,238.2100067138672,38758800,0.0,0.0,0.5205072568156722,0.27092780439777614
2021-08-06,TSLA,Tesla,237.3000030517578,238.77667236328125,232.5433349609375,233.03334045410156,233.03334045410156,46869000,0.0,0.0,-2.1971130346089582,4.827305686848585
2021-08-09,TSLA,Tesla,236.72332763671875,239.6766662597656,235.0433349609375,237.9199981689453,237.9199981689453,44145900,0.0,0.0,2.075293960905606,4.306845024171279
2021-08-10,TSLA,Tesla,237.9966735839844,238.8633270263672,233.9600067138672,236.663330078125,236.663330078125,40296900,0.0,0.0,-0.5295892009324611,0.28046472174428266
2021-08-11,TSLA,Tesla,237.57000732421875,238.3933258056641,234.73666381835935,235.94000244140625,235.94000244140625,29401800,0.0,0.0,-0.3061037245157465,0.09369949016241204
2021-08-12,TSLA,Tesla,235.44667053222656,240.9333343505859,233.13333129882812,240.75,240.75,52377300,0.0,0.0,2.0181504916966015,4.0729314071352345
2021-08-13,TSLA,Tesla,241.23666381835935,243.3000030517578,238.1133270263672,239.05667114257812,239.05667114257812,50194500,0.0,0.0,-0.7058409103322201,0.49821139069861714
2021-08-16,TSLA,Tesla,235.02333068847656,236.5,225.46665954589844,228.72332763671875,228.72332763671875,68032200,0.0,0.0,-4.418754471286682,19.525391077516048
2021-08-17,TSLA,Tesla,224.22000122070312,224.86000061035156,216.27999877929688,221.90333557128903,221.90333557128903,71163900,0.0,0.0,-3.0271235169467254,9.163476786851913
2021-08-18,TSLA,Tesla,223.25,231.92333984375,223.11666870117188,229.663330078125,229.663330078125,61048200,0.0,0.0,3.437259258571844,11.814751210637862
2021-08-19,TSLA,Tesla,226.07000732421875,228.8500061035156,222.52999877929688,224.4900054931641,224.4900054931641,42940500,0.0,0.0,-2.2783267048393734,5.190772573984237
2021-08-20,TSLA,Tesla,227.61666870117188,230.7100067138672,224.5666656494141,226.7533264160156,226.7533264160156,44525700,0.0,0.0,1.0031571629142373,1.0063242935061416
2021-08-23,TSLA,Tesla,228.47999572753903,237.3766632080078,226.9166717529297,235.4333343505859,235.4333343505859,60794700,0.0,0.0,3.7565033208487946,14.111317199548022
2021-08-24,TSLA,Tesla,236.8933258056641,238.4066619873047,234.2133331298828,236.163330078125,236.163330078125,39249300,0.0,0.0,0.30958501857265275,0.09584288372462975
2021-08-25,TSLA,Tesla,235.6766662597656,238.9900054931641,234.6666717529297,237.0666656494141,237.0666656494141,37936800,0.0,0.0,0.3817748987326931,0.14575207330235807
2021-08-26,TSLA,Tesla,236.10333251953125,238.46665954589844,232.5399932861328,233.72000122070312,233.72000122070312,39642900,0.0,0.0,-1.4217568331421202,2.0213924925863105
2021-08-27,TSLA,Tesla,235.0,238.3333282470703,234.03334045410156,237.30667114257812,237.30667114257812,41501400,0.0,0.0,1.5229452832627683,2.319362335812314
2021-08-30,TSLA,Tesla,238.2400054931641,243.6666717529297,237.57666015625,243.6366729736328,243.6366729736328,55812600,0.0,0.0,2.6324794631827944,6.929948124079173
2021-08-31,TSLA,Tesla,244.3333282470703,246.79666137695312,242.14666748046875,245.2400054931641,245.2400054931641,62566200,0.0,0.0,0.6559274920001271,0.43024087476157685
2021-09-01,TSLA,Tesla,244.69332885742188,247.3300018310547,243.7566680908203,244.69667053222656,244.69667053222656,39612900,0.0,0.0,-0.22179812627514756,0.0491944088191663
2021-09-02,TSLA,Tesla,244.8333282470703,246.9900054931641,243.51333618164065,244.1300048828125,244.1300048828125,38331900,0.0,0.0,-0.23184737320933702,0.0537532044640696
2021-09-03,TSLA,Tesla,244.0833282470703,244.6666717529297,241.3999938964844,244.52333068847656,244.52333068847656,45738300,0.0,0.0,0.16098361025145227,0.02591572276959149
2021-09-07,TSLA,Tesla,246.6666717529297,253.3999938964844,246.4199981689453,250.97332763671875,250.97332763671875,60119400,0.0,0.0,2.6035942688487674,6.778703116782148
2021-09-08,TSLA,Tesla,253.86000061035156,254.8166656494141,246.92333984375,251.2899932861328,251.2899932861328,56379000,0.0,0.0,0.12609548743898497,0.015900071952475215
2021-09-09,TSLA,Tesla,251.1366729736328,254.03334045410156,250.5433349609375,251.6199951171875,251.6199951171875,42233100,0.0,0.0,0.1312369553312357,0.017223138444612752
2021-09-10,TSLA,Tesla,253.1999969482422,254.20333862304688,244.83999633789065,245.42333984375,245.42333984375,45552600,0.0,0.0,-2.4935356375548032,6.2177199757558395
2021-09-13,TSLA,Tesla,246.73666381835935,248.2599945068359,236.28334045410156,247.6666717529297,247.6666717529297,68857500,0.0,0.0,0.909913944444317,0.8279433862942155
2021-09-14,TSLA,Tesla,247.52333068847656,251.4900054931641,245.46665954589844,248.163330078125,248.163330078125,55574700,0.0,0.0,0.2003341828722264,0.04013378482708265
2021-09-15,TSLA,Tesla,248.3333282470703,252.2866668701172,246.1199951171875,251.94332885742188,251.94332885742188,46073100,0.0,0.0,1.5117058319369687,2.285254522312243
2021-09-16,TSLA,Tesla,250.94332885742188,252.97000122070312,249.20333862304688,252.3300018310547,252.3300018310547,41770200,0.0,0.0,0.1533585164573557,0.023518834570001042
2021-09-17,TSLA,Tesla,252.38333129882812,253.67999267578125,250.0,253.163330078125,253.163330078125,84612600,0.0,0.0,0.32970919669145526,0.10870815438292473
2021-09-20,TSLA,Tesla,244.85333251953125,247.3333282470703,239.5399932861328,243.38999938964844,243.38999938964844,74273100,0.0,0.0,-3.936976129858423,15.499781047075007
2021-09-21,TSLA,Tesla,244.92999267578125,248.2466735839844,243.47999572753903,246.4600067138672,246.4600067138672,48992100,0.0,0.0,1.2534643183807646,1.5711727974537546
2021-09-22,TSLA,Tesla,247.8433380126953,251.22332763671875,246.3733367919922,250.64666748046875,250.64666748046875,45378900,0.0,0.0,1.6844512360145871,2.8373759665110705
2021-09-23,TSLA,Tesla,251.6666717529297,252.73333740234375,249.30667114257812,251.2133331298828,251.2133331298828,35842500,0.0,0.0,0.22582628204918512,0.05099750966415811
2021-09-24,TSLA,Tesla,248.6300048828125,258.26666259765625,248.18666076660156,258.1300048828125,258.1300048828125,64119000,0.0,0.0,2.7160841972020324,7.377113366290609
2021-09-27,TSLA,Tesla,257.7066650390625,266.3333435058594,256.4366760253906,263.78668212890625,263.78668212890625,84212100,0.0,0.0,2.1677401377557137,4.699097304837161
2021-09-28,TSLA,Tesla,262.3999938964844,265.21331787109375,255.3933258056641,259.1866760253906,259.1866760253906,76144200,0.0,0.0,-1.7592195347548873,3.0948533714632025
2021-09-29,TSLA,Tesla,259.9333190917969,264.5,256.8933410644531,260.4366760253906,260.4366760253906,62828700,0.0,0.0,0.48111864344248967,0.2314751490679415
2021-09-30,TSLA,Tesla,260.3333435058594,263.0433349609375,258.3333435058594,258.49334716796875,258.49334716796875,53868000,0.0,0.0,-0.7489788045097198,0.560969249604809
2021-10-01,TSLA,Tesla,259.4666748046875,260.260009765625,254.52999877929688,258.40667724609375,258.40667724609375,51094200,0.0,0.0,-0.033534501293734614,0.0011245627770194884
2021-10-04,TSLA,Tesla,265.5,268.989990234375,258.7066650390625,260.510009765625,260.510009765625,91449900,0.0,0.0,0.8106673348889567,0.6571815278559638
2021-10-05,TSLA,Tesla,261.6000061035156,265.7699890136719,258.0666809082031,260.1966552734375,260.1966552734375,55297800,0.0,0.0,-0.1203574108239426,0.014485906340243297
2021-10-06,TSLA,Tesla,258.73333740234375,262.2200012207031,257.739990234375,260.9166564941406,260.9166564941406,43898400,0.0,0.0,0.2763320999873195,0.07635942948340194
2021-10-07,TSLA,Tesla,261.82000732421875,268.3333435058594,261.1266784667969,264.53668212890625,264.53668212890625,57587400,0.0,0.0,1.3778893929122908,1.8985791791002014
2021-10-08,TSLA,Tesla,265.4033203125,265.4599914550781,260.3033447265625,261.8299865722656,261.8299865722656,50215800,0.0,0.0,-1.0284539562274664,1.0577175400799272
2021-10-11,TSLA,Tesla,262.54998779296875,267.0799865722656,261.8333435058594,263.9800109863281,263.9800109863281,42600900,0.0,0.0,0.8177997401230773,0.6687964149453728
2021-10-12,TSLA,Tesla,266.9766540527344,270.7733459472656,265.5233459472656,268.5733337402344,268.5733337402344,66060000,0.0,0.0,1.725061613832015,2.975837571516716
2021-10-13,TSLA,Tesla,270.15667724609375,271.8033447265625,268.59332275390625,270.3599853515625,270.3599853515625,42360300,0.0,0.0,0.6630349593761303,0.4396153573549068
2021-10-14,TSLA,Tesla,271.8299865722656,273.4166564941406,271.1166687011719,272.7733459472656,272.7733459472656,36741600,0.0,0.0,0.8886865672994949,0.7897638148985597
2021-10-15,TSLA,Tesla,274.5799865722656,281.07000732421875,274.1166687011719,281.010009765625,281.010009765625,56773800,0.0,0.0,2.974907491710917,8.850074584237738
2021-10-18,TSLA,Tesla,283.92999267578125,291.7533264160156,283.8233337402344,290.03668212890625,290.03668212890625,72621600,0.0,0.0,3.161711443997285,9.996419255103397
2021-10-19,TSLA,Tesla,292.510009765625,292.6499938964844,287.5033264160156,288.0899963378906,288.0899963378906,52143300,0.0,0.0,-0.6734486474692475,0.4535330807781588
2021-10-20,TSLA,Tesla,288.45001220703125,289.8299865722656,285.7933349609375,288.6000061035156,288.6000061035156,42096300,0.0,0.0,0.17687488821671588,0.031284726081675734
2021-10-21,TSLA,Tesla,285.3333435058594,300.0,285.1666564941406,298.0,298.0,94444500,0.0,0.0,3.205181901693134,10.273191022941214
2021-10-22,TSLA,Tesla,298.5,303.3333435058594,296.9866638183594,303.2266540527344,303.2266540527344,68642400,0.0,0.0,1.7387072543931938,3.0231029164795187
2021-10-25,TSLA,Tesla,316.84332275390625,348.3399963378906,314.73333740234375,341.6199951171875,341.6199951171875,188556300,0.0,0.0,11.921843486746743,142.13035212248576
2021-10-26,TSLA,Tesla,341.5633239746094,364.9800109863281,333.8133239746094,339.4766540527344,339.4766540527344,187245000,0.0,0.0,-0.6293814959297077,0.39612106741871667
2021-10-27,TSLA,Tesla,346.5533447265625,356.9599914550781,343.59332275390625,345.9533386230469,345.9533386230469,115579500,0.0,0.0,1.8898727534898532,3.5716190243833195
2021-10-28,TSLA,Tesla,356.10333251953125,360.3333435058594,351.3999938964844,359.0133361816406,359.0133361816406,81639600,0.0,0.0,3.705562944417333,13.731196735038854
2021-10-29,TSLA,Tesla,360.6199951171875,371.7366638183594,357.7366638183594,371.3333435058594,371.3333435058594,89755200,0.0,0.0,3.3740623277135042,11.38429659129547
2021-11-01,TSLA,Tesla,381.6666564941406,403.25,372.88665771484375,402.86334228515625,402.86334228515625,168146100,0.0,0.0,8.149724419582528,66.41800811513977
2021-11-02,TSLA,Tesla,386.4533386230469,402.86334228515625,382.0,390.6666564941406,390.6666564941406,128213400,0.0,0.0,-3.074274797958024,9.45116553335985
2021-11-03,TSLA,Tesla,392.4433288574219,405.1300048828125,384.2066650390625,404.6199951171875,404.6199951171875,103885500,0.0,0.0,3.5093687551658954,12.315669059734626
2021-11-04,TSLA,Tesla,411.4700012207031,414.4966735839844,405.6666564941406,409.9700012207031,409.9700012207031,76192200,0.0,0.0,1.313564628546233,1.7254520333678032
2021-11-05,TSLA,Tesla,409.3333435058594,413.2900085449219,402.6666564941406,407.36334228515625,407.36334228515625,64886400,0.0,0.0,-0.6378469186125081,0.40684869158347153
2021-11-08,TSLA,Tesla,383.2633361816406,399.0,377.6666564941406,387.6466674804687,387.6466674804687,100337100,0.0,0.0,-4.96112461755788,24.612757470938824
2021-11-09,TSLA,Tesla,391.2000122070313,391.5,337.17333984375,341.1666564941406,341.1666564941406,177317400,0.0,0.0,-12.77231872890236,163.13212571267
2021-11-10,TSLA,Tesla,336.8033447265625,359.3666687011719,329.10333251953125,355.98333740234375,355.98333740234375,128408100,0.0,0.0,4.251283809069096,18.073414025253044
2021-11-11,TSLA,Tesla,367.5899963378906,368.3233337402344,351.55999755859375,354.5033264160156,354.5033264160156,67189800,0.0,0.0,-0.41661953768667187,0.17357183918225622
2021-11-12,TSLA,Tesla,349.1666564941406,351.5,339.73333740234375,344.47332763671875,344.47332763671875,76719300,0.0,0.0,-2.870106527956147,8.23751148181649
2021-11-15,TSLA,Tesla,339.2099914550781,343.99334716796875,326.20001220703125,337.7966613769531,337.7966613769531,104326800,0.0,0.0,-1.957254315692035,3.8308444562950963
2021-11-16,TSLA,Tesla,334.4366760253906,352.3999938964844,334.05999755859375,351.57666015625,351.57666015625,79627200,0.0,0.0,3.998366090579434,15.986931394295468
2021-11-17,TSLA,Tesla,354.5033264160156,373.21331787109375,351.8333435058594,363.0033264160156,363.0033264160156,94336200,0.0,0.0,3.1984216103858807,10.22990079778341
2021-11-18,TSLA,Tesla,368.8500061035156,370.6666564941406,358.3399963378906,365.4599914550781,365.4599914550781,62696700,0.0,0.0,0.6744812791821567,0.45492499596719843
2021-11-19,TSLA,Tesla,366.2900085449219,379.5733337402344,364.23333740234375,379.0199890136719,379.0199890136719,64926900,0.0,0.0,3.6432134457350074,13.273004211184345
2021-11-22,TSLA,Tesla,387.4433288574219,400.6499938964844,377.4766540527344,385.6233215332031,385.6233215332031,99217500,0.0,0.0,1.7272096909531556,2.9832533165224953
2021-11-23,TSLA,Tesla,389.1700134277344,393.5,354.23333740234375,369.6766662597656,369.6766662597656,108515100,0.0,0.0,-4.223229344871564,17.8356660993843
2021-11-24,TSLA,Tesla,360.1300048828125,377.5899963378906,354.0,372.0,372.0,67680600,0.0,0.0,0.6265105659810634,0.39251548928591234
2021-11-26,TSLA,Tesla,366.489990234375,369.59332275390625,360.3333435058594,360.6400146484375,360.6400146484375,35042700,0.0,0.0,-3.1013582803841335,9.618423183307229
2021-11-29,TSLA,Tesla,366.9966735839844,380.8900146484375,366.7300109863281,378.9966735839844,378.9966735839844,58393500,0.0,0.0,4.964715675134432,24.64840173492554
2021-11-30,TSLA,Tesla,381.4566650390625,389.3333435058594,372.6666564941406,381.586669921875,381.586669921875,81276000,0.0,0.0,0.6810578672784683,0.4638398185818957
2021-12-01,TSLA,Tesla,386.8999938964844,390.9466552734375,363.586669921875,365.0,365.0,68450400,0.0,0.0,-4.444065331094279,19.749716667034107
2021-12-02,TSLA,Tesla,366.3533325195313,371.0,352.2166748046875,361.5333251953125,361.5333251953125,73114800,0.0,0.0,-0.9543130353379798,0.9107133694159883
2021-12-03,TSLA,Tesla,361.5966796875,363.5266723632813,333.4033203125,338.3233337402344,338.3233337402344,92322000,0.0,0.0,-6.63521763056877,44.026113005010636
2021-12-06,TSLA,Tesla,333.836669921875,340.5466613769531,316.8333435058594,336.336669921875,336.336669921875,81663000,0.0,0.0,-0.5889394805839068,0.3468497117904419
2021-12-07,TSLA,Tesla,348.0666809082031,352.5566711425781,342.2699890136719,350.5833435058594,350.5833435058594,56084700,0.0,0.0,4.148581070093519,17.210724895138284
2021-12-08,TSLA,Tesla,350.9033203125,357.4599914550781,344.3333435058594,356.32000732421875,356.32000732421875,41906400,0.0,0.0,1.6230761245708623,2.634376106151969
2021-12-09,TSLA,Tesla,353.5466613769531,354.163330078125,334.1199951171875,334.6000061035156,334.6000061035156,59438400,0.0,0.0,-6.289341727027524,39.555819359329554
2021-12-10,TSLA,Tesla,336.25,340.32666015625,327.510009765625,339.010009765625,339.010009765625,59664300,0.0,0.0,1.309382748280064,1.7144831814934534
2021-12-13,TSLA,Tesla,333.6966552734375,335.0,317.1400146484375,322.13665771484375,322.13665771484375,78595500,0.0,0.0,-5.1053775924629425,26.064880361622713
2021-12-14,TSLA,Tesla,315.0,322.13665771484375,310.0,319.5033264160156,319.5033264160156,70806300,0.0,0.0,-0.8208173270999982,0.6737410844675855
2021-12-15,TSLA,Tesla,317.7366638183594,326.25,309.4166564941406,325.3299865722656,325.3299865722656,75169200,0.0,0.0,1.8072325435531507,3.266089466477591
2021-12-16,TSLA,Tesla,331.5,331.6600036621094,307.2833251953125,308.97332763671875,308.97332763671875,82771500,0.0,0.0,-5.158505567232323,26.610179687166873
2021-12-17,TSLA,Tesla,304.92333984375,320.2200012207031,303.0133361816406,310.8566589355469,310.8566589355469,100437300,0.0,0.0,0.6076947341899706,0.369292889962219
2021-12-20,TSLA,Tesla,303.5666809082031,307.2300109863281,297.7966613769531,299.9800109863281,299.9800109863281,56480100,0.0,0.0,-3.5616059795484913,12.685037153555568
2021-12-21,TSLA,Tesla,305.6233215332031,313.1666564941406,295.3733215332031,312.84332275390625,312.84332275390625,71517900,0.0,0.0,4.198665654283043,17.628793276456054
2021-12-22,TSLA,Tesla,321.88665771484375,338.5533447265625,319.01666259765625,336.2900085449219,336.2900085449219,93634200,0.0,0.0,7.227140942458774,52.23156620216389
2021-12-23,TSLA,Tesla,335.6000061035156,357.6600036621094,332.5199890136719,355.6666564941406,355.6666564941406,92713200,0.0,0.0,5.602002567418564,31.382432765364186
2021-12-27,TSLA,Tesla,357.8900146484375,372.3333435058594,356.90667724609375,364.6466674804687,364.6466674804687,71145900,0.0,0.0,2.493491640225266,6.217500559873287
2021-12-28,TSLA,Tesla,369.8299865722656,373.0,359.47332763671875,362.8233337402344,362.8233337402344,60324000,0.0,0.0,-0.5012818550007935,0.2512834981530365
2021-12-29,TSLA,Tesla,366.21331787109375,368.0,354.71331787109375,362.0633239746094,362.0633239746094,56154000,0.0,0.0,-0.2096907250306926,0.043970200163897535
2021-12-30,TSLA,Tesla,353.77667236328125,365.1833190917969,351.04998779296875,356.7799987792969,356.7799987792969,47040900,0.0,0.0,-1.4699782732613054,2.160836123860289
2021-12-31,TSLA,Tesla,357.8133239746094,360.6666564941406,351.5299987792969,352.260009765625,352.260009765625,40733700,0.0,0.0,-1.2749774874751605,1.625567593568473
2022-01-03,TSLA,Tesla,382.5833435058594,400.3566589355469,378.6799926757813,399.9266662597656,399.9266662597656,103931400,0.0,0.0,12.69116289226746,161.06561555806655
2022-01-04,TSLA,Tesla,396.51666259765625,402.6666564941406,374.3500061035156,383.1966552734375,383.1966552734375,100248300,0.0,0.0,-4.273287830059682,18.260988878536185
2022-01-05,TSLA,Tesla,382.2166748046875,390.11334228515625,360.336669921875,362.7066650390625,362.7066650390625,80119800,0.0,0.0,-5.4953895352910695,30.199306144586597
2022-01-06,TSLA,Tesla,359.0,362.6666564941406,340.1666564941406,354.8999938964844,354.8999938964844,90336600,0.0,0.0,-2.175837984148769,4.73427093326458
2022-01-07,TSLA,Tesla,360.1233215332031,360.30999755859375,336.6666564941406,342.32000732421875,342.32000732421875,84164700,0.0,0.0,-3.6090048950218416,13.024916332291614
2022-01-10,TSLA,Tesla,333.3333435058594,353.0333251953125,326.6666564941406,352.7066650390625,352.7066650390625,91815000,0.0,0.0,2.9890740749494564,8.93456382553495
2022-01-11,TSLA,Tesla,351.22332763671875,358.6166687011719,346.2733459472656,354.79998779296875,354.79998779296875,66063300,0.0,0.0,0.5917481776156395,0.3501659057114304
2022-01-12,TSLA,Tesla,359.6166687011719,371.61334228515625,357.5299987792969,368.739990234375,368.739990234375,83739000,0.0,0.0,3.853754612843837,14.851424616015152
2022-01-13,TSLA,Tesla,369.69000244140625,371.8666687011719,342.17999267578125,343.85333251953125,343.85333251953125,97209900,0.0,0.0,-6.987655465675016,48.827328906977925
2022-01-14,TSLA,Tesla,339.9599914550781,350.6666564941406,337.7933349609375,349.8699951171875,349.8699951171875,72924300,0.0,0.0,1.7346435457551865,3.008988230830126
2022-01-18,TSLA,Tesla,342.2033386230469,356.92999267578125,338.6866760253906,343.5033264160156,343.5033264160156,66743400,0.0,0.0,-1.8364847454341895,3.3726762202124796
2022-01-19,TSLA,Tesla,347.2366638183594,351.5566711425781,331.6666564941406,331.8833312988281,331.8833312988281,75442500,0.0,0.0,-3.4413300098542523,11.842752236723468
2022-01-20,TSLA,Tesla,336.57666015625,347.2200012207031,331.3333435058594,332.0899963378906,332.0899963378906,70488600,0.0,0.0,0.0622510083264904,0.003875188037664777
2022-01-21,TSLA,Tesla,332.11334228515625,334.8500061035156,313.5,314.6333312988281,314.6333312988281,103416000,0.0,0.0,-5.39980722931419,29.157918113753787
2022-01-24,TSLA,Tesla,301.586669921875,311.1700134277344,283.8233337402344,310.0,310.0,151565700,0.0,0.0,-1.4835635717323472,2.2009608713712394
2022-01-25,TSLA,Tesla,304.73333740234375,317.086669921875,301.07000732421875,306.1333312988281,306.1333312988281,86595900,0.0,0.0,-1.2551567227813774,1.5754183987432873
2022-01-26,TSLA,Tesla,317.4766540527344,329.2300109863281,302.0,312.4700012207031,312.4700012207031,104867400,0.0,0.0,2.048773822340817,4.197474175109002
2022-01-27,TSLA,Tesla,311.1199951171875,311.7966613769531,276.3333435058594,276.3666687011719,276.3666687011719,147109500,0.0,0.0,-12.277997465910719,150.74922177291003
2022-01-28,TSLA,Tesla,277.1866760253906,285.8333435058594,264.0033264160156,282.1166687011719,282.1166687011719,134789100,0.0,0.0,2.0592210362891428,4.240391276295731
2022-01-31,TSLA,Tesla,290.9033203125,312.663330078125,287.3500061035156,312.239990234375,312.239990234375,104436000,0.0,0.0,10.145138741776682,102.92384008989816
2022-02-01,TSLA,Tesla,311.7366638183594,314.5666809082031,301.6666564941406,310.4166564941406,310.4166564941406,73138200,0.0,0.0,-0.5856643341232021,0.34300271226397366
2022-02-02,TSLA,Tesla,309.3933410644531,310.5,296.4700012207031,301.88665771484375,301.88665771484375,66792900,0.0,0.0,-2.786380690498853,7.7639173523848655
2022-02-03,TSLA,Tesla,294.0,312.3333435058594,293.50665283203125,297.0466613769531,297.0466613769531,78855600,0.0,0.0,-1.6162405874435497,2.612233636499871
2022-02-04,TSLA,Tesla,299.0733337402344,312.1666564941406,293.72332763671875,307.7733459472656,307.7733459472656,73625400,0.0,0.0,3.5474386816493038,12.58432120006175
2022-02-07,TSLA,Tesla,307.92999267578125,315.92333984375,300.9033203125,302.4466552734375,302.4466552734375,60994500,0.0,0.0,-1.7458706575610556,3.048064352932673
2022-02-08,TSLA,Tesla,301.84332275390625,308.7633361816406,298.26666259765625,307.3333435058594,307.3333435058594,50729100,0.0,0.0,1.6028052271245363,2.5689845960977364
2022-02-09,TSLA,Tesla,311.6666564941406,315.42333984375,306.6666564941406,310.6666564941406,310.6666564941406,52259400,0.0,0.0,1.0787525285489405,1.1637070178507327
2022-02-10,TSLA,Tesla,302.7900085449219,314.60333251953125,298.8999938964844,301.51666259765625,301.51666259765625,66126900,0.0,0.0,-2.98952129692807,8.937237584786489
2022-02-11,TSLA,Tesla,303.2099914550781,305.32000732421875,283.5666809082031,286.6666564941406,286.6666564941406,79645800,0.0,0.0,-5.050521521013064,25.50776763421611
2022-02-14,TSLA,Tesla,287.19000244140625,299.6266784667969,284.3833312988281,291.9200134277344,291.9200134277344,67756500,0.0,0.0,1.8159773032297852,3.2977735658457235
2022-02-15,TSLA,Tesla,300.0,307.6666564941406,297.7933349609375,307.4766540527344,307.4766540527344,57286200,0.0,0.0,5.191932445845771,26.956162522226055
2022-02-16,TSLA,Tesla,304.6833190917969,308.80999755859375,300.4033203125,307.7966613769531,307.7966613769531,51294300,0.0,0.0,0.10402120327626255,0.010820410731041534
2022-02-17,TSLA,Tesla,304.4200134277344,306.1666564941406,291.3666687011719,292.1166687011719,292.1166687011719,55178400,0.0,0.0,-5.228610180162916,27.338364416103285
2022-02-18,TSLA,Tesla,295.3333435058594,295.6233215332031,279.2033386230469,285.6600036621094,285.6600036621094,68501700,0.0,0.0,-2.2350967561475237,4.995657509341183
2022-02-22,TSLA,Tesla,278.0433349609375,285.57666015625,267.0333251953125,273.84332275390625,273.84332275390625,83288100,0.0,0.0,-4.224617718140919,17.847394864430182
2022-02-23,TSLA,Tesla,276.80999755859375,278.4333190917969,253.52000427246097,254.67999267578125,254.67999267578125,95256900,0.0,0.0,-7.254830168258311,52.63256077027092
2022-02-24,TSLA,Tesla,233.4633331298828,267.49334716796875,233.3333282470703,266.92333984375,266.92333984375,135322200,0.0,0.0,4.695367409397792,22.046475109234933
2022-02-25,TSLA,Tesla,269.74334716796875,273.1666564941406,260.79998779296875,269.9566650390625,269.9566650390625,76067700,0.0,0.0,1.1299945777284082,1.2768877456956036
2022-02-28,TSLA,Tesla,271.6700134277344,292.28668212890625,271.57000732421875,290.1433410644531,290.1433410644531,99006900,0.0,0.0,7.211363413565586,52.0037622825123
2022-03-01,TSLA,Tesla,289.8933410644531,296.6266784667969,284.59332275390625,288.1233215332031,288.1233215332031,74766900,0.0,0.0,-0.6986492144572377,0.4881107248617153
2022-03-02,TSLA,Tesla,290.7099914550781,295.49334716796875,281.42333984375,293.2966613769531,293.2966613769531,74643300,0.0,0.0,1.779600470296842,3.166977833880741
2022-03-03,TSLA,Tesla,292.92333984375,295.4800109863281,277.5333251953125,279.7633361816406,279.7633361816406,61623600,0.0,0.0,-4.724057511561311,22.316719372538845
2022-03-04,TSLA,Tesla,283.0333251953125,285.2166748046875,275.0533447265625,279.42999267578125,279.42999267578125,66999600,0.0,0.0,-0.11922300504741562,0.01421412493253609
2022-03-07,TSLA,Tesla,285.4333190917969,288.71331787109375,268.19000244140625,268.1933288574219,268.1933288574219,72494100,0.0,0.0,-4.1043691011859025,16.845845718769574
2022-03-08,TSLA,Tesla,265.1766662597656,283.3299865722656,260.72332763671875,274.79998779296875,274.79998779296875,80399100,0.0,0.0,2.4335419149005895,5.922126251578028
2022-03-09,TSLA,Tesla,279.82666015625,286.85333251953125,277.336669921875,286.3233337402344,286.3233337402344,59184000,0.0,0.0,4.107819387010212,16.87418011629696
2022-03-10,TSLA,Tesla,283.8166809082031,284.8166809082031,270.1199951171875,279.4333190917969,279.4333190917969,58648500,0.0,0.0,-2.4358017786858905,5.933130305049348
2022-03-11,TSLA,Tesla,280.0666809082031,281.26666259765625,264.5899963378906,265.1166687011719,265.1166687011719,67037100,0.0,0.0,-5.2593703659666025,27.660976646407676
2022-03-14,TSLA,Tesla,260.2033386230469,266.8999938964844,252.01333618164065,255.4566650390625,255.4566650390625,71152200,0.0,0.0,-3.7117201549322347,13.776866508530173
2022-03-15,TSLA,Tesla,258.42333984375,268.5233459472656,252.19000244140625,267.2966613769531,267.2966613769531,66841200,0.0,0.0,4.530634609366675,20.526649963591126
2022-03-16,TSLA,Tesla,269.6666564941406,280.6666564941406,267.4200134277344,280.07666015625,280.07666015625,84028800,0.0,0.0,4.670421907434536,21.812840793444447
2022-03-17,TSLA,Tesla,276.9966735839844,291.6666564941406,275.239990234375,290.5333251953125,290.5333251953125,66582900,0.0,0.0,3.665493442277862,13.43584217538201
2022-03-18,TSLA,Tesla,291.4966735839844,302.6166687011719,289.1300048828125,301.7966613769531,301.7966613769531,100414200,0.0,0.0,3.803519751155836,14.466762497432551
2022-03-21,TSLA,Tesla,304.99334716796875,314.2833251953125,302.36334228515625,307.0533447265625,307.0533447265625,81981600,0.0,0.0,1.7268009913468576,2.9818416637164904
2022-03-22,TSLA,Tesla,310.0,332.6199951171875,307.25,331.32666015625,331.32666015625,105868500,0.0,0.0,7.60832835953988,57.8866604265788
2022-03-23,TSLA,Tesla,326.64666748046875,346.8999938964844,325.4666748046875,333.03668212890625,333.03668212890625,120676200,0.0,0.0,0.5147863044765912,0.2650049392766657
2022-03-24,TSLA,Tesla,336.57666015625,341.4966735839844,329.6000061035156,337.97332763671875,337.97332763671875,68920800,0.0,0.0,1.471433959495864,2.165117897157676
2022-03-25,TSLA,Tesla,336.0,340.6000061035156,332.44000244140625,336.8800048828125,336.8800048828125,62031600,0.0,0.0,-0.32401817039866143,0.104987774748496
2022-03-28,TSLA,Tesla,355.0333251953125,365.9599914550781,351.20001220703125,363.9466552734375,363.9466552734375,102506100,0.0,0.0,7.728050710253655,59.72276778025201
2022-03-29,TSLA,Tesla,369.3299865722656,371.5899963378906,357.7033386230469,366.5233459472656,366.5233459472656,73614900,0.0,0.0,0.7054913567225325,0.4977180544101996
2022-03-30,TSLA,Tesla,363.7233276367187,371.3166809082031,361.3333435058594,364.663330078125,364.663330078125,59865000,0.0,0.0,-0.5087674440050588,0.25884431207944064
2022-03-31,TSLA,Tesla,364.8566589355469,367.71331787109375,358.8800048828125,359.20001220703125,359.20001220703125,48992700,0.0,0.0,-1.509517416561853,2.278642830903571
2022-04-01,TSLA,Tesla,360.3833312988281,364.9166564941406,355.5466613769531,361.5299987792969,361.5299987792969,54263100,0.0,0.0,0.6465651918934319,0.41804654736819036
2022-04-04,TSLA,Tesla,363.1266784667969,383.3033447265625,357.510009765625,381.8166809082031,381.8166809082031,82035900,0.0,0.0,5.459557817973847,29.806771567799355
2022-04-05,TSLA,Tesla,378.76666259765625,384.2900085449219,362.4333190917969,363.7533264160156,363.7533264160156,80075100,0.0,0.0,-4.846463728047057,23.48821066727578
2022-04-06,TSLA,Tesla,357.8233337402344,359.6666564941406,342.5666809082031,348.586669921875,348.586669921875,89348400,0.0,0.0,-4.25890697684631,18.138288637430175
2022-04-07,TSLA,Tesla,350.7966613769531,358.86334228515625,340.5133361816406,352.4200134277344,352.4200134277344,79447200,0.0,0.0,1.093679078037125,1.1961339257361359
2022-04-08,TSLA,Tesla,347.7366638183594,349.4800109863281,340.8133239746094,341.8299865722656,341.8299865722656,55013700,0.0,0.0,-3.051018606803096,9.308714539058704
2022-04-11,TSLA,Tesla,326.79998779296875,336.15667724609375,324.8800048828125,325.30999755859375,325.30999755859375,59357100,0.0,0.0,-4.953493181751316,24.537094701656777
2022-04-12,TSLA,Tesla,332.5466613769531,340.39666748046875,325.5333251953125,328.98333740234375,328.98333740234375,65976000,0.0,0.0,1.122853693277581,1.260800416507104
2022-04-13,TSLA,Tesla,327.02667236328125,342.0799865722656,324.3666687011719,340.7900085449219,340.7900085449219,55121100,0.0,0.0,3.525937358618668,12.43223425690279
2022-04-14,TSLA,Tesla,333.0966796875,337.57000732421875,327.39666748046875,328.3333435058594,328.3333435058594,58422300,0.0,0.0,-3.723709338922126,13.866011240775856
2022-04-18,TSLA,Tesla,329.6766662597656,338.3066711425781,324.4700012207031,334.7633361816406,334.7633361816406,51715200,0.0,0.0,1.9394439519631361,3.7614428428063875
2022-04-19,TSLA,Tesla,335.0199890136719,344.9800109863281,331.77667236328125,342.7166748046875,342.7166748046875,49847700,0.0,0.0,2.348026183911774,5.513226960335289
2022-04-20,TSLA,Tesla,343.3333435058594,344.6666564941406,325.0833435058594,325.73333740234375,325.73333740234375,70711200,0.0,0.0,-5.082502163771964,25.831828244746696
2022-04-21,TSLA,Tesla,358.24334716796875,364.0733337402344,332.1400146484375,336.260009765625,336.260009765625,105416400,0.0,0.0,3.1805636085347944,10.115984867935873
2022-04-22,TSLA,Tesla,338.3033447265625,344.95001220703125,331.3333435058594,335.01666259765625,335.01666259765625,69696600,0.0,0.0,-0.3704429607069112,0.13722798713730214
2022-04-25,TSLA,Tesla,326.3233337402344,336.2066650390625,325.1000061035156,332.67333984375,332.67333984375,68341200,0.0,0.0,-0.7019222592886596,0.49269485808489627
2022-04-26,TSLA,Tesla,331.80999755859375,333.3333435058594,291.6666564941406,292.1400146484375,292.1400146484375,136133700,0.0,0.0,-12.99278575282087,168.812481618705
2022-04-27,TSLA,Tesla,299.52667236328125,306.0,292.4533386230469,293.836669921875,293.836669921875,76956300,0.0,0.0,0.5790878918745771,0.3353427865157419
2022-04-28,TSLA,Tesla,299.99334716796875,300.0,273.8999938964844,292.5033264160156,292.5033264160156,124948500,0.0,0.0,-0.4548029513557434,0.20684572456189468
2022-04-29,TSLA,Tesla,300.75,311.4666748046875,290.0,290.2533264160156,290.2533264160156,88133100,0.0,0.0,-0.7721957937068309,0.5962863438185225
2022-05-02,TSLA,Tesla,286.92333984375,302.1199951171875,282.6766662597656,300.9800109863281,300.9800109863281,75781500,0.0,0.0,3.628977282780161,13.16947611893448
2022-05-03,TSLA,Tesla,301.05999755859375,308.02667236328125,296.1966552734375,303.0833435058594,303.0833435058594,63709500,0.0,0.0,0.6963974902024329,0.4849694643602476
2022-05-04,TSLA,Tesla,301.3133239746094,318.5,295.09332275390625,317.5400085449219,317.5400085449219,81643800,0.0,0.0,4.659599279666411,21.711865447067737
2022-05-05,TSLA,Tesla,313.00665283203125,315.20001220703125,285.8999938964844,291.09332275390625,291.09332275390625,92519100,0.0,0.0,-8.695990905101429,75.62025782160676
2022-05-06,TSLA,Tesla,295.6666564941406,296.0,281.03668212890625,288.54998779296875,288.54998779296875,72903000,0.0,0.0,-0.8775573655860789,0.7701069298943789
2022-05-09,TSLA,Tesla,278.8166809082031,281.8766784667969,260.3833312988281,262.3699951171875,262.3699951171875,90810300,0.0,0.0,-9.51126361970946,90.4641356436087
2022-05-10,TSLA,Tesla,273.10333251953125,275.1199951171875,258.0833435058594,266.67999267578125,266.67999267578125,84401700,0.0,0.0,1.6293707630266798,2.6548490834061447
2022-05-11,TSLA,Tesla,265.0,269.92333984375,242.3999938964844,244.6666717529297,244.6666717529297,97224600,0.0,0.0,-8.615264955046516,74.22279024565265
2022-05-12,TSLA,Tesla,233.6666717529297,253.22000122070312,226.6666717529297,242.6666717529297,242.6666717529297,140313000,0.0,0.0,-0.8207980246495448,0.6737093972685947
2022-05-13,TSLA,Tesla,257.82666015625,262.45001220703125,250.52333068847656,256.5299987792969,256.5299987792969,92150700,0.0,0.0,5.555683158900242,30.865615362087766
2022-05-16,TSLA,Tesla,255.72000122070312,256.586669921875,239.69667053222656,241.4566650390625,241.4566650390625,86098500,0.0,0.0,-6.055559591829793,36.66980197020181
2022-05-17,TSLA,Tesla,249.1199951171875,254.82666015625,242.9499969482422,253.8699951171875,253.8699951171875,80236200,0.0,0.0,5.013228958227468,25.132464587610464
2022-05-18,TSLA,Tesla,248.17333984375,253.5,233.60333251953125,236.60333251953125,236.60333251953125,87811800,0.0,0.0,-7.043726926027942,49.61408900845104
2022-05-19,TSLA,Tesla,235.6666717529297,244.6666717529297,231.3699951171875,236.47332763671875,236.47332763671875,90296700,0.0,0.0,-0.054961445801263324,0.003020760524565206
2022-05-20,TSLA,Tesla,237.9966735839844,240.52667236328125,211.0,221.3000030517578,221.3000030517578,144973200,0.0,0.0,-6.631616117599509,43.978332331205586
2022-05-23,TSLA,Tesla,218.33999633789065,226.65333557128903,212.68666076660156,224.96665954589844,224.96665954589844,88903500,0.0,0.0,1.6432950581559482,2.7004186481597614
2022-05-24,TSLA,Tesla,217.8433380126953,217.97332763671875,206.8566741943359,209.3866729736328,209.3866729736328,89092500,0.0,0.0,-7.176955888757142,51.508695829165816
2022-05-25,TSLA,Tesla,207.9499969482422,223.1066741943359,207.6699981689453,219.6000061035156,219.6000061035156,92139300,0.0,0.0,4.762508488803092,22.68148710592151
2022-05-26,TSLA,Tesla,220.47332763671875,239.55667114257812,217.8866729736328,235.91000366210935,235.91000366210935,106003200,0.0,0.0,7.164265445291098,51.32669937059205
2022-05-27,TSLA,Tesla,241.0833282470703,253.26666259765625,240.1766662597656,253.2100067138672,253.2100067138672,89295000,0.0,0.0,7.076881859385181,50.08225685169506
2022-05-31,TSLA,Tesla,257.9466552734375,259.6000061035156,244.7433319091797,252.7533264160156,252.7533264160156,101914500,0.0,0.0,-0.1805191767721895,0.032587173182509005
2022-06-01,TSLA,Tesla,251.72000122070312,257.32666015625,243.63999938964844,246.7899932861328,246.7899932861328,77247900,0.0,0.0,-2.387627334122456,5.700764286648707
2022-06-02,TSLA,Tesla,244.1566619873047,264.2099914550781,242.0666656494141,258.3333435058594,258.3333435058594,93473100,0.0,0.0,4.571303469577831,20.896815410974316
2022-06-03,TSLA,Tesla,243.22666931152344,247.79666137695312,233.4166717529297,234.51666259765625,234.51666259765625,112393800,0.0,0.0,-9.672413884722543,93.55559035737343
2022-06-06,TSLA,Tesla,244.35333251953125,244.86666870117188,234.3500061035156,238.27999877929688,238.27999877929688,84204600,0.0,0.0,1.591980642197778,2.5344023651324497
2022-06-07,TSLA,Tesla,234.0,239.9966735839844,230.0933380126953,238.8866729736328,238.8866729736328,72808500,0.0,0.0,0.2542820180630796,0.06465934471023234
2022-06-08,TSLA,Tesla,240.086669921875,249.9633331298828,239.1766662597656,241.86666870117188,241.86666870117188,76210500,0.0,0.0,1.2397350726358316,1.5369430503233708
2022-06-09,TSLA,Tesla,249.33999633789065,255.54666137695312,239.32666015625,239.7066650390625,239.7066650390625,96491400,0.0,0.0,-0.8970671737446728,0.804729514210255
2022-06-10,TSLA,Tesla,235.1566619873047,239.5,227.913330078125,232.22999572753903,232.22999572753903,97536600,0.0,0.0,-3.168770531986072,10.041106684383294
2022-06-13,TSLA,Tesla,223.1666717529297,226.63333129882812,214.6833343505859,215.73666381835935,215.73666381835935,102767400,0.0,0.0,-7.366972655880115,54.27228611248532
2022-06-14,TSLA,Tesla,218.2866668701172,226.3300018310547,211.73666381835935,220.88999938964844,220.88999938964844,97988700,0.0,0.0,2.360632235719876,5.57258455231982
2022-06-15,TSLA,Tesla,220.9166717529297,235.663330078125,218.1499938964844,233.0,233.0,119131800,0.0,0.0,5.33736162801124,28.487429148166793
2022-06-16,TSLA,Tesla,222.73666381835935,225.1666717529297,208.69332885742188,213.1000061035156,213.1000061035156,107390700,0.0,0.0,-8.927688581957351,79.70362341641166
2022-06-17,TSLA,Tesla,213.4333343505859,220.97000122070312,213.19667053222656,216.7599945068359,216.7599945068359,92641800,0.0,0.0,1.7029157609637506,2.89992208893875
2022-06-21,TSLA,Tesla,224.60333251953125,243.57666015625,224.3333282470703,237.0366668701172,237.0366668701172,122793000,0.0,0.0,8.942411634475702,79.9667258404064
2022-06-22,TSLA,Tesla,234.5033264160156,246.8333282470703,233.82666015625,236.086669921875,236.086669921875,101107500,0.0,0.0,-0.4015858661335937,0.16127120787826865
2022-06-23,TSLA,Tesla,237.9066619873047,239.3166656494141,228.6366729736328,235.07000732421875,235.07000732421875,104202600,0.0,0.0,-0.43156097521520964,0.1862448753287028
2022-06-24,TSLA,Tesla,237.47000122070312,246.0666656494141,236.086669921875,245.7066650390625,245.7066650390625,95770800,0.0,0.0,4.4255032608287665,19.585079111606046
2022-06-27,TSLA,Tesla,249.36666870117188,252.07000732421875,242.5666656494141,244.9199981689453,244.9199981689453,89178300,0.0,0.0,-0.3206786761701394,0.10283481335023313
2022-06-28,TSLA,Tesla,244.48333740234375,249.97000122070312,232.3433380126953,232.663330078125,232.663330078125,90391200,0.0,0.0,-5.133914578061633,26.357078894833755
2022-06-29,TSLA,Tesla,230.5,231.17333984375,222.27333068847656,228.4900054931641,228.4900054931641,82897200,0.0,0.0,-1.8100003611393376,3.2761013073245326
2022-06-30,TSLA,Tesla,224.5099945068359,229.4566650390625,218.8633270263672,224.47332763671875,224.47332763671875,94600500,0.0,0.0,-1.7735577471772914,3.145507082572589
2022-07-01,TSLA,Tesla,227.0,230.22999572753903,222.1199951171875,227.26333618164065,227.26333618164065,74460300,0.0,0.0,1.2352524133575367,1.5258485247056186
2022-07-05,TSLA,Tesla,223.0,233.14666748046875,216.1666717529297,233.0666656494141,233.0666656494141,84581100,0.0,0.0,2.5215114905161355,6.358020196804904
2022-07-06,TSLA,Tesla,230.77999877929688,234.56333923339844,227.18666076660156,231.73333740234375,231.73333740234375,71853600,0.0,0.0,-0.5737228466480742,0.3291579047659696
2022-07-07,TSLA,Tesla,233.9199981689453,245.3633270263672,232.2100067138672,244.5433349609375,244.5433349609375,81930600,0.0,0.0,5.380522947187794,28.950027185214424
2022-07-08,TSLA,Tesla,242.3333282470703,254.97999572753903,241.16000366210935,250.76333618164065,250.76333618164065,101854200,0.0,0.0,2.5117078284842167,6.308676215668899
2022-07-11,TSLA,Tesla,252.10333251953125,253.06333923339844,233.6266632080078,234.3433380126953,234.3433380126953,99241200,0.0,0.0,-6.772231414560211,45.863118332356194
2022-07-12,TSLA,Tesla,236.84666442871097,239.77333068847656,228.3699951171875,233.07000732421875,233.07000732421875,87930900,0.0,0.0,-0.5448427397798374,0.29685361109079966
2022-07-13,TSLA,Tesla,225.5,242.05999755859375,225.03334045410156,237.0399932861328,237.0399932861328,97954500,0.0,0.0,1.6890005886123307,2.8527229883327996
2022-07-14,TSLA,Tesla,234.89666748046875,238.65333557128903,229.3333282470703,238.31333923339844,238.31333923339844,78557400,0.0,0.0,0.5357484236889208,0.2870263734851634
2022-07-15,TSLA,Tesla,240.0,243.6233367919922,236.88999938964844,240.0666656494141,240.0666656494141,69683100,0.0,0.0,0.7330299130864308,0.5373328534795003
2022-07-18,TSLA,Tesla,244.93666076660156,250.51666259765625,239.60333251953125,240.54666137695312,240.54666137695312,82537500,0.0,0.0,0.1997430616818738,0.039897290690048846
2022-07-19,TSLA,Tesla,245.0,247.13999938964844,236.97666931152344,245.52999877929688,245.52999877929688,80890200,0.0,0.0,2.050504546366628,4.204568894670211
2022-07-20,TSLA,Tesla,246.78334045410156,250.663330078125,243.48333740234375,247.5,247.5,88864200,0.0,0.0,0.7991447618970264,0.638632350467455
2022-07-21,TSLA,Tesla,255.1066741943359,273.26666259765625,254.86666870117188,271.7066650390625,271.7066650390625,142032300,0.0,0.0,9.331246499887616,87.07216124166489
2022-07-22,TSLA,Tesla,276.2200012207031,280.78668212890625,270.71331787109375,272.24334716796875,272.24334716796875,103472700,0.0,0.0,0.19732780255828208,0.03893826166248036
2022-07-25,TSLA,Tesla,272.2166748046875,274.14666748046875,267.3999938964844,268.4333190917969,268.4333190917969,64073400,0.0,0.0,-1.4093787954092982,1.9863485889493644
2022-07-26,TSLA,Tesla,266.5133361816406,267.30999755859375,256.2633361816406,258.8599853515625,258.8599853515625,66820800,0.0,0.0,-3.63152186530825,13.187951058211913
2022-07-27,TSLA,Tesla,263.80999755859375,275.9266662597656,261.7900085449219,274.82000732421875,274.82000732421875,88110000,0.0,0.0,5.982904612856656,35.79514760654145
2022-07-28,TSLA,Tesla,280.0666809082031,283.29998779296875,272.79998779296875,280.8999938964844,280.8999938964844,84723000,0.0,0.0,2.1882347827174065,4.788371464294295
2022-07-29,TSLA,Tesla,280.70001220703125,298.32000732421875,279.1000061035156,297.1499938964844,297.1499938964844,95313000,0.0,0.0,5.6238328890716485,31.627496364203964
2022-08-01,TSLA,Tesla,301.27667236328125,311.8766784667969,295.0,297.27667236328125,297.27667236328125,117042900,0.0,0.0,0.042622067920240224,0.0018166406737975707
2022-08-02,TSLA,Tesla,294.0033264160156,307.8333435058594,292.6666564941406,300.586669921875,300.586669921875,95577600,0.0,0.0,1.1072869479979632,1.226084385206644
2022-08-03,TSLA,Tesla,305.0,309.54998779296875,301.1499938964844,307.39666748046875,307.39666748046875,80091000,0.0,0.0,2.240285862664938,5.018880746456385
2022-08-04,TSLA,Tesla,311.0,313.6066589355469,305.0,308.6333312988281,308.6333312988281,72256200,0.0,0.0,0.40149521355933554,0.16119840651105646
2022-08-05,TSLA,Tesla,302.6700134277344,304.6066589355469,285.5433349609375,288.1700134277344,288.1700134277344,113172900,0.0,0.0,-6.86033118290163,47.06414393909248
2022-08-08,TSLA,Tesla,295.0,305.20001220703125,289.086669921875,290.42333984375,290.42333984375,98994000,0.0,0.0,0.7789020718917544,0.6066884375972678
2022-08-09,TSLA,Tesla,290.2933349609375,292.39666748046875,279.35333251953125,283.3333435058594,283.3333435058594,86244600,0.0,0.0,-2.47155543645267,6.108586275458748
2022-08-10,TSLA,Tesla,297.0666809082031,297.510009765625,283.3699951171875,294.3566589355469,294.3566589355469,94918800,0.0,0.0,3.816806100817755,14.568008811239636
2022-08-11,TSLA,Tesla,296.5133361816406,298.2366638183594,285.8333435058594,286.6300048828125,286.6300048828125,70155000,0.0,0.0,-2.6599955270312265,7.075576203826133
2022-08-12,TSLA,Tesla,289.4166564941406,300.1600036621094,285.0333251953125,300.0299987792969,300.0299987792969,79657200,0.0,0.0,4.569026313078065,20.876001449599734
2022-08-15,TSLA,Tesla,301.78668212890625,313.1333312988281,301.2300109863281,309.32000732421875,309.32000732421875,89359200,0.0,0.0,3.0493897831355556,9.298778049491512
2022-08-16,TSLA,Tesla,311.6666564941406,314.6666564941406,302.8833312988281,306.5633239746094,306.5633239746094,88136400,0.0,0.0,-0.8952025876518946,0.8013876729386481
2022-08-17,TSLA,Tesla,303.39666748046875,309.65667724609375,300.0333251953125,303.9966735839844,303.9966735839844,68766000,0.0,0.0,-0.8407578354357604,0.7068737378466252
2022-08-18,TSLA,Tesla,306.0,306.5,301.85333251953125,302.8699951171875,302.8699951171875,47500500,0.0,0.0,-0.37131047703819653,0.13787147035833308
2022-08-19,TSLA,Tesla,299.0,300.3599853515625,292.5,296.6666564941406,296.6666564941406,61395300,0.0,0.0,-2.069451464936621,4.282629365728328
2022-08-22,TSLA,Tesla,291.913330078125,292.3999938964844,286.2966613769531,289.913330078125,289.913330078125,55843200,0.0,0.0,-2.3027123255798405,5.3024840543773175
2022-08-23,TSLA,Tesla,291.4533386230469,298.82666015625,287.92333984375,296.4533386230469,296.4533386230469,63984900,0.0,0.0,2.230781558771273,4.976386362953991
2022-08-24,TSLA,Tesla,297.5633239746094,303.64666748046875,296.5,297.0966796875,297.0966796875,57259800,0.0,0.0,0.21677745650455194,0.04699246564858291
2022-08-25,TSLA,Tesla,302.3599853515625,302.9599914550781,291.6000061035156,296.07000732421875,296.07000732421875,53230000,0.0,3.0,-0.34616690754643126,0.11983152788025948
2022-08-26,TSLA,Tesla,297.42999267578125,302.0,287.4700012207031,288.0899963378906,288.0899963378906,57163900,0.0,0.0,-2.732301898385137,7.465473663919024
2022-08-29,TSLA,Tesla,282.8299865722656,287.739990234375,280.70001220703125,284.82000732421875,284.82000732421875,41864700,0.0,0.0,-1.1415491099770154,1.3031343704893161
2022-08-30,TSLA,Tesla,287.8699951171875,288.4800109863281,272.6499938964844,277.70001220703125,277.70001220703125,50541800,0.0,0.0,-2.531598923616216,6.408993110054785
2022-08-31,TSLA,Tesla,280.6199951171875,281.25,271.80999755859375,275.6099853515625,275.6099853515625,52107300,0.0,0.0,-0.7554668468041174,0.5707301566201557
2022-09-01,TSLA,Tesla,272.5799865722656,277.5799865722656,266.1499938964844,277.1600036621094,277.1600036621094,54287000,0.0,0.0,0.5608200169827373,0.31451909144851775
2022-09-02,TSLA,Tesla,281.07000732421875,282.3500061035156,269.0799865722656,270.2099914550781,270.2099914550781,50890100,0.0,0.0,-2.5395567131662107,6.449348299387567
2022-09-06,TSLA,Tesla,272.67999267578125,275.989990234375,265.739990234375,274.4200134277344,274.4200134277344,55860000,0.0,0.0,1.5460425583855752,2.390247592339415
2022-09-07,TSLA,Tesla,273.1000061035156,283.8399963378906,272.2699890136719,283.70001220703125,283.70001220703125,50028900,0.0,0.0,3.325755641840769,11.060650589235705
2022-09-08,TSLA,Tesla,281.29998779296875,289.5,279.760009765625,289.260009765625,289.260009765625,53713100,0.0,0.0,1.9408586563541073,3.766932323944671
2022-09-09,TSLA,Tesla,291.6700134277344,299.8500061035156,291.25,299.67999267578125,299.67999267578125,54338100,0.0,0.0,3.5389242849343665,12.523985094498217
2022-09-12,TSLA,Tesla,300.7200012207031,305.489990234375,300.3999938964844,304.4200134277344,304.4200134277344,48674600,0.0,0.0,1.5693156705112052,2.4627516737120336
2022-09-13,TSLA,Tesla,292.8999938964844,297.3999938964844,290.3999938964844,292.1300048828125,292.1300048828125,68229600,0.0,0.0,-4.12094455730603,16.982184044390195
2022-09-14,TSLA,Tesla,292.239990234375,306.0,291.6400146484375,302.6099853515625,302.6099853515625,72628700,0.0,0.0,3.5245873940170287,12.422716298063749
2022-09-15,TSLA,Tesla,301.8299865722656,309.1199951171875,300.7200012207031,303.75,303.75,64795500,0.0,0.0,0.3760195326889947,0.14139068896364995
2022-09-16,TSLA,Tesla,299.6099853515625,303.7099914550781,295.6000061035156,303.3500061035156,303.3500061035156,87087800,0.0,0.0,-0.13177201460770077,0.017363863833772107
2022-09-19,TSLA,Tesla,300.0899963378906,309.8399963378906,297.79998779296875,309.07000732421875,309.07000732421875,60231200,0.0,0.0,1.8680537647816526,3.489624868114906
2022-09-20,TSLA,Tesla,306.9100036621094,313.3299865722656,305.5799865722656,308.7300109863281,308.7300109863281,61642800,0.0,0.0,-0.1100668054834369,0.012114701669328737
2022-09-21,TSLA,Tesla,308.2900085449219,313.79998779296875,300.6300048828125,300.79998779296875,300.79998779296875,62555700,0.0,0.0,-2.602159260786537,6.771232818497137
2022-09-22,TSLA,Tesla,299.8599853515625,301.2900085449219,285.82000732421875,288.5899963378906,288.5899963378906,70545400,0.0,0.0,-4.143856847866542,17.17154957561043
2022-09-23,TSLA,Tesla,283.0899963378906,284.5,272.82000732421875,275.3299865722656,275.3299865722656,63748400,0.0,0.0,-4.703665354268194,22.12446776494294
2022-09-26,TSLA,Tesla,271.8299865722656,284.0899963378906,270.30999755859375,276.010009765625,276.010009765625,58076900,0.0,0.0,0.24668028538151035,0.06085116319590339
2022-09-27,TSLA,Tesla,283.8399963378906,288.6700134277344,277.510009765625,282.94000244140625,282.94000244140625,61925200,0.0,0.0,2.4797737333229057,6.149277768478222
2022-09-28,TSLA,Tesla,283.0799865722656,289.0,277.57000732421875,287.80999755859375,287.80999755859375,54664800,0.0,0.0,1.7065662059063913,2.9123682151417354
2022-09-29,TSLA,Tesla,282.760009765625,283.6499938964844,265.7799987792969,268.2099914550781,268.2099914550781,77620600,0.0,0.0,-7.053030781738932,49.74524320815689
2022-09-30,TSLA,Tesla,266.1499938964844,275.57000732421875,262.4700012207031,265.25,265.25,67726600,0.0,0.0,-1.1097446407076914,1.2315331675794432
2022-10-03,TSLA,Tesla,254.5,255.16000366210935,241.0099945068359,242.3999938964844,242.3999938964844,98363500,0.0,0.0,-9.008354847845322,81.15045706469832
2022-10-04,TSLA,Tesla,250.52000427246097,257.5,242.0099945068359,249.44000244140625,249.44000244140625,109578500,0.0,0.0,2.862918608137619,8.196302956820642
2022-10-05,TSLA,Tesla,245.0099945068359,246.6699981689453,233.27000427246097,240.80999755859375,240.80999755859375,86982700,0.0,0.0,-3.5210184423729625,12.397570871530522
2022-10-06,TSLA,Tesla,239.44000244140625,244.5800018310547,235.3500061035156,238.1300048828125,238.1300048828125,69298400,0.0,0.0,-1.1191467132615625,1.2524893658041578
2022-10-07,TSLA,Tesla,233.94000244140625,234.57000732421875,222.02000427246097,223.07000732421875,223.07000732421875,83916800,0.0,0.0,-6.533110715825654,42.68153562523599
2022-10-10,TSLA,Tesla,223.92999267578125,226.9900054931641,218.36000061035156,222.9600067138672,222.9600067138672,67925000,0.0,0.0,-0.04932430962923407,0.002432887520400553
2022-10-11,TSLA,Tesla,220.9499969482422,225.75,215.0,216.5,216.5,77013200,0.0,0.0,-2.940186584357689,8.644697150836935
2022-10-12,TSLA,Tesla,215.3300018310547,219.3000030517578,211.5099945068359,217.2400054931641,217.2400054931641,66860700,0.0,0.0,0.34122110102537423,0.11643183978496864
2022-10-13,TSLA,Tesla,208.3000030517578,222.9900054931641,206.22000122070312,221.72000122070312,221.72000122070312,91483000,0.0,0.0,2.0412571604412393,4.166730795052631
2022-10-14,TSLA,Tesla,224.0099945068359,226.2599945068359,204.16000366210935,204.9900054931641,204.9900054931641,94124500,0.0,0.0,-7.845410579918485,61.5504671674969
2022-10-17,TSLA,Tesla,210.0399932861328,221.86000061035156,209.4499969482422,219.3500061035156,219.3500061035156,79428800,0.0,0.0,6.770743117966105,45.84296236948537
2022-10-18,TSLA,Tesla,229.5,229.82000732421875,217.25,220.19000244140625,220.19000244140625,75891900,0.0,0.0,0.38221656467326304,0.14608950231063067
2022-10-19,TSLA,Tesla,219.8000030517578,222.92999267578125,217.77999877929688,222.0399932861328,222.0399932861328,66571500,0.0,0.0,0.8366694500343839,0.7000157686208384
2022-10-20,TSLA,Tesla,208.27999877929688,215.5500030517578,202.0,207.27999877929688,207.27999877929688,117798100,0.0,0.0,-6.878698522005931,47.316493356646575
2022-10-21,TSLA,Tesla,206.4199981689453,214.66000366210935,203.8000030517578,214.44000244140625,214.44000244140625,75713800,0.0,0.0,3.3959459979664812,11.53244922110456
2022-10-24,TSLA,Tesla,205.82000732421875,213.5,198.58999633789065,211.25,211.25,100446800,0.0,0.0,-1.4987724107085643,2.246318739101161
2022-10-25,TSLA,Tesla,210.1000061035156,224.3500061035156,210.0,222.4199981689453,222.4199981689453,96507900,0.0,0.0,5.152521192099332,26.548474635032722
2022-10-26,TSLA,Tesla,219.3999938964844,230.6000061035156,218.1999969482422,224.63999938964844,224.63999938964844,85012500,0.0,0.0,0.9931639962148883,0.9863747233775266
2022-10-27,TSLA,Tesla,229.77000427246097,233.80999755859375,222.8500061035156,225.08999633789065,225.08999633789065,61638800,0.0,0.0,0.20011878357876822,0.040047527541045874
2022-10-28,TSLA,Tesla,225.3999938964844,228.86000061035156,216.3500061035156,228.52000427246097,228.52000427246097,69152400,0.0,0.0,1.5123446596271723,2.2871863695028276
2022-10-31,TSLA,Tesla,226.19000244140625,229.8500061035156,221.94000244140625,227.5399932861328,227.5399932861328,61554300,0.0,0.0,-0.4297734947231157,0.18470525676651997
2022-11-01,TSLA,Tesla,234.0500030517578,237.3999938964844,227.27999877929688,227.82000732421875,227.82000732421875,62688800,0.0,0.0,0.12298580156588981,0.015125507386804425
2022-11-02,TSLA,Tesla,226.0399932861328,227.8699951171875,214.82000732421875,214.97999572753903,214.97999572753903,63070300,0.0,0.0,-5.801089494975567,33.652639328715885
2022-11-03,TSLA,Tesla,211.36000061035156,221.1999969482422,210.13999938964844,215.30999755859375,215.30999755859375,56538800,0.0,0.0,0.15338580999045642,0.0235272067064284
2022-11-04,TSLA,Tesla,222.6000061035156,223.8000030517578,203.0800018310547,207.47000122070312,207.47000122070312,98622200,0.0,0.0,-3.709208198225607,13.758225457784054
2022-11-07,TSLA,Tesla,208.6499938964844,208.8999938964844,196.66000366210935,197.0800018310547,197.0800018310547,93916500,0.0,0.0,-5.137700982212229,26.3959713826245
2022-11-08,TSLA,Tesla,194.02000427246097,195.1999969482422,186.75,191.3000030517578,191.3000030517578,128803400,0.0,0.0,-2.9766854567743133,8.860656308571702
2022-11-09,TSLA,Tesla,190.77999877929688,195.88999938964844,177.1199951171875,177.58999633789062,177.58999633789062,127062700,0.0,0.0,-7.436539035358273,55.30211282440736
2022-11-10,TSLA,Tesla,189.8999938964844,191.0,180.02999877929688,190.72000122070312,190.72000122070312,132703000,0.0,0.0,7.132888823212645,50.87810296431187
2022-11-11,TSLA,Tesla,186.0,196.52000427246097,182.58999633789065,195.97000122070312,195.97000122070312,114403600,0.0,0.0,2.715520224250963,7.374050088315999
2022-11-14,TSLA,Tesla,192.77000427246097,195.72999572753903,186.33999633789065,190.9499969482422,190.9499969482422,92226600,0.0,0.0,-2.594999483044167,6.734022316999494
2022-11-15,TSLA,Tesla,195.8800048828125,200.82000732421875,192.05999755859375,194.4199981689453,194.4199981689453,91293800,0.0,0.0,1.8009160285334422,3.243298541828666
2022-11-16,TSLA,Tesla,191.5099945068359,192.57000732421875,185.66000366210935,186.9199981689453,186.9199981689453,66567600,0.0,0.0,-3.934004993858786,15.476395291705868
2022-11-17,TSLA,Tesla,183.9600067138672,186.16000366210935,180.8999938964844,183.1699981689453,183.1699981689453,64336000,0.0,0.0,-2.0266034660649708,4.107121608666553
2022-11-18,TSLA,Tesla,185.0500030517578,185.19000244140625,176.5500030517578,180.19000244140625,180.19000244140625,76048900,0.0,0.0,-1.6402810087859467,2.690521787783843
2022-11-21,TSLA,Tesla,175.85000610351562,176.77000427246094,167.5399932861328,167.8699951171875,167.8699951171875,92882700,0.0,0.0,-7.082202204033466,50.157588058816486
2022-11-22,TSLA,Tesla,168.6300048828125,170.9199981689453,166.19000244140625,169.91000366210938,169.91000366210938,78452300,0.0,0.0,1.2079065403443037,1.459038210206545
2022-11-23,TSLA,Tesla,173.57000732421875,183.6199951171875,172.5,183.1999969482422,183.1999969482422,109536700,0.0,0.0,7.530952893106566,56.715251478190154
2022-11-25,TSLA,Tesla,185.05999755859375,185.1999969482422,180.6300048828125,182.86000061035156,182.86000061035156,50672700,0.0,0.0,-0.18575995078746788,0.03450675931656249
2022-11-28,TSLA,Tesla,179.9600067138672,188.5,179.0,182.9199981689453,182.9199981689453,92905200,0.0,0.0,0.0328052705626653,0.0010761857766896745
2022-11-29,TSLA,Tesla,184.9900054931641,186.3800048828125,178.75,180.8300018310547,180.8300018310547,83357100,0.0,0.0,-1.149151525699213,1.3205492290168293
2022-11-30,TSLA,Tesla,182.42999267578125,194.7599945068359,180.6300048828125,194.6999969482422,194.6999969482422,109186400,0.0,0.0,7.390252318127676,54.615829325591484
2022-12-01,TSLA,Tesla,197.0800018310547,198.9199981689453,191.8000030517578,194.6999969482422,194.6999969482422,80046200,0.0,0.0,0.0,0.0
2022-12-02,TSLA,Tesla,191.77999877929688,196.25,191.11000061035156,194.86000061035156,194.86000061035156,73645900,0.0,0.0,0.08214584254523483,0.006747939447466512
2022-12-05,TSLA,Tesla,189.44000244140625,191.27000427246097,180.5500030517578,182.4499969482422,182.4499969482422,93122700,0.0,0.0,-6.580520897353867,43.30325528051094
2022-12-06,TSLA,Tesla,181.22000122070312,183.6499938964844,175.3300018310547,179.82000732421875,179.82000732421875,92150800,0.0,0.0,-1.451975486845227,2.108232814399434
2022-12-07,TSLA,Tesla,175.02999877929688,179.3800048828125,172.22000122070312,174.0399932861328,174.0399932861328,84213300,0.0,0.0,-3.2671272011557817,10.674120148532012
2022-12-08,TSLA,Tesla,172.1999969482422,175.1999969482422,169.05999755859375,173.44000244140625,173.44000244140625,97624500,0.0,0.0,-0.3453386948248274,0.11925881414331525
2022-12-09,TSLA,Tesla,173.83999633789062,182.5,173.36000061035156,179.0500030517578,179.0500030517578,104872300,0.0,0.0,3.1833381160952023,10.133641561384552
2022-12-12,TSLA,Tesla,176.10000610351562,177.3699951171875,167.52000427246094,167.82000732421875,167.82000732421875,109794500,0.0,0.0,-6.477309340338366,41.955536290434644
2022-12-13,TSLA,Tesla,174.8699951171875,175.0500030517578,156.91000366210938,160.9499969482422,160.9499969482422,175862700,0.0,0.0,-4.1798281301312254,17.470963197436298
2022-12-14,TSLA,Tesla,159.25,161.6199951171875,155.30999755859375,156.8000030517578,156.8000030517578,140682300,0.0,0.0,-2.612261140486262,6.823908266094586
2022-12-15,TSLA,Tesla,153.44000244140625,160.92999267578125,153.27999877929688,157.6699981689453,157.6699981689453,122334500,0.0,0.0,0.5533102257132837,0.306152205878885
2022-12-16,TSLA,Tesla,159.63999938964844,160.99000549316406,150.0399932861328,150.22999572753906,150.22999572753906,139032200,0.0,0.0,-4.833680500131505,23.36446717735156
2022-12-19,TSLA,Tesla,154.0,155.25,145.82000732421875,149.8699951171875,149.8699951171875,139390600,0.0,0.0,-0.23992055582815475,0.057561873108890715
2022-12-20,TSLA,Tesla,146.0500030517578,148.47000122070312,137.66000366210938,137.8000030517578,137.8000030517578,159563300,0.0,0.0,-8.396483835074354,70.50094079266493
2022-12-21,TSLA,Tesla,139.33999633789062,141.25999450683594,135.88999938964844,137.57000732421875,137.57000732421875,145417400,0.0,0.0,-0.16704490129968075,0.027903999050220084
2022-12-22,TSLA,Tesla,136.0,136.6300048828125,122.26000213623048,125.3499984741211,125.3499984741211,210090300,0.0,0.0,-9.302311928148892,86.53300720858117
2022-12-23,TSLA,Tesla,126.37000274658205,128.6199951171875,121.0199966430664,123.1500015258789,123.1500015258789,166989700,0.0,0.0,-1.7706675474399132,3.1352635635568773
2022-12-27,TSLA,Tesla,117.5,119.66999816894533,108.76000213623048,109.0999984741211,109.0999984741211,208643400,0.0,0.0,-12.113825810398888,146.74477576468627
2022-12-28,TSLA,Tesla,110.3499984741211,116.2699966430664,108.23999786376952,112.70999908447266,112.70999908447266,221070500,0.0,0.0,3.2553261278161743,10.597148198442646
2022-12-29,TSLA,Tesla,120.38999938964844,123.56999969482422,117.5,121.81999969482422,121.81999969482422,221923300,0.0,0.0,7.772640277207259,60.41393687886453
2022-12-30,TSLA,Tesla,119.9499969482422,124.4800033569336,119.75,123.18000030517578,123.18000030517578,157777300,0.0,0.0,1.1102159833173808,1.2325795296133788
2023-01-03,TSLA,Tesla,118.47000122070312,118.8000030517578,104.63999938964844,108.0999984741211,108.0999984741211,231402800,0.0,0.0,-13.058999220665154,170.53746064533308
2023-01-04,TSLA,Tesla,109.11000061035156,114.58999633789062,107.5199966430664,113.63999938964844,113.63999938964844,180389000,0.0,0.0,4.9978841085341275,24.97884556233797
2023-01-05,TSLA,Tesla,110.51000213623048,111.75,107.16000366210938,110.33999633789062,110.33999633789062,157986300,0.0,0.0,-2.946907696009933,8.684264968802573
2023-01-06,TSLA,Tesla,103.0,114.38999938964844,101.80999755859376,113.05999755859376,113.05999755859376,220911100,0.0,0.0,2.435215499827936,5.930274530602223
2023-01-09,TSLA,Tesla,118.95999908447266,123.5199966430664,117.11000061035156,119.7699966430664,119.7699966430664,190284000,0.0,0.0,5.765457927800228,33.240505117234505
2023-01-10,TSLA,Tesla,121.06999969482422,122.76000213623048,114.91999816894533,118.8499984741211,118.8499984741211,167642500,0.0,0.0,-0.7711027963739906,0.594599522575788
2023-01-11,TSLA,Tesla,122.08999633789062,125.9499969482422,120.51000213623048,123.22000122070312,123.22000122070312,183810800,0.0,0.0,3.6109204525613112,13.038746514725585
2023-01-12,TSLA,Tesla,122.55999755859376,124.12999725341795,117.0,123.55999755859376,123.55999755859376,169400900,0.0,0.0,0.2755462798387791,0.07592575233299076
2023-01-13,TSLA,Tesla,116.5500030517578,122.62999725341795,115.5999984741211,122.4000015258789,122.4000015258789,180714100,0.0,0.0,-0.9432465746952078,0.8897141006742422
2023-01-17,TSLA,Tesla,125.6999969482422,131.6999969482422,125.0199966430664,131.49000549316406,131.49000549316406,186477000,0.0,0.0,7.1636462330557755,51.3178273523742
2023-01-18,TSLA,Tesla,136.55999755859375,136.67999267578125,127.01000213623048,128.77999877929688,128.77999877929688,195680300,0.0,0.0,-2.082533224405745,4.336944630753789
2023-01-19,TSLA,Tesla,127.26000213623048,129.99000549316406,124.30999755859376,127.16999816894533,127.16999816894533,170291900,0.0,0.0,-1.2580752996881195,1.5827534596853516
2023-01-20,TSLA,Tesla,128.67999267578125,133.50999450683594,127.3499984741211,133.4199981689453,133.4199981689453,138858100,0.0,0.0,4.797727392320404,23.018188131021542
2023-01-23,TSLA,Tesla,135.8699951171875,145.3800048828125,134.27000427246094,143.75,143.75,203119200,0.0,0.0,7.457364612008015,55.61228695642945
2023-01-24,TSLA,Tesla,143.0,146.5,141.10000610351562,143.88999938964844,143.88999938964844,158699100,0.0,0.0,0.09734348560736818,0.009475754190191895
2023-01-25,TSLA,Tesla,141.91000366210938,146.41000366210938,138.07000732421875,144.42999267578125,144.42999267578125,192734300,0.0,0.0,0.37457958683397113,0.14030986687270852
2023-01-26,TSLA,Tesla,159.97000122070312,161.4199981689453,154.75999450683594,160.27000427246094,160.27000427246094,234815100,0.0,0.0,10.40650092615062,108.29526152597373
2023-01-27,TSLA,Tesla,162.42999267578125,180.67999267578125,161.1699981689453,177.89999389648438,177.89999389648438,306590600,0.0,0.0,10.436164069972145,108.91352049537757
2023-01-30,TSLA,Tesla,178.0500030517578,179.77000427246094,166.5,166.66000366210938,166.66000366210938,230878800,0.0,0.0,-6.526572943550507,42.59615438748553
2023-01-31,TSLA,Tesla,164.57000732421875,174.3000030517578,162.77999877929688,173.22000122070312,173.22000122070312,196813500,0.0,0.0,3.860663902242871,14.904725766081151
2023-02-01,TSLA,Tesla,173.88999938964844,183.80999755859375,169.92999267578125,181.41000366210935,181.41000366210935,213806300,0.0,0.0,4.619721319012761,21.341825065341006
2023-02-02,TSLA,Tesla,187.3300018310547,196.75,182.61000061035156,188.27000427246097,188.27000427246097,217448300,0.0,0.0,3.711744228973287,13.7770452213165
2023-02-03,TSLA,Tesla,183.9499969482422,199.0,183.69000244140625,189.97999572753903,189.97999572753903,232662000,0.0,0.0,0.9041655543147283,0.81751534960926
2023-02-06,TSLA,Tesla,193.0099945068359,198.1699981689453,189.9199981689453,194.7599945068359,194.7599945068359,186188100,0.0,0.0,2.4849222136681735,6.174838407981535
2023-02-07,TSLA,Tesla,196.42999267578125,197.5,189.5500030517578,196.80999755859375,196.80999755859375,186010300,0.0,0.0,1.0470780820742744,1.096372509960341
2023-02-08,TSLA,Tesla,196.1000061035156,203.0,194.30999755859375,201.2899932861328,201.2899932861328,180673600,0.0,0.0,2.250783702828191,5.066027276916982
2023-02-09,TSLA,Tesla,207.77999877929688,214.0,204.77000427246097,207.32000732421875,207.32000732421875,215431400,0.0,0.0,2.9516907690852445,8.712478396303043
2023-02-10,TSLA,Tesla,202.22999572753903,206.1999969482422,192.88999938964844,196.88999938964844,196.88999938964844,204754100,0.0,0.0,-5.161833459581209,26.644524664452113
2023-02-13,TSLA,Tesla,194.4199981689453,196.3000030517578,187.61000061035156,194.63999938964844,194.63999938964844,172475500,0.0,0.0,-1.1493498714308885,1.3210051269582
2023-02-14,TSLA,Tesla,191.94000244140625,209.82000732421875,189.44000244140625,209.25,209.25,216455700,0.0,0.0,7.237801403011461,52.38576914943467
2023-02-15,TSLA,Tesla,211.7599945068359,214.66000366210935,206.11000061035156,214.2400054931641,214.2400054931641,181006400,0.0,0.0,2.3567198213512963,5.554128316350086
2023-02-16,TSLA,Tesla,210.77999877929688,217.6499938964844,201.83999633789065,202.0399932861328,202.0399932861328,229586500,0.0,0.0,-5.863124321363247,34.376226807761235
2023-02-17,TSLA,Tesla,199.9900054931641,208.44000244140625,197.5,208.30999755859375,208.30999755859375,213738500,0.0,0.0,3.0561678706295536,9.34016205346838
2023-02-21,TSLA,Tesla,204.9900054931641,209.7100067138672,197.22000122070312,197.3699951171875,197.3699951171875,180018600,0.0,0.0,-5.394722804913025,29.103034141848656
2023-02-22,TSLA,Tesla,197.92999267578125,201.9900054931641,191.77999877929688,200.86000061035156,200.86000061035156,191828500,0.0,0.0,1.7528035977254008,3.0723204521991088
2023-02-23,TSLA,Tesla,203.91000366210935,205.13999938964844,196.3300018310547,202.07000732421875,202.07000732421875,146360000,0.0,0.0,0.6006057267467944,0.36072723900104503
2023-02-24,TSLA,Tesla,196.3300018310547,197.6699981689453,192.8000030517578,196.8800048828125,196.8800048828125,142228100,0.0,0.0,-2.601977738759486,6.770288152999927
2023-02-27,TSLA,Tesla,202.02999877929688,209.4199981689453,201.2599945068359,207.6300048828125,207.6300048828125,161028300,0.0,0.0,5.316324215501689,28.263303164329653
2023-02-28,TSLA,Tesla,210.58999633789065,211.22999572753903,203.75,205.7100067138672,205.7100067138672,153144900,0.0,0.0,-0.9290230436857878,0.8630838156992052
2023-03-01,TSLA,Tesla,206.2100067138672,207.1999969482422,198.52000427246097,202.77000427246097,202.77000427246097,156852800,0.0,0.0,-1.4395089751065604,2.07218608941234
2023-03-02,TSLA,Tesla,186.7400054931641,193.75,186.0099945068359,190.8999938964844,190.8999938964844,181500700,0.0,0.0,-6.032265409146793,36.38822596638892
2023-03-03,TSLA,Tesla,194.8000030517578,200.47999572753903,192.8800048828125,197.7899932861328,197.7899932861328,154193300,0.0,0.0,3.5456129089512616,12.571370900121828
2023-03-06,TSLA,Tesla,198.5399932861328,198.6000061035156,192.3000030517578,193.80999755859375,193.80999755859375,128100100,0.0,0.0,-2.0327542733144957,4.132089935678343
2023-03-07,TSLA,Tesla,191.3800048828125,194.1999969482422,186.1000061035156,187.7100067138672,187.7100067138672,148125800,0.0,0.0,-3.1980030670137207,10.227223616629164
2023-03-08,TSLA,Tesla,185.0399932861328,186.5,180.0,182.0,182.0,151897800,0.0,0.0,-3.089156736881823,9.542889345022353
2023-03-09,TSLA,Tesla,180.25,185.17999267578125,172.50999450683594,172.9199981689453,172.9199981689453,170023800,0.0,0.0,-5.117763786639216,26.191506175835766
2023-03-10,TSLA,Tesla,175.1300048828125,178.2899932861328,168.44000244140625,173.44000244140625,173.44000244140625,191488900,0.0,0.0,0.3002683117251709,0.09016105902628439
2023-03-13,TSLA,Tesla,167.4600067138672,177.35000610351562,163.91000366210938,174.47999572753906,174.47999572753906,167790300,0.0,0.0,0.5978365078895034,0.35740849016551623
2023-03-14,TSLA,Tesla,177.30999755859375,183.8000030517578,177.13999938964844,183.2599945068359,183.2599945068359,143717900,0.0,0.0,4.909578215581365,24.1039582549111
2023-03-15,TSLA,Tesla,180.8000030517578,182.33999633789065,176.02999877929688,180.4499969482422,180.4499969482422,145995600,0.0,0.0,-1.545216538549642,2.387694151007337
2023-03-16,TSLA,Tesla,180.3699951171875,185.80999755859375,178.83999633789062,184.1300048828125,184.1300048828125,121136800,0.0,0.0,2.018834222054988,4.07569161614037
2023-03-17,TSLA,Tesla,184.52000427246097,186.22000122070312,177.3300018310547,180.1300048828125,180.1300048828125,133197100,0.0,0.0,-2.1963216854791674,4.823828946106051
2023-03-20,TSLA,Tesla,178.0800018310547,186.44000244140625,176.35000610351562,183.25,183.25,129684400,0.0,0.0,1.7172501224135428,2.9489479829293277
2023-03-21,TSLA,Tesla,188.27999877929688,198.0,188.0399932861328,197.5800018310547,197.5800018310547,153391400,0.0,0.0,7.529223411697607,56.689205183255346
2023-03-22,TSLA,Tesla,199.3000030517578,200.66000366210935,190.9499969482422,191.1499938964844,191.1499938964844,150376400,0.0,0.0,-3.3085146671818366,10.946269302957338
2023-03-23,TSLA,Tesla,195.2599945068359,199.30999755859375,188.6499938964844,192.22000122070312,192.22000122070312,144193900,0.0,0.0,0.5582127533771847,0.3116014780329376
2023-03-24,TSLA,Tesla,191.6499938964844,192.36000061035156,187.1499938964844,190.41000366210935,190.41000366210935,116312400,0.0,0.0,-0.9460894526444722,0.895085252405117
2023-03-27,TSLA,Tesla,194.4199981689453,197.38999938964844,189.94000244140625,191.80999755859375,191.80999755859375,120851600,0.0,0.0,0.732562478609768,0.5366477850668868
2023-03-28,TSLA,Tesla,192.0,192.3500061035156,185.42999267578125,189.19000244140625,189.19000244140625,98654600,0.0,0.0,-1.3753472002494866,1.8915799212341016
2023-03-29,TSLA,Tesla,193.1300048828125,195.2899932861328,189.44000244140625,193.8800048828125,193.8800048828125,123660000,0.0,0.0,2.44876221590413,5.996436390039705
2023-03-30,TSLA,Tesla,195.5800018310547,197.3300018310547,194.4199981689453,195.27999877929688,195.27999877929688,110252200,0.0,0.0,0.7194983671774654,0.5176779003710388
2023-03-31,TSLA,Tesla,197.52999877929688,207.7899932861328,197.1999969482422,207.4600067138672,207.4600067138672,170222100,0.0,0.0,6.050416253224199,36.607536837279554
2023-04-03,TSLA,Tesla,199.91000366210935,202.69000244140625,192.1999969482422,194.77000427246097,194.77000427246097,169545900,0.0,0.0,-6.31191851881688,39.84031538818347
2023-04-04,TSLA,Tesla,197.32000732421875,198.7400054931641,190.32000732421875,192.5800018310547,192.5800018310547,126463800,0.0,0.0,-1.1307735857578671,1.2786489022477046
2023-04-05,TSLA,Tesla,190.52000427246097,190.67999267578125,183.7599945068359,185.52000427246097,185.52000427246097,133882500,0.0,0.0,-3.734894534323136,13.949437182516835
2023-04-06,TSLA,Tesla,183.0800018310547,186.38999938964844,179.74000549316406,185.05999755859375,185.05999755859375,123857900,0.0,0.0,-0.2482632348555329,0.061634633780933486
2023-04-10,TSLA,Tesla,179.94000244140625,185.1000061035156,176.11000061035156,184.5099945068359,184.5099945068359,142154600,0.0,0.0,-0.29764508462150785,0.08859259639934457
2023-04-11,TSLA,Tesla,186.69000244140625,189.19000244140625,185.6499938964844,186.7899932861328,186.7899932861328,115770900,0.0,0.0,1.2281322445656677,1.508308810141905
2023-04-12,TSLA,Tesla,190.7400054931641,191.5800018310547,180.30999755859375,180.5399932861328,180.5399932861328,150256300,0.0,0.0,-3.4032632545504593,11.582200779773384
2023-04-13,TSLA,Tesla,182.9600067138672,186.5,180.94000244140625,185.8999938964844,185.8999938964844,112933000,0.0,0.0,2.9256539212836876,8.559450867122617
2023-04-14,TSLA,Tesla,183.9499969482422,186.27999877929688,182.0099945068359,185.0,185.0,96438700,0.0,0.0,-0.4853036816821199,0.23551966345422037
2023-04-17,TSLA,Tesla,186.32000732421875,189.69000244140625,182.69000244140625,187.0399932861328,187.0399932861328,116662200,0.0,0.0,1.0966636750077954,1.2026712160816035
2023-04-18,TSLA,Tesla,187.1499938964844,187.69000244140625,183.5800018310547,184.30999755859375,184.30999755859375,92067000,0.0,0.0,-1.4703352511066696,2.1618857506469134
2023-04-19,TSLA,Tesla,179.10000610351562,183.5,177.64999389648438,180.58999633789065,180.58999633789065,125732700,0.0,0.0,-2.0389861131667573,4.15746436968688
2023-04-20,TSLA,Tesla,166.1699981689453,169.6999969482422,160.55999755859375,162.99000549316406,162.99000549316406,210970800,0.0,0.0,-10.2540365251667,105.14526505945278
2023-04-21,TSLA,Tesla,164.8000030517578,166.0,161.32000732421875,165.0800018310547,165.0800018310547,123539000,0.0,0.0,1.2741333042302827,1.6234156769487782
2023-04-24,TSLA,Tesla,164.64999389648438,165.64999389648438,158.61000061035156,162.5500030517578,162.5500030517578,140006600,0.0,0.0,-1.5444550452118742,2.385341386680412
2023-04-25,TSLA,Tesla,159.82000732421875,163.47000122070312,158.75,160.6699981689453,160.6699981689453,121999300,0.0,0.0,-1.1633104865311443,1.3532912880733277
2023-04-26,TSLA,Tesla,160.2899932861328,160.6699981689453,153.13999938964844,153.75,153.75,153364100,0.0,0.0,-4.402465397224694,19.381701573760786
2023-04-27,TSLA,Tesla,152.63999938964844,160.47999572753906,152.3699951171875,160.19000244140625,160.19000244140625,127015200,0.0,0.0,4.103271926745557,16.836840504818195
2023-04-28,TSLA,Tesla,160.89999389648438,165.0,157.32000732421875,164.30999755859375,164.30999755859375,122515800,0.0,0.0,2.5394246651119614,6.448677629778997
2023-05-01,TSLA,Tesla,163.1699981689453,163.27999877929688,158.8300018310547,161.8300018310547,161.8300018310547,109015000,0.0,0.0,-1.5208459761728232,2.312972483241068
2023-05-02,TSLA,Tesla,161.8800048828125,165.49000549316406,158.92999267578125,160.30999755859375,160.30999755859375,128259700,0.0,0.0,-0.9436987371174365,0.8905673064370444
2023-05-03,TSLA,Tesla,160.00999450683594,165.0,159.91000366210938,160.61000061035156,160.61000061035156,119728000,0.0,0.0,0.1869644402715088,0.03495570192603858
2023-05-04,TSLA,Tesla,162.7100067138672,162.9499969482422,159.64999389648438,161.1999969482422,161.1999969482422,95108500,0.0,0.0,0.3666741266012777,0.13444991511880983
2023-05-05,TSLA,Tesla,163.97000122070312,170.7899932861328,163.50999450683594,170.05999755859375,170.05999755859375,107607300,0.0,0.0,5.350549046047228,28.628375094156905
2023-05-08,TSLA,Tesla,173.72000122070312,173.8000030517578,169.19000244140625,171.7899932861328,171.7899932861328,112249400,0.0,0.0,1.012145995502574,1.0244395162118967
2023-05-09,TSLA,Tesla,168.9499969482422,169.82000732421875,166.55999755859375,169.14999389648438,169.14999389648438,88965000,0.0,0.0,-1.5486902413259211,2.39844146357814
2023-05-10,TSLA,Tesla,172.5500030517578,174.42999267578125,166.67999267578125,168.5399932861328,168.5399932861328,119840700,0.0,0.0,-0.3612788634512576,0.13052241717663243
2023-05-11,TSLA,Tesla,168.6999969482422,173.57000732421875,166.7899932861328,172.0800018310547,172.0800018310547,103889900,0.0,0.0,2.0786425091438345,4.3207546808197765
2023-05-12,TSLA,Tesla,176.07000732421875,177.3800048828125,167.22999572753906,167.97999572753906,167.97999572753906,157849600,0.0,0.0,-2.4114596337054404,5.815137564990777
2023-05-15,TSLA,Tesla,167.66000366210938,169.75999450683594,164.5500030517578,166.35000610351562,166.35000610351562,105592500,0.0,0.0,-0.9750860107846383,0.9507927284278997
2023-05-16,TSLA,Tesla,165.64999389648438,169.52000427246094,164.35000610351562,166.52000427246094,166.52000427246094,98288800,0.0,0.0,0.10214088288270423,0.010432759956058302
2023-05-17,TSLA,Tesla,168.41000366210938,174.5,167.19000244140625,173.86000061035156,173.86000061035156,125473600,0.0,0.0,4.313493317739194,18.60622460218068
2023-05-18,TSLA,Tesla,174.22000122070312,177.05999755859375,172.4499969482422,176.88999938964844,176.88999938964844,109520300,0.0,0.0,1.727768584344739,2.9851842810486233
2023-05-19,TSLA,Tesla,177.1699981689453,181.9499969482422,176.30999755859375,180.13999938964844,180.13999938964844,136196700,0.0,0.0,1.8206255962432198,3.3146775616959796
2023-05-22,TSLA,Tesla,180.6999969482422,189.32000732421875,180.11000061035156,188.8699951171875,188.8699951171875,132001400,0.0,0.0,4.7324598887595295,22.396176598717858
2023-05-23,TSLA,Tesla,186.1999969482422,192.9600067138672,185.2599945068359,185.77000427246097,185.77000427246097,156952100,0.0,0.0,-1.654954945301326,2.738875870977315
2023-05-24,TSLA,Tesla,182.22999572753903,184.22000122070312,178.22000122070312,182.8999938964844,182.8999938964844,137605100,0.0,0.0,-1.5569850375932186,2.4242024072891564
2023-05-25,TSLA,Tesla,186.5399932861328,186.77999877929688,180.5800018310547,184.47000122070312,184.47000122070312,96870700,0.0,0.0,0.8547333224801211,0.7305690525579067
2023-05-26,TSLA,Tesla,184.6199951171875,198.6000061035156,184.52999877929688,193.1699981689453,193.1699981689453,162061500,0.0,0.0,4.608376548838008,21.237134415880107
2023-05-30,TSLA,Tesla,200.1000061035156,204.47999572753903,197.52999877929688,201.16000366210935,201.16000366210935,128818700,0.0,0.0,4.053000876950061,16.42681610855796
2023-05-31,TSLA,Tesla,199.77999877929688,203.9499969482422,195.1199951171875,203.92999267578125,203.92999267578125,150711700,0.0,0.0,1.3676132280176285,1.870365941448798
2023-06-01,TSLA,Tesla,202.58999633789065,209.8000030517578,199.3699951171875,207.52000427246097,207.52000427246097,148029900,0.0,0.0,1.7450979367424444,3.0453668088227364
2023-06-02,TSLA,Tesla,210.1499938964844,217.25,209.75,213.97000122070312,213.97000122070312,164398400,0.0,0.0,3.060808282755694,9.368547343785862
2023-06-05,TSLA,Tesla,217.8000030517578,221.2899932861328,214.52000427246097,217.61000061035156,217.61000061035156,151143100,0.0,0.0,1.6868648629117367,2.845513065726232
2023-06-06,TSLA,Tesla,216.13999938964844,221.91000366210935,212.52999877929688,221.30999755859375,221.30999755859375,146911600,0.0,0.0,1.68599499197107,2.8425791129515283
2023-06-07,TSLA,Tesla,228.0,230.8300018310547,223.1999969482422,224.57000732421875,224.57000732421875,185710800,0.0,0.0,1.4623072672154969,2.1383425437512544
2023-06-08,TSLA,Tesla,224.22000122070312,235.22999572753903,223.0099945068359,234.86000061035156,234.86000061035156,164489700,0.0,0.0,4.480209933086133,20.072281044523653
2023-06-09,TSLA,Tesla,249.07000732421875,252.4199981689453,242.02000427246097,244.3999938964844,244.3999938964844,200242400,0.0,0.0,3.981660778824795,15.853622557631674
2023-06-12,TSLA,Tesla,247.94000244140625,250.97000122070312,244.58999633789065,249.8300018310547,249.8300018310547,150337900,0.0,0.0,2.1974491562612952,4.8287827943534785
2023-06-13,TSLA,Tesla,253.5099945068359,259.67999267578125,251.33999633789065,258.7099914550781,258.7099914550781,162384300,0.0,0.0,3.492701634188564,12.198964705463467
2023-06-14,TSLA,Tesla,260.1700134277344,261.57000732421875,250.5,256.7900085449219,256.7900085449219,170575500,0.0,0.0,-0.7449046704933149,0.5548829681227541
2023-06-15,TSLA,Tesla,248.3999938964844,258.95001220703125,247.2899932861328,255.8999938964844,255.8999938964844,160171200,0.0,0.0,-0.3471944208969137,0.12054396590194327
2023-06-16,TSLA,Tesla,258.9200134277344,263.6000061035156,257.2099914550781,260.5400085449219,260.5400085449219,167915600,0.0,0.0,1.7969713751816723,3.2291061232223104
2023-06-20,TSLA,Tesla,261.5,274.75,261.1199951171875,274.45001220703125,274.45001220703125,165611200,0.0,0.0,5.2012706407673175,27.05321627850806
2023-06-21,TSLA,Tesla,275.1300048828125,276.989990234375,257.7799987792969,259.4599914550781,259.4599914550781,211797100,0.0,0.0,-5.6166624264676726,31.546896812893724
2023-06-22,TSLA,Tesla,250.77000427246097,265.0,248.25,264.6099853515625,264.6099853515625,166875900,0.0,0.0,1.9654473293680905,3.8629832045201593
2023-06-23,TSLA,Tesla,259.2900085449219,262.45001220703125,252.8000030517578,256.6000061035156,256.6000061035156,177460800,0.0,0.0,-3.073851253541729,9.448561528900058
2023-06-26,TSLA,Tesla,250.07000732421875,258.3699951171875,240.6999969482422,241.0500030517578,241.0500030517578,179990600,0.0,0.0,-6.251408245574486,39.08010505283667
2023-06-27,TSLA,Tesla,243.2400054931641,250.38999938964844,240.8500061035156,250.2100067138672,250.2100067138672,164968200,0.0,0.0,3.729619858071868,13.910064285724019
2023-06-28,TSLA,Tesla,249.6999969482422,259.8800048828125,248.88999938964844,256.239990234375,256.239990234375,159770800,0.0,0.0,2.3813875097039845,5.671006471374145
2023-06-29,TSLA,Tesla,258.0299987792969,260.739990234375,253.61000061035156,257.5,257.5,131283400,0.0,0.0,0.4905252914132209,0.24061506151602527
2023-06-30,TSLA,Tesla,260.6000061035156,264.45001220703125,259.8900146484375,261.7699890136719,261.7699890136719,112620800,0.0,0.0,1.6446493545468959,2.7048714994115213
2023-07-03,TSLA,Tesla,276.489990234375,284.25,275.1099853515625,279.82000732421875,279.82000732421875,119685900,0.0,0.0,6.668035183063045,44.46269320256662
2023-07-05,TSLA,Tesla,278.82000732421875,283.8500061035156,277.6000061035156,282.4800109863281,282.4800109863281,131530900,0.0,0.0,0.9461225032650612,0.8951477911845458
2023-07-06,TSLA,Tesla,278.0899963378906,279.9700012207031,272.8800048828125,276.5400085449219,276.5400085449219,120332100,0.0,0.0,-2.125228365266279,4.51659560453238
2023-07-07,TSLA,Tesla,278.42999267578125,280.7799987792969,273.7699890136719,274.42999267578125,274.42999267578125,113879200,0.0,0.0,-0.7659314226953743,0.5866509442721601
2023-07-10,TSLA,Tesla,276.4700012207031,277.5199890136719,265.1000061035156,269.6099853515625,269.6099853515625,119425400,0.0,0.0,-1.7719776626485642,3.1399048369254685
2023-07-11,TSLA,Tesla,268.6499938964844,270.8999938964844,266.3699951171875,269.7900085449219,269.7900085449219,91972400,0.0,0.0,0.06674942605875905,0.004455485879173742
2023-07-12,TSLA,Tesla,276.3299865722656,276.5199890136719,271.4599914550781,271.989990234375,271.989990234375,95672100,0.0,0.0,0.8121354742896705,0.659564028599708
2023-07-13,TSLA,Tesla,274.5899963378906,279.45001220703125,270.6000061035156,277.8999938964844,277.8999938964844,112681500,0.0,0.0,2.1496049775542363,4.620801559525948
2023-07-14,TSLA,Tesla,277.010009765625,285.29998779296875,276.30999755859375,281.3800048828125,281.3800048828125,120062400,0.0,0.0,1.2444771516691935,1.5487233810266687
2023-07-17,TSLA,Tesla,286.6300048828125,292.2300109863281,283.57000732421875,290.3800048828125,290.3800048828125,131569600,0.0,0.0,3.1484340568635116,9.91263701041803
2023-07-18,TSLA,Tesla,290.1499938964844,295.260009765625,286.010009765625,293.3399963378906,293.3399963378906,112120300,0.0,0.0,1.0141906463636843,1.0285826671715876
2023-07-19,TSLA,Tesla,296.0400085449219,299.2900085449219,289.5199890136719,291.260009765625,291.260009765625,142355400,0.0,0.0,-0.711596075110357,0.506368974112465
2023-07-20,TSLA,Tesla,279.55999755859375,280.92999267578125,261.20001220703125,262.8999938964844,262.8999938964844,175158300,0.0,0.0,-10.24426640636013,104.94499420447868
2023-07-21,TSLA,Tesla,268.0,268.0,255.8000030517578,260.0199890136719,260.0199890136719,161796100,0.0,0.0,-1.1015199637560409,1.2133462305531095
2023-07-24,TSLA,Tesla,255.8500061035156,269.8500061035156,254.1199951171875,269.05999755859375,269.05999755859375,136508500,0.0,0.0,3.417588510139735,11.679911224639135
2023-07-25,TSLA,Tesla,272.3800048828125,272.8999938964844,265.0,265.2799987792969,265.2799987792969,112757300,0.0,0.0,-1.4148526638195702,2.001808060317334
2023-07-26,TSLA,Tesla,263.25,268.0400085449219,261.75,264.3500061035156,264.3500061035156,95856200,0.0,0.0,-0.3511861575139069,0.12333171722938265
2023-07-27,TSLA,Tesla,268.30999755859375,269.1300048828125,255.3000030517578,255.7100067138672,255.7100067138672,103697300,0.0,0.0,-3.3229989651935528,11.042322122677422
2023-07-28,TSLA,Tesla,259.8599853515625,267.25,258.2300109863281,266.44000244140625,266.44000244140625,111446000,0.0,0.0,4.110507058974998,16.89626828188329
2023-07-31,TSLA,Tesla,267.4800109863281,269.0799865722656,263.7799987792969,267.42999267578125,267.42999267578125,84582200,0.0,0.0,0.3708735752833327,0.13754720884344185
2023-08-01,TSLA,Tesla,266.260009765625,266.4700012207031,260.25,261.07000732421875,261.07000732421875,83166000,0.0,0.0,-2.406922380883306,5.793275347596962
2023-08-02,TSLA,Tesla,255.57000732421875,259.5199890136719,250.4900054931641,254.11000061035156,254.11000061035156,101752900,0.0,0.0,-2.7021352113566004,7.301534700453179
2023-08-03,TSLA,Tesla,252.0399932861328,260.489990234375,252.0,259.32000732421875,259.32000732421875,97569100,0.0,0.0,2.029560201226054,4.119114610400741
2023-08-04,TSLA,Tesla,260.9700012207031,264.7699890136719,253.11000061035156,253.86000061035156,253.86000061035156,99539900,0.0,0.0,-2.1279912186420162,4.528346626617533
2023-08-07,TSLA,Tesla,251.4499969482422,253.6499938964844,242.7599945068359,251.4499969482422,251.4499969482422,111097900,0.0,0.0,-0.9538785882980292,0.9098843612134411
2023-08-08,TSLA,Tesla,247.4499969482422,250.9199981689453,245.0099945068359,249.6999969482422,249.6999969482422,96642200,0.0,0.0,-0.6983965417304769,0.4877577295010898
2023-08-09,TSLA,Tesla,250.8699951171875,251.1000061035156,241.8999938964844,242.19000244140625,242.19000244140625,101596300,0.0,0.0,-3.053763290845526,9.325470236515695
2023-08-10,TSLA,Tesla,245.3999938964844,251.8000030517578,243.0,245.33999633789065,245.33999633789065,109498600,0.0,0.0,1.2922436522360332,1.6698936567443219
2023-08-11,TSLA,Tesla,241.77000427246097,243.7899932861328,238.02000427246097,242.6499938964844,242.6499938964844,99038600,0.0,0.0,-1.1024937980288017,1.215492574691972
2023-08-14,TSLA,Tesla,235.6999969482422,240.66000366210935,233.75,239.7599945068359,239.7599945068359,98595300,0.0,0.0,-1.1981650600334621,1.43559951108499
2023-08-15,TSLA,Tesla,238.72999572753903,240.5,232.61000061035156,232.9600067138672,232.9600067138672,88197600,0.0,0.0,-2.877160626916368,8.278053273077788
2023-08-16,TSLA,Tesla,228.02000427246097,233.97000122070312,225.3800048828125,225.6000061035156,225.6000061035156,112484500,0.0,0.0,-3.2103247149655094,10.306184775518378
2023-08-17,TSLA,Tesla,226.05999755859375,226.7400054931641,218.8300018310547,219.22000122070312,219.22000122070312,120718400,0.0,0.0,-2.8687749322523546,8.229869611919503
2023-08-18,TSLA,Tesla,214.1199951171875,217.5800018310547,212.36000061035156,215.4900054931641,215.4900054931641,136276600,0.0,0.0,-1.7161267109647227,2.9450908880865967
2023-08-21,TSLA,Tesla,221.5500030517578,232.1300048828125,220.5800018310547,231.27999877929688,231.27999877929688,135702700,0.0,0.0,7.071456218373605,50.005493048374724
2023-08-22,TSLA,Tesla,240.25,240.82000732421875,229.5500030517578,233.19000244140625,233.19000244140625,130442800,0.0,0.0,0.8224489949779781,0.6764223493402862
2023-08-23,TSLA,Tesla,229.33999633789065,238.97999572753903,229.2899932861328,236.86000061035156,236.86000061035156,101077600,0.0,0.0,1.5615669490355368,2.438491336320155
2023-08-24,TSLA,Tesla,238.66000366210935,238.9199981689453,228.17999267578125,230.0399932861328,230.0399932861328,99777400,0.0,0.0,-2.921607421029239,8.53578992261312
2023-08-25,TSLA,Tesla,231.30999755859375,239.0,230.3500061035156,238.58999633789065,238.58999633789065,106612200,0.0,0.0,3.649340462828744,13.31768581363911
2023-08-28,TSLA,Tesla,242.5800018310547,244.3800048828125,235.3500061035156,238.82000732421875,238.82000732421875,107673700,0.0,0.0,0.09635784854130897,0.009284834975509838
2023-08-29,TSLA,Tesla,238.5800018310547,257.4800109863281,237.77000427246097,257.17999267578125,257.17999267578125,134047600,0.0,0.0,7.406603958973092,54.85778220507587
2023-08-30,TSLA,Tesla,254.1999969482422,260.510009765625,250.58999633789065,256.8999938964844,256.8999938964844,121988400,0.0,0.0,-0.10893200058280639,0.011866180750972531
2023-08-31,TSLA,Tesla,255.97999572753903,261.17999267578125,255.0500030517578,258.0799865722656,258.0799865722656,108861700,0.0,0.0,0.4582681990043304,0.21000974221867258
2023-09-01,TSLA,Tesla,257.260009765625,259.0799865722656,242.0099945068359,245.0099945068359,245.0099945068359,132541600,0.0,0.0,-5.197055872941754,27.00938974647838
2023-09-05,TSLA,Tesla,245.0,258.0,244.86000061035156,256.489990234375,256.489990234375,129469600,0.0,0.0,4.579063580383254,20.967823273192305
2023-09-06,TSLA,Tesla,255.13999938964844,255.38999938964844,245.05999755859375,251.9199981689453,251.9199981689453,116959800,0.0,0.0,-1.7978069897591802,3.232109972426965
2023-09-07,TSLA,Tesla,245.07000732421875,252.80999755859375,243.27000427246097,251.4900054931641,251.4900054931641,115312900,0.0,0.0,-0.17083203640210315,0.029183584661289494
2023-09-08,TSLA,Tesla,251.22000122070312,256.5199890136719,246.6699981689453,248.5,248.5,118367700,0.0,0.0,-1.196040362366727,1.4305125484103318
2023-09-11,TSLA,Tesla,264.2699890136719,274.8500061035156,260.6099853515625,273.5799865722656,273.5799865722656,174667900,0.0,0.0,9.615118904304937,92.45051154392218
2023-09-12,TSLA,Tesla,270.760009765625,278.3900146484375,266.6000061035156,267.4800109863281,267.4800109863281,135999900,0.0,0.0,-2.2549196320499374,5.084662547004225
2023-09-13,TSLA,Tesla,270.07000732421875,274.9800109863281,268.1000061035156,271.29998779296875,271.29998779296875,111673700,0.0,0.0,1.418033641106544,2.010819407309883
2023-09-14,TSLA,Tesla,271.32000732421875,276.7099914550781,270.4200134277344,276.0400085449219,276.0400085449219,107709800,0.0,0.0,1.7320639037477314,3.0000453666658307
2023-09-15,TSLA,Tesla,277.54998779296875,278.9800109863281,271.0,274.3900146484375,274.3900146484375,133692300,0.0,0.0,-0.5995308283339084,0.3594372141227423
2023-09-18,TSLA,Tesla,271.1600036621094,271.44000244140625,263.760009765625,265.2799987792969,265.2799987792969,101543300,0.0,0.0,-3.376463807907184,11.40050784610708
2023-09-19,TSLA,Tesla,264.3500061035156,267.8500061035156,261.20001220703125,266.5,266.5,103704000,0.0,0.0,0.4588376260533905,0.21053196708231103
2023-09-20,TSLA,Tesla,267.0400085449219,273.92999267578125,262.4599914550781,262.5899963378906,262.5899963378906,122514600,0.0,0.0,-1.4780377139554337,2.1845954838746047
2023-09-21,TSLA,Tesla,257.8500061035156,260.8599853515625,254.2100067138672,255.6999969482422,255.6999969482422,119951500,0.0,0.0,-2.6588996104119156,7.069747138248636
2023-09-22,TSLA,Tesla,257.3999938964844,257.7900085449219,244.47999572753903,244.8800048828125,244.8800048828125,127524100,0.0,0.0,-4.32365557854555,18.693997561888054
2023-09-25,TSLA,Tesla,243.3800048828125,247.1000061035156,238.30999755859375,246.9900054931641,246.9900054931641,104636600,0.0,0.0,0.8579557642105126,0.7360880933420446
2023-09-26,TSLA,Tesla,242.97999572753903,249.5500030517578,241.66000366210935,244.1199951171875,244.1199951171875,101993600,0.0,0.0,-1.1687984544271046,1.3660898270711885
2023-09-27,TSLA,Tesla,244.2599945068359,245.3300018310547,234.5800018310547,240.5,240.5,136597200,0.0,0.0,-1.4939798128788435,2.231975681289504
2023-09-28,TSLA,Tesla,240.02000427246097,247.5500030517578,238.6499938964844,246.3800048828125,246.3800048828125,117058900,0.0,0.0,2.41549898062297,5.8346353253906065
2023-09-29,TSLA,Tesla,250.0,254.77000427246097,246.3500061035156,250.22000122070312,250.22000122070312,128522700,0.0,0.0,1.5465456415727707,2.391803421467733
2023-10-02,TSLA,Tesla,244.80999755859375,254.27999877929688,242.6199951171875,251.6000061035156,251.6000061035156,123810400,0.0,0.0,0.5500013317317833,0.3025014649067352
2023-10-03,TSLA,Tesla,248.61000061035156,250.02000427246097,244.4499969482422,246.52999877929688,246.52999877929688,101985300,0.0,0.0,-2.0356864105244106,4.144019161993759
2023-10-04,TSLA,Tesla,248.13999938964844,261.8599853515625,247.6000061035156,261.1600036621094,261.1600036621094,129721600,0.0,0.0,5.764957536105983,33.23473539310516
2023-10-05,TSLA,Tesla,260.0,263.6000061035156,256.25,260.04998779296875,260.04998779296875,119159200,0.0,0.0,-0.42593870629195185,0.18142378151766161
2023-10-06,TSLA,Tesla,253.97999572753903,261.6499938964844,250.6499938964844,260.5299987792969,260.5299987792969,118121800,0.0,0.0,0.18441397469999052,0.03400851406464874
2023-10-09,TSLA,Tesla,255.30999755859375,261.3599853515625,252.0500030517578,259.6700134277344,259.6700134277344,101377900,0.0,0.0,-0.3306367223503055,0.109320642166553
2023-10-10,TSLA,Tesla,257.75,268.94000244140625,257.6499938964844,263.6199951171875,263.6199951171875,122656000,0.0,0.0,1.5097007960672728,2.279196493646157
2023-10-11,TSLA,Tesla,266.20001220703125,268.6000061035156,260.8999938964844,262.989990234375,262.989990234375,103706300,0.0,0.0,-0.23926822540326845,0.05724928368762928
2023-10-12,TSLA,Tesla,262.9200134277344,265.4100036621094,256.6300048828125,258.8699951171875,258.8699951171875,111508100,0.0,0.0,-1.5789985181823882,2.4932363204221777
2023-10-13,TSLA,Tesla,258.8999938964844,259.6000061035156,250.22000122070312,251.1199951171875,251.1199951171875,102073800,0.0,0.0,-3.039509323674268,9.238616928702806
2023-10-16,TSLA,Tesla,250.0500030517578,255.3999938964844,248.47999572753903,253.9199981689453,253.9199981689453,88917200,0.0,0.0,1.1088356477393282,1.2295164936974956
2023-10-17,TSLA,Tesla,250.1000061035156,257.17999267578125,247.0800018310547,254.8500061035156,254.8500061035156,93562900,0.0,0.0,0.36559111685426426,0.13365686472274832
2023-10-18,TSLA,Tesla,252.6999969482422,254.6300048828125,242.0800018310547,242.67999267578125,242.67999267578125,125147800,0.0,0.0,-4.8931487841958825,23.942905024277643
2023-10-19,TSLA,Tesla,225.9499969482422,230.61000061035156,216.77999877929688,220.11000061035156,220.11000061035156,170772700,0.0,0.0,-9.761624872658338,95.28932015450191
2023-10-20,TSLA,Tesla,217.0099945068359,218.86000061035156,210.4199981689453,211.9900054931641,211.9900054931641,138010100,0.0,0.0,-3.7588294506416884,14.128798839011298
2023-10-23,TSLA,Tesla,210.0,216.97999572753903,202.5099945068359,212.0800018310547,212.0800018310547,150683400,0.0,0.0,0.042444095402800135,0.0018015012345619994
2023-10-24,TSLA,Tesla,216.5,222.0500030517578,214.11000061035156,216.52000427246097,216.52000427246097,118231100,0.0,0.0,2.0719371046622377,4.2929233656761365
2023-10-25,TSLA,Tesla,215.8800048828125,220.1000061035156,212.1999969482422,212.4199981689453,212.4199981689453,107065100,0.0,0.0,-1.9117503387764425,3.654789357811843
2023-10-26,TSLA,Tesla,211.32000732421875,214.8000030517578,204.8800048828125,205.7599945068359,205.7599945068359,115112600,0.0,0.0,-3.185502392111449,10.147425490147764
2023-10-27,TSLA,Tesla,210.6000061035156,212.41000366210935,205.77000427246097,207.3000030517578,207.3000030517578,94881200,0.0,0.0,0.7456619810883741,0.5560117900406388
2023-10-30,TSLA,Tesla,209.27999877929688,210.8800048828125,194.6699981689453,197.36000061035156,197.36000061035156,136448200,0.0,0.0,-4.91375588495086,24.14499689688921
2023-10-31,TSLA,Tesla,196.1199951171875,202.8000030517578,194.07000732421875,200.83999633789065,200.83999633789065,118068300,0.0,0.0,1.7479077618859313,3.0551815440610857
2023-11-01,TSLA,Tesla,204.0399932861328,205.9900054931641,197.8500061035156,205.66000366210935,205.66000366210935,121661700,0.0,0.0,2.37157846751232,5.624384427568084
2023-11-02,TSLA,Tesla,212.97000122070312,219.1999969482422,211.4499969482422,218.5099945068359,218.5099945068359,125987600,0.0,0.0,6.060741733192271,36.732590356458445
2023-11-03,TSLA,Tesla,221.1499938964844,226.3699951171875,218.3999938964844,219.9600067138672,219.9600067138672,119534800,0.0,0.0,0.6613987223154641,0.43744826988052843
2023-11-06,TSLA,Tesla,223.97999572753903,226.32000732421875,215.0,219.27000427246097,219.27000427246097,117335800,0.0,0.0,-0.3141875517399729,0.09871381766835817
2023-11-07,TSLA,Tesla,219.97999572753903,223.1199951171875,215.72000122070312,222.17999267578125,222.17999267578125,116900100,0.0,0.0,1.3183964542986408,1.7381692107072282
2023-11-08,TSLA,Tesla,223.1499938964844,224.1499938964844,217.63999938964844,222.11000061035156,222.11000061035156,106584800,0.0,0.0,-0.03150737899407528,0.0009927149310762964
2023-11-09,TSLA,Tesla,219.75,220.8000030517578,206.67999267578125,209.97999572753903,209.97999572753903,142110500,0.0,0.0,-5.6160489658582256,31.540005986917244
2023-11-10,TSLA,Tesla,210.02999877929688,215.3800048828125,205.69000244140625,214.6499938964844,214.6499938964844,130994000,0.0,0.0,2.1996498496030514,4.838459460858727
2023-11-13,TSLA,Tesla,215.6000061035156,225.3999938964844,211.61000061035156,223.7100067138672,223.7100067138672,140447600,0.0,0.0,4.134183399945281,17.09147238438312
2023-11-14,TSLA,Tesla,235.02999877929688,238.13999938964844,230.72000122070312,237.41000366210935,237.41000366210935,149771600,0.0,0.0,5.943801947754144,35.32878159412596
2023-11-15,TSLA,Tesla,239.2899932861328,246.6999969482422,236.4499969482422,242.83999633789065,242.83999633789065,150354000,0.0,0.0,2.261415546906529,5.114000275790556
2023-11-16,TSLA,Tesla,239.4900054931641,240.8800048828125,230.9600067138672,233.58999633789065,233.58999633789065,136816800,0.0,0.0,-3.883534904080814,15.081843351213976
2023-11-17,TSLA,Tesla,232.0,237.38999938964844,226.5399932861328,234.3000030517578,234.3000030517578,142532800,0.0,0.0,0.3034932397664385,0.09210814658392892
2023-11-20,TSLA,Tesla,234.0399932861328,237.1000061035156,231.02000427246097,235.6000061035156,235.6000061035156,116320100,0.0,0.0,0.5533119144943253,0.3061540747213755
2023-11-21,TSLA,Tesla,235.0399932861328,243.6199951171875,233.33999633789065,241.1999969482422,241.1999969482422,122288000,0.0,0.0,2.349097451694034,5.518258837555405
2023-11-22,TSLA,Tesla,242.0399932861328,244.0099945068359,231.3999938964844,234.2100067138672,234.2100067138672,117950600,0.0,0.0,-2.9408274734311717,8.64846622848757
2023-11-24,TSLA,Tesla,233.75,238.75,232.3300018310547,235.4499969482422,235.4499969482422,65125200,0.0,0.0,0.5280386261856707,0.2788247907440504
2023-11-27,TSLA,Tesla,236.88999938964844,238.3300018310547,232.1000061035156,236.0800018310547,236.0800018310547,112031800,0.0,0.0,0.26721746625813214,0.07140517427341599
2023-11-28,TSLA,Tesla,236.67999267578125,247.0,234.0099945068359,246.72000122070312,246.72000122070312,148549900,0.0,0.0,4.408335693193017,19.433423583879556
2023-11-29,TSLA,Tesla,249.2100067138672,252.75,242.7599945068359,244.13999938964844,244.13999938964844,135401300,0.0,0.0,-1.0512266581044114,1.1050774867093691
2023-11-30,TSLA,Tesla,245.13999938964844,245.22000122070312,236.91000366210935,240.0800018310547,240.0800018310547,132353200,0.0,0.0,-1.6769619982683281,2.812201543636104
2023-12-01,TSLA,Tesla,233.13999938964844,240.19000244140625,231.8999938964844,238.8300018310547,238.8300018310547,121331700,0.0,0.0,-0.5220199323597404,0.27250480978086794
2023-12-04,TSLA,Tesla,235.75,239.3699951171875,233.2899932861328,235.5800018310547,235.5800018310547,104099800,0.0,0.0,-1.370144313218934,1.8772954390461842
2023-12-05,TSLA,Tesla,233.8699951171875,246.66000366210935,233.6999969482422,238.72000122070312,238.72000122070312,137971100,0.0,0.0,1.3240755825754018,1.7531761483723898
2023-12-06,TSLA,Tesla,242.9199981689453,246.57000732421875,239.1699981689453,239.3699951171875,239.3699951171875,126436200,0.0,0.0,0.27191294607693983,0.07393665024424079
2023-12-07,TSLA,Tesla,241.5500030517578,244.0800018310547,236.97999572753903,242.63999938964844,242.63999938964844,107142300,0.0,0.0,1.3568409275163598,1.8410173025834555
2023-12-08,TSLA,Tesla,240.27000427246097,245.27000427246097,239.27000427246097,243.83999633789065,243.83999633789065,103126800,0.0,0.0,0.49333966149239644,0.2433840216014323
2023-12-11,TSLA,Tesla,242.7400054931641,243.44000244140625,237.4499969482422,239.7400054931641,239.7400054931641,97913900,0.0,0.0,-1.6957231787828677,2.8754770990614738
2023-12-12,TSLA,Tesla,238.5500030517578,238.9900054931641,233.8699951171875,237.0099945068359,237.0099945068359,95328300,0.0,0.0,-1.1452714531077002,1.311646701303423
2023-12-13,TSLA,Tesla,234.19000244140625,240.3000030517578,228.1999969482422,239.2899932861328,239.2899932861328,146286300,0.0,0.0,0.9573866272891631,0.9165891541121189
2023-12-14,TSLA,Tesla,241.22000122070312,253.8800048828125,240.7899932861328,251.0500030517578,251.0500030517578,160829200,0.0,0.0,4.797595720291628,23.016924695360547
2023-12-15,TSLA,Tesla,251.2100067138672,254.1300048828125,248.3000030517578,253.5,253.5,135932800,0.0,0.0,0.9711688394547188,0.9431689147278253
2023-12-18,TSLA,Tesla,253.77999877929688,258.739990234375,251.36000061035156,252.0800018310547,252.0800018310547,116416500,0.0,0.0,-0.5617318318434684,0.3155426509062187
2023-12-19,TSLA,Tesla,253.47999572753903,258.3399963378906,253.0099945068359,257.2200012207031,257.2200012207031,106737400,0.0,0.0,2.0185249870892545,4.074443123503675
2023-12-20,TSLA,Tesla,256.4100036621094,259.8399963378906,247.0,247.13999938964844,247.13999938964844,125097000,0.0,0.0,-3.9976779377310603,15.981428893821663
2023-12-21,TSLA,Tesla,251.8999938964844,254.8000030517578,248.5500030517578,254.5,254.5,109594200,0.0,0.0,2.9345860784192235,8.611795451651917
2023-12-22,TSLA,Tesla,256.760009765625,258.2200012207031,251.3699951171875,252.5399932861328,252.5399932861328,93370100,0.0,0.0,-0.7731210565404946,0.5977161680662906
2023-12-26,TSLA,Tesla,254.4900054931641,257.9700012207031,252.91000366210935,256.6099853515625,256.6099853515625,86892400,0.0,0.0,1.598774007390915,2.556078326708805
2023-12-27,TSLA,Tesla,258.3500061035156,263.3399963378906,257.5199890136719,261.44000244140625,261.44000244140625,106494400,0.0,0.0,1.864745551086063,3.477275970295265
2023-12-28,TSLA,Tesla,263.6600036621094,265.1300048828125,252.7100067138672,253.17999267578125,253.17999267578125,113619900,0.0,0.0,-3.2104151730159782,10.306765583131213
2023-12-29,TSLA,Tesla,255.1000061035156,255.19000244140625,247.42999267578125,248.47999572753903,248.47999572753903,100891600,0.0,0.0,-1.8738327073791299,3.5112490152438
2024-01-02,TSLA,Tesla,250.0800018310547,251.25,244.41000366210935,248.4199981689453,248.4199981689453,104654200,0.0,0.0,-0.024148746074566404,0.0005831619369738863
2024-01-03,TSLA,Tesla,244.97999572753903,245.67999267578125,236.32000732421875,238.4499969482422,238.4499969482422,121082600,0.0,0.0,-4.096122279932548,16.778217732159813
2024-01-04,TSLA,Tesla,239.25,242.6999969482422,237.72999572753903,237.92999267578125,237.92999267578125,102629300,0.0,0.0,-0.21831499656647055,0.047661437725818045
2024-01-05,TSLA,Tesla,236.86000061035156,240.1199951171875,234.8999938964844,237.4900054931641,237.4900054931641,92488900,0.0,0.0,-0.18509415250830852,0.03425984529276897
2024-01-08,TSLA,Tesla,236.13999938964844,241.25,235.3000030517578,240.4499969482422,240.4499969482422,85166600,0.0,0.0,1.238661457663906,1.534282206702072
2024-01-09,TSLA,Tesla,238.11000061035156,238.9600067138672,232.0399932861328,234.9600067138672,234.9600067138672,96705700,0.0,0.0,-2.3096839566935645,5.33463997980764
2024-01-10,TSLA,Tesla,235.1000061035156,235.5,231.2899932861328,233.94000244140625,233.94000244140625,91628500,0.0,0.0,-0.43506328062787064,0.18928005815068533
2024-01-11,TSLA,Tesla,230.57000732421875,230.92999267578125,225.3699951171875,227.22000122070312,227.22000122070312,105873600,0.0,0.0,-2.914596614449833,8.49487342496243
2024-01-12,TSLA,Tesla,220.0800018310547,225.33999633789065,217.1499938964844,218.88999938964844,218.88999938964844,123043800,0.0,0.0,-3.734939877742937,13.949775890354424
2024-01-16,TSLA,Tesla,215.1000061035156,223.4900054931641,212.17999267578125,219.91000366210935,219.91000366210935,115355000,0.0,0.0,0.4649070658851297,0.21613857990992033
2024-01-17,TSLA,Tesla,214.86000061035156,215.6699981689453,212.0099945068359,215.5500030517578,215.5500030517578,103164400,0.0,0.0,-2.0025473044372717,4.010195706508983
2024-01-18,TSLA,Tesla,216.8800048828125,217.4499969482422,208.7400054931641,211.8800048828125,211.8800048828125,108595400,0.0,0.0,-1.7172815629643214,2.9490559664971827
2024-01-19,TSLA,Tesla,209.9900054931641,213.19000244140625,207.55999755859375,212.19000244140625,212.19000244140625,102260300,0.0,0.0,0.14620115002590317,0.021374776268896646
2024-01-22,TSLA,Tesla,212.2599945068359,217.8000030517578,206.27000427246097,208.8000030517578,208.8000030517578,117952500,0.0,0.0,-1.6105240597581734,2.5937877470599484
2024-01-23,TSLA,Tesla,211.3000030517578,215.6499938964844,207.75,209.13999938964844,209.13999938964844,106605900,0.0,0.0,0.16270106278732432,0.026471635832124852
2024-01-24,TSLA,Tesla,211.8800048828125,212.72999572753903,206.77000427246097,207.8300018310547,207.8300018310547,123369900,0.0,0.0,-0.6283434610725191,0.3948155050725924
2024-01-25,TSLA,Tesla,189.6999969482422,193.0,180.05999755859375,182.6300048828125,182.6300048828125,198076800,0.0,0.0,-12.925817170128795,167.07674951559636
2024-01-26,TSLA,Tesla,185.5,186.77999877929688,182.1000061035156,183.25,183.25,107343200,0.0,0.0,0.3389065826718794,0.11485767177833142
2024-01-29,TSLA,Tesla,185.6300048828125,191.47999572753903,183.6699981689453,190.92999267578125,190.92999267578125,125013100,0.0,0.0,4.1055489597857635,16.855532261197965
2024-01-30,TSLA,Tesla,195.3300018310547,196.36000061035156,190.61000061035156,191.58999633789065,191.58999633789065,109982300,0.0,0.0,0.34508226289791305,0.11908176816674437
2024-01-31,TSLA,Tesla,187.0,193.97000122070312,185.8500061035156,187.2899932861328,187.2899932861328,103221400,0.0,0.0,-2.2699471099276636,5.152659881868952
2024-02-01,TSLA,Tesla,188.5,189.8800048828125,184.27999877929688,188.86000061035156,188.86000061035156,91843300,0.0,0.0,0.8347821172369478,0.6968611832586014
2024-02-02,TSLA,Tesla,185.0399932861328,188.69000244140625,182.0,187.91000366210935,187.91000366210935,110612700,0.0,0.0,-0.5042858776994668,0.2543042464471215
2024-02-05,TSLA,Tesla,184.2599945068359,184.67999267578125,175.00999450683594,181.05999755859375,181.05999755859375,134294400,0.0,0.0,-3.7134689726363996,13.789851810733238
2024-02-06,TSLA,Tesla,177.2100067138672,186.4900054931641,177.11000061035156,185.1000061035156,185.1000061035156,122676000,0.0,0.0,2.206779799027196,4.869877081394511
2024-02-07,TSLA,Tesla,188.17999267578125,189.7899932861328,182.67999267578125,187.5800018310547,187.5800018310547,111535200,0.0,0.0,1.3309178288648946,1.7713422671904449
2024-02-08,TSLA,Tesla,189.0,191.6199951171875,185.5800018310547,189.55999755859375,189.55999755859375,83034000,0.0,0.0,1.0500153377802504,1.1025322095737733
2024-02-09,TSLA,Tesla,190.17999267578125,194.1199951171875,189.47999572753903,193.57000732421875,193.57000732421875,84476300,0.0,0.0,2.093365777497024,4.38218027839572
2024-02-12,TSLA,Tesla,192.11000061035156,194.72999572753903,187.27999877929688,188.1300048828125,188.1300048828125,95498600,0.0,0.0,-2.850600281752684,8.12592196632848
2024-02-13,TSLA,Tesla,183.9900054931641,187.2599945068359,182.11000061035156,184.02000427246097,184.02000427246097,86759500,0.0,0.0,-2.208876860591063,4.87913698525463
2024-02-14,TSLA,Tesla,185.3000030517578,188.88999938964844,183.3500061035156,188.7100067138672,188.7100067138672,81203000,0.0,0.0,2.51670101471127,6.3337839974487355
2024-02-15,TSLA,Tesla,189.16000366210935,200.8800048828125,188.86000061035156,200.4499969482422,200.4499969482422,120831800,0.0,0.0,6.035334314528131,36.42526028812075
2024-02-16,TSLA,Tesla,202.05999755859375,203.1699981689453,197.3999938964844,199.9499969482422,199.9499969482422,111346700,0.0,0.0,-0.24975038337594174,0.062375253996429875
2024-02-20,TSLA,Tesla,196.1300048828125,198.6000061035156,189.1300048828125,193.7599945068359,193.7599945068359,104545800,0.0,0.0,-3.1447068575792243,9.8891812201058
2024-02-21,TSLA,Tesla,193.36000061035156,199.44000244140625,191.9499969482422,194.77000427246097,194.77000427246097,103500300,0.0,0.0,0.5199145723307321,0.2703111625218481
2024-02-22,TSLA,Tesla,194.0,198.32000732421875,191.36000061035156,197.41000366210935,197.41000366210935,92739500,0.0,0.0,1.346340565061809,1.8126329171309512
2024-02-23,TSLA,Tesla,195.30999755859375,197.57000732421875,191.5,191.97000122070312,191.97000122070312,78841900,0.0,0.0,-2.794368665005475,7.808496235964481
2024-02-26,TSLA,Tesla,192.2899932861328,201.77999877929688,192.0,199.3999938964844,199.3999938964844,111747100,0.0,0.0,3.7973710740030473,14.420027073675056
2024-02-27,TSLA,Tesla,204.0399932861328,205.6000061035156,198.2599945068359,199.72999572753903,199.72999572753903,108645400,0.0,0.0,0.16536061675660274,0.027344133574124047
2024-02-28,TSLA,Tesla,200.4199981689453,205.3000030517578,198.44000244140625,202.0399932861328,202.0399932861328,99806200,0.0,0.0,1.1499231283567917,1.3223232011298705
2024-02-29,TSLA,Tesla,204.17999267578125,205.27999877929688,198.4499969482422,201.8800048828125,201.8800048828125,85907000,0.0,0.0,-0.07921787106965236,0.0062754710968080645
2024-03-01,TSLA,Tesla,200.52000427246097,204.52000427246097,198.5,202.63999938964844,202.63999938964844,82243100,0.0,0.0,0.37575170226514665,0.1411893417551554
2024-03-04,TSLA,Tesla,198.72999572753903,199.75,186.72000122070312,188.13999938964844,188.13999938964844,134334900,0.0,0.0,-7.424463938175002,55.12266476926106
2024-03-05,TSLA,Tesla,183.0500030517578,184.58999633789065,177.57000732421875,180.7400054931641,180.7400054931641,119660800,0.0,0.0,-4.0126798433230215,16.10159952501087
2024-03-06,TSLA,Tesla,179.99000549316406,181.5800018310547,173.6999969482422,176.5399932861328,176.5399932861328,107920900,0.0,0.0,-2.351212330464284,5.528199422927289
2024-03-07,TSLA,Tesla,174.35000610351562,180.0399932861328,173.6999969482422,178.64999389648438,178.64999389648438,102129000,0.0,0.0,1.1881108742965991,1.4116074496218292
2024-03-08,TSLA,Tesla,181.5,182.72999572753903,174.6999969482422,175.33999633789062,175.33999633789062,85544600,0.0,0.0,-1.8701625030085045,3.4975077876590346
2024-03-11,TSLA,Tesla,175.4499969482422,182.8699951171875,174.8000030517578,177.77000427246094,177.77000427246094,85391500,0.0,0.0,1.3763678693560029,1.894388511795583
2024-03-12,TSLA,Tesla,177.77000427246094,179.42999267578125,172.41000366210938,177.5399932861328,177.5399932861328,87391700,0.0,0.0,-0.12947061441473567,0.01676263999692916
2024-03-13,TSLA,Tesla,173.0500030517578,176.0500030517578,169.14999389648438,169.47999572753906,169.47999572753906,106524500,0.0,0.0,-4.646099727496629,21.586242677844247
2024-03-14,TSLA,Tesla,167.77000427246094,171.1699981689453,160.50999450683594,162.5,162.5,126325700,0.0,0.0,-4.205689877933218,17.687827349349927
2024-03-15,TSLA,Tesla,163.16000366210938,165.17999267578125,160.75999450683594,163.57000732421875,163.57000732421875,97146800,0.0,0.0,0.6563076277915342,0.430739702297351
2024-03-18,TSLA,Tesla,170.02000427246094,174.72000122070312,165.89999389648438,173.8000030517578,173.8000030517578,108214400,0.0,0.0,6.066415234260472,36.80139379446753
2024-03-19,TSLA,Tesla,172.36000061035156,172.82000732421875,167.4199981689453,171.32000732421875,171.32000732421875,77271400,0.0,0.0,-1.4372034891457557,2.065553869212734
2024-03-20,TSLA,Tesla,173.0,176.25,170.82000732421875,175.66000366210938,175.66000366210938,83846700,0.0,0.0,2.5017133837829975,6.258569854598975
2024-03-21,TSLA,Tesla,176.38999938964844,178.17999267578125,171.8000030517578,172.82000732421875,172.82000732421875,73178000,0.0,0.0,-1.6299696542812376,2.6568010738776975
2024-03-22,TSLA,Tesla,166.69000244140625,171.1999969482422,166.3000030517578,170.8300018310547,170.8300018310547,75580600,0.0,0.0,-1.158171211632812,1.3413605554550159
2024-03-25,TSLA,Tesla,168.75999450683594,175.24000549316406,168.72999572753906,172.6300048828125,172.6300048828125,74228600,0.0,0.0,1.0481683435756075,1.0986568764740328
2024-03-26,TSLA,Tesla,178.5800018310547,184.25,177.3800048828125,177.6699981689453,177.6699981689453,113186200,0.0,0.0,2.87772826285837,8.281319954853853
2024-03-27,TSLA,Tesla,181.41000366210935,181.91000366210935,176.0,179.8300018310547,179.8300018310547,81804000,0.0,0.0,1.20840836173639,1.4602507687144262
2024-03-28,TSLA,Tesla,177.4499969482422,179.57000732421875,175.3000030517578,175.7899932861328,175.7899932861328,77654800,0.0,0.0,-2.272190773999231,5.162850913447225
2024-04-01,TSLA,Tesla,176.1699981689453,176.75,170.2100067138672,175.22000122070312,175.22000122070312,81562100,0.0,0.0,-0.3247728414349533,0.10547739853373331
2024-04-02,TSLA,Tesla,164.75,167.69000244140625,163.42999267578125,166.6300048828125,166.6300048828125,116650600,0.0,0.0,-5.026651935105257,25.26722967669743
2024-04-03,TSLA,Tesla,164.02000427246094,168.82000732421875,163.27999877929688,168.3800048828125,168.3800048828125,82950100,0.0,0.0,1.044754405443174,1.0915117676929202
2024-04-04,TSLA,Tesla,170.07000732421875,177.19000244140625,168.00999450683594,171.11000061035156,171.11000061035156,123162000,0.0,0.0,1.6083269202606634,2.5867154824351504
2024-04-05,TSLA,Tesla,169.0800018310547,170.86000061035156,160.50999450683594,164.89999389648438,164.89999389648438,143157600,0.0,0.0,-3.696743555877544,13.66591291792215
2024-04-08,TSLA,Tesla,169.33999633789062,174.5,167.7899932861328,172.97999572753906,172.97999572753906,104423300,0.0,0.0,4.783676362708771,22.88355954313862
2024-04-09,TSLA,Tesla,172.91000366210938,179.22000122070312,171.9199981689453,176.8800048828125,176.8800048828125,102951700,0.0,0.0,2.2295607975213145,4.97094134984388
2024-04-10,TSLA,Tesla,173.0399932861328,174.92999267578125,170.00999450683594,171.75999450683594,171.75999450683594,84532400,0.0,0.0,-2.937344256551801,8.627991281497852
2024-04-11,TSLA,Tesla,172.5500030517578,175.8800048828125,168.50999450683594,174.60000610351562,174.60000610351562,94516000,0.0,0.0,1.6399556773736195,2.6894546237499672
2024-04-12,TSLA,Tesla,172.33999633789062,173.80999755859375,170.36000061035156,171.0500030517578,171.0500030517578,64722700,0.0,0.0,-2.0541749097701736,4.2196345599293
2024-04-15,TSLA,Tesla,170.24000549316406,170.69000244140625,161.3800048828125,161.47999572753906,161.47999572753906,100245300,0.0,0.0,-5.7574659738337015,33.14841443985285
2024-04-16,TSLA,Tesla,156.74000549316406,158.19000244140625,153.75,157.11000061035156,157.11000061035156,97000000,0.0,0.0,-2.7435068682222954,7.526829935982907
2024-04-17,TSLA,Tesla,157.63999938964844,158.3300018310547,153.77999877929688,155.4499969482422,155.4499969482422,82439700,0.0,0.0,-1.062208397137564,1.128286678949553
2024-04-18,TSLA,Tesla,151.25,152.1999969482422,148.6999969482422,149.92999267578125,149.92999267578125,96098800,0.0,0.0,-3.6155647217109546,13.072308256880813
2024-04-19,TSLA,Tesla,148.97000122070312,150.94000244140625,146.22000122070312,147.0500030517578,147.0500030517578,87074500,0.0,0.0,-1.939578390268632,3.761964331997058
2024-04-22,TSLA,Tesla,140.55999755859375,144.44000244140625,138.8000030517578,142.0500030517578,142.0500030517578,107097600,0.0,0.0,-3.45935559693179,11.967141146023302
2024-04-23,TSLA,Tesla,143.3300018310547,147.25999450683594,141.11000061035156,144.67999267578125,144.67999267578125,124545100,0.0,0.0,1.8345226676437152,3.3654734180986132
2024-04-24,TSLA,Tesla,162.83999633789062,167.97000122070312,157.50999450683594,162.1300048828125,162.1300048828125,181178000,0.0,0.0,11.387415621830609,129.6732345443118
2024-04-25,TSLA,Tesla,158.9600067138672,170.8800048828125,158.36000061035156,170.17999267578125,170.17999267578125,126427500,0.0,0.0,4.845814470471284,23.481917882228892
2024-04-26,TSLA,Tesla,168.85000610351562,172.1199951171875,166.3699951171875,168.2899932861328,168.2899932861328,109815700,0.0,0.0,-1.1168015552988686,1.2472457139179718
2024-04-29,TSLA,Tesla,188.4199981689453,198.8699951171875,184.5399932861328,194.0500030517578,194.0500030517578,243869700,0.0,0.0,14.242723171122051,202.855163329217
2024-04-30,TSLA,Tesla,186.97999572753903,190.9499969482422,182.83999633789065,183.27999877929688,183.27999877929688,127031800,0.0,0.0,-5.710084205665044,32.6050616357854
2024-05-01,TSLA,Tesla,182.0,185.86000061035156,179.00999450683594,179.99000549316406,179.99000549316406,92829700,0.0,0.0,-1.8113707174260838,3.2810638759486856
2024-05-02,TSLA,Tesla,182.86000061035156,184.6000061035156,176.02000427246094,180.00999450683594,180.00999450683594,89148000,0.0,0.0,0.011105007606901515,0.00012332119394934052
2024-05-03,TSLA,Tesla,182.1000061035156,184.77999877929688,178.4199981689453,181.19000244140625,181.19000244140625,75491500,0.0,0.0,0.6533843535574035,0.4269111134736261
2024-05-06,TSLA,Tesla,183.8000030517578,187.55999755859375,182.1999969482422,184.7599945068359,184.7599945068359,84390300,0.0,0.0,1.9511437908750915,3.806962092670423
2024-05-07,TSLA,Tesla,182.3999938964844,183.2599945068359,177.39999389648438,177.80999755859375,177.80999755859375,75045900,0.0,0.0,-3.8342105093620065,14.701170230102058
2024-05-08,TSLA,Tesla,171.58999633789062,176.05999755859375,170.14999389648438,174.72000122070312,174.72000122070312,79969500,0.0,0.0,-1.7530851194269643,3.0733074359562536
2024-05-09,TSLA,Tesla,175.00999450683594,175.6199951171875,171.3699951171875,171.97000122070312,171.97000122070312,65950300,0.0,0.0,-1.5864649448707813,2.516871021303851
2024-05-10,TSLA,Tesla,173.0500030517578,173.05999755859375,167.75,168.47000122070312,168.47000122070312,72627200,0.0,0.0,-2.056235045052573,4.228102560502356
2024-05-13,TSLA,Tesla,170.0,175.39999389648438,169.0,171.88999938964844,171.88999938964844,67018900,0.0,0.0,2.009703414530751,4.03890781437656
2024-05-14,TSLA,Tesla,174.5,179.49000549316406,174.07000732421875,177.5500030517578,177.5500030517578,86407400,0.0,0.0,3.2397542788017755,10.496007787014412
2024-05-15,TSLA,Tesla,179.89999389648438,180.0,173.11000061035156,173.99000549316406,173.99000549316406,79663000,0.0,0.0,-2.0254418706909574,4.1024147715480845
2024-05-16,TSLA,Tesla,174.10000610351562,175.7899932861328,171.42999267578125,174.83999633789062,174.83999633789062,59812200,0.0,0.0,0.4873391179277019,0.23749941586255055
2024-05-17,TSLA,Tesla,173.5500030517578,179.6300048828125,172.75,177.4600067138672,177.4600067138672,77445800,0.0,0.0,1.487402019069651,2.212364766332475
2024-05-20,TSLA,Tesla,177.55999755859375,177.75,173.52000427246094,174.9499969482422,174.9499969482422,61727400,0.0,0.0,-1.4245067870223689,2.0292195862727924
2024-05-21,TSLA,Tesla,175.50999450683594,186.8800048828125,174.7100067138672,186.6000061035156,186.6000061035156,115266500,0.0,0.0,6.44671197522328,41.56009529148725
2024-05-22,TSLA,Tesla,182.8500061035156,183.8000030517578,178.1199951171875,180.11000061035156,180.11000061035156,88313500,0.0,0.0,-3.5399542384592495,12.531276010385605
2024-05-23,TSLA,Tesla,181.8000030517578,181.8999938964844,173.25999450683594,173.74000549316406,173.74000549316406,71975500,0.0,0.0,-3.6007818288810785,12.965629779200164
2024-05-24,TSLA,Tesla,174.83999633789062,180.0800018310547,173.72999572753906,179.24000549316406,179.24000549316406,65584500,0.0,0.0,3.1165760115991867,9.713046036075495
2024-05-28,TSLA,Tesla,176.39999389648438,178.25,173.16000366210938,176.75,176.75,59736600,0.0,0.0,-1.3989415788236144,1.9570375409615068
2024-05-29,TSLA,Tesla,174.19000244140625,178.14999389648438,173.92999267578125,176.19000244140625,176.19000244140625,54782600,0.0,0.0,-0.3173332717476964,0.10070040535809732
2024-05-30,TSLA,Tesla,178.5800018310547,182.6699981689453,175.3800048828125,178.7899932861328,178.7899932861328,77618400,0.0,0.0,1.4648923152829736,2.1459094953751108
2024-05-31,TSLA,Tesla,178.5,180.32000732421875,173.82000732421875,178.0800018310547,178.0800018310547,67314600,0.0,0.0,-0.3978997402597566,0.15832420329878177
2024-06-03,TSLA,Tesla,178.1300048828125,182.63999938964844,174.49000549316406,176.2899932861328,176.2899932861328,68568900,0.0,0.0,-1.0102569596006488,1.0206191244215468
2024-06-04,TSLA,Tesla,174.77999877929688,177.75999450683594,174.0,174.77000427246094,174.77000427246094,60056300,0.0,0.0,-0.8659479988969873,0.7498659367936966
2024-06-05,TSLA,Tesla,175.35000610351562,176.14999389648438,172.1300048828125,175.0,175.0,57953800,0.0,0.0,0.13151256990527008,0.01729555604308855
2024-06-06,TSLA,Tesla,174.60000610351562,179.72999572753906,172.72999572753906,177.94000244140625,177.94000244140625,69887000,0.0,0.0,1.6660454613497404,2.7757074792840695
2024-06-07,TSLA,Tesla,176.1300048828125,179.35000610351562,175.5800018310547,177.47999572753906,177.47999572753906,56244900,0.0,0.0,-0.25885260992180076,0.06700467366332795
2024-06-10,TSLA,Tesla,176.05999755859375,178.57000732421875,173.1699981689453,173.7899932861328,173.7899932861328,50774600,0.0,0.0,-2.101026729322036,4.414313317325653
2024-06-11,TSLA,Tesla,173.9199981689453,174.75,167.41000366210938,170.66000366210938,170.66000366210938,64761900,0.0,0.0,-1.817434057762428,3.303066554314804
2024-06-12,TSLA,Tesla,171.1199951171875,180.5500030517578,169.8000030517578,177.2899932861328,177.2899932861328,90389400,0.0,0.0,3.811347747393242,14.52637165155954
2024-06-13,TSLA,Tesla,188.38999938964844,191.0800018310547,181.22999572753903,182.47000122070312,182.47000122070312,118984100,0.0,0.0,2.8799010597446486,8.29383011391835
2024-06-14,TSLA,Tesla,185.8000030517578,186.0,176.9199981689453,178.00999450683594,178.00999450683594,82038200,0.0,0.0,-2.474608500772532,6.123687232095677
2024-06-17,TSLA,Tesla,177.9199981689453,188.80999755859375,177.0,187.44000244140625,187.44000244140625,109786100,0.0,0.0,5.161910959393889,26.645324752710746
2024-06-18,TSLA,Tesla,186.55999755859375,187.1999969482422,182.3699951171875,184.86000061035156,184.86000061035156,68982300,0.0,0.0,-1.3860022086213655,1.9210021223033031
2024-06-20,TSLA,Tesla,184.67999267578125,185.2100067138672,179.66000366210938,181.57000732421875,181.57000732421875,55893100,0.0,0.0,-1.7957490517488177,3.224714656856778
2024-06-21,TSLA,Tesla,182.3000030517578,183.9499969482422,180.69000244140625,183.0099945068359,183.0099945068359,61937300,0.0,0.0,0.7899471520700999,0.6240165030636615
2024-06-24,TSLA,Tesla,184.97000122070312,188.8000030517578,182.5500030517578,182.5800018310547,182.5800018310547,61992100,0.0,0.0,-0.23523229758256903,0.05533423382597431
2024-06-25,TSLA,Tesla,184.3999938964844,187.97000122070312,182.0099945068359,187.3500061035156,187.3500061035156,62905700,0.0,0.0,2.579011465212662,6.651300137698362
2024-06-26,TSLA,Tesla,186.5399932861328,197.7599945068359,186.36000061035156,196.3699951171875,196.3699951171875,95737100,0.0,0.0,4.702205207892816,22.11073381713432
2024-06-27,TSLA,Tesla,195.1699981689453,198.72000122070312,194.0500030517578,197.4199981689453,197.4199981689453,72746500,0.0,0.0,0.5332819818052439,0.2843896721181285
2024-06-28,TSLA,Tesla,199.5500030517578,203.1999969482422,195.2599945068359,197.8800048828125,197.8800048828125,95438100,0.0,0.0,0.23273813203096338,0.054167038101262145
2024-07-01,TSLA,Tesla,201.02000427246097,213.22999572753903,200.8500061035156,209.86000061035156,209.86000061035156,135691400,0.0,0.0,5.877983360300819,34.55068838397331
2024-07-02,TSLA,Tesla,218.88999938964844,231.3000030517578,218.05999755859375,231.2599945068359,231.2599945068359,205047900,0.0,0.0,9.710195030947965,94.28788753904655
2024-07-03,TSLA,Tesla,234.55999755859375,248.3500061035156,234.25,246.38999938964844,246.38999938964844,166561500,0.0,0.0,6.337304899541437,40.161433389751906
2024-07-05,TSLA,Tesla,249.80999755859375,252.3699951171875,242.4600067138672,251.52000427246097,251.52000427246097,154501200,0.0,0.0,2.0606882284373107,4.246435974820102
2024-07-08,TSLA,Tesla,247.7100067138672,259.44000244140625,244.57000732421875,252.94000244140625,252.94000244140625,157219600,0.0,0.0,0.5629789876539194,0.3169453405398319
2024-07-09,TSLA,Tesla,251.0,265.6099853515625,250.3000030517578,262.3299865722656,262.3299865722656,160210900,0.0,0.0,3.6450885897889704,13.286670827409745
2024-07-10,TSLA,Tesla,262.79998779296875,267.5899963378906,257.8599853515625,263.260009765625,263.260009765625,128519400,0.0,0.0,0.3538972090407051,0.12524323456680053
2024-07-11,TSLA,Tesla,263.29998779296875,271.0,239.6499938964844,241.02999877929688,241.02999877929688,221707300,0.0,0.0,-8.822077208547265,77.8290462735691
2024-07-12,TSLA,Tesla,235.8000030517578,251.83999633789065,233.08999633789065,248.22999572753903,248.22999572753903,155955800,0.0,0.0,2.9434316513726,8.663789886302032
2024-07-15,TSLA,Tesla,255.97000122070312,265.6000061035156,251.72999572753903,252.63999938964844,252.63999938964844,146912900,0.0,0.0,1.7609829570940914,3.10106097517585
2024-07-16,TSLA,Tesla,255.30999755859375,258.6199951171875,245.8000030517578,256.55999755859375,256.55999755859375,126332500,0.0,0.0,1.5396997777534727,2.3706754056140933
2024-07-17,TSLA,Tesla,252.72999572753903,258.4700012207031,246.17999267578125,248.5,248.5,115584800,0.0,0.0,-3.191970033228898,10.188672693031291
2024-07-18,TSLA,Tesla,251.08999633789065,257.1400146484375,247.1999969482422,249.22999572753903,249.22999572753903,110869000,0.0,0.0,0.2933302220995548,0.08604261919697413
2024-07-19,TSLA,Tesla,247.7899932861328,249.44000244140625,236.8300018310547,239.1999969482422,239.1999969482422,87403900,0.0,0.0,-4.107613843938718,16.87249149091701
2024-07-22,TSLA,Tesla,244.2100067138672,253.2100067138672,243.75,251.5099945068359,251.5099945068359,101225400,0.0,0.0,5.0182719021710325,25.183052884119274
2024-07-23,TSLA,Tesla,253.6000061035156,255.7599945068359,245.6300048828125,246.3800048828125,246.3800048828125,111928200,0.0,0.0,-2.0607648987956475,4.246751968108235
2024-07-24,TSLA,Tesla,225.4199981689453,225.9900054931641,214.7100067138672,215.9900054931641,215.9900054931641,167942900,0.0,0.0,-13.16429436033912,173.29864600565637
2024-07-25,TSLA,Tesla,216.8000030517578,226.0,216.22999572753903,220.25,220.25,100636500,0.0,0.0,1.953112906763447,3.814650026565961
2024-07-26,TSLA,Tesla,221.19000244140625,222.27999877929688,215.3300018310547,219.8000030517578,219.8000030517578,94604100,0.0,0.0,-0.20452089625195088,0.041828797003701255
2024-07-29,TSLA,Tesla,224.8999938964844,234.27000427246097,224.6999969482422,232.1000061035156,232.1000061035156,129201800,0.0,0.0,5.445028372354368,29.648333975744062
2024-07-30,TSLA,Tesla,232.25,232.41000366210935,220.0,222.6199951171875,222.6199951171875,100560300,0.0,0.0,-4.170207944562903,17.390634300895552
2024-07-31,TSLA,Tesla,227.8999938964844,234.67999267578125,226.7899932861328,232.07000732421875,232.07000732421875,67497000,0.0,0.0,4.157282172336867,17.28299506042994
2024-08-01,TSLA,Tesla,227.69000244140625,231.8699951171875,214.3300018310547,216.86000061035156,216.86000061035156,83861900,0.0,0.0,-6.778709499652093,45.950902480673534
2024-08-02,TSLA,Tesla,214.8800048828125,216.1300048828125,205.77999877929688,207.6699981689453,207.6699981689453,82880100,0.0,0.0,-4.330171432078035,18.750384631184737
2024-08-05,TSLA,Tesla,185.22000122070312,203.8800048828125,182.0,198.8800048828125,198.8800048828125,100308800,0.0,0.0,-4.324862022379944,18.704431512624335
2024-08-06,TSLA,Tesla,200.75,202.8999938964844,192.6699981689453,200.63999938964844,200.63999938964844,73783900,0.0,0.0,0.8810602088580683,0.776267091633023
2024-08-07,TSLA,Tesla,200.77000427246097,203.4900054931641,191.47999572753903,191.7599945068359,191.7599945068359,71159800,0.0,0.0,-4.526769292244126,20.49164022520438
2024-08-08,TSLA,Tesla,195.6999969482422,200.6999969482422,192.0399932861328,198.83999633789065,198.83999633789065,65033900,0.0,0.0,3.625590132901283,13.144903811791144
2024-08-09,TSLA,Tesla,197.0500030517578,200.8800048828125,195.11000061035156,200.0,200.0,58648300,0.0,0.0,0.581690373893244,0.338363691080062
2024-08-12,TSLA,Tesla,199.02000427246097,199.2599945068359,194.6699981689453,197.4900054931641,197.4900054931641,64044900,0.0,0.0,-1.262938858524463,1.5950145603710735
2024-08-13,TSLA,Tesla,198.47000122070312,208.4900054931641,197.05999755859375,207.8300018310547,207.8300018310547,76247400,0.0,0.0,5.1032468678537874,26.043128594259493
2024-08-14,TSLA,Tesla,207.38999938964844,208.44000244140625,198.75,201.3800048828125,201.3800048828125,70250000,0.0,0.0,-3.1526751907101582,9.939360858119333
2024-08-15,TSLA,Tesla,205.02000427246097,215.8800048828125,204.82000732421875,214.13999938964844,214.13999938964844,89848500,0.0,0.0,6.143630914565022,37.74420081439904
2024-08-16,TSLA,Tesla,211.1499938964844,219.8000030517578,210.8000030517578,216.1199951171875,216.1199951171875,88765100,0.0,0.0,0.9203782502924531,0.8470961236113975
2024-08-19,TSLA,Tesla,217.07000732421875,222.97999572753903,214.08999633789065,222.72000122070312,222.72000122070312,76435200,0.0,0.0,3.00815962441386,9.049024325953736
2024-08-20,TSLA,Tesla,224.8800048828125,228.22000122070312,219.55999755859375,221.1000061035156,221.1000061035156,74001200,0.0,0.0,-0.7300267158314843,0.5329390058277027
2024-08-21,TSLA,Tesla,222.6699981689453,224.66000366210935,218.86000061035156,223.27000427246097,223.27000427246097,70146000,0.0,0.0,0.976670507756754,0.9538852807218356
2024-08-22,TSLA,Tesla,223.82000732421875,224.8000030517578,210.32000732421875,210.66000366210935,210.66000366210935,79514500,0.0,0.0,-5.813634375381801,33.79834465062094
2024-08-23,TSLA,Tesla,214.4600067138672,221.47999572753903,214.2100067138672,220.32000732421875,220.32000732421875,81525200,0.0,0.0,4.48355914315171,20.102302590139292
2024-08-26,TSLA,Tesla,218.75,219.08999633789065,211.0099945068359,213.2100067138672,213.2100067138672,59301200,0.0,0.0,-3.2803441227523,10.760657563675556
2024-08-27,TSLA,Tesla,213.25,215.66000366210935,206.94000244140625,209.2100067138672,209.2100067138672,62821400,0.0,0.0,-1.8939062709292416,3.5868809630651057
2024-08-28,TSLA,Tesla,209.72000122070312,211.83999633789065,202.58999633789065,205.75,205.75,64116400,0.0,0.0,-1.667672472989858,2.781131477168109
2024-08-29,TSLA,Tesla,209.8000030517578,214.88999938964844,205.97000122070312,206.27999877929688,206.27999877929688,62308800,0.0,0.0,0.25726237078790365,0.06618392742341282
2024-08-30,TSLA,Tesla,208.6300048828125,214.57000732421875,207.02999877929688,214.11000061035156,214.11000061035156,63370600,0.0,0.0,3.725544123667223,13.879679017391375
2024-09-03,TSLA,Tesla,215.2599945068359,219.8999938964844,209.63999938964844,210.6000061035156,210.6000061035156,76714200,0.0,0.0,-1.6529275820300238,2.7321695914356208
2024-09-04,TSLA,Tesla,210.58999633789065,222.22000122070312,210.57000732421875,219.41000366210935,219.41000366210935,80651800,0.0,0.0,4.098151366314127,16.794844621222346
2024-09-05,TSLA,Tesla,223.4900054931641,235.0,222.25,230.1699981689453,230.1699981689453,119355000,0.0,0.0,4.787601603580388,22.921129114605503
2024-09-06,TSLA,Tesla,232.6000061035156,233.6000061035156,210.5099945068359,210.72999572753903,210.72999572753903,112177000,0.0,0.0,-8.824048544582787,77.8638327171536
2024-09-09,TSLA,Tesla,216.1999969482422,219.8699951171875,213.6699981689453,216.27000427246097,216.27000427246097,67443500,0.0,0.0,2.5949973905267214,6.734011456840493
2024-09-10,TSLA,Tesla,220.07000732421875,226.3999938964844,218.63999938964844,226.1699981689453,226.1699981689453,78891100,0.0,0.0,4.475927395598352,20.033926050667844
2024-09-11,TSLA,Tesla,224.5500030517578,228.47000122070312,216.8000030517578,228.1300048828125,228.1300048828125,83548600,0.0,0.0,0.8628742512625562,0.744551973491917
2024-09-12,TSLA,Tesla,224.66000366210935,231.4499969482422,223.8300018310547,229.80999755859375,229.80999755859375,71894900,0.0,0.0,0.7337206636805016,0.5383460123117557
2024-09-13,TSLA,Tesla,228.0,232.6699981689453,226.32000732421875,230.2899932861328,230.2899932861328,59515100,0.0,0.0,0.20864851607279924,0.04353420325938116
2024-09-16,TSLA,Tesla,229.3000030517578,229.9600067138672,223.52999877929688,226.77999877929688,226.77999877929688,54323000,0.0,0.0,-1.53589759450266,2.3589814207990574
2024-09-17,TSLA,Tesla,229.4499969482422,234.57000732421875,226.5500030517578,227.8699951171875,227.8699951171875,66761600,0.0,0.0,0.4794890315022082,0.22990973133092557
2024-09-18,TSLA,Tesla,230.08999633789065,235.67999267578125,226.8800048828125,227.1999969482422,227.1999969482422,78010200,0.0,0.0,-0.2944596060988641,0.08670645962389822
2024-09-19,TSLA,Tesla,234.0,244.2400054931641,232.1300048828125,243.9199981689453,243.9199981689453,102694600,0.0,0.0,7.1009621758252015,50.42366382250018
2024-09-20,TSLA,Tesla,241.52000427246097,243.9900054931641,235.9199981689453,238.25,238.25,99879100,0.0,0.0,-2.3519752638904134,5.53178764195238
2024-09-23,TSLA,Tesla,242.61000061035156,250.0,241.9199981689453,250.0,250.0,86927200,0.0,0.0,4.8140375327935025,23.174957367144554
2024-09-24,TSLA,Tesla,254.0800018310547,257.19000244140625,249.0500030517578,254.27000427246097,254.27000427246097,88491000,0.0,0.0,1.6935793509053436,2.868211017812965
2024-09-25,TSLA,Tesla,252.5399932861328,257.04998779296875,252.27999877929688,257.0199890136719,257.0199890136719,65034300,0.0,0.0,1.0757148762662456,1.1571624950205042
2024-09-26,TSLA,Tesla,260.6000061035156,261.75,251.52999877929688,254.22000122070312,254.22000122070312,67142200,0.0,0.0,-1.0953821465680538,1.1998620470200372
2024-09-27,TSLA,Tesla,257.3800048828125,260.70001220703125,254.1199951171875,260.4599914550781,260.4599914550781,70988100,0.0,0.0,2.4249227064234113,5.880250132127842
2024-09-30,TSLA,Tesla,259.0400085449219,264.8599853515625,255.77000427246097,261.6300048828125,261.6300048828125,80705700,0.0,0.0,0.44820448375330624,0.20088725925656775
2024-10-01,TSLA,Tesla,262.6700134277344,263.9800109863281,248.52999877929688,258.0199890136719,258.0199890136719,87397600,0.0,0.0,-1.3894251852425752,1.9305023453863643
2024-10-02,TSLA,Tesla,247.5500030517578,251.16000366210935,241.5,249.02000427246097,249.02000427246097,93983900,0.0,0.0,-3.550382703625716,12.605217342204648
2024-10-03,TSLA,Tesla,244.47999572753903,249.7899932861328,237.80999755859375,240.66000366210935,240.66000366210935,80729200,0.0,0.0,-3.4148067454407287,11.660905108707501
2024-10-04,TSLA,Tesla,246.69000244140625,250.9600067138672,244.5800018310547,250.0800018310547,250.0800018310547,86573200,0.0,0.0,3.839570976808356,14.742305285949074
2024-10-07,TSLA,Tesla,249.0,249.8300018310547,240.6999969482422,240.8300018310547,240.8300018310547,68113300,0.0,0.0,-3.768957599969925,14.205041390371058
2024-10-08,TSLA,Tesla,243.55999755859375,246.2100067138672,240.55999755859375,244.5,244.5,56303200,0.0,0.0,1.5124010919583781,2.2873570629568944
2024-10-09,TSLA,Tesla,243.82000732421875,247.42999267578125,239.5099945068359,241.0500030517578,241.0500030517578,66289500,0.0,0.0,-1.4210915403026647,2.0195011659198
2024-10-10,TSLA,Tesla,241.80999755859375,242.7899932861328,232.33999633789065,238.77000427246097,238.77000427246097,83087100,0.0,0.0,-0.950363013240704,0.9031898569359507
2024-10-11,TSLA,Tesla,220.1300048828125,223.33999633789065,214.3800048828125,217.8000030517578,217.8000030517578,142628900,0.0,0.0,-9.192353886888919,84.4993699818018
2024-10-14,TSLA,Tesla,220.1300048828125,221.91000366210935,213.7400054931641,219.16000366210935,219.16000366210935,86291900,0.0,0.0,0.6224848869363442,0.3874874344641532
2024-10-15,TSLA,Tesla,220.0099945068359,224.2599945068359,217.1199951171875,219.57000732421875,219.57000732421875,62988800,0.0,0.0,0.18690482583790413,0.03493341392149728
2024-10-16,TSLA,Tesla,221.3999938964844,222.82000732421875,218.92999267578125,221.3300018310547,221.3300018310547,49632800,0.0,0.0,0.7983687088569508,0.6373925952819146
2024-10-17,TSLA,Tesla,221.58999633789065,222.0800018310547,217.8999938964844,220.88999938964844,220.88999938964844,50791800,0.0,0.0,-0.1989971441327628,0.039599863372995564
2024-10-18,TSLA,Tesla,220.7100067138672,222.27999877929688,219.22999572753903,220.6999969482422,220.6999969482422,49611900,0.0,0.0,-0.08605378505268967,0.007405253921894515
2024-10-21,TSLA,Tesla,218.8999938964844,220.47999572753903,215.72999572753903,218.8500061035156,218.8500061035156,47329000,0.0,0.0,-0.8417707909120924,0.7085780644327696
2024-10-22,TSLA,Tesla,217.30999755859375,218.22000122070312,215.2599945068359,217.97000122070312,217.97000122070312,43268700,0.0,0.0,-0.4029147285192812,0.16234027845776605
2024-10-23,TSLA,Tesla,217.1300048828125,218.72000122070312,212.11000061035156,213.6499938964844,213.6499938964844,80938900,0.0,0.0,-2.001831071853799,4.00732764023933
2024-10-24,TSLA,Tesla,244.67999267578125,262.1199951171875,242.6499938964844,260.4800109863281,260.4800109863281,204491900,0.0,0.0,19.818699146920753,392.7808358761574
2024-10-25,TSLA,Tesla,256.010009765625,269.489990234375,255.32000732421875,269.19000244140625,269.19000244140625,161611900,0.0,0.0,3.2891334056112616,10.818398559907935
2024-10-28,TSLA,Tesla,270.0,273.5400085449219,262.239990234375,262.510009765625,262.510009765625,107653600,0.0,0.0,-2.512824530239814,6.314287119774942
2024-10-29,TSLA,Tesla,264.510009765625,264.9800109863281,255.5099945068359,259.5199890136719,259.5199890136719,80521800,0.0,0.0,-1.145548515134625,1.3122814005271441
2024-10-30,TSLA,Tesla,258.0400085449219,263.3500061035156,255.82000732421875,257.54998779296875,257.54998779296875,53993600,0.0,0.0,-0.7619899978935549,0.5806287568898199
2024-10-31,TSLA,Tesla,257.989990234375,259.75,249.25,249.8500061035156,249.8500061035156,66575300,0.0,0.0,-3.0353066395916373,9.213086396349077
2024-11-01,TSLA,Tesla,252.0399932861328,254.0,246.6300048828125,248.97999572753903,248.97999572753903,57544800,0.0,0.0,-0.34882074251497286,0.12167591040869699
2024-11-04,TSLA,Tesla,244.55999755859375,248.8999938964844,238.8800048828125,242.83999633789065,242.83999633789065,68802400,0.0,0.0,-2.496977961188871,6.234898938662931
2024-11-05,TSLA,Tesla,247.33999633789065,255.27999877929688,246.2100067138672,251.44000244140625,251.44000244140625,69282500,0.0,0.0,3.4801627017114347,12.111532430383432
2024-11-06,TSLA,Tesla,284.6700134277344,289.5899963378906,275.6199951171875,288.5299987792969,288.5299987792969,165228700,0.0,0.0,13.759466024737685,189.32290528591068
2024-11-07,TSLA,Tesla,288.8900146484375,299.75,285.5199890136719,296.9100036621094,296.9100036621094,117309200,0.0,0.0,2.8630012464395396,8.196776137114357
2024-11-08,TSLA,Tesla,299.1400146484375,328.7099914550781,297.6600036621094,321.2200012207031,321.2200012207031,204782800,0.0,0.0,7.869717552417867,61.93245435483386
2024-11-11,TSLA,Tesla,346.29998779296875,358.6400146484375,336.0,350.0,350.0,210521600,0.0,0.0,8.580690404849912,73.62824782388336
2024-11-12,TSLA,Tesla,342.739990234375,345.8399963378906,323.30999755859375,328.489990234375,328.489990234375,155726000,0.0,0.0,-6.342678815128277,40.22957455187704
2024-11-13,TSLA,Tesla,335.8500061035156,344.6000061035156,322.5,330.239990234375,330.239990234375,125405600,0.0,0.0,0.5313266949669512,0.2823080567845036
2024-11-14,TSLA,Tesla,327.69000244140625,329.9800109863281,310.3699951171875,311.17999267578125,311.17999267578125,120726100,0.0,0.0,-5.944813393194971,35.3408062799103
2024-11-15,TSLA,Tesla,310.57000732421875,324.67999267578125,309.2200012207031,320.7200012207031,320.7200012207031,114440300,0.0,0.0,3.0196972790488488,9.118571657095021
2024-11-18,TSLA,Tesla,340.7300109863281,348.54998779296875,330.010009765625,338.739990234375,338.739990234375,126085600,0.0,0.0,5.4664350493325395,29.881912148571246
2024-11-19,TSLA,Tesla,335.760009765625,347.3800048828125,332.75,346.0,346.0,88852500,0.0,0.0,2.1205952424013743,4.496924182095343
2024-11-20,TSLA,Tesla,345.0,346.6000061035156,334.29998779296875,342.0299987792969,342.0299987792969,66340700,0.0,0.0,-1.154032611298051,1.3317912679393984
2024-11-21,TSLA,Tesla,343.80999755859375,347.989990234375,335.2799987792969,339.6400146484375,339.6400146484375,58011700,0.0,0.0,-0.7012172684276001,0.491705657541065
2024-11-22,TSLA,Tesla,341.0899963378906,361.5299987792969,337.70001220703125,352.55999755859375,352.55999755859375,89140700,0.0,0.0,3.7334537348467203,13.938676790240924
2024-11-25,TSLA,Tesla,360.1400146484375,361.9299926757813,338.20001220703125,338.5899963378906,338.5899963378906,95890900,0.0,0.0,-4.043088853449349,16.346567476886374
2024-11-26,TSLA,Tesla,341.0,346.9599914550781,335.6600036621094,338.2300109863281,338.2300109863281,62295900,0.0,0.0,-0.10637551538453169,0.011315750273324737
2024-11-27,TSLA,Tesla,341.79998779296875,342.54998779296875,326.5899963378906,332.8900146484375,332.8900146484375,57896400,0.0,0.0,-1.5914020837727676,2.532560592236307
2024-11-29,TSLA,Tesla,336.0799865722656,345.45001220703125,334.6499938964844,345.1600036621094,345.1600036621094,37167600,0.0,0.0,3.619593916712737,13.101460121903852
2024-12-02,TSLA,Tesla,352.3800048828125,360.0,351.1499938964844,357.0899963378906,357.0899963378906,77986500,0.0,0.0,3.397975234247804,11.54623569256142
2024-12-03,TSLA,Tesla,351.79998779296875,355.69000244140625,348.20001220703125,351.4200134277344,351.4200134277344,58267200,0.0,0.0,-1.6005713052796626,2.561828503284643
2024-12-04,TSLA,Tesla,353.0,358.1000061035156,348.6000061035156,357.92999267578125,357.92999267578125,50810900,0.0,0.0,1.8355288553428408,3.3691661787961995
2024-12-05,TSLA,Tesla,359.8699951171875,375.4299926757813,359.5,369.489990234375,369.489990234375,81403600,0.0,0.0,3.178623389945424,10.103646655108138
2024-12-06,TSLA,Tesla,377.4200134277344,389.489990234375,370.7999877929687,389.2200012207031,389.2200012207031,81455800,0.0,0.0,5.202108959673976,27.061937628320255
2024-12-09,TSLA,Tesla,397.6099853515625,404.7999877929687,378.010009765625,389.7900085449219,389.7900085449219,96359200,0.0,0.0,0.14634148953150045,0.021415831558298255
2024-12-10,TSLA,Tesla,392.6799926757813,409.7300109863281,390.8500061035156,400.989990234375,400.989990234375,97563600,0.0,0.0,2.832831050135854,8.024931758613803
2024-12-11,TSLA,Tesla,409.7000122070313,424.8800048828125,402.3800048828125,424.7699890136719,424.7699890136719,104287600,0.0,0.0,5.76113551148347,33.190682381675906
2024-12-12,TSLA,Tesla,424.8399963378906,429.2999877929687,415.0,418.1000061035156,418.1000061035156,87752200,0.0,0.0,-1.5827167140069118,2.5049921967968367
2024-12-13,TSLA,Tesla,420.0,436.2999877929687,415.7099914550781,436.2300109863281,436.2300109863281,89000200,0.0,0.0,4.244899941747966,18.019175515451884
2024-12-16,TSLA,Tesla,441.0899963378906,463.19000244140625,436.1499938964844,463.0199890136719,463.0199890136719,114083800,0.0,0.0,5.960057359180242,35.52228372471856
2024-12-17,TSLA,Tesla,475.8999938964844,483.989990234375,457.510009765625,479.8599853515625,479.8599853515625,131223000,0.0,0.0,3.5724138195772257,12.762140498306342
2024-12-18,TSLA,Tesla,466.5,488.5400085449219,427.010009765625,440.1300048828125,440.1300048828125,149340800,0.0,0.0,-8.642421525210743,74.69144981942598
2024-12-19,TSLA,Tesla,451.8800048828125,456.3599853515625,420.0199890136719,436.1700134277344,436.1700134277344,118566100,0.0,0.0,-0.9038042516689774,0.8168621253349202
2024-12-20,TSLA,Tesla,425.510009765625,447.0799865722656,417.6400146484375,421.05999755859375,421.05999755859375,132216200,0.0,0.0,-3.52567708528249,12.430398909686033
2024-12-23,TSLA,Tesla,431.0,434.510009765625,415.4100036621094,430.6000061035156,430.6000061035156,72698100,0.0,0.0,2.2404263560535638,5.0195102568994505
2024-12-24,TSLA,Tesla,435.8999938964844,462.7799987792969,435.1400146484375,462.2799987792969,462.2799987792969,59551800,0.0,0.0,7.09911663619198,50.39745701425774
2024-12-26,TSLA,Tesla,465.1600036621094,465.3299865722656,451.0199890136719,454.1300048828125,454.1300048828125,76366400,0.0,0.0,-1.7787254049436576,3.163864066191979
2024-12-27,TSLA,Tesla,449.5199890136719,450.0,426.5,431.6600036621094,431.6600036621094,82666800,0.0,0.0,-5.0745261602583325,25.750815751146174
2024-12-30,TSLA,Tesla,419.3999938964844,427.0,415.75,417.4100036621094,417.4100036621094,64941000,0.0,0.0,-3.3569288850867873,11.268971539530021
2024-12-31,TSLA,Tesla,423.7900085449219,427.9299926757813,402.5400085449219,403.8399963378906,403.8399963378906,76825100,0.0,0.0,-3.305021011916344,10.923163889208533
2025-01-02,TSLA,Tesla,390.1000061035156,392.7300109863281,373.0400085449219,379.2799987792969,379.2799987792969,109710700,0.0,0.0,-6.274403546918701,39.368139869585974
2025-01-03,TSLA,Tesla,381.4800109863281,411.8800048828125,379.4500122070313,410.44000244140625,410.44000244140625,95423300,0.0,0.0,7.895504556688627,62.33899220469087
2025-01-06,TSLA,Tesla,423.2000122070313,426.4299926757813,401.7000122070313,411.0499877929687,411.0499877929687,85516500,0.0,0.0,0.14850709586743427,0.022054357522979313
2025-01-07,TSLA,Tesla,405.8299865722656,414.3299865722656,390.0,394.3599853515625,394.3599853515625,75699500,0.0,0.0,-4.1450671338944725,17.181581544492136
2025-01-08,TSLA,Tesla,392.9500122070313,402.5,387.3999938964844,394.94000244140625,394.94000244140625,73038800,0.0,0.0,0.1469700248873857,0.02160018821539877
2025-01-10,TSLA,Tesla,391.3999938964844,399.2799987792969,377.2900085449219,394.739990234375,394.739990234375,62287300,0.0,0.0,-0.0506565224302029,0.0025660832647216494
2025-01-13,TSLA,Tesla,383.2099914550781,403.7900085449219,380.0700073242187,403.30999755859375,403.30999755859375,67580500,0.0,0.0,2.1478195369560784,4.613128763330223
2025-01-14,TSLA,Tesla,414.3399963378906,422.6400146484375,394.5400085449219,396.3599853515625,396.3599853515625,84565000,0.0,0.0,-1.7382638722844803,3.021561289689436
2025-01-15,TSLA,Tesla,409.8999938964844,429.7999877929687,405.6600036621094,428.2200012207031,428.2200012207031,81375500,0.0,0.0,7.731423282838396,59.77490597841564
2025-01-16,TSLA,Tesla,423.489990234375,424.0,409.1300048828125,413.8200073242187,413.8200073242187,68335200,0.0,0.0,-3.420597069137641,11.700484309393019
2025-01-17,TSLA,Tesla,421.5,439.739990234375,419.75,426.5,426.5,94991400,0.0,0.0,3.0181252561434246,9.109080061770813
2025-01-21,TSLA,Tesla,432.6400146484375,433.2000122070313,406.30999755859375,424.0700073242187,424.0700073242187,87320900,0.0,0.0,-0.5713813715474979,0.32647667175149986
2025-01-22,TSLA,Tesla,416.80999755859375,428.0,414.5899963378906,415.1099853515625,415.1099853515625,60963300,0.0,0.0,-2.135504315494303,4.560378681494792
2025-01-23,TSLA,Tesla,416.05999755859375,420.7300109863281,408.9500122070313,412.3800048828125,412.3800048828125,50690600,0.0,0.0,-0.6598243859181292,0.4353682202522363
2025-01-24,TSLA,Tesla,414.4500122070313,418.8800048828125,405.7799987792969,406.5799865722656,406.5799865722656,56427100,0.0,0.0,-1.4164587635274255,2.006355428773643
2025-01-27,TSLA,Tesla,394.7999877929687,406.69000244140625,389.0,397.1499938964844,397.1499938964844,58125500,0.0,0.0,-2.346665085600737,5.506837023977514
2025-01-28,TSLA,Tesla,396.9100036621094,400.5899963378906,386.5,398.0899963378906,398.0899963378906,48910700,0.0,0.0,0.23640734639690625,0.05588843343042682
2025-01-29,TSLA,Tesla,395.2099914550781,398.5899963378906,384.4800109863281,389.1000061035156,389.1000061035156,68033600,0.0,0.0,-2.284170549807513,5.217435100607956
2025-01-30,TSLA,Tesla,410.7799987792969,412.5,384.4100036621094,400.2799987792969,400.2799987792969,98092900,0.0,0.0,2.8327903495885405,8.024701164721966
2025-01-31,TSLA,Tesla,401.5299987792969,419.989990234375,401.3399963378906,404.6000061035156,404.6000061035156,83283600,0.0,0.0,1.073464064632074,1.1523250980564137
2025-02-03,TSLA,Tesla,386.6799926757813,389.1700134277344,374.3599853515625,383.6799926757813,383.6799926757813,93732100,0.0,0.0,-5.309008706919776,28.185573450149995
2025-02-04,TSLA,Tesla,382.6300048828125,394.0,381.3999938964844,392.2099914550781,392.2099914550781,57072200,0.0,0.0,2.1988536096152256,4.834957196517907
2025-02-05,TSLA,Tesla,387.510009765625,388.3900146484375,375.5299987792969,378.1700134277344,378.1700134277344,57223300,0.0,0.0,-3.645352337012321,13.28859366096119
2025-02-06,TSLA,Tesla,373.0299987792969,375.3999938964844,363.1799926757813,374.3200073242187,374.3200073242187,77918200,0.0,0.0,-1.0232799351092903,1.0471018255972733
2025-02-07,TSLA,Tesla,370.19000244140625,380.5499877929687,360.3399963378906,361.6199951171875,361.6199951171875,70298300,0.0,0.0,-3.451714290429015,11.914331542751878
2025-02-10,TSLA,Tesla,356.2099914550781,362.7000122070313,350.510009765625,350.7300109863281,350.7300109863281,77514900,0.0,0.0,-3.057719520938892,9.349648668730767
2025-02-11,TSLA,Tesla,345.79998779296875,349.3699951171875,325.1000061035156,328.5,328.5,118543400,0.0,0.0,-6.547989008634724,42.87616005720116
2025-02-12,TSLA,Tesla,329.94000244140625,346.3999938964844,329.1199951171875,336.510009765625,336.510009765625,105382700,0.0,0.0,2.4091057420887543,5.803790476565007
2025-02-13,TSLA,Tesla,345.0,358.69000244140625,342.8500061035156,355.94000244140625,355.94000244140625,89441500,0.0,0.0,5.613428883532556,31.51058383047756
2025-02-14,TSLA,Tesla,360.6199951171875,362.0,347.5,355.8399963378906,355.8399963378906,68277300,0.0,0.0,-0.028100285016493403,0.0007896260180081636
2025-02-18,TSLA,Tesla,355.010009765625,359.1000061035156,350.0199890136719,354.1099853515625,354.1099853515625,51631700,0.0,0.0,-0.48736233685303015,0.23752204738284644
2025-02-19,TSLA,Tesla,354.0,367.3399963378906,353.6700134277344,360.55999755859375,360.55999755859375,67094400,0.0,0.0,1.8050813649058695,3.2583187339304365
2025-02-20,TSLA,Tesla,361.510009765625,362.2999877929687,348.0,354.3999938964844,354.3999938964844,45965400,0.0,0.0,-1.723217010242546,2.9694768643892586
2025-02-21,TSLA,Tesla,353.44000244140625,354.9800109863281,334.4200134277344,337.79998779296875,337.79998779296875,74058600,0.0,0.0,-4.797223327197698,23.013351651009753
2025-02-24,TSLA,Tesla,338.1400146484375,342.3999938964844,324.70001220703125,330.5299987792969,330.5299987792969,76052300,0.0,0.0,-2.1756545199510744,4.73347259018354
2025-02-25,TSLA,Tesla,327.0199890136719,328.8900146484375,297.25,302.79998779296875,302.79998779296875,134228800,0.0,0.0,-8.762494178787733,76.7813042332889
2025-02-26,TSLA,Tesla,303.7099914550781,309.0,288.0400085449219,290.79998779296875,290.79998779296875,100118300,0.0,0.0,-4.043677756749929,16.35132980043414
2025-02-27,TSLA,Tesla,291.1600036621094,297.2300109863281,280.8800048828125,281.95001220703125,281.95001220703125,101748200,0.0,0.0,-3.0905910133740466,9.551752811948417
2025-02-28,TSLA,Tesla,279.5,293.8800048828125,273.6000061035156,292.9800109863281,292.9800109863281,115697000,0.0,0.0,3.837459125197188,14.726092537559168
2025-03-03,TSLA,Tesla,300.3399963378906,303.94000244140625,277.29998779296875,284.6499938964844,284.6499938964844,115551400,0.0,0.0,-2.884405084526935,8.319792691644835
2025-03-04,TSLA,Tesla,270.92999267578125,284.3500061035156,261.8399963378906,272.0400085449219,272.0400085449219,126706600,0.0,0.0,-4.531118823694168,20.531037794435623
2025-03-05,TSLA,Tesla,272.9200134277344,279.54998779296875,267.7099914550781,279.1000061035156,279.1000061035156,94042900,0.0,0.0,2.5621016692865903,6.5643649637611325
2025-03-06,TSLA,Tesla,272.05999755859375,272.6499938964844,260.0199890136719,263.45001220703125,263.45001220703125,98451600,0.0,0.0,-5.770651942025788,33.300423836006
2025-03-07,TSLA,Tesla,259.32000732421875,266.25,250.72999572753903,262.6700134277344,262.6700134277344,102369600,0.0,0.0,-0.29651004058366415,0.08791820416692615
2025-03-10,TSLA,Tesla,252.5399932861328,253.3699951171875,220.0,222.1499938964844,222.1499938964844,189076900,0.0,0.0,-16.7545740677576,280.7157521919754
2025-03-11,TSLA,Tesla,225.30999755859375,237.05999755859375,217.02000427246097,230.5800018310547,230.5800018310547,174896400,0.0,0.0,3.7245079838722015,13.871959721927771
2025-03-12,TSLA,Tesla,247.22000122070312,251.83999633789065,241.1000061035156,248.08999633789065,248.08999633789065,142215700,0.0,0.0,7.319368705023726,53.5731582400807
2025-03-13,TSLA,Tesla,248.1300048828125,248.2899932861328,232.6000061035156,240.67999267578125,240.67999267578125,114813500,0.0,0.0,-3.0323348875332203,9.195054870151107
2025-03-14,TSLA,Tesla,247.30999755859375,251.5800018310547,240.72999572753903,249.97999572753903,249.97999572753903,100242300,0.0,0.0,3.7912677650069933,14.373711265981122
2025-03-17,TSLA,Tesla,245.05999755859375,245.3999938964844,232.8000030517578,238.0099945068359,238.0099945068359,111900600,0.0,0.0,-4.906823105490024,24.07691298857076
2025-03-18,TSLA,Tesla,228.16000366210935,230.1000061035156,222.27999877929688,225.30999755859375,225.30999755859375,111477600,0.0,0.0,-5.4835445634435045,30.069260979270815
2025-03-19,TSLA,Tesla,231.61000061035156,241.41000366210935,229.1999969482422,235.86000061035156,235.86000061035156,111993800,0.0,0.0,4.576119036806543,20.94086543902324
2025-03-20,TSLA,Tesla,233.3500061035156,238.0,230.0500030517578,236.2599945068359,236.2599945068359,99028300,0.0,0.0,0.16944590202751025,0.028711913713916605
2025-03-21,TSLA,Tesla,234.9900054931641,249.52000427246097,234.5500030517578,248.7100067138672,248.7100067138672,132728700,0.0,0.0,5.13547158131408,26.373068362484542
2025-03-24,TSLA,Tesla,258.0799865722656,278.6400146484375,256.3299865722656,278.3900146484375,278.3900146484375,169079900,0.0,0.0,11.273547481030482,127.09287280704872
2025-03-25,TSLA,Tesla,283.6000061035156,288.20001220703125,271.2799987792969,288.1400146484375,288.1400146484375,150361500,0.0,0.0,3.4423463077927825,11.849748102774601
2025-03-26,TSLA,Tesla,282.6600036621094,284.8999938964844,266.510009765625,272.05999755859375,272.05999755859375,153629800,0.0,0.0,-5.742390273973777,32.975046058628635
2025-03-27,TSLA,Tesla,272.4800109863281,291.8500061035156,271.82000732421875,273.1300048828125,273.1300048828125,162572100,0.0,0.0,0.3925268964187628,0.15407736441214614
2025-03-28,TSLA,Tesla,275.5799865722656,276.1000061035156,260.57000732421875,263.54998779296875,263.54998779296875,123809400,0.0,0.0,-3.5704833212183233,12.748351147098228
2025-03-31,TSLA,Tesla,249.30999755859375,260.55999755859375,243.36000061035156,259.1600036621094,259.1600036621094,134008900,0.0,0.0,-1.6797411271064033,2.82153025409269
2025-04-01,TSLA,Tesla,263.79998779296875,277.45001220703125,259.25,268.4599914550781,268.4599914550781,146486900,0.0,0.0,3.525624951763979,12.430031300500758
2025-04-02,TSLA,Tesla,254.6000061035156,284.989990234375,251.27000427246097,282.760009765625,282.760009765625,212787800,0.0,0.0,5.189662060946535,26.93259230682784
2025-04-03,TSLA,Tesla,265.2900085449219,276.29998779296875,261.510009765625,267.2799987792969,267.2799987792969,136174300,0.0,0.0,-5.630172235818194,31.698839404978045
2025-04-04,TSLA,Tesla,255.3800048828125,261.0,236.0,239.42999267578125,239.42999267578125,181229400,0.0,0.0,-11.003572551557191,121.07860889738284
2025-04-07,TSLA,Tesla,223.77999877929688,252.0,214.25,233.2899932861328,233.2899932861328,183453800,0.0,0.0,-2.597878190231111,6.748971091278473
2025-04-08,TSLA,Tesla,245.0,250.44000244140625,217.8000030517578,221.86000061035156,221.86000061035156,171603500,0.0,0.0,-5.023573100190593,25.23628669295853
2025-04-09,TSLA,Tesla,224.69000244140625,274.69000244140625,223.8800048828125,272.20001220703125,272.20001220703125,219433400,0.0,0.0,20.449058000160143,418.16397309391357
2025-04-10,TSLA,Tesla,260.0,262.489990234375,239.3300018310547,252.3999938964844,252.3999938964844,181722600,0.0,0.0,-7.552202857803938,57.03576800542197
2025-04-11,TSLA,Tesla,251.83999633789065,257.739990234375,241.36000061035156,252.30999755859375,252.30999755859375,128948100,0.0,0.0,-0.035662594507004264,0.0012718206469710107
2025-04-14,TSLA,Tesla,258.3599853515625,261.79998779296875,245.92999267578125,252.3500061035156,252.3500061035156,100135200,0.0,0.0,0.01585564329067164,0.00025140142416102054
2025-04-15,TSLA,Tesla,249.91000366210935,258.75,247.5399932861328,254.11000061035156,254.11000061035156,79594300,0.0,0.0,0.6950209565496345,0.4830541300431689
2025-04-16,TSLA,Tesla,247.61000061035156,251.97000122070312,233.88999938964844,241.5500030517578,241.5500030517578,112378700,0.0,0.0,-5.069074290399671,25.69551416159093
2025-04-17,TSLA,Tesla,243.47000122070312,244.33999633789065,237.67999267578125,241.3699951171875,241.3699951171875,83404800,0.0,0.0,-0.07454979855451015,0.0055576724645180434
2025-04-21,TSLA,Tesla,230.2599945068359,232.2100067138672,222.7899932861328,227.5,227.5,97768000,0.0,0.0,-5.918076725792798,35.02363213237041
2025-04-22,TSLA,Tesla,230.9600067138672,242.7899932861328,229.8500061035156,237.97000122070312,237.97000122070312,120858500,0.0,0.0,4.499438204493094,20.24494415605204
2025-04-23,TSLA,Tesla,254.86000061035156,259.45001220703125,244.42999267578125,250.7400054931641,250.7400054931641,150381900,0.0,0.0,5.227194715975201,27.32356459871906
2025-04-24,TSLA,Tesla,250.5,259.5400085449219,249.1999969482422,259.510009765625,259.510009765625,94464200,0.0,0.0,3.437870754426389,11.81895532414027
2025-04-25,TSLA,Tesla,261.69000244140625,286.8500061035156,259.6300048828125,284.95001220703125,284.95001220703125,167560700,0.0,0.0,9.351849398026001,87.45708716335928
2025-04-28,TSLA,Tesla,288.9800109863281,294.8599853515625,272.4200134277344,285.8800048828125,285.8800048828125,151731800,0.0,0.0,0.32583903115033575,0.10617107422098947
2025-04-29,TSLA,Tesla,285.5,293.32000732421875,279.4700012207031,292.0299987792969,292.0299987792969,108906600,0.0,0.0,2.1284373105168934,4.530245384800387
2025-04-30,TSLA,Tesla,279.8999938964844,284.45001220703125,270.7799987792969,282.1600036621094,282.1600036621094,128961100,0.0,0.0,-3.438223363024816,11.821379894049674
2025-05-01,TSLA,Tesla,280.010009765625,290.8699951171875,279.80999755859375,280.5199890136719,280.5199890136719,99659000,0.0,0.0,-0.5829314402079844,0.33980906398295485
2025-05-02,TSLA,Tesla,284.8999938964844,294.7799987792969,279.80999755859375,287.2099914550781,287.2099914550781,114454700,0.0,0.0,2.356864125337387,5.554808505302367
2025-05-05,TSLA,Tesla,284.57000732421875,284.8500061035156,274.3999938964844,280.260009765625,280.260009765625,94618900,0.0,0.0,-2.449584717098271,6.000465286241417
2025-05-06,TSLA,Tesla,273.1099853515625,277.7300109863281,271.3500061035156,275.3500061035156,275.3500061035156,76715800,0.0,0.0,-1.7674740712066432,3.1239645923877863
2025-05-07,TSLA,Tesla,276.8800048828125,277.9200134277344,271.0,276.2200012207031,276.2200012207031,71592600,0.0,0.0,0.31546161942166073,0.09951603332813672
2025-05-08,TSLA,Tesla,279.6300048828125,289.79998779296875,279.4100036621094,284.82000732421875,284.82000732421875,97539400,0.0,0.0,3.0659773437438274,9.400217072350456
2025-05-09,TSLA,Tesla,290.2099914550781,307.0400085449219,290.0,298.260009765625,298.260009765625,132387800,0.0,0.0,4.610819457008693,21.259656065129942
2025-05-12,TSLA,Tesla,321.989990234375,322.2099914550781,311.5,318.3800048828125,318.3800048828125,112826700,0.0,0.0,6.528003118679685,42.61482471749169
2025-05-13,TSLA,Tesla,320.0,337.5899963378906,316.79998779296875,334.07000732421875,334.07000732421875,136992600,0.0,0.0,4.810492051681205,23.14083377928805
2025-05-14,TSLA,Tesla,342.5,350.0,337.0,347.67999267578125,347.67999267578125,136997300,0.0,0.0,3.99319216619113,15.945583676130207
2025-05-15,TSLA,Tesla,340.3399963378906,346.1400146484375,334.7200012207031,342.82000732421875,342.82000732421875,97882600,0.0,0.0,-1.407694599861275,1.9816040864785953
2025-05-16,TSLA,Tesla,346.239990234375,351.6199951171875,342.3299865722656,349.9800109863281,349.9800109863281,95895700,0.0,0.0,2.067049194137347,4.272692370983855
2025-05-19,TSLA,Tesla,336.29998779296875,343.0,333.3699951171875,342.0899963378906,342.0899963378906,88869900,0.0,0.0,-2.280219175263177,5.1993994872378835
2025-05-20,TSLA,Tesla,347.8699951171875,354.989990234375,341.6300048828125,343.82000732421875,343.82000732421875,131715500,0.0,0.0,0.5044436283555748,0.25446337418853726
2025-05-21,TSLA,Tesla,344.42999267578125,347.3500061035156,332.20001220703125,334.6199951171875,334.6199951171875,102354800,0.0,0.0,-2.7122740878422213,7.356430727580354
2025-05-22,TSLA,Tesla,331.8999938964844,347.2699890136719,331.3900146484375,341.0400085449219,341.0400085449219,97113400,0.0,0.0,1.9004252475032086,3.6116161213476317
2025-05-23,TSLA,Tesla,337.9200134277344,343.17999267578125,333.2099914550781,339.3399963378906,339.3399963378906,84654800,0.0,0.0,-0.49972536895028474,0.24972544437249822
2025-05-27,TSLA,Tesla,347.3500061035156,363.7900085449219,347.32000732421875,362.8900146484375,362.8900146484375,120146400,0.0,0.0,6.709725458197968,45.020415724389935
2025-05-28,TSLA,Tesla,364.8399963378906,365.0,355.9100036621094,356.8999938964844,356.8999938964844,91404300,0.0,0.0,-1.6644185010272463,2.7702889465617857
2025-05-29,TSLA,Tesla,365.2900085449219,367.7099914550781,356.0,358.42999267578125,358.42999267578125,88087800,0.0,0.0,0.42777491260106126,0.1829913758508456
2025-05-30,TSLA,Tesla,355.5199890136719,363.6799926757813,345.2900085449219,346.4599914550781,346.4599914550781,123474900,0.0,0.0,-3.3966015333374218,11.536901976270125
2025-06-02,TSLA,Tesla,343.5,348.0199890136719,333.3299865722656,342.69000244140625,342.69000244140625,81873800,0.0,0.0,-1.0941091649071495,1.19707486473382
2025-06-03,TSLA,Tesla,346.6000061035156,355.3999938964844,343.0400085449219,344.2699890136719,344.2699890136719,99324500,0.0,0.0,0.45999457840196045,0.21159501215919735
2025-06-04,TSLA,Tesla,345.1000061035156,345.6000061035156,327.3299865722656,332.04998779296875,332.04998779296875,98912100,0.0,0.0,-3.614067809813415,13.061486133929535
2025-06-05,TSLA,Tesla,322.489990234375,324.54998779296875,273.2099914550781,284.70001220703125,284.70001220703125,287499800,0.0,0.0,-15.384948606327908,236.69664361935105
2025-06-06,TSLA,Tesla,298.8299865722656,305.5,291.1400146484375,295.1400146484375,295.1400146484375,164747700,0.0,0.0,3.6013832506655294,12.969961318174215
2025-06-09,TSLA,Tesla,285.9599914550781,309.8299865722656,281.8500061035156,308.5799865722656,308.5799865722656,140908900,0.0,0.0,4.453121583281344,19.830291835486147
2025-06-10,TSLA,Tesla,314.94000244140625,327.8299865722656,310.6700134277344,326.0899963378906,326.0899963378906,151256500,0.0,0.0,5.519232015438431,30.461922040240562
2025-06-11,TSLA,Tesla,334.3999938964844,335.5,322.5,326.42999267578125,326.42999267578125,122611400,0.0,0.0,0.10421025390305667,0.010859777018539539
2025-06-12,TSLA,Tesla,323.0799865722656,332.55999755859375,316.8599853515625,319.1099853515625,319.1099853515625,105127500,0.0,0.0,-2.267968316605234,5.143680285125178
2025-06-13,TSLA,Tesla,313.9700012207031,332.989990234375,313.29998779296875,325.30999755859375,325.30999755859375,128964300,0.0,0.0,1.9242741328905937,3.702830938511846
2025-06-16,TSLA,Tesla,331.2900085449219,332.04998779296875,326.4100036621094,329.1300048828125,329.1300048828125,83925900,0.0,0.0,1.1674257976472,1.362882993012201
2025-06-17,TSLA,Tesla,326.0899963378906,327.260009765625,314.739990234375,316.3500061035156,316.3500061035156,88282700,0.0,0.0,-3.960360944657592,15.684458811969172
2025-06-18,TSLA,Tesla,317.30999755859375,329.32000732421875,315.45001220703125,322.04998779296875,322.04998779296875,95137700,0.0,0.0,1.7857560202303198,3.1889245637888304
2025-06-20,TSLA,Tesla,327.95001220703125,332.3599853515625,317.7799987792969,322.1600036621094,322.1600036621094,108688000,0.0,0.0,0.03415528218108867,0.001166583300869793
2025-06-23,TSLA,Tesla,327.5400085449219,357.5400085449219,327.4800109863281,348.67999267578125,348.67999267578125,190716800,0.0,0.0,7.910624722725408,62.577983503794435
2025-06-24,TSLA,Tesla,356.1700134277344,356.260009765625,340.44000244140625,340.4700012207031,340.4700012207031,114736200,0.0,0.0,-2.3827555571310417,5.677524045038861
2025-06-25,TSLA,Tesla,342.70001220703125,343.0,320.3999938964844,327.54998779296875,327.54998779296875,119845100,0.0,0.0,-3.868634165630777,14.96633030748574
2025-06-26,TSLA,Tesla,324.6099853515625,331.04998779296875,323.6099853515625,325.7799987792969,325.7799987792969,80440900,0.0,0.0,-0.5418374727754274,0.293587846903662
2025-06-27,TSLA,Tesla,324.510009765625,329.3399963378906,317.5,323.6300048828125,323.6300048828125,89067000,0.0,0.0,-0.6621400161764133,0.4384294010221008
2025-06-30,TSLA,Tesla,319.8999938964844,325.5799865722656,316.6000061035156,317.6600036621094,317.6600036621094,76695100,0.0,0.0,-1.861926308527601,3.466769578387219
2025-07-01,TSLA,Tesla,298.4599914550781,305.8900146484375,293.2099914550781,300.7099914550781,300.7099914550781,145085700,0.0,0.0,-5.48353231730864,30.069126674968263
2025-07-02,TSLA,Tesla,312.6300048828125,316.8299865722656,303.82000732421875,315.6499938964844,315.6499938964844,119483700,0.0,0.0,4.848766871497916,23.510540174135688
2025-07-03,TSLA,Tesla,317.989990234375,318.45001220703125,312.760009765625,315.3500061035156,315.3500061035156,58042300,0.0,0.0,-0.09508330128998893,0.00904083418420281
2025-07-07,TSLA,Tesla,291.3699951171875,296.1499938964844,288.7699890136719,293.94000244140625,293.94000244140625,131177900,0.0,0.0,-7.030747928005848,49.431416427158524
2025-07-08,TSLA,Tesla,297.0,304.04998779296875,294.3500061035156,297.80999755859375,297.80999755859375,103246700,0.0,0.0,1.3080017887538435,1.7108686793832544
2025-07-09,TSLA,Tesla,297.54998779296875,300.1499938964844,293.54998779296875,295.8800048828125,295.8800048828125,75586800,0.0,0.0,-0.6501707849529647,0.42272204960635423
2025-07-10,TSLA,Tesla,300.04998779296875,310.4800109863281,300.0,309.8699951171875,309.8699951171875,104365300,0.0,0.0,4.61988557066904,21.343342686076003
2025-07-11,TSLA,Tesla,307.8900146484375,314.0899963378906,305.6499938964844,313.510009765625,313.510009765625,79236400,0.0,0.0,1.167844971117151,1.3638618765636192
2025-07-14,TSLA,Tesla,317.7300109863281,322.6000061035156,312.6700134277344,316.8999938964844,316.8999938964844,78043400,0.0,0.0,1.0754958796599732,1.1566913871655795
2025-07-15,TSLA,Tesla,319.67999267578125,321.20001220703125,310.5,310.7799987792969,310.7799987792969,77556300,0.0,0.0,-1.950098500608752,3.802884162076502
2025-07-16,TSLA,Tesla,312.79998779296875,323.5,312.6199951171875,321.6700134277344,321.6700134277344,97284800,0.0,0.0,3.444095462458378,11.86179355452639
2025-07-17,TSLA,Tesla,323.1499938964844,324.3399963378906,317.05999755859375,319.4100036621094,319.4100036621094,73922900,0.0,0.0,-0.7050661595447646,0.4971182893352034
2025-07-18,TSLA,Tesla,321.6600036621094,330.8999938964844,321.4200134277344,329.6499938964844,329.6499938964844,94255000,0.0,0.0,3.1555911584314185,9.957755559170542
2025-07-21,TSLA,Tesla,334.3999938964844,338.0,326.8800048828125,328.489990234375,328.489990234375,75768800,0.0,0.0,-0.35251007119927247,0.12426335029691614
2025-07-22,TSLA,Tesla,329.739990234375,335.4100036621094,321.54998779296875,332.1099853515625,332.1099853515625,77370400,0.0,0.0,1.095982890222329,1.2011784956600897
2025-07-23,TSLA,Tesla,330.8999938964844,336.20001220703125,328.6700134277344,332.55999755859375,332.55999755859375,92553800,0.0,0.0,0.13540923687317769,0.01833566143057634
2025-07-24,TSLA,Tesla,310.0,310.1499938964844,300.4100036621094,305.29998779296875,305.29998779296875,156966000,0.0,0.0,-8.552542784602519,73.14598808245661
2025-07-25,TSLA,Tesla,308.739990234375,323.6300048828125,308.010009765625,316.05999755859375,316.05999755859375,148227000,0.0,0.0,3.4637201499348804,11.99735727706491
2025-07-28,TSLA,Tesla,318.45001220703125,330.489990234375,315.69000244140625,325.5899963378906,325.5899963378906,112673800,0.0,0.0,2.9706848621967903,8.824968550485163
2025-07-29,TSLA,Tesla,325.54998779296875,326.25,318.25,321.20001220703125,321.20001220703125,87358900,0.0,0.0,-1.3574889801361278,1.8427763311910246
2025-07-30,TSLA,Tesla,322.17999267578125,324.45001220703125,311.6199951171875,319.0400085449219,319.0400085449219,83931900,0.0,0.0,-0.6747506520358081,0.4552884424227482
2025-07-31,TSLA,Tesla,319.6099853515625,321.3699951171875,306.1000061035156,308.2699890136719,308.2699890136719,85270900,0.0,0.0,-3.434052685502853,11.792717846809357
2025-08-01,TSLA,Tesla,306.2099914550781,309.30999755859375,297.82000732421875,302.6300048828125,302.6300048828125,89121400,0.0,0.0,-1.846503334703954,3.409574565072822
2025-08-04,TSLA,Tesla,309.0799865722656,312.1199951171875,303.0,309.260009765625,309.260009765625,78683900,0.0,0.0,2.167142527004271,4.696506732350458
2025-08-05,TSLA,Tesla,308.95001220703125,312.45001220703125,305.5,308.7200012207031,308.7200012207031,57961300,0.0,0.0,-0.17476574412364776,0.03054306531909232
2025-08-06,TSLA,Tesla,307.8900146484375,320.4700012207031,306.92999267578125,319.9100036621094,319.9100036621094,78523600,0.0,0.0,3.5604996499443065,12.677157757253529
2025-08-07,TSLA,Tesla,319.7900085449219,322.3999938964844,316.1600036621094,322.2699890136719,322.2699890136719,66658700,0.0,0.0,0.7349951735303974,0.5402179051129791
2025-08-08,TSLA,Tesla,321.42999267578125,335.1499938964844,320.9800109863281,329.6499938964844,329.6499938964844,91200300,0.0,0.0,2.2641797625980327,5.126509997358483
2025-08-11,TSLA,Tesla,335.0,346.6400146484375,334.1499938964844,339.0299987792969,339.0299987792969,105320200,0.0,0.0,2.805712839542427,7.872024537973228
2025-08-12,TSLA,Tesla,345.0,345.260009765625,332.94000244140625,340.8399963378906,340.8399963378906,80522100,0.0,0.0,0.5324552775796538,0.2835086226224262
2025-08-13,TSLA,Tesla,341.5,348.9800109863281,338.20001220703125,339.3800048828125,339.3800048828125,67838900,0.0,0.0,-0.4292710283261014,0.18427361576014856
2025-08-14,TSLA,Tesla,335.760009765625,340.4700012207031,330.3999938964844,335.5799865722656,335.5799865722656,75000700,0.0,0.0,-1.1260099884090402,1.267898493996927
2025-08-15,TSLA,Tesla,337.6600036621094,339.29998779296875,327.0199890136719,330.55999755859375,330.55999755859375,74319800,0.0,0.0,-1.5072159502432556,2.27169992066768
2025-08-18,TSLA,Tesla,329.6199951171875,336.2699890136719,329.5899963378906,335.1600036621094,335.1600036621094,56956600,0.0,0.0,1.3819862125930686,1.9098858917973343
2025-08-19,TSLA,Tesla,335.7900085449219,340.54998779296875,327.8500061035156,329.30999755859375,329.30999755859375,75956000,0.0,0.0,-1.7608491717904178,3.1005898057950003
2025-08-20,TSLA,Tesla,329.2200012207031,331.3699951171875,314.6000061035156,323.8999938964844,323.8999938964844,77481800,0.0,0.0,-1.656474162017639,2.7439066494320397
2025-08-21,TSLA,Tesla,322.0799865722656,324.8999938964844,318.67999267578125,320.1099853515625,320.1099853515625,55744400,0.0,0.0,-1.1770166368817137,1.3853681634963397
2025-08-22,TSLA,Tesla,321.6600036621094,340.25,319.69000244140625,340.010009765625,340.010009765625,94016300,0.0,0.0,6.03104166993377,36.373463624477516
2025-08-25,TSLA,Tesla,338.8999938964844,349.5299987792969,335.0299987792969,346.6000061035156,346.6000061035156,86670000,0.0,0.0,1.9196337227210383,3.684993629407832
2025-08-26,TSLA,Tesla,344.92999267578125,351.8999938964844,343.7200012207031,351.6700134277344,351.6700134277344,76651600,0.0,0.0,1.452187916170169,2.1088497438706577
2025-08-27,TSLA,Tesla,351.94000244140625,355.3900146484375,349.1600036621094,349.6000061035156,349.6000061035156,65519000,0.0,0.0,-0.5903612812939927,0.3485264424510848
2025-08-28,TSLA,Tesla,350.9100036621094,353.54998779296875,340.260009765625,345.9800109863281,345.9800109863281,67903200,0.0,0.0,-1.0408659566889222,1.0834019397939454
2025-08-29,TSLA,Tesla,347.2300109863281,348.75,331.70001220703125,333.8699951171875,333.8699951171875,81145700,0.0,0.0,-3.56293206445078,12.694484895891495
2025-09-02,TSLA,Tesla,328.2300109863281,333.3299865722656,325.6000061035156,329.3599853515625,329.3599853515625,58392000,0.0,0.0,-1.360034804236362,1.8496946687342393
2025-09-03,TSLA,Tesla,335.20001220703125,343.3299865722656,328.510009765625,334.0899963378906,334.0899963378906,88733300,0.0,0.0,1.4259073808795026,2.033211858846643
2025-09-04,TSLA,Tesla,336.1499938964844,338.8900146484375,331.4800109863281,338.5299987792969,338.5299987792969,60711000,0.0,0.0,1.320230431684188,1.7430083927450173
2025-09-05,TSLA,Tesla,348.0,355.8699951171875,344.67999267578125,350.8399963378906,350.8399963378906,108989800,0.0,0.0,3.5717557533237443,12.757439161401267
2025-09-08,TSLA,Tesla,354.6400146484375,358.44000244140625,344.8399963378906,346.3999938964844,346.3999938964844,75208300,0.0,0.0,-1.27361095766315,1.622084871479646
2025-09-09,TSLA,Tesla,348.44000244140625,350.7699890136719,343.82000732421875,346.9700012207031,346.9700012207031,53816000,0.0,0.0,0.16441653277190815,0.027032796248735946
2025-09-10,TSLA,Tesla,350.54998779296875,356.3299865722656,346.07000732421875,347.7900085449219,347.7900085449219,72121700,0.0,0.0,0.23605495234688204,0.05572194052748875
2025-09-11,TSLA,Tesla,350.1700134277344,368.989990234375,347.6000061035156,368.80999755859375,368.80999755859375,103756000,0.0,0.0,5.8682725742992154,34.43662300627234
2025-09-12,TSLA,Tesla,370.94000244140625,396.69000244140625,370.239990234375,395.94000244140625,395.94000244140625,168156400,0.0,0.0,7.0981091126875615,50.3831529756182
2025-09-15,TSLA,Tesla,423.1300048828125,425.7000122070313,402.4299926757813,410.0400085449219,410.0400085449219,163823700,0.0,0.0,3.4992045964953524,12.244432808134203
2025-09-16,TSLA,Tesla,414.5,423.25,411.4299926757813,421.6199951171875,421.6199951171875,104285700,0.0,0.0,2.7849686096646824,7.7560501568176345
2025-09-17,TSLA,Tesla,415.75,428.30999755859375,409.6700134277344,425.8599853515625,425.8599853515625,106133500,0.0,0.0,1.0006196509857017,1.0012396859387476
2025-09-18,TSLA,Tesla,428.8699951171875,432.2200012207031,416.55999755859375,416.8500061035156,416.8500061035156,90454500,0.0,0.0,-2.1384159862326837,4.5728229301755015
2025-09-19,TSLA,Tesla,421.8200073242187,429.4700012207031,421.7200012207031,426.0700073242187,426.0700073242187,93131000,0.0,0.0,2.187720971082706,4.7861230473150576
2025-09-22,TSLA,Tesla,431.1099853515625,444.9800109863281,429.1300048828125,434.2099914550781,434.2099914550781,97108800,0.0,0.0,1.8924599151657024,3.5814045305089777
2025-09-23,TSLA,Tesla,439.8800048828125,440.9700012207031,423.7200012207031,425.8500061035156,425.8500061035156,83422700,0.0,0.0,-1.9441082441463449,3.779556864957784
2025-09-24,TSLA,Tesla,429.8299865722656,444.2099914550781,429.0299987792969,442.7900085449219,442.7900085449219,93133600,0.0,0.0,3.900845039857305,15.216592024979338
2025-09-25,TSLA,Tesla,435.239990234375,435.3500061035156,419.0799865722656,423.3900146484375,423.3900146484375,96746400,0.0,0.0,-4.480186162620923,20.07206805173999
2025-09-26,TSLA,Tesla,428.2999877929687,440.4700012207031,421.0199890136719,440.3999938964844,440.3999938964844,101628200,0.0,0.0,3.938961629749567,15.515418720639365
2025-09-29,TSLA,Tesla,444.3500061035156,450.9800109863281,439.5,443.2099914550781,443.2099914550781,79491500,0.0,0.0,0.6360288086303643,0.4045326454077605
2025-09-30,TSLA,Tesla,441.5199890136719,445.0,433.1199951171875,444.7200012207031,444.7200012207031,74358000,0.0,0.0,0.3401194314293033,0.11568122763579254
2025-10-01,TSLA,Tesla,443.7999877929687,462.2900085449219,440.75,459.4599914550781,459.4599914550781,98122300,0.0,0.0,3.260699487618123,10.63216114855309
2025-10-02,TSLA,Tesla,470.5400085449219,470.75,435.5700073242187,436.0,436.0,137009000,0.0,0.0,-5.240962491724114,27.46768783965904
2025-10-03,TSLA,Tesla,443.2900085449219,446.7699890136719,416.5799865722656,429.8299865722656,429.8299865722656,133188200,0.0,0.0,-1.4252492909231236,2.0313355412768668
2025-10-06,TSLA,Tesla,440.75,453.5499877929687,436.69000244140625,453.25,453.25,85324900,0.0,0.0,5.305409919515741,28.14737441409602
2025-10-07,TSLA,Tesla,447.8200073242187,452.6799926757813,432.4500122070313,433.0899963378906,433.0899963378906,102296100,0.0,0.0,-4.549829949251959,20.700952567110082
2025-10-08,TSLA,Tesla,437.5700073242187,441.3299865722656,425.2300109863281,438.69000244140625,438.69000244140625,71192100,0.0,0.0,1.2847468714676216,1.6505745237458413
2025-10-09,TSLA,Tesla,431.80999755859375,436.3500061035156,426.1799926757813,435.5400085449219,435.5400085449219,69339900,0.0,0.0,-0.7206358713169256,0.5193160590287046
2025-10-10,TSLA,Tesla,436.5400085449219,443.1300048828125,411.4500122070313,413.489990234375,413.489990234375,112107900,0.0,0.0,-5.195335338705128,26.991509281598326
2025-10-13,TSLA,Tesla,423.5299987792969,436.8900146484375,419.7000122070313,435.8999938964844,435.8999938964844,79552800,0.0,0.0,5.277953848534963,27.85679682726503
2025-10-14,TSLA,Tesla,426.7900085449219,434.2000122070313,417.8599853515625,429.239990234375,429.239990234375,72669400,0.0,0.0,-1.539666493428667,2.3705729109869274
2025-10-15,TSLA,Tesla,434.8999938964844,440.510009765625,426.3299865722656,435.1499938964844,435.1499938964844,71558200,0.0,0.0,1.3674604901329142,1.8699481920745498
2025-10-16,TSLA,Tesla,434.7300109863281,439.3500061035156,421.30999755859375,428.75,428.75,77189900,0.0,0.0,-1.4816786729139184,2.1953716897679505
2025-10-17,TSLA,Tesla,425.5,441.4599914550781,423.6000061035156,439.30999755859375,439.30999755859375,89331600,0.0,0.0,2.4331310172500658,5.920126547104339
2025-10-20,TSLA,Tesla,443.8699951171875,449.7999877929687,440.6099853515625,447.4299926757813,447.4299926757813,63719000,0.0,0.0,1.831477587612344,3.3543101539263307
2025-10-21,TSLA,Tesla,445.760009765625,449.2999877929687,442.0499877929687,442.6000061035156,442.6000061035156,54412200,0.0,0.0,-1.0853643121685475,1.1780156901291041
2025-10-22,TSLA,Tesla,443.4500122070313,445.5400085449219,429.0,438.9700012207031,438.9700012207031,84023500,0.0,0.0,-0.823536501601069,0.6782123694693274
2025-10-23,TSLA,Tesla,420.0,449.3999938964844,413.8999938964844,448.9800109863281,448.9800109863281,126709800,0.0,0.0,2.2547291398770954,5.0838034942109065
2025-10-24,TSLA,Tesla,446.8299865722656,451.6799926757813,430.1700134277344,433.7200012207031,433.7200012207031,94727800,0.0,0.0,-3.457920037137167,11.957210983234704
2025-10-27,TSLA,Tesla,439.9800109863281,460.1600036621094,438.69000244140625,452.4200134277344,452.4200134277344,105867500,0.0,0.0,4.221181419101049,17.81837257296394
2025-10-28,TSLA,Tesla,454.7799987792969,467.0,451.6000061035156,460.5499877929687,460.5499877929687,80185700,0.0,0.0,1.781041931942346,3.1721103633369245
2025-10-29,TSLA,Tesla,462.5,465.7000122070313,452.6499938964844,461.510009765625,461.510009765625,67983500,0.0,0.0,0.20823424117695108,0.043361499198540626
2025-10-30,TSLA,Tesla,451.0499877929687,455.05999755859375,439.6099853515625,440.1000061035156,440.1000061035156,72447900,0.0,0.0,-4.750175565516029,22.564167903225528
2025-10-31,TSLA,Tesla,446.75,458.0,443.69000244140625,456.55999755859375,456.55999755859375,83135800,0.0,0.0,3.671813319553837,13.482213053652968
2025-11-03,TSLA,Tesla,455.989990234375,474.0700073242187,453.7999877929687,468.3699951171875,468.3699951171875,84595200,0.0,0.0,2.553845054386238,6.5221245618130474
2025-11-04,TSLA,Tesla,454.4599914550781,460.2200012207031,443.6000061035156,444.260009765625,444.260009765625,87756600,0.0,0.0,-5.2848572813666,27.929716484413568
2025-11-05,TSLA,Tesla,452.0499877929687,466.3299865722656,440.7099914550781,462.0700073242187,462.0700073242187,85573000,0.0,0.0,3.9306411995623387,15.449940239696861
2025-11-06,TSLA,Tesla,461.9599914550781,467.4500122070313,435.0899963378906,445.9100036621094,445.9100036621094,109622900,0.0,0.0,-3.5599264459214983,12.673076300371271
2025-11-07,TSLA,Tesla,437.9200134277344,439.3599853515625,421.8800048828125,429.5199890136719,429.5199890136719,103471500,0.0,0.0,-3.744886561150212,14.02417535588346
2025-11-10,TSLA,Tesla,439.6000061035156,449.6700134277344,433.3599853515625,445.2300109863281,445.2300109863281,76515900,0.0,0.0,3.592274671529928,12.904437315715452
2025-11-11,TSLA,Tesla,439.3999938964844,442.489990234375,432.3599853515625,439.6199951171875,439.6199951171875,60533200,0.0,0.0,-1.268032095842644,1.6079053960870886
2025-11-12,TSLA,Tesla,442.1499938964844,442.3299865722656,426.55999755859375,430.6000061035156,430.6000061035156,58513500,0.0,0.0,-2.073110718832734,4.297788052539175
2025-11-13,TSLA,Tesla,423.1300048828125,424.5,396.3399963378906,401.989990234375,401.989990234375,118948000,0.0,0.0,-6.875241071018367,47.268939784617785
2025-11-14,TSLA,Tesla,386.2999877929687,412.19000244140625,382.7799987792969,404.3500061035156,404.3500061035156,105506700,0.0,0.0,0.5853666241942873,0.342654084720616
2025-11-17,TSLA,Tesla,398.739990234375,423.9599914550781,398.739990234375,408.9200134277344,408.9200134277344,102214300,0.0,0.0,1.1238716089416034,1.2630873933849884
2025-11-18,TSLA,Tesla,405.3800048828125,408.8999938964844,393.7099914550781,401.25,401.25,80688600,0.0,0.0,-1.893489628165649,3.5853029719708878
2025-11-19,TSLA,Tesla,406.1799926757813,411.7799987792969,398.5,403.989990234375,403.989990234375,72047700,0.0,0.0,0.6805426562391662,0.46313830696105995
2025-11-20,TSLA,Tesla,414.6300048828125,428.94000244140625,394.739990234375,395.2300109863281,395.2300109863281,113548800,0.0,0.0,-2.192219928551654,4.805828215139019
2025-11-21,TSLA,Tesla,402.3200073242187,402.7999877929687,383.760009765625,391.0899963378906,391.0899963378906,100460600,0.0,0.0,-1.0530198558583292,1.1088508168318965
2025-11-24,TSLA,Tesla,402.1700134277344,421.7200012207031,401.0899963378906,417.7799987792969,417.7799987792969,96806400,0.0,0.0,6.60172720981127,43.5828021527625
2025-11-25,TSLA,Tesla,414.4200134277344,420.4800109863281,405.9500122070313,419.3999938964844,419.3999938964844,71915600,0.0,0.0,0.38701286542193547,0.14977895800209715
2025-11-26,TSLA,Tesla,423.9500122070313,426.94000244140625,416.8900146484375,426.5799865722656,426.5799865722656,63463000,0.0,0.0,1.6974787220379934,2.881434011771739
2025-11-28,TSLA,Tesla,426.5899963378906,432.9299926757813,426.2000122070313,430.1700134277344,430.1700134277344,36252900,0.0,0.0,0.8380619474776033,0.7023478278099532
2025-12-01,TSLA,Tesla,425.3200073242187,433.6600036621094,425.2900085449219,430.1400146484375,430.1400146484375,57463600,0.0,0.0,-0.006973946212413479,4.863592577363631e-05
2025-12-02,TSLA,Tesla,430.80999755859375,436.7999877929687,422.1199951171875,429.239990234375,429.239990234375,69336600,0.0,0.0,-0.20945908399217084,0.043873107866839275
2025-12-03,TSLA,Tesla,432.1000061035156,447.9200134277344,431.1099853515625,446.739990234375,446.739990234375,87483000,0.0,0.0,3.9960567737700377,15.968469739193402
2025-12-04,TSLA,Tesla,449.94000244140625,454.6300048828125,445.3900146484375,454.5299987792969,454.5299987792969,71906500,0.0,0.0,1.7287167308555624,2.988461535539943
2025-12-05,TSLA,Tesla,453.0299987792969,458.8699951171875,451.6600036621094,455.0,455.0,56427500,0.0,0.0,0.10335035967348669,0.010681296844639063
2025-12-08,TSLA,Tesla,447.4500122070313,449.75,435.25,439.5799865722656,439.5799865722656,69165800,0.0,0.0,-3.447772390855956,11.887134459148596
2025-12-09,TSLA,Tesla,437.5400085449219,452.3900146484375,435.7000122070313,445.1700134277344,445.1700134277344,62367400,0.0,0.0,1.2636566806914387,1.5968282066561046
2025-12-10,TSLA,Tesla,446.0700073242187,456.8800048828125,443.6099853515625,451.4500122070313,451.4500122070313,63257500,0.0,0.0,1.4008389943791177,1.9623498881730979
2025-12-11,TSLA,Tesla,448.9500122070313,449.2699890136719,440.3299865722656,446.8900146484375,446.8900146484375,55979500,0.0,0.0,-1.0152139695978488,1.030659404066622
2025-12-12,TSLA,Tesla,448.0899963378906,463.010009765625,441.6700134277344,458.9599914550781,458.9599914550781,95656700,0.0,0.0,2.6650529578487583,7.102507268138416
2025-12-15,TSLA,Tesla,469.44000244140625,481.7699890136719,467.6600036621094,475.30999755859375,475.30999755859375,114542200,0.0,0.0,3.5004175930156527,12.252923325493496
2025-12-16,TSLA,Tesla,472.2099914550781,491.5,465.8299865722656,489.8800048828125,489.8800048828125,107608100,0.0,0.0,3.0193255514689152,9.116326785753069
2025-12-17,TSLA,Tesla,488.2200012207031,495.2799987792969,466.2000122070313,467.260009765625,467.260009765625,106490400,0.0,0.0,-4.727460429487326,22.348882112368496
2025-12-18,TSLA,Tesla,478.1600036621094,490.8599853515625,473.1199951171875,483.3699951171875,483.3699951171875,95168400,0.0,0.0,3.3896527010912605,11.489745434015278
2025-12-19,TSLA,Tesla,488.1199951171875,490.489990234375,474.7200012207031,481.2000122070313,481.2000122070313,103305400,0.0,0.0,-0.44993863680712526,0.20244477689185417
2025-12-22,TSLA,Tesla,489.8800048828125,498.8299865722656,485.3299865722656,488.7300109863281,488.7300109863281,86916100,0.0,0.0,1.5527202757108984,2.4109402546037284
2025-12-23,TSLA,Tesla,489.3999938964844,491.9700012207031,482.8399963378906,485.55999755859375,485.55999755859375,58223600,0.0,0.0,-0.6507353223946919,0.4234564598121236
2025-12-24,TSLA,Tesla,488.4800109863281,490.8999938964844,476.7999877929687,485.3999938964844,485.3999938964844,41285400,0.0,0.0,-0.03295782832779731,0.001086218448084559
2025-12-26,TSLA,Tesla,485.2300109863281,489.0899963378906,473.8200073242187,475.19000244140625,475.19000244140625,58780700,0.0,0.0,-2.1258551524587483,4.519260129235408
2025-12-29,TSLA,Tesla,469.0,469.3999938964844,459.0,459.6400146484375,459.6400146484375,66263000,0.0,0.0,-3.327112293491262,11.069676213500685
2025-12-30,TSLA,Tesla,461.0899963378906,463.1199951171875,453.8299865722656,454.4299926757813,454.4299926757813,59238500,0.0,0.0,-1.1399736021774638,1.2995398136614624
2025-12-31,TSLA,Tesla,456.1000061035156,456.5499877929687,449.2999877929687,449.7200012207031,449.7200012207031,49078000,0.0,0.0,-1.041870064110701,1.0854932304900362
2026-01-02,TSLA,Tesla,457.7999877929687,458.3399963378906,435.2999877929687,438.0700073242187,438.0700073242187,85535400,0.0,0.0,-2.6246437918021277,6.888755033845451
2026-01-05,TSLA,Tesla,447.989990234375,457.5499877929687,444.5700073242187,451.6700134277344,451.6700134277344,67940800,0.0,0.0,3.0573122743440866,9.347158342855012
2026-01-06,TSLA,Tesla,446.3800048828125,448.25,428.7799987792969,432.9599914550781,432.9599914550781,89093800,0.0,0.0,-4.230652917497186,17.89842410832745
2026-01-07,TSLA,Tesla,435.8999938964844,438.3699951171875,431.2900085449219,431.4100036621094,431.4100036621094,59828800,0.0,0.0,-0.3586402728205757,0.12862284528881696
2026-01-08,TSLA,Tesla,427.8900146484375,436.8900146484375,424.3699951171875,435.7999877929687,435.7999877929687,57041100,0.0,0.0,1.0124471981728622,1.0250493290880789
2026-01-09,TSLA,Tesla,435.9500122070313,449.0499877929687,430.3900146484375,445.010009765625,445.010009765625,67331500,0.0,0.0,2.0913381268702356,4.373695160901105
2026-01-12,TSLA,Tesla,441.2300109863281,454.2999877929687,438.0,448.9599914550781,448.9599914550781,61649600,0.0,0.0,0.8837002112799671,0.7809260634162585
2026-01-13,TSLA,Tesla,450.2000122070313,451.80999755859375,443.9500122070313,447.2000122070313,447.2000122070313,53719200,0.0,0.0,-0.3927828743923325,0.15427838641590286
2026-01-14,TSLA,Tesla,442.80999755859375,443.9100036621094,434.2200012207031,439.2000122070313,439.2000122070313,57259500,0.0,0.0,-1.8051031148363035,3.258397255191725
2026-01-15,TSLA,Tesla,441.1300048828125,445.3599853515625,437.6499938964844,438.5700073242187,438.5700073242187,49465800,0.0,0.0,-0.1435467097246193,0.020605657872764114
2026-01-16,TSLA,Tesla,439.5,447.25,435.260009765625,437.5,437.5,60220600,0.0,0.0,-0.24427450941922413,0.05967003595200262
2026-01-20,TSLA,Tesla,429.3599853515625,430.7300109863281,417.44000244140625,419.25,419.25,63187300,0.0,0.0,-4.260930509435087,18.155528806234752
2026-01-21,TSLA,Tesla,421.6600036621094,438.2000122070313,419.6199951171875,431.44000244140625,431.44000244140625,68124000,0.0,0.0,2.866105598439217,8.214561301404622
2026-01-22,TSLA,Tesla,435.1600036621094,449.5,432.6300048828125,449.3599853515625,449.3599853515625,71546700,0.0,0.0,4.069585893802081,16.561529347032884
2026-01-23,TSLA,Tesla,447.4299926757813,452.4299926757813,444.0400085449219,449.05999755859375,449.05999755859375,56771400,0.0,0.0,-0.06678119583802994,0.004459728117557307
2026-01-26,TSLA,Tesla,445.0,445.0400085449219,434.2799987792969,435.2000122070313,435.2000122070313,49397400,0.0,0.0,-3.135078007637361,9.828714113971445
2026-01-27,TSLA,Tesla,437.4100036621094,437.5199890136719,430.69000244140625,430.8999938964844,430.8999938964844,37733100,0.0,0.0,-0.992969313376057,0.9859880573065181
2026-01-28,TSLA,Tesla,431.9100036621094,438.260009765625,430.1000061035156,431.4599914550781,431.4599914550781,54857400,0.0,0.0,0.12987560805733547,0.016867673568262624
2026-01-29,TSLA,Tesla,437.7999877929687,440.2300109863281,414.6199951171875,416.55999755859375,416.55999755859375,81686100,0.0,0.0,-3.51442835440217,12.351206658225944
2026-01-30,TSLA,Tesla,425.3500061035156,439.8800048828125,422.7000122070313,430.4100036621094,430.4100036621094,82626100,0.0,0.0,3.2707748293060876,10.697967984022267
2026-02-02,TSLA,Tesla,421.2900085449219,427.1499938964844,414.5,421.80999755859375,421.80999755859375,58739500,0.0,0.0,-2.018328139266714,4.073648477755836
2026-02-03,TSLA,Tesla,424.2699890136719,428.55999755859375,413.69000244140625,421.9599914550781,421.9599914550781,56886500,0.0,0.0,0.03555326688964158,0.0012640347865260845
2026-02-04,TSLA,Tesla,420.4599914550781,423.8999938964844,399.1799926757813,406.010009765625,406.010009765625,74606900,0.0,0.0,-3.8532688670109687,14.847680961475994
2026-02-05,TSLA,Tesla,397.0199890136719,402.1000061035156,387.5299987792969,397.2099914550781,397.2099914550781,72819800,0.0,0.0,-2.191272731756527,4.801676184939713
2026-02-06,TSLA,Tesla,400.8699951171875,414.5499877929687,397.75,411.1099853515625,411.1099853515625,62677100,0.0,0.0,3.439569638292661,11.830639296664707
2026-02-09,TSLA,Tesla,409.9100036621094,421.25,407.2900085449219,417.3200073242187,417.3200073242187,54484300,0.0,0.0,1.4992548192063897,2.247765012913584
2026-02-10,TSLA,Tesla,418.0799865722656,427.25,417.0,425.2099914550781,425.2099914550781,64450200,0.0,0.0,1.8729813289406434,3.5080590585602587
2026-02-11,TSLA,Tesla,427.9599914550781,436.3500061035156,420.0299987792969,428.2699890136719,428.2699890136719,57362000,0.0,0.0,0.7170667714086594,0.5141847546584386
2026-02-12,TSLA,Tesla,430.2999877929687,436.2300109863281,414.0,417.0700073242187,417.0700073242187,61933400,0.0,0.0,-2.649972117437743,7.022352223197475
2026-02-13,TSLA,Tesla,414.30999755859375,424.05999755859375,410.8800048828125,417.44000244140625,417.44000244140625,51434100,0.0,0.0,0.08867362574486323,0.007863011902740072
2026-02-17,TSLA,Tesla,412.3599853515625,413.7200012207031,400.510009765625,410.6300048828125,410.6300048828125,59678800,0.0,0.0,-1.6448249621048336,2.7054491559631675
2026-02-18,TSLA,Tesla,411.1099853515625,416.8999938964844,409.5799865722656,411.3200073242187,411.3200073242187,45921400,0.0,0.0,0.1678940551719039,0.02818841376206631
2026-02-19,TSLA,Tesla,407.25,415.25,404.1099853515625,411.7099914550781,411.7099914550781,51019600,0.0,0.0,0.09476790897652619,0.008980956571783154
2026-02-20,TSLA,Tesla,408.2999877929687,414.7000122070313,405.5,411.8200073242187,411.8200073242187,57912200,0.0,0.0,0.02671812076260135,0.0007138579770849494
2026-02-23,TSLA,Tesla,407.2900085449219,407.7000122070313,394.0400085449219,399.8299865722656,399.8299865722656,69680000,0.0,0.0,-2.954695527872462,8.730225662429525
2026-02-24,TSLA,Tesla,399.5,410.8200073242187,397.6400146484375,409.3800048828125,409.3800048828125,58579500,0.0,0.0,2.360440879644665,5.5716811462976805
2026-02-25,TSLA,Tesla,412.1499938964844,420.3399963378906,412.1499938964844,417.3999938964844,417.3999938964844,54809700,0.0,0.0,1.940114803767631,3.7640454517983133
2026-02-26,TSLA,Tesla,414.4200134277344,416.80999755859375,403.6600036621094,408.5799865722656,408.5799865722656,53602500,0.0,0.0,-2.1357279325286553,4.561333801783125
2026-02-27,TSLA,Tesla,402.94000244140625,407.1199951171875,398.1099853515625,402.510009765625,402.510009765625,56890100,0.0,0.0,-1.4967735162802964,2.240330959038083
2026-03-02,TSLA,Tesla,390.6000061035156,404.5400085449219,388.25,403.3200073242187,403.3200073242187,55088300,0.0,0.0,0.2010344152525457,0.04041483611593298
2026-03-03,TSLA,Tesla,395.0899963378906,396.3399963378906,385.3900146484375,392.4299926757813,392.4299926757813,62617300,0.0,0.0,-2.7372150980347802,7.492346492909552
2026-03-04,TSLA,Tesla,397.8500061035156,408.3299865722656,394.5799865722656,405.94000244140625,405.94000244140625,68305500,0.0,0.0,3.384721273919822,11.456338102125422
2026-03-05,TSLA,Tesla,401.5700073242187,408.6199951171875,399.4200134277344,405.5499877929687,405.5499877929687,51925900,0.0,0.0,-0.0961231027273401,0.009239650877930779
2026-03-06,TSLA,Tesla,398.0899963378906,402.3500061035156,394.2099914550781,396.7300109863281,396.7300109863281,64054600,0.0,0.0,-2.198816416611483,4.834793633960163
2026-03-09,TSLA,Tesla,390.0499877929687,401.5899963378906,381.3999938964844,398.6799926757813,398.6799926757813,67018900,0.0,0.0,0.4903095477786746,0.24040345264292837
2026-03-10,TSLA,Tesla,402.2200012207031,406.5899963378906,398.19000244140625,399.239990234375,399.239990234375,59258700,0.0,0.0,0.14036436297641278,0.01970215439377416
2026-03-11,TSLA,Tesla,402.2799987792969,416.3800048828125,402.1499938964844,407.8200073242187,407.8200073242187,62559900,0.0,0.0,2.126320318819362,4.521238098224073
2026-03-12,TSLA,Tesla,405.1799926757813,406.5,394.6499938964844,395.010009765625,395.010009765625,60973800,0.0,0.0,-3.1914812787204325,10.185552752423007
2026-03-13,TSLA,Tesla,399.1700134277344,400.2000122070313,389.9500122070313,391.2000122070313,391.2000122070313,58504100,0.0,0.0,-0.9692136394107544,0.93937507881984
2026-03-16,TSLA,Tesla,396.2200012207031,403.7300109863281,394.4200134277344,395.55999755859375,395.55999755859375,58068300,0.0,0.0,1.1083506865035426,1.2284412442728743
2026-03-17,TSLA,Tesla,395.69000244140625,400.1199951171875,393.0,399.2699890136719,399.2699890136719,46890500,0.0,0.0,0.9335376020772039,0.8714924544920559
2026-03-18,TSLA,Tesla,399.0,403.0700073242187,392.30999755859375,392.7799987792969,392.7799987792969,50853100,0.0,0.0,-1.6388196671314648,2.685729901376885
2026-03-19,TSLA,Tesla,387.2699890136719,387.2699890136719,378.7300109863281,380.2999877929687,380.2999877929687,67078300,0.0,0.0,-3.228927274343469,10.425971342999144
2026-03-20,TSLA,Tesla,379.8500061035156,379.8900146484375,364.4599914550781,367.9599914550781,367.9599914550781,78628600,0.0,0.0,-3.2986169449252047,10.88087374934769
2026-03-23,TSLA,Tesla,373.0899963378906,385.3299865722656,372.7300109863281,380.8500061035156,380.8500061035156,74606000,0.0,0.0,3.4431399458296883,11.855212686568068
2026-03-24,TSLA,Tesla,376.55999755859375,387.4800109863281,376.30999755859375,383.0299987792969,383.0299987792969,60004900,0.0,0.0,0.5707699063017405,0.32577828593969765
2026-03-25,TSLA,Tesla,389.989990234375,396.2300109863281,385.010009765625,385.9500122070313,385.9500122070313,55157300,0.0,0.0,0.7594547116542857,0.5767714590538943
2026-03-26,TSLA,Tesla,381.6000061035156,384.44000244140625,371.8699951171875,372.1099853515625,372.1099853515625,55522900,0.0,0.0,-3.6518388902706036,13.335927280492834
2026-03-27,TSLA,Tesla,369.69000244140625,369.8599853515625,359.4700012207031,361.8299865722656,361.8299865722656,62065700,0.0,0.0,-2.80150189690427,7.848412878358223
2026-03-30,TSLA,Tesla,365.8599853515625,367.2900085449219,352.1400146484375,355.2799987792969,355.2799987792969,67954400,0.0,0.0,-1.8268243604687584,3.337287244002088
2026-03-31,TSLA,Tesla,361.510009765625,373.3299865722656,361.0,371.75,371.75,75534900,0.0,0.0,4.531537779230799,20.534834644596003
2026-04-01,TSLA,Tesla,378.6300048828125,383.1400146484375,374.0799865722656,381.260009765625,381.260009765625,58683800,0.0,0.0,2.525999735964806,6.38067466609427
2026-04-02,TSLA,Tesla,364.2000122070313,370.2799987792969,359.0299987792969,360.5899963378906,360.5899963378906,83031200,0.0,0.0,-5.574001402961767,31.06949164021975
2026-04-06,TSLA,Tesla,362.5899963378906,367.7200012207031,346.6400146484375,352.82000732421875,352.82000732421875,77697600,0.0,0.0,-2.1783536042954785,4.745224425347102
2026-04-07,TSLA,Tesla,346.44000244140625,348.0199890136719,337.239990234375,346.6499938964844,346.6499938964844,74515400,0.0,0.0,-1.7642424845982325,3.1125515444613447
2026-04-08,TSLA,Tesla,363.7900085449219,364.5,339.6700134277344,343.25,343.25,78838600,0.0,0.0,-0.9856563133277247,0.9715183680028019
2026-04-09,TSLA,Tesla,343.1499938964844,348.8800048828125,337.25,345.6199951171875,345.6199951171875,62164000,0.0,0.0,0.6880846850074371,0.473460533741784
2026-04-10,TSLA,Tesla,346.2900085449219,350.3599853515625,342.739990234375,348.95001220703125,348.95001220703125,51336000,0.0,0.0,0.9588788947183923,0.9194487347363656
2026-04-13,TSLA,Tesla,350.07000732421875,356.3500061035156,348.57000732421875,352.4200134277344,352.4200134277344,53617500,0.0,0.0,0.989500379675574,0.9791110013781051
2026-04-14,TSLA,Tesla,357.6700134277344,367.6300048828125,354.7699890136719,364.2000122070313,364.2000122070313,59979600,0.0,0.0,3.287951656879672,10.810626097977782
2026-04-15,TSLA,Tesla,366.8299865722656,394.6499938964844,362.5,391.9500122070313,391.9500122070313,113810400,0.0,0.0,7.343111096819792,53.92128058023796
2026-04-16,TSLA,Tesla,393.80999755859375,394.05999755859375,381.7999877929687,388.8999938964844,388.8999938964844,63515100,0.0,0.0,-0.781208631169376,0.6102869254135301
2026-04-17,TSLA,Tesla,395.9200134277344,409.2799987792969,391.6499938964844,400.6199951171875,400.6199951171875,90640000,0.0,0.0,2.96911094422974,8.815619799144818
2026-04-20,TSLA,Tesla,402.5799865722656,406.7999877929687,388.3299865722656,392.5,392.5,64603900,0.0,0.0,-2.047679768722958,4.192992435237308
2026-04-21,TSLA,Tesla,393.0,393.9500122070313,385.2200012207031,386.4200134277344,386.4200134277344,50530600,0.0,0.0,-1.5611641640159502,2.4372335470076205
2026-04-22,TSLA,Tesla,387.5700073242187,393.010009765625,385.2999877929687,387.510009765625,387.510009765625,62362800,0.0,0.0,0.28167845306925576,0.07934275092348893
2026-04-23,TSLA,Tesla,375.2799987792969,386.0,368.3900146484375,373.7200012207031,373.7200012207031,93969500,0.0,0.0,-3.623482292188371,13.129623921802692
2026-04-24,TSLA,Tesla,373.5,382.760009765625,370.7300109863281,376.2999877929687,376.2999877929687,62893300,0.0,0.0,0.6879807968652562,0.47331757685535286
2026-04-27,TSLA,Tesla,372.0899963378906,380.7799987792969,364.0199890136719,378.6700134277344,378.6700134277344,66735800,0.0,0.0,0.6278483691632187,0.39419357466091337
2026-04-28,TSLA,Tesla,374.6799926757813,382.2900085449219,372.5400085449219,376.0199890136719,376.0199890136719,50864400,0.0,0.0,-0.7022844604162197,0.4932034633421009
2026-04-29,TSLA,Tesla,375.3999938964844,376.3999938964844,370.0400085449219,372.7999877929687,372.7999877929687,45384800,0.0,0.0,-0.860025417998214,0.7396437196030027
2026-04-30,TSLA,Tesla,372.75,384.75,368.1700134277344,381.6300048828125,381.6300048828125,51076000,0.0,0.0,2.3409515563600736,5.480054189224651
2026-05-01,TSLA,Tesla,382.489990234375,397.8200073242187,378.7999877929687,390.8200073242187,390.8200073242187,65338300,0.0,0.0,2.3795549041588115,5.662281541906251
2026-05-04,TSLA,Tesla,390.2300109863281,394.6400146484375,384.7999877929687,392.510009765625,392.510009765625,48765100,0.0,0.0,0.4314924812415465,0.18618576136798634
2026-05-05,TSLA,Tesla,395.19000244140625,402.1199951171875,389.0,389.3699951171875,389.3699951171875,47780600,0.0,0.0,-0.8032003657369561,0.64513082751998
2026-05-06,TSLA,Tesla,386.25,401.6799926757813,384.0199890136719,398.7300109863281,398.7300109863281,53465400,0.0,0.0,2.3754487827164996,5.6427569193093
2026-05-07,TSLA,Tesla,407.4800109863281,415.8299865722656,402.1199951171875,411.7900085449219,411.7900085449219,64294200,0.0,0.0,3.222900776203085,10.387089413250449
2026-05-08,TSLA,Tesla,416.4800109863281,431.2000122070313,416.3900146484375,428.3500061035156,428.3500061035156,65050000,0.0,0.0,3.942710124226755,15.544963123680153
2026-05-11,TSLA,Tesla,422.1600036621094,449.1600036621094,416.7999877929687,445.0,445.0,78376100,0.0,0.0,3.8133649507288983,14.541752247447613
2026-05-12,TSLA,Tesla,441.4100036621094,447.7999877929687,422.260009765625,433.4500122070313,433.4500122070313,60569300,0.0,0.0,-2.6297804689101207,6.915745314661135
2026-05-13,TSLA,Tesla,436.6700134277344,453.3999938964844,430.2099914550781,445.2699890136719,445.2699890136719,68283200,0.0,0.0,2.6904337595479344,7.238433814515233
2026-05-14,TSLA,Tesla,446.489990234375,451.9800109863281,441.1600036621094,443.2999877929687,443.2999877929687,46070400,0.0,0.0,-0.44341008583384833,0.19661250421918075
2026-05-15,TSLA,Tesla,433.9800109863281,434.6600036621094,422.0,422.239990234375,422.239990234375,52688700,0.0,0.0,-4.867286458740431,23.69047747143797
2026-05-18,TSLA,Tesla,419.2699890136719,421.1300048828125,405.3299865722656,409.989990234375,409.989990234375,52474200,0.0,0.0,-2.9441104289050233,8.66778621758732
2026-05-19,TSLA,Tesla,403.1600036621094,405.6300048828125,393.6300048828125,404.1099853515625,404.1099853515625,46500600,0.0,0.0,-1.4445663458309574,2.0867719275074053
2026-05-20,TSLA,Tesla,407.6000061035156,417.4599914550781,406.3900146484375,417.260009765625,417.260009765625,45294700,0.0,0.0,3.202247022638431,10.254385993996696
2026-05-21,TSLA,Tesla,422.1799926757813,426.9500122070313,412.8999938964844,417.8500061035156,417.8500061035156,42636900,0.0,0.0,0.14129789484986274,0.01996509508900287
2026-05-22,TSLA,Tesla,422.6700134277344,431.510009765625,420.510009765625,426.010009765625,426.010009765625,46104700,0.0,0.0,1.9340312041325056,3.7404766985582296
2026-05-26,TSLA,Tesla,430.260009765625,435.2000122070313,426.1199951171875,433.5899963378906,433.5899963378906,45658900,0.0,0.0,1.7636535587117295,3.110473875156548
2026-05-27,TSLA,Tesla,442.8900146484375,445.6000061035156,435.5199890136719,440.3599853515625,440.3599853515625,44656500,0.0,0.0,1.5493162254673813,2.4003807664964936
2026-05-28,TSLA,Tesla,437.6199951171875,443.9599914550781,436.2999877929687,442.1000061035156,442.1000061035156,32435000,0.0,0.0,0.39435737004178917,0.15551773530627663
2026-05-29,TSLA,Tesla,439.8500061035156,441.0700073242187,428.1400146484375,435.7900085449219,435.7900085449219,45176800,0.0,0.0,-1.4375619088440037,2.0665842417592155
2026-06-01,TSLA,Tesla,427.489990234375,429.6000061035156,415.4299926757813,415.8800048828125,415.8800048828125,44937900,0.0,0.0,-4.676372669880659,21.868461347606765
2026-06-02,TSLA,Tesla,418.2200012207031,424.4200134277344,413.6499938964844,423.739990234375,423.739990234375,37596000,0.0,0.0,1.8723267699191404,3.5056075333558416
2026-06-03,TSLA,Tesla,418.7000122070313,433.6000061035156,416.0,423.7000122070313,423.7000122070313,44500700,0.0,0.0,-0.009435010681155804,8.901942655352412e-05
2026-06-04,TSLA,Tesla,419.8399963378906,426.3500061035156,417.1600036621094,418.4500122070313,418.4500122070313,35323300,0.0,0.0,-1.2468248792164638,1.5545722794331496
2026-06-05,TSLA,Tesla,420.5,424.6799926757813,388.5899963378906,391.0,391.0,63420200,0.0,0.0,-6.784987766553573,46.03605899228164
2026-06-08,TSLA,Tesla,396.3299865722656,412.94000244140625,394.7200012207031,408.9500122070313,408.9500122070313,50328800,0.0,0.0,4.488536904530829,20.146963543335193
2026-06-09,TSLA,Tesla,411.0299987792969,418.5,384.239990234375,396.6799926757813,396.6799926757813,59940200,0.0,0.0,-3.0463037176546175,9.279966340196344
2026-06-10,TSLA,Tesla,391.5400085449219,397.0899963378906,380.1499938964844,381.5899963378906,381.5899963378906,49695600,0.0,0.0,-3.878316767107322,15.04134094602579
2026-06-11,TSLA,Tesla,388.2799987792969,399.5400085449219,380.6600036621094,399.1499938964844,399.1499938964844,45324300,0.0,0.0,4.499054661746999,20.2414928493874
2026-06-12,TSLA,Tesla,399.489990234375,406.6799926757813,386.760009765625,406.4299926757813,406.4299926757813,63514500,0.0,0.0,1.8074423616042934,3.266847890521705
2026-06-15,TSLA,Tesla,412.3699951171875,416.0,407.1000061035156,411.1499938964844,411.1499938964844,45620500,0.0,0.0,1.1546402155351725,1.3331940273311096
2026-06-16,TSLA,Tesla,404.1099853515625,412.4200134277344,400.5400085449219,404.6600036621094,404.6600036621094,40255500,0.0,0.0,-1.5910879171028018,2.5315607599505325
2026-06-17,TSLA,Tesla,401.5299987792969,405.94000244140625,393.760009765625,396.3800048828125,396.3800048828125,43534300,0.0,0.0,-2.0673857986175808,4.274084040325652
2026-06-18,TSLA,Tesla,398.1000061035156,402.5199890136719,384.7000122070313,400.489990234375,400.489990234375,58384700,0.0,0.0,1.0315413608767319,1.06407757919942
2026-06-22,TSLA,Tesla,394.8500061035156,414.75,394.3999938964844,405.0499877929687,405.0499877929687,47819500,0.0,0.0,1.132171311591987,1.28181187879192
2026-06-23,TSLA,Tesla,392.6099853515625,392.8699951171875,379.05999755859375,381.6099853515625,381.6099853515625,50420200,0.0,0.0,-5.961137984377949,35.53516606879359
2026-06-24,TSLA,Tesla,380.0799865722656,384.5799865722656,373.0499877929687,375.5299987792969,375.5299987792969,37081400,0.0,0.0,-1.6060748057995153,2.579476281823951
2026-06-25,TSLA,Tesla,375.2699890136719,379.1199951171875,371.2200012207031,375.1199951171875,375.1199951171875,30138800,0.0,0.0,-0.10923964729650014,0.01193330054146375
2026-06-26,TSLA,Tesla,370.1499938964844,387.7999877929687,368.6000061035156,379.7099914550781,379.7099914550781,53434100,0.0,0.0,1.2161819203993192,1.479098463506176
2026-06-29,TSLA,Tesla,381.7900085449219,413.2699890136719,379.2999877929687,411.8399963378906,411.8399963378906,57645800,0.0,0.0,8.122713454703765,65.97847386722557
2026-06-30,TSLA,Tesla,406.0,424.5400085449219,406.0,420.6000061035156,420.6000061035156,43385600,0.0,0.0,2.104736226435513,4.429914582870003
2026-07-01,TSLA,Tesla,421.4599914550781,432.8599853515625,418.0899963378906,425.2999877929687,425.2999877929687,40127900,0.0,0.0,1.1112495777372573,1.2348756240212326
2026-07-02,TSLA,Tesla,428.010009765625,432.3500061035156,389.2999877929687,393.4500122070313,393.4500122070313,73717700,0.0,0.0,-7.784074755080642,60.59181979268376
2026-07-06,TSLA,Tesla,397.5,420.0,390.5,419.7699890136719,419.7699890136719,54727900,0.0,0.0,6.475289005284892,41.9293677019634
2026-07-07,TSLA,Tesla,416.9599914550781,419.55999755859375,401.8800048828125,402.8999938964844,402.8999938964844,38149900,0.0,0.0,-4.10185390111214,16.82520542606888
2026-07-08,TSLA,Tesla,399.3800048828125,399.6300048828125,390.510009765625,394.05999755859375,394.05999755859375,33844900,0.0,0.0,-2.218520127603968,4.921831556583927
2026-07-09,TSLA,Tesla,393.989990234375,407.8599853515625,390.8599853515625,406.5499877929687,406.5499877929687,37835000,0.0,0.0,3.1203716855639385,9.736719456069135
2026-07-10,TSLA,Tesla,410.489990234375,413.1600036621094,402.80999755859375,407.760009765625,407.760009765625,33410000,0.0,0.0,0.2971897353287345,0.08832173878476327
2026-07-13,TSLA,Tesla,404.6099853515625,405.5700073242187,391.3699951171875,394.760009765625,394.760009765625,32809200,0.0,0.0,-3.240077993929111,10.498105406743692
2026-07-14,TSLA,Tesla,399.0499877929687,402.2200012207031,394.760009765625,396.1799926757813,396.1799926757813,23385000,0.0,0.0,0.35906249054981343,0.12892587211983486
2026-07-15,TSLA,Tesla,399.3999938964844,406.5899963378906,390.6600036621094,394.4599914550781,394.4599914550781,31549800,0.0,0.0,-0.43509156344071487,0.18930466857728562
2026-07-16,TSLA,Tesla,392.3500061035156,395.30999755859375,385.3200073242187,391.05999755859375,391.05999755859375,29269100,0.0,0.0,-0.8656724657948154,0.7493888180352758
2026-07-17,TSLA,Tesla,381.7799987792969,385.69000244140625,377.2200012207031,380.8399963378906,380.8399963378906,31394600,0.0,0.0,-2.648166485346425,7.012785734112038
2026-07-20,TSLA,Tesla,386.0499877929687,386.6099853515625,369.4299926757813,369.5700073242187,369.5700073242187,33901500,0.0,0.0,-3.003914234140698,9.023500726073095
2026-07-21,TSLA,Tesla,371.1700134277344,384.0700073242187,369.9800109863281,378.9299926757813,378.9299926757813,32735300,0.0,0.0,2.501128466509827,6.255643605985798
2026-07-22,TSLA,Tesla,375.5299987792969,380.1700134277344,372.8999938964844,374.010009765625,374.010009765625,30646100,0.0,0.0,-1.3068910989716611,1.7079643445713562
2026-07-23,TSLA,Tesla,341.0,342.1099853515625,315.739990234375,319.69000244140625,319.69000244140625,115606400,0.0,0.0,-15.693077724657808,246.2726884721511
2026-07-24,TSLA,Tesla,320.7200012207031,322.9599914550781,306.510009765625,313.0299987792969,313.0299987792969,62760000,0.0,0.0,-2.1052755196125363,4.432185013479835
2026-07-27,TSLA,Tesla,313.239990234375,317.0,304.2799987792969,309.2200012207031,309.2200012207031,44919400,0.0,0.0,-1.2246027070754708,1.4996517901765714
2026-07-28,TSLA,Tesla,305.92999267578125,311.1600036621094,300.69000244140625,307.44000244140625,307.44000244140625,39802400,0.0,0.0,-0.5773047424462907,0.33328076565097803
2026-07-29,TSLA,Tesla,307.1400146484375,309.05999755859375,297.3800048828125,298.32000732421875,298.32000732421875,39478000,0.0,0.0,-3.011319377555425,9.068044393640792
2026-07-30,TSLA,Tesla,302.70001220703125,310.8699951171875,301.3299865722656,308.8500061035156,308.8500061035156,38005400,0.0,0.0,3.4688981481862635,12.033254362490089
2026-07-31,TSLA,Tesla,309.69000244140625,315.5,301.9700012207031,311.2099914550781,311.2099914550781,36630600,0.0,0.0,0.7612156102981297,0.579449205361554
