Date,Target_Date,Ticker,Asset,Role,Split,Target_Squared_Return,Historical_Variance_Forecast
2021-12-31,2022-01-03,XOM,Exxon Mobil,Stock,Validation,14.202351603735382,1.5378896370933097
2022-01-03,2022-01-04,XOM,Exxon Mobil,Stock,Validation,13.633686627311835,1.9265848811266018
2022-01-04,2022-01-05,XOM,Exxon Mobil,Stock,Validation,1.527876986524206,2.468543815611992
2022-01-05,2022-01-06,XOM,Exxon Mobil,Stock,Validation,5.404937875964892,2.4772864867521567
2022-01-06,2022-01-07,XOM,Exxon Mobil,Stock,Validation,0.666330173017594,2.635490608735508
2022-01-07,2022-01-10,XOM,Exxon Mobil,Stock,Validation,0.3564022943690518,2.640680601245011
2022-01-10,2022-01-11,XOM,Exxon Mobil,Stock,Validation,16.975599171989945,2.6932956684315026
2022-01-11,2022-01-12,XOM,Exxon Mobil,Stock,Validation,0.0868647381058131,3.3445015749572335
2022-01-12,2022-01-13,XOM,Exxon Mobil,Stock,Validation,0.517646077667468,2.981234952197055
2022-01-13,2022-01-14,XOM,Exxon Mobil,Stock,Validation,3.028922988327281,3.044445064960447
2022-01-14,2022-01-18,XOM,Exxon Mobil,Stock,Validation,2.7874288298908434,3.0318894491747734
2022-01-18,2022-01-19,XOM,Exxon Mobil,Stock,Validation,0.0016855069153373,3.050057240406161
2022-01-19,2022-01-20,XOM,Exxon Mobil,Stock,Validation,0.047787899273386,2.6074111508774003
2022-01-20,2022-01-21,XOM,Exxon Mobil,Stock,Validation,2.2881173524065312,2.3389774928618627
2022-01-21,2022-01-24,XOM,Exxon Mobil,Stock,Validation,0.7316781398671716,2.551250008435516
2022-01-24,2022-01-25,XOM,Exxon Mobil,Stock,Validation,8.396084205911736,2.5512009931071393
2022-01-25,2022-01-26,XOM,Exxon Mobil,Stock,Validation,1.039321048824838,2.7116633171160225
2022-01-26,2022-01-27,XOM,Exxon Mobil,Stock,Validation,1.6198502729424915,2.887428692845952
2022-01-27,2022-01-28,XOM,Exxon Mobil,Stock,Validation,0.0452598370115403,2.81951838734058
2022-01-28,2022-01-31,XOM,Exxon Mobil,Stock,Validation,0.80861951821773,2.677878229719348
2022-01-31,2022-02-01,XOM,Exxon Mobil,Stock,Validation,38.61545467695147,2.5481234471218617
2022-02-01,2022-02-02,XOM,Exxon Mobil,Stock,Validation,0.0676634938828302,3.7941721440287473
2022-02-02,2022-02-03,XOM,Exxon Mobil,Stock,Validation,1.375509927336859,3.5828187920701438
2022-02-03,2022-02-04,XOM,Exxon Mobil,Stock,Validation,4.6136502524455825,3.465120990623693
2022-02-04,2022-02-07,XOM,Exxon Mobil,Stock,Validation,1.4318319804605997,3.535177161264163
2022-02-07,2022-02-08,XOM,Exxon Mobil,Stock,Validation,6.860604255062844,3.440162024872305
2022-02-08,2022-02-09,XOM,Exxon Mobil,Stock,Validation,0.2302608902901378,4.028129481330254
2022-02-09,2022-02-10,XOM,Exxon Mobil,Stock,Validation,0.9344798480586076,4.0132605702832596
2022-02-10,2022-02-11,XOM,Exxon Mobil,Stock,Validation,6.183761041600497,3.5228162073205764
2022-02-11,2022-02-14,XOM,Exxon Mobil,Stock,Validation,2.388012814348351,3.672541253593427
2022-02-14,2022-02-15,XOM,Exxon Mobil,Stock,Validation,1.5911761506885134,3.8159617402621904
2022-02-15,2022-02-16,XOM,Exxon Mobil,Stock,Validation,0.2120977353461921,3.8981034253345093
2022-02-16,2022-02-17,XOM,Exxon Mobil,Stock,Validation,0.0234999097934951,3.8192530158488673
2022-02-17,2022-02-18,XOM,Exxon Mobil,Stock,Validation,1.2506857949131782,3.827718438526253
2022-02-18,2022-02-22,XOM,Exxon Mobil,Stock,Validation,1.3693203303099744,3.9337194665923123
2022-02-22,2022-02-23,XOM,Exxon Mobil,Stock,Validation,0.1636960145978581,3.8768439796410368
2022-02-23,2022-02-24,XOM,Exxon Mobil,Stock,Validation,1.6168511396373462,3.862722916535122
2022-02-24,2022-02-25,XOM,Exxon Mobil,Stock,Validation,7.052876221732441,3.609952866603223
2022-02-25,2022-02-28,XOM,Exxon Mobil,Stock,Validation,0.5510581775781943,3.838973301778747
2022-02-28,2022-03-01,XOM,Exxon Mobil,Stock,Validation,0.9059997223627234,3.7998466379868354
2022-03-01,2022-03-02,XOM,Exxon Mobil,Stock,Validation,2.9010575052070653,3.822571739251475
2022-03-02,2022-03-03,XOM,Exxon Mobil,Stock,Validation,0.3985351287311497,3.9021435973945784
2022-03-03,2022-03-04,XOM,Exxon Mobil,Stock,Validation,13.649208006775456,2.1017149102117805
2022-03-04,2022-03-07,XOM,Exxon Mobil,Stock,Validation,12.530784927430688,2.7179089756166857
2022-03-07,2022-03-08,XOM,Exxon Mobil,Stock,Validation,0.5695957797111666,3.103481261356975
2022-03-08,2022-03-09,XOM,Exxon Mobil,Stock,Validation,34.25348146934486,2.9631951809401347
2022-03-09,2022-03-10,XOM,Exxon Mobil,Stock,Validation,9.345644998687147,4.775857012801991
2022-03-10,2022-03-11,XOM,Exxon Mobil,Stock,Validation,0.2671220735519853,4.780501083270703
2022-03-11,2022-03-14,XOM,Exxon Mobil,Stock,Validation,13.289491212295223,4.7836200112231015
2022-03-14,2022-03-15,XOM,Exxon Mobil,Stock,Validation,34.33508510891853,5.4764630467752164
2022-03-15,2022-03-16,XOM,Exxon Mobil,Stock,Validation,0.1415478800950586,6.898901895923892
2022-03-16,2022-03-17,XOM,Exxon Mobil,Stock,Validation,6.916204121685485,6.804473611714745
2022-03-17,2022-03-18,XOM,Exxon Mobil,Stock,Validation,0.1546896218937905,7.083403648290776
2022-03-18,2022-03-21,XOM,Exxon Mobil,Stock,Validation,19.266285957419814,7.0839262462988755
2022-03-21,2022-03-22,XOM,Exxon Mobil,Stock,Validation,0.1926439955562038,7.988116914436271
2022-03-22,2022-03-23,XOM,Exxon Mobil,Stock,Validation,2.4459253810479735,7.918099958375317
2022-03-23,2022-03-24,XOM,Exxon Mobil,Stock,Validation,0.0901709247291288,7.880835711923277
2022-03-24,2022-03-25,XOM,Exxon Mobil,Stock,Validation,4.662491167540481,7.881287906973187
2022-03-25,2022-03-28,XOM,Exxon Mobil,Stock,Validation,8.095381743516617,7.870607407366914
2022-03-28,2022-03-29,XOM,Exxon Mobil,Stock,Validation,0.2838377121990804,8.156911421645669
2022-03-29,2022-03-30,XOM,Exxon Mobil,Stock,Validation,2.8808407735831016,8.177260162009832
2022-03-30,2022-03-31,XOM,Exxon Mobil,Stock,Validation,2.04649159369966,8.257234429864997
2022-03-31,2022-04-01,XOM,Exxon Mobil,Stock,Validation,0.4091843567785226,8.275582299583423
2022-04-01,2022-04-04,XOM,Exxon Mobil,Stock,Validation,0.0023129671620245,8.276013813395837
2022-04-04,2022-04-05,XOM,Exxon Mobil,Stock,Validation,0.2687390108826779,7.6060158567958736
2022-04-05,2022-04-06,XOM,Exxon Mobil,Stock,Validation,1.2230046113385538,6.9322079725088965
2022-04-06,2022-04-07,XOM,Exxon Mobil,Stock,Validation,2.754954984062147,6.9732311791640145
2022-04-07,2022-04-08,XOM,Exxon Mobil,Stock,Validation,4.338055683568057,5.436332438845249
2022-04-08,2022-04-11,XOM,Exxon Mobil,Stock,Validation,12.276363182888852,5.19618779572472
2022-04-11,2022-04-12,XOM,Exxon Mobil,Stock,Validation,4.266424100766581,5.799857121148658
2022-04-12,2022-04-13,XOM,Exxon Mobil,Stock,Validation,1.9702959876952857,5.3055303754779946
2022-04-13,2022-04-14,XOM,Exxon Mobil,Stock,Validation,1.3645520898182304,3.408011298599189
2022-04-14,2022-04-18,XOM,Exxon Mobil,Stock,Validation,0.6665300323926767,3.377392840335162
2022-04-18,2022-04-19,XOM,Exxon Mobil,Stock,Validation,0.8031458774410609,3.1715054359708312
2022-04-19,2022-04-20,XOM,Exxon Mobil,Stock,Validation,0.0518330868937396,3.230714404482991
2022-04-20,2022-04-21,XOM,Exxon Mobil,Stock,Validation,1.1298127880260769,2.445446244610374
2022-04-21,2022-04-22,XOM,Exxon Mobil,Stock,Validation,4.8723898392267655,2.5115025824688866
2022-04-22,2022-04-25,XOM,Exxon Mobil,Stock,Validation,11.761091858756457,2.7093836117648213
2022-04-25,2022-04-26,XOM,Exxon Mobil,Stock,Validation,0.0013293261267476,3.3020322829678905
2022-04-26,2022-04-27,XOM,Exxon Mobil,Stock,Validation,7.928412114093198,3.0445743163793773
2022-04-27,2022-04-28,XOM,Exxon Mobil,Stock,Validation,8.878798919609073,3.0536044222721466
2022-04-28,2022-04-29,XOM,Exxon Mobil,Stock,Validation,5.1147843851014,3.4174168844758093
2022-04-29,2022-05-02,XOM,Exxon Mobil,Stock,Validation,1.8265185493261495,3.599221598207253
2022-05-02,2022-05-03,XOM,Exxon Mobil,Stock,Validation,4.15772017981428,3.546751428467149
2022-05-03,2022-05-04,XOM,Exxon Mobil,Stock,Validation,15.232356299385668,3.6993861408156112
2022-05-04,2022-05-05,XOM,Exxon Mobil,Stock,Validation,2.3330067866497206,4.316825930547249
2022-05-05,2022-05-06,XOM,Exxon Mobil,Stock,Validation,2.2998231135627796,4.464585525595287
2022-05-06,2022-05-09,XOM,Exxon Mobil,Stock,Validation,67.46252738005438,4.500883338192944
2022-05-09,2022-05-10,XOM,Exxon Mobil,Stock,Validation,0.4367445017326806,7.935634699230687
2022-05-10,2022-05-11,XOM,Exxon Mobil,Stock,Validation,4.2455548362909195,7.731041372433134
2022-05-11,2022-05-12,XOM,Exxon Mobil,Stock,Validation,0.2051693261939156,7.3119065037220805
2022-05-12,2022-05-13,XOM,Exxon Mobil,Stock,Validation,8.545316195352882,7.129115104050112
2022-05-13,2022-05-16,XOM,Exxon Mobil,Stock,Validation,5.404613577314682,7.439100514816536
2022-05-16,2022-05-17,XOM,Exxon Mobil,Stock,Validation,1.6062277507925682,7.61944981001888
2022-05-17,2022-05-18,XOM,Exxon Mobil,Stock,Validation,2.5528121880602157,7.656266116946652
2022-05-18,2022-05-19,XOM,Exxon Mobil,Stock,Validation,0.2905965326398355,7.759150376857394
2022-05-19,2022-05-20,XOM,Exxon Mobil,Stock,Validation,0.6191838858583676,7.76454189762605
2022-05-20,2022-05-23,XOM,Exxon Mobil,Stock,Validation,4.777831858847411,7.690602913003252
2022-05-23,2022-05-24,XOM,Exxon Mobil,Stock,Validation,0.2934930043093921,7.505609075770977
2022-05-24,2022-05-25,XOM,Exxon Mobil,Stock,Validation,3.970810267214617,6.690191360874816
2022-05-25,2022-05-26,XOM,Exxon Mobil,Stock,Validation,0.1242356704192517,6.741828363252289
2022-05-26,2022-05-27,XOM,Exxon Mobil,Stock,Validation,0.9569164237943704,6.533542137028148
2022-05-27,2022-05-31,XOM,Exxon Mobil,Stock,Validation,2.698432049662822,6.263990664156708
2022-05-31,2022-06-01,XOM,Exxon Mobil,Stock,Validation,3.604465398115308,6.10608144436018
2022-06-01,2022-06-02,XOM,Exxon Mobil,Stock,Validation,0.0302461345034844,6.160674182158958
2022-06-02,2022-06-03,XOM,Exxon Mobil,Stock,Validation,2.083391398420978,6.084292767182132
2022-06-03,2022-06-06,XOM,Exxon Mobil,Stock,Validation,0.0638128716265908,5.543955708563732
2022-06-06,2022-06-07,XOM,Exxon Mobil,Stock,Validation,20.081479798931397,5.373390024031262
2022-06-07,2022-06-08,XOM,Exxon Mobil,Stock,Validation,1.3767034826765416,6.099739611949763
2022-06-08,2022-06-09,XOM,Exxon Mobil,Stock,Validation,4.772076256571575,2.0041477189334964
2022-06-09,2022-06-10,XOM,Exxon Mobil,Stock,Validation,3.40160708972915,2.5050919722617713
2022-06-10,2022-06-13,XOM,Exxon Mobil,Stock,Validation,22.066509520495124,2.790124891167812
2022-06-13,2022-06-14,XOM,Exxon Mobil,Stock,Validation,0.0678508505334203,4.203763924284003
2022-06-14,2022-06-15,XOM,Exxon Mobil,Stock,Validation,1.6055801802295933,3.896089549072742
2022-06-15,2022-06-16,XOM,Exxon Mobil,Stock,Validation,14.124187654313111,3.8093925777282918
2022-06-16,2022-06-17,XOM,Exxon Mobil,Stock,Validation,35.27642198859386,4.476644830801286
2022-06-17,2022-06-21,XOM,Exxon Mobil,Stock,Validation,36.45563888284085,6.051720223468436
2022-06-21,2022-06-22,XOM,Exxon Mobil,Stock,Validation,16.30224996048896,7.922213574733296
2022-06-22,2022-06-23,XOM,Exxon Mobil,Stock,Validation,9.379314978147963,8.659503564941097
2022-06-23,2022-06-24,XOM,Exxon Mobil,Stock,Validation,3.857004505888769,8.712724328396888
2022-06-24,2022-06-27,XOM,Exxon Mobil,Stock,Validation,5.8637862179604365,8.95177858656469
2022-06-27,2022-06-28,XOM,Exxon Mobil,Stock,Validation,7.488813235363041,9.062894507734475
2022-06-28,2022-06-29,XOM,Exxon Mobil,Stock,Validation,14.167316032671224,9.506704284712608
2022-06-29,2022-06-30,XOM,Exxon Mobil,Stock,Validation,8.149353379678175,9.990262867849705
2022-06-30,2022-07-01,XOM,Exxon Mobil,Stock,Validation,4.865379268396557,10.200398342613274
2022-07-01,2022-07-05,XOM,Exxon Mobil,Stock,Validation,10.110288453022171,10.27992547509974
2022-07-05,2022-07-06,XOM,Exxon Mobil,Stock,Validation,3.3141982968501957,10.60336430438517
2022-07-06,2022-07-07,XOM,Exxon Mobil,Stock,Validation,9.88541263393604,10.420112037931592
2022-07-07,2022-07-08,XOM,Exxon Mobil,Stock,Validation,0.0264988580983642,11.164872666477176
2022-07-08,2022-07-11,XOM,Exxon Mobil,Stock,Validation,0.26264684969693,9.830127063976764
2022-07-11,2022-07-12,XOM,Exxon Mobil,Stock,Validation,1.7958515586009054,9.62072036216162
2022-07-12,2022-07-13,XOM,Exxon Mobil,Stock,Validation,0.1612437617963876,9.550589838442072
2022-07-13,2022-07-14,XOM,Exxon Mobil,Stock,Validation,4.09698377400553,9.581314406781612
2022-07-14,2022-07-15,XOM,Exxon Mobil,Stock,Validation,2.7884757599360253,8.880956685452793
2022-07-15,2022-07-18,XOM,Exxon Mobil,Stock,Validation,3.343231819335574,9.10773357551914
2022-07-18,2022-07-19,XOM,Exxon Mobil,Stock,Validation,6.1956506724749705,9.360725241686726
2022-07-19,2022-07-20,XOM,Exxon Mobil,Stock,Validation,1.1944023783733793,9.160560295939444
2022-07-20,2022-07-21,XOM,Exxon Mobil,Stock,Validation,2.8349596650723954,7.455033557239119
2022-07-21,2022-07-22,XOM,Exxon Mobil,Stock,Validation,0.5874576322025524,5.762892489756918
2022-07-22,2022-07-25,XOM,Exxon Mobil,Stock,Validation,10.73235873398962,5.016520238170185
2022-07-25,2022-07-26,XOM,Exxon Mobil,Stock,Validation,0.151901389444322,5.015426520746278
2022-07-26,2022-07-27,XOM,Exxon Mobil,Stock,Validation,4.585429323869364,4.878029782951713
2022-07-27,2022-07-28,XOM,Exxon Mobil,Stock,Validation,1.349627990019581,4.8180517405753625
2022-07-28,2022-07-29,XOM,Exxon Mobil,Stock,Validation,20.491863890241753,4.5262830510029195
2022-07-29,2022-08-01,XOM,Exxon Mobil,Stock,Validation,6.554026516322242,4.629968284108577
2022-08-01,2022-08-02,XOM,Exxon Mobil,Stock,Validation,0.1891519006273307,4.536626427304801
2022-08-02,2022-08-03,XOM,Exxon Mobil,Stock,Validation,10.863517638348531,4.409740250016948
2022-08-03,2022-08-04,XOM,Exxon Mobil,Stock,Validation,18.480829263247102,4.451348036864614
2022-08-04,2022-08-05,XOM,Exxon Mobil,Stock,Validation,2.0585140298829967,5.2784546189210735
2022-08-05,2022-08-08,XOM,Exxon Mobil,Stock,Validation,0.3177504436136609,4.917499272578639
2022-08-08,2022-08-09,XOM,Exxon Mobil,Stock,Validation,3.3377696373711427,4.926183309024698
2022-08-09,2022-08-10,XOM,Exxon Mobil,Stock,Validation,0.8927052896997777,5.03037194897477
2022-08-10,2022-08-11,XOM,Exxon Mobil,Stock,Validation,8.132573841239937,4.911644386884771
2022-08-11,2022-08-12,XOM,Exxon Mobil,Stock,Validation,0.748945410069774,5.203694530054416
2022-08-12,2022-08-15,XOM,Exxon Mobil,Stock,Validation,3.2521962429112854,4.8739425044908895
2022-08-15,2022-08-16,XOM,Exxon Mobil,Stock,Validation,0.8759229158873092,5.087449287628915
2022-08-16,2022-08-17,XOM,Exxon Mobil,Stock,Validation,0.6493219107675403,5.074504947789852
2022-08-17,2022-08-18,XOM,Exxon Mobil,Stock,Validation,5.461311018445059,4.846601661414201
2022-08-18,2022-08-19,XOM,Exxon Mobil,Stock,Validation,0.1013676846325226,5.024728955870378
2022-08-19,2022-08-22,XOM,Exxon Mobil,Stock,Validation,0.0055397669581757,4.840914758592261
2022-08-22,2022-08-23,XOM,Exxon Mobil,Stock,Validation,17.277687343071943,4.7845387746266015
2022-08-23,2022-08-24,XOM,Exxon Mobil,Stock,Validation,0.3481999767906016,5.07379352798618
2022-08-24,2022-08-25,XOM,Exxon Mobil,Stock,Validation,0.2662641797613128,5.036973926654037
2022-08-25,2022-08-26,XOM,Exxon Mobil,Stock,Validation,1.5347214865536467,4.895875476632392
2022-08-26,2022-08-29,XOM,Exxon Mobil,Stock,Validation,5.166290488671625,4.992683896971782
2022-08-29,2022-08-30,XOM,Exxon Mobil,Stock,Validation,15.052567397753185,4.283630516429651
2022-08-30,2022-08-31,XOM,Exxon Mobil,Stock,Validation,0.5630719183853471,4.730835957343558
2022-08-31,2022-09-01,XOM,Exxon Mobil,Stock,Validation,3.296893537714977,4.753629363934751
2022-09-01,2022-09-02,XOM,Exxon Mobil,Stock,Validation,3.296893537714934,4.351966823601641
2022-09-02,2022-09-06,XOM,Exxon Mobil,Stock,Validation,0.4512975661636128,3.3858197440902744
2022-09-06,2022-09-07,XOM,Exxon Mobil,Stock,Validation,0.7339699538513537,3.396857559403178
2022-09-07,2022-09-08,XOM,Exxon Mobil,Stock,Validation,0.6635881019412143,3.467369602603682
2022-09-08,2022-09-09,XOM,Exxon Mobil,Stock,Validation,2.7602647093685535,3.3632193038609666
2022-09-09,2022-09-12,XOM,Exxon Mobil,Stock,Validation,1.3079993167364192,3.4361791991164474
2022-09-12,2022-09-13,XOM,Exxon Mobil,Stock,Validation,5.586373680782687,3.139588448941809
2022-09-13,2022-09-14,XOM,Exxon Mobil,Stock,Validation,5.880668944482118,3.427887220613384
2022-09-14,2022-09-15,XOM,Exxon Mobil,Stock,Validation,8.707639090389028,3.48845152570433
2022-09-15,2022-09-16,XOM,Exxon Mobil,Stock,Validation,2.968963399687298,3.9244230492703935
2022-09-16,2022-09-19,XOM,Exxon Mobil,Stock,Validation,0.0001154731977219,4.068752254521204
2022-09-19,2022-09-20,XOM,Exxon Mobil,Stock,Validation,0.6703889987097421,3.7947499403558838
2022-09-20,2022-09-21,XOM,Exxon Mobil,Stock,Validation,2.640650455863135,3.8196068961065657
2022-09-21,2022-09-22,XOM,Exxon Mobil,Stock,Validation,0.1752981316468934,3.932653346227498
2022-09-22,2022-09-23,XOM,Exxon Mobil,Stock,Validation,29.906598364576684,2.9555950671771547
2022-09-23,2022-09-26,XOM,Exxon Mobil,Stock,Validation,4.350267367226942,4.118636244626043
2022-09-26,2022-09-27,XOM,Exxon Mobil,Stock,Validation,4.301719809759325,4.13397382225739
2022-09-27,2022-09-28,XOM,Exxon Mobil,Stock,Validation,12.775334934462183,4.507200584356039
2022-09-28,2022-09-29,XOM,Exxon Mobil,Stock,Validation,0.0411186933608032,4.965616384686521
2022-09-29,2022-09-30,XOM,Exxon Mobil,Stock,Validation,2.4240372968640207,4.39175403909669
2022-09-30,2022-10-03,XOM,Exxon Mobil,Stock,Validation,26.474738537167298,4.451553031044179
2022-10-03,2022-10-04,XOM,Exxon Mobil,Stock,Validation,12.81379680043361,5.795404054899067
2022-10-04,2022-10-05,XOM,Exxon Mobil,Stock,Validation,15.69455792090769,6.281473760621334
2022-10-05,2022-10-06,XOM,Exxon Mobil,Stock,Validation,8.543815509300448,6.999919629873238
2022-10-06,2022-10-07,XOM,Exxon Mobil,Stock,Validation,1.028927117532462,7.279037645988602
2022-10-07,2022-10-10,XOM,Exxon Mobil,Stock,Validation,4.802649969761189,7.359692615003105
2022-10-10,2022-10-11,XOM,Exxon Mobil,Stock,Validation,0.7284496491527443,7.541115180699121
2022-10-11,2022-10-12,XOM,Exxon Mobil,Stock,Validation,0.1916821884415765,7.525426914411495
2022-10-12,2022-10-13,XOM,Exxon Mobil,Stock,Validation,11.800417189953938,7.231688065683092
2022-10-13,2022-10-14,XOM,Exxon Mobil,Stock,Validation,7.107702830622758,7.509852290558115
2022-10-14,2022-10-17,XOM,Exxon Mobil,Stock,Validation,2.0488421902141005,7.423951472426419
2022-10-17,2022-10-18,XOM,Exxon Mobil,Stock,Validation,0.0319497963183417,7.286731513635909
2022-10-18,2022-10-19,XOM,Exxon Mobil,Stock,Validation,8.544673530831268,7.281335234112741
2022-10-19,2022-10-20,XOM,Exxon Mobil,Stock,Validation,0.0181710439732493,7.502030761583467
2022-10-20,2022-10-21,XOM,Exxon Mobil,Stock,Validation,3.3854582107672546,7.266484198987915
2022-10-21,2022-10-24,XOM,Exxon Mobil,Stock,Validation,0.4852823358022938,7.271359525897623
2022-10-24,2022-10-25,XOM,Exxon Mobil,Stock,Validation,0.4592902519717757,5.251813147164125
2022-10-25,2022-10-26,XOM,Exxon Mobil,Stock,Validation,1.3994999924510658,4.9066145407646955
2022-10-26,2022-10-27,XOM,Exxon Mobil,Stock,Validation,0.1458728588282559,4.857937812521605
2022-10-27,2022-10-28,XOM,Exxon Mobil,Stock,Validation,8.33369835045881,4.540917169149997
2022-10-28,2022-10-31,XOM,Exxon Mobil,Stock,Validation,0.0098609386553083,4.651969089078433
2022-10-31,2022-11-01,XOM,Exxon Mobil,Stock,Validation,0.975776670759302,4.349807278860634
2022-11-01,2022-11-02,XOM,Exxon Mobil,Stock,Validation,4.31248235545901,3.505589588861148
2022-11-02,2022-11-03,XOM,Exxon Mobil,Stock,Validation,1.823086619386575,3.5343605807811627
2022-11-03,2022-11-04,XOM,Exxon Mobil,Stock,Validation,1.1733564799316405,2.9989104137698694
2022-11-04,2022-11-07,XOM,Exxon Mobil,Stock,Validation,1.3859373764009957,2.7222887045927706
2022-11-07,2022-11-08,XOM,Exxon Mobil,Stock,Validation,0.1000496822479803,2.628825885370617
2022-11-08,2022-11-09,XOM,Exxon Mobil,Stock,Validation,20.9474440044633,2.2382634634900502
2022-11-09,2022-11-10,XOM,Exxon Mobil,Stock,Validation,2.127343297998244,3.4692085345342276
2022-11-10,2022-11-11,XOM,Exxon Mobil,Stock,Validation,9.452005189595422,3.5122497432218616
2022-11-11,2022-11-14,XOM,Exxon Mobil,Stock,Validation,0.0849779995405042,3.414390368292613
2022-11-14,2022-11-15,XOM,Exxon Mobil,Stock,Validation,0.446391357940159,2.8846048537383764
2022-11-15,2022-11-16,XOM,Exxon Mobil,Stock,Validation,1.1549654247619907,2.854573981138759
2022-11-16,2022-11-17,XOM,Exxon Mobil,Stock,Validation,0.0176243910214657,2.986968379459714
2022-11-17,2022-11-18,XOM,Exxon Mobil,Stock,Validation,0.7578970006045974,2.7034813999695095
2022-11-18,2022-11-21,XOM,Exxon Mobil,Stock,Validation,0.9906264016064884,2.782856208186701
2022-11-21,2022-11-22,XOM,Exxon Mobil,Stock,Validation,8.131708148916816,2.756728244873457
2022-11-22,2022-11-23,XOM,Exxon Mobil,Stock,Validation,0.2504497112527388,3.071387246410814
2022-11-23,2022-11-25,XOM,Exxon Mobil,Stock,Validation,0.1243987591438904,3.054395300770878
2022-11-25,2022-11-28,XOM,Exxon Mobil,Stock,Validation,9.298266767503009,3.0424189005333484
2022-11-28,2022-11-29,XOM,Exxon Mobil,Stock,Validation,0.4390421349438129,3.575149935466784
2022-11-29,2022-11-30,XOM,Exxon Mobil,Stock,Validation,0.5200023029399332,3.199156294992224
2022-11-30,2022-12-01,XOM,Exxon Mobil,Stock,Validation,0.23637064568393,3.221796921183067
2022-12-01,2022-12-02,XOM,Exxon Mobil,Stock,Validation,0.7258912566034259,3.188630745704377
2022-12-02,2022-12-05,XOM,Exxon Mobil,Stock,Validation,7.717871065842218,3.006867578192071
2022-12-05,2022-12-06,XOM,Exxon Mobil,Stock,Validation,7.9465190516920865,3.281269403392564
2022-12-06,2022-12-07,XOM,Exxon Mobil,Stock,Validation,0.0491251196046302,3.5260937841427937
2022-12-07,2022-12-08,XOM,Exxon Mobil,Stock,Validation,0.5478090192740416,3.407958098888634
2022-12-08,2022-12-09,XOM,Exxon Mobil,Stock,Validation,0.7162567935596996,3.4468712720579995
2022-12-09,2022-12-12,XOM,Exxon Mobil,Stock,Validation,5.919372069379439,2.543864052144385
2022-12-12,2022-12-13,XOM,Exxon Mobil,Stock,Validation,1.1825824641267837,2.7509041060413066
2022-12-13,2022-12-14,XOM,Exxon Mobil,Stock,Validation,0.546566154131235,2.297084311181825
2022-12-14,2022-12-15,XOM,Exxon Mobil,Stock,Validation,0.9268672813382652,2.2918246492672227
2022-12-15,2022-12-16,XOM,Exxon Mobil,Stock,Validation,0.4960524908370571,2.26067737363111
2022-12-16,2022-12-19,XOM,Exxon Mobil,Stock,Validation,0.2006291184417826,2.2413731204982623
2022-12-19,2022-12-20,XOM,Exxon Mobil,Stock,Validation,2.059003700565174,2.261616417211421
2022-12-20,2022-12-21,XOM,Exxon Mobil,Stock,Validation,1.6279933225380103,2.3934356407384207
2022-12-21,2022-12-22,XOM,Exxon Mobil,Stock,Validation,4.1535916963180615,2.4663260809062733
2022-12-22,2022-12-23,XOM,Exxon Mobil,Stock,Validation,6.81284417601098,2.1486215328117666
2022-12-23,2022-12-27,XOM,Exxon Mobil,Stock,Validation,1.9039932005168032,2.5654920650527453
2022-12-27,2022-12-28,XOM,Exxon Mobil,Stock,Validation,2.7432153343160555,2.683926090083783
2022-12-28,2022-12-29,XOM,Exxon Mobil,Stock,Validation,0.5681352575938826,2.3694890501812056
2022-12-29,2022-12-30,XOM,Exxon Mobil,Stock,Validation,1.0045885315476497,2.3764928395731406
2022-12-30,2023-01-03,XOM,Exxon Mobil,Stock,Validation,12.225568918207491,2.4021669507933576
2023-01-03,2023-01-04,XOM,Exxon Mobil,Stock,Validation,0.0844629025913051,2.966597714041499
2023-01-04,2023-01-05,XOM,Exxon Mobil,Stock,Validation,4.896238601805736,2.95290330272913
2023-01-05,2023-01-06,XOM,Exxon Mobil,Stock,Validation,1.4434375341356895,2.8192069287048964
2023-01-06,2023-01-09,XOM,Exxon Mobil,Stock,Validation,3.539400817527928,2.4137432892181296
2023-01-09,2023-01-10,XOM,Exxon Mobil,Stock,Validation,2.197670027954752,2.630738919317682
2023-01-10,2023-01-11,XOM,Exxon Mobil,Stock,Validation,1.3363140302683536,2.6958528945299296
2023-01-11,2023-01-12,XOM,Exxon Mobil,Stock,Validation,2.7141766658933206,2.6668928179373013
2023-01-12,2023-01-13,XOM,Exxon Mobil,Stock,Validation,0.0038243976932481,2.5324320501282718
2023-01-13,2023-01-17,XOM,Exxon Mobil,Stock,Validation,0.0378832257942586,2.5059475654697723
2023-01-17,2023-01-18,XOM,Exxon Mobil,Stock,Validation,4.30871865540373,2.465917631012176
2023-01-18,2023-01-19,XOM,Exxon Mobil,Stock,Validation,0.409392816451432,2.663330124554339
2023-01-19,2023-01-20,XOM,Exxon Mobil,Stock,Validation,3.265712590740599,2.624056171988981
2023-01-20,2023-01-23,XOM,Exxon Mobil,Stock,Validation,0.2723283174142836,2.73322913129056
2023-01-23,2023-01-24,XOM,Exxon Mobil,Stock,Validation,0.8590813678522903,2.704572344537236
2023-01-24,2023-01-25,XOM,Exxon Mobil,Stock,Validation,0.2794049808524727,2.675034320412508
2023-01-25,2023-01-26,XOM,Exxon Mobil,Stock,Validation,15.526884556648884,2.4386356285423285
2023-01-26,2023-01-27,XOM,Exxon Mobil,Stock,Validation,3.3952168406793906,2.827721285729227
2023-01-27,2023-01-30,XOM,Exxon Mobil,Stock,Validation,3.2010019426863847,3.0006883231799737
2023-01-30,2023-01-31,XOM,Exxon Mobil,Stock,Validation,4.556111683932763,3.0265736578714963
2023-01-31,2023-02-01,XOM,Exxon Mobil,Stock,Validation,1.2116960692693894,3.1907359165943436
2023-02-01,2023-02-02,XOM,Exxon Mobil,Stock,Validation,10.104734722772648,3.251144089859308
2023-02-02,2023-02-03,XOM,Exxon Mobil,Stock,Validation,0.4766017530599412,3.1388913568031405
2023-02-03,2023-02-06,XOM,Exxon Mobil,Stock,Validation,0.0288648095202779,3.150000919658812
2023-02-06,2023-02-07,XOM,Exxon Mobil,Stock,Validation,7.924763029668045,2.946031942236239
2023-02-07,2023-02-08,XOM,Exxon Mobil,Stock,Validation,0.7638743555797752,3.2463688771894645
2023-02-08,2023-02-09,XOM,Exxon Mobil,Stock,Validation,0.1419463470626288,3.086493295227766
2023-02-09,2023-02-10,XOM,Exxon Mobil,Stock,Validation,17.046306536620214,3.0066077553078445
2023-02-10,2023-02-13,XOM,Exxon Mobil,Stock,Validation,0.1518907904653294,3.7173230192357183
2023-02-13,2023-02-14,XOM,Exxon Mobil,Stock,Validation,1.3885738400598986,3.644996125195282
2023-02-14,2023-02-15,XOM,Exxon Mobil,Stock,Validation,0.0906685112682727,3.73642512450755
2023-02-15,2023-02-16,XOM,Exxon Mobil,Stock,Validation,0.0860525425351802,3.740870583918544
2023-02-16,2023-02-17,XOM,Exxon Mobil,Stock,Validation,15.374562693396864,3.4923894511632154
2023-02-17,2023-02-21,XOM,Exxon Mobil,Stock,Validation,0.0097790216628043,4.3060430326245855
2023-02-21,2023-02-22,XOM,Exxon Mobil,Stock,Validation,1.6998521123668833,4.141227674963895
2023-02-22,2023-02-23,XOM,Exxon Mobil,Stock,Validation,0.8394596766591633,4.20677143508943
2023-02-23,2023-02-24,XOM,Exxon Mobil,Stock,Validation,8.18865654485429e-05,4.205690851171203
2023-02-24,2023-02-27,XOM,Exxon Mobil,Stock,Validation,0.0326717891420669,4.196074900483863
2023-02-27,2023-02-28,XOM,Exxon Mobil,Stock,Validation,0.3370972427477303,3.3528557210227867
2023-02-28,2023-03-01,XOM,Exxon Mobil,Stock,Validation,0.7879889416321126,3.2295200237022605
2023-03-01,2023-03-02,XOM,Exxon Mobil,Stock,Validation,0.2105432556427963,3.1464865238689677
2023-03-02,2023-03-03,XOM,Exxon Mobil,Stock,Validation,1.5819653715543105,2.9096545732751284
2023-03-03,2023-03-06,XOM,Exxon Mobil,Stock,Validation,0.7788922008567986,2.951855456626437
2023-03-06,2023-03-07,XOM,Exxon Mobil,Stock,Validation,3.810191330196451,2.464273228679633
2023-03-07,2023-03-08,XOM,Exxon Mobil,Stock,Validation,2.164485969246934,2.653731547823237
2023-03-08,2023-03-09,XOM,Exxon Mobil,Stock,Validation,0.601977639617722,2.7595119726815627
2023-03-09,2023-03-10,XOM,Exxon Mobil,Stock,Validation,1.5494248424689672,2.348782773020764
2023-03-10,2023-03-13,XOM,Exxon Mobil,Stock,Validation,1.3390329051058578,2.379959219371231
2023-03-13,2023-03-14,XOM,Exxon Mobil,Stock,Validation,0.1404312205303692,2.3993411402243328
2023-03-14,2023-03-15,XOM,Exxon Mobil,Stock,Validation,26.0381387250726,1.407735688433649
2023-03-15,2023-03-16,XOM,Exxon Mobil,Stock,Validation,0.3390548943385345,2.423344895211732
2023-03-16,2023-03-17,XOM,Exxon Mobil,Stock,Validation,1.403953339018218,2.4119617675699887
2023-03-17,2023-03-20,XOM,Exxon Mobil,Stock,Validation,6.6595695472068455,2.4160960985950477
2023-03-20,2023-03-21,XOM,Exxon Mobil,Stock,Validation,19.208845133817334,2.9312440047417954
2023-03-21,2023-03-22,XOM,Exxon Mobil,Stock,Validation,5.3614402003122485,3.4407415430699024
2023-03-22,2023-03-23,XOM,Exxon Mobil,Stock,Validation,1.2873327931391232,3.655622827542241
2023-03-23,2023-03-24,XOM,Exxon Mobil,Stock,Validation,0.0134432069800838,3.639843924056809
2023-03-24,2023-03-27,XOM,Exxon Mobil,Stock,Validation,4.704248500289307,3.5744120161643202
2023-03-27,2023-03-28,XOM,Exxon Mobil,Stock,Validation,1.537353209934921,3.867756339990179
2023-03-28,2023-03-29,XOM,Exxon Mobil,Stock,Validation,2.900674746555332,3.969118002448039
2023-03-29,2023-03-30,XOM,Exxon Mobil,Stock,Validation,0.2354452811627131,4.119155132276513
2023-03-30,2023-03-31,XOM,Exxon Mobil,Stock,Validation,0.0240671936382377,4.089478607838409
2023-03-31,2023-04-03,XOM,Exxon Mobil,Stock,Validation,32.862408763436186,4.07809762913352
2023-04-03,2023-04-04,XOM,Exxon Mobil,Stock,Validation,0.9224093056655198,5.62798929607246
2023-04-04,2023-04-05,XOM,Exxon Mobil,Stock,Validation,2.884071110408032,5.652533444712223
2023-04-05,2023-04-06,XOM,Exxon Mobil,Stock,Validation,2.7962090980373415,5.556120523773341
2023-04-06,2023-04-10,XOM,Exxon Mobil,Stock,Validation,0.197373873446311,5.5921158292901305
2023-04-10,2023-04-11,XOM,Exxon Mobil,Stock,Validation,0.4965661818360204,5.564507234697488
2023-04-11,2023-04-12,XOM,Exxon Mobil,Stock,Validation,0.0108310793636826,5.457900723878499
2023-04-12,2023-04-13,XOM,Exxon Mobil,Stock,Validation,0.2185814707764561,5.3548108142724695
2023-04-13,2023-04-14,XOM,Exxon Mobil,Stock,Validation,0.0583495542779856,5.355233414546872
2023-04-14,2023-04-17,XOM,Exxon Mobil,Stock,Validation,1.3691310860268049,3.786333070601267
2023-04-17,2023-04-18,XOM,Exxon Mobil,Stock,Validation,3.740775372764086,3.874181044640018
2023-04-18,2023-04-19,XOM,Exxon Mobil,Stock,Validation,0.1004335248929464,3.77937994864181
2023-04-19,2023-04-20,XOM,Exxon Mobil,Stock,Validation,0.6416236024293015,3.6495653632578486
2023-04-20,2023-04-21,XOM,Exxon Mobil,Stock,Validation,0.1020481720251524,2.9759465703000996
2023-04-21,2023-04-24,XOM,Exxon Mobil,Stock,Validation,3.4975972860580575,2.5994821538071755
2023-04-24,2023-04-25,XOM,Exxon Mobil,Stock,Validation,2.049252717564886,2.5402211957023066
2023-04-25,2023-04-26,XOM,Exxon Mobil,Stock,Validation,0.8511031577740136,2.7348146679654723
2023-04-26,2023-04-27,XOM,Exxon Mobil,Stock,Validation,1.4119359054093668,2.6934106640224815
2023-04-27,2023-04-28,XOM,Exxon Mobil,Stock,Validation,1.6491139676495905,2.6892803454441427
2023-04-28,2023-05-01,XOM,Exxon Mobil,Stock,Validation,9.924561403045644,2.643595416873715
2023-05-01,2023-05-02,XOM,Exxon Mobil,Stock,Validation,16.540129874393223,3.239546713934451
2023-05-02,2023-05-03,XOM,Exxon Mobil,Stock,Validation,3.9624987414260993,4.11584355518388
2023-05-03,2023-05-04,XOM,Exxon Mobil,Stock,Validation,3.1210047988228884,2.5435568812066665
2023-05-04,2023-05-05,XOM,Exxon Mobil,Stock,Validation,6.047275873990701,2.6238261713453346
2023-05-05,2023-05-08,XOM,Exxon Mobil,Stock,Validation,0.1559236680020951,2.810060649496802
2023-05-08,2023-05-09,XOM,Exxon Mobil,Stock,Validation,0.0007555905775707,2.7403983949732895
2023-05-09,2023-05-10,XOM,Exxon Mobil,Stock,Validation,1.666780328386141,2.7419461428023397
2023-05-10,2023-05-11,XOM,Exxon Mobil,Stock,Validation,3.336061618220377,2.7450792412989746
2023-05-11,2023-05-12,XOM,Exxon Mobil,Stock,Validation,8.928896945380956e-05,2.8482986535711574
2023-05-12,2023-05-15,XOM,Exxon Mobil,Stock,Validation,0.0362971016320799,2.817418492492262
2023-05-15,2023-05-16,XOM,Exxon Mobil,Stock,Validation,6.036339943924847,2.8141163741548016
2023-05-16,2023-05-17,XOM,Exxon Mobil,Stock,Validation,4.922559190163365,2.9879236625744214
2023-05-17,2023-05-18,XOM,Exxon Mobil,Stock,Validation,0.8140173806465726,3.060862118435823
2023-05-18,2023-05-19,XOM,Exxon Mobil,Stock,Validation,0.2136264452046191,3.1515076357905403
2023-05-19,2023-05-22,XOM,Exxon Mobil,Stock,Validation,1.4918860032366394,3.179595001806457
2023-05-22,2023-05-23,XOM,Exxon Mobil,Stock,Validation,1.8308724632256148,3.187703208785774
2023-05-23,2023-05-24,XOM,Exxon Mobil,Stock,Validation,1.2370210744647532,3.0812340815157553
2023-05-24,2023-05-25,XOM,Exxon Mobil,Stock,Validation,3.276574310668177,3.1421465594962084
2023-05-25,2023-05-26,XOM,Exxon Mobil,Stock,Validation,0.429261920021882,3.2314955402320606
2023-05-26,2023-05-30,XOM,Exxon Mobil,Stock,Validation,0.7919473127371662,3.104070314099664
2023-05-30,2023-05-31,XOM,Exxon Mobil,Stock,Validation,3.254247848459503,2.9480806766044454
2023-05-31,2023-06-01,XOM,Exxon Mobil,Stock,Validation,1.3183971799893994,2.687278423400749
2023-06-01,2023-06-02,XOM,Exxon Mobil,Stock,Validation,5.268979569989271,2.126371616379033
2023-06-02,2023-06-05,XOM,Exxon Mobil,Stock,Validation,0.1983753912783399,2.2592530458936944
2023-06-05,2023-06-06,XOM,Exxon Mobil,Stock,Validation,0.6617478480776978,2.116307870686348
2023-06-06,2023-06-07,XOM,Exxon Mobil,Stock,Validation,4.91659525805125,1.8417917981847869
2023-06-07,2023-06-08,XOM,Exxon Mobil,Stock,Validation,0.0984457859407344,2.084860772256866
2023-06-08,2023-06-09,XOM,Exxon Mobil,Stock,Validation,0.5508498127136108,2.0900059137467695
2023-06-09,2023-06-12,XOM,Exxon Mobil,Stock,Validation,0.8233073696033444,2.033518919071922
2023-06-12,2023-06-13,XOM,Exxon Mobil,Stock,Validation,0.0003539150440335,1.9035124085892943
2023-06-13,2023-06-14,XOM,Exxon Mobil,Stock,Validation,1.4637641343269898,1.9033275551178819
2023-06-14,2023-06-15,XOM,Exxon Mobil,Stock,Validation,0.4785560570978009,1.9799410537916586
2023-06-15,2023-06-16,XOM,Exxon Mobil,Stock,Validation,0.518845334265845,1.6771629935262973
2023-06-16,2023-06-20,XOM,Exxon Mobil,Stock,Validation,5.37808830350275,1.4816759964630017
2023-06-20,2023-06-21,XOM,Exxon Mobil,Stock,Validation,1.239478751792322,1.689702707225835
2023-06-21,2023-06-22,XOM,Exxon Mobil,Stock,Validation,0.3028042551934036,1.7490581860350272
2023-06-22,2023-06-23,XOM,Exxon Mobil,Stock,Validation,0.7657395436162255,1.6958020291565403
2023-06-23,2023-06-26,XOM,Exxon Mobil,Stock,Validation,3.3447803638702864,1.6137086254644697
2023-06-26,2023-06-27,XOM,Exxon Mobil,Stock,Validation,0.062003708206157,1.7309506847084464
2023-06-27,2023-06-28,XOM,Exxon Mobil,Stock,Validation,0.6556258005761634,1.5906729270243112
2023-06-28,2023-06-29,XOM,Exxon Mobil,Stock,Validation,1.5027085907544828,1.604248789236894
2023-06-29,2023-06-30,XOM,Exxon Mobil,Stock,Validation,0.264353309899683,1.6250099851116278
2023-06-30,2023-07-03,XOM,Exxon Mobil,Stock,Validation,0.0382635480494284,1.4348533309740055
2023-07-03,2023-07-05,XOM,Exxon Mobil,Stock,Validation,0.2633103770739769,1.3906533894168602
2023-07-05,2023-07-06,XOM,Exxon Mobil,Stock,Validation,14.4669003009162,1.1736150226492807
2023-07-06,2023-07-07,XOM,Exxon Mobil,Stock,Validation,0.0542503033059223,1.8774853559284932
2023-07-07,2023-07-10,XOM,Exxon Mobil,Stock,Validation,2.167523494899883,1.8400140004529608
2023-07-10,2023-07-11,XOM,Exxon Mobil,Stock,Validation,1.4768371594192222,1.6911011181261604
2023-07-11,2023-07-12,XOM,Exxon Mobil,Stock,Validation,0.2396048274503192,1.7806826770735735
2023-07-12,2023-07-13,XOM,Exxon Mobil,Stock,Validation,3.415606031108839,1.7736685763728381
2023-07-13,2023-07-14,XOM,Exxon Mobil,Stock,Validation,12.280438346414924,1.8974059901536677
2023-07-14,2023-07-17,XOM,Exxon Mobil,Stock,Validation,0.1891869293903149,2.4519535674058726
2023-07-17,2023-07-18,XOM,Exxon Mobil,Stock,Validation,0.2068224083976752,2.4233385832695773
2023-07-18,2023-07-19,XOM,Exxon Mobil,Stock,Validation,0.477819326606293,2.3866352344088346
2023-07-19,2023-07-20,XOM,Exxon Mobil,Stock,Validation,3.0488976576905453,2.4121528538129065
2023-07-20,2023-07-21,XOM,Exxon Mobil,Stock,Validation,0.2144701675023722,2.3220806396415385
2023-07-21,2023-07-24,XOM,Exxon Mobil,Stock,Validation,2.42354098971705,2.2718964394740166
2023-07-24,2023-07-25,XOM,Exxon Mobil,Stock,Validation,0.0229571817873695,2.3671694380258095
2023-07-25,2023-07-26,XOM,Exxon Mobil,Stock,Validation,0.3134353527327695,2.3171266852528136
2023-07-26,2023-07-27,XOM,Exxon Mobil,Stock,Validation,0.0983056478274174,2.187837448692073
2023-07-27,2023-07-28,XOM,Exxon Mobil,Stock,Validation,1.4458400935989613,2.1894078076200496
2023-07-28,2023-07-31,XOM,Exxon Mobil,Stock,Validation,8.49200617889558,2.2272189825356485
2023-07-31,2023-08-01,XOM,Exxon Mobil,Stock,Validation,0.3361723009018409,2.5794117353384363
2023-08-01,2023-08-02,XOM,Exxon Mobil,Stock,Validation,1.5757074262726134,2.5827830182147204
2023-08-02,2023-08-03,XOM,Exxon Mobil,Stock,Validation,2.9691812271793228,2.650572772625291
2023-08-03,2023-08-04,XOM,Exxon Mobil,Stock,Validation,0.0782171232364362,2.7956834767288816
2023-08-04,2023-08-07,XOM,Exxon Mobil,Stock,Validation,0.0420339878141245,2.0327369553190935
2023-08-07,2023-08-08,XOM,Exxon Mobil,Stock,Validation,0.2432545362093636,2.0405939622621116
2023-08-08,2023-08-09,XOM,Exxon Mobil,Stock,Validation,2.8372008894388863,1.9600078593045143
2023-08-09,2023-08-10,XOM,Exxon Mobil,Stock,Validation,0.2599301049258994,2.0211071424155613
2023-08-10,2023-08-11,XOM,Exxon Mobil,Stock,Validation,2.3744260386746108,2.0217997471479743
2023-08-11,2023-08-14,XOM,Exxon Mobil,Stock,Validation,0.0064691498388058,1.8882988573965083
2023-08-14,2023-08-15,XOM,Exxon Mobil,Stock,Validation,6.764450320232369,1.1289321901976896
2023-08-15,2023-08-16,XOM,Exxon Mobil,Stock,Validation,2.8798570798628806,1.5850242464193334
2023-08-16,2023-08-17,XOM,Exxon Mobil,Stock,Validation,3.6812761683586985,1.7581250170588276
2023-08-17,2023-08-18,XOM,Exxon Mobil,Stock,Validation,2.2547712852970143,1.879362638631385
2023-08-18,2023-08-21,XOM,Exxon Mobil,Stock,Validation,1.478710942056367,1.8479850075241024
2023-08-21,2023-08-22,XOM,Exxon Mobil,Stock,Validation,0.3166355370274032,1.9607000249856767
2023-08-22,2023-08-23,XOM,Exxon Mobil,Stock,Validation,0.7791479264008784,1.89867046693409
2023-08-23,2023-08-24,XOM,Exxon Mobil,Stock,Validation,0.5616522797949527,1.9498504879130063
2023-08-24,2023-08-25,XOM,Exxon Mobil,Stock,Validation,3.135706427112598,1.9641598851501716
2023-08-25,2023-08-28,XOM,Exxon Mobil,Stock,Validation,0.7008009093307479,2.097037963479573
2023-08-28,2023-08-29,XOM,Exxon Mobil,Stock,Validation,0.3524510022547446,2.0162239296970053
2023-08-29,2023-08-30,XOM,Exxon Mobil,Stock,Validation,0.9403256843831044,1.657255271135477
2023-08-30,2023-08-31,XOM,Exxon Mobil,Stock,Validation,0.0779505640112978,1.658248173491933
2023-08-31,2023-09-01,XOM,Exxon Mobil,Stock,Validation,4.300861618912308,1.5431618292143106
2023-09-01,2023-09-05,XOM,Exxon Mobil,Stock,Validation,7.767010491660544e-05,1.5989837855310554
2023-09-05,2023-09-06,XOM,Exxon Mobil,Stock,Validation,0.7387331677159712,1.6034398144114346
2023-09-06,2023-09-07,XOM,Exxon Mobil,Stock,Validation,0.240332964781211,1.6033954480556047
2023-09-07,2023-09-08,XOM,Exxon Mobil,Stock,Validation,2.091715231606113,1.6356621817780528
2023-09-08,2023-09-11,XOM,Exxon Mobil,Stock,Validation,1.593004021835052,1.6055434705838756
2023-09-11,2023-09-12,XOM,Exxon Mobil,Stock,Validation,8.266847353129087,1.71696429071579
2023-09-12,2023-09-13,XOM,Exxon Mobil,Stock,Validation,0.8058861171802291,1.9792662440475293
2023-09-13,2023-09-14,XOM,Exxon Mobil,Stock,Validation,3.1349119223770434,2.0437589728372774
2023-09-14,2023-09-15,XOM,Exxon Mobil,Stock,Validation,2.3948453637476965,1.7173733599369503
2023-09-15,2023-09-18,XOM,Exxon Mobil,Stock,Validation,0.6436232171385041,1.686558400150163
2023-09-18,2023-09-19,XOM,Exxon Mobil,Stock,Validation,0.0696189195737823,1.5811303962318473
2023-09-19,2023-09-20,XOM,Exxon Mobil,Stock,Validation,0.6332990502789468,1.5332209245007513
2023-09-20,2023-09-21,XOM,Exxon Mobil,Stock,Validation,2.0134241843207037,1.4776937997291015
2023-09-21,2023-09-22,XOM,Exxon Mobil,Stock,Validation,0.0245672659634537,1.5886559520912964
2023-09-22,2023-09-25,XOM,Exxon Mobil,Stock,Validation,1.245596667473026,1.5187621710513997
2023-09-25,2023-09-26,XOM,Exxon Mobil,Stock,Validation,0.0239480235550739,1.4823297586498032
2023-09-26,2023-09-27,XOM,Exxon Mobil,Stock,Validation,10.264656989504962,1.3888866306025425
2023-09-27,2023-09-28,XOM,Exxon Mobil,Stock,Validation,0.3710821770567933,1.7718375819123047
2023-09-28,2023-09-29,XOM,Exxon Mobil,Stock,Validation,2.542895305130671,1.824507408771161
2023-09-29,2023-10-02,XOM,Exxon Mobil,Stock,Validation,2.7967905840358496,1.9919363250732753
2023-10-02,2023-10-03,XOM,Exxon Mobil,Stock,Validation,0.0298679724647254,2.173333464159595
2023-10-03,2023-10-04,XOM,Exxon Mobil,Stock,Validation,14.515369463717402,1.986624223356248
2023-10-04,2023-10-05,XOM,Exxon Mobil,Stock,Validation,5.184025280774862,2.7142999463034214
2023-10-05,2023-10-06,XOM,Exxon Mobil,Stock,Validation,2.8357668726048,2.8861974238277397
2023-10-06,2023-10-09,XOM,Exxon Mobil,Stock,Validation,11.828666384784295,2.984491609978256
2023-10-09,2023-10-10,XOM,Exxon Mobil,Stock,Validation,0.1803051746358068,3.520099827108317
2023-10-10,2023-10-11,XOM,Exxon Mobil,Stock,Validation,13.331101462769483,3.4643111951237175
2023-10-11,2023-10-12,XOM,Exxon Mobil,Stock,Validation,0.0003528560514698,3.513434092416059
2023-10-12,2023-10-13,XOM,Exxon Mobil,Stock,Validation,9.881407105278749,3.5124611246793997
2023-10-13,2023-10-16,XOM,Exxon Mobil,Stock,Validation,0.0052943899110951,3.9038182520820692
2023-10-16,2023-10-17,XOM,Exxon Mobil,Stock,Validation,1.693091933393124,3.8365621397830054
2023-10-17,2023-10-18,XOM,Exxon Mobil,Stock,Validation,1.934233863527379,3.9025983663910586
2023-10-18,2023-10-19,XOM,Exxon Mobil,Stock,Validation,0.0038377139594661,4.03232410783096
2023-10-19,2023-10-20,XOM,Exxon Mobil,Stock,Validation,2.9977317513589803,4.01463900239188
2023-10-20,2023-10-23,XOM,Exxon Mobil,Stock,Validation,2.1853236530113955,4.059237638582442
2023-10-23,2023-10-24,XOM,Exxon Mobil,Stock,Validation,0.9471275166430329,4.135534672271513
2023-10-24,2023-10-25,XOM,Exxon Mobil,Stock,Validation,0.0339845766103632,4.061525874138694
2023-10-25,2023-10-26,XOM,Exxon Mobil,Stock,Validation,0.8387924262405912,4.063009878944648
2023-10-26,2023-10-27,XOM,Exxon Mobil,Stock,Validation,3.700196400252746,3.4148875746798124
2023-10-27,2023-10-30,XOM,Exxon Mobil,Stock,Validation,0.0974383537274241,3.5079180409305373
2023-10-30,2023-10-31,XOM,Exxon Mobil,Stock,Validation,0.0008034012871342,3.4894716860930997
2023-10-31,2023-11-01,XOM,Exxon Mobil,Stock,Validation,0.0394435236440885,3.425291189019346
2023-11-01,2023-11-02,XOM,Exxon Mobil,Stock,Validation,10.445513662908205,3.409811050328808
2023-11-02,2023-11-03,XOM,Exxon Mobil,Stock,Validation,1.5041258524370078,3.3970431857091485
2023-11-03,2023-11-06,XOM,Exxon Mobil,Stock,Validation,3.1970068762970576,3.2212594844843006
2023-11-06,2023-11-07,XOM,Exxon Mobil,Stock,Validation,2.4976322815523715,3.238742596069084
2023-11-07,2023-11-08,XOM,Exxon Mobil,Stock,Validation,1.5273956763939045,2.683025410804619
2023-11-08,2023-11-09,XOM,Exxon Mobil,Stock,Validation,0.0008486767044932,2.724706664496275
2023-11-09,2023-11-10,XOM,Exxon Mobil,Stock,Validation,0.5842518634226941,2.1495219635098737
2023-11-10,2023-11-13,XOM,Exxon Mobil,Stock,Validation,1.0922389472539782,2.189828221113282
2023-11-13,2023-11-14,XOM,Exxon Mobil,Stock,Validation,0.1476908906729868,1.7140271721848817
2023-11-14,2023-11-15,XOM,Exxon Mobil,Stock,Validation,0.367146968945979,1.727868174359335
2023-11-15,2023-11-16,XOM,Exxon Mobil,Stock,Validation,1.3557782803641594,1.6131820659681353
2023-11-16,2023-11-17,XOM,Exxon Mobil,Stock,Validation,5.811384486099712,1.4922810824905077
2023-11-17,2023-11-20,XOM,Exxon Mobil,Stock,Validation,0.192910823359806,1.8683605968641661
2023-11-20,2023-11-21,XOM,Exxon Mobil,Stock,Validation,0.0014661427492189,1.7640678114944788
2023-11-21,2023-11-22,XOM,Exxon Mobil,Stock,Validation,0.1863742139592881,1.6855679511231365
2023-11-22,2023-11-24,XOM,Exxon Mobil,Stock,Validation,0.2883109684893312,1.656517384443039
2023-11-24,2023-11-27,XOM,Exxon Mobil,Stock,Validation,0.3422725001529179,1.6743351007617853
2023-11-27,2023-11-28,XOM,Exxon Mobil,Stock,Validation,0.0033338292789289,1.6537570727135353
2023-11-28,2023-11-29,XOM,Exxon Mobil,Stock,Validation,2.288642979475154,1.483114447065169
2023-11-29,2023-11-30,XOM,Exxon Mobil,Stock,Validation,0.1521707429872873,1.5789628476991515
2023-11-30,2023-12-01,XOM,Exxon Mobil,Stock,Validation,0.0590739257210778,1.5910763963394339
2023-12-01,2023-12-04,XOM,Exxon Mobil,Stock,Validation,0.2972758562242562,1.595950887057916
2023-12-04,2023-12-05,XOM,Exxon Mobil,Stock,Validation,3.8491375585116994,1.0252476566827433
2023-12-05,2023-12-06,XOM,Exxon Mobil,Stock,Validation,1.7769211086065737,1.1222716481746005
2023-12-06,2023-12-07,XOM,Exxon Mobil,Stock,Validation,0.4880999047789793,1.0640841959941554
2023-12-07,2023-12-08,XOM,Exxon Mobil,Stock,Validation,1.3032639946406075,0.9856387500303263
2023-12-08,2023-12-11,XOM,Exxon Mobil,Stock,Validation,0.0049417356133166,1.0153860037853588
2023-12-11,2023-12-12,XOM,Exxon Mobil,Stock,Validation,2.5234643121301663,1.0160627011352001
2023-12-12,2023-12-13,XOM,Exxon Mobil,Stock,Validation,0.7803809004376314,1.0730918046163613
2023-12-13,2023-12-14,XOM,Exxon Mobil,Stock,Validation,7.0411505799701,1.0537862947291488
2023-12-14,2023-12-15,XOM,Exxon Mobil,Stock,Validation,0.451152181753403,1.4391700068083926
2023-12-15,2023-12-18,XOM,Exxon Mobil,Stock,Validation,0.548422359850728,1.4425356007214387
2023-12-18,2023-12-19,XOM,Exxon Mobil,Stock,Validation,1.7152055455502175,1.4180076037420615
2023-12-19,2023-12-20,XOM,Exxon Mobil,Stock,Validation,2.8364292925859056,1.2061509368322292
2023-12-20,2023-12-21,XOM,Exxon Mobil,Stock,Validation,0.2053841113902707,1.3234039376370115
2023-12-21,2023-12-22,XOM,Exxon Mobil,Stock,Validation,0.0312580345242354,1.3403728240192798
2023-12-22,2023-12-26,XOM,Exxon Mobil,Stock,Validation,0.0508114961110918,1.3394090055919157
2023-12-26,2023-12-27,XOM,Exxon Mobil,Stock,Validation,0.2218750011898424,1.3242770969268887
2023-12-27,2023-12-28,XOM,Exxon Mobil,Stock,Validation,2.121559056211343,1.3195027078011439
2023-12-28,2023-12-29,XOM,Exxon Mobil,Stock,Validation,0.0440254251863489,1.4058529518970533
2023-12-29,2024-01-02,XOM,Exxon Mobil,Stock,Test,5.534674531519829,1.3121404828452106
2024-01-02,2024-01-03,XOM,Exxon Mobil,Stock,Test,0.6999987599158933,1.5938984428234446
2024-01-03,2024-01-04,XOM,Exxon Mobil,Stock,Test,0.7669384229262414,1.6261531117055334
2024-01-04,2024-01-05,XOM,Exxon Mobil,Stock,Test,0.0915130673100219,1.6497272257936468
2024-01-05,2024-01-08,XOM,Exxon Mobil,Stock,Test,2.8231169860049565,1.450795939980821
2024-01-08,2024-01-09,XOM,Exxon Mobil,Stock,Test,1.553357777646604,1.506384936946871
2024-01-09,2024-01-10,XOM,Exxon Mobil,Stock,Test,0.9763571835421756,1.5636536617444148
2024-01-10,2024-01-11,XOM,Exxon Mobil,Stock,Test,0.0004112294862463,1.549308503126739
2024-01-11,2024-01-12,XOM,Exxon Mobil,Stock,Test,1.6612881101750376,1.5486882222813756
2024-01-12,2024-01-16,XOM,Exxon Mobil,Stock,Test,5.230744262867156,1.4989952557195791
2024-01-16,2024-01-17,XOM,Exxon Mobil,Stock,Test,0.5320942463863358,1.7265561187871419
2024-01-17,2024-01-18,XOM,Exxon Mobil,Stock,Test,0.0345104032190725,1.3536981355098245
2024-01-18,2024-01-19,XOM,Exxon Mobil,Stock,Test,0.023972534138695,1.3430267209606526
2024-01-19,2024-01-22,XOM,Exxon Mobil,Stock,Test,0.0180012461863367,1.3044171374442786
2024-01-22,2024-01-23,XOM,Exxon Mobil,Stock,Test,1.2533049487738892,1.1820454492776356
2024-01-23,2024-01-24,XOM,Exxon Mobil,Stock,Test,2.928718384436542,1.1666528906031925
2024-01-24,2024-01-25,XOM,Exxon Mobil,Stock,Test,6.292227587068953,1.319265966039583
2024-01-25,2024-01-26,XOM,Exxon Mobil,Stock,Test,0.7195284416478255,1.6428643235587377
2024-01-26,2024-01-29,XOM,Exxon Mobil,Stock,Test,0.0159071804435263,1.6747369945103496
2024-01-29,2024-01-30,XOM,Exxon Mobil,Stock,Test,2.7358399157343825,1.6612052678965514
2024-01-30,2024-01-31,XOM,Exxon Mobil,Stock,Test,3.860484196694644,1.647616633320127
2024-01-31,2024-02-01,XOM,Exxon Mobil,Stock,Test,0.1675678241345345,1.8690994824183924
2024-02-01,2024-02-02,XOM,Exxon Mobil,Stock,Test,0.168948175407892,1.6192920919682514
2024-02-02,2024-02-05,XOM,Exxon Mobil,Stock,Test,0.1703523916738926,1.5892071071640563
2024-02-05,2024-02-06,XOM,Exxon Mobil,Stock,Test,0.4719003780195013,1.5615537220783824
2024-02-06,2024-02-07,XOM,Exxon Mobil,Stock,Test,0.0008610848382383,1.581604050660694
2024-02-07,2024-02-08,XOM,Exxon Mobil,Stock,Test,2.8815019388683067,1.4369183852461183
2024-02-08,2024-02-09,XOM,Exxon Mobil,Stock,Test,4.574102592776803,1.4647495270816566
2024-02-09,2024-02-12,XOM,Exxon Mobil,Stock,Test,1.8667479587158533,1.6646269936039886
2024-02-12,2024-02-13,XOM,Exxon Mobil,Stock,Test,0.7475512795049083,1.7330751428432216
2024-02-13,2024-02-14,XOM,Exxon Mobil,Stock,Test,0.2446465012532336,1.7220800943192967
2024-02-14,2024-02-15,XOM,Exxon Mobil,Stock,Test,7.984197299469423,1.445440685236008
2024-02-15,2024-02-16,XOM,Exxon Mobil,Stock,Test,0.0,1.718567817265677
2024-02-16,2024-02-20,XOM,Exxon Mobil,Stock,Test,0.9010784534311044,1.7099894884059652
2024-02-20,2024-02-21,XOM,Exxon Mobil,Stock,Test,4.0932171570968015,1.7921589339920136
2024-02-21,2024-02-22,XOM,Exxon Mobil,Stock,Test,0.0073717920065775,1.9156451179679024
2024-02-22,2024-02-23,XOM,Exxon Mobil,Stock,Test,0.7780765698505422,1.9009323860434495
2024-02-23,2024-02-26,XOM,Exxon Mobil,Stock,Test,0.1552952542378451,1.8723233114469167
2024-02-26,2024-02-27,XOM,Exxon Mobil,Stock,Test,0.0446319891900996,1.6061205415471882
2024-02-27,2024-02-28,XOM,Exxon Mobil,Stock,Test,0.0774912650961037,1.584735966165494
2024-02-28,2024-02-29,XOM,Exxon Mobil,Stock,Test,0.0366859254166942,1.5863679206558505
2024-02-29,2024-03-01,XOM,Exxon Mobil,Stock,Test,1.575076421767782,1.460750001549282
2024-03-01,2024-03-04,XOM,Exxon Mobil,Stock,Test,1.9830427937010189,1.3124450661675398
2024-03-04,2024-03-05,XOM,Exxon Mobil,Stock,Test,1.4861094082519346,1.4190589842615071
2024-03-05,2024-03-06,XOM,Exxon Mobil,Stock,Test,1.1320565323680274,1.45661653421454
2024-03-06,2024-03-07,XOM,Exxon Mobil,Stock,Test,0.3140333133179027,1.4681404635562565
2024-03-07,2024-03-08,XOM,Exxon Mobil,Stock,Test,0.8766174523559271,1.4637874791438859
2024-03-08,2024-03-11,XOM,Exxon Mobil,Stock,Test,0.3466542451134401,1.4786347453012554
2024-03-11,2024-03-12,XOM,Exxon Mobil,Stock,Test,0.4149360884282136,1.384744052796158
2024-03-12,2024-03-13,XOM,Exxon Mobil,Stock,Test,1.2340526736642723,1.1311287153098473
2024-03-13,2024-03-14,XOM,Exxon Mobil,Stock,Test,3.0824623070406023,1.1080499914152115
2024-03-14,2024-03-15,XOM,Exxon Mobil,Stock,Test,0.0322526950560113,1.1222633927294008
2024-03-15,2024-03-18,XOM,Exxon Mobil,Stock,Test,0.8490424482114055,1.097115045094623
2024-03-18,2024-03-19,XOM,Exxon Mobil,Stock,Test,0.4914075456654346,0.8209714997654031
2024-03-19,2024-03-20,XOM,Exxon Mobil,Stock,Test,0.0078266865418838,0.8178730401815211
2024-03-20,2024-03-21,XOM,Exxon Mobil,Stock,Test,0.194958016382,0.7360342666185765
2024-03-21,2024-03-22,XOM,Exxon Mobil,Stock,Test,0.0,0.6067154435867457
2024-03-22,2024-03-25,XOM,Exxon Mobil,Stock,Test,1.0341467866092235,0.6030918358492159
2024-03-25,2024-03-26,XOM,Exxon Mobil,Stock,Test,0.5669186428903793,0.5349269064227962
2024-03-26,2024-03-27,XOM,Exxon Mobil,Stock,Test,1.0643210103736032,0.6064671124227548
2024-03-27,2024-03-28,XOM,Exxon Mobil,Stock,Test,1.2068661531381342,0.6019477955965067
2024-03-28,2024-04-01,XOM,Exxon Mobil,Stock,Test,0.4136655161378668,0.6177607083982835
2024-04-01,2024-04-02,XOM,Exxon Mobil,Stock,Test,3.7578392612996447,0.612855506834509
2024-04-02,2024-04-03,XOM,Exxon Mobil,Stock,Test,0.0002808444969021,0.6841971510114011
2024-04-03,2024-04-04,XOM,Exxon Mobil,Stock,Test,0.1235033697217814,0.4991065585654068
2024-04-04,2024-04-05,XOM,Exxon Mobil,Stock,Test,1.873640706465442,0.48446224544431316
2024-04-05,2024-04-08,XOM,Exxon Mobil,Stock,Test,0.4595715230583722,0.5031584519231501
2024-04-08,2024-04-09,XOM,Exxon Mobil,Stock,Test,0.2717017358947939,0.5823603646792155
2024-04-09,2024-04-10,XOM,Exxon Mobil,Stock,Test,0.7025665414017789,0.57458711103508
2024-04-10,2024-04-11,XOM,Exxon Mobil,Stock,Test,0.1129396851130543,0.5789757923332859
2024-04-11,2024-04-12,XOM,Exxon Mobil,Stock,Test,1.3754753660468733,0.546906333379009
2024-04-12,2024-04-15,XOM,Exxon Mobil,Stock,Test,0.3304944887621428,0.6690210601948358
2024-04-15,2024-04-16,XOM,Exxon Mobil,Stock,Test,0.6899669651247294,0.6232240782593799
2024-04-16,2024-04-17,XOM,Exxon Mobil,Stock,Test,0.0025573114752492,0.6771327880509503
2024-04-17,2024-04-18,XOM,Exxon Mobil,Stock,Test,0.0086047376226808,0.6624391117262836
2024-04-18,2024-04-19,XOM,Exxon Mobil,Stock,Test,1.3017940170340914,0.6575257108673316
2024-04-19,2024-04-22,XOM,Exxon Mobil,Stock,Test,0.3199171755686033,0.6911693293832324
2024-04-22,2024-04-23,XOM,Exxon Mobil,Stock,Test,0.1514042505913666,0.6938834665862001
2024-04-23,2024-04-24,XOM,Exxon Mobil,Stock,Test,0.0002730064819647,0.6898956694455877
2024-04-24,2024-04-25,XOM,Exxon Mobil,Stock,Test,0.0533863286659759,0.6664619430955142
2024-04-25,2024-04-26,XOM,Exxon Mobil,Stock,Test,7.934721259404946,0.6130274400855074
2024-04-26,2024-04-29,XOM,Exxon Mobil,Stock,Test,1.9998066963252712,1.0388638138218305
2024-04-29,2024-04-30,XOM,Exxon Mobil,Stock,Test,1.3264158224234444,1.0744155906108044
2024-04-30,2024-05-01,XOM,Exxon Mobil,Stock,Test,3.656236287799289,1.137023860598609
2024-05-01,2024-05-02,XOM,Exxon Mobil,Stock,Test,0.0326938795603856,1.116592923502473
2024-05-02,2024-05-03,XOM,Exxon Mobil,Stock,Test,0.0427119952933342,1.120307610025275
2024-05-03,2024-05-06,XOM,Exxon Mobil,Stock,Test,0.4153371037433262,1.1086207761869458
2024-05-06,2024-05-07,XOM,Exxon Mobil,Stock,Test,0.2480344199708588,1.0235686615007018
2024-05-07,2024-05-08,XOM,Exxon Mobil,Stock,Test,0.0002961834795247,1.016239135467322
2024-05-08,2024-05-09,XOM,Exxon Mobil,Stock,Test,3.8118592571090657,0.9924888130208167
2024-05-09,2024-05-10,XOM,Exxon Mobil,Stock,Test,0.1649052172220546,1.1674910751714818
2024-05-10,2024-05-13,XOM,Exxon Mobil,Stock,Test,0.0017964340727656,1.1690356266280013
2024-05-13,2024-05-14,XOM,Exxon Mobil,Stock,Test,0.3662577079961445,1.1145092014323483
2024-05-14,2024-05-15,XOM,Exxon Mobil,Stock,Test,0.593485326256506,1.1245849460276136
2024-05-15,2024-05-16,XOM,Exxon Mobil,Stock,Test,0.3606659292681444,1.1204032540447502
2024-05-16,2024-05-17,XOM,Exxon Mobil,Stock,Test,2.2215605478811105,1.1394643313669603
2024-05-17,2024-05-20,XOM,Exxon Mobil,Stock,Test,0.6627020527714398,1.2428902888134814
2024-05-20,2024-05-21,XOM,Exxon Mobil,Stock,Test,0.4808160014314164,1.2181227873958416
2024-05-21,2024-05-22,XOM,Exxon Mobil,Stock,Test,4.1270195655800945,1.221161505164764
2024-05-22,2024-05-23,XOM,Exxon Mobil,Stock,Test,2.960637550523526,1.3891101450747283
2024-05-23,2024-05-24,XOM,Exxon Mobil,Stock,Test,0.0062928867773009,1.4978043110938577
2024-05-24,2024-05-28,XOM,Exxon Mobil,Stock,Test,1.591735146206689,1.4869104123262369
2024-05-28,2024-05-29,XOM,Exxon Mobil,Stock,Test,1.1591941077839631,1.245377486608617
2024-05-29,2024-05-30,XOM,Exxon Mobil,Stock,Test,0.1000587252589005,1.166582617109023
2024-05-30,2024-05-31,XOM,Exxon Mobil,Stock,Test,7.999313709535895,1.130507669655716
2024-05-31,2024-06-03,XOM,Exxon Mobil,Stock,Test,5.883434985296392,1.3591008997988883
2024-06-03,2024-06-04,XOM,Exxon Mobil,Stock,Test,2.456975057429629,1.6585915627520442
2024-06-04,2024-06-05,XOM,Exxon Mobil,Stock,Test,0.1588864138858937,1.770081438263731
2024-06-05,2024-06-06,XOM,Exxon Mobil,Stock,Test,0.5603931049321318,1.7546519900179578
2024-06-06,2024-06-07,XOM,Exxon Mobil,Stock,Test,1.15824307773501,1.7805177191580572
2024-06-07,2024-06-10,XOM,Exxon Mobil,Stock,Test,0.0854081871782915,1.830182634373159
2024-06-10,2024-06-11,XOM,Exxon Mobil,Stock,Test,0.6528667248316303,1.6202063876182204
2024-06-11,2024-06-12,XOM,Exxon Mobil,Stock,Test,1.2356948074728105,1.6369047092566604
2024-06-12,2024-06-13,XOM,Exxon Mobil,Stock,Test,0.6488851012668689,1.6743704316829962
2024-06-13,2024-06-14,XOM,Exxon Mobil,Stock,Test,0.720370067010592,1.6482043989825885
2024-06-14,2024-06-17,XOM,Exxon Mobil,Stock,Test,0.4757461364955722,1.5966180218901385
2024-06-17,2024-06-18,XOM,Exxon Mobil,Stock,Test,0.8777907282306546,1.5988181819294556
2024-06-18,2024-06-20,XOM,Exxon Mobil,Stock,Test,4.5568238083522,1.5087241253891877
2024-06-20,2024-06-21,XOM,Exxon Mobil,Stock,Test,0.7760035363068707,1.8086235334868221
2024-06-21,2024-06-24,XOM,Exxon Mobil,Stock,Test,8.568037236701356,1.8179266763814763
2024-06-24,2024-06-25,XOM,Exxon Mobil,Stock,Test,0.0785050121476886,2.1279427856440685
2024-06-25,2024-06-26,XOM,Exxon Mobil,Stock,Test,0.0012229063657308,1.9861764921315648
2024-06-26,2024-06-27,XOM,Exxon Mobil,Stock,Test,0.1826322398686493,1.9854810766434348
2024-06-27,2024-06-28,XOM,Exxon Mobil,Stock,Test,0.0365951748253842,1.9168214003345188
2024-06-28,2024-07-01,XOM,Exxon Mobil,Stock,Test,0.0193440539873466,1.8566534418619085
2024-07-01,2024-07-02,XOM,Exxon Mobil,Stock,Test,0.4635053524664793,1.854949060499712
2024-07-02,2024-07-03,XOM,Exxon Mobil,Stock,Test,0.2567362776039459,1.4629991610343966
2024-07-03,2024-07-05,XOM,Exxon Mobil,Stock,Test,1.485016878332174,1.1983590272645146
2024-07-05,2024-07-08,XOM,Exxon Mobil,Stock,Test,1.1134610710679695,1.1490219690119816
2024-07-08,2024-07-09,XOM,Exxon Mobil,Stock,Test,1.235489144387932,1.1960062225757049
2024-07-09,2024-07-10,XOM,Exxon Mobil,Stock,Test,0.7734728356398072,1.2141315517335989
2024-07-10,2024-07-11,XOM,Exxon Mobil,Stock,Test,1.3956025019342913,1.2108805188097667
2024-07-11,2024-07-12,XOM,Exxon Mobil,Stock,Test,0.0003113495978033,1.2776363401445736
2024-07-12,2024-07-15,XOM,Exxon Mobil,Stock,Test,2.8839644001019753,1.2427948209629336
2024-07-15,2024-07-16,XOM,Exxon Mobil,Stock,Test,0.5152984959722973,1.293352679359218
2024-07-16,2024-07-17,XOM,Exxon Mobil,Stock,Test,1.8752826243293448,1.2536856172553794
2024-07-17,2024-07-18,XOM,Exxon Mobil,Stock,Test,0.9628122726921008,1.2436382898007676
2024-07-18,2024-07-19,XOM,Exxon Mobil,Stock,Test,5.404656903889748,1.2014491061927324
2024-07-19,2024-07-22,XOM,Exxon Mobil,Stock,Test,0.4783612413122017,1.545328151352463
2024-07-22,2024-07-23,XOM,Exxon Mobil,Stock,Test,2.6463116374705145,1.402283430644401
2024-07-23,2024-07-24,XOM,Exxon Mobil,Stock,Test,1.962666808051827,1.5055206803450119
2024-07-24,2024-07-25,XOM,Exxon Mobil,Stock,Test,4.336106932288121,1.1868895788716274
2024-07-25,2024-07-26,XOM,Exxon Mobil,Stock,Test,0.0072587390794483,1.3848437081836609
2024-07-26,2024-07-29,XOM,Exxon Mobil,Stock,Test,1.1106049253382966,1.3866220128164817
2024-07-29,2024-07-30,XOM,Exxon Mobil,Stock,Test,3.123151586475208,1.4455727565927678
2024-07-30,2024-07-31,XOM,Exxon Mobil,Stock,Test,0.1258658440803877,1.5861901534945326
2024-07-31,2024-08-01,XOM,Exxon Mobil,Stock,Test,1.9392328753785617,1.5847859796737471
2024-08-01,2024-08-02,XOM,Exxon Mobil,Stock,Test,0.0035847133736595,1.6679027884771405
2024-08-02,2024-08-05,XOM,Exxon Mobil,Stock,Test,3.3188043530663753,1.6609479682859383
2024-08-05,2024-08-06,XOM,Exxon Mobil,Stock,Test,0.2840043659085542,1.75702854041808
2024-08-06,2024-08-07,XOM,Exxon Mobil,Stock,Test,1.7494709973511535,1.711853758529791
2024-08-07,2024-08-08,XOM,Exxon Mobil,Stock,Test,3.5812880060508543,1.7031643461408634
2024-08-08,2024-08-09,XOM,Exxon Mobil,Stock,Test,0.6577400873059673,1.8209309930806818
2024-08-09,2024-08-12,XOM,Exxon Mobil,Stock,Test,0.0159114310721818,1.7928760568059616
2024-08-12,2024-08-13,XOM,Exxon Mobil,Stock,Test,0.9266006217509803,1.7911344842754275
2024-08-13,2024-08-14,XOM,Exxon Mobil,Stock,Test,0.8474482420599342,1.7389376075281393
2024-08-14,2024-08-15,XOM,Exxon Mobil,Stock,Test,0.3803763613360792,1.753251906845795
2024-08-15,2024-08-16,XOM,Exxon Mobil,Stock,Test,0.223518781225101,1.686034997062259
2024-08-16,2024-08-19,XOM,Exxon Mobil,Stock,Test,0.0925261529153968,1.6559745011608236
2024-08-19,2024-08-20,XOM,Exxon Mobil,Stock,Test,11.487173003589668,1.3705299587007933
2024-08-20,2024-08-21,XOM,Exxon Mobil,Stock,Test,0.4085297170529365,1.9408856589861816
2024-08-21,2024-08-22,XOM,Exxon Mobil,Stock,Test,0.5928672205768343,1.8257267864956006
2024-08-22,2024-08-23,XOM,Exxon Mobil,Stock,Test,1.8943387277903536,1.7598616285661923
2024-08-23,2024-08-26,XOM,Exxon Mobil,Stock,Test,4.4861710741753935,1.638462771007119
2024-08-26,2024-08-27,XOM,Exxon Mobil,Stock,Test,0.9132637125563284,1.8524019308685726
2024-08-27,2024-08-28,XOM,Exxon Mobil,Stock,Test,0.9813414525344352,1.8415507340484667
2024-08-28,2024-08-29,XOM,Exxon Mobil,Stock,Test,1.883161419372247,1.7446334476092287
2024-08-29,2024-08-30,XOM,Exxon Mobil,Stock,Test,0.0259134561059499,1.8329611182627663
2024-08-30,2024-09-03,XOM,Exxon Mobil,Stock,Test,4.479652566392232,1.731260298641
2024-09-03,2024-09-04,XOM,Exxon Mobil,Stock,Test,1.509507228251071,1.9611012477775827
2024-09-04,2024-09-05,XOM,Exxon Mobil,Stock,Test,0.6136194101983781,1.8709619718904704
2024-09-05,2024-09-06,XOM,Exxon Mobil,Stock,Test,0.2203601269525432,1.8875096082724094
2024-09-06,2024-09-09,XOM,Exxon Mobil,Stock,Test,4.335636054327193,1.8028174779745623
2024-09-09,2024-09-10,XOM,Exxon Mobil,Stock,Test,13.772827368133685,1.8421312177922888
2024-09-10,2024-09-11,XOM,Exxon Mobil,Stock,Test,0.9951350698227552,2.4132016914608934
2024-09-11,2024-09-12,XOM,Exxon Mobil,Stock,Test,1.8682662547175877,2.42601450311219
2024-09-12,2024-09-13,XOM,Exxon Mobil,Stock,Test,0.0051761268140034,2.5413461354961577
2024-09-13,2024-09-16,XOM,Exxon Mobil,Stock,Test,1.9425272221826393,2.473313075189088
2024-09-16,2024-09-17,XOM,Exxon Mobil,Stock,Test,1.679100379812111,2.5721105999176537
2024-09-17,2024-09-18,XOM,Exxon Mobil,Stock,Test,0.1223058457433444,2.681264326322371
2024-09-18,2024-09-19,XOM,Exxon Mobil,Stock,Test,1.5170255028898083,2.683493259941785
2024-09-19,2024-09-20,XOM,Exxon Mobil,Stock,Test,0.3985401755937995,2.208724331337029
2024-09-20,2024-09-23,XOM,Exxon Mobil,Stock,Test,3.2288442350941713,2.208178590124742
2024-09-23,2024-09-24,XOM,Exxon Mobil,Stock,Test,0.0699582554701739,2.33140511202322
2024-09-24,2024-09-25,XOM,Exxon Mobil,Stock,Test,3.869504929687248,2.251484763289806
2024-09-25,2024-09-26,XOM,Exxon Mobil,Stock,Test,2.9976352510917965,2.193086919660368
2024-09-26,2024-09-27,XOM,Exxon Mobil,Stock,Test,6.980603841576672,2.283093530913425
2024-09-27,2024-09-30,XOM,Exxon Mobil,Stock,Test,1.443650595439869,2.6249005599834154
2024-09-30,2024-10-01,XOM,Exxon Mobil,Stock,Test,5.2238563897815835,2.602365612692745
2024-10-01,2024-10-02,XOM,Exxon Mobil,Stock,Test,1.734641133462374,2.8570207084505777
2024-10-02,2024-10-03,XOM,Exxon Mobil,Stock,Test,0.75429480194022,2.6643421308787207
2024-10-03,2024-10-04,XOM,Exxon Mobil,Stock,Test,3.308438786745309,2.5651122267434
2024-10-04,2024-10-07,XOM,Exxon Mobil,Stock,Test,0.1863159739520824,2.594461432937543
2024-10-07,2024-10-08,XOM,Exxon Mobil,Stock,Test,7.247138374298773,2.548749699282296
2024-10-08,2024-10-09,XOM,Exxon Mobil,Stock,Test,0.0016775637037946,2.883479344887108
2024-10-09,2024-10-10,XOM,Exxon Mobil,Stock,Test,0.7333279762593454,2.0553953182123346
2024-10-10,2024-10-11,XOM,Exxon Mobil,Stock,Test,0.1451267217721863,1.9486201307325164
2024-10-11,2024-10-14,XOM,Exxon Mobil,Stock,Test,0.1440272719995485,1.9143213347829449
2024-10-14,2024-10-15,XOM,Exxon Mobil,Stock,Test,9.316164807719687,1.898091683652598
2024-10-15,2024-10-16,XOM,Exxon Mobil,Stock,Test,0.0661825814989119,2.452691764862322
2024-10-16,2024-10-17,XOM,Exxon Mobil,Stock,Test,0.06618258149891,2.401912976731622
2024-10-17,2024-10-18,XOM,Exxon Mobil,Stock,Test,0.0800390740955572,2.4141847332712283
2024-10-18,2024-10-21,XOM,Exxon Mobil,Stock,Test,0.0034000825803546,2.372308243900178
2024-10-21,2024-10-22,XOM,Exxon Mobil,Stock,Test,0.2652234065505566,2.340258790470079
2024-10-22,2024-10-23,XOM,Exxon Mobil,Stock,Test,0.1273741657619044,2.2131201249525274
2024-10-23,2024-10-24,XOM,Exxon Mobil,Stock,Test,0.3214861110485509,2.21720530585585
2024-10-24,2024-10-25,XOM,Exxon Mobil,Stock,Test,0.0069967255859247,2.017043585051307
2024-10-25,2024-10-28,XOM,Exxon Mobil,Stock,Test,0.2450239839472421,1.8287684835095022
2024-10-28,2024-10-29,XOM,Exxon Mobil,Stock,Test,1.8819422268412576,1.554627873941587
2024-10-29,2024-10-30,XOM,Exxon Mobil,Stock,Test,0.2543690824301391,1.5929367986071068
2024-10-30,2024-10-31,XOM,Exxon Mobil,Stock,Test,0.0059442597683844,1.3266098892215221
2024-10-31,2024-11-01,XOM,Exxon Mobil,Stock,Test,2.4947045032629225,1.2203432762276594
2024-11-01,2024-11-04,XOM,Exxon Mobil,Stock,Test,9.824214285742787,1.2467162526639564
2024-11-04,2024-11-05,XOM,Exxon Mobil,Stock,Test,0.0868230547222403,1.6086418958608941
2024-11-05,2024-11-06,XOM,Exxon Mobil,Stock,Test,2.891087204139015,1.6002884580249521
2024-11-06,2024-11-07,XOM,Exxon Mobil,Stock,Test,0.0153476456898726,1.4463219736067232
2024-11-07,2024-11-08,XOM,Exxon Mobil,Stock,Test,0.0010903676528655,1.4473270646296486
2024-11-08,2024-11-11,XOM,Exxon Mobil,Stock,Test,0.2807303014567044,1.4055586206090644
2024-11-11,2024-11-12,XOM,Exxon Mobil,Stock,Test,0.009933695062044,1.4031542367948928
2024-11-12,2024-11-13,XOM,Exxon Mobil,Stock,Test,0.8580608761728621,1.3900316625725169
2024-11-13,2024-11-14,XOM,Exxon Mobil,Stock,Test,0.0044063217166123,0.9872648086893333
2024-11-14,2024-11-15,XOM,Exxon Mobil,Stock,Test,1.0862668474911674,0.9849312208800229
2024-11-15,2024-11-18,XOM,Exxon Mobil,Stock,Test,0.6966465464491908,1.037217366456433
2024-11-18,2024-11-19,XOM,Exxon Mobil,Stock,Test,1.97748434524012,1.065337711816614
2024-11-19,2024-11-20,XOM,Exxon Mobil,Stock,Test,2.0009767545313166,1.1663834436399778
2024-11-20,2024-11-21,XOM,Exxon Mobil,Stock,Test,1.7668008056140092,1.2529429680480773
2024-11-21,2024-11-22,XOM,Exxon Mobil,Stock,Test,0.0131977087608995,1.3241064225596768
2024-11-22,2024-11-25,XOM,Exxon Mobil,Stock,Test,2.2669688553833445,1.3034922284935972
2024-11-25,2024-11-26,XOM,Exxon Mobil,Stock,Test,2.8262428583169283,1.429561458516249
2024-11-26,2024-11-27,XOM,Exxon Mobil,Stock,Test,0.0692350353565158,1.5621593158974623
2024-11-27,2024-11-29,XOM,Exxon Mobil,Stock,Test,0.0648509386535674,1.4684223320052718
2024-11-29,2024-12-02,XOM,Exxon Mobil,Stock,Test,0.0087062337311233,1.4534478202231482
2024-12-02,2024-12-03,XOM,Exxon Mobil,Stock,Test,0.0233649061905325,1.4550592324511225
2024-12-03,2024-12-04,XOM,Exxon Mobil,Stock,Test,8.545424042329422,1.3148910409546675
2024-12-04,2024-12-05,XOM,Exxon Mobil,Stock,Test,0.1905975596228818,1.254650521502833
2024-12-05,2024-12-06,XOM,Exxon Mobil,Stock,Test,1.1231477244538492,1.2617514915755295
2024-12-06,2024-12-09,XOM,Exxon Mobil,Stock,Test,0.3500979897109252,1.1189579397280291
2024-12-09,2024-12-10,XOM,Exxon Mobil,Stock,Test,0.0415836182367366,1.1156710669314747
2024-12-10,2024-12-11,XOM,Exxon Mobil,Stock,Test,0.4460915428491121,1.1125526270526376
2024-12-11,2024-12-12,XOM,Exxon Mobil,Stock,Test,0.0079894636122667,1.1165642889479728
2024-12-12,2024-12-13,XOM,Exxon Mobil,Stock,Test,0.7748784435847714,1.1167872642332421
2024-12-13,2024-12-16,XOM,Exxon Mobil,Stock,Test,4.671667218445348,1.0486550650828803
2024-12-16,2024-12-17,XOM,Exxon Mobil,Stock,Test,0.1806095357558612,1.1817307318794343
2024-12-17,2024-12-18,XOM,Exxon Mobil,Stock,Test,2.1994139011241214,1.1666017514546456
2024-12-18,2024-12-19,XOM,Exxon Mobil,Stock,Test,0.7374811598710697,1.1191342734711305
2024-12-19,2024-12-20,XOM,Exxon Mobil,Stock,Test,0.1160200723676507,1.0884023329427694
2024-12-20,2024-12-23,XOM,Exxon Mobil,Stock,Test,0.1643056981600476,0.9314704045832058
2024-12-23,2024-12-24,XOM,Exxon Mobil,Stock,Test,0.0088403572739603,0.7930267865321639
2024-12-24,2024-12-26,XOM,Exxon Mobil,Stock,Test,0.0071484233153482,0.8063516129263357
2024-12-26,2024-12-27,XOM,Exxon Mobil,Stock,Test,8.826441078203117e-05,0.7896367359360099
2024-12-27,2024-12-30,XOM,Exxon Mobil,Stock,Test,0.4603296362325914,0.736559067954188
2024-12-30,2024-12-31,XOM,Exxon Mobil,Stock,Test,2.879619218344818,0.7354352875755741
2024-12-31,2025-01-02,XOM,Exxon Mobil,Stock,Test,0.0585638392290695,0.9444523819414758
2025-01-02,2025-01-03,XOM,Exxon Mobil,Stock,Test,0.2613556593077848,0.9403640405058272
2025-01-03,2025-01-06,XOM,Exxon Mobil,Stock,Test,0.0123919446074002,0.9808414970123656
2025-01-06,2025-01-07,XOM,Exxon Mobil,Stock,Test,0.870637585272338,0.6519250968226455
2025-01-07,2025-01-08,XOM,Exxon Mobil,Stock,Test,2.8484365903060427,0.6992731555555914
2025-01-08,2025-01-10,XOM,Exxon Mobil,Stock,Test,0.1335125153494982,0.7684619228871947
2025-01-10,2025-01-13,XOM,Exxon Mobil,Stock,Test,6.494590543023452,0.7640027488155361
2025-01-13,2025-01-14,XOM,Exxon Mobil,Stock,Test,0.1541914261404841,1.1446103075595724
2025-01-14,2025-01-15,XOM,Exxon Mobil,Stock,Test,2.618772394262247,1.1427196662092935
2025-01-15,2025-01-16,XOM,Exxon Mobil,Stock,Test,0.0290814562081245,1.2824592275833195
2025-01-16,2025-01-17,XOM,Exxon Mobil,Stock,Test,0.7997612163921038,1.2449082640141014
2025-01-17,2025-01-21,XOM,Exxon Mobil,Stock,Test,0.5770515463025772,1.022793443538302
2025-01-21,2025-01-22,XOM,Exxon Mobil,Stock,Test,3.082512723150412,1.0479071097861803
2025-01-22,2025-01-23,XOM,Exxon Mobil,Stock,Test,0.3186162042107038,1.0959791466527125
2025-01-23,2025-01-24,XOM,Exxon Mobil,Stock,Test,1.8548739497468496,1.0506911271062447
2025-01-24,2025-01-27,XOM,Exxon Mobil,Stock,Test,1.9046373893727233,1.1656242557173626
2025-01-27,2025-01-28,XOM,Exxon Mobil,Stock,Test,3.811453958364767,1.2383049919674298
2025-01-28,2025-01-29,XOM,Exxon Mobil,Stock,Test,0.3380519401332544,1.4533106804740419
2025-01-29,2025-01-30,XOM,Exxon Mobil,Stock,Test,0.6802681598373748,1.4656489067909302
2025-01-30,2025-01-31,XOM,Exxon Mobil,Stock,Test,6.413456597005024,1.4899513935692328
2025-01-31,2025-02-03,XOM,Exxon Mobil,Stock,Test,0.0590870001796604,1.8046791359585335
2025-02-03,2025-02-04,XOM,Exxon Mobil,Stock,Test,6.994448552974387,1.6655890287641923
2025-02-04,2025-02-05,XOM,Exxon Mobil,Stock,Test,0.0052960727983373,1.9986902464201073
2025-02-05,2025-02-06,XOM,Exxon Mobil,Stock,Test,1.764691276195059,1.9918593450422653
2025-02-06,2025-02-07,XOM,Exxon Mobil,Stock,Test,0.1792222844606091,2.086701145535057
2025-02-07,2025-02-10,XOM,Exxon Mobil,Stock,Test,3.580314258848349,2.0530612845677707
2025-02-10,2025-02-11,XOM,Exxon Mobil,Stock,Test,0.3954185014424102,2.0569485069849347
2025-02-11,2025-02-12,XOM,Exxon Mobil,Stock,Test,9.332217605015732,2.050132679398183
2025-02-12,2025-02-13,XOM,Exxon Mobil,Stock,Test,0.5241222218150566,2.2427403001423416
2025-02-13,2025-02-14,XOM,Exxon Mobil,Stock,Test,0.0103398257407984,2.26239620555834
2025-02-14,2025-02-18,XOM,Exxon Mobil,Stock,Test,3.0280485197514317,2.1223873029349574
2025-02-18,2025-02-19,XOM,Exxon Mobil,Stock,Test,0.0210722342641978,2.2826214285325483
2025-02-19,2025-02-20,XOM,Exxon Mobil,Stock,Test,2.33936653906249,2.241725899693722
2025-02-20,2025-02-21,XOM,Exxon Mobil,Stock,Test,1.3842302371155684,2.3274406257229616
2025-02-21,2025-02-24,XOM,Exxon Mobil,Stock,Test,0.2731220705767858,2.2379636445702986
2025-02-24,2025-02-25,XOM,Exxon Mobil,Stock,Test,1.9423614902985809,2.2360721824515237
2025-02-25,2025-02-26,XOM,Exxon Mobil,Stock,Test,0.0606933263105299,2.240731736191438
2025-02-26,2025-02-27,XOM,Exxon Mobil,Stock,Test,0.3948633634735531,2.1567224236566593
2025-02-27,2025-02-28,XOM,Exxon Mobil,Stock,Test,1.1354338239173614,1.9670379642232199
2025-02-28,2025-03-03,XOM,Exxon Mobil,Stock,Test,10.62245823825418,1.9998368993244715
2025-03-03,2025-03-04,XOM,Exxon Mobil,Stock,Test,0.0417654017355827,2.521582365850471
2025-03-04,2025-03-05,XOM,Exxon Mobil,Stock,Test,3.889161579684737,2.198686949254236
2025-03-05,2025-03-06,XOM,Exxon Mobil,Stock,Test,4.187961152243724,2.394888082271079
2025-03-06,2025-03-07,XOM,Exxon Mobil,Stock,Test,1.6704929999662526,2.2518248747828045
2025-03-07,2025-03-10,XOM,Exxon Mobil,Stock,Test,6.340492843624371,2.3388417329834708
2025-03-10,2025-03-11,XOM,Exxon Mobil,Stock,Test,5.710624424190553,2.5304869355319126
2025-03-11,2025-03-12,XOM,Exxon Mobil,Stock,Test,0.0007551353437694,2.8411438293075753
2025-03-12,2025-03-13,XOM,Exxon Mobil,Stock,Test,0.1784375503632896,2.6637958900828367
2025-03-13,2025-03-14,XOM,Exxon Mobil,Stock,Test,8.578996977664554,2.646403456949438
2025-03-14,2025-03-17,XOM,Exxon Mobil,Stock,Test,2.7177001765575826,2.5757121418683875
2025-03-17,2025-03-18,XOM,Exxon Mobil,Stock,Test,0.0111408710483065,2.6650792971491684
2025-03-18,2025-03-19,XOM,Exxon Mobil,Stock,Test,2.3887118441452233,2.670025962511077
2025-03-19,2025-03-20,XOM,Exxon Mobil,Stock,Test,0.1794986552829015,2.6424800222546776
2025-03-20,2025-03-21,XOM,Exxon Mobil,Stock,Test,0.1195213270884681,2.644017990325644
2025-03-21,2025-03-24,XOM,Exxon Mobil,Stock,Test,0.0672861632145839,2.568876074841337
2025-03-24,2025-03-25,XOM,Exxon Mobil,Stock,Test,0.4622619567682923,2.4770787021519567
2025-03-25,2025-03-26,XOM,Exxon Mobil,Stock,Test,2.046796979229232,2.483096536183381
2025-03-26,2025-03-27,XOM,Exxon Mobil,Stock,Test,0.1035732168407119,2.4065122956923233
2025-03-27,2025-03-28,XOM,Exxon Mobil,Stock,Test,0.0184408466622157,2.4113361137747225
2025-03-28,2025-03-31,XOM,Exxon Mobil,Stock,Test,1.0284494923755163,2.418122880979862
2025-03-31,2025-04-01,XOM,Exxon Mobil,Stock,Test,0.0085454980655898,2.414397617887563
2025-04-01,2025-04-02,XOM,Exxon Mobil,Stock,Test,0.0969118474801689,1.7515595699993263
2025-04-02,2025-04-03,XOM,Exxon Mobil,Stock,Test,29.1769222262905,1.7593593174473199
2025-04-03,2025-04-04,XOM,Exxon Mobil,Stock,Test,55.76507882035851,3.156575962339732
2025-04-04,2025-04-07,XOM,Exxon Mobil,Stock,Test,1.8247910491044264,5.810722290583682
2025-04-07,2025-04-08,XOM,Exxon Mobil,Stock,Test,4.539341475596256,5.762841403336868
2025-04-08,2025-04-09,XOM,Exxon Mobil,Stock,Test,23.72657076027682,5.494303979612849
2025-04-09,2025-04-10,XOM,Exxon Mobil,Stock,Test,32.58189889405993,6.628714080723837
2025-04-10,2025-04-11,XOM,Exxon Mobil,Stock,Test,9.996533445206769,8.096369773561268
2025-04-11,2025-04-14,XOM,Exxon Mobil,Stock,Test,0.058606831135532,8.707000780483344
2025-04-14,2025-04-15,XOM,Exxon Mobil,Stock,Test,0.078894531206361,8.196966959118262
2025-04-15,2025-04-16,XOM,Exxon Mobil,Stock,Test,1.1060314912659035,7.98349038818043
2025-04-16,2025-04-17,XOM,Exxon Mobil,Stock,Test,6.689843268785426,8.089266359510235
2025-04-17,2025-04-21,XOM,Exxon Mobil,Stock,Test,2.188274909055909,8.344777727909904
2025-04-21,2025-04-22,XOM,Exxon Mobil,Stock,Test,7.62707306849045,8.367354035626883
2025-04-22,2025-04-23,XOM,Exxon Mobil,Stock,Test,0.7437886260746787,8.860965850050155
2025-04-23,2025-04-24,XOM,Exxon Mobil,Stock,Test,1.361136009450996,8.857410340073223
2025-04-24,2025-04-25,XOM,Exxon Mobil,Stock,Test,0.0030517421428164,8.919310114348544
2025-04-25,2025-04-28,XOM,Exxon Mobil,Stock,Test,0.0030517421428147,8.761829199940667
2025-04-28,2025-04-29,XOM,Exxon Mobil,Stock,Test,0.0619302699767945,8.771830204494792
2025-04-29,2025-04-30,XOM,Exxon Mobil,Stock,Test,6.511001362181447,8.769570024658353
2025-04-30,2025-05-01,XOM,Exxon Mobil,Stock,Test,0.020137782469321,8.87260114696971
2025-05-01,2025-05-02,XOM,Exxon Mobil,Stock,Test,0.164579847019839,8.87596840351657
2025-05-02,2025-05-05,XOM,Exxon Mobil,Stock,Test,7.880071654483036,8.918449367374965
2025-05-05,2025-05-06,XOM,Exxon Mobil,Stock,Test,1.9176148452197328,7.974625491596639
2025-05-06,2025-05-07,XOM,Exxon Mobil,Stock,Test,0.0091302283950002,5.45391283283471
2025-05-07,2025-05-08,XOM,Exxon Mobil,Stock,Test,1.9210229940717731,5.357261977488191
2025-05-08,2025-05-09,XOM,Exxon Mobil,Stock,Test,1.3508445469289676,5.169953911035215
2025-05-09,2025-05-12,XOM,Exxon Mobil,Stock,Test,2.9216576763583726,4.108944337975358
2025-05-12,2025-05-13,XOM,Exxon Mobil,Stock,Test,0.0753257214472857,2.444885541506193
2025-05-13,2025-05-14,XOM,Exxon Mobil,Stock,Test,0.8087990305108186,2.0504411811242096
2025-05-14,2025-05-15,XOM,Exxon Mobil,Stock,Test,1.0179460225771195,2.117173815335752
2025-05-15,2025-05-16,XOM,Exxon Mobil,Stock,Test,0.1294769316252909,2.1306484251644813
2025-05-16,2025-05-19,XOM,Exxon Mobil,Stock,Test,2.568213161272506,2.1180483377869654
2025-05-19,2025-05-20,XOM,Exxon Mobil,Stock,Test,2.0676392167850652,1.9636229118398272
2025-05-20,2025-05-21,XOM,Exxon Mobil,Stock,Test,1.5295773757975455,1.957489571777471
2025-05-21,2025-05-22,XOM,Exxon Mobil,Stock,Test,0.4460422054433824,1.6247617610625427
2025-05-22,2025-05-23,XOM,Exxon Mobil,Stock,Test,0.0033930073499247,1.6129919693178985
2025-05-23,2025-05-27,XOM,Exxon Mobil,Stock,Test,0.2251053135776819,1.5249328830960063
2025-05-27,2025-05-28,XOM,Exxon Mobil,Stock,Test,1.8807541402695391,1.5464052072049592
2025-05-28,2025-05-29,XOM,Exxon Mobil,Stock,Test,0.3208148288268527,1.6093146079790255
2025-05-29,2025-05-30,XOM,Exxon Mobil,Stock,Test,0.1447797827201709,1.6411467774807087
2025-05-30,2025-06-02,XOM,Exxon Mobil,Stock,Test,0.5335740356955079,1.3576989110135416
2025-06-02,2025-06-03,XOM,Exxon Mobil,Stock,Test,0.5258634820325794,1.3889540970814431
2025-06-03,2025-06-04,XOM,Exxon Mobil,Stock,Test,2.118846976498427,1.4093583459953263
2025-06-04,2025-06-05,XOM,Exxon Mobil,Stock,Test,0.2120610548357643,1.1258193522819482
2025-06-05,2025-06-06,XOM,Exxon Mobil,Stock,Test,5.606879386332896,1.0321979352737005
2025-06-06,2025-06-09,XOM,Exxon Mobil,Stock,Test,0.4476914454444003,1.3195985228196183
2025-06-09,2025-06-10,XOM,Exxon Mobil,Stock,Test,4.497887554601992,1.2467266687665186
2025-06-10,2025-06-11,XOM,Exxon Mobil,Stock,Test,3.7268612743598686,1.402464695384013
2025-06-11,2025-06-12,XOM,Exxon Mobil,Stock,Test,0.1470680623479772,1.4417309427205076
2025-06-12,2025-06-13,XOM,Exxon Mobil,Stock,Test,4.642700462737805,1.4447424144750136
2025-06-13,2025-06-16,XOM,Exxon Mobil,Stock,Test,0.1027639925905876,1.597314337272751
2025-06-16,2025-06-17,XOM,Exxon Mobil,Stock,Test,1.801775750494501,1.5642506667092084
2025-06-17,2025-06-18,XOM,Exxon Mobil,Stock,Test,0.5084520574246115,1.6123649159771065
2025-06-18,2025-06-20,XOM,Exxon Mobil,Stock,Test,1.7561952534876757,1.4853360169298995
2025-06-20,2025-06-23,XOM,Exxon Mobil,Stock,Test,6.8357916569806685,1.3710533672425442
2025-06-23,2025-06-24,XOM,Exxon Mobil,Stock,Test,9.548287708816655,1.6901282101922948
2025-06-24,2025-06-25,XOM,Exxon Mobil,Stock,Test,0.0007670845204274,2.217844890794102
2025-06-25,2025-06-26,XOM,Exxon Mobil,Stock,Test,2.201702968750701,2.2184510024102524
2025-06-26,2025-06-27,XOM,Exxon Mobil,Stock,Test,0.3092908985941045,2.2905674679671666
2025-06-27,2025-06-30,XOM,Exxon Mobil,Stock,Test,2.1171554933664427,2.1868759223753655
2025-06-30,2025-07-01,XOM,Exxon Mobil,Stock,Test,1.7608118977517329,2.33316854577426
2025-07-01,2025-07-02,XOM,Exxon Mobil,Stock,Test,2.7005511768884594,2.367543501378001
2025-07-02,2025-07-03,XOM,Exxon Mobil,Stock,Test,1.061411389640536,2.4453755053792494
2025-07-03,2025-07-07,XOM,Exxon Mobil,Stock,Test,0.9530224641401988,2.4610694121344787
2025-07-07,2025-07-08,XOM,Exxon Mobil,Stock,Test,7.476379656832527,2.384466580832032
2025-07-08,2025-07-09,XOM,Exxon Mobil,Stock,Test,0.1170466705577473,2.597702009782034
2025-07-09,2025-07-10,XOM,Exxon Mobil,Stock,Test,0.9762877248427048,2.4535602770560465
2025-07-10,2025-07-11,XOM,Exxon Mobil,Stock,Test,0.1884432056768263,2.4664634476076053
2025-07-11,2025-07-14,XOM,Exxon Mobil,Stock,Test,1.7339067305133982,2.3170264301323633
2025-07-14,2025-07-15,XOM,Exxon Mobil,Stock,Test,0.7930599156443217,2.306362099330314
2025-07-15,2025-07-16,XOM,Exxon Mobil,Stock,Test,0.3649041663803321,2.359858213566495
2025-07-16,2025-07-17,XOM,Exxon Mobil,Stock,Test,0.2592560591175566,2.165377499751988
2025-07-17,2025-07-18,XOM,Exxon Mobil,Stock,Test,12.573637647691552,2.1719503304935506
2025-07-18,2025-07-21,XOM,Exxon Mobil,Stock,Test,0.0673335203176918,2.6366193397670363
2025-07-21,2025-07-22,XOM,Exxon Mobil,Stock,Test,0.2047260375217103,2.638338185839756
2025-07-22,2025-07-23,XOM,Exxon Mobil,Stock,Test,1.6192647729976963,2.5396369504744043
2025-07-23,2025-07-24,XOM,Exxon Mobil,Stock,Test,0.6072559246789074,2.3450124545239217
2025-07-24,2025-07-25,XOM,Exxon Mobil,Stock,Test,0.1243539908548022,1.8924044573434728
2025-07-25,2025-07-28,XOM,Exxon Mobil,Stock,Test,0.8791316542021632,1.9022894349421573
2025-07-28,2025-07-29,XOM,Exxon Mobil,Stock,Test,1.6483737812218229,1.840277560488411
2025-07-29,2025-07-30,XOM,Exxon Mobil,Stock,Test,0.7603116693207513,1.887694973853834
2025-07-30,2025-07-31,XOM,Exxon Mobil,Stock,Test,0.0541157255497904,1.8102977809736576
2025-07-31,2025-08-01,XOM,Exxon Mobil,Stock,Test,3.267829705521806,1.7468937581249804
2025-08-01,2025-08-04,XOM,Exxon Mobil,Stock,Test,4.377038013377133,1.7826148710284397
2025-08-04,2025-08-05,XOM,Exxon Mobil,Stock,Test,0.0146791220852424,1.9061841566285398
2025-08-05,2025-08-06,XOM,Exxon Mobil,Stock,Test,0.4665406752066523,1.8754428281647513
2025-08-06,2025-08-07,XOM,Exxon Mobil,Stock,Test,0.2779057045639467,1.4394554515051887
2025-08-07,2025-08-08,XOM,Exxon Mobil,Stock,Test,0.6385090416535041,1.441281708633487
2025-08-08,2025-08-11,XOM,Exxon Mobil,Stock,Test,0.8324502760381426,1.417874770448733
2025-08-11,2025-08-12,XOM,Exxon Mobil,Stock,Test,0.0801262548530148,1.3987176722290042
2025-08-12,2025-08-13,XOM,Exxon Mobil,Stock,Test,1.8922695927719528,1.3760845198874951
2025-08-13,2025-08-14,XOM,Exxon Mobil,Stock,Test,0.0418897456269819,1.495253376355974
2025-08-14,2025-08-15,XOM,Exxon Mobil,Stock,Test,0.0088258498116725,1.48788445976949
2025-08-15,2025-08-18,XOM,Exxon Mobil,Stock,Test,0.0465475190547678,1.4871842807481672
2025-08-18,2025-08-19,XOM,Exxon Mobil,Stock,Test,0.4274239428554152,0.8954672820020082
2025-08-19,2025-08-20,XOM,Exxon Mobil,Stock,Test,1.0568419556302049,0.9132008539301196
2025-08-20,2025-08-21,XOM,Exxon Mobil,Stock,Test,0.4133403223951175,0.9540820643539198
2025-08-21,2025-08-22,XOM,Exxon Mobil,Stock,Test,3.457286825483476,0.8955913227049657
2025-08-22,2025-08-25,XOM,Exxon Mobil,Stock,Test,0.1701707602687795,1.0338368008883179
2025-08-25,2025-08-26,XOM,Exxon Mobil,Stock,Test,0.0501682063230979,1.0297509117717651
2025-08-26,2025-08-27,XOM,Exxon Mobil,Stock,Test,1.2629550212582434,0.9968869486918578
2025-08-27,2025-08-28,XOM,Exxon Mobil,Stock,Test,0.2816702164054654,0.9782952369293225
2025-08-28,2025-08-29,XOM,Exxon Mobil,Stock,Test,0.6820763264943219,0.9442614494111836
2025-08-29,2025-09-02,XOM,Exxon Mobil,Stock,Test,0.1220635063684397,0.9618335991005932
2025-09-02,2025-09-03,XOM,Exxon Mobil,Stock,Test,6.021035928750633,0.7598549963544381
2025-09-03,2025-09-04,XOM,Exxon Mobil,Stock,Test,0.1908754557870767,0.8510933342038163
2025-09-04,2025-09-05,XOM,Exxon Mobil,Stock,Test,8.184290688724746,0.8456949789224376
2025-09-05,2025-09-08,XOM,Exxon Mobil,Stock,Test,0.320352641598372,1.2786310027521028
2025-09-08,2025-09-09,XOM,Exxon Mobil,Stock,Test,0.5265446024212821,1.25995977460067
2025-09-09,2025-09-10,XOM,Exxon Mobil,Stock,Test,2.749341792616202,1.2559366594066632
2025-09-10,2025-09-11,XOM,Exxon Mobil,Stock,Test,0.1027295571471756,1.2813629301670721
2025-09-11,2025-09-12,XOM,Exxon Mobil,Stock,Test,0.0003182484776302,1.3018546983040655
2025-09-12,2025-09-15,XOM,Exxon Mobil,Stock,Test,0.0286458835501001,1.2444706654777558
2025-09-15,2025-09-16,XOM,Exxon Mobil,Stock,Test,4.213441261830617,1.234435924162057
2025-09-16,2025-09-17,XOM,Exxon Mobil,Stock,Test,0.2814354861371968,1.3846916283342507
2025-09-17,2025-09-18,XOM,Exxon Mobil,Stock,Test,1.4081342824718277,1.3850945592792692
2025-09-18,2025-09-19,XOM,Exxon Mobil,Stock,Test,0.9585505501754948,1.4937598510314687
2025-09-19,2025-09-22,XOM,Exxon Mobil,Stock,Test,0.5064033194752855,1.5354884433437437
2025-09-22,2025-09-23,XOM,Exxon Mobil,Stock,Test,2.91802146616565,1.5607784991520879
2025-09-23,2025-09-24,XOM,Exxon Mobil,Stock,Test,0.2850433497982402,1.5355762674081308
2025-09-24,2025-09-25,XOM,Exxon Mobil,Stock,Test,0.8011566904540528,1.5399144097533015
2025-09-25,2025-09-26,XOM,Exxon Mobil,Stock,Test,1.960893193155889,1.5612006609551372
2025-09-26,2025-09-29,XOM,Exxon Mobil,Stock,Test,6.721626474204805,1.5911603556583283
2025-09-29,2025-09-30,XOM,Exxon Mobil,Stock,Test,1.6779087260782457,1.9477570444338368
2025-09-30,2025-10-01,XOM,Exxon Mobil,Stock,Test,0.4574467143999767,1.994558803385027
2025-10-01,2025-10-02,XOM,Exxon Mobil,Stock,Test,0.3931466088543798,2.002196738505541
2025-10-02,2025-10-03,XOM,Exxon Mobil,Stock,Test,3.078854806337764,1.7335804673060011
2025-10-03,2025-10-06,XOM,Exxon Mobil,Stock,Test,0.6831335684713706,1.8773310682620097
2025-10-06,2025-10-07,XOM,Exxon Mobil,Stock,Test,0.0027594422091589,1.456517204095357
2025-10-07,2025-10-08,XOM,Exxon Mobil,Stock,Test,0.0442150123834036,1.4508893111551604
2025-10-08,2025-10-09,XOM,Exxon Mobil,Stock,Test,0.9570170347058796,1.4422292508425842
2025-10-09,2025-10-10,XOM,Exxon Mobil,Stock,Test,3.801035018227199,1.3737289835552198
2025-10-10,2025-10-13,XOM,Exxon Mobil,Stock,Test,1.8345410287627315,1.5551473619433551
2025-10-13,2025-10-14,XOM,Exxon Mobil,Stock,Test,0.0019840517279768,1.650658394745756
2025-10-14,2025-10-15,XOM,Exxon Mobil,Stock,Test,0.3689592340409126,1.64933061061862
2025-10-15,2025-10-16,XOM,Exxon Mobil,Stock,Test,0.7619502448788328,1.4395821063806657
2025-10-16,2025-10-17,XOM,Exxon Mobil,Stock,Test,2.061450036887488,1.440784475637582
2025-10-17,2025-10-20,XOM,Exxon Mobil,Stock,Test,0.1672838076178534,1.5084870212123647
2025-10-20,2025-10-21,XOM,Exxon Mobil,Stock,Test,7.871905101632544e-05,1.4742145248656353
2025-10-21,2025-10-22,XOM,Exxon Mobil,Stock,Test,3.0937495814059317,1.4480274499089245
2025-10-22,2025-10-23,XOM,Exxon Mobil,Stock,Test,1.2123189795694187,1.4566595320797346
2025-10-23,2025-10-24,XOM,Exxon Mobil,Stock,Test,0.2601003751561089,1.5004620970221432
2025-10-24,2025-10-27,XOM,Exxon Mobil,Stock,Test,0.2261133577000507,1.4769512400895848
2025-10-27,2025-10-28,XOM,Exxon Mobil,Stock,Test,0.6209362301090435,1.3874133284644272
2025-10-28,2025-10-29,XOM,Exxon Mobil,Stock,Test,1.505290358453761,1.0840601970333144
2025-10-29,2025-10-30,XOM,Exxon Mobil,Stock,Test,2.3192572618276146,1.0517950129718912
2025-10-30,2025-10-31,XOM,Exxon Mobil,Stock,Test,0.0830260929961544,1.1561956607534098
2025-10-31,2025-11-03,XOM,Exxon Mobil,Stock,Test,0.2767182590825654,1.1365719179867182
2025-11-03,2025-11-04,XOM,Exxon Mobil,Stock,Test,0.1112001997765877,1.0136338967440799
2025-11-04,2025-11-05,XOM,Exxon Mobil,Stock,Test,0.163070016430318,0.9854926393199557
2025-11-05,2025-11-06,XOM,Exxon Mobil,Stock,Test,0.5165775681938546,0.9928981092563063
2025-11-06,2025-11-07,XOM,Exxon Mobil,Stock,Test,5.512031974913611,1.016712674233304
2025-11-07,2025-11-10,XOM,Exxon Mobil,Stock,Test,0.7216025069073466,1.2114703082592908
2025-11-10,2025-11-11,XOM,Exxon Mobil,Stock,Test,1.7185928883131305,0.9889116070768302
2025-11-11,2025-11-12,XOM,Exxon Mobil,Stock,Test,1.9476203722033871,0.984465530251118
2025-11-12,2025-11-13,XOM,Exxon Mobil,Stock,Test,0.3199202196140606,1.1213963106770568
2025-11-13,2025-11-14,XOM,Exxon Mobil,Stock,Test,1.6663953151141553,1.0873945116855048
2025-11-14,2025-11-17,XOM,Exxon Mobil,Stock,Test,1.8464638483790368,1.0572288542933195
2025-11-17,2025-11-18,XOM,Exxon Mobil,Stock,Test,1.3010708661345434,1.139648706565081
2025-11-18,2025-11-19,XOM,Exxon Mobil,Stock,Test,2.020555230513508,1.1755397724885799
2025-11-19,2025-11-20,XOM,Exxon Mobil,Stock,Test,0.0793031938170609,1.3148441144731167
2025-11-20,2025-11-21,XOM,Exxon Mobil,Stock,Test,0.0026278868218625,1.2018700833581935
2025-11-21,2025-11-24,XOM,Exxon Mobil,Stock,Test,0.907429414183038,1.153081806305539
2025-11-24,2025-11-25,XOM,Exxon Mobil,Stock,Test,1.605141512593644,1.1888067435123668
2025-11-25,2025-11-26,XOM,Exxon Mobil,Stock,Test,0.0514373559660369,1.261915221689128
2025-11-26,2025-11-28,XOM,Exxon Mobil,Stock,Test,0.9940394958319292,1.2327773903765336
2025-11-28,2025-12-01,XOM,Exxon Mobil,Stock,Test,0.3728632108808539,1.2077946343048562
2025-12-01,2025-12-02,XOM,Exxon Mobil,Stock,Test,1.1611154949127769,1.0954238077547835
2025-12-02,2025-12-03,XOM,Exxon Mobil,Stock,Test,4.308638186980125,1.1574235393389913
2025-12-03,2025-12-04,XOM,Exxon Mobil,Stock,Test,0.3156766739310638,1.3211118391582923
2025-12-04,2025-12-05,XOM,Exxon Mobil,Stock,Test,0.2636945136554947,1.3480180864229119
2025-12-05,2025-12-08,XOM,Exxon Mobil,Stock,Test,0.2320235363950537,1.3548307282406857
2025-12-08,2025-12-09,XOM,Exxon Mobil,Stock,Test,3.7571148257365072,1.3563534642554598
2025-12-09,2025-12-10,XOM,Exxon Mobil,Stock,Test,1.1772287324347268,1.272410416127558
2025-12-10,2025-12-11,XOM,Exxon Mobil,Stock,Test,0.0,1.29310171540702
2025-12-11,2025-12-12,XOM,Exxon Mobil,Stock,Test,0.3649733752989602,1.215448282427595
2025-12-12,2025-12-15,XOM,Exxon Mobil,Stock,Test,0.803000111110433,1.1322984119569657
2025-12-15,2025-12-16,XOM,Exxon Mobil,Stock,Test,7.024127562902334,1.1615396390344495
2025-12-16,2025-12-17,XOM,Exxon Mobil,Stock,Test,5.534968146509255,1.3924429717487545
2025-12-17,2025-12-18,XOM,Exxon Mobil,Stock,Test,0.553167902546275,1.613725851015031
2025-12-18,2025-12-19,XOM,Exxon Mobil,Stock,Test,0.0165436438828851,1.5658149499530833
2025-12-19,2025-12-22,XOM,Exxon Mobil,Stock,Test,1.5460915743760206,1.4754983536919624
2025-12-22,2025-12-23,XOM,Exxon Mobil,Stock,Test,1.1431154192685635,1.5473961956583024
2025-12-23,2025-12-24,XOM,Exxon Mobil,Stock,Test,0.0280968918770392,1.5972953791326416
2025-12-24,2025-12-26,XOM,Exxon Mobil,Stock,Test,0.0085198743957747,1.5444645393325203
2025-12-26,2025-12-29,XOM,Exxon Mobil,Stock,Test,1.4045147178384587,1.4458883828201237
2025-12-29,2025-12-30,XOM,Exxon Mobil,Stock,Test,0.1451004620305969,1.4933823244439393
2025-12-30,2025-12-31,XOM,Exxon Mobil,Stock,Test,0.290178291069071,1.4643979534613303
2025-12-31,2026-01-02,XOM,Exxon Mobil,Stock,Test,3.615235791883282,1.4805468424792256
2026-01-02,2026-01-05,XOM,Exxon Mobil,Stock,Test,4.776323665835853,1.5377033939886338
2026-01-05,2026-01-06,XOM,Exxon Mobil,Stock,Test,12.240161897672063,1.557865460427651
2026-01-06,2026-01-07,XOM,Exxon Mobil,Stock,Test,4.5689707928007275,2.2205407573296405
2026-01-07,2026-01-08,XOM,Exxon Mobil,Stock,Test,13.41310833768156,2.454916716228373
2026-01-08,2026-01-09,XOM,Exxon Mobil,Stock,Test,1.8868951244509904,3.040335969630426
2026-01-09,2026-01-12,XOM,Exxon Mobil,Stock,Test,0.2176626474828976,2.961671163299764
2026-01-12,2026-01-13,XOM,Exxon Mobil,Stock,Test,4.014006199622779,2.9466669854006855
2026-01-13,2026-01-14,XOM,Exxon Mobil,Stock,Test,8.1300159109536,3.1026321282863174
2026-01-14,2026-01-15,XOM,Exxon Mobil,Stock,Test,0.6809469317983561,3.3688170163369078
2026-01-15,2026-01-16,XOM,Exxon Mobil,Stock,Test,0.3443610789113225,3.3596141257892116
2026-01-16,2026-01-20,XOM,Exxon Mobil,Stock,Test,0.1917429009988073,2.8585951262489493
2026-01-20,2026-01-21,XOM,Exxon Mobil,Stock,Test,5.692252336038324,2.696261345920539
2026-01-21,2026-01-22,XOM,Exxon Mobil,Stock,Test,0.000504096814518,2.772827737330037
2026-01-22,2026-01-23,XOM,Exxon Mobil,Stock,Test,0.9806537877118198,2.7789096055403713
2026-01-23,2026-01-26,XOM,Exxon Mobil,Stock,Test,0.0092877845301679,2.766834213305347
2026-01-26,2026-01-27,XOM,Exxon Mobil,Stock,Test,2.1463821744445504,2.780779910026901
2026-01-27,2026-01-28,XOM,Exxon Mobil,Stock,Test,0.2987982342908223,2.785930573546307
2026-01-28,2026-01-29,XOM,Exxon Mobil,Stock,Test,4.440748969441051,2.7575561870359997
2026-01-29,2026-01-30,XOM,Exxon Mobil,Stock,Test,0.3986746294808099,2.844038019387998
2026-01-30,2026-02-02,XOM,Exxon Mobil,Stock,Test,4.598731790020324,2.838272299963313
2026-02-02,2026-02-03,XOM,Exxon Mobil,Stock,Test,14.279728446937677,3.1667592875782047
2026-02-03,2026-02-04,XOM,Exxon Mobil,Stock,Test,7.02331113084718,3.56658091633802
2026-02-04,2026-02-05,XOM,Exxon Mobil,Stock,Test,1.0575452046902871,3.643321943054345
2026-02-05,2026-02-06,XOM,Exxon Mobil,Stock,Test,4.051139603904634,2.877633801667547
2026-02-06,2026-02-09,XOM,Exxon Mobil,Stock,Test,2.070097896305782,2.439281540308964
2026-02-09,2026-02-10,XOM,Exxon Mobil,Stock,Test,0.0629912660056057,2.1033176656323076
2026-02-10,2026-02-11,XOM,Exxon Mobil,Stock,Test,6.6832706961637465,2.11990015808055
2026-02-11,2026-02-12,XOM,Exxon Mobil,Stock,Test,9.132372052575548,2.1361904581738176
2026-02-12,2026-02-13,XOM,Exxon Mobil,Stock,Test,0.9841193044026216,2.874029932715106
2026-02-13,2026-02-17,XOM,Exxon Mobil,Stock,Test,2.353453094180622,2.8041378394734653
2026-02-17,2026-02-18,XOM,Exxon Mobil,Stock,Test,9.151320357704687,2.9330907613096593
2026-02-18,2026-02-19,XOM,Exxon Mobil,Stock,Test,0.0369727116667856,3.207492929153566
2026-02-19,2026-02-20,XOM,Exxon Mobil,Stock,Test,6.1234745069365175,3.217751841257968
2026-02-20,2026-02-23,XOM,Exxon Mobil,Stock,Test,5.453934034096446,3.5363896103481998
2026-02-23,2026-02-24,XOM,Exxon Mobil,Stock,Test,0.9998984866764784,3.6817207073471563
2026-02-24,2026-02-25,XOM,Exxon Mobil,Stock,Test,0.0179762737737904,3.793786602114301
2026-02-25,2026-02-26,XOM,Exxon Mobil,Stock,Test,0.1221316248046837,3.7961437078407227
2026-02-26,2026-02-27,XOM,Exxon Mobil,Stock,Test,6.922383752108805,3.7794628903167533
2026-02-27,2026-03-02,XOM,Exxon Mobil,Stock,Test,1.2578878384590912,4.012197852289047
2026-03-02,2026-03-03,XOM,Exxon Mobil,Stock,Test,2.4394291733876843,3.902189187470553
2026-03-03,2026-03-04,XOM,Exxon Mobil,Stock,Test,1.7760546139704358,4.096948546347162
2026-03-04,2026-03-05,XOM,Exxon Mobil,Stock,Test,0.3911928292623542,3.9241665594899984
2026-03-05,2026-03-06,XOM,Exxon Mobil,Stock,Test,0.0888334322381342,3.3350976057141777
2026-03-06,2026-03-09,XOM,Exxon Mobil,Stock,Test,0.2606423776967705,3.036127403151928
2026-03-09,2026-03-10,XOM,Exxon Mobil,Stock,Test,2.3944498753283208,2.9880303756807503
2026-03-10,2026-03-11,XOM,Exxon Mobil,Stock,Test,5.300667331867326,2.936139450820814
2026-03-11,2026-03-12,XOM,Exxon Mobil,Stock,Test,1.6339192900403956,3.0957067025885343
2026-03-12,2026-03-13,XOM,Exxon Mobil,Stock,Test,2.798548993825777,3.167295351674865
2026-03-13,2026-03-16,XOM,Exxon Mobil,Stock,Test,0.5019446321960641,2.979488137430994
2026-03-16,2026-03-17,XOM,Exxon Mobil,Stock,Test,0.999767504965734,2.49664817362829
2026-03-17,2026-03-18,XOM,Exxon Mobil,Stock,Test,0.5947194899631403,2.442889392101278
2026-03-18,2026-03-19,XOM,Exxon Mobil,Stock,Test,0.1303561167099046,2.329058994775839
2026-03-19,2026-03-20,XOM,Exxon Mobil,Stock,Test,0.9028774894121466,1.9563713552899755
2026-03-20,2026-03-23,XOM,Exxon Mobil,Stock,Test,0.8285287138510017,1.9808131033079028
2026-03-23,2026-03-24,XOM,Exxon Mobil,Stock,Test,6.777868404760486,1.598481023568717
2026-03-24,2026-03-25,XOM,Exxon Mobil,Stock,Test,1.6645816440979369,1.6530338418836217
2026-03-25,2026-03-26,XOM,Exxon Mobil,Stock,Test,1.7434797163169788,1.6988595379096183
2026-03-26,2026-03-27,XOM,Exxon Mobil,Stock,Test,10.927630361030277,1.718002110165629
2026-03-27,2026-03-30,XOM,Exxon Mobil,Stock,Test,0.0785810207293272,2.0451022713270657
2026-03-30,2026-03-31,XOM,Exxon Mobil,Stock,Test,1.1261133139675297,1.8473104121857258
2026-03-31,2026-04-01,XOM,Exxon Mobil,Stock,Test,28.90076953833071,1.9512411058186871
2026-04-01,2026-04-02,XOM,Exxon Mobil,Stock,Test,0.0031357528953518,3.4129695784135725
2026-04-02,2026-04-06,XOM,Exxon Mobil,Stock,Test,2.7358772261192597,3.285622350527168
2026-04-06,2026-04-07,XOM,Exxon Mobil,Stock,Test,0.108902451163723,3.366030250734938
2026-04-07,2026-04-08,XOM,Exxon Mobil,Stock,Test,23.09023635722132,3.3658089663141757
2026-04-08,2026-04-09,XOM,Exxon Mobil,Stock,Test,0.5748838475977872,4.628305902386921
2026-04-09,2026-04-10,XOM,Exxon Mobil,Stock,Test,2.7070300435945955,4.52167651421235
2026-04-10,2026-04-13,XOM,Exxon Mobil,Stock,Test,0.0072610218672051,4.440596823152412
2026-04-13,2026-04-14,XOM,Exxon Mobil,Stock,Test,5.074404531540302,4.35934991414869
2026-04-14,2026-04-15,XOM,Exxon Mobil,Stock,Test,0.0237889146263639,4.42558498471455
2026-04-15,2026-04-16,XOM,Exxon Mobil,Stock,Test,3.8949176951271385,4.381389919492405
2026-04-16,2026-04-17,XOM,Exxon Mobil,Stock,Test,13.788724837559496,4.5487866289316
2026-04-17,2026-04-20,XOM,Exxon Mobil,Stock,Test,0.710969656699027,5.126288856351087
2026-04-20,2026-04-21,XOM,Exxon Mobil,Stock,Test,0.2110558703926589,5.171613672319649
2026-04-21,2026-04-22,XOM,Exxon Mobil,Stock,Test,0.5859294880547795,5.120426051359829
2026-04-22,2026-04-23,XOM,Exxon Mobil,Stock,Test,0.4714205391491153,5.10318129919376
2026-04-23,2026-04-24,XOM,Exxon Mobil,Stock,Test,1.1707770872654522,4.710729791064662
2026-04-24,2026-04-27,XOM,Exxon Mobil,Stock,Test,0.2349226813163551,4.69526240422857
2026-04-27,2026-04-28,XOM,Exxon Mobil,Stock,Test,2.5174332887773496,4.532994449767992
2026-04-28,2026-04-29,XOM,Exxon Mobil,Stock,Test,7.253398038481165,4.015359549432967
2026-04-29,2026-04-30,XOM,Exxon Mobil,Stock,Test,0.0484284372650522,4.506440478052904
2026-04-30,2026-05-01,XOM,Exxon Mobil,Stock,Test,1.0589622929360747,4.492172555392252
2026-05-01,2026-05-04,XOM,Exxon Mobil,Stock,Test,0.3763866965643887,3.2511237490402345
2026-05-04,2026-05-05,XOM,Exxon Mobil,Stock,Test,0.5949083103778445,3.2850531413897515
2026-05-05,2026-05-06,XOM,Exxon Mobil,Stock,Test,16.635815678837467,3.15742698330037
2026-05-06,2026-05-07,XOM,Exxon Mobil,Stock,Test,2.042691963144592,3.8254572081711102
2026-05-07,2026-05-08,XOM,Exxon Mobil,Stock,Test,1.9064717845169632,2.902612285269451
2026-05-08,2026-05-11,XOM,Exxon Mobil,Stock,Test,12.0657845316921,2.949387032130218
2026-05-11,2026-05-12,XOM,Exxon Mobil,Stock,Test,0.4002929992088,3.525369592106977
2026-05-12,2026-05-13,XOM,Exxon Mobil,Stock,Test,0.3870225514061757,3.5491906226694248
2026-05-13,2026-05-14,XOM,Exxon Mobil,Stock,Test,0.6322344601822677,3.313290925574382
2026-05-14,2026-05-15,XOM,Exxon Mobil,Stock,Test,15.883520089051258,3.3345636818954896
2026-05-15,2026-05-18,XOM,Exxon Mobil,Stock,Test,2.6059985422107004,3.9004198530076684
2026-05-18,2026-05-19,XOM,Exxon Mobil,Stock,Test,1.6266441304124568,3.159275832259669
2026-05-19,2026-05-20,XOM,Exxon Mobil,Stock,Test,15.47352612646852,3.1843667124886315
2026-05-20,2026-05-21,XOM,Exxon Mobil,Stock,Test,0.4038563136151557,4.116386778067426
2026-05-21,2026-05-22,XOM,Exxon Mobil,Stock,Test,0.0569037418107701,4.141818212882429
2026-05-22,2026-05-26,XOM,Exxon Mobil,Stock,Test,11.250010016753963,4.138774433299238
2026-05-26,2026-05-27,XOM,Exxon Mobil,Stock,Test,1.6464687343968538,4.668865644633823
2026-05-27,2026-05-28,XOM,Exxon Mobil,Stock,Test,0.4065135938589128,4.7427880807276335
2026-05-28,2026-05-29,XOM,Exxon Mobil,Stock,Test,1.35379839111186,4.630552982786225
2026-05-29,2026-06-01,XOM,Exxon Mobil,Stock,Test,7.822216238680496,4.268134460890479
2026-06-01,2026-06-02,XOM,Exxon Mobil,Stock,Test,0.0145011249716207,4.715609520047993
2026-06-02,2026-06-03,XOM,Exxon Mobil,Stock,Test,3.8665937608849377,4.674381943115385
2026-06-03,2026-06-04,XOM,Exxon Mobil,Stock,Test,0.1035352923416567,4.853772964075275
2026-06-04,2026-06-05,XOM,Exxon Mobil,Stock,Test,1.9717196991799877,4.825936996807865
2026-06-05,2026-06-08,XOM,Exxon Mobil,Stock,Test,1.4720055694897902,4.0906561078746835
2026-06-08,2026-06-09,XOM,Exxon Mobil,Stock,Test,3.56919329705986,4.026617812779881
2026-06-09,2026-06-10,XOM,Exxon Mobil,Stock,Test,1.3036969775750544,4.119169307670415
2026-06-10,2026-06-11,XOM,Exxon Mobil,Stock,Test,7.318239686708403,3.6084733138916634
2026-06-11,2026-06-12,XOM,Exxon Mobil,Stock,Test,0.0779941471295892,3.948545818033792
2026-06-12,2026-06-15,XOM,Exxon Mobil,Stock,Test,17.899866498555806,3.9294916126052994
2026-06-15,2026-06-16,XOM,Exxon Mobil,Stock,Test,0.4420015346347988,4.675810788812817
2026-06-16,2026-06-17,XOM,Exxon Mobil,Stock,Test,0.6282788841571234,3.760404339574059
2026-06-17,2026-06-18,XOM,Exxon Mobil,Stock,Test,4.426121033018003,3.5248004923369445
2026-06-18,2026-06-22,XOM,Exxon Mobil,Stock,Test,0.228273471446224,3.426275073516743
2026-06-22,2026-06-23,XOM,Exxon Mobil,Stock,Test,0.820519661360693,2.964519756798044
2026-06-23,2026-06-24,XOM,Exxon Mobil,Stock,Test,4.186636029620304,3.068502819462395
2026-06-24,2026-06-25,XOM,Exxon Mobil,Stock,Test,0.2243748120517138,3.1763296743652085
2026-06-25,2026-06-26,XOM,Exxon Mobil,Stock,Test,0.5431611492708356,2.8155608647232326
2026-06-26,2026-06-29,XOM,Exxon Mobil,Stock,Test,0.1240177816248629,2.7818903974207716
2026-06-29,2026-06-30,XOM,Exxon Mobil,Stock,Test,0.2341689618973275,2.7784338409337113
2026-06-30,2026-07-01,XOM,Exxon Mobil,Stock,Test,0.1039071951702801,2.7764470463540065
2026-07-01,2026-07-02,XOM,Exxon Mobil,Stock,Test,0.351178777742663,2.2773711177460845
2026-07-02,2026-07-06,XOM,Exxon Mobil,Stock,Test,0.2258760874203629,2.3143112016486733
2026-07-06,2026-07-07,XOM,Exxon Mobil,Stock,Test,14.25561928132361,2.016858120017168
2026-07-07,2026-07-08,XOM,Exxon Mobil,Stock,Test,0.1568242197103093,2.901996492631416
2026-07-08,2026-07-09,XOM,Exxon Mobil,Stock,Test,6.942419497592392,2.842678345718972
2026-07-09,2026-07-10,XOM,Exxon Mobil,Stock,Test,1.0562231019894035,2.970225830946903
2026-07-10,2026-07-13,XOM,Exxon Mobil,Stock,Test,15.791392604775307,2.9616954435521774
2026-07-13,2026-07-14,XOM,Exxon Mobil,Stock,Test,0.1604437464025514,3.7610236622759388
2026-07-14,2026-07-15,XOM,Exxon Mobil,Stock,Test,0.1604437464025469,3.4414126052537455
2026-07-15,2026-07-16,XOM,Exxon Mobil,Stock,Test,0.9831525815073912,3.4410829329289614
2026-07-16,2026-07-17,XOM,Exxon Mobil,Stock,Test,0.924386152186352,2.572965358912744
2026-07-17,2026-07-20,XOM,Exxon Mobil,Stock,Test,0.4574060488209728,2.591921341281754
2026-07-20,2026-07-21,XOM,Exxon Mobil,Stock,Test,4.985883173562917,2.5516323118464217
2026-07-21,2026-07-22,XOM,Exxon Mobil,Stock,Test,3.203939471626624,2.4259526027683083
2026-07-22,2026-07-23,XOM,Exxon Mobil,Stock,Test,2.4569055681686787,2.510591882824702
2026-07-23,2026-07-24,XOM,Exxon Mobil,Stock,Test,0.0010154629945613,2.556959077443312
2026-07-24,2026-07-27,XOM,Exxon Mobil,Stock,Test,1.938613662375374,2.222777853113093
2026-07-27,2026-07-28,XOM,Exxon Mobil,Stock,Test,1.2635761401527743,2.4215910453791274
2026-07-28,2026-07-29,XOM,Exxon Mobil,Stock,Test,5.737413346251115,2.4789973183397156
2026-07-29,2026-07-30,XOM,Exxon Mobil,Stock,Test,0.0196709755591525,2.5924402278123004
2026-07-30,2026-07-31,XOM,Exxon Mobil,Stock,Test,0.9593989534714747,2.604599264132795
