Date,Adj_Close,Close,Dividends,High,Low,Open,Stock_Splits,Volume,Log_Return,Squared_Return,Ticker,Asset,Role
2010-06-30,7.523166656494141,8.983214378356934,0.0,9.213213920593262,8.928929328918457,9.168213844299316,0.0,739452000,-1.8279636758602835,3.3414512002646397,AAPL,Apple,Stock
2010-07-01,7.431946754455566,8.874285697937012,0.0,9.100000381469728,8.686429023742676,9.08214282989502,0.0,1022896000,-1.2199310139885435,1.488231678891116,AAPL,Apple,Stock
2010-07-02,7.385883331298828,8.819286346435547,0.0,8.961786270141602,8.685713768005371,8.946070671081543,0.0,693842800,-0.6217316742325784,0.3865502747440449,AAPL,Apple,Stock
2010-07-06,7.436429977416992,8.879643440246582,0.0,9.028571128845217,8.791428565979004,8.964285850524902,0.0,615235600,0.6820371558348202,0.4651746819392507,AAPL,Apple,Stock
2010-07-07,7.736725807189941,9.238213539123535,0.0,9.241786003112791,8.91964340209961,8.946070671081543,0.0,654556000,3.958768383648766,15.671847115377064,AAPL,Apple,Stock
2010-07-08,7.719375610351563,9.217499732971191,0.0,9.389286041259766,9.103214263916016,9.374285697937012,0.0,738144400,-0.2245094497946239,0.0504044930470847,AAPL,Apple,Stock
2010-07-09,7.765138626098633,9.272143363952637,0.0,9.282142639160156,9.1128568649292,9.174642562866213,0.0,433322400,0.591082784861951,0.3493788585601594,AAPL,Apple,Stock
2010-07-12,7.69544792175293,9.188928604125977,0.0,9.35178565979004,9.102143287658691,9.233214378356934,0.0,562878400,-0.90153340749329,0.8127624848264627,AAPL,Apple,Stock
2010-07-13,7.531246185302734,8.992856979370117,0.0,9.157142639160156,8.801071166992188,9.15428638458252,0.0,1190924000,-2.156845087632906,4.651980732046198,AAPL,Apple,Stock
2010-07-14,7.559060573577881,9.026070594787598,0.0,9.135713577270508,8.89285659790039,8.906429290771484,0.0,812047600,0.3686395540956792,0.1358951208438612,AAPL,Apple,Stock
2010-07-15,7.520777225494385,8.98035717010498,0.0,9.177499771118164,8.83214282989502,8.865357398986816,0.0,824866000,-0.5077432640851968,0.2578032222238898,AAPL,Apple,Stock
2010-07-16,7.474419116973877,8.925000190734863,0.0,9.106071472167969,8.871786117553711,9.042142868041992,0.0,1039858400,-0.618308092175096,0.382304896849207,AAPL,Apple,Stock
2010-07-19,7.345206260681152,8.770713806152344,0.0,8.924285888671875,8.557143211364746,8.924285888671875,0.0,1024478000,-1.743851514081946,3.041018103165895,AAPL,Apple,Stock
2010-07-20,7.533936023712158,8.996070861816406,0.0,9.032142639160156,8.571785926818848,8.675000190734863,0.0,1074950800,2.536972654516606,6.436230249765031,AAPL,Apple,Stock
2010-07-21,7.604223728179932,9.079999923706056,0.0,9.469642639160156,9.071429252624512,9.467499732971191,0.0,1185671200,0.9286229068591584,0.8623405031435531,AAPL,Apple,Stock
2010-07-22,7.747190475463867,9.250714302062988,0.0,9.285714149475098,9.118213653564451,9.20285701751709,0.0,645318800,1.862641171799363,3.469432134882104,AAPL,Apple,Stock
2010-07-23,7.774709701538086,9.283571243286133,0.0,9.299285888671877,9.152856826782228,9.181785583496094,0.0,533388800,0.3545861601218586,0.1257313449499643,AAPL,Apple,Stock
2010-07-26,7.754970550537109,9.260000228881836,0.0,9.28928565979004,9.20392894744873,9.285714149475098,0.0,420551600,-0.2542120804901042,0.0646237818671072,AAPL,Apple,Stock
2010-07-27,7.89853572845459,9.431428909301758,0.0,9.45714282989502,9.296428680419922,9.31678581237793,0.0,584771600,1.8343392324271564,3.364800419621449,AAPL,Apple,Stock
2010-07-28,7.80521821975708,9.31999969482422,0.0,9.499643325805664,9.29464340209961,9.416786193847656,0.0,519985200,-1.1884878918787574,1.4125034691424128,AAPL,Apple,Stock
2010-07-29,7.719973564147949,9.21821403503418,0.0,9.380356788635254,9.146429061889648,9.311071395874023,0.0,643806800,-1.0981572848413144,1.2059494222500478,AAPL,Apple,Stock
2010-07-30,7.694249153137207,9.1875,0.0,9.274999618530272,9.103570938110352,9.13892936706543,0.0,448210000,-0.3337753108237669,0.1114059581155022,AAPL,Apple,Stock
2010-08-02,7.8318376541137695,9.35178565979004,0.0,9.378213882446287,9.272143363952637,9.30142879486084,0.0,428055600,1.7723989888939202,3.1413981758321907,AAPL,Apple,Stock
2010-08-03,7.834231376647949,9.354642868041992,0.0,9.402142524719238,9.265000343322754,9.321785926818848,0.0,417653600,0.0305593259943958,0.0009338724052317,AAPL,Apple,Stock
2010-08-04,7.865633964538574,9.39214324951172,0.0,9.438570976257324,9.296786308288574,9.3871431350708,0.0,420375200,0.4000369313497476,0.1600295464437227,AAPL,Apple,Stock
2010-08-05,7.8273468017578125,9.346428871154783,0.0,9.399286270141602,9.305356979370115,9.34749984741211,0.0,289097200,-0.4879536822053434,0.2380987959777532,AAPL,Apple,Stock
2010-08-06,7.779199600219727,9.288928985595703,0.0,9.338929176330566,9.20107078552246,9.277856826782228,0.0,444897600,-0.6170148481001992,0.3807073227761119,AAPL,Apple,Stock
2010-08-09,7.828845977783203,9.348214149475098,0.0,9.362500190734863,9.270357131958008,9.338570594787598,0.0,303128000,0.6361660689759696,0.4047072673163381,AAPL,Apple,Stock
2010-08-10,7.758856773376465,9.264642715454102,0.0,9.301786422729492,9.198213577270508,9.280357360839844,0.0,451920000,-0.8980114114973006,0.8064244951793741,AAPL,Apple,Stock
2010-08-11,7.483089447021484,8.935357093811035,0.0,9.131786346435549,8.921786308288574,9.121429443359377,0.0,620054400,-3.618926593292562,13.096629687640108,AAPL,Apple,Stock
2010-08-12,7.53094482421875,8.992500305175781,0.0,9.03928565979004,8.789999961853027,8.810357093811035,0.0,534920400,0.6374774213756546,0.4063774627637538,AAPL,Apple,Stock
2010-08-13,7.45048713684082,8.896429061889648,0.0,8.99571418762207,8.896071434020996,8.987500190734863,0.0,354869200,-1.0741090855148436,1.1537103275855336,AAPL,Apple,Stock
2010-08-16,7.406820774078369,8.84428596496582,0.0,8.928929328918457,8.807856559753418,8.842143058776855,0.0,318430000,-0.5878115841052846,0.345522458408364,AAPL,Apple,Stock
2010-08-17,7.536330223083496,8.998929023742676,0.0,9.093929290771484,8.899999618530273,8.931428909301758,0.0,422640400,1.733405381715325,3.0046942173596514,AAPL,Apple,Stock
2010-08-18,7.569230079650879,9.038213729858398,0.0,9.095356941223145,8.984999656677246,9.012857437133787,0.0,339696000,0.4355999768320934,0.1897473398161203,AAPL,Apple,Stock
2010-08-19,7.47382116317749,8.924285888671875,0.0,9.052857398986816,8.881428718566895,9.029999732971191,0.0,426706000,-1.268495257619738,1.6090802186037652,AAPL,Apple,Stock
2010-08-20,7.466639995574951,8.915714263916016,0.0,9.068571090698242,8.89285659790039,8.90678596496582,0.0,384230000,-0.0961304752142237,0.0092410682649124,AAPL,Apple,Stock
2010-08-23,7.351787090301514,8.778571128845215,0.0,9.0,8.758929252624512,8.992500305175781,0.0,414041600,-1.5501672957039858,2.4030186446702086,AAPL,Apple,Stock
2010-08-24,7.176215648651123,8.568928718566895,0.0,8.678570747375488,8.523214340209961,8.666786193847656,0.0,602565600,-2.417124953050404,5.842493038658919,AAPL,Apple,Stock
2010-08-25,7.264749050140381,8.674642562866211,0.0,8.713929176330566,8.471428871154785,8.501428604125977,0.0,596867600,1.2261578440999292,1.5034630586477864,AAPL,Apple,Stock
2010-08-26,7.186686992645264,8.581428527832031,0.0,8.776785850524902,8.581428527832031,8.766071319580078,0.0,466505200,-1.0803468459903944,1.167149307641393,AAPL,Apple,Stock
2010-08-27,7.226765632629395,8.62928581237793,0.0,8.664643287658691,8.412857055664062,8.633929252624512,0.0,548391200,0.556129670275984,0.3092802101612747,AAPL,Apple,Stock
2010-08-30,7.253086566925049,8.660714149475098,0.0,8.776785850524902,8.59571361541748,8.598570823669434,0.0,383289200,0.3635529275213687,0.1321707311093576,AAPL,Apple,Stock
2010-08-31,7.271032810211182,8.682143211364746,0.0,8.734286308288574,8.583929061889648,8.637499809265137,0.0,420786800,0.2471234496671011,0.0610699993753682,AAPL,Apple,Stock
2010-09-01,7.487276554107666,8.940357208251953,0.0,8.980713844299316,8.795714378356934,8.838213920593262,0.0,697037600,2.930677433959845,8.588870221921463,AAPL,Apple,Stock
2010-09-02,7.542311191558838,9.006071090698242,0.0,9.006071090698242,8.8774995803833,8.973570823669434,0.0,415427600,0.7323538657290847,0.5363421846483342,AAPL,Apple,Stock
2010-09-03,7.739718437194824,9.241786003112791,0.0,9.242142677307127,9.089285850524902,9.110357284545898,0.0,520788800,2.583665018616781,6.67532492842405,AAPL,Apple,Stock
2010-09-07,7.711000919342041,9.207500457763672,0.0,9.268928527832031,9.151785850524902,9.165714263916016,0.0,342557600,-0.3717309240980527,0.1381838799307922,AAPL,Apple,Stock
2010-09-08,7.863841533660889,9.390000343322754,0.0,9.442500114440918,9.253570556640623,9.277856826782228,0.0,526551200,1.962723170931126,3.8522822457099344,AAPL,Apple,Stock
2010-09-09,7.868329048156738,9.395357131958008,0.0,9.51857089996338,9.390000343322754,9.46571445465088,0.0,438575200,0.0570488934660247,0.0032545762456978,AAPL,Apple,Stock
2010-09-10,7.878495216369629,9.407500267028809,0.0,9.446429252624512,9.33571434020996,9.399642944335938,0.0,387542400,0.1291202524970661,0.0166720396049061,AAPL,Apple,Stock
2010-09-13,7.987066268920898,9.537142753601074,0.0,9.581428527832031,9.491429328918455,9.493571281433104,0.0,388780000,1.3686593754219458,1.873228485930391,AAPL,Apple,Stock
2010-09-14,8.01757526397705,9.57357120513916,0.0,9.613213539123535,9.48285675048828,9.50749969482422,0.0,408150400,0.3812523004441521,0.145353316593958,AAPL,Apple,Stock
2010-09-15,8.08217716217041,9.650713920593262,0.0,9.656429290771484,9.565713882446287,9.577500343322754,0.0,429368800,0.8025246998162215,0.6440458938151165,AAPL,Apple,Stock
2010-09-16,8.272110939025879,9.8774995803833,0.0,9.881071090698242,9.625,9.651429176330566,0.0,652103200,2.322844206575293,5.3956052080204016,AAPL,Apple,Stock
2010-09-17,8.236217498779297,9.834643363952637,0.0,9.927143096923828,9.774286270141602,9.917499542236328,0.0,634477200,-0.4348531947745588,0.1890973010056403,AAPL,Apple,Stock
2010-09-20,8.471306800842285,10.115357398986816,0.0,10.135000228881836,9.85178565979004,9.859999656677246,0.0,658677600,2.8143585457521456,7.920614024048132,AAPL,Apple,Stock
2010-09-21,8.487457275390625,10.134642601013184,0.0,10.262499809265137,10.099642753601074,10.137857437133787,0.0,668074400,0.1904676467965142,0.0362779244762017,AAPL,Apple,Stock
2010-09-22,8.60649585723877,10.276785850524902,0.0,10.28499984741211,10.086071014404297,10.09678554534912,0.0,585289600,1.3927791331873325,1.9398337138420572,AAPL,Apple,Stock
2010-09-23,8.641488075256348,10.318571090698242,0.0,10.455714225769045,10.214285850524902,10.22607135772705,0.0,786116800,0.4057548541669062,0.1646370016800073,AAPL,Apple,Stock
2010-09-24,8.743180274963379,10.4399995803833,0.0,10.483214378356934,10.376786231994627,10.432143211364746,0.0,649488000,1.169920041624678,1.3687129037950885,AAPL,Apple,Stock
2010-09-27,8.708486557006836,10.398571014404297,0.0,10.526070594787598,10.393214225769045,10.499285697937012,0.0,482834800,-0.3975982809554382,0.1580843930187195,AAPL,Apple,Stock
2010-09-28,8.579874992370605,10.244999885559082,0.0,10.42035675048828,9.821429252624512,10.42035675048828,0.0,1035042400,-1.4878672785103122,2.213749038461683,AAPL,Apple,Stock
2010-09-29,8.59512996673584,10.263214111328123,0.0,10.350357055664062,10.214285850524902,10.258213996887209,0.0,469644000,0.1776416183072436,0.0315565445548164,AAPL,Apple,Stock
2010-09-30,8.486857414245605,10.133929252624512,0.0,10.35714340209961,10.04464340209961,10.321429252624512,0.0,673391600,-1.267697956612028,1.607058109198311,AAPL,Apple,Stock
2010-10-01,8.450067520141602,10.09000015258789,0.0,10.234999656677246,10.048213958740234,10.219642639160156,0.0,448142800,-0.4344348470448869,0.1887336363269142,AAPL,Apple,Stock
2010-10-04,8.33401870727539,9.95142936706543,0.0,10.103570938110352,9.92035675048828,10.057143211364746,0.0,435302000,-1.3828654195246382,1.9123167685170537,AAPL,Apple,Stock
2010-10-05,8.64208984375,10.319286346435549,0.0,10.337499618530272,10.0649995803833,10.071429252624512,0.0,501967200,3.6298655940141566,13.175924230607746,AAPL,Apple,Stock
2010-10-06,8.649561882019043,10.328213691711426,0.0,10.428214073181152,10.187856674194336,10.342499732971191,0.0,670868800,0.0864236552137204,0.0074690481805,AAPL,Apple,Stock
2010-10-07,8.650464057922363,10.329285621643066,0.0,10.374285697937012,10.246786117553713,10.369285583496094,0.0,408399600,0.0104297636000183,0.0001087799687522,AAPL,Apple,Stock
2010-10-08,8.795524597167969,10.5024995803833,0.0,10.51785659790039,10.35714340209961,10.418213844299316,0.0,658403200,1.663005579620424,2.7655875578486624,AAPL,Apple,Stock
2010-10-11,8.834107398986816,10.54857063293457,0.0,10.615714073181152,10.521429061889648,10.526429176330566,0.0,427753200,0.4377046943058517,0.1915853994173791,AAPL,Apple,Stock
2010-10-12,8.92922306060791,10.662142753601074,0.0,10.696429252624512,10.446070671081545,10.5503568649292,0.0,558544000,1.0709317253258843,1.146894760309476,AAPL,Apple,Stock
2010-10-13,8.97707748413086,10.71928596496582,0.0,10.78428554534912,10.70714282989502,10.721428871154783,0.0,630092400,0.5344994331197378,0.285689644005321,AAPL,Apple,Stock
2010-10-14,9.04198169708252,10.796786308288574,0.0,10.802499771118164,10.728570938110352,10.774642944335938,0.0,435296400,0.7203982515974139,0.5189736409046108,AAPL,Apple,Stock
2010-10-15,9.413755416870115,11.240714073181152,0.0,11.25,10.889642715454102,10.979999542236328,0.0,922194000,4.029359719514532,16.23573974924623,AAPL,Apple,Stock
2010-10-18,9.51126194000244,11.35714340209961,0.0,11.39285659790039,11.224642753601074,11.373929023742676,0.0,1093010800,1.0304602009233217,1.0618482256869326,AAPL,Apple,Stock
2010-10-19,9.256732940673828,11.053214073181152,0.0,11.20607089996338,10.71500015258789,10.83571434020996,0.0,1232784000,-2.7125391641134837,7.357868716849477,AAPL,Apple,Stock
2010-10-20,9.287836074829102,11.090356826782228,0.0,11.223214149475098,10.959643363952637,11.035714149475098,0.0,721624400,0.3354422881872859,0.1125215287043222,AAPL,Apple,Stock
2010-10-21,9.25762939453125,11.054286003112791,0.0,11.240714073181152,10.95714282989502,11.15571403503418,0.0,551460000,-0.3257584131297179,0.1061185437247919,AAPL,Apple,Stock
2010-10-22,9.19631576538086,10.981071472167969,0.0,11.072856903076172,10.939286231994627,11.038213729858398,0.0,372778000,-0.6645067408332913,0.4415692086128829,AAPL,Apple,Stock
2010-10-25,9.237287521362305,11.029999732971191,0.0,11.128570556640623,11.015713691711426,11.038928985595703,0.0,392462000,0.4445340698127217,0.1976105392242617,AAPL,Apple,Stock
2010-10-26,9.213662147521973,11.001786231994627,0.0,11.062143325805664,10.916070938110352,10.959643363952637,0.0,392929600,-0.2560885718712564,0.0655813566430596,AAPL,Apple,Stock
2010-10-27,9.207080841064451,10.993928909301758,0.0,11.067856788635254,10.91428565979004,10.987500190734863,0.0,399002800,-0.0714553885434967,0.005105872551902,AAPL,Apple,Stock
2010-10-28,9.129612922668455,10.901429176330566,0.0,11.0,10.746429443359377,10.998213768005373,0.0,551051200,-0.8449547153316866,0.7139484709612516,AAPL,Apple,Stock
2010-10-29,9.002201080322266,10.749285697937012,0.0,10.924285888671877,10.745356559753418,10.865357398986816,0.0,430511200,-1.405418558988132,1.9752013259482777,AAPL,Apple,Stock
2010-11-01,9.097912788391112,10.863571166992188,0.0,10.91428565979004,10.79285717010498,10.793571472167969,0.0,423889200,1.057591138636116,1.1184990165216364,AAPL,Apple,Stock
2010-11-02,9.252846717834473,11.04857063293457,0.0,11.078213691711426,10.964285850524902,10.964285850524902,0.0,433930000,1.6886234155594717,2.851449039575736,AAPL,Apple,Stock
2010-11-03,9.35573387145996,11.171428680419922,0.0,11.174285888671877,11.018928527832031,11.120356559753418,0.0,508348400,1.1058146167784797,1.2228259666809354,AAPL,Apple,Stock
2010-11-04,9.519336700439451,11.366786003112791,0.0,11.4350004196167,11.251070976257324,11.266071319580078,0.0,642488000,1.7335768427124407,3.0052886695888343,AAPL,Apple,Stock
2010-11-05,9.485240936279297,11.32607078552246,0.0,11.413213729858398,11.3125,11.356785774230955,0.0,361253200,-0.3588167166212137,0.1287494361268284,AAPL,Apple,Stock
2010-11-08,9.529804229736328,11.37928581237793,0.0,11.42035675048828,11.312856674194336,11.328571319580078,0.0,281758400,0.46871700439593,0.2196956302098942,AAPL,Apple,Stock
2010-11-09,9.45383358001709,11.28857135772705,0.0,11.475000381469728,11.23214340209961,11.466071128845217,0.0,383544000,-0.8003845843100377,0.6406154828011518,AAPL,Apple,Stock
2010-11-10,9.51215934753418,11.358214378356934,0.0,11.384642601013184,11.198213577270508,11.308570861816406,0.0,384227200,0.6150582425093726,0.3782966416787182,AAPL,Apple,Stock
2010-11-11,9.470884323120115,11.308929443359377,0.0,11.371429443359377,11.223214149475098,11.25,0.0,361284000,-0.4348627140581033,0.1891055800779797,AAPL,Apple,Stock
2010-11-12,9.21306324005127,11.001070976257324,0.0,11.303570747375488,10.843929290771484,11.285714149475098,0.0,795846800,-2.759989004906571,7.617539307205165,AAPL,Apple,Stock
2010-11-15,9.183449745178224,10.96571445465088,0.0,11.09071445465088,10.938214302062988,11.01642894744873,0.0,403606000,-0.3219471046003122,0.1036499381605243,AAPL,Apple,Stock
2010-11-16,9.020444869995115,10.771071434020996,0.0,10.985713958740234,10.6899995803833,10.918571472167969,0.0,657650000,-1.790927001951617,3.2074195263194074,AAPL,Apple,Stock
2010-11-17,8.987847328186035,10.73214340209961,0.0,10.856785774230955,10.634285926818848,10.757143020629885,0.0,479449600,-0.3620285261206473,0.1310646537250882,AAPL,Apple,Stock
2010-11-18,9.22502613067627,11.01535701751709,0.0,11.059642791748049,10.881786346435549,10.899999618530272,0.0,494491200,2.6046654520525863,6.7842821171163035,AAPL,Apple,Stock
2010-11-19,9.174180030822754,10.95464324951172,0.0,11.014286041259766,10.901429176330566,10.998929023742676,0.0,384843200,-0.5527002506884023,0.3054775671110228,AAPL,Apple,Stock
2010-11-22,9.372481346130373,11.191429138183594,0.0,11.191429138183594,10.92392921447754,10.95285701751709,0.0,393075200,2.138485933978658,4.573122089824574,AAPL,Apple,Stock
2010-11-23,9.234001159667969,11.026070594787598,0.0,11.133929252624512,10.94857120513916,11.087499618530272,0.0,519447600,-1.4885429677584634,2.215760166863174,AAPL,Apple,Stock
2010-11-24,9.41555118560791,11.242856979370115,0.0,11.264286041259766,11.133929252624512,11.14285659790039,0.0,413725200,1.9470254070555424,3.7909079357198014,AAPL,Apple,Stock
2010-11-26,9.421534538269045,11.25,0.0,11.346428871154783,11.17642879486084,11.204999923706056,0.0,237585600,0.0635273730774054,0.0040357271301158,AAPL,Apple,Stock
2010-11-29,9.477465629577637,11.31678581237793,0.0,11.338570594787598,11.12071418762207,11.26785659790039,0.0,445785200,0.5918964400574742,0.3503413957527111,AAPL,Apple,Stock
2010-11-30,9.306385040283203,11.112500190734863,0.0,11.227143287658691,11.102499961853027,11.197856903076172,0.0,501858000,-1.8216213819792983,3.3183044592841697,AAPL,Apple,Stock
2010-12-01,9.463408470153809,11.300000190734863,0.0,11.348214149475098,11.25,11.259642601013184,0.0,461750800,1.6731893515385197,2.799562606101892,AAPL,Apple,Stock
2010-12-02,9.5157470703125,11.362500190734863,0.0,11.39285659790039,11.246070861816406,11.340356826782228,0.0,462837200,0.5515391106139825,0.3041953905368628,AAPL,Apple,Stock
2010-12-03,9.494511604309082,11.337142944335938,0.0,11.380356788635254,11.297857284545898,11.321785926818848,0.0,342092800,-0.2234106878762641,0.0499123354573455,AAPL,Apple,Stock
2010-12-06,9.575569152832031,11.433929443359377,0.0,11.511786460876465,11.372142791748049,11.380000114440918,0.0,448481600,0.8501069052763834,0.72268175039859,AAPL,Apple,Stock
2010-12-07,9.517544746398926,11.364643096923828,0.0,11.571070671081545,11.36142921447754,11.564286231994627,0.0,391454000,-0.6078064099082504,0.3694286319255561,AAPL,Apple,Stock
2010-12-08,9.601288795471191,11.464642524719238,0.0,11.46500015258789,11.325357437133787,11.415356636047363,0.0,321935600,0.8760428241292753,0.7674510297083963,AAPL,Apple,Stock
2010-12-09,9.563907623291016,11.420000076293944,0.0,11.51785659790039,11.39357089996338,11.504643440246582,0.0,294151200,-0.3900948236277597,0.1521739714211729,AAPL,Apple,Stock
2010-12-10,9.5878324508667,11.44857120513916,0.0,11.466071128845217,11.378570556640623,11.416070938110352,0.0,262511200,0.2498450786033222,0.0624225633023002,AAPL,Apple,Stock
2010-12-13,9.621031761169434,11.488213539123535,0.0,11.609286308288574,11.464285850524902,11.584643363952637,0.0,439815600,0.3456669066245456,0.1194856103353823,AAPL,Apple,Stock
2010-12-14,9.579755783081056,11.438928604125977,0.0,11.519286155700684,11.39285659790039,11.490357398986816,0.0,351008000,-0.4299411321043352,0.1848493770751574,AAPL,Apple,Stock
2010-12-15,9.581849098205566,11.441429138183594,0.0,11.535714149475098,11.399642944335938,11.428570747375488,0.0,417312000,0.0218490585293579,0.0004773813586193,AAPL,Apple,Stock
2010-12-16,9.60847282409668,11.473214149475098,0.0,11.521785736083984,11.432143211364746,11.467499732971191,0.0,322030800,0.2774705195693899,0.0769898892301072,AAPL,Apple,Stock
2010-12-17,9.58932876586914,11.450357437133787,0.0,11.49250030517578,11.436785697937012,11.486785888671877,0.0,386929200,-0.1994401753086472,0.0397763835271439,AAPL,Apple,Stock
2010-12-20,9.63718032836914,11.50749969482422,0.0,11.54464340209961,11.365357398986816,11.485713958740234,0.0,385610400,0.4977675465466671,0.2477725303950884,AAPL,Apple,Stock
2010-12-21,9.696702003479004,11.578571319580078,0.0,11.585356712341309,11.501786231994627,11.535714149475098,0.0,256354000,0.6157259275311076,0.3791184178340427,AAPL,Apple,Stock
2010-12-22,9.725414276123049,11.6128568649292,0.0,11.632857322692873,11.555356979370115,11.584285736083984,0.0,265921600,0.2956659629382855,0.0874183616402236,AAPL,Apple,Stock
2010-12-23,9.678759574890137,11.557143211364746,0.0,11.612500190734863,11.541786193847656,11.60714340209961,0.0,223157200,-0.480873769680082,0.2312395823663326,AAPL,Apple,Stock
2010-12-27,9.711060523986816,11.59571361541748,0.0,11.622857093811035,11.48285675048828,11.530357360839844,0.0,249816000,0.3331746123663787,0.1110053223254867,AAPL,Apple,Stock
2010-12-28,9.73468780517578,11.623929023742676,0.0,11.666428565979004,11.609286308288574,11.639642715454102,0.0,175924000,0.2430072879285658,0.0590525419863968,AAPL,Apple,Stock
2010-12-29,9.729302406311035,11.61750030517578,0.0,11.658928871154783,11.610713958740234,11.650713920593262,0.0,163139200,-0.0553370500463289,0.0030621891078299,AAPL,Apple,Stock
2010-12-30,9.680553436279297,11.559286117553713,0.0,11.625356674194336,11.537500381469728,11.624285697937012,0.0,157494400,-0.5023125666571272,0.2523179146216708,AAPL,Apple,Stock
2010-12-31,9.64765167236328,11.520000457763672,0.0,11.552857398986816,11.475357055664062,11.533928871154783,0.0,193508000,-0.3404537101203521,0.1159087287347127,AAPL,Apple,Stock
2011-01-03,9.85731601715088,11.770357131958008,0.0,11.795000076293944,11.601428985595703,11.630000114440918,0.0,445138400,2.149938662267677,4.6222362515133275,AAPL,Apple,Stock
2011-01-04,9.908761024475098,11.831786155700684,0.0,11.875,11.719642639160156,11.872857093811035,0.0,309080800,0.5205395423609722,0.2709614151613704,AAPL,Apple,Stock
2011-01-05,9.989815711975098,11.928570747375488,0.0,11.940713882446287,11.76785659790039,11.76964282989502,0.0,255519600,0.8146827471975312,0.6637079785813166,AAPL,Apple,Stock
2011-01-06,9.981741905212402,11.91892910003662,0.0,11.973214149475098,11.889286041259766,11.954285621643066,0.0,300428800,-0.0808530547019703,0.0065372164546398,AAPL,Apple,Stock
2011-01-07,10.053226470947266,12.00428581237793,0.0,12.012499809265137,11.853570938110352,11.928214073181152,0.0,311931200,0.7136010173915894,0.5092264120223116,AAPL,Apple,Stock
2011-01-10,10.242557525634766,12.23035717010498,0.0,12.258213996887209,12.041786193847656,12.10107135772705,0.0,448560000,1.8657721922238335,3.4811058732757303,AAPL,Apple,Stock
2011-01-11,10.218328475952148,12.20142936706543,0.0,12.31999969482422,12.123929023742676,12.317143440246582,0.0,444108000,-0.2368329602712998,0.056089851070867,AAPL,Apple,Stock
2011-01-12,10.301477432250977,12.300713539123535,0.0,12.301071166992188,12.214285850524902,12.258929252624512,0.0,302590400,0.8104307786429068,0.6567980469717482,AAPL,Apple,Stock
2011-01-13,10.33916187286377,12.34571361541748,0.0,12.380000114440918,12.280357360839844,12.327142715454102,0.0,296780400,0.3651484038583471,0.1333333568402985,AAPL,Apple,Stock
2011-01-14,10.4229097366333,12.445713996887209,0.0,12.445713996887209,12.30142879486084,12.353214263916016,0.0,308840000,0.8067433689771404,0.6508348633885864,AAPL,Apple,Stock
2011-01-18,10.188715934753418,12.166070938110352,0.0,12.312856674194336,11.64285659790039,11.76857089996338,0.0,1880998000,-2.272541569848401,5.164445186689034,AAPL,Apple,Stock
2011-01-19,10.134583473205566,12.101428985595703,0.0,12.449999809265137,12.031429290771484,12.441070556640623,0.0,1135612800,-0.5327145802223204,0.283784823981443,AAPL,Apple,Stock
2011-01-20,9.950335502624512,11.881428718566896,0.0,12.08214282989502,11.789999961853027,12.01535701751709,0.0,764789200,-1.8347411742299344,3.366275176414639,AAPL,Apple,Stock
2011-01-21,9.772071838378906,11.668571472167969,0.0,11.960000038146973,11.665356636047363,11.92035675048828,0.0,754401200,-1.8077764639323337,3.268055743547692,AAPL,Apple,Stock
2011-01-24,10.09300422668457,12.051786422729492,0.0,12.051786422729492,11.668571472167969,11.67392921447754,0.0,574683200,3.231402821104984,10.44196419224525,AAPL,Apple,Stock
2011-01-25,10.211146354675291,12.192856788635254,0.0,12.194286346435549,11.948928833007812,12.011786460876465,0.0,546868000,1.163737048056626,1.35428391701955,AAPL,Apple,Stock
2011-01-26,10.284425735473633,12.280357360839844,0.0,12.342857360839844,12.196429252624512,12.248571395874023,0.0,506875600,0.7150782884181395,0.5113369585670159,AAPL,Apple,Stock
2011-01-27,10.26528263092041,12.25749969482422,0.0,12.310357093811035,12.243928909301758,12.277856826782228,0.0,285026000,-0.1863102847913273,0.0347115222190254,AAPL,Apple,Stock
2011-01-28,10.052626609802246,12.003570556640623,0.0,12.300000190734863,11.911786079406738,12.291786193847656,0.0,592057200,-2.0933628980127588,4.382168222776376,AAPL,Apple,Stock
2011-01-31,10.148937225341797,12.118571281433104,0.0,12.144286155700684,11.939286231994627,11.992856979370115,0.0,377246800,0.953503857557137,0.9091696063763408,AAPL,Apple,Stock
2011-02-01,10.319721221923828,12.322500228881836,0.0,12.344642639160156,12.177857398986816,12.189286231994627,0.0,426633200,1.6687753166301715,2.78481105739413,AAPL,Apple,Stock
2011-02-02,10.298483848571776,12.29714298248291,0.0,12.33035659790039,12.26964282989502,12.301786422729492,0.0,258955200,-0.2060061076134091,0.0424385163740274,AAPL,Apple,Stock
2011-02-03,10.272167205810549,12.265713691711426,0.0,12.294285774230955,12.091071128845217,12.278571128845217,0.0,393797600,-0.2558660593582263,0.0654674403315074,AAPL,Apple,Stock
2011-02-04,10.363686561584473,12.375,0.0,12.382143020629885,12.268214225769045,12.272856712341309,0.0,321840400,0.8869994606695509,0.7867680432280743,AAPL,Apple,Stock
2011-02-07,10.524603843688965,12.567143440246582,0.0,12.616070747375488,12.415714263916016,12.424642562866213,0.0,485021600,1.5407720059512664,2.373978374323089,AAPL,Apple,Stock
2011-02-08,10.62389850616455,12.685713768005373,0.0,12.697142601013184,12.576786041259766,12.631428718566896,0.0,381040800,0.939030012276484,0.8817773639559734,AAPL,Apple,Stock
2011-02-09,10.712430953979492,12.791428565979004,0.0,12.821429252624512,12.67392921447754,12.685357093811035,0.0,482745200,0.8298799105319551,0.6887006659045258,AAPL,Apple,Stock
2011-02-10,10.60415744781494,12.662142753601074,0.0,12.85714340209961,12.428570747375488,12.76392936706543,0.0,928550000,-1.0158702252660077,1.031992314582009,AAPL,Apple,Stock
2011-02-11,10.67325210571289,12.744643211364746,0.0,12.778571128845217,12.626428604125977,12.66964340209961,0.0,367572800,0.6494672257550709,0.4218076773299882,AAPL,Apple,Stock
2011-02-14,10.74294090270996,12.82785701751709,0.0,12.838570594787598,12.739643096923828,12.74250030517578,0.0,310416400,0.6508070126354423,0.4235497676954687,AAPL,Apple,Stock
2011-02-15,10.764476776123049,12.853570938110352,0.0,12.856071472167969,12.76964282989502,12.828213691711426,0.0,284174800,0.200264680142591,0.0401059421126142,AAPL,Apple,Stock
2011-02-16,10.861084938049316,12.968929290771484,0.0,13.032142639160156,12.875,12.885713577270508,0.0,481157600,0.8934686264059235,0.7982861863716877,AAPL,Apple,Stock
2011-02-17,10.71662139892578,12.796428680419922,0.0,12.866786003112791,12.73285675048828,12.758929252624512,0.0,530583200,-1.3390273774255417,1.792994317495124,AAPL,Apple,Stock
2011-02-18,10.48512077331543,12.520000457763672,0.0,12.839285850524902,12.48285675048828,12.811071395874023,0.0,816057200,-2.1838754992813865,4.769312196361525,AAPL,Apple,Stock
2011-02-22,10.127703666687012,12.09321403503418,0.0,12.33571434020996,12.061429023742676,12.219642639160156,0.0,872555600,-3.4682576807962224,12.028811340401992,AAPL,Apple,Stock
2011-02-23,10.247640609741213,12.23642921447754,0.0,12.308570861816406,12.09321403503418,12.098929405212402,0.0,671854400,1.1772888517077114,1.3860090403552616,AAPL,Apple,Stock
2011-02-24,10.255414009094238,12.24571418762207,0.0,12.326786041259766,12.084643363952637,12.286429405212402,0.0,499900800,0.0758267474773331,0.0057496956329912,AAPL,Apple,Stock
2011-02-25,10.413333892822266,12.434286117553713,0.0,12.443928718566896,12.314286231994627,12.330714225769045,0.0,380018800,1.5281327884304243,2.335189819076145,AAPL,Apple,Stock
2011-02-28,10.56437873840332,12.614643096923828,0.0,12.680356979370115,12.539999961853027,12.544285774230955,0.0,403074000,1.440075555959628,2.073817606872432,AAPL,Apple,Stock
2011-03-01,10.447731018066406,12.475357055664062,0.0,12.704285621643066,12.417142868041992,12.695357322692873,0.0,456136800,-1.110301821362014,1.2327701345198054,AAPL,Apple,Stock
2011-03-02,10.531774520874023,12.575714111328123,0.0,12.655357360839844,12.442856788635254,12.498571395874023,0.0,602590800,0.8012005071275909,0.6419222526215089,AAPL,Apple,Stock
2011-03-03,10.75430679321289,12.841428756713867,0.0,12.849642753601074,12.71142864227295,12.756786346435549,0.0,500788400,2.0909473820153632,4.372060954356901,AAPL,Apple,Stock
2011-03-04,10.767465591430664,12.85714340209961,0.0,12.86750030517578,12.776785850524902,12.85964298248291,0.0,453266800,0.1222836077096451,0.0149532807144863,AAPL,Apple,Stock
2011-03-07,10.62868595123291,12.691429138183594,0.0,12.916786193847656,12.546786308288574,12.907142639160156,0.0,546123200,-1.2972574638732388,1.6828769275748274,AAPL,Apple,Stock
2011-03-08,10.64065170288086,12.705714225769045,0.0,12.764286041259766,12.58035659790039,12.6753568649292,0.0,356316800,0.1125164601260453,0.0126599537992959,AAPL,Apple,Stock
2011-03-09,10.542247772216797,12.588213920593262,0.0,12.670000076293944,12.521429061889648,12.667499542236328,0.0,453306000,-0.9290950811100392,0.8632176697428702,AAPL,Apple,Stock
2011-03-10,10.36877155303955,12.381071090698242,0.0,12.491786003112791,12.317856788635254,12.468570709228516,0.0,507539200,-1.6592227889373543,2.753020263329053,AAPL,Apple,Stock
2011-03-11,10.5278902053833,12.571070671081545,0.0,12.582857131958008,12.321429252624512,12.333213806152344,0.0,471080400,1.5229392100545007,2.319343837521427,AAPL,Apple,Stock
2011-03-14,10.574848175048828,12.627142906188965,0.0,12.73142910003662,12.546786308288574,12.613571166992188,0.0,435957200,0.4450422151295755,0.1980625732474394,AAPL,Apple,Stock
2011-03-15,10.33168601989746,12.336786270141602,0.0,12.422857284545898,12.146429061889648,12.217857360839844,0.0,721081200,-2.3262882180451903,5.411616873415866,AAPL,Apple,Stock
2011-03-16,9.870476722717283,11.786070823669434,0.0,12.25,11.652142524719238,12.214285850524902,0.0,1162011200,-4.566733322648486,20.85505324018808,AAPL,Apple,Stock
2011-03-17,10.00896167755127,11.95142936706543,0.0,12.128929138183594,11.809286117553713,12.029643058776855,0.0,659422400,1.3932706977633118,1.941203237245866,AAPL,Apple,Stock
2011-03-18,9.890216827392578,11.809642791748049,0.0,12.078571319580078,11.785714149475098,12.040356636047363,0.0,753214000,-1.1934790134120603,1.4243921554550247,AAPL,Apple,Stock
2011-03-21,10.148341178894045,12.117856979370115,0.0,12.133570671081545,11.973570823669434,11.999643325805664,0.0,409402000,2.5764192184241823,6.6379359890654746,AAPL,Apple,Stock
2011-03-22,10.205164909362791,12.185713768005373,0.0,12.23642921447754,12.112142562866213,12.234286308288574,0.0,325922800,0.5583694313707099,0.31177642188925,AAPL,Apple,Stock
2011-03-23,10.145050048828123,12.11392879486084,0.0,12.150713920593262,11.998213768005373,12.117142677307127,0.0,372996400,-0.5908049179568692,0.3490504510820229,AAPL,Apple,Stock
2011-03-24,10.31792449951172,12.320357322692873,0.0,12.35714340209961,12.102143287658691,12.208929061889648,0.0,404712000,1.6896718823949366,2.8549910701560486,AAPL,Apple,Stock
2011-03-25,10.514429092407228,12.55500030517578,0.0,12.57357120513916,12.39357089996338,12.431071281433104,0.0,448910000,1.8865887653856264,3.559217169679263,AAPL,Apple,Stock
2011-03-28,10.481529235839844,12.515713691711426,0.0,12.65428638458252,12.515713691711426,12.612500190734863,0.0,309355200,-0.3133925394607594,0.0982148837896636,AAPL,Apple,Stock
2011-03-29,10.497084617614746,12.53428554534912,0.0,12.53428554534912,12.359286308288574,12.416428565979004,0.0,352900800,0.148297544674475,0.0219921617564779,AAPL,Apple,Stock
2011-03-30,10.427393913269045,12.45107078552246,0.0,12.531429290771484,12.408571243286133,12.522856712341309,0.0,329406000,-0.6661189853066382,0.4437145025859452,AAPL,Apple,Stock
2011-03-31,10.423805236816406,12.446785926818848,0.0,12.492856979370115,12.359286308288574,12.369999885559082,0.0,274019200,-0.0344217755750116,0.0011848586337364,AAPL,Apple,Stock
2011-04-01,10.3056640625,12.305713653564451,0.0,12.556785583496094,12.260713577270508,12.539643287658691,0.0,418661600,-1.1398502464346592,1.2992585842971531,AAPL,Apple,Stock
2011-04-04,10.204867362976074,12.185357093811035,0.0,12.307143211364746,12.08571434020996,12.296786308288574,0.0,460084800,-0.9828854152885532,0.966063739586952,AAPL,Apple,Stock
2011-04-05,10.136075973510742,12.103214263916016,0.0,12.223214149475098,12.0,12.035357475280762,0.0,482731200,-0.6763860514552813,0.4574980906032664,AAPL,Apple,Stock
2011-04-06,10.110651969909668,12.072856903076172,0.0,12.282142639160156,12.040714263916016,12.186429023742676,0.0,402539200,-0.2511419823987256,0.0630722953231618,AAPL,Apple,Stock
2011-04-07,10.111848831176758,12.074286460876465,0.0,12.15821361541748,12.001070976257324,12.074999809265137,0.0,373447200,0.0118369264045044,0.0001401128267056,AAPL,Apple,Stock
2011-04-08,10.02151870727539,11.966428756713867,0.0,12.14821434020996,11.926786422729492,12.140000343322754,0.0,377535200,-0.8973236080390393,0.8051896575441995,AAPL,Apple,Stock
2011-04-11,9.894104957580566,11.814286231994627,0.0,11.988213539123535,11.786429405212402,11.930713653564451,0.0,398946800,-1.279553080958583,1.6372560869906012,AAPL,Apple,Stock
2011-04-12,9.941962242126465,11.871429443359377,0.0,11.91892910003662,11.79285717010498,11.803214073181152,0.0,425639200,0.4825288896310358,0.2328341293285603,AAPL,Apple,Stock
2011-04-13,10.053522109985352,12.004643440246582,0.0,12.005000114440918,11.875714302062988,11.96500015258789,0.0,346220000,1.115862196319651,1.2451484411753146,AAPL,Apple,Stock
2011-04-14,9.94255828857422,11.872142791748049,0.0,12.0,11.859286308288574,11.95714282989502,0.0,301800800,-1.1098671164080025,1.231805016083814,AAPL,Apple,Stock
2011-04-15,9.79421043395996,11.69499969482422,0.0,11.915714263916016,11.671428680419922,11.903571128845217,0.0,453605600,-1.5032921592646555,2.2598873161065907,AAPL,Apple,Stock
2011-04-18,9.925511360168455,11.85178565979004,0.0,11.865357398986816,11.434286117553713,11.646429061889648,0.0,609898800,1.331690862406751,1.773400553017636,AAPL,Apple,Stock
2011-04-19,10.10527229309082,12.066429138183594,0.0,12.070713996887209,11.84678554534912,11.896429061889648,0.0,419378400,1.794894918358345,3.2216477679486095,AAPL,Apple,Stock
2011-04-20,10.24135684967041,12.228928565979004,0.0,12.348214149475098,12.196429252624512,12.268214225769045,0.0,700666400,1.337681881928393,1.789392817239488,AAPL,Apple,Stock
2011-04-21,10.48930549621582,12.524999618530272,0.0,12.68321418762207,12.447142601013184,12.678570747375488,0.0,753810400,2.392209826134593,5.7226678522549,AAPL,Apple,Stock
2011-04-25,10.558398246765137,12.607500076293944,0.0,12.633929252624512,12.510713577270508,12.5121431350708,0.0,266546000,0.6565371650476884,0.4310410490888557,AAPL,Apple,Stock
2011-04-26,10.48093318939209,12.515000343322754,0.0,12.678214073181152,12.47678565979004,12.62928581237793,0.0,338800000,-0.7363865877852668,0.5422652066700284,AAPL,Apple,Stock
2011-04-27,10.472858428955078,12.505356788635254,0.0,12.583929061889648,12.396429061889648,12.579999923706056,0.0,356213200,-0.077072073482387,0.0059401045108744,AAPL,Apple,Stock
2011-04-28,10.371163368225098,12.383929252624512,0.0,12.491070747375488,12.34000015258789,12.36392879486084,0.0,360959200,-0.9757797091445838,0.9521460407782886,AAPL,Apple,Stock
2011-04-29,10.47225856781006,12.504643440246582,0.0,12.641071319580078,12.381071090698242,12.385000228881836,0.0,1006345200,0.9700517760394354,0.9410004481972628,AAPL,Apple,Stock
2011-05-02,10.357107162475586,12.367142677307127,0.0,12.516785621643066,12.339285850524902,12.490714073181152,0.0,442713600,-1.105675323438106,1.2225179208599604,AAPL,Apple,Stock
2011-05-03,10.414535522460938,12.435713768005373,0.0,12.496070861816406,12.343570709228516,12.428214073181152,0.0,313348000,0.5529510321484303,0.3057548439540144,AAPL,Apple,Stock
2011-05-04,10.455509185791016,12.48464298248291,0.0,12.565357208251951,12.38857078552246,12.437856674194336,0.0,389250400,0.3926557565800928,0.154178543175485,AAPL,Apple,Stock
2011-05-05,10.371163368225098,12.383929252624512,0.0,12.533928871154783,12.358928680419922,12.442856788635254,0.0,335969200,-0.8099832413298683,0.6560728512352397,AAPL,Apple,Stock
2011-05-06,10.368473052978516,12.380714416503906,0.0,12.5,12.364643096923828,12.48892879486084,0.0,280134400,-0.0259437070837158,0.0006730759372456,AAPL,Apple,Stock
2011-05-09,10.396588325500488,12.41428565979004,0.0,12.471428871154783,12.376070976257324,12.42357063293457,0.0,204747200,0.2707941882778517,0.0733294924050606,AAPL,Apple,Stock
2011-05-10,10.451916694641112,12.48035717010498,0.0,12.48892879486084,12.380714416503906,12.460356712341309,0.0,282091600,0.5307670643699675,0.2817136766199132,AAPL,Apple,Stock
2011-05-11,10.38551902770996,12.401070594787598,0.0,12.5,12.329999923706056,12.46500015258789,0.0,336000000,-0.6372942673064841,0.4061439831417084,AAPL,Apple,Stock
2011-05-12,10.3657808303833,12.3774995803833,0.0,12.397143363952637,12.223929405212402,12.36142921447754,0.0,322000000,-0.190235825363183,0.0361896692516114,AAPL,Apple,Stock
2011-05-13,10.184232711791992,12.160714149475098,0.0,12.366070747375488,12.155357360839844,12.345000267028809,0.0,326116000,-1.7669364700765453,3.1220644892865623,AAPL,Apple,Stock
2011-05-16,9.968880653381348,11.903571128845217,0.0,12.186429023742676,11.878570556640623,12.114286422729492,0.0,449775200,-2.137240552533634,4.567797179394274,AAPL,Apple,Stock
2011-05-17,10.053823471069336,12.005000114440918,0.0,12.005000114440918,11.811785697937012,11.85714340209961,0.0,452334400,0.8484700842262223,0.7199014838268527,AAPL,Apple,Stock
2011-05-18,10.165383338928224,12.138214111328123,0.0,12.180356979370115,12.0,12.016785621643066,0.0,334776400,1.103515098302985,1.217745572182647,AAPL,Apple,Stock
2011-05-19,10.185123443603516,12.161786079406738,0.0,12.228928565979004,12.095356941223145,12.217143058776855,0.0,261170000,0.1940011723291916,0.0376364548651007,AAPL,Apple,Stock
2011-05-20,10.026304244995115,11.972143173217772,0.0,12.176786422729492,11.96500015258789,12.127142906188965,0.0,337968400,-1.571610576128062,2.4699598029975784,AAPL,Apple,Stock
2011-05-23,10.001782417297363,11.942856788635254,0.0,11.999285697937012,11.765000343322754,11.784643173217772,0.0,383600000,-0.2448745141230222,0.0599635276669861,AAPL,Apple,Stock
2011-05-24,9.93568229675293,11.86392879486084,0.0,11.996429443359377,11.833571434020996,11.98214340209961,0.0,321927200,-0.6630769125179037,0.4396709919142756,AAPL,Apple,Stock
2011-05-25,10.072968482971191,12.027856826782228,0.0,12.091428756713867,11.887499809265137,11.90821361541748,0.0,294224000,1.3722898378029191,1.883179398937162,AAPL,Apple,Stock
2011-05-26,10.019726753234863,11.964285850524902,0.0,12.03178596496582,11.943928718566896,11.998929023742676,0.0,222560800,-0.5299622944821627,0.2808600335727985,AAPL,Apple,Stock
2011-05-27,10.091804504394531,12.0503568649292,0.0,12.05821418762207,11.939642906188965,11.95714282989502,0.0,203599200,0.716783409836335,0.5137784566166035,AAPL,Apple,Stock
2011-05-31,10.403465270996094,12.422499656677246,0.0,12.422499656677246,12.178570747375488,12.182143211364746,0.0,417754400,3.0415290536058985,9.250898983928792,AAPL,Apple,Stock
2011-06-01,10.334074020385742,12.339642524719238,0.0,12.57607078552246,12.308929443359377,12.459643363952637,0.0,554682800,-0.6692357142702627,0.4478764412548287,AAPL,Apple,Stock
2011-06-02,10.35171890258789,12.360713958740234,0.0,12.427857398986816,12.296428680419922,12.375,0.0,338783200,0.1705990826392735,0.0291040469973616,AAPL,Apple,Stock
2011-06-03,10.272167205810549,12.265713691711426,0.0,12.333213806152344,12.214642524719238,12.256428718566896,0.0,313250000,-0.7714558827394585,0.5951441790133172,AAPL,Apple,Stock
2011-06-06,10.110651969909668,12.072856903076172,0.0,12.39464282989502,12.064642906188965,12.346428871154783,0.0,461941200,-1.5848506059147092,2.5117514430682206,AAPL,Apple,Stock
2011-06-07,9.931194305419922,11.85857105255127,0.0,12.079285621643066,11.853570938110352,12.077500343322754,0.0,529785200,-1.7908775306145197,3.2072423296599593,AAPL,Apple,Stock
2011-06-08,9.937177658081056,11.865714073181152,0.0,11.95714282989502,11.808929443359377,11.849286079406738,0.0,333723600,0.0602299257634646,0.0036276439574724,AAPL,Apple,Stock
2011-06-09,9.914742469787598,11.838929176330566,0.0,11.916786193847656,11.8125,11.901785850524902,0.0,275088800,-0.2260254695794083,0.051087512898592,AAPL,Apple,Stock
2011-06-10,9.747552871704102,11.639286041259766,0.0,11.845000267028809,11.625356674194336,11.805356979370115,0.0,433955200,-1.700652184631715,2.892217853092625,AAPL,Apple,Stock
2011-06-13,9.768485069274902,11.66428565979004,0.0,11.725357055664062,11.60964298248291,11.685713768005373,0.0,329473200,0.2145128602523077,0.046015767213626,AAPL,Apple,Stock
2011-06-14,9.943159103393556,11.872857093811035,0.0,11.901785850524902,11.76107120513916,11.785714149475098,0.0,334569200,1.772339282598066,3.141186532640227,AAPL,Apple,Stock
2011-06-15,9.772974967956545,11.66964340209961,0.0,11.796428680419922,11.602856636047363,11.776785850524902,0.0,399196000,-1.7263867411595593,2.980411180051523,AAPL,Apple,Stock
2011-06-16,9.725414276123049,11.6128568649292,0.0,11.738571166992188,11.368928909301758,11.675000190734863,0.0,510591200,-0.4878432322100255,0.2379910192131249,AAPL,Apple,Stock
2011-06-17,9.57886028289795,11.437856674194336,0.0,11.758929252624512,11.40571403503418,11.749643325805664,0.0,615020000,-1.518387116118754,2.305499434395427,AAPL,Apple,Stock
2011-06-20,9.431107521057127,11.261428833007812,0.0,11.346428871154783,11.089285850524902,11.334285736083984,0.0,640645600,-1.5545080214540314,2.4164951887649275,AAPL,Apple,Stock
2011-06-21,9.72960090637207,11.617856979370115,0.0,11.635713577270508,11.257143020629885,11.3100004196167,0.0,493382400,3.1159342231183573,9.7090460828002,AAPL,Apple,Stock
2011-06-22,9.649147033691406,11.521785736083984,0.0,11.746429443359377,11.51357078552246,11.6128568649292,0.0,390583200,-0.8303357386656659,0.689457438905457,AAPL,Apple,Stock
2011-06-23,9.906968116760254,11.82964324951172,0.0,11.846071243286133,11.36142921447754,11.390713691711426,0.0,559759200,2.6368838578783707,6.953156479939519,AAPL,Apple,Stock
2011-06-24,9.76100730895996,11.655357360839844,0.0,11.89821434020996,11.610357284545898,11.834643363952637,0.0,439807200,-1.4842756747304606,2.203074278596564,AAPL,Apple,Stock
2011-06-27,9.931194305419922,11.85857105255127,0.0,11.925000190734863,11.6875,11.6996431350708,0.0,339813600,1.728514028939069,2.9877607482391726,AAPL,Apple,Stock
2011-06-28,10.027501106262209,11.973570823669434,0.0,12.024999618530272,11.908571243286133,11.916070938110352,0.0,294299600,0.9650685710831488,0.9313573468924706,AAPL,Apple,Stock
2011-06-29,9.991013526916504,11.93000030517578,0.0,12.013214111328123,11.852856636047363,12.001428604125977,0.0,352545200,-0.3645387324763172,0.13288848747544,AAPL,Apple,Stock
2011-06-30,10.03976058959961,11.988213539123535,0.0,12.004643440246582,11.8871431350708,11.953571319580078,0.0,322954800,0.4867226661727062,0.2368989537662676,AAPL,Apple,Stock
2011-07-01,10.266782760620115,12.259285926818848,0.0,12.26785659790039,11.935713768005373,11.998213768005373,0.0,435313200,2.2360440778233155,4.999893117968721,AAPL,Apple,Stock
2011-07-05,10.451323509216309,12.479642868041992,0.0,12.493928909301758,12.23214340209961,12.25,0.0,355054000,1.7814912890735353,3.1737112130448866,AAPL,Apple,Stock
2011-07-06,10.52100944519043,12.562856674194336,0.0,12.646429061889648,12.38249969482422,12.462499618530272,0.0,444626000,0.6645535581370593,0.4416314316326258,AAPL,Apple,Stock
2011-07-07,10.68371868133545,12.757143020629885,0.0,12.785714149475098,12.64285659790039,12.666786193847656,0.0,399663600,1.5346806491660063,2.3552446949245947,AAPL,Apple,Stock
2011-07-08,10.758794784545898,12.84678554534912,0.0,12.85714340209961,12.578571319580078,12.619285583496094,0.0,489633200,0.7002575525116633,0.4903606398496249,AAPL,Apple,Stock
2011-07-11,10.588006973266602,12.64285659790039,0.0,12.848929405212402,12.600713729858398,12.726428985595703,0.0,442674400,-1.6001596623413543,2.5605109449843977,AAPL,Apple,Stock
2011-07-12,10.58052921295166,12.633929252624512,0.0,12.774286270141602,12.450714111328123,12.626070976257324,0.0,451609200,-0.0706497658619095,0.0049913894163426,AAPL,Apple,Stock
2011-07-13,10.708243370056152,12.786429405212402,0.0,12.85714340209961,12.727856636047363,12.797499656677246,0.0,391638800,1.1998407965146476,1.439617936980904,AAPL,Apple,Stock
2011-07-14,10.70076847076416,12.77750015258789,0.0,12.914643287658691,12.726428985595703,12.893214225769045,0.0,430533600,-0.0698294685556617,0.0048761546787661,AAPL,Apple,Stock
2011-07-15,10.914623260498049,13.032856941223145,0.0,13.035714149475098,12.827500343322754,12.89892864227295,0.0,484467200,1.9787915061380164,3.915615824763959,AAPL,Apple,Stock
2011-07-18,11.180219650268556,13.350000381469728,0.0,13.380356788635254,13.045714378356934,13.051071166992188,0.0,572653200,2.4042640600583987,5.7804856704884955,AAPL,Apple,Stock
2011-07-19,11.27144718170166,13.458929061889648,0.0,13.52321434020996,13.332857131958008,13.5,0.0,819145600,0.8126615648194887,0.66041881893486,AAPL,Apple,Stock
2011-07-20,11.57203483581543,13.817856788635254,0.0,14.15250015258789,13.785714149475098,14.147143363952637,0.0,941340400,2.6318667566572427,6.926722624797514,AAPL,Apple,Stock
2011-07-21,11.583700180053713,13.831786155700684,0.0,13.930713653564451,13.71071434020996,13.819643020629885,0.0,526534400,0.1007555598398736,0.0101516828386463,AAPL,Apple,Stock
2011-07-22,11.763456344604492,14.046428680419922,0.0,14.108928680419922,13.848214149475098,13.868571281433104,0.0,516728800,1.5398853080780828,2.371246762034732,AAPL,Apple,Stock
2011-07-25,11.918992042541504,14.23214340209961,0.0,14.285714149475098,13.914999961853027,13.941070556640623,0.0,589806000,1.3135291729872485,1.7253588882885649,AAPL,Apple,Stock
2011-07-26,12.065844535827637,14.407500267028809,0.0,14.446429252624512,14.274286270141602,14.285714149475098,0.0,476582400,1.2245597580205847,1.4995466009634328,AAPL,Apple,Stock
2011-07-27,11.74221897125244,14.021071434020996,0.0,14.380000114440918,14.005356788635254,14.306785583496094,0.0,659324400,-2.7187889436256487,7.391813319981071,AAPL,Apple,Stock
2011-07-28,11.719194412231444,13.993571281433104,0.0,14.178214073181152,13.861785888671877,13.98642921447754,0.0,594034000,-0.1962760387565526,0.0385242833899637,AAPL,Apple,Stock
2011-07-29,11.679113388061523,13.945713996887209,0.0,14.112500190734863,13.714285850524902,13.84428596496582,0.0,632584400,-0.3425979666197747,0.1173733667320043,AAPL,Apple,Stock
2011-08-01,11.866647720336914,14.16964340209961,0.0,14.26785659790039,14.013214111328123,14.206428527832031,0.0,612836000,1.5929686625274395,2.53754915979446,AAPL,Apple,Stock
2011-08-02,11.63215446472168,13.889642715454102,0.0,14.21071434020996,13.869643211364746,14.201786041259766,0.0,639539600,-1.9958552593030336,3.983438216087579,AAPL,Apple,Stock
2011-08-03,11.741626739501951,14.020357131958008,0.0,14.055356979370115,13.651429176330566,13.963570594787598,0.0,732508000,0.9367168647853408,0.8774384847732786,AAPL,Apple,Stock
2011-08-04,11.286996841430664,13.477499961853027,0.0,13.975713729858398,13.47678565979004,13.907500267028809,0.0,871407600,-3.9489027510503134,15.593832937252731,AAPL,Apple,Stock
2011-08-05,11.174835205078123,13.343570709228516,0.0,13.696429252624512,12.948928833007812,13.587142944335938,0.0,1204590800,-0.9986947490361432,0.9973912017523652,AAPL,Apple,Stock
2011-08-08,10.56437873840332,12.614643096923828,0.0,13.134642601013184,12.60785675048828,12.917499542236328,0.0,1143833600,-5.617654805063619,31.55804550885437,AAPL,Apple,Stock
2011-08-09,11.18650245666504,13.357500076293944,0.0,13.378929138183594,12.678570747375488,12.903571128845217,0.0,1082583600,5.722006814966987,32.74136199052864,AAPL,Apple,Stock
2011-08-10,10.877832412719728,12.98892879486084,0.0,13.380356788635254,12.946429252624512,13.255356788635254,0.0,878656800,-2.7980918933347736,7.829318243545778,AAPL,Apple,Stock
2011-08-11,11.177228927612305,13.346428871154783,0.0,13.408928871154783,13.025713920593262,13.23285675048828,0.0,741969200,2.715158241298674,7.372084275292109,AAPL,Apple,Stock
2011-08-12,11.275633811950684,13.463929176330566,0.0,13.558570861816406,13.365357398986816,13.5024995803833,0.0,528976000,0.8765520508627035,0.7683434978716115,AAPL,Apple,Stock
2011-08-15,11.467650413513184,13.693214416503906,0.0,13.748929023742676,13.503213882446287,13.55821418762207,0.0,460544000,1.6885966178443217,2.8513585377952815,AAPL,Apple,Stock
2011-08-16,11.380014419555664,13.588570594787598,0.0,13.69178581237793,13.430713653564451,13.625714302062988,0.0,498750000,-0.7671368113818335,0.5884988873770869,AAPL,Apple,Stock
2011-08-17,11.378820419311523,13.587142944335938,0.0,13.73285675048828,13.5,13.653928756713867,0.0,442061200,-0.0104926306965191,0.0001100952989335,AAPL,Apple,Stock
2011-08-18,10.948420524597168,13.073213577270508,0.0,13.308929443359377,12.906070709228516,13.244285583496094,0.0,851435200,-3.855856795742635,14.867631629274664,AAPL,Apple,Stock
2011-08-19,10.648727416992188,12.715356826782228,0.0,13.10714340209961,12.714285850524902,12.934642791748049,0.0,775888400,-2.775480787573369,7.703293602188889,AAPL,Apple,Stock
2011-08-22,10.66098976135254,12.729999542236328,0.0,13.031429290771484,12.681785583496094,13.018214225769045,0.0,535315200,0.115086893093719,0.0132449929619651,AAPL,Apple,Stock
2011-08-23,11.174238204956056,13.342857360839844,0.0,13.34428596496582,12.75,12.867856979370115,0.0,656835200,4.701970601263093,22.10852753514241,AAPL,Apple,Stock
2011-08-24,11.251407623291016,13.4350004196167,0.0,13.53428554534912,13.235713958740234,13.338213920593262,0.0,626267600,0.6882274296523713,0.4736569949259096,AAPL,Apple,Stock
2011-08-25,11.177826881408691,13.347143173217772,0.0,13.408928871154783,13.035714149475098,13.03857135772705,0.0,871346000,-0.6561169604889527,0.4304894658412619,AAPL,Apple,Stock
2011-08-26,11.472735404968262,13.699286460876465,0.0,13.70714282989502,13.242856979370115,13.256071090698242,0.0,641477200,2.604131285216797,6.781499750644887,AAPL,Apple,Stock
2011-08-29,11.663856506347656,13.927499771118164,0.0,13.98214340209961,13.85714340209961,13.863571166992188,0.0,405269200,1.6521486781859769,2.72959525483167,AAPL,Apple,Stock
2011-08-30,11.664453506469728,13.928214073181152,0.0,13.994285583496094,13.793213844299316,13.866070747375488,0.0,417922400,0.0051182457869614,2.6196439935748585e-05,AAPL,Apple,Stock
2011-08-31,11.510125160217283,13.743928909301758,0.0,14.002857208251951,13.637857437133787,13.948928833007812,0.0,522586400,-1.3318958664500054,1.7739465990666106,AAPL,Apple,Stock
2011-09-01,11.396466255187988,13.608214378356934,0.0,13.833571434020996,13.597143173217772,13.77928638458252,0.0,343725200,-0.9923766983766752,0.9848115114809908,AAPL,Apple,Stock
2011-09-02,11.187699317932127,13.358928680419922,0.0,13.5,13.279643058776855,13.383570671081545,0.0,438939200,-1.8488430162089675,3.4182204985846725,AAPL,Apple,Stock
2011-09-06,11.35788345336914,13.562143325805664,0.0,13.583213806152344,13.088570594787598,13.120356559753418,0.0,509698000,1.5097180639247123,2.2792486325405825,AAPL,Apple,Stock
2011-09-07,11.48320484161377,13.711786270141602,0.0,13.771429061889648,13.64285659790039,13.770000457763672,0.0,350576800,1.0973439109887857,1.2041636589841636,AAPL,Apple,Stock
2011-09-08,11.489486694335938,13.71928596496582,0.0,13.878929138183594,13.653928756713867,13.657142639160156,0.0,416158400,0.0546897421132528,0.0029909678924141,AAPL,Apple,Stock
2011-09-09,11.29028606414795,13.48142910003662,0.0,13.785714149475098,13.39357089996338,13.711786270141602,0.0,564813200,-1.748970106578912,3.058896433706651,AAPL,Apple,Stock
2011-09-12,11.363862991333008,13.569286346435549,0.0,13.602856636047363,13.282142639160156,13.321429252624512,0.0,467832400,0.649569186761338,0.421940128389786,AAPL,Apple,Stock
2011-09-13,11.50384521484375,13.73642921447754,0.0,13.793213844299316,13.58035659790039,13.647856712341309,0.0,440560400,1.2242938446961895,1.4988954181609777,AAPL,Apple,Stock
2011-09-14,11.643821716308594,13.903571128845217,0.0,14.00749969482422,13.777142524719238,13.822142601013184,0.0,534724400,1.209436857007495,1.4627375110881675,AAPL,Apple,Stock
2011-09-15,11.753286361694336,14.03428554534912,0.0,14.059286117553713,13.925000190734863,13.979642868041992,0.0,417818800,0.9357177281668038,0.8755676668056445,AAPL,Apple,Stock
2011-09-16,11.978804588317873,14.303570747375488,0.0,14.303570747375488,14.108214378356934,14.126428604125977,0.0,698513200,1.9005911920722425,3.612246879382587,AAPL,Apple,Stock
2011-09-19,12.311700820922852,14.70107078552246,0.0,14.758213996887209,14.114286422729492,14.178570747375488,0.0,823860800,2.741129268444452,7.513789666322816,AAPL,Apple,Stock
2011-09-20,12.36613655090332,14.766071319580078,0.0,15.102143287658691,14.685357093811035,14.83035659790039,0.0,775754000,0.4411717076466978,0.1946324756279034,AAPL,Apple,Stock
2011-09-21,12.326955795288086,14.71928596496582,0.0,15.056785583496094,14.714285850524902,14.987142562866213,0.0,605976000,-0.3173420967051771,0.1007060063412379,AAPL,Apple,Stock
2011-09-22,12.018281936645508,14.350713729858398,0.0,14.636428833007812,14.16785717010498,14.322500228881836,0.0,968480800,-2.5359407387930593,6.430995430670287,AAPL,Apple,Stock
2011-09-23,12.092464447021484,14.439286231994627,0.0,14.526429176330566,14.280357360839844,14.295714378356934,0.0,546277200,0.6153500457897302,0.378655678853423,AAPL,Apple,Stock
2011-09-26,12.058666229248049,14.39892864227295,0.0,14.427857398986816,13.975000381469728,14.28071403503418,0.0,812876400,-0.2798895032332475,0.0783381340201541,AAPL,Apple,Stock
2011-09-27,11.941720962524414,14.259285926818848,0.0,14.616070747375488,14.216428756713867,14.59749984741211,0.0,632497600,-0.9745358800399444,0.9497201814852292,AAPL,Apple,Stock
2011-09-28,11.874424934387209,14.178929328918455,0.0,14.419285774230955,14.161070823669434,14.292499542236328,0.0,429637600,-0.5651309622712257,0.3193730045176015,AAPL,Apple,Stock
2011-09-29,11.681803703308104,13.948928833007812,0.0,14.364643096923828,13.793213844299316,14.354286193847656,0.0,651086800,-1.6354530039576864,2.6747065281542204,AAPL,Apple,Stock
2011-09-30,11.40514087677002,13.618571281433104,0.0,13.88892936706543,13.613571166992188,13.825714111328123,0.0,547640800,-2.3968184276764073,5.7447385752492055,AAPL,Apple,Stock
2011-10-03,11.204148292541504,13.378570556640623,0.0,13.665714263916016,13.327500343322754,13.584643363952637,0.0,669099200,-1.7780114865105394,3.161324846163418,AAPL,Apple,Stock
2011-10-04,11.14133358001709,13.303570747375488,0.0,13.635713577270508,12.651429176330566,13.3774995803833,0.0,1233677200,-0.5622154701320918,0.316086234855849,AAPL,Apple,Stock
2011-10-05,11.313319206237791,13.508929252624512,0.0,13.5649995803833,12.867856979370115,13.137857437133787,0.0,786469600,1.531878413773771,2.346651474586045,AAPL,Apple,Stock
2011-10-06,11.286996841430664,13.477499961853027,0.0,13.742142677307127,13.278571128845217,13.333213806152344,0.0,812582400,-0.2329381293052963,0.0542601720842509,AAPL,Apple,Stock
2011-10-07,11.06058406829834,13.20714282989502,0.0,13.490714073181152,13.160357475280762,13.420714378356934,0.0,535458000,-2.026353736369346,4.106109464898008,AAPL,Apple,Stock
2011-10-10,11.629164695739746,13.88607120513916,0.0,13.88607120513916,13.50749969482422,13.538928985595703,0.0,442514800,5.012833694455689,25.128501648270273,AAPL,Apple,Stock
2011-10-11,11.972527503967283,14.29607105255127,0.0,14.399286270141602,13.98214340209961,14.020357131958008,0.0,605687600,2.9098509780858968,8.46723271466745,AAPL,Apple,Stock
2011-10-12,12.029356956481934,14.36392879486084,0.0,14.616070747375488,14.290714263916016,14.547857284545898,0.0,622286000,0.4735424737564143,0.2242424744513443,AAPL,Apple,Stock
2011-10-13,12.215991020202637,14.586786270141602,0.0,14.586786270141602,14.387499809265137,14.463570594787598,0.0,426185200,1.5395757599757662,2.370293520704958,AAPL,Apple,Stock
2011-10-14,12.621867179870604,15.071429252624512,0.0,15.071429252624512,14.83107089996338,14.886786460876465,0.0,573367200,3.2684967368757465,10.683070918967402,AAPL,Apple,Stock
2011-10-17,12.561747550964355,14.999643325805664,0.0,15.239286422729492,14.854999542236328,15.062143325805664,0.0,686044800,-0.4774512615117517,0.2279597071191631,AAPL,Apple,Stock
2011-10-18,12.62904453277588,15.079999923706056,0.0,15.171786308288574,14.856785774230955,15.062856674194336,0.0,881602400,0.5342995304395676,0.2854759882279424,AAPL,Apple,Stock
2011-10-19,11.922576904296877,14.23642921447754,0.0,14.58642864227295,14.20714282989502,14.333929061889648,0.0,1104059600,-5.7565461369823465,33.13782342720638,AAPL,Apple,Stock
2011-10-20,11.823573112487791,14.118213653564451,0.0,14.298213958740234,14.07892894744873,14.285714149475098,0.0,549270400,-0.8338561442268817,0.6953160692649222,AAPL,Apple,Stock
2011-10-21,11.750592231750488,14.031070709228516,0.0,14.255000114440918,13.95535659790039,14.217857360839844,0.0,621244400,-0.6191618054922573,0.3833613413804319,AAPL,Apple,Stock
2011-10-24,12.136429786682127,14.491786003112791,0.0,14.51785659790039,14.121429443359377,14.149286270141602,0.0,502138000,3.2308013592956244,10.438077423226456,AAPL,Apple,Stock
2011-10-25,11.897153854370115,14.20607089996338,0.0,14.51964282989502,14.192143440246582,14.465356826782228,0.0,430427200,-1.9912456005467556,3.9650590416968097,AAPL,Apple,Stock
2011-10-26,11.98179817199707,14.307143211364746,0.0,14.376786231994627,14.041070938110352,14.348570823669434,0.0,456304800,0.7089479643570453,0.5026072161659985,AAPL,Apple,Stock
2011-10-27,12.104124069213867,14.453213691711426,0.0,14.60714340209961,14.353214263916016,14.555713653564451,0.0,494664800,1.0157547445819437,1.0317577011407295,AAPL,Apple,Stock
2011-10-28,12.111905097961426,14.462499618530272,0.0,14.512499809265137,14.375356674194336,14.39285659790039,0.0,322842800,0.0642634592288051,0.0041297921920523,AAPL,Apple,Stock
2011-10-31,12.106819152832031,14.456428527832031,0.0,14.618928909301758,14.323213577270508,14.372142791748049,0.0,385501200,-0.0420001082756559,0.0017640090951668,AAPL,Apple,Stock
2011-11-01,11.859471321105955,14.161070823669434,0.0,14.26785659790039,14.043571472167969,14.193214416503906,0.0,531790000,-2.0642044267810253,4.260939915542381,AAPL,Apple,Stock
2011-11-02,11.886384963989258,14.193214416503906,0.0,14.30142879486084,14.11107063293457,14.288928985595703,0.0,327350800,0.2266808497839902,0.0513842076587919,AAPL,Apple,Stock
2011-11-03,12.055675506591797,14.395357131958008,0.0,14.407142639160156,14.119999885559082,14.2524995803833,0.0,441386400,1.4141921011732803,1.9999392990208975,AAPL,Apple,Stock
2011-11-04,11.971029281616213,14.294285774230955,0.0,14.408571243286133,14.255714416503906,14.358214378356934,0.0,302229200,-0.7046041138132875,0.4964669572026081,AAPL,Apple,Stock
2011-11-07,11.955774307250977,14.276070594787598,0.0,14.285714149475098,14.147500038146973,14.282500267028809,0.0,270275600,-0.127513701323215,0.016259744025146,AAPL,Apple,Stock
2011-11-08,12.150190353393556,14.508213996887209,0.0,14.571429252624512,14.341428756713867,14.364643096923828,0.0,400442000,1.613046931083267,2.6019204018771456,AAPL,Apple,Stock
2011-11-09,11.82267951965332,14.117142677307127,0.0,14.317500114440918,14.07964324951172,14.177499771118164,0.0,558684000,-2.732515661289331,7.46664183919147,AAPL,Apple,Stock
2011-11-10,11.5217866897583,13.757857322692873,0.0,14.186071395874023,13.64821434020996,14.179642677307127,0.0,744752400,-2.577994215801408,6.6460541767055155,AAPL,Apple,Stock
2011-11-11,11.50384521484375,13.73642921447754,0.0,13.882143020629885,13.580714225769045,13.807499885559082,0.0,653786000,-0.155839184956295,0.0242858515678423,AAPL,Apple,Stock
2011-11-14,11.343524932861328,13.545000076293944,0.0,13.758929252624512,13.507143020629885,13.697142601013184,0.0,432905200,-1.4034255350341476,1.9696032323858832,AAPL,Apple,Stock
2011-11-15,11.6297607421875,13.886786460876465,0.0,13.910714149475098,13.551786422729492,13.600000381469728,0.0,430810800,2.492030321113434,6.210215121348722,AAPL,Apple,Stock
2011-11-16,11.508330345153809,13.741786003112791,0.0,13.96928596496582,13.725713729858398,13.901785850524902,0.0,349210400,-1.0496242876456965,1.101711145215735,AAPL,Apple,Stock
2011-11-17,11.288193702697754,13.478928565979004,0.0,13.734999656677246,13.410714149475098,13.713570594787598,0.0,479900400,-1.9313776515661911,3.730219632969336,AAPL,Apple,Stock
2011-11-18,11.214315414428713,13.390713691711426,0.0,13.571070671081545,13.38857078552246,13.532856941223145,0.0,371938000,-0.6566250308070475,0.4311564310823561,AAPL,Apple,Stock
2011-11-21,11.036954879760742,13.178929328918455,0.0,13.274286270141602,13.068214416503906,13.228570938110352,0.0,447980400,-1.594194745663362,2.5414568871006717,AAPL,Apple,Stock
2011-11-22,11.261275291442873,13.446785926818848,0.0,13.4975004196167,13.247857093811035,13.250714302062988,0.0,409021200,2.012069817006011,4.048424948506604,AAPL,Apple,Stock
2011-11-23,10.976536750793455,13.106785774230955,0.0,13.422857284545898,13.102856636047363,13.375356674194336,0.0,428271200,-2.560990285307283,6.558671241438279,AAPL,Apple,Stock
2011-11-25,10.874245643615724,12.98464298248291,0.0,13.255356788635254,12.975713729858398,13.157856941223145,0.0,254760800,-0.936276354578371,0.8766134121425635,AAPL,Apple,Stock
2011-11-28,11.249610900878906,13.432856559753418,0.0,13.454285621643066,13.22607135772705,13.298213958740234,0.0,346413200,3.393633299925066,11.516746974360291,AAPL,Apple,Stock
2011-11-29,11.162275314331056,13.328571319580078,0.0,13.529643058776855,13.221428871154783,13.422857284545898,0.0,375855200,-0.7793724079082502,0.607421350208704,AAPL,Apple,Stock
2011-11-30,11.431462287902832,13.649999618530272,0.0,13.652856826782228,13.510713577270508,13.61750030517578,0.0,405938400,2.38295864388852,5.678491898483015,AAPL,Apple,Stock
2011-12-01,11.602842330932615,13.854642868041992,0.0,13.89285659790039,13.598214149475098,13.662142753601074,0.0,387181200,1.4880692802845414,2.214350182926553,AAPL,Apple,Stock
2011-12-02,11.65578269958496,13.91785717010498,0.0,14.05821418762207,13.877857208251951,13.922499656677246,0.0,379055600,0.4552329298017478,0.207237020375883,AAPL,Apple,Stock
2011-12-05,11.75478172302246,14.036070823669434,0.0,14.157500267028809,13.942500114440918,14.053214073181152,0.0,357210000,0.8457687032803813,0.7153246994485777,AAPL,Apple,Stock
2011-12-06,11.693169593811035,13.962499618530272,0.0,14.093929290771484,13.906429290771484,14.018214225769045,0.0,283598000,-0.5255237029169391,0.2761751623275312,AAPL,Apple,Stock
2011-12-07,11.63754177093506,13.896071434020996,0.0,13.962142944335938,13.812856674194336,13.926071166992188,0.0,304746400,-0.4768643992103706,0.2273996552342677,AAPL,Apple,Stock
2011-12-08,11.684500694274902,13.952142715454102,0.0,14.125,13.936785697937012,13.98035717010498,0.0,376356400,0.4027004656220246,0.1621676650121954,AAPL,Apple,Stock
2011-12-09,11.773025512695312,14.057856559753418,0.0,14.072856903076172,13.965356826782228,14.030357360839844,0.0,296993200,0.7547704552867827,0.5696784401738172,AAPL,Apple,Stock
2011-12-12,11.719788551330566,13.994285583496094,0.0,14.067856788635254,13.908928871154783,13.988571166992188,0.0,301067200,-0.4532198854272986,0.2054082645467336,AAPL,Apple,Stock
2011-12-13,11.629164695739746,13.88607120513916,0.0,14.121429443359377,13.824999809265137,14.035714149475098,0.0,338928800,-0.776260157780718,0.6025798325577452,AAPL,Apple,Stock
2011-12-14,11.371343612670898,13.578213691711426,0.0,13.835000038146973,13.488571166992188,13.810713768005373,0.0,406887600,-2.2419668193381805,5.026415219013358,AAPL,Apple,Stock
2011-12-15,11.333956718444824,13.533571243286133,0.0,13.704999923706056,13.51107120513916,13.690357208251951,0.0,256200000,-0.3293233515563264,0.1084538698802917,AAPL,Apple,Stock
2011-12-16,11.39616870880127,13.60785675048828,0.0,13.719642639160156,13.556071281433104,13.584285736083984,0.0,421478400,0.5473981734179271,0.2996447602612829,AAPL,Apple,Stock
2011-12-19,11.4317626953125,13.650357246398926,0.0,13.744643211364746,13.588570594787598,13.659643173217772,0.0,235530400,0.3118461741144858,0.0972480363098421,AAPL,Apple,Stock
2011-12-20,11.842718124389648,14.141071319580078,0.0,14.146429061889648,13.830714225769045,13.848570823669434,0.0,337215200,3.5317491945749486,12.4732523733808,AAPL,Apple,Stock
2011-12-21,11.857675552368164,14.158928871154783,0.0,14.189286231994627,14.000356674194336,14.167499542236328,0.0,262948000,0.1262209410386014,0.01593172595667,AAPL,Apple,Stock
2011-12-22,11.920482635498049,14.233928680419922,0.0,14.254643440246582,14.146429061889648,14.178570747375488,0.0,202358800,0.528276653725237,0.279076222871134,AAPL,Apple,Stock
2011-12-23,12.063446998596191,14.404643058776855,0.0,14.413928985595703,14.267499923706056,14.274642944335938,0.0,269399200,1.1921820866453376,1.4212981277180314,AAPL,Apple,Stock
2011-12-27,12.15916347503662,14.518928527832031,0.0,14.610357284545898,14.39357089996338,14.396429061889648,0.0,265076000,0.7903109761149357,0.6245914389677425,AAPL,Apple,Stock
2011-12-28,12.042817115783691,14.380000114440918,0.0,14.58035659790039,14.333571434020996,14.53178596496582,0.0,228662000,-0.9614688772387978,0.9244224018988344,AAPL,Apple,Stock
2011-12-29,12.116987228393556,14.468570709228516,0.0,14.487500190734863,14.303929328918455,14.407142639160156,0.0,215978000,0.6139978997081361,0.3769934208460024,AAPL,Apple,Stock
2011-12-30,12.113398551940918,14.464285850524902,0.0,14.510000228881836,14.410357475280762,14.411070823669434,0.0,179662000,-0.0296212904855099,0.0008774208500269,AAPL,Apple,Stock
2012-01-03,12.299737930297852,14.686785697937012,0.0,14.73214340209961,14.60714340209961,14.621429443359377,0.0,302220800,1.5265797351366102,2.330445687729763,AAPL,Apple,Stock
2012-01-04,12.365839958190918,14.765713691711426,0.0,14.8100004196167,14.617142677307127,14.64285659790039,0.0,260022000,0.5359873297225757,0.287282417623137,AAPL,Apple,Stock
2012-01-05,12.503122329711914,14.929642677307127,0.0,14.948213577270508,14.738213539123535,14.819643020629885,0.0,271269600,1.1040570525023623,1.218941975180204,AAPL,Apple,Stock
2012-01-06,12.633830070495604,15.08571434020996,0.0,15.098214149475098,14.972143173217772,14.991786003112791,0.0,318292800,1.0399742717787648,1.081546485961772,AAPL,Apple,Stock
2012-01-09,12.61378574371338,15.061785697937012,0.0,15.276785850524902,15.048213958740234,15.196429252624512,0.0,394024400,-0.1587819708680087,0.0252117142727291,AAPL,Apple,Stock
2012-01-10,12.658953666687012,15.115714073181152,0.0,15.214285850524902,15.053570747375488,15.211071014404297,0.0,258196400,0.3574442036640499,0.1277663587330267,AAPL,Apple,Stock
2012-01-11,12.638314247131348,15.091071128845217,0.0,15.10178565979004,14.975357055664062,15.09571361541748,0.0,215084800,-0.1631751239346579,0.0266261210710909,AAPL,Apple,Stock
2012-01-12,12.603618621826172,15.049642562866213,0.0,15.103570938110352,14.95535659790039,15.081428527832031,0.0,212587200,-0.2749048366116529,0.0755726691924795,AAPL,Apple,Stock
2012-01-13,12.556364059448242,14.993213653564451,0.0,15.016071319580078,14.952142715454102,14.989286422729492,0.0,226021600,-0.3756331515814636,0.1411002645670228,AAPL,Apple,Stock
2012-01-17,12.70262050628662,15.16785717010498,0.0,15.213929176330566,15.105713844299316,15.149999618530272,0.0,242897200,1.1580677838996838,1.3411209921063247,AAPL,Apple,Stock
2012-01-18,12.834519386291504,15.325357437133787,0.0,15.338213920593262,15.225000381469728,15.248571395874023,0.0,276791200,1.0330056808964023,1.0671007367642402,AAPL,Apple,Stock
2012-01-19,12.79384708404541,15.276785850524902,0.0,15.406070709228516,15.232500076293944,15.362500190734863,0.0,261738400,-0.3174009271226571,0.1007433485383223,AAPL,Apple,Stock
2012-01-20,12.571014404296877,15.010713577270508,0.0,15.26785659790039,14.991070747375488,15.267499923706056,0.0,413974400,-1.7570639027547703,3.0872735583638256,AAPL,Apple,Stock
2012-01-23,12.783673286437988,15.264642715454102,0.0,15.301786422729492,15.08214282989502,15.095356941223145,0.0,306062400,1.6775112487319486,2.814043989622222,AAPL,Apple,Stock
2012-01-24,12.574304580688477,15.014642715454102,0.0,15.182143211364746,14.983928680419922,15.182143211364746,0.0,547638000,-1.651341953267118,2.72693024662006,AAPL,Apple,Stock
2012-01-25,13.3594331741333,15.952142715454102,0.0,16.230356216430664,15.84749984741211,16.229999542236328,0.0,958314000,6.056732740052376,36.68401148442236,AAPL,Apple,Stock
2012-01-26,13.298720359802246,15.879643440246582,0.0,16.028213500976562,15.82642936706543,16.01285743713379,0.0,323985200,-0.4554923072430282,0.2074732419575772,AAPL,Apple,Stock
2012-01-27,13.377979278564451,15.974286079406738,0.0,16.01714324951172,15.848929405212402,15.869285583496094,0.0,299709200,0.5942200726044196,0.3530974946860016,AAPL,Apple,Stock
2012-01-30,13.549361228942873,16.17892837524414,0.0,16.21071434020996,15.90678596496582,15.918213844299316,0.0,379341200,1.2729386662838973,1.6203728481206272,AAPL,Apple,Stock
2012-01-31,13.65315055847168,16.3028564453125,0.0,16.365713119506836,16.18107032775879,16.27107048034668,0.0,391683600,0.7630900703783079,0.5823064555099708,AAPL,Apple,Stock
2012-02-01,13.644478797912598,16.292499542236328,0.0,16.392499923706055,16.269643783569336,16.37178611755371,0.0,270046000,-0.0635349006873682,0.0040366836053537,AAPL,Apple,Stock
2012-02-02,13.612470626831056,16.25428581237793,0.0,16.327499389648438,16.213571548461914,16.282142639160156,0.0,186796400,-0.2348625687780605,0.0551604262130292,AAPL,Apple,Stock
2012-02-03,13.748856544494627,16.417142868041992,0.0,16.428571701049805,16.270000457763672,16.332143783569336,0.0,286599600,0.996932980597547,0.993875367803109,AAPL,Apple,Stock
2012-02-06,13.87717056274414,16.570356369018555,0.0,16.606428146362305,16.364286422729492,16.37071418762207,0.0,249412800,0.9289424097874708,0.8629340007017533,AAPL,Apple,Stock
2012-02-07,14.022530555725098,16.743928909301758,0.0,16.77678680419922,16.59214210510254,16.616071701049805,0.0,316223600,1.0420277095682688,1.0858217475080925,AAPL,Apple,Stock
2012-02-08,14.257320404052734,17.0242862701416,0.0,17.028213500976562,16.774999618530273,16.803571701049805,0.0,407890000,1.6605125926906923,2.7573020704843656,AAPL,Apple,Stock
2012-02-09,14.750531196594238,17.61321449279785,0.0,17.741071701049805,17.162857055664062,17.170000076293945,0.0,884214800,3.4008608091151276,11.5658542429752,AAPL,Apple,Stock
2012-02-10,14.758008003234863,17.622142791748047,0.0,17.77214241027832,17.448213577270508,17.534286499023438,0.0,631302000,0.0506755468306786,0.0025680110465883,AAPL,Apple,Stock
2012-02-13,15.03257942199707,17.950000762939453,0.0,17.993928909301758,17.75321388244629,17.840356826782227,0.0,517216000,1.8433956336076571,3.3981074620037757,AAPL,Apple,Stock
2012-02-14,15.237763404846191,18.19499969482422,0.0,18.198570251464844,17.928571701049805,18.023571014404297,0.0,460398400,1.35569740060973,1.8379154420199788,AAPL,Apple,Stock
2012-02-15,14.885132789611816,17.773929595947266,0.0,18.796070098876953,17.746070861816406,18.36642837524414,0.0,1506120000,-2.34138658129279,5.482091123057938,AAPL,Apple,Stock
2012-02-16,15.020915031433104,17.936071395874023,0.0,18.03178596496582,17.379642486572266,17.553571701049805,0.0,944552000,0.9080649884764772,0.8245820232967845,AAPL,Apple,Stock
2012-02-17,15.018220901489258,17.932857513427734,0.0,18.1346435546875,17.867856979370117,17.96821403503418,0.0,535805200,-0.017937466357798,0.0003217526993371,AAPL,Apple,Stock
2012-02-21,15.398974418640137,18.387500762939453,0.0,18.387500762939453,18.00428581237793,18.10285758972168,0.0,605595200,2.503672032523294,6.268373646439323,AAPL,Apple,Stock
2012-02-22,15.344837188720703,18.322856903076172,0.0,18.410356521606445,18.18107032775879,18.32428550720215,0.0,483302400,-0.3521833048390715,0.1240330802073704,AAPL,Apple,Stock
2012-02-23,15.445027351379396,18.4424991607666,0.0,18.49392890930176,18.196428298950195,18.395713806152344,0.0,568027600,0.6508019296529548,0.4235431516400095,AAPL,Apple,Stock
2012-02-24,15.625092506408691,18.657499313354492,0.0,18.674999237060547,18.522857666015625,18.559642791748047,0.0,415072000,1.1591018757197251,1.3435171582969851,AAPL,Apple,Stock
2012-02-27,15.725276947021484,18.777143478393555,0.0,18.875,18.43857192993164,18.618213653564453,0.0,547582000,0.6391298309578816,0.4084869408202503,AAPL,Apple,Stock
2012-02-28,16.013916015625,19.12178611755371,0.0,19.12178611755371,18.780357360839844,18.855714797973633,0.0,600387200,1.8188680877458032,3.308281120620075,AAPL,Apple,Stock
2012-02-29,16.224172592163086,19.37285614013672,0.0,19.5575008392334,19.132143020629883,19.341428756713867,0.0,952011200,1.3044170227169238,1.7015037691536838,AAPL,Apple,Stock
2012-03-01,16.284894943237305,19.445356369018555,0.0,19.578929901123047,19.241785049438477,19.57749938964844,0.0,683270000,0.3735722141291737,0.1395561991693732,AAPL,Apple,Stock
2012-03-02,16.306137084960938,19.470714569091797,0.0,19.5285701751709,19.375713348388672,19.437143325805664,0.0,431712400,0.1303557660478533,0.0169926257419226,AAPL,Apple,Stock
2012-03-05,15.94661808013916,19.04142951965332,0.0,19.5528564453125,18.78571319580078,19.479286193847656,0.0,809124400,-2.229477107546326,4.970568173073133,AAPL,Apple,Stock
2012-03-06,15.859885215759276,18.937856674194336,0.0,19.06035614013672,18.43642807006836,18.7021427154541,0.0,810238800,-0.5453795316882751,0.2974388335845223,AAPL,Apple,Stock
2012-03-07,15.872739791870115,18.953214645385746,0.0,19.20642852783203,18.689285278320312,19.17142868041992,0.0,798520800,0.0810180488433318,0.0065639242383805,AAPL,Apple,Stock
2012-03-08,16.210723876953125,19.356786727905273,0.0,19.392499923706055,19.00428581237793,19.096071243286133,0.0,516457200,2.1069831620351596,4.439378045099679,AAPL,Apple,Stock
2012-03-09,16.305835723876953,19.47035789489746,0.0,19.562143325805664,19.396785736083984,19.436071395874023,0.0,418919200,0.5850072661136096,0.3422335014057197,AAPL,Apple,Stock
2012-03-12,16.510114669799805,19.71428680419922,0.0,19.71428680419922,19.53571319580078,19.606428146362305,0.0,407282400,1.2450139774726985,1.550059804102389,AAPL,Apple,Stock
2012-03-13,16.991662979125977,20.28928565979004,0.0,20.292142868041992,19.84821319580078,19.91214370727539,0.0,690855200,2.874960738847031,8.265399249911866,AAPL,Apple,Stock
2012-03-14,17.634117126464844,21.05642890930176,0.0,21.239999771118164,20.549999237060547,20.644643783569336,0.0,1418844000,3.711268795241337,13.773516070532084,AAPL,Apple,Stock
2012-03-15,17.513877868652344,20.912857055664062,0.0,21.42892837524414,20.662500381469727,21.414642333984375,0.0,1159718000,-0.6841911004006929,0.4681174618675109,AAPL,Apple,Stock
2012-03-16,17.514184951782227,20.9132137298584,0.0,21.042856216430664,20.64285659790039,20.882856369018555,0.0,825487600,0.0017533549112518,3.074253444810985e-06,AAPL,Apple,Stock
2012-03-19,17.978675842285156,21.467857360839844,0.0,21.491785049438477,21.037500381469727,21.370357513427734,0.0,901236000,2.617525891555673,6.85144179296432,AAPL,Apple,Stock
2012-03-20,18.124038696289062,21.641429901123047,0.0,21.674999237060547,21.124286651611328,21.41107177734375,0.0,816662000,0.8052781703162146,0.6484729315878304,AAPL,Apple,Stock
2012-03-21,18.020553588867188,21.51785659790039,0.0,21.77321434020996,21.47892951965332,21.52642822265625,0.0,644042000,-0.5726189376924462,0.3278924478040256,AAPL,Apple,Stock
2012-03-22,17.926040649414062,21.405000686645508,0.0,21.58928680419922,21.26892852783203,21.349285125732425,0.0,623870800,-0.5258531955326987,0.2765215832519506,AAPL,Apple,Stock
2012-03-23,17.827640533447266,21.287500381469727,0.0,21.492856979370117,21.22857093811035,21.44607162475586,0.0,430488800,-0.5504348707821577,0.3029785469729706,AAPL,Apple,Stock
2012-03-26,18.154541015625,21.6778564453125,0.0,21.683929443359375,21.259286880493164,21.421070098876953,0.0,595742000,1.817063126797334,3.3017184067665046,AAPL,Apple,Stock
2012-03-27,18.378875732421875,21.945714950561523,0.0,22.010000228881836,21.645000457763672,21.6492862701416,0.0,607129600,1.2281223954968268,1.5082846183208642,AAPL,Apple,Stock
2012-03-28,18.47278594970703,22.057857513427734,0.0,22.194643020629883,21.796785354614254,22.084999084472656,0.0,655460400,0.5096672241265937,0.2597606793489075,AAPL,Apple,Stock
2012-03-29,18.24069023132324,21.78071403503418,0.0,22.020000457763672,21.686786651611328,21.885000228881836,0.0,608238400,-1.2643793752444672,1.5986552045435891,AAPL,Apple,Stock
2012-03-30,17.932327270507812,21.412500381469727,0.0,21.805713653564453,21.354999542236328,21.741785049438477,0.0,731038000,-1.7049748791373258,2.9069393384893387,AAPL,Apple,Stock
2012-04-02,18.50299644470215,22.093929290771484,0.0,22.09892845153809,21.442142486572266,21.49392890930176,0.0,598351600,3.132761218405807,9.814192851547435,AAPL,Apple,Stock
2012-04-03,18.822729110717773,22.4757137298584,0.0,22.578929901123047,22.232500076293945,22.4035701751709,0.0,834559600,1.713244588815008,2.9352070211039063,AAPL,Apple,Stock
2012-04-04,18.672887802124023,22.296785354614254,0.0,22.352142333984375,22.03571319580078,22.29821395874023,0.0,572980800,-0.7992513183595544,0.6388026698994859,AAPL,Apple,Stock
2012-04-05,18.95313835144043,22.63142967224121,0.0,22.66642951965332,22.26428604125977,22.39214324951172,0.0,641298000,1.4896908372450153,2.2191787905717546,AAPL,Apple,Stock
2012-04-09,19.02940368652344,22.72249984741211,0.0,22.851428985595703,22.332143783569336,22.361785888671875,0.0,597536800,0.4015815344826731,0.1612677288374584,AAPL,Apple,Stock
2012-04-10,18.796405792236328,22.444286346435547,0.0,23.0,22.35714340209961,22.854642868041992,0.0,889725200,-1.2319675079877797,1.51774394073762,AAPL,Apple,Stock
2012-04-11,18.729408264160156,22.364286422729492,0.0,22.745357513427734,22.262142181396484,22.7214298248291,0.0,696614800,-0.3570747281413243,0.1275023614772007,AAPL,Apple,Stock
2012-04-12,18.626819610595703,22.241785049438477,0.0,22.54750061035156,22.16071319580078,22.321428298950195,0.0,614336800,-0.5492466306244289,0.3016718612522878,AAPL,Apple,Stock
2012-04-13,18.10219955444336,21.6153564453125,0.0,22.310714721679688,21.55392837524414,22.289642333984375,0.0,859644800,-2.8569003473278416,8.161879594561942,AAPL,Apple,Stock
2012-04-16,17.351470947265625,20.718929290771484,0.0,21.795713424682617,20.65178680419922,21.787857055664062,0.0,1050786800,-4.235616961207141,17.940451042065614,AAPL,Apple,Stock
2012-04-17,18.235897064208984,21.774999618530273,0.0,21.78571319580078,20.425357818603516,20.676429748535156,0.0,1025528000,4.971473406640376,24.715547832932465,AAPL,Apple,Stock
2012-04-18,18.195232391357425,21.726428985595703,0.0,22.15178680419922,21.52535629272461,21.91857147216797,0.0,954531200,-0.2232414440482702,0.0498367423407569,AAPL,Apple,Stock
2012-04-19,17.57010841369629,20.979999542236328,0.0,21.59749984741211,20.875713348388672,21.43642807006836,0.0,834719200,-3.496053068054356,12.222387054652271,AAPL,Apple,Stock
2012-04-20,17.137624740600586,20.46357154846191,0.0,21.23642921447754,20.372142791748047,21.12071418762207,0.0,1030985200,-2.4922748895176614,6.211434124920271,AAPL,Apple,Stock
2012-04-23,17.09933090209961,20.417856216430664,0.0,20.59535789489746,19.87928581237793,20.378929138183594,0.0,966529200,-0.2236989460717988,0.0500412184736335,AAPL,Apple,Stock
2012-04-24,16.75775909423828,20.010000228881836,0.0,20.274642944335938,19.821428298950195,20.09321403503418,0.0,1076149200,-2.017795369071403,4.071498151446001,AAPL,Apple,Stock
2012-04-25,18.244876861572266,21.78571319580078,0.0,22.071428298950195,21.64285659790039,21.98714256286621,0.0,905777600,8.5022940185269,72.2890035774783,AAPL,Apple,Stock
2012-04-26,18.17608642578125,21.70357131958008,0.0,21.953214645385746,21.504642486572266,21.938213348388672,0.0,536068400,-0.377752323845595,0.1426968181707472,AAPL,Apple,Stock
2012-04-27,18.03550720214844,21.53571319580078,0.0,21.6492862701416,21.446428298950195,21.609643936157227,0.0,406722400,-0.7764360293823509,0.6028529077230309,AAPL,Apple,Stock
2012-04-30,17.466623306274414,20.856428146362305,0.0,21.371429443359375,20.821428298950195,21.350000381469727,0.0,506144800,-3.2050616982561926,10.27242048962887,AAPL,Apple,Stock
2012-05-01,17.411296844482422,20.79035758972168,0.0,21.312856674194336,20.758214950561523,20.88928604125977,0.0,610999200,-0.3172580702011283,0.100652683107744,AAPL,Apple,Stock
2012-05-02,17.52644920349121,20.9278564453125,0.0,20.97857093811035,20.67357063293457,20.722856521606445,0.0,427389200,0.659188350765211,0.4345292817845588,AAPL,Apple,Stock
2012-05-03,17.402021408081055,20.779285430908203,0.0,21.121429443359375,20.725000381469727,21.08928680419922,0.0,390549600,-0.71247506450822,0.5076207175459921,AAPL,Apple,Stock
2012-05-04,16.906417846679688,20.1875,0.0,20.65571403503418,20.184642791748047,20.61000061035156,0.0,529992400,-2.8893068269121143,8.34809394004095,AAPL,Apple,Stock
2012-05-07,17.03293228149414,20.33857154846191,0.0,20.456071853637695,20.043928146362305,20.053571701049805,0.0,460118400,0.7455359064560132,0.5558237878151893,AAPL,Apple,Stock
2012-05-08,16.994054794311523,20.292142868041992,0.0,20.41071319580078,19.95464324951172,20.34214210510254,0.0,497252000,-0.2285098237650831,0.0522167395571493,AAPL,Apple,Stock
2012-05-09,17.02396011352539,20.327856063842773,0.0,20.499286651611328,20.030357360839844,20.132143020629883,0.0,480704000,0.1758205292032061,0.0309128584892954,AAPL,Apple,Stock
2012-05-10,17.064044952392578,20.375713348388672,0.0,20.567142486572266,20.301429748535156,20.520713806152344,0.0,333200000,0.2351845305469156,0.055311763408573,AAPL,Apple,Stock
2012-05-11,16.95008659362793,20.239643096923828,0.0,20.516786575317383,20.155357360839844,20.178571701049805,0.0,399546000,-0.6700672924428935,0.4489901764017502,AAPL,Apple,Stock
2012-05-14,16.696157455444336,19.93642807006836,0.0,20.268213272094727,19.91428565979004,20.091785430908203,0.0,352626400,-1.5094342123010478,2.278391641264885,AAPL,Apple,Stock
2012-05-15,16.54511260986328,19.75607109069824,0.0,20.114999771118164,19.70535659790039,20.051786422729492,0.0,476336000,-0.9087852830971986,0.8258906907740555,AAPL,Apple,Stock
2012-05-16,16.333044052124023,19.502857208251953,0.0,19.88892936706543,19.322856903076172,19.787500381469727,0.0,560896000,-1.2900449436810268,1.6642159567169836,AAPL,Apple,Stock
2012-05-17,15.855690002441406,18.932857513427734,0.0,19.553571701049805,18.932857513427734,19.475357055664062,0.0,717220000,-2.966187159936738,8.798266267773576,AAPL,Apple,Stock
2012-05-18,15.863469123840332,18.942142486572266,0.0,19.407499313354492,18.6492862701416,19.06999969482422,0.0,732292400,0.049049985996918,0.0024059011262978,AAPL,Apple,Stock
2012-05-21,16.787677764892578,20.045713424682617,0.0,20.05500030517578,19.073213577270508,19.08928680419922,0.0,631106000,5.662622446388078,32.065292970338106,AAPL,Apple,Stock
2012-05-22,16.658771514892578,19.891786575317383,0.0,20.49571418762207,19.73500061035156,20.3410701751709,0.0,694870400,-0.7708255497722549,0.594172028181699,AAPL,Apple,Stock
2012-05-23,17.06524085998535,20.37714385986328,0.0,20.457143783569336,19.758214950561523,19.91071319580078,0.0,584897600,2.4106801109191953,5.811378597181384,AAPL,Apple,Stock
2012-05-24,16.908519744873047,20.190000534057617,0.0,20.58928680419922,20.043928146362305,20.56678581237793,0.0,496230000,-0.9226074711868262,0.8512045458897503,AAPL,Apple,Stock
2012-05-25,16.817880630493164,20.081785202026367,0.0,20.20892906188965,19.945356369018555,20.163928985595703,0.0,328507200,-0.5374978152877282,0.2889039014390808,AAPL,Apple,Stock
2012-05-29,17.11638832092285,20.438213348388672,0.0,20.5,20.18964385986328,20.38928604125977,0.0,380508800,1.759374223251423,3.0953976574415476,AAPL,Apple,Stock
2012-05-30,17.322769165039062,20.684642791748047,0.0,20.71392822265625,20.234285354614254,20.32857131958008,0.0,529429600,1.1985386967525138,1.436495007613214,AAPL,Apple,Stock
2012-05-31,17.279685974121094,20.633214950561523,0.0,20.76785659790039,20.40928649902344,20.740713119506836,0.0,491674400,-0.2490182445607945,0.0620100861241396,AAPL,Apple,Stock
2012-06-01,16.77899932861328,20.035356521606445,0.0,20.45178604125977,20.018571853637695,20.3271427154541,0.0,520987600,-2.940352592281646,8.645673366937391,AAPL,Apple,Stock
2012-06-04,16.877702713012695,20.15321350097656,0.0,20.26785659790039,19.58928680419922,20.053571701049805,0.0,556995600,0.5865320211301452,0.3440198118110131,AAPL,Apple,Stock
2012-06-05,16.834043502807617,20.101070404052734,0.0,20.23107147216797,19.940357208251953,20.04535675048828,0.0,388214400,-0.2590149696444442,0.0670887544999123,AAPL,Apple,Stock
2012-06-06,17.09215545654297,20.40928649902344,0.0,20.49464225769043,20.196428298950195,20.27750015258789,0.0,401455600,1.521637801251865,2.31538159819861,AAPL,Apple,Stock
2012-06-07,17.09993553161621,20.41857147216797,0.0,20.61857032775879,20.375,20.61750030517578,0.0,379766800,0.0455080399160473,0.0020709816970005,AAPL,Apple,Stock
2012-06-08,17.35715103149414,20.7257137298584,0.0,20.73500061035156,20.321428298950195,20.41428565979004,0.0,347516400,1.4929891254874543,2.2290165288237938,AAPL,Apple,Stock
2012-06-11,17.083486557006836,20.398929595947266,0.0,21.01785659790039,20.379642486572266,20.989999771118164,0.0,591264800,-1.5892286174629628,2.5256475985632405,AAPL,Apple,Stock
2012-06-12,17.232730865478516,20.5771427154541,0.0,20.593570709228516,20.239286422729492,20.516429901123047,0.0,435380400,0.8698234284359473,0.7565927966560655,AAPL,Apple,Stock
2012-06-13,17.11309051513672,20.43428611755371,0.0,20.65999984741211,20.37071418762207,20.518571853637695,0.0,293580000,-0.6966834942089019,0.485367891103125,AAPL,Apple,Stock
2012-06-14,17.094247817993164,20.411785125732425,0.0,20.48214340209961,20.259286880493164,20.40142822265625,0.0,345573200,-0.1101675837261599,0.0121368965040604,AAPL,Apple,Stock
2012-06-15,17.172012329101562,20.504642486572266,0.0,20.52214241027832,20.3410701751709,20.39285659790039,0.0,335255200,0.4538846333248724,0.2060112603684538,AAPL,Apple,Stock
2012-06-18,17.520469665527344,20.920713424682617,0.0,20.996070861816406,20.370357513427734,20.391429901123047,0.0,440412000,2.0089024202960184,4.0356889342712,AAPL,Apple,Stock
2012-06-19,17.5692138671875,20.97892951965332,0.0,21.071428298950195,20.825000762939453,20.83571434020996,0.0,361404400,0.2778265752579048,0.0771876059195362,AAPL,Apple,Stock
2012-06-20,17.519269943237305,20.919286727905273,0.0,21.04464340209961,20.742856979370117,21.00749969482422,0.0,358943200,-0.2846743561141589,0.0810394890290109,AAPL,Apple,Stock
2012-06-21,17.277894973754883,20.63107109069824,0.0,21.007856369018555,20.62285614013672,20.908571243286133,0.0,326351200,-1.3873477426513128,1.9247337590396931,AAPL,Apple,Stock
2012-06-22,17.4103946685791,20.78928565979004,0.0,20.792499542236328,20.55071449279785,20.68000030517578,0.0,284471600,0.7639485290230665,0.5836173549965071,AAPL,Apple,Stock
2012-06-25,17.071521759033203,20.3846435546875,0.0,20.707143783569336,20.370357513427734,20.617856979370117,0.0,304382400,-1.9655741607710904,3.863481781490977,AAPL,Apple,Stock
2012-06-26,17.109203338623047,20.429643630981445,0.0,20.517499923706055,20.26178550720215,20.40464210510254,0.0,276536400,0.2204844674735915,0.0486134003971132,AAPL,Apple,Stock
2012-06-27,17.18308448791504,20.51785659790039,0.0,20.597856521606445,20.42571449279785,20.53571319580078,0.0,202997200,0.4308914236150898,0.1856674189450387,AAPL,Apple,Stock
2012-06-28,17.020076751708984,20.323213577270508,0.0,20.5,20.20035743713379,20.416786193847656,0.0,282836400,-0.9531807264201916,0.9085534972189244,AAPL,Apple,Stock
2012-06-29,17.467220306396484,20.85714340209961,0.0,20.85714340209961,20.508928298950195,20.64285659790039,0.0,421500800,2.593236645147043,6.724876297733493,AAPL,Apple,Stock
2012-07-02,17.722047805786133,21.16142845153809,0.0,21.195356369018555,20.842857360839844,20.883214950561523,0.0,400092000,1.4483504072824778,2.0977189022753193,AAPL,Apple,Stock
2012-07-03,17.92813491821289,21.407499313354492,0.0,21.428571701049805,21.21428680419922,21.24571418762207,0.0,241712800,1.1561758868343768,1.3367426812972576,AAPL,Apple,Stock
2012-07-05,18.243083953857425,21.783571243286133,0.0,21.94071388244629,21.41607093811035,21.448570251464844,0.0,484383200,1.7414784743185785,3.032747276514963,AAPL,Apple,Stock
2012-07-06,18.121646881103516,21.63857078552246,0.0,21.729999542236328,21.48500061035156,21.681785583496097,0.0,418930400,-0.6678862809064916,0.446072084223105,AAPL,Apple,Stock
2012-07-09,18.36121940612793,21.92464256286621,0.0,21.924999237060547,21.57535743713379,21.617856979370117,0.0,379405600,1.31336154797033,1.7249185556870217,AAPL,Apple,Stock
2012-07-10,18.191335678100582,21.72178649902344,0.0,22.138214111328125,21.618213653564453,22.070356369018555,0.0,511957600,-0.9295380356034892,0.8640409596335934,AAPL,Apple,Stock
2012-07-11,18.07828712463379,21.5867862701416,0.0,21.7021427154541,21.329286575317383,21.64714241027832,0.0,469322000,-0.6233807292325365,0.388603533578489,AAPL,Apple,Stock
2012-07-12,17.912878036499023,21.38928604125977,0.0,21.552499771118164,21.167142868041992,21.437143325805664,0.0,428041600,-0.9191714243063216,0.8448761072613121,AAPL,Apple,Stock
2012-07-13,18.09443092346191,21.60607147216797,0.0,21.68535614013672,21.428571701049805,21.5339298248291,0.0,311427200,1.0084309589562097,1.0169329989813405,AAPL,Apple,Stock
2012-07-16,18.152454376220703,21.675357818603516,0.0,21.843570709228516,21.60785675048828,21.61142921447754,0.0,301260400,0.320157176767335,0.1025006178356306,AAPL,Apple,Stock
2012-07-17,18.15335464477539,21.676429748535156,0.0,21.83928680419922,21.54107093811035,21.813928604125977,0.0,293624800,0.0049593636894474,2.45952882042099e-05,AAPL,Apple,Stock
2012-07-18,18.13301467895508,21.652143478393555,0.0,21.726428985595703,21.555713653564453,21.663928985595703,0.0,252700000,-0.1121080357704373,0.0125682116843056,AAPL,Apple,Stock
2012-07-19,18.37407875061035,21.940000534057617,0.0,21.97678565979004,21.64285659790039,21.83142852783203,0.0,436861600,1.320661563320179,1.7441469648312993,AAPL,Apple,Stock
2012-07-20,18.07439613342285,21.582143783569336,0.0,21.944286346435547,21.560714721679688,21.89392852783203,0.0,397471200,-1.6444549273366638,2.7042320080418323,AAPL,Apple,Stock
2012-07-23,18.060331344604492,21.565357208251953,0.0,21.63928604125977,20.989643096923828,21.22857093811035,0.0,487975600,-0.0778463849613443,0.0060600596515498,AAPL,Apple,Stock
2012-07-24,17.973297119140625,21.461429595947266,0.0,21.7742862701416,21.375356674194336,21.692142486572266,0.0,565132400,-0.483073164855977,0.23335968260397,AAPL,Apple,Stock
2012-07-25,17.1971435546875,20.534643173217773,0.0,20.742856979370117,20.35714340209961,20.516429901123047,0.0,877312800,-4.414386542333331,19.486808545133616,AAPL,Apple,Stock
2012-07-26,17.194446563720703,20.531429290771484,0.0,20.72857093811035,20.3700008392334,20.705713272094727,0.0,406632800,-0.0156840143944512,0.0002459883075253,AAPL,Apple,Stock
2012-07-27,17.50191879272461,20.898571014404297,0.0,20.92250061035156,20.413928985595703,20.53607177734375,0.0,403936400,1.772406273538602,3.1414239984789942,AAPL,Apple,Stock
2012-07-30,17.79712677001953,21.25107192993164,0.0,21.408571243286133,20.99357032775879,21.104286193847656,0.0,379142400,1.6726506636802394,2.7977602427099453,AAPL,Apple,Stock
2012-07-31,18.267606735229492,21.812856674194336,0.0,21.8464298248291,21.525714874267575,21.543928146362305,0.0,462327600,2.609234071489472,6.808102439821527,AAPL,Apple,Stock
2012-08-01,18.149459838867188,21.671785354614254,0.0,22.01428604125977,21.53571319580078,21.99678611755371,0.0,384501600,-0.6488568245070612,0.4210151787093871,AAPL,Apple,Stock
2012-08-02,18.17876625061035,21.706785202026367,0.0,21.81035614013672,21.4375,21.530000686645508,0.0,332158400,0.1613424119766605,0.0260313739024464,AAPL,Apple,Stock
2012-08-03,18.415355682373047,21.989286422729492,0.0,22.070714950561523,21.841428756713867,21.91535758972168,0.0,344920800,1.2930641084672958,1.6720147886063226,AAPL,Apple,Stock
2012-08-06,18.62024307250977,22.23392868041992,0.0,22.31678581237793,21.97357177734375,22.046070098876953,0.0,302103200,1.1064461612774807,1.224223107805673,AAPL,Apple,Stock
2012-08-07,18.571189880371097,22.175357818603516,0.0,22.321428298950195,22.072856903076172,22.241785049438477,0.0,290446800,-0.2637877418980667,0.069583972775681,AAPL,Apple,Stock
2012-08-08,18.539777755737305,22.13785743713379,0.0,22.281429290771484,22.03928565979004,22.121070861816406,0.0,244706000,-0.169287594134511,0.0286582895278509,AAPL,Apple,Stock
2012-08-09,18.6455135345459,22.168928146362305,0.094643,22.20464324951172,22.064285278320312,22.066070556640625,0.0,221642400,0.568698321906981,0.3234177813398162,AAPL,Apple,Stock
2012-08-10,18.674659729003903,22.20357131958008,0.0,22.205713272094727,22.0964298248291,22.09678649902344,0.0,194938800,0.1561954183751818,0.0243970087213981,AAPL,Apple,Stock
2012-08-13,18.923973083496097,22.5,0.0,22.5,22.258928298950195,22.26392936706543,0.0,278832400,1.3262025236652148,1.7588131337759847,AAPL,Apple,Stock
2012-08-14,18.9747314453125,22.56035614013672,0.0,22.8075008392334,22.50749969482422,22.56678581237793,0.0,340169200,0.2678634681427922,0.0717508375654846,AAPL,Apple,Stock
2012-08-15,18.948896408081055,22.52964210510254,0.0,22.64285659790039,22.41964340209961,22.54642868041992,0.0,257342400,-0.1362477309812262,0.0185634441975326,AAPL,Apple,Stock
2012-08-16,19.114412307739254,22.726428985595703,0.0,22.74142837524414,22.51785659790039,22.543214797973633,0.0,254534000,0.8696928800762848,0.756365705655383,AAPL,Apple,Stock
2012-08-17,19.467958450317383,23.146785736083984,0.0,23.149642944335938,22.81464385986328,22.85714340209961,0.0,442761200,1.8327336120829625,3.358912492858662,AAPL,Apple,Stock
2012-08-20,19.979812622070312,23.75535774230957,0.0,23.75535774230957,23.21071434020996,23.214643478393555,0.0,613384800,2.5952437188064064,6.735289960004105,AAPL,Apple,Stock
2012-08-21,19.70675277709961,23.430713653564453,0.0,24.10285758972168,23.226070404052734,23.957857131958008,0.0,812719600,-1.3761037330132664,1.8936614840130472,AAPL,Apple,Stock
2012-08-22,20.09154510498047,23.888214111328125,0.0,23.89285659790039,23.146785736083984,23.372142791748047,0.0,565322800,1.933772745575924,3.739477031532248,AAPL,Apple,Stock
2012-08-23,19.904109954833984,23.66535758972168,0.0,23.924999237060547,23.612499237060547,23.789642333984375,0.0,420128800,-0.937284422765007,0.8785020891579324,AAPL,Apple,Stock
2012-08-24,19.92183494567871,23.68642807006836,0.0,23.90999984741211,23.412500381469727,23.55392837524414,0.0,437340400,0.089012286133198,0.0079231870826583,AAPL,Apple,Stock
2012-08-27,20.29611015319824,24.13142967224121,0.0,24.31678581237793,24.05500030517578,24.285356521606445,0.0,427008400,1.861288595662134,3.4643952363419195,AAPL,Apple,Stock
2012-08-28,20.269672393798828,24.100000381469727,0.0,24.14642906188965,23.95249938964844,24.106428146362305,0.0,267416800,-0.1303451405720964,0.0169898556707595,AAPL,Apple,Stock
2012-08-29,20.229724884033203,24.052499771118164,0.0,24.20249938964844,24.02142906188965,24.116071701049805,0.0,202806800,-0.1972746529879662,0.0389172887115224,AAPL,Apple,Stock
2012-08-30,19.941356658935547,23.70964241027832,0.0,23.98392868041992,23.67321395874023,23.95142936706543,0.0,302699600,-1.4357252404773284,2.0613069661436825,AAPL,Apple,Stock
2012-08-31,19.98250961303711,23.75857162475586,0.0,23.878570556640625,23.47321319580078,23.83035659790039,0.0,338321200,0.2061572313487609,0.0425008040373865,AAPL,Apple,Stock
2012-09-04,20.274778366088867,24.10607147216797,0.0,24.11214256286621,23.73214340209961,23.777143478393555,0.0,367892000,1.4520296962054675,2.108390238662542,AAPL,Apple,Stock
2012-09-05,20.132402420043945,23.936786651611328,0.0,24.155357360839844,23.91428565979004,24.127500534057617,0.0,336375200,-0.7047090764128605,0.4966148823786668,AAPL,Apple,Stock
2012-09-06,20.313833236694336,24.15250015258789,0.0,24.22464370727539,23.957143783569336,24.041786193847656,0.0,391196400,0.897151641537793,0.8048810679139566,AAPL,Apple,Stock
2012-09-07,20.4390869140625,24.301429748535156,0.0,24.374286651611328,24.1346435546875,24.2160701751709,0.0,329666400,0.6146998610320842,0.3778559191528636,AAPL,Apple,Stock
2012-09-10,19.90741539001465,23.669286727905273,0.0,24.40321350097656,23.64642906188965,24.301786422729492,0.0,487998000,-2.635679783014963,6.946807918593803,AAPL,Apple,Stock
2012-09-11,19.842838287353516,23.592500686645508,0.0,23.93214225769043,23.446428298950195,23.753929138183594,0.0,503983200,-0.3249144521020898,0.1055694011848012,AAPL,Apple,Stock
2012-09-12,20.119178771972656,23.921070098876953,0.0,23.924999237060547,23.428571701049805,23.816070556640625,0.0,712233200,1.3830377432999488,1.912793399392215,AAPL,Apple,Stock
2012-09-13,20.515378952026367,24.39214324951172,0.0,24.48214340209961,24.09892845153809,24.19178581237793,0.0,598360000,1.9501269776016563,3.802995228769772,AAPL,Apple,Stock
2012-09-14,20.76469993591309,24.68857192993164,0.0,24.89214324951172,24.5674991607666,24.641429901123047,0.0,600474000,1.2079628832396128,1.4591743272845583,AAPL,Apple,Stock
2012-09-17,21.02001953125,24.992143630981445,0.0,24.992856979370117,24.8075008392334,24.97678565979004,0.0,398031200,1.2220868118386856,1.493496175670043,AAPL,Apple,Stock
2012-09-18,21.08401107788086,25.068214416503903,0.0,25.083213806152344,24.872142791748047,24.99571418762207,0.0,373503200,0.3039689786323638,0.0923971399708024,AAPL,Apple,Stock
2012-09-19,21.08971786499023,25.075000762939453,0.0,25.142499923706055,24.984643936157227,25.009286880493164,0.0,326874800,0.0270632324304807,0.0007324185495862,AAPL,Apple,Stock
2012-09-20,20.98758125305176,24.95357131958008,0.0,25.00214385986328,24.77214241027832,24.969999313354492,0.0,336568400,-0.4854722840029032,0.2356833385349955,AAPL,Apple,Stock
2012-09-21,21.02933692932129,25.00321388244629,0.0,25.18107032775879,24.977142333984375,25.086071014404297,0.0,571589200,0.1987565572245008,0.0395041690397362,AAPL,Apple,Stock
2012-09-24,20.749980926513672,24.671070098876953,0.0,24.825714111328125,24.39285659790039,24.53071403503418,0.0,639766400,-1.3373131993689014,1.788406593206287,AAPL,Apple,Stock
2012-09-25,20.231828689575195,24.05500030517578,0.0,24.742143630981445,24.03571319580078,24.580713272094727,0.0,518789600,-2.5288285440862013,6.394973805385137,AAPL,Apple,Stock
2012-09-26,19.980710983276367,23.75642967224121,0.0,24.024642944335938,23.614286422729492,23.88357162475586,0.0,576503200,-1.2489684695410233,1.5599222379076458,AAPL,Apple,Stock
2012-09-27,20.465526580810547,24.332857131958008,0.0,24.36321449279785,23.58392906188965,23.72464370727539,0.0,594090000,2.3974483076923057,5.747758388056701,AAPL,Apple,Stock
2012-09-28,20.038375854492188,23.825000762939453,0.0,24.32535743713379,23.8125,24.241071701049805,0.0,535110800,-2.109261266547035,4.448983090555603,AAPL,Apple,Stock
2012-10-01,19.806791305541992,23.54964256286621,0.0,24.16964340209961,23.446428298950195,23.969999313354492,0.0,543594800,-1.1624353626838426,1.3512559724179167,AAPL,Apple,Stock
2012-10-02,19.864458084106445,23.618213653564453,0.0,23.79821395874023,23.237499237060547,23.636070251464844,0.0,627992400,0.290723483975759,0.0845201441350033,AAPL,Apple,Stock
2012-10-03,20.16904640197754,23.980356216430664,0.0,23.9950008392334,23.66535758972168,23.7450008392334,0.0,424281200,1.5216963850452716,2.3155598882598474,AAPL,Apple,Stock
2012-10-04,20.029375076293945,23.814285278320312,0.0,24.08035659790039,23.769643783569336,23.97321319580078,0.0,370725600,-0.69491230058845,0.4829031055091323,AAPL,Apple,Stock
2012-10-05,19.602529525756836,23.306785583496097,0.0,23.78571319580078,23.260000228881836,23.757143020629883,0.0,594006000,-2.154133445894227,4.640290902720137,AAPL,Apple,Stock
2012-10-08,19.169384002685547,22.791786193847656,0.0,23.12714385986328,22.71821403503418,23.10285758972168,0.0,637994000,-2.234419220648759,4.992629253604608,AAPL,Apple,Stock
2012-10-09,19.099699020385746,22.70892906188965,0.0,22.874643325805664,22.269643783569336,22.808929443359375,0.0,838597200,-0.364184630592595,0.1326304451598649,AAPL,Apple,Stock
2012-10-10,19.251684188842773,22.8896427154541,0.0,23.03499984741211,22.75,22.847856521606445,0.0,510356000,0.7925970402795502,0.628210068259903,AAPL,Apple,Stock
2012-10-11,18.866899490356445,22.43214225769043,0.0,23.114286422729492,22.43214225769043,23.08928680419922,0.0,546081200,-2.018951029309097,4.076163258748262,AAPL,Apple,Stock
2012-10-12,18.91526222229004,22.489643096923828,0.0,22.692142486572266,22.332143783569336,22.484285354614254,0.0,460014800,0.2560084238464437,0.0655403130803403,AAPL,Apple,Stock
2012-10-15,19.06694793701172,22.670000076293945,0.0,22.68321418762207,22.280357360839844,22.58392906188965,0.0,432502000,0.7987240368402182,0.6379600870263342,AAPL,Apple,Stock
2012-10-16,19.518421173095703,23.206785202026367,0.0,23.225000381469727,22.53571319580078,22.69178581237793,0.0,549771600,2.3402333637936,5.476692197012709,AAPL,Apple,Stock
2012-10-17,19.36281967163086,23.021785736083984,0.0,23.313928604125977,23.0,23.17392921447754,0.0,389037600,-0.8003979748790083,0.6406369181904177,AAPL,Apple,Stock
2012-10-18,19.003276824951172,22.59428596496582,0.0,22.930713653564453,22.5,22.842500686645508,0.0,476624400,-1.874328667188604,3.5131079526450093,AAPL,Apple,Stock
2012-10-19,18.318403244018555,21.780000686645508,0.0,22.563213348388672,21.77214241027832,22.537500381469727,0.0,744086000,-3.670523248915732,13.472740920830905,AAPL,Apple,Stock
2012-10-22,19.04502868652344,22.64392852783203,0.0,22.692142486572266,21.812856674194336,21.872142791748047,0.0,546730800,3.8899909900912535,15.13202990299113,AAPL,Apple,Stock
2012-10-23,18.424135208129883,21.90571403503418,0.0,22.63928604125977,21.8464298248291,22.53571319580078,0.0,707145600,-3.3144604991850226,10.98564840065783,AAPL,Apple,Stock
2012-10-24,18.52836799621582,22.02964210510254,0.0,22.376785278320312,21.808570861816406,22.194286346435547,0.0,558527200,0.5641461632674241,0.3182608935293551,AAPL,Apple,Stock
2012-10-25,18.309396743774418,21.769285202026367,0.0,22.21428680419922,21.626785278320312,22.14285659790039,0.0,656325600,-1.188855149353074,1.4133765661433195,AAPL,Apple,Stock
2012-10-26,18.142974853515625,21.571428298950195,0.0,21.928571701049805,21.10714340209961,21.765356063842773,0.0,1018432800,-0.9130985955034808,0.8337490451104291,AAPL,Apple,Stock
2012-10-31,17.88225555419922,21.261428833007812,0.0,21.498571395874023,20.989286422729492,21.24571418762207,0.0,510003200,-1.447451401838553,2.095115560684392,AAPL,Apple,Stock
2012-11-01,17.918895721435547,21.30500030517578,0.0,21.53571319580078,21.22035789489746,21.364999771118164,0.0,361298000,0.2046871607384455,0.0418968337711662,AAPL,Apple,Stock
2012-11-02,17.325939178466797,20.600000381469727,0.0,21.319643020629883,20.52678680419922,21.28178596496582,0.0,599373600,-3.365102991827849,11.323918145608737,AAPL,Apple,Stock
2012-11-05,17.560840606689453,20.87928581237793,0.0,20.991785049438477,20.628570556640625,20.84000015258789,0.0,529135600,1.3466704559612863,1.8135213169589788,AAPL,Apple,Stock
2012-11-06,17.50768280029297,20.816070556640625,0.0,21.097856521606445,20.717500686645508,21.07964324951172,0.0,374917200,-0.3031655852385597,0.0919093720730384,AAPL,Apple,Stock
2012-11-07,16.837785720825195,19.928571701049805,0.094643,20.519285202026367,19.84821319580078,20.494285583496097,0.0,793648800,-3.901429084268094,15.22114889957298,AAPL,Apple,Stock
2012-11-08,16.22673225402832,19.20535659790039,0.0,20.07964324951172,19.11750030517578,20.022499084472656,0.0,1056146000,-3.6965489514342913,13.664474150349958,AAPL,Apple,Stock
2012-11-09,16.507661819458008,19.537857055664062,0.0,19.817142486572266,19.06142807006836,19.30071449279785,0.0,929913600,1.7164604430405672,2.94623645252302,AAPL,Apple,Stock
2012-11-12,16.38003158569336,19.38678550720215,0.0,19.803571701049805,19.237499237060547,19.79107093811035,0.0,515802000,-0.7761619091038672,0.6024273091437597,AAPL,Apple,Stock
2012-11-13,16.382137298583984,19.38928604125977,0.0,19.65999984741211,19.15571403503418,19.24678611755371,0.0,532949200,0.0128545390322711,0.0001652391737321,AAPL,Apple,Stock
2012-11-14,16.200489044189453,19.174285888671875,0.0,19.551786422729492,19.1492862701416,19.48214340209961,0.0,477170400,-1.1150122426273124,1.2432523012087884,AAPL,Apple,Stock
2012-11-15,15.860710144042969,18.77214241027832,0.0,19.26785659790039,18.665000915527344,19.197500228881836,0.0,789910800,-2.1196438700470086,4.49289013582786,AAPL,Apple,Stock
2012-11-16,15.92286777496338,18.845714569091797,0.0,18.928571701049805,18.0625,18.757143020629883,0.0,1266893600,0.3911309816735561,0.1529834448249196,AAPL,Apple,Stock
2012-11-19,17.071041107177734,20.20464324951172,0.0,20.26785659790039,19.281429290771484,19.311071395874023,0.0,823317600,6.962722459611532,48.479504049578864,AAPL,Apple,Stock
2012-11-20,16.92559051513672,20.032499313354492,0.0,20.426786422729492,19.80642890930176,20.425357818603516,0.0,642754000,-0.8556817106834335,0.7321911899981272,AAPL,Apple,Stock
2012-11-21,16.949432373046875,20.060714721679688,0.0,20.263214111328125,19.878570556640625,20.15178680419922,0.0,373002000,0.1407636648726382,0.0198144093483764,AAPL,Apple,Stock
2012-11-23,17.245149612426758,20.41071319580078,0.0,20.428571701049805,20.092857360839844,20.25607109069824,0.0,272826400,1.7296577100131147,2.991715793807812,AAPL,Apple,Stock
2012-11-26,17.789209365844727,21.054643630981445,0.0,21.071428298950195,20.489643096923828,20.56785774230957,0.0,630579600,3.1061136023180578,9.64794171050526,AAPL,Apple,Stock
2012-11-27,17.645877838134766,20.885000228881836,0.0,21.086429595947266,20.717857360839844,21.055356979370117,0.0,533330000,-0.8089852218328858,0.6544570891440035,AAPL,Apple,Stock
2012-11-28,17.590362548828125,20.819286346435547,0.0,20.92142868041992,20.437856674194336,20.616785049438477,0.0,520864400,-0.3151036241743061,0.0992902939677823,AAPL,Apple,Stock
2012-11-29,17.78408432006836,21.04857063293457,0.0,21.22321319580078,20.90178680419922,21.079286575317383,0.0,514698800,1.0952748381895503,1.1996269711711456,AAPL,Apple,Stock
2012-11-30,17.66096305847168,20.902856826782227,0.0,21.01428604125977,20.809999465942383,20.956785202026367,0.0,391319600,-0.6947190983811476,0.4826346256555147,AAPL,Apple,Stock
2012-12-03,17.688430786132812,20.93535614013672,0.0,21.2353572845459,20.91071319580078,21.20178604125977,0.0,364280000,0.1554070958618026,0.0241513654441995,AAPL,Apple,Stock
2012-12-04,17.376419067382812,20.566070556640625,0.0,20.7785701751709,20.43321418762207,20.7785701751709,0.0,557068400,-1.7796736911138245,3.1672384468427044,AAPL,Apple,Stock
2012-12-05,16.258119583129883,19.24250030517578,0.0,20.33035659790039,19.241785049438477,20.318214416503903,0.0,1044638000,-6.652161042062002,44.25124652952742,AAPL,Apple,Stock
2012-12-06,16.513099670410156,19.544286727905273,0.0,19.761070251464844,18.522499084472656,18.890714645385746,0.0,1177212400,1.5561534699937496,2.4216136221735876,AAPL,Apple,Stock
2012-12-07,16.090951919555664,19.04464340209961,0.0,19.82857131958008,18.928571701049805,19.76428604125977,0.0,787040800,-2.5896863898798363,6.7064755979288595,AAPL,Apple,Stock
2012-12-10,15.98744773864746,18.922143936157227,0.0,19.232500076293945,18.627857208251953,18.75,0.0,630484400,-0.6453223427951937,0.4164409261106775,AAPL,Apple,Stock
2012-12-11,16.33657455444336,19.335357666015625,0.0,19.62714385986328,19.19178581237793,19.27750015258789,0.0,592345600,2.1602533852997676,4.666694688699106,AAPL,Apple,Stock
2012-12-12,16.26445770263672,19.25,0.0,19.571428298950195,19.15250015258789,19.563213348388672,0.0,487144000,-0.4424213863568819,0.1957366831059454,AAPL,Apple,Stock
2012-12-13,15.983528137207031,18.917499542236328,0.0,19.20142936706543,18.7785701751709,18.969642639160156,0.0,625259600,-1.7423517475754466,3.035789612279213,AAPL,Apple,Stock
2012-12-14,15.383042335510254,18.206785202026367,0.0,18.504642486572266,18.05642890930176,18.383928298950195,0.0,1009579200,-3.8292944857976257,14.663496258960102,AAPL,Apple,Stock
2012-12-17,15.655817031860352,18.52964210510254,0.0,18.571428298950195,17.901071548461914,18.176071166992188,0.0,757607200,1.7576787584143445,3.0894346177809915,AAPL,Apple,Stock
2012-12-18,16.11056900024414,19.06785774230957,0.0,19.10357093811035,18.58035659790039,18.75,0.0,625685200,2.863297300642399,8.19847143186605,AAPL,Apple,Stock
2012-12-19,15.881532669067385,18.796785354614254,0.0,19.060714721679688,18.76785659790039,18.98107147216797,0.0,449369200,-1.431854941153637,2.0502085725060852,AAPL,Apple,Stock
2012-12-20,15.743331909179688,18.633214950561523,0.0,18.935714721679688,18.531429290771484,18.928571701049805,0.0,481689600,-0.874006206682665,0.7638868493198214,AAPL,Apple,Stock
2012-12-21,15.670905113220217,18.54750061035156,0.0,18.559642791748047,18.222856521606445,18.302499771118164,0.0,596268400,-0.461108918461785,0.2126214346849971,AAPL,Apple,Stock
2012-12-24,15.696255683898926,18.57749938964844,0.0,18.72321319580078,18.52535629272461,18.58392906188965,0.0,175753200,0.1616376844692826,0.0261267410405913,AAPL,Apple,Stock
2012-12-26,15.479897499084473,18.321428298950195,0.0,18.552143096923828,18.25428581237793,18.53571319580078,0.0,302436400,-1.3879945805755154,1.926528955707001,AAPL,Apple,Stock
2012-12-27,15.542057991027832,18.395000457763672,0.0,18.4375,18.023571014404297,18.34071350097656,0.0,455120400,0.4007521392762378,0.1606022771344811,AAPL,Apple,Stock
2012-12-28,15.377002716064451,18.199642181396484,0.0,18.374286651611328,18.14714241027832,18.22464370727539,0.0,354278400,-1.0676704861087944,1.1399202669077897,AAPL,Apple,Stock
2012-12-31,16.05835723876953,19.00607109069824,0.0,19.121429443359375,18.178571701049805,18.233213424682617,0.0,659492400,4.3356351128397685,18.797731831689113,AAPL,Apple,Stock
2013-01-02,16.56711196899414,19.608213424682617,0.0,19.821428298950195,19.343929290771484,19.779285430908203,0.0,560518000,3.1190109195813767,9.728229116467864,AAPL,Apple,Stock
2013-01-03,16.357995986938477,19.36071395874023,0.0,19.63107109069824,19.321428298950195,19.567142486572266,0.0,352965200,-1.270269450377155,1.6135844765614795,AAPL,Apple,Stock
2013-01-04,15.902347564697266,18.821428298950195,0.0,19.236785888671875,18.77964210510254,19.177499771118164,0.0,594333600,-2.825008507950751,7.98067306999413,AAPL,Apple,Stock
2013-01-07,15.808809280395508,18.71071434020996,0.0,18.9035701751709,18.399999618530273,18.64285659790039,0.0,484156400,-0.5899409853965599,0.3480303662506641,AAPL,Apple,Stock
2013-01-08,15.851348876953123,18.761070251464844,0.0,18.996070861816406,18.616071701049805,18.90035629272461,0.0,458707200,0.2687265297020829,0.0722139477657244,AAPL,Apple,Stock
2013-01-09,15.603623390197754,18.467857360839844,0.0,18.750356674194336,18.428213119506836,18.66071319580078,0.0,407604400,-1.5751443461413928,2.4810797111811955,AAPL,Apple,Stock
2013-01-10,15.797042846679688,18.696786880493164,0.0,18.882856369018555,18.41142845153809,18.876785278320312,0.0,601146000,1.2319605025715403,1.5177266798963227,AAPL,Apple,Stock
2013-01-11,15.700185775756836,18.582143783569336,0.0,18.761428833007812,18.53642845153809,18.60714340209961,0.0,350506800,-0.6150215778442663,0.3782515412140508,AAPL,Apple,Stock
2013-01-14,15.140433311462402,17.91964340209961,0.0,18.125,17.80392837524414,17.952856063842773,0.0,734207600,-3.630367722730651,13.179569802244536,AAPL,Apple,Stock
2013-01-15,14.662753105163574,17.354286193847656,0.0,17.82107162475586,17.26357078552246,17.796428680419922,0.0,876772400,-3.2058392002854106,10.2774049780866,AAPL,Apple,Stock
2013-01-16,15.27138614654541,18.074642181396484,0.0,18.194286346435547,17.58928680419922,17.665714263916016,0.0,690804800,4.067041501101941,16.54082657168553,AAPL,Apple,Stock
2013-01-17,15.168486595153809,17.952856063842773,0.0,18.241071701049805,17.929643630981445,18.225357055664062,0.0,453678400,-0.6760865541064212,0.4570930286434947,AAPL,Apple,Stock
2013-01-18,15.08761978149414,17.85714340209961,0.0,17.93642807006836,17.72857093811035,17.804285049438477,0.0,472922800,-0.5345499861266756,0.285743687668029,AAPL,Apple,Stock
2013-01-22,15.231561660766602,18.02750015258789,0.0,18.13857078552246,17.736785888671875,18.020000457763672,0.0,461546400,0.9495174598191042,0.901583406501324,AAPL,Apple,Stock
2013-01-23,15.51037883758545,18.357500076293945,0.0,18.392499923706055,18.02750015258789,18.171785354614254,0.0,861509600,1.8139702154663169,3.290487942598916,AAPL,Apple,Stock
2013-01-24,13.593945503234863,16.08928680419922,0.0,16.633214950561523,16.08035659790039,16.428571701049805,0.0,1460852400,-13.188489223368856,173.9362479949164,AAPL,Apple,Stock
2013-01-25,13.273486137390137,15.710000038146973,0.0,16.293928146362305,15.535714149475098,16.131786346435547,0.0,1208026400,-2.385598802227577,5.691081645189651,AAPL,Apple,Stock
2013-01-28,13.573728561401367,16.065357208251953,0.0,16.186071395874023,15.566429138183594,15.636786460876465,0.0,785517600,2.236767912124773,5.003130692711014,AAPL,Apple,Stock
2013-01-29,13.82840633392334,16.366785049438477,0.0,16.435714721679688,16.14714241027832,16.375,0.0,571158000,1.8588705361709053,3.455399670244309,AAPL,Apple,Stock
2013-01-30,13.784957885742188,16.315357208251953,0.0,16.52142906188965,16.23214340209961,16.321428298950195,0.0,417155200,-0.3146917100840007,0.0990308723955927,AAPL,Apple,Stock
2013-01-31,13.744521141052246,16.267499923706055,0.0,16.402856826782227,16.249286651611328,16.320714950561523,0.0,319334400,-0.2937707156154698,0.0863012333532252,AAPL,Apple,Stock
2013-02-01,13.688092231750488,16.200714111328125,0.0,16.40999984741211,16.012500762939453,16.396785736083984,0.0,539484400,-0.411400752261002,0.1692505789609183,AAPL,Apple,Stock
2013-02-04,13.347113609313965,15.79714298248291,0.0,16.283571243286133,15.785714149475098,16.211071014404297,0.0,477117200,-2.522612228421654,6.363572454982464,AAPL,Apple,Stock
2013-02-05,13.815436363220217,16.351428985595703,0.0,16.419286727905273,15.793571472167969,15.858928680419922,0.0,573347600,3.4486391637372984,11.893112081662691,AAPL,Apple,Stock
2013-02-06,13.800647735595703,16.33392906188965,0.0,16.66071319580078,16.163570404052734,16.302499771118164,0.0,593706400,-0.1071015643292049,0.0114707450817628,AAPL,Apple,Stock
2013-02-07,14.210997581481934,16.722143173217773,0.094643,16.78571319580078,16.218570709228516,16.54464340209961,0.0,704580800,2.930061399972779,8.585259807610443,AAPL,Apple,Stock
2013-02-08,14.416168212890623,16.963571548461914,0.0,17.100357055664062,16.72321319580078,16.928571701049805,0.0,633158400,1.433422686028877,2.0547005968222405,AAPL,Apple,Stock
2013-02-11,14.566407203674316,17.140356063842773,0.0,17.319286346435547,16.90178680419922,17.01785659790039,0.0,517490400,1.0367631886399813,1.0748779093189411,AAPL,Apple,Stock
2013-02-12,14.201281547546388,16.71071434020996,0.0,17.22785758972168,16.704999923706055,17.125356674194336,0.0,609053200,-2.5385790807904605,6.444383749426939,AAPL,Apple,Stock
2013-02-13,14.174270629882812,16.67892837524414,0.0,16.915714263916016,16.54357147216797,16.686071395874023,0.0,475207600,-0.1903816754165016,0.0362451823343941,AAPL,Apple,Stock
2013-02-14,14.161523818969728,16.663928985595703,0.0,16.84428596496582,16.5721435546875,16.59000015258789,0.0,355275200,-0.0899696798402798,0.0080945432905624,AAPL,Apple,Stock
2013-02-15,13.966365814208984,16.43428611755371,0.0,16.79142951965332,16.42571449279785,16.74464225769043,0.0,391745200,-1.387669953036988,1.9256278985616768,AAPL,Apple,Stock
2013-02-19,13.961207389831545,16.428213119506836,0.0,16.526071548461914,16.20892906188965,16.467857360839844,0.0,435783600,-0.0369414442022376,0.001364670299747,AAPL,Apple,Stock
2013-02-20,13.62309455871582,16.030357360839844,0.0,16.346071243286133,16.0285701751709,16.346071243286133,0.0,476302400,-2.451610096924755,6.010392067343407,AAPL,Apple,Stock
2013-02-21,13.538413047790527,15.930713653564451,0.0,16.041786193847656,15.8149995803833,15.928570747375488,0.0,447182400,-0.6235425995036955,0.388805373395826,AAPL,Apple,Stock
2013-02-22,13.68257999420166,16.100357055664062,0.0,16.128570556640625,15.949999809265137,16.04464340209961,0.0,330654800,1.0592434606864365,1.1219967090069778,AAPL,Apple,Stock
2013-02-25,13.439473152160645,15.814286231994627,0.0,16.25428581237793,15.806071281433104,16.20892906188965,0.0,372579200,-1.7927356141158048,3.213900982119172,AAPL,Apple,Stock
2013-02-26,13.626736640930176,16.034643173217773,0.0,16.126428604125977,15.630714416503906,15.850713729858398,0.0,501499600,1.383765797315389,1.914807781819894,AAPL,Apple,Stock
2013-02-27,13.493192672729492,15.8774995803833,0.0,16.158571243286133,15.737500190734863,16.015356063842773,0.0,587350400,-0.98484805068706,0.9699256829421018,AAPL,Apple,Stock
2013-02-28,13.396976470947266,15.764286041259766,0.0,15.995356559753418,15.764286041259766,15.858928680419922,0.0,322515200,-0.7156266804250913,0.5121215457362357,AAPL,Apple,Stock
2013-03-01,13.065241813659668,15.373929023742676,0.0,15.649286270141602,15.35642910003662,15.64285659790039,0.0,552448400,-2.507363769115071,6.286873070670935,AAPL,Apple,Stock
2013-03-04,12.748981475830078,15.001786231994627,0.0,15.29285717010498,14.964285850524902,15.278571128845217,0.0,582755600,-2.4504023144600904,6.004471502711367,AAPL,Apple,Stock
2013-03-05,13.085576057434082,15.397856712341309,0.0,15.542499542236328,15.026785850524902,15.052857398986816,0.0,638433600,2.6059175107559915,6.7908060728647035,AAPL,Apple,Stock
2013-03-06,12.9192533493042,15.202142715454102,0.0,15.54464340209961,15.15821361541748,15.518214225769045,0.0,460250000,-1.2791852889457702,1.6363150034552736,AAPL,Apple,Stock
2013-03-07,13.06858253479004,15.377857208251951,0.0,15.428929328918455,15.037857055664062,15.160714149475098,0.0,468473600,1.1492363557732914,1.3207442014310753,AAPL,Apple,Stock
2013-03-08,13.103177070617676,15.418571472167969,0.0,15.551071166992188,15.307499885559082,15.350000381469728,0.0,391482000,0.2643655336698923,0.0698891353925669,AAPL,Apple,Stock
2013-03-11,13.289835929870604,15.638214111328123,0.0,15.678929328918455,15.183570861816406,15.348214149475098,0.0,474236000,1.414480198932101,2.000754233170996,AAPL,Apple,Stock
2013-03-12,13.003326416015623,15.301071166992188,0.0,15.674285888671877,15.270357131958008,15.557143211364746,0.0,465911600,-2.1794324381399317,4.7499257524165674,AAPL,Apple,Stock
2013-03-13,13.000894546508787,15.298213958740234,0.0,15.51785659790039,15.191429138183594,15.301786422729492,0.0,405549200,-0.0187036521296251,0.000349826602986,AAPL,Apple,Stock
2013-03-14,13.126855850219728,15.446429252624512,0.0,15.522856712341309,15.373213768005373,15.458213806152344,0.0,303875600,0.964203022983909,0.9296874695313088,AAPL,Apple,Stock
2013-03-15,13.465570449829102,15.845000267028809,0.0,15.865357398986816,15.616070747375488,15.64035701751709,0.0,643960800,2.5475894151343383,6.4902118281045205,AAPL,Apple,Stock
2013-03-18,13.831604957580566,16.275714874267578,0.0,16.33785629272461,15.757143020629885,15.766071319580078,0.0,606197200,2.6820097191797494,7.193176133774638,AAPL,Apple,Stock
2013-03-19,13.794270515441896,16.231786727905273,0.0,16.463214874267578,16.01785659790039,16.41071319580078,0.0,526775200,-0.2702862025415943,0.0730546312843557,AAPL,Apple,Stock
2013-03-20,13.721129417419434,16.145713806152344,0.0,16.343929290771484,16.056785583496094,16.336429595947266,0.0,308660800,-0.5316387948014294,0.2826398081379163,AAPL,Apple,Stock
2013-03-21,13.740857124328612,16.168928146362305,0.0,16.356428146362305,16.075000762939453,16.079286575317383,0.0,383255600,0.1436728568245866,0.0206418897881381,AAPL,Apple,Stock
2013-03-22,14.019479751586914,16.49678611755371,0.0,16.503570556640625,16.1825008392334,16.235000610351562,0.0,395105200,2.007410679599641,4.029697636570693,AAPL,Apple,Stock
2013-03-25,14.07016944885254,16.556428909301758,0.0,16.7839298248291,16.492143630981445,16.596071243286133,0.0,501135600,0.360914099903086,0.1302589875088547,AAPL,Apple,Stock
2013-03-26,13.996106147766112,16.46928596496582,0.0,16.637142181396484,16.447500228881836,16.62285614013672,0.0,294294000,-0.5277755700003637,0.2785470522892088,AAPL,Apple,Stock
2013-03-27,13.721129417419434,16.145713806152344,0.0,16.314285278320312,16.09749984741211,16.302143096923828,0.0,331237200,-1.984222066326959,3.9371372084988265,AAPL,Apple,Stock
2013-03-28,13.435220718383787,15.809286117553713,0.0,16.136428833007812,15.772143363952637,16.065000534057617,0.0,442839600,-2.105726742047183,4.434085112172643,AAPL,Apple,Stock
2013-04-01,13.017892837524414,15.318214416503906,0.0,15.846428871154783,15.276429176330566,15.782142639160156,0.0,389732000,-3.1554887296200755,9.957109122759318,AAPL,Apple,Stock
2013-04-02,13.044600486755373,15.349642753601074,0.0,15.647856712341309,15.228570938110352,15.271429061889648,0.0,529519200,0.204950909703173,0.0420048753881581,AAPL,Apple,Stock
2013-04-03,13.11137580871582,15.428214073181152,0.0,15.617142677307127,15.368213653564451,15.406070709228516,0.0,363216000,0.5105943382048085,0.2607065782068063,AAPL,Apple,Stock
2013-04-04,12.98177719116211,15.275713920593262,0.0,15.535714149475098,15.1875,15.491429328918455,0.0,358447600,-0.993361616742002,0.9867673016162838,AAPL,Apple,Stock
2013-04-05,12.844587326049805,15.114286422729492,0.0,15.176786422729492,14.988571166992188,15.160714149475098,0.0,383695200,-1.062411671798961,1.128718560374663,AAPL,Apple,Stock
2013-04-08,12.935945510864258,15.22178554534912,0.0,15.26785659790039,15.088929176330566,15.173213958740234,0.0,300829200,0.7087407216321355,0.5023134104996402,AAPL,Apple,Stock
2013-04-09,12.959314346313477,15.249285697937012,0.0,15.303570747375488,15.098214149475098,15.227143287658691,0.0,306614000,0.1804874090618152,0.032575704829847,AAPL,Apple,Stock
2013-04-10,13.223674774169922,15.560357093811035,0.0,15.609286308288574,15.214642524719238,15.28928565979004,0.0,375928000,2.019398246393683,4.077969277537882,AAPL,Apple,Stock
2013-04-11,13.182397842407228,15.511786460876465,0.0,15.642499923706056,15.399999618530272,15.489999771118164,0.0,328364400,-0.3126323704532567,0.0977389990552223,AAPL,Apple,Stock
2013-04-12,13.044903755187988,15.350000381469728,0.0,15.505356788635254,15.3246431350708,15.505356788635254,0.0,238613200,-1.0484902253637591,1.0993317526833464,AAPL,Apple,Stock
2013-04-15,12.742912292480469,14.994643211364746,0.0,15.28178596496582,14.983928680419922,15.25,0.0,317520000,-2.3422322246786247,5.48605179432298,AAPL,Apple,Stock
2013-04-16,12.93685817718506,15.222857475280762,0.0,15.23607063293457,15.020357131958008,15.056071281433104,0.0,305771200,1.510524189553024,2.2816833272248203,AAPL,Apple,Stock
2013-04-17,12.225421905517578,14.385713577270508,0.0,15.021429061889648,14.21821403503418,15.009642601013184,0.0,945056000,-5.656291383785378,31.993632218284706,AAPL,Apple,Stock
2013-04-18,11.899150848388672,14.001786231994627,0.0,14.49250030517578,13.919285774230955,14.463929176330566,0.0,666299200,-2.705050617103097,7.317298841089846,AAPL,Apple,Stock
2013-04-19,11.853017807006836,13.947500228881836,0.0,14.271429061889648,13.753570556640623,13.856071472167969,0.0,609274400,-0.3884537876269757,0.1508963451217435,AAPL,Apple,Stock
2013-04-22,12.100074768066406,14.238213539123535,0.0,14.364286422729492,13.973929405212402,14.022856712341309,0.0,429920400,2.062912934574675,4.255609775635497,AAPL,Apple,Stock
2013-04-23,12.326495170593262,14.504643440246582,0.0,14.585000038146973,14.243213653564451,14.428214073181152,0.0,664238400,1.8539392824080505,3.437090862855676,AAPL,Apple,Stock
2013-04-24,12.306159973144531,14.480713844299316,0.0,14.83035659790039,14.01785659790039,14.05500030517578,0.0,969651200,-0.165107674748337,0.0272605442608026,AAPL,Apple,Stock
2013-04-25,12.394784927368164,14.585000038146973,0.0,14.783571243286133,14.535714149475098,14.686785697937012,0.0,384837600,0.7175865933688675,0.5149305189827365,AAPL,Apple,Stock
2013-04-26,12.662481307983398,14.899999618530272,0.0,14.95607089996338,14.58035659790039,14.63607120513916,0.0,764097600,2.1367579629676623,4.565734592305714,AAPL,Apple,Stock
2013-04-29,13.054621696472168,15.36142921447754,0.0,15.48642921447754,15.0,15.016071319580078,0.0,640326400,3.049883065510063,9.30178671328506,AAPL,Apple,Stock
2013-04-30,13.438862800598145,15.813570976257324,0.0,15.901785850524902,15.431071281433104,15.53928565979004,0.0,691538400,2.900849440667502,8.41492747742096,AAPL,Apple,Stock
2013-05-01,13.332937240600586,15.688928604125977,0.0,15.89035701751709,15.51392936706543,15.873571395874023,0.0,506909200,-0.7913260414773817,0.6261969039202628,AAPL,Apple,Stock
2013-05-02,13.522024154663086,15.911429405212402,0.0,16.02107048034668,15.736785888671877,15.777856826782228,0.0,421828400,1.4082316940537831,1.9831165041375884,AAPL,Apple,Stock
2013-05-03,13.657390594482422,16.070714950561523,0.0,16.186786651611328,16.04107093811035,16.118213653564453,0.0,361300800,0.9961035610728076,0.9922223043819286,AAPL,Apple,Stock
2013-05-06,13.983055114746094,16.453929901123047,0.0,16.507143020629883,16.225357055664062,16.27535629272461,0.0,496641600,2.356543700382015,5.5532982118101595,AAPL,Apple,Stock
2013-05-07,13.920838356018066,16.380714416503906,0.0,16.633928298950195,16.203571319580078,16.60607147216797,0.0,483753200,-0.4459367786543217,0.1988596105565935,AAPL,Apple,Stock
2013-05-08,14.078062057495115,16.56571388244629,0.0,16.620357513427734,16.278928756713867,16.394285202026367,0.0,472598000,1.123082347677527,1.2613139596648648,AAPL,Apple,Stock
2013-05-09,13.955239295959473,16.313213348388672,0.108929,16.53571319580078,16.270713806152344,16.421785354614258,0.0,398487600,-0.8762688767566486,0.7678471443723586,AAPL,Apple,Stock
2013-05-10,13.83914279937744,16.177499771118164,0.0,16.418214797973633,16.088571548461914,16.35607147216797,0.0,334852000,-0.8354002717147693,0.6978936139811103,AAPL,Apple,Stock
2013-05-13,13.893218994140623,16.240713119506836,0.0,16.35357093811035,16.125,16.125356674194336,0.0,316948800,0.3899867144579916,0.1520896374537391,AAPL,Apple,Stock
2013-05-14,13.560811042785645,15.852143287658691,0.0,16.257143020629883,15.791070938110352,16.20892906188965,0.0,447118000,-2.4216786816305502,5.86452763706388,AAPL,Apple,Stock
2013-05-15,13.102224349975586,15.316070556640623,0.0,15.75,15.084285736083984,15.684286117553713,0.0,741613600,-3.440207863732208,11.835030145684922,AAPL,Apple,Stock
2013-05-16,13.277289390563965,15.520713806152344,0.0,15.637499809265137,14.96071434020996,15.115714073181152,0.0,603204000,1.3272997557072,1.7617246415003929,AAPL,Apple,Stock
2013-05-17,13.236961364746094,15.473570823669434,0.0,15.717499732971191,15.393214225769045,15.680356979370115,0.0,427904400,-0.3041991062745203,0.0925370962582168,AAPL,Apple,Stock
2013-05-20,13.532400131225586,15.818928718566896,0.0,15.921428680419922,15.360713958740234,15.4253568649292,0.0,451578400,2.207379974575251,4.872526352155837,AAPL,Apple,Stock
2013-05-21,13.43249225616455,15.702142715454102,0.0,15.90999984741211,15.507143020629885,15.64821434020996,0.0,456022000,-0.7410252620512912,0.5491184389981847,AAPL,Apple,Stock
2013-05-22,13.484127044677734,15.762499809265137,0.0,16.012500762939453,15.650713920593262,15.858928680419922,0.0,443038400,0.3836652090241804,0.147198992615568,AAPL,Apple,Stock
2013-05-23,13.508259773254396,15.790714263916016,0.0,15.934286117553713,15.563928604125977,15.569643020629885,0.0,353021200,0.1788114194532507,0.0319735237268863,AAPL,Apple,Stock
2013-05-24,13.600225448608398,15.89821434020996,0.0,15.916428565979004,15.727143287658691,15.744643211364746,0.0,276166800,0.6785036302659038,0.4603671762840102,AAPL,Apple,Stock
2013-05-28,13.486872673034668,15.765713691711426,0.0,16.11107063293457,15.744643211364746,16.06785774230957,0.0,386145200,-0.8369551936133264,0.7004939961163207,AAPL,Apple,Stock
2013-05-29,13.594117164611816,15.891071319580078,0.0,15.98214340209961,15.692856788635254,15.714285850524902,0.0,330576400,0.7920319962690499,0.6273146831139362,AAPL,Apple,Stock
2013-05-30,13.796672821044922,16.127857208251953,0.0,16.23214340209961,15.875356674194336,15.916070938110352,0.0,353519600,1.4790325434895109,2.187537264701052,AAPL,Apple,Stock
2013-05-31,13.74014949798584,16.061786651611328,0.0,16.325000762939453,16.053571701049805,16.16071319580078,0.0,384302800,-0.410529594073286,0.168534547609977,AAPL,Apple,Stock
2013-06-03,13.770401000976562,16.097143173217773,0.0,16.15571403503418,15.802857398986816,16.09749984741211,0.0,372352400,0.2199266436719845,0.048367728596824,AAPL,Apple,Stock
2013-06-04,13.727317810058594,16.046785354614258,0.0,16.229642868041992,15.978214263916016,16.18642807006836,0.0,292728800,-0.3133585477990987,0.09819357947876,AAPL,Apple,Stock
2013-06-05,13.59900188446045,15.896785736083984,0.0,16.097143173217773,15.84678554534912,15.916070938110352,0.0,290589600,-0.9391448987344884,0.8819931408190124,AAPL,Apple,Stock
2013-06-06,13.395830154418944,15.65928554534912,0.0,15.964285850524902,15.501786231994627,15.909643173217772,0.0,416934000,-1.505292317677576,2.2659049616591287,AAPL,Apple,Stock
2013-06-07,13.49818229675293,15.778928756713867,0.0,15.829999923706056,15.45607089996338,15.589285850524902,0.0,404535600,0.761155567051217,0.5793577972530597,AAPL,Apple,Stock
2013-06-10,13.40896987915039,15.674642562866213,0.0,16.038570404052734,15.600000381469728,15.883213996887209,0.0,450153200,-0.6631154714902251,0.4397221285297035,AAPL,Apple,Stock
2013-06-11,13.369553565979004,15.628570556640623,0.0,15.812856674194336,15.475713729858398,15.562143325805664,0.0,286112400,-0.2943877149810135,0.0866641267317424,AAPL,Apple,Stock
2013-06-12,13.20427131652832,15.435357093811035,0.0,15.758929252624512,15.410714149475098,15.696429252624512,0.0,265227200,-1.2439637993690738,1.5474459341407412,AAPL,Apple,Stock
2013-06-13,13.319452285766602,15.56999969482422,0.0,15.612142562866213,15.3125,15.446429252624512,0.0,285832400,0.8685182744010327,0.7543239929685475,AAPL,Apple,Stock
2013-06-14,13.13888931274414,15.358928680419922,0.0,15.581786155700684,15.303570747375488,15.550000190734863,0.0,271866000,-1.3649062284194742,1.8629690123782736,AAPL,Apple,Stock
2013-06-17,13.198464393615724,15.428570747375488,0.0,15.560713768005373,15.369999885559082,15.408571243286133,0.0,259414400,0.4524006712612347,0.2046663673576157,AAPL,Apple,Stock
2013-06-18,13.19143772125244,15.42035675048828,0.0,15.532142639160156,15.364643096923828,15.412857055664062,0.0,195025600,-0.0532527365865235,0.0028358539539536,AAPL,Apple,Stock
2013-06-19,12.923502922058104,15.10714340209961,0.0,15.416428565979004,15.10714340209961,15.407142639160156,0.0,310940000,-2.0520376036873995,4.2108583269471245,AAPL,Apple,Stock
2013-06-20,12.735300064086914,14.8871431350708,0.0,15.213570594787598,14.827500343322754,14.975000381469728,0.0,357310800,-1.466991529307919,2.152064147061187,AAPL,Apple,Stock
2013-06-21,12.633255958557127,14.76785659790039,0.0,15.0,14.574999809265137,14.946070671081545,0.0,481118400,-0.8044971563167495,0.6472156745217365,AAPL,Apple,Stock
2013-06-24,12.298404693603516,14.376428604125977,0.0,14.595000267028809,14.216071128845217,14.550000190734863,0.0,480746000,-2.686314448943903,7.216285318604784,AAPL,Apple,Stock
2013-06-25,12.301154136657717,14.379643440246582,0.0,14.563928604125977,14.243928909301758,14.489286422729492,0.0,314162800,0.0223535965390211,0.0004996832782293,AAPL,Apple,Stock
2013-06-26,12.161832809448242,14.21678638458252,0.0,14.456786155700684,14.130714416503906,14.425000190734863,0.0,367724000,-1.139050058356175,1.297435035441205,AAPL,Apple,Stock
2013-06-27,12.030766487121582,14.063570976257324,0.0,14.335356712341309,14.05500030517578,14.258929252624512,0.0,337246000,-1.0835347044340642,1.174047455713015,AAPL,Apple,Stock
2013-06-28,12.114786148071287,14.161786079406738,0.0,14.29535675048828,13.888214111328123,13.977143287658691,0.0,578516400,0.6959459684917695,0.484340791059947,AAPL,Apple,Stock
2013-07-01,12.50249195098877,14.614999771118164,0.0,14.723929405212402,14.329285621643066,14.381786346435549,0.0,391053600,3.1501278236562658,9.92330530537336,AAPL,Apple,Stock
2013-07-02,12.78570556640625,14.946070671081545,0.0,15.05821418762207,14.623929023742676,14.64142894744873,0.0,469865200,2.2399813749636324,5.017516560183965,AAPL,Apple,Stock
2013-07-03,12.856281280517578,15.028571128845217,0.0,15.10642910003662,14.908928871154783,15.03071403503418,0.0,240928800,0.5504713246069642,0.3030186792145458,AAPL,Apple,Stock
2013-07-05,12.753016471862791,14.907856941223145,0.0,15.11750030517578,14.833929061889648,15.01392936706543,0.0,274024800,-0.8064677863451951,0.6503902904125193,AAPL,Apple,Stock
2013-07-08,12.680607795715332,14.823213577270508,0.0,15.035714149475098,14.666070938110352,15.003929138183594,0.0,298138400,-0.5693948374482363,0.3242104809127034,AAPL,Apple,Stock
2013-07-09,12.903637886047363,15.083929061889648,0.0,15.125,14.656429290771484,14.771429061889648,0.0,352584400,1.7435397005211857,3.0399306872935057,AAPL,Apple,Stock
2013-07-10,12.85414218902588,15.026070594787598,0.0,15.171428680419922,14.9375,14.985713958740234,0.0,281405600,-0.384316954318001,0.1476995213762645,AAPL,Apple,Stock
2013-07-11,13.0545654296875,15.260356903076172,0.0,15.29464340209961,15.041786193847656,15.10535717010498,0.0,326292400,1.5471805205470277,2.393767563160172,AAPL,Apple,Stock
2013-07-12,13.030735969543455,15.232500076293944,0.0,15.349642753601074,15.121786117553713,15.27321434020996,0.0,279563200,-0.182704170506298,0.0333808139203944,AAPL,Apple,Stock
2013-07-15,13.0591459274292,15.265713691711426,0.0,15.40928554534912,15.171428680419922,15.178929328918455,0.0,241917200,0.2177853409001586,0.0474304547109983,AAPL,Apple,Stock
2013-07-16,13.143475532531738,15.364286422729492,0.0,15.38249969482422,15.14892864227295,15.23285675048828,0.0,216538000,0.6436752627342943,0.4143178438560628,AAPL,Apple,Stock
2013-07-17,13.14682960510254,15.368213653564451,0.0,15.436429023742676,15.293571472167969,15.346428871154783,0.0,198990400,0.0255156611643669,0.0006510489646547,AAPL,Apple,Stock
2013-07-18,13.191134452819824,15.420000076293944,0.0,15.531070709228516,15.378929138183594,15.477856636047363,0.0,218878800,0.3364336697362738,0.1131876141322161,AAPL,Apple,Stock
2013-07-19,12.983076095581056,15.176786422729492,0.0,15.499285697937012,15.155357360839844,15.467857360839844,0.0,268721600,-1.5898301052353132,2.527559763512527,AAPL,Apple,Stock
2013-07-22,13.02462387084961,15.225357055664062,0.0,15.348214149475098,15.195357322692873,15.337857246398926,0.0,207796400,0.3195039212728485,0.1020827557087265,AAPL,Apple,Stock
2013-07-23,12.800982475280762,14.963929176330566,0.0,15.248571395874023,14.95392894744873,15.214285850524902,0.0,369395600,-1.731978588321212,2.9997498304031383,AAPL,Apple,Stock
2013-07-24,13.458463668823242,15.732500076293944,0.0,15.878213882446287,15.545000076293944,15.676071166992188,0.0,591936800,5.008625333728591,25.086327733667837,AAPL,Apple,Stock
2013-07-25,13.397056579589844,15.660714149475098,0.0,15.764286041259766,15.564642906188965,15.739286422729492,0.0,229493600,-0.4573152609687632,0.209137247914928,AAPL,Apple,Stock
2013-07-26,13.473125457763672,15.749643325805664,0.0,15.751428604125977,15.5121431350708,15.546428680419922,0.0,200152400,0.5661969932720915,0.3205790351903568,AAPL,Apple,Stock
2013-07-29,13.680882453918455,15.99250030517578,0.0,16.07107162475586,15.721428871154783,15.742856979370115,0.0,248057600,1.5302422457692095,2.341641330736794,AAPL,Apple,Stock
2013-07-30,13.849831581115724,16.190000534057617,0.0,16.326786041259766,16.043928146362305,16.06999969482422,0.0,309422400,1.227365537185017,1.5064261618694652,AAPL,Apple,Stock
2013-07-31,13.825695991516112,16.161785125732422,0.0,16.33357048034668,16.051071166992188,16.249643325805664,0.0,322957600,-0.1744183243119106,0.0304217518557748,AAPL,Apple,Stock
2013-08-01,13.95249080657959,16.309999465942383,0.0,16.314285278320312,16.187856674194336,16.27678680419922,0.0,206250800,0.912915566372431,0.8334148313250964,AAPL,Apple,Stock
2013-08-02,14.131518363952637,16.519285202026367,0.0,16.530357360839844,16.30928611755371,16.357500076293945,0.0,274783600,1.274960290692436,1.6255237428425409,AAPL,Apple,Stock
2013-08-05,14.342638969421388,16.766071319580078,0.0,16.809642791748047,16.50535774230957,16.596071243286133,0.0,318855600,1.482919911261091,2.1990514632146017,AAPL,Apple,Stock
2013-08-06,14.214322090148926,16.616071701049805,0.0,16.853214263916016,16.506071090698242,16.71500015258789,0.0,334857600,-0.8986792579387062,0.8076244086492635,AAPL,Apple,Stock
2013-08-07,14.206072807312012,16.606428146362305,0.0,16.678571701049805,16.491785049438477,16.564285278320312,0.0,298858000,-0.0580518539474612,0.0033700177467373,AAPL,Apple,Stock
2013-08-08,14.177778244018556,16.464643478393555,0.108929,16.575000762939453,16.355356216430664,16.566429138183594,0.0,255777200,-0.1993709212648473,0.0397487642459939,AAPL,Apple,Stock
2013-08-09,13.976032257080078,16.230356216430664,0.0,16.44499969482422,16.201786041259766,16.3799991607666,0.0,266865200,-1.4331945596921103,2.054046645931062,AAPL,Apple,Stock
2013-08-12,14.37306785583496,16.691429138183594,0.0,16.737499237060547,16.30821418762207,16.316429138183594,0.0,364434000,2.801228675783463,7.846882094031574,AAPL,Apple,Stock
2013-08-13,15.05610466003418,17.484643936157227,0.0,17.66642951965332,16.7160701751709,16.819286346435547,0.0,881941200,4.642736658193795,21.555003677336487,AAPL,Apple,Stock
2013-08-14,15.330731391906738,17.803571701049805,0.0,18.008928298950195,17.621429443359375,17.781429290771484,0.0,756372400,1.807586738688576,3.2673698178828032,AAPL,Apple,Stock
2013-08-15,15.312589645385742,17.782499313354492,0.0,17.94285774230957,17.46714210510254,17.729286193847656,0.0,490294000,-0.1184058909181051,0.0140199550041102,AAPL,Apple,Stock
2013-08-16,15.44852066040039,17.940357208251953,0.0,17.962142944335938,17.816429138183594,17.862499237060547,0.0,362306000,0.8837905943173421,0.7810858146038008,AAPL,Apple,Stock
2013-08-19,15.61490249633789,18.13357162475586,0.0,18.347856521606445,18.0,18.012142181396484,0.0,510518400,1.0712497861343402,1.1475761042928696,AAPL,Apple,Stock
2013-08-20,15.409774780273438,17.895357131958008,0.0,18.234643936157227,17.886428833007812,18.203929901123047,0.0,358688400,-1.3223712426842855,1.7486657034783817,AAPL,Apple,Stock
2013-08-21,15.44944667816162,17.941429138183594,0.0,18.112499237060547,17.899999618530273,17.9853572845459,0.0,335879600,0.2571154933185237,0.0661083769044277,AAPL,Apple,Stock
2013-08-22,15.467891693115234,17.96285629272461,0.0,18.056785583496097,17.792856216430664,18.03499984741211,0.0,244207600,0.1193182732642575,0.014236850334764,AAPL,Apple,Stock
2013-08-23,15.408236503601074,17.893571853637695,0.0,17.97678565979004,17.83392906188965,17.973928451538086,0.0,222731600,-0.3864167382902637,0.1493178956308861,AAPL,Apple,Stock
2013-08-26,15.468206405639648,17.963214874267578,0.0,18.2214298248291,17.875,17.883928298950195,0.0,330965600,0.3884513356943722,0.1508944402027418,AAPL,Apple,Stock
2013-08-27,15.025967597961426,17.449642181396484,0.0,17.946786880493164,17.367856979370117,17.78571319580078,0.0,424188800,-2.90068401513942,8.413967755685347,AAPL,Apple,Stock
2013-08-28,15.097004890441896,17.532142639160156,0.0,17.707143783569336,17.35714340209961,17.35714340209961,0.0,307608000,0.4716494973732936,0.2224532483724805,AAPL,Apple,Stock
2013-08-29,15.121612548828123,17.560714721679688,0.0,17.73214340209961,17.54035758972168,17.558929443359375,0.0,239657600,0.1628642599215881,0.0265247671598066,AAPL,Apple,Stock
2013-08-30,14.983837127685549,17.400714874267578,0.0,17.605356216430664,17.375,17.571428298950195,0.0,272297200,-0.9152919785428588,0.837759405984901,AAPL,Apple,Stock
2013-09-03,15.025657653808594,17.44928550720215,0.0,17.878570556640625,17.405357360839844,17.610713958740234,0.0,331928800,0.278715476552849,0.0776823168700817,AAPL,Apple,Stock
2013-09-04,15.336577415466309,17.81035614013672,0.0,17.937143325805664,17.724285125732422,17.841428756713867,0.0,345032800,2.0481405917433233,4.19487988354669,AAPL,Apple,Stock
2013-09-05,15.231398582458496,17.688213348388672,0.0,17.88142967224121,17.6299991607666,17.866071701049805,0.0,236367600,-0.6881662567163497,0.4735727968829928,AAPL,Apple,Stock
2013-09-06,15.322129249572754,17.79357147216797,0.0,17.834999084472656,17.498214721679688,17.801429748535156,0.0,359525600,0.5939146164173716,0.3527345715941937,AAPL,Apple,Stock
2013-09-09,15.56661605834961,18.07749938964844,0.0,18.13999938964844,17.981428146362305,18.03571319580078,0.0,340687200,1.5830485317851264,2.5060426539870444,AAPL,Apple,Stock
2013-09-10,15.212024688720703,17.665714263916016,0.0,18.123214721679688,17.48214340209961,18.07857131958008,0.0,743195600,-2.3042411890499106,5.309527457314146,AAPL,Apple,Stock
2013-09-11,14.383830070495604,16.703929901123047,0.0,16.917499542236328,16.600357055664062,16.67892837524414,0.0,898696400,-5.598154916831554,31.339338472845306,AAPL,Apple,Stock
2013-09-12,14.536979675292969,16.881786346435547,0.0,16.97857093811035,16.643213272094727,16.73214340209961,0.0,404051200,1.0591061433910895,1.121705822968747,AAPL,Apple,Stock
2013-09-13,14.297407150268556,16.60357093811035,0.0,16.851070404052734,16.5964298248291,16.762142181396484,0.0,298835600,-1.6617522644237284,2.761420588317389,AAPL,Apple,Stock
2013-09-16,13.842870712280272,16.075714111328125,0.0,16.48607063293457,15.972143173217772,16.46428680419922,0.0,543706800,-3.2307852574486216,10.437973379747357,AAPL,Apple,Stock
2013-09-17,14.002788543701172,16.261428833007812,0.0,16.418214797973633,15.98214340209961,15.998571395874023,0.0,399380800,1.1486141385947957,1.3193144393798644,AAPL,Apple,Stock
2013-09-18,14.290640830993652,16.595714569091797,0.0,16.655357360839844,16.4521427154541,16.542142868041992,0.0,456862000,2.0348344178262865,4.140551107970443,AAPL,Apple,Stock
2013-09-19,14.524985313415527,16.867856979370117,0.0,16.993928909301758,16.758928298950195,16.810714721679688,0.0,404541200,1.6265455960464636,2.645650576018146,AAPL,Apple,Stock
2013-09-20,14.37460231781006,16.693214416503906,0.0,17.0910701751709,16.64285659790039,17.071428298950195,0.0,699302800,-1.040737016014805,1.0831335365034005,AAPL,Apple,Stock
2013-09-23,15.08900547027588,17.522857666015625,0.0,17.74678611755371,17.235713958740234,17.717857360839844,0.0,762106800,4.850344261273281,23.52583945286665,AAPL,Apple,Stock
2013-09-24,15.04164981842041,17.467857360839844,0.0,17.695356369018555,17.422143936157227,17.674285888671875,0.0,364344400,-0.314335618617833,0.0988068811318557,AAPL,Apple,Stock
2013-09-25,14.808846473693848,17.197500228881836,0.0,17.48714256286621,17.19392967224121,17.4714298248291,0.0,316957200,-1.5598270972416095,2.433060573289186,AAPL,Apple,Stock
2013-09-26,14.953079223632812,17.364999771118164,0.0,17.448570251464844,17.282142639160156,17.35714340209961,0.0,237221600,0.9692509857267606,0.9394474733322972,AAPL,Apple,Stock
2013-09-27,14.846363067626951,17.241071701049805,0.0,17.309642791748047,17.16857147216797,17.277856826782227,0.0,228040400,-0.7162322782011737,0.5129886763372435,AAPL,Apple,Stock
2013-09-30,14.66184425354004,17.02678680419922,0.0,17.2021427154541,16.943214416503906,17.04464340209961,0.0,260156400,-1.2506433693845365,1.564108837385506,AAPL,Apple,Stock
2013-10-01,15.006592750549316,17.427143096923828,0.0,17.46928596496582,17.084999084472656,17.087499618530273,0.0,353883600,2.324113095803541,5.40150168208552,AAPL,Apple,Stock
2013-10-02,15.05579662322998,17.484285354614258,0.0,17.564285278320312,17.27678680419922,17.343929290771484,0.0,289184000,0.3273453484078117,0.1071549771242316,AAPL,Apple,Stock
2013-10-03,14.866659164428713,17.2646427154541,0.0,17.58392906188965,17.169286727905273,17.518213272094727,0.0,322753200,-1.2642009007460275,1.5982039174470677,AAPL,Apple,Stock
2013-10-04,14.854969024658203,17.25107192993164,0.0,17.30714225769043,17.092857360839844,17.28071403503418,0.0,258868400,-0.0786641990066166,0.0061880562053525,AAPL,Apple,Stock
2013-10-07,15.00013256072998,17.41964340209961,0.0,17.594642639160156,17.33392906188965,17.37714385986328,0.0,312292400,0.9724614712284304,0.9456813130237636,AAPL,Apple,Stock
2013-10-08,14.790706634521484,17.176429748535156,0.0,17.522857666015625,17.16214370727539,17.49785614013672,0.0,290917200,-1.4059985005663869,1.976831783594928,AAPL,Apple,Stock
2013-10-09,14.964454650878906,17.37821388244629,0.0,17.421070098876953,17.08142852783203,17.308570861816406,0.0,301725200,1.167864556259136,1.3639076217663488,AAPL,Apple,Stock
2013-10-10,15.058252334594728,17.48714256286621,0.0,17.584999084472656,17.394285202026367,17.547143936157227,0.0,278602800,0.6248469796045669,0.3904337479209501,AAPL,Apple,Stock
2013-10-11,15.155746459960938,17.600357055664062,0.0,17.637142181396484,17.3271427154541,17.392499923706055,0.0,267738800,0.6453595527410179,0.4164889523140866,AAPL,Apple,Stock
2013-10-14,15.255080223083496,17.715713500976562,0.0,17.770713806152344,17.47678565979004,17.493928909301758,0.0,261898000,0.6532812635129435,0.4267764092570679,AAPL,Apple,Stock
2013-10-15,15.336268424987791,17.809999465942383,0.0,17.928571701049805,17.6971435546875,17.768213272094727,0.0,320073600,0.5307931562972914,0.2817413747720408,AAPL,Apple,Stock
2013-10-16,15.411002159118652,17.896785736083984,0.0,17.947500228881836,17.82964324951172,17.885356903076172,0.0,251101200,0.4861171732022153,0.2363099060821126,AAPL,Apple,Stock
2013-10-17,15.515253067016602,18.01785659790039,0.0,18.027856826782227,17.845714569091797,17.856428146362305,0.0,253593200,0.6741928630993965,0.4545360166541616,AAPL,Apple,Stock
2013-10-18,15.650272369384766,18.17464256286621,0.0,18.187856674194336,18.061071395874023,18.07107162475586,0.0,290542000,0.8664711742610333,0.7507722958252939,AAPL,Apple,Stock
2013-10-21,16.03376007080078,18.6200008392334,0.0,18.725000381469727,18.268571853637695,18.27750015258789,0.0,398106800,2.420818310260457,5.860361291292292,AAPL,Apple,Stock
2013-10-22,15.987937927246094,18.56678581237793,0.0,18.873214721679688,18.14392852783203,18.800357818603516,0.0,534063600,-0.2861945349299318,0.0819073118237599,AAPL,Apple,Stock
2013-10-23,16.14448356628418,18.748571395874023,0.0,18.773929595947266,18.53571319580078,18.53571319580078,0.0,313723200,0.9743858093029492,0.9494277053709634,AAPL,Apple,Stock
2013-10-24,16.358217239379883,18.99678611755371,0.0,19.016786575317383,18.6589298248291,18.75,0.0,384764800,1.3151938063205555,1.7297347481839511,AAPL,Apple,Stock
2013-10-25,16.17523193359375,18.78428649902344,0.0,19.043928146362305,18.753929138183594,18.9757137298584,0.0,337792000,-1.1249175238035234,1.2654394353602507,AAPL,Apple,Stock
2013-10-28,16.295787811279297,18.924285888671875,0.0,18.96428680419922,18.686071395874023,18.894285202026367,0.0,550440800,0.7425478630713858,0.5513773289518814,AAPL,Apple,Stock
2013-10-29,15.889833450317385,18.452856063842773,0.0,19.258928298950195,18.376428604125977,19.15250015258789,0.0,635807200,-2.522715885268717,6.3640954377871255,AAPL,Apple,Stock
2013-10-30,16.142637252807617,18.746429443359375,0.0,18.84000015258789,18.46500015258789,18.5575008392334,0.0,354163600,1.5784548977957609,2.4915198643754257,AAPL,Apple,Stock
2013-10-31,16.074974060058594,18.667856216430664,0.0,18.83892822265625,18.616785049438477,18.75,0.0,275696400,-0.4200391616582402,0.1764328973265572,AAPL,Apple,Stock
2013-11-01,15.992867469787598,18.572500228881836,0.0,18.742856979370117,18.4228572845459,18.71500015258789,0.0,274890000,-0.5120816729514588,0.2622276397727648,AAPL,Apple,Stock
2013-11-04,16.19952964782715,18.8125,0.0,18.815000534057617,18.528928756713867,18.61071395874023,0.0,244627600,1.2839368021433413,1.6484937118980694,AAPL,Apple,Stock
2013-11-05,16.159542083740234,18.76607131958008,0.0,18.88892936706543,18.678571701049805,18.73500061035156,0.0,265213200,-0.2471491442844585,0.0610826995205401,AAPL,Apple,Stock
2013-11-06,16.113771438598633,18.604286193847656,0.108929,18.7450008392334,18.507143020629883,18.719642639160156,0.0,223375600,-0.2836441061240128,0.0804539789388902,AAPL,Apple,Stock
2013-11-07,15.852998733520508,18.303213119506836,0.0,18.68535614013672,18.299285888671875,18.55642890930176,0.0,262620400,-1.6315598255872985,2.6619874644704553,AAPL,Apple,Stock
2013-11-08,16.10263442993164,18.591428756713867,0.0,18.611785888671875,18.306785583496097,18.377857208251953,0.0,279316800,1.562421082078296,2.441159637722713,AAPL,Apple,Stock
2013-11-11,16.05592155456543,18.537500381469727,0.0,18.63107109069824,18.37178611755371,18.57107162475586,0.0,227452400,-0.2905162050392864,0.0843996653904287,AAPL,Apple,Stock
2013-11-12,16.085620880126953,18.571786880493164,0.0,18.711429595947266,18.46428680419922,18.48821449279785,0.0,204276800,0.184803414922414,0.0341523021669859,AAPL,Apple,Stock
2013-11-13,16.104801177978516,18.593929290771484,0.0,18.65178680419922,18.46285629272461,18.5,0.0,197220800,0.119167745528531,0.0142009515743527,AAPL,Apple,Stock
2013-11-14,16.337724685668945,18.862857818603516,0.0,18.902856826782227,18.638214111328125,18.671785354614254,0.0,282419200,1.4359394265822092,2.0619220368132436,AAPL,Apple,Stock
2013-11-15,16.239667892456055,18.749643325805664,0.0,18.89607048034668,18.731786727905273,18.80642890930176,0.0,317920400,-0.6019947060350677,0.3623976260942475,AAPL,Apple,Stock
2013-11-18,16.042924880981445,18.522499084472656,0.0,18.828214645385746,18.507143020629883,18.749643325805664,0.0,244944000,-1.2188949549365171,1.4857049111696947,AAPL,Apple,Stock
2013-11-19,16.071386337280273,18.555356979370117,0.0,18.692142486572266,18.49892807006836,18.536785125732425,0.0,208938800,0.1772509680002306,0.0314179056570187,AAPL,Apple,Stock
2013-11-20,15.930636405944824,18.39285659790039,0.0,18.586429595947266,18.36892890930176,18.543928146362305,0.0,193916800,-0.8796371405703871,0.773761499070847,AAPL,Apple,Stock
2013-11-21,16.12057113647461,18.61214256286621,0.0,18.614643096923828,18.34535789489746,18.48571395874023,0.0,262026800,1.1852093475795116,1.4047211975898517,AAPL,Apple,Stock
2013-11-22,16.079118728637695,18.564285278320312,0.0,18.648571014404297,18.51892852783203,18.554285049438477,0.0,223725600,-0.2574709937270448,0.0662913126107919,AAPL,Apple,Stock
2013-11-25,16.20099449157715,18.704999923706055,0.0,18.781070709228516,18.60714340209961,18.60785675048828,0.0,229311600,0.755117190714083,0.5702019717119288,AAPL,Apple,Stock
2013-11-26,16.499820709228516,19.049999237060547,0.0,19.147857666015625,18.71428680419922,18.718570709228516,0.0,401382800,1.82768860170262,3.340445624793679,AAPL,Apple,Stock
2013-11-27,16.888328552246094,19.498571395874023,0.0,19.5,19.049999237060547,19.153928756713867,0.0,363448400,2.32732503919912,5.416441838083186,AAPL,Apple,Stock
2013-11-29,17.201068878173828,19.859643936157227,0.0,19.940357208251953,19.56464385986328,19.624286651611328,0.0,318127600,1.8348760836291051,3.366770242274083,AAPL,Apple,Stock
2013-12-02,17.051359176635742,19.686786651611328,0.0,20.15464210510254,19.672143936157227,19.928571701049805,0.0,472544800,-0.8741608311395936,0.7641571586986652,AAPL,Apple,Stock
2013-12-03,17.518136978149414,20.2257137298584,0.0,20.22785758972168,19.917142868041992,19.939285278320312,0.0,450968000,2.7006825333440405,7.293686145909584,AAPL,Apple,Stock
2013-12-04,17.477312088012695,20.178571701049805,0.0,20.328214645385746,20.029285430908203,20.196428298950195,0.0,377809600,-0.2333155295656337,0.054436136336492,AAPL,Apple,Stock
2013-12-05,17.5670108795166,20.282142639160156,0.0,20.540714263916016,20.22892951965332,20.45178604125977,0.0,447580000,0.5119173651817286,0.2620593887746033,AAPL,Apple,Stock
2013-12-06,17.32325553894043,20.000713348388672,0.0,20.241071701049805,19.984643936157227,20.206785202026367,0.0,344352400,-1.3972911733323037,1.952422623072366,AAPL,Apple,Stock
2013-12-09,17.521541595458984,20.229642868041992,0.0,20.34214210510254,20.032142639160156,20.032142639160156,0.0,320493600,1.1381222632388124,1.2953222860798366,AAPL,Apple,Stock
2013-12-10,17.49431610107422,20.198213577270508,0.0,20.281429290771484,20.042856216430664,20.127857208251953,0.0,278269600,-0.1555038297618204,0.0241814410705932,AAPL,Apple,Stock
2013-12-11,17.364709854125977,20.04857063293457,0.0,20.391786575317383,19.988929748535156,20.25,0.0,359718800,-0.7436056551228081,0.5529493703306205,AAPL,Apple,Stock
2013-12-12,17.339344024658203,20.019285202026367,0.0,20.19071388244629,20.00107192993164,20.07642936706543,0.0,262290000,-0.1461836941213544,0.0213696724269657,AAPL,Apple,Stock
2013-12-13,17.15034294128418,19.801071166992188,0.0,20.10285758972168,19.773929595947266,20.10178565979004,0.0,332822000,-1.095997046727152,1.2012095264346392,AAPL,Apple,Stock
2013-12-16,17.245304107666016,19.91071319580078,0.0,20.09428596496582,19.821786880493164,19.8221435546875,0.0,282592800,0.5521710786335586,0.3048929000793476,AAPL,Apple,Stock
2013-12-17,17.167661666870117,19.82107162475586,0.0,19.979999542236328,19.76357078552246,19.850357055664062,0.0,229902400,-0.4512402275896042,0.2036177429951177,AAPL,Apple,Stock
2013-12-18,17.037124633789062,19.67035675048828,0.0,19.694643020629883,19.242856979370117,19.632143020629883,0.0,565863200,-0.7632713484714332,0.5825831513974,AAPL,Apple,Stock
2013-12-19,16.841934204101562,19.44499969482422,0.0,19.64285659790039,19.418928146362305,19.625,0.0,320308800,-1.1522905069799256,1.327773412476054,AAPL,Apple,Stock
2013-12-20,16.982990264892578,19.60785675048828,0.0,19.70035743713379,19.457857131958008,19.479642868041992,0.0,436413600,0.8340410551580728,0.6956244816891914,AAPL,Apple,Stock
2013-12-23,17.634756088256836,20.3603572845459,0.0,20.382856369018555,20.09857177734375,20.28571319580078,0.0,501306400,3.765946197979159,14.182350766073682,AAPL,Apple,Stock
2013-12-24,17.55990219116211,20.273929595947266,0.0,20.424285888671875,20.215356826782227,20.353214263916016,0.0,167554800,-0.4253714263576048,0.1809408503615031,AAPL,Apple,Stock
2013-12-26,17.443273544311523,20.13928604125977,0.0,20.33928680419922,20.12071418762207,20.28928565979004,0.0,204008000,-0.6663914116421092,0.444077513510363,AAPL,Apple,Stock
2013-12-27,17.325429916381836,20.00321388244629,0.0,20.157499313354492,19.98214340209961,20.136428833007812,0.0,225884400,-0.6778744529199068,0.4595137739214629,AAPL,Apple,Stock
2013-12-30,17.153127670288086,19.804285049438477,0.0,20.00321388244629,19.7257137298584,19.90928649902344,0.0,253629600,-0.9994831136791364,0.9989664945297414,AAPL,Apple,Stock
2013-12-31,17.35419273376465,20.03642845153809,0.0,20.045713424682617,19.78571319580078,19.791786193847656,0.0,223084400,1.1653604893825764,1.358065070213998,AAPL,Apple,Stock
2014-01-02,17.11012840270996,19.754642486572266,0.0,19.89392852783203,19.71500015258789,19.845714569091797,0.0,234684800,-1.416354090576437,2.006058909892605,AAPL,Apple,Stock
2014-01-03,16.73429298400879,19.320714950561523,0.0,19.774999618530273,19.301071166992188,19.7450008392334,0.0,392467600,-2.221050639062382,4.933065941279416,AAPL,Apple,Stock
2014-01-06,16.825550079345703,19.426071166992188,0.0,19.5285701751709,19.05714225769043,19.194643020629883,0.0,412610800,0.5438483135406994,0.2957709881410629,AAPL,Apple,Stock
2014-01-07,16.705215454101562,19.28714370727539,0.0,19.498571395874023,19.211429595947266,19.440000534057617,0.0,317209200,-0.7177595855309804,0.5151788226216047,AAPL,Apple,Stock
2014-01-08,16.811004638671875,19.40928649902344,0.0,19.484285354614254,19.238929748535156,19.243213653564453,0.0,258529600,0.631273667443297,0.3985064432073104,AAPL,Apple,Stock
2014-01-09,16.59632682800293,19.16142845153809,0.0,19.53071403503418,19.11964225769043,19.5285701751709,0.0,279148800,-1.2852314525666524,1.6518198866665872,AAPL,Apple,Stock
2014-01-10,16.485576629638672,19.033571243286133,0.0,19.314285278320312,18.96821403503418,19.27964210510254,0.0,304976000,-0.6695540494062547,0.4483026250763134,AAPL,Apple,Stock
2014-01-13,16.571889877319336,19.133214950561523,0.0,19.375,18.924285888671875,18.925357818603516,0.0,378492800,0.5222024126133493,0.2726953597392027,AAPL,Apple,Stock
2014-01-14,16.901641845703125,19.51392936706543,0.0,19.52607154846191,19.2021427154541,19.222143173217773,0.0,332561600,1.970288875549147,3.882038253112722,AAPL,Apple,Stock
2014-01-15,17.240978240966797,19.90571403503418,0.0,20.007143020629883,19.7021427154541,19.768571853637695,0.0,391638800,1.9878238297695296,3.951443578199599,AAPL,Apple,Stock
2014-01-16,17.144779205322266,19.79464340209961,0.0,19.887500762939453,19.702856063842773,19.81785774230957,0.0,229278000,-0.5595298389040952,0.3130736406240428,AAPL,Apple,Stock
2014-01-17,16.724700927734375,19.309642791748047,0.0,19.716785430908203,19.282142639160156,19.695714950561523,0.0,426739600,-2.480698364758733,6.153864376916651,AAPL,Apple,Stock
2014-01-21,16.98454475402832,19.609643936157227,0.0,19.645357131958008,19.30071449279785,19.32107162475586,0.0,328526800,1.5417074324391031,2.376861807237972,AAPL,Apple,Stock
2014-01-22,17.060022354125977,19.696786880493164,0.0,19.90321350097656,19.56464385986328,19.675357818603516,0.0,379985200,0.4434053957599244,0.1966083449890152,AAPL,Apple,Stock
2014-01-23,17.20447540283203,19.863571166992188,0.0,19.875,19.457500457763672,19.640714645385746,0.0,403239200,0.8431695426303247,0.710934877619431,AAPL,Apple,Stock
2014-01-24,16.89173698425293,19.502500534057617,0.0,19.843570709228516,19.45535659790039,19.78571319580078,0.0,429354800,-1.8344981294991265,3.365383387135794,AAPL,Apple,Stock
2014-01-27,17.028776168823242,19.66071319580078,0.0,19.814285278320312,19.491071701049805,19.645357131958008,0.0,554878800,0.8080062322690715,0.6528740713856608,AAPL,Apple,Stock
2014-01-28,15.667704582214355,18.08928680419922,0.0,18.39285659790039,17.93107032775879,18.170000076293945,0.0,1065523200,-8.33030680644965,69.39401148958137,AAPL,Apple,Stock
2014-01-29,15.489840507507324,17.883928298950195,0.0,18.120357513427734,17.807857513427734,17.998214721679688,0.0,502810000,-1.1417202881455275,1.3035252163631068,AAPL,Apple,Stock
2014-01-30,15.459839820861816,17.849285125732422,0.0,18.08928680419922,17.739286422729492,17.947856903076172,0.0,678501600,-0.1938675664729335,0.0375846333301373,AAPL,Apple,Stock
2014-01-31,15.485198974609377,17.878570556640625,0.0,17.911785125732422,17.626785278320312,17.684999465942383,0.0,464797200,0.163898061928022,0.0268625747037617,AAPL,Apple,Stock
2014-02-03,15.513968467712402,17.911785125732422,0.0,18.133214950561523,17.832143783569336,17.95035743713379,0.0,401464000,0.1856146712099304,0.0344528061683705,AAPL,Apple,Stock
2014-02-04,15.738543510437012,18.171070098876953,0.0,18.19499969482422,17.955713272094727,18.066070556640625,0.0,376681200,1.437189486667397,2.0655136205872964,AAPL,Apple,Stock
2014-02-05,15.856086730957031,18.306785583496097,0.0,18.402856826782227,18.08035659790039,18.091428756713867,0.0,328344800,0.7440743058748827,0.5536465726631884,AAPL,Apple,Stock
2014-02-06,15.948516845703123,18.30392837524414,0.108929,18.33928680419922,18.136070251464844,18.216428756713867,0.0,257765200,0.5812389690301925,0.337838739119281,AAPL,Apple,Stock
2014-02-07,16.171630859375,18.559999465942383,0.0,18.676071166992188,18.47785758972168,18.62071418762207,0.0,370280400,1.3892688430470133,1.9300679182611868,AAPL,Apple,Stock
2014-02-10,16.461345672607422,18.892499923706055,0.0,18.999643325805664,18.5,18.523571014404297,0.0,345559200,1.7756420407130582,3.152904656747634,AAPL,Apple,Stock
2014-02-11,16.678241729736328,19.141429901123047,0.0,19.20535659790039,18.91071319580078,18.95035743713379,0.0,282256800,1.3090033473450486,1.7134897633605422,AAPL,Apple,Stock
2014-02-12,16.676992416381836,19.13999938964844,0.0,19.270000457763672,19.044286727905273,19.176786422729492,0.0,308100800,-0.0074909583881455,5.6114457572927944e-05,AAPL,Apple,Stock
2014-02-13,16.941816329956055,19.44392967224121,0.0,19.45892906188965,19.07857131958008,19.094999313354492,0.0,307398000,1.5754834938869096,2.482148239510104,AAPL,Apple,Stock
2014-02-14,16.928123474121094,19.428213119506836,0.0,19.499286651611328,19.328929901123047,19.37392807006836,0.0,272924400,-0.0808555117615051,0.0065376137822148,AAPL,Apple,Stock
2014-02-18,16.990360260009766,19.499643325805664,0.0,19.68535614013672,19.48607063293457,19.5,0.0,260251600,0.3669789971956831,0.1346735843827492,AAPL,Apple,Stock
2014-02-19,16.72212791442871,19.19178581237793,0.0,19.53178596496582,19.08392906188965,19.45535659790039,0.0,313768000,-1.591327252930259,2.5323224259185633,AAPL,Apple,Stock
2014-02-20,16.528562545776367,18.969642639160156,0.0,19.178571701049805,18.89285659790039,19.035356521606445,0.0,305858000,-1.1642919444537287,1.3555757319198445,AAPL,Apple,Stock
2014-02-21,16.344959259033203,18.758928298950195,0.0,19.091785430908203,18.73571395874023,19.02821350097656,0.0,278784800,-1.117040011499106,1.2477783872899233,AAPL,Apple,Stock
2014-02-24,16.416534423828125,18.8410701751709,0.0,18.92571449279785,18.65785789489746,18.683929443359375,0.0,288909600,0.4369475907646103,0.1909231970749974,AAPL,Apple,Stock
2014-02-25,16.24570083618164,18.645000457763672,0.0,18.9132137298584,18.60714340209961,18.906429290771484,0.0,231952000,-1.046071367095767,1.0942653050576077,AAPL,Apple,Stock
2014-02-26,16.099124908447266,18.47678565979004,0.0,18.75,18.41428565979004,18.70035743713379,0.0,276217200,-0.9063392844633772,0.8214508985615864,AAPL,Apple,Stock
2014-02-27,16.42028045654297,18.84535789489746,0.0,18.885000228881836,18.430356979370117,18.46928596496582,0.0,301882000,1.975226705702882,3.90152053892186,AAPL,Apple,Stock
2014-02-28,16.375774383544922,18.794286727905273,0.0,19.02678680419922,18.64714241027832,18.895713806152344,0.0,371968800,-0.2714113056334644,0.0736640968256618,AAPL,Apple,Stock
2014-03-03,16.423070907592773,18.84857177734375,0.0,18.95178604125977,18.671785354614254,18.69357109069824,0.0,238781200,0.2884037923354382,0.0831767474334625,AAPL,Apple,Stock
2014-03-04,16.5313663482666,18.972856521606445,0.0,19.022857666015625,18.84892845153809,18.96428680419922,0.0,259140000,0.6572458189536721,0.4319720665320831,AAPL,Apple,Stock
2014-03-05,16.56621551513672,19.01285743713379,0.0,19.09821319580078,18.897499084472656,18.961429595947266,0.0,200062800,0.2105844462740253,0.0443458090125378,AAPL,Apple,Stock
2014-03-06,16.5161190032959,18.95535659790039,0.0,19.087142944335938,18.86071395874023,19.02821350097656,0.0,185488800,-0.3028598245086725,0.0917240733014239,AAPL,Apple,Stock
2014-03-07,16.506471633911133,18.944286346435547,0.0,18.999286651611328,18.787500381469727,18.967500686645508,0.0,220729600,-0.0584289086535692,0.0034139373664471,AAPL,Apple,Stock
2014-03-10,16.52140235900879,18.961429595947266,0.0,19.04750061035156,18.869285583496097,18.8700008392334,0.0,178584000,0.0904128804533274,0.0081744889518676,AAPL,Apple,Stock
2014-03-11,16.682287216186523,19.14607048034668,0.0,19.240713119506836,19.02107048034668,19.123214721679688,0.0,279224400,0.9690857752781384,0.9391272398464308,AAPL,Apple,Stock
2014-03-12,16.698467254638672,19.164642333984375,0.0,19.191070556640625,19.0,19.089643478393555,0.0,199326400,0.0969423248562701,0.0093978143485386,AAPL,Apple,Stock
2014-03-13,16.51300621032715,18.95178604125977,0.0,19.273571014404297,18.898571014404297,19.194286346435547,0.0,257742800,-1.1168608483267128,1.2473781545250646,AAPL,Apple,Stock
2014-03-14,16.327539443969727,18.738929748535156,0.0,18.960357666015625,18.678571701049805,18.885356903076172,0.0,237199200,-1.1295106976468228,1.2757944160986123,AAPL,Apple,Stock
2014-03-17,16.39133071899414,18.812143325805664,0.0,18.927499771118164,18.780357360839844,18.8464298248291,0.0,199544800,0.3899361777203629,0.1520502226951664,AAPL,Apple,Stock
2014-03-18,16.536346435546875,18.97857093811035,0.0,18.99892807006836,18.757143020629883,18.782142639160156,0.0,209647200,0.8808192175164254,0.775842493946248,AAPL,Apple,Stock
2014-03-19,16.531993865966797,18.97357177734375,0.0,19.15142822265625,18.89285659790039,19.009286880493164,0.0,224756000,-0.0263246934410859,0.0006929894847671,AAPL,Apple,Stock
2014-03-20,16.45231819152832,18.882143020629883,0.0,19.023929595947266,18.83392906188965,18.92464256286621,0.0,208398400,-0.4831134829661733,0.233398637423707,AAPL,Apple,Stock
2014-03-21,16.582082748413086,19.031070709228516,0.0,19.0625,18.79750061035156,18.997499465942383,0.0,374046400,0.7856369157097769,0.6172253633259711,AAPL,Apple,Stock
2014-03-24,16.778759002685547,19.256786346435547,0.0,19.303571701049805,19.109285354614254,19.229286193847656,0.0,355700800,1.1790981435522343,1.3902724321283255,AAPL,Apple,Stock
2014-03-25,16.959243774414062,19.46392822265625,0.0,19.491071701049805,19.27107048034668,19.33928680419922,0.0,282293200,1.0699299224512486,1.1447500389565348,AAPL,Apple,Stock
2014-03-26,16.797115325927734,19.277856826782227,0.0,19.60714340209961,19.2450008392334,19.518571853637695,0.0,299768000,-0.960587572099355,0.9227284836717334,AAPL,Apple,Stock
2014-03-27,16.724918365478516,19.19499969482422,0.0,19.33928680419922,19.11142921447754,19.28642845153809,0.0,222031600,-0.4307439861350464,0.185540381591509,AAPL,Apple,Stock
2014-03-28,16.706247329711914,19.17357063293457,0.0,19.24785614013672,19.08035659790039,19.2257137298584,0.0,200564000,-0.1116983947139801,0.0124765313816801,AAPL,Apple,Stock
2014-03-31,16.702518463134766,19.169286727905273,0.0,19.31464385986328,19.140356063842773,19.258214950561523,0.0,168669200,-0.0223226839072967,0.000498302216825,AAPL,Apple,Stock
2014-04-01,16.85530662536621,19.344642639160156,0.0,19.352500915527344,19.17035675048828,19.205713272094727,0.0,200760000,0.9106026245121556,0.8291971397684256,AAPL,Apple,Stock
2014-04-02,16.88331413269043,19.376785278320312,0.0,19.40999984741211,19.295000076293945,19.37071418762207,0.0,180420800,0.1660264298210065,0.0275647753991096,AAPL,Apple,Stock
2014-04-03,16.766311645507812,19.24250030517578,0.0,19.375,19.20142936706543,19.335357666015625,0.0,162344000,-0.6954190782446653,0.4836076943866599,AAPL,Apple,Stock
2014-04-04,16.549415588378906,18.99357032775879,0.0,19.28571319580078,18.94928550720215,19.278928756713867,0.0,275251200,-1.30208246700565,1.6954187508835192,AAPL,Apple,Stock
2014-04-07,16.289569854736328,18.695356369018555,0.0,18.96071434020996,18.63892936706543,18.85785675048828,0.0,289850400,-1.5825772533501887,2.5045507628214274,AAPL,Apple,Stock
2014-04-08,16.288639068603516,18.694286346435547,0.0,18.790000915527344,18.524999618530273,18.756786346435547,0.0,243888400,-0.0057141639385813,3.2651669516984004e-05,AAPL,Apple,Stock
2014-04-09,16.50274085998535,18.940000534057617,0.0,18.94607162475586,18.643571853637695,18.665714263916016,0.0,206169600,1.3058604691452134,1.7052715648761567,AAPL,Apple,Stock
2014-04-10,16.289880752563477,18.695714950561523,0.0,19.00857162475586,18.684642791748047,18.952856063842773,0.0,239652000,-1.298237753519216,1.6854212646626203,AAPL,Apple,Stock
2014-04-11,16.169458389282227,18.5575008392334,0.0,18.67250061035156,18.46928596496582,18.53571319580078,0.0,271717600,-0.7419924062225011,0.5505527308918571,AAPL,Apple,Stock
2014-04-14,16.233869552612305,18.63142967224121,0.0,18.648571014404297,18.47178649902344,18.63928604125977,0.0,205674000,0.39755946230166,0.158053526065585,AAPL,Apple,Stock
2014-04-15,16.11811637878418,18.498571395874023,0.0,18.6299991607666,18.26178550720215,18.581071853637695,0.0,266490000,-0.7155892563686762,0.512067983830275,AAPL,Apple,Stock
2014-04-16,16.150785446166992,18.53607177734375,0.0,18.6103572845459,18.36214256286621,18.501785278320312,0.0,214765600,0.2024802623993038,0.0409982566612909,AAPL,Apple,Stock
2014-04-17,16.335315704345703,18.74785614013672,0.0,18.84857177734375,18.542856216430664,18.571428298950195,0.0,284334400,1.136068880800075,1.290652501922335,AAPL,Apple,Stock
2014-04-21,16.52918815612793,18.97035789489746,0.0,19.0049991607666,18.71285629272461,18.762142181396484,0.0,182548800,1.1798425533305574,1.3920284506495693,AAPL,Apple,Stock
2014-04-22,16.54568099975586,18.989286422729492,0.0,18.99392890930176,18.803571701049805,18.868213653564453,0.0,202563200,0.099730371825199,0.0099461470643924,AAPL,Apple,Stock
2014-04-23,16.329404830932617,18.741071701049805,0.0,18.968929290771484,18.730356216430664,18.895000457763672,0.0,394940000,-1.315764102552912,1.7312351735668703,AAPL,Apple,Stock
2014-04-24,17.668123245239258,20.27750015258789,0.0,20.35714340209961,20.02607154846191,20.293214797973633,0.0,759911600,7.8794609371443585,62.08590465998385,AAPL,Apple,Stock
2014-04-25,17.797883987426758,20.426429748535156,0.0,20.428213119506836,20.141429901123047,20.161785125732425,0.0,390275200,0.7317503791632345,0.5354586174055375,AAPL,Apple,Stock
2014-04-28,18.487159729003903,21.217500686645508,0.0,21.27678680419922,20.448213577270508,20.457143783569336,0.0,669485600,3.799684928385666,14.437605555001188,AAPL,Apple,Stock
2014-04-29,18.432392120361328,21.15464210510254,0.0,21.28499984741211,21.05392837524414,21.204999923706055,0.0,337377600,-0.2966864226270334,0.0880228333712266,AAPL,Apple,Stock
2014-04-30,18.36268615722656,21.074642181396484,0.0,21.408214569091797,21.064285278320312,21.165714263916016,0.0,456640800,-0.3788878827659094,0.1435560277068335,AAPL,Apple,Stock
2014-05-01,18.40593910217285,21.124286651611328,0.0,21.242856979370117,20.941429138183594,21.14285659790039,0.0,244048000,0.2352710474892604,0.0553524657866938,AAPL,Apple,Stock
2014-05-02,18.440168380737305,21.163570404052734,0.0,21.2214298248291,21.061071395874023,21.155000686645508,0.0,191514400,0.1857959537624868,0.0345201364345121,AAPL,Apple,Stock
2014-05-05,18.700942993164062,21.46285629272461,0.0,21.46428680419922,21.071428298950195,21.07642936706543,0.0,287067200,1.404260066786421,1.9719463351710027,AAPL,Apple,Stock
2014-05-06,18.49711036682129,21.22892951965332,0.0,21.586071014404297,21.22892951965332,21.492856979370117,0.0,374564400,-1.0959426534734231,1.2010902997023676,AAPL,Apple,Stock
2014-05-07,18.432392120361328,21.15464210510254,0.0,21.331785202026367,20.9903564453125,21.258928298950195,0.0,282864400,-0.3504965317988709,0.1228478188030369,AAPL,Apple,Stock
2014-05-08,18.399534225463867,20.999643325805664,0.1175,21.22892951965332,20.94285774230957,21.008928298950195,0.0,230297200,-0.178420771727188,0.0318339717837253,AAPL,Apple,Stock
2014-05-09,18.322866439819336,20.91214370727539,0.0,20.9375,20.726070404052734,20.876428604125977,0.0,291597600,-0.4175538398809288,0.1743512091993083,AAPL,Apple,Stock
2014-05-12,18.55099105834961,21.17250061035156,0.0,21.2021427154541,20.97857093811035,20.981786727905273,0.0,213208800,1.2373401890188735,1.5310107433612616,AAPL,Apple,Stock
2014-05-13,18.580089569091797,21.205713272094727,0.0,21.233570098876953,21.0964298248291,21.14285659790039,0.0,159737200,0.1567340147785636,0.024565551388607,AAPL,Apple,Stock
2014-05-14,18.583534240722656,21.20964241027832,0.0,21.33571434020996,21.13357162475586,21.158214569091797,0.0,166404000,0.0185378673422877,0.0003436525256002,AAPL,Apple,Stock
2014-05-15,18.425500869750977,21.029285430908203,0.0,21.30714225769043,21.001428604125977,21.239286422729492,0.0,230846000,-0.8540310820726392,0.729369089146163,AAPL,Apple,Stock
2014-05-16,18.697429656982425,21.339643478393555,0.0,21.340356826782227,20.907142639160156,21.022499084472656,0.0,276256400,1.4650440962036475,2.146354203821163,AAPL,Apple,Stock
2014-05-19,18.918991088867188,21.592500686645508,0.0,21.690357208251953,21.333213806152344,21.35178565979004,0.0,317755200,1.17801741742181,1.3877250357491506,AAPL,Apple,Stock
2014-05-20,18.922740936279297,21.59678649902344,0.0,21.657142639160156,21.45464324951172,21.589643478393555,0.0,234836000,0.0198185824152525,0.0003927762089501,AAPL,Apple,Stock
2014-05-21,18.97280502319336,21.653928756713867,0.0,21.667856216430664,21.50214385986328,21.565357208251953,0.0,196859600,0.2642216375173146,0.0698130737323312,AAPL,Apple,Stock
2014-05-22,19.002849578857425,21.688213348388672,0.0,21.780357360839844,21.575000762939453,21.66428565979004,0.0,200760000,0.1582306466994724,0.0250369375549332,AAPL,Apple,Stock
2014-05-23,19.217514038085938,21.93321418762207,0.0,21.95464324951172,21.659643173217773,21.6875,0.0,232209600,1.1233106969895683,1.2618269219711895,AAPL,Apple,Stock
2014-05-27,19.577367782592773,22.343929290771484,0.0,22.352142333984375,21.986785888671875,21.99571418762207,0.0,348866000,1.8552141355894305,3.4418194888908378,AAPL,Apple,Stock
2014-05-28,19.526676177978516,22.28607177734375,0.0,22.49392890930176,22.277856826782227,22.35785675048828,0.0,315481600,-0.25926542564501,0.0672185609348882,AAPL,Apple,Stock
2014-05-29,19.88247299194336,22.692142486572266,0.0,22.745357513427734,22.42035675048828,22.42321395874023,0.0,376474000,1.8057049640066172,3.2605704170381387,AAPL,Apple,Stock
2014-05-30,19.80800437927246,22.60714340209961,0.0,23.00607109069824,22.46071434020996,22.78499984741211,0.0,564020800,-0.3752471876686227,0.1408104518532105,AAPL,Apple,Stock
2014-06-02,19.671884536743164,22.45178604125977,0.0,22.67250061035156,22.23214340209961,22.641429901123047,0.0,369350800,-0.6895682112895974,0.4755043180211349,AAPL,Apple,Stock
2014-06-03,19.95005798339844,22.769285202026367,0.0,22.812143325805664,22.4375,22.44499969482422,0.0,292709200,1.4041614292346445,1.9716693193502792,AAPL,Apple,Stock
2014-06-04,20.17787170410156,23.029285430908203,0.0,23.13892936706543,22.71821403503418,22.765714645385746,0.0,335482000,1.135449399143273,1.2892453380148197,AAPL,Apple,Stock
2014-06-05,20.25703811645508,23.11964225769043,0.0,23.19178581237793,22.95035743713379,23.07857131958008,0.0,303805600,0.3915750714438803,0.1533310365762799,AAPL,Apple,Stock
2014-06-06,20.201337814331055,23.05607032775879,0.0,23.259286880493164,23.016786575317383,23.21071434020996,0.0,349938400,-0.2753463827148488,0.075815630474152,AAPL,Apple,Stock
2014-06-09,20.52459144592285,23.424999237060547,0.0,23.469999313354492,22.9375,23.174999237060547,7.0,301660000,1.5874919301444408,2.520130628273722,AAPL,Apple,Stock
2014-06-10,20.64507102966309,23.5625,0.0,23.762500762939453,23.392499923706055,23.6825008392334,0.0,251108000,0.5852849910491805,0.3425585207474393,AAPL,Apple,Stock
2014-06-11,20.55963706970215,23.46500015258789,0.0,23.690000534057617,23.36750030517578,23.532499313354492,0.0,182724000,-0.4146811678999255,0.1719604710108462,AAPL,Apple,Stock
2014-06-12,20.21573829650879,23.072500228881836,0.0,23.530000686645508,22.975000381469727,23.510000228881836,0.0,218996000,-1.686836354184192,2.845416885797417,AAPL,Apple,Stock
2014-06-13,19.994504928588867,22.81999969482422,0.0,23.11000061035156,22.719999313354492,23.049999237060547,0.0,218100000,-1.1003942405721507,1.2108674846843603,AAPL,Apple,Stock
2014-06-16,20.196025848388672,23.049999237060547,0.0,23.1875,22.862499237060547,22.877500534057617,0.0,142244000,1.0028362640735753,1.0056805725410456,AAPL,Apple,Stock
2014-06-17,20.169740676879883,23.020000457763672,0.0,23.174999237060547,22.950000762939453,23.07749938964844,0.0,118904000,-0.1302349861611446,0.0169611516203935,AAPL,Apple,Stock
2014-06-18,20.191640853881836,23.045000076293945,0.0,23.072500228881836,22.837499618530273,23.0674991607666,0.0,134056000,0.1085204634758385,0.0117766909930108,AAPL,Apple,Stock
2014-06-19,20.121543884277344,22.96500015258789,0.0,23.075000762939453,22.834999084472656,23.072500228881836,0.0,142112000,-0.3477623546988234,0.1209386553456702,AAPL,Apple,Stock
2014-06-20,19.9134521484375,22.727500915527344,0.0,23.137500762939453,22.725000381469727,22.962499618530273,0.0,403592000,-1.039558538607683,1.0806819551921425,AAPL,Apple,Stock
2014-06-23,19.895925521850582,22.707500457763672,0.0,22.905000686645508,22.649999618530273,22.829999923706055,0.0,174776000,-0.0880527591487694,0.0077532883937112,AAPL,Apple,Stock
2014-06-24,19.775453567504883,22.56999969482422,0.0,22.934999465942383,22.54750061035156,22.6875,0.0,156144000,-0.6073513320549636,0.3688756405489387,AAPL,Apple,Stock
2014-06-25,19.79298210144043,22.59000015258789,0.0,22.674999237060547,22.412500381469727,22.552499771118164,0.0,147476000,0.0885985750299509,0.0078497074973378,AAPL,Apple,Stock
2014-06-26,19.9112606048584,22.725000381469727,0.0,22.762500762939453,22.450000762939453,22.592500686645508,0.0,130516000,0.595799568209332,0.3549771254784264,AAPL,Apple,Stock
2014-06-27,20.14783477783203,22.9950008392334,0.0,23.0,22.6924991607666,22.704999923706055,0.0,256116000,1.1811396191599,1.3950907999491935,AAPL,Apple,Stock
2014-06-30,20.355926513671875,23.232500076293945,0.0,23.4325008392334,23.022499084472656,23.024999618530273,0.0,197929200,1.027527123815633,1.055811990176827,AAPL,Apple,Stock
2014-07-01,20.48516273498535,23.3799991607666,0.0,23.517499923706055,23.282499313354492,23.3799991607666,0.0,152892000,0.632875640932293,0.4005315768854606,AAPL,Apple,Stock
2014-07-02,20.476394653320312,23.3700008392334,0.0,23.51499938964844,23.272499084472656,23.467500686645508,0.0,113860000,-0.0428112716312855,0.0018328049786877,AAPL,Apple,Stock
2014-07-03,20.59687232971191,23.50749969482422,0.0,23.524999618530273,23.299999237060547,23.417499542236328,0.0,91567200,0.58664932579418,0.344157431454766,AAPL,Apple,Stock
2014-07-07,21.02182388305664,23.99250030517578,0.0,23.997499465942383,23.524999618530273,23.53499984741211,0.0,225872000,2.0421895008004407,4.170537957179553,AAPL,Apple,Stock
2014-07-08,20.88601303100586,23.837499618530273,0.0,24.200000762939453,23.479999542236328,24.0674991607666,0.0,260888000,-0.6481428653445067,0.4200891738969873,AAPL,Apple,Stock
2014-07-09,20.894775390625,23.84749984741211,0.0,23.987499237060547,23.690000534057617,23.86000061035156,0.0,145744000,0.0419444442224548,0.0017593364011306,AAPL,Apple,Stock
2014-07-10,20.8181095123291,23.760000228881836,0.0,23.887500762939453,23.3799991607666,23.440000534057617,0.0,158744000,-0.3675888867482492,0.1351215896608171,AAPL,Apple,Stock
2014-07-11,20.857542037963867,23.80500030517578,0.0,23.97249984741211,23.71500015258789,23.84000015258789,0.0,136072000,0.1892353733426762,0.035810026524142,AAPL,Apple,Stock
2014-07-14,21.126962661743164,24.112499237060547,0.0,24.22249984741211,23.912500381469727,23.96500015258789,0.0,171240000,1.2834464716043372,1.6472348454736228,AAPL,Apple,Stock
2014-07-15,20.87945556640625,23.829999923706055,0.0,24.212499618530273,23.75749969482422,24.200000762939453,0.0,181911600,-1.178438772374487,1.3887179402354877,AAPL,Apple,Stock
2014-07-16,20.761157989501953,23.69499969482422,0.0,24.274999618530273,23.684999465942383,24.24250030517578,0.0,213585200,-0.5681851685478816,0.3228343857577846,AAPL,Apple,Stock
2014-07-17,20.390974044799805,23.272499084472656,0.0,23.81999969482422,23.142499923706055,23.75749969482422,0.0,229192000,-1.799148242668188,3.236934399096029,AAPL,Apple,Stock
2014-07-18,20.684494018554688,23.607500076293945,0.0,23.684999465942383,23.2549991607666,23.405000686645508,0.0,199952000,1.4291984184046516,2.0426081191703576,AAPL,Apple,Stock
2014-07-21,20.577165603637695,23.48500061035156,0.0,23.75,23.43000030517578,23.747499465942383,0.0,156316000,-0.5202343190474115,0.2706437467147239,AAPL,Apple,Stock
2014-07-22,20.748016357421875,23.68000030517578,0.0,23.72249984741211,23.530000686645508,23.670000076293945,0.0,220788000,0.8268649724244346,0.6837056826224609,AAPL,Apple,Stock
2014-07-23,21.289064407348633,24.29750061035156,0.0,24.469999313354492,23.792499542236328,23.854999542236328,0.0,371672000,2.5742887896293243,6.626962772411211,AAPL,Apple,Stock
2014-07-24,21.25401496887207,24.25749969482422,0.0,24.329999923706055,24.104999542236328,24.260000228881836,0.0,182916000,-0.16477155354199,0.0271496648566408,AAPL,Apple,Stock
2014-07-25,21.39420509338379,24.417499542236328,0.0,24.459999084472656,24.15999984741211,24.212499618530273,0.0,173876000,0.6574278093577532,0.4322113245169343,AAPL,Apple,Stock
2014-07-28,21.689912796020508,24.7549991607666,0.0,24.809999465942383,24.387500762939453,24.454999923706055,0.0,221272000,1.3727209032612715,1.8843626782504417,AAPL,Apple,Stock
2014-07-29,21.54972267150879,24.594999313354492,0.0,24.86000061035156,24.5625,24.832500457763672,0.0,172572000,-0.6484356965951893,0.4204688526188884,AAPL,Apple,Stock
2014-07-30,21.499347686767575,24.537500381469727,0.0,24.674999237060547,24.417499542236328,24.61000061035156,0.0,132040000,-0.234035287243142,0.0547725156749799,AAPL,Apple,Stock
2014-07-31,20.94077491760254,23.899999618530273,0.0,24.362499237060547,23.832500457763672,24.290000915527344,0.0,227372000,-2.63243831940588,6.929731505476454,AAPL,Apple,Stock
2014-08-01,21.05687141418457,24.032499313354492,0.0,24.155000686645508,23.70249938964844,23.725000381469727,0.0,194044000,0.5528728509685704,0.3056683893381151,AAPL,Apple,Stock
2014-08-04,20.93858528137207,23.897499084472656,0.0,24.145000457763672,23.792499542236328,24.092500686645508,0.0,159832000,-0.563329726250616,0.3173403804775939,AAPL,Apple,Stock
2014-08-05,20.83564186096191,23.780000686645508,0.0,23.920000076293945,23.59000015258789,23.84000015258789,0.0,223732000,-0.4928571314602796,0.2429081520312553,AAPL,Apple,Stock
2014-08-06,20.80058479309082,23.739999771118164,0.0,23.8700008392334,23.677499771118164,23.6875,0.0,154232000,-0.1683969897023167,0.0283575461408021,AAPL,Apple,Stock
2014-08-07,20.798385620117188,23.6200008392334,0.1175,23.987499237060547,23.524999618530273,23.732500076293945,0.0,186844000,-0.010573208682026,0.0001117927418336,AAPL,Apple,Stock
2014-08-08,20.855619430541992,23.684999465942383,0.0,23.704999923706055,23.31999969482422,23.565000534057617,0.0,167460000,0.274805970631333,0.075518321494629,AAPL,Apple,Stock
2014-08-11,21.13079071044922,23.997499465942383,0.0,24.020000457763672,23.709999084472656,23.8174991607666,0.0,146340000,1.310782316716289,1.718150281816122,AAPL,Apple,Stock
2014-08-12,21.126392364501953,23.99250030517578,0.0,24.219999313354492,23.90250015258789,24.010000228881836,0.0,135180000,-0.0208170334276569,0.0004333488807281,AAPL,Apple,Stock
2014-08-13,21.40595436096191,24.309999465942383,0.0,24.309999465942383,24.010000228881836,24.037500381469727,0.0,127664000,1.314604267548142,1.7281843802557868,AAPL,Apple,Stock
2014-08-14,21.463191986083984,24.375,0.0,24.392499923706055,24.200000762939453,24.332500457763672,0.0,112464000,0.2670342846152171,0.0713073091599608,AAPL,Apple,Stock
2014-08-15,21.568862915039062,24.4950008392334,0.0,24.54750061035156,24.21500015258789,24.475000381469727,0.0,195804000,0.4911275634031397,0.2412062835343049,AAPL,Apple,Stock
2014-08-18,21.8286190032959,24.790000915527344,0.0,24.842500686645508,24.4950008392334,24.622499465942383,0.0,190288000,1.1971164172554352,1.4330877164624891,AAPL,Apple,Stock
2014-08-19,22.13020133972168,25.13249969482422,0.0,25.170000076293945,24.829999923706055,24.852500915527344,0.0,277596000,1.372134492083734,1.8827530643658863,AAPL,Apple,Stock
2014-08-20,22.139007568359375,25.142499923706055,0.0,25.272499084472656,24.987499237060547,25.11000061035156,0.0,210796000,0.0397848932522692,0.0015828377310944,AAPL,Apple,Stock
2014-08-21,22.141210556030273,25.145000457763672,0.0,25.23500061035156,25.02750015258789,25.142499923706055,0.0,133912000,0.0099502114760459,9.900670841803592e-05,AAPL,Apple,Stock
2014-08-22,22.304109573364254,25.329999923706055,0.0,25.36750030517578,25.04750061035156,25.072500228881836,0.0,176736000,0.7330344175404289,0.5373394572988358,AAPL,Apple,Stock
2014-08-25,22.3525447845459,25.385000228881836,0.0,25.542499542236328,25.31999969482422,25.447500228881836,0.0,161080000,0.2169227895412961,0.0470554966223774,AAPL,Apple,Stock
2014-08-26,22.209455490112305,25.22249984741211,0.0,25.375,25.21500015258789,25.354999542236328,0.0,132608000,-0.6422054007210228,0.4124277767152495,AAPL,Apple,Stock
2014-08-27,22.482421875,25.532499313354492,0.0,25.642499923706055,25.174999237060547,25.2549991607666,0.0,209476000,1.221563269873304,1.4922168223035583,AAPL,Apple,Stock
2014-08-28,22.50884437561035,25.5625,0.0,25.69499969482422,25.38999938964844,25.397499084472656,0.0,273840000,0.1174561458255916,0.0137959461922026,AAPL,Apple,Stock
2014-08-29,22.563867568969727,25.625,0.0,25.725000381469727,25.549999237060547,25.71500015258789,0.0,178380000,0.2441531397540159,0.059610755651744,AAPL,Apple,Stock
2014-09-02,22.7399845123291,25.825000762939453,0.0,25.934999465942383,25.68000030517578,25.76499938964844,0.0,214256000,0.7774960514690739,0.6045001100500007,AAPL,Apple,Stock
2014-09-03,21.78019142150879,24.73500061035156,0.0,25.799999237060547,24.645000457763672,25.774999618530273,0.0,501684000,-4.3123900913513005,18.59670829998488,AAPL,Apple,Stock
2014-09-04,21.59967803955078,24.530000686645508,0.0,25.022499084472656,24.447500228881836,24.712499618530273,0.0,342872000,-0.8322497329850711,0.6926396180537221,AAPL,Apple,Stock
2014-09-05,21.786794662475582,24.74250030517578,0.0,24.84749984741211,24.57749938964844,24.700000762939453,0.0,233828000,0.8625627824332599,0.7440145536390073,AAPL,Apple,Stock
2014-09-08,21.652515411376953,24.59000015258789,0.0,24.82749938964844,24.512500762939453,24.825000762939453,0.0,185426800,-0.6182403844498197,0.3822211729646608,AAPL,Apple,Stock
2014-09-09,21.571056365966797,24.497499465942383,0.0,25.770000457763672,24.03499984741211,24.770000457763672,0.0,759385200,-0.3769199929592963,0.1420686810924359,AAPL,Apple,Stock
2014-09-10,22.233667373657227,25.25,0.0,25.27750015258789,24.440000534057617,24.502500534057617,0.0,403478400,3.0255255390109745,9.153804787207648,AAPL,Apple,Stock
2014-09-11,22.328325271606445,25.357500076293945,0.0,25.36000061035156,24.905000686645508,25.102500915527344,0.0,249412400,0.4248375564067012,0.180486949333617,AAPL,Apple,Stock
2014-09-12,22.378955841064453,25.415000915527344,0.0,25.54750061035156,25.270000457763672,25.302499771118164,0.0,250504400,0.2264981893019922,0.0513014297570811,AAPL,Apple,Stock
2014-09-15,22.372360229492188,25.407499313354492,0.0,25.762500762939453,25.36000061035156,25.70249938964844,0.0,245266000,-0.0294767269397043,0.0008688774310778,AAPL,Apple,Stock
2014-09-16,22.20285415649414,25.21500015258789,0.0,25.315000534057617,24.72249984741211,24.950000762939453,0.0,267632400,-0.7605432408490068,0.5784260212011104,AAPL,Apple,Stock
2014-09-17,22.36134910583496,25.395000457763672,0.0,25.450000762939453,25.147499084472656,25.3174991607666,0.0,243706000,0.7113135925894729,0.5059670270025427,AAPL,Apple,Stock
2014-09-18,22.407573699951172,25.447500228881836,0.0,25.587499618530273,25.38999938964844,25.482500076293945,0.0,149197600,0.2065031170986181,0.0426435373714456,AAPL,Apple,Stock
2014-09-19,22.224864959716797,25.239999771118164,0.0,25.587499618530273,25.125,25.572500228881836,0.0,283609600,-0.8187307990837982,0.6703201213683947,AAPL,Apple,Stock
2014-09-22,22.24687385559082,25.26499938964844,0.0,25.53499984741211,25.145000457763672,25.450000762939453,0.0,211153600,0.0989792540482793,0.0097968927319538,AAPL,Apple,Stock
2014-09-23,22.594690322875977,25.65999984741211,0.0,25.73500061035156,25.135000228881836,25.149999618530273,0.0,253608800,1.551343934075155,2.4066680017917785,AAPL,Apple,Stock
2014-09-24,22.398771286010746,25.4375,0.0,25.712499618530273,25.299999237060547,25.540000915527344,0.0,240687200,-0.8708833156100952,0.7584377494080328,AAPL,Apple,Stock
2014-09-25,21.544641494750977,24.467500686645508,0.0,25.177499771118164,24.43000030517578,25.127500534057617,0.0,400368000,-3.887897295923035,15.115745383645647,AAPL,Apple,Stock
2014-09-26,22.17863655090332,25.1875,0.0,25.1875,24.600000381469727,24.63249969482422,0.0,249482000,2.900237693240294,8.411378677291781,AAPL,Apple,Stock
2014-09-29,22.03774642944336,25.02750015258789,0.0,25.11000061035156,24.657499313354492,24.662500381469727,0.0,199065200,-0.6372778087476008,0.4061230055221436,AAPL,Apple,Stock
2014-09-30,22.17863655090332,25.1875,0.0,25.385000228881836,25.13249969482422,25.20249938964844,0.0,221056400,0.637277808747605,0.4061230055221489,AAPL,Apple,Stock
2014-10-01,21.83302116394043,24.795000076293945,0.0,25.17250061035156,24.674999237060547,25.147499084472656,0.0,205965200,-1.5705951990485376,2.466769279274315,AAPL,Apple,Stock
2014-10-02,21.99151611328125,24.975000381469727,0.0,25.05500030517578,24.510000228881836,24.8174991607666,0.0,191031200,0.7233191732896824,0.5231906264484696,AAPL,Apple,Stock
2014-10-03,21.92988395690918,24.905000686645508,0.0,25.052499771118164,24.760000228881836,24.86000061035156,0.0,173878400,-0.2806476875801472,0.0787631245440839,AAPL,Apple,Stock
2014-10-06,21.92988395690918,24.905000686645508,0.0,25.162500381469727,24.854999542236328,24.987499237060547,0.0,148204800,0.0,0.0,AAPL,Apple,Stock
2014-10-07,21.738367080688477,24.6875,0.0,25.030000686645508,24.6825008392334,24.857500076293945,0.0,168376800,-0.8771503304996512,0.7693927022956473,AAPL,Apple,Stock
2014-10-08,22.18963623046875,25.200000762939453,0.0,25.27750015258789,24.57749938964844,24.690000534057617,0.0,229618800,2.054657582260316,4.221617780339808,AAPL,Apple,Stock
2014-10-09,22.23807144165039,25.2549991607666,0.0,25.594999313354492,25.15250015258789,25.385000228881836,0.0,309506000,0.2180406458429325,0.0475417232396031,AAPL,Apple,Stock
2014-10-10,22.174230575561523,25.1825008392334,0.0,25.50749969482422,25.075000762939453,25.17250061035156,0.0,265326400,-0.2874920108189715,0.0826516562847356,AAPL,Apple,Stock
2014-10-13,21.971708297729492,24.95249938964844,0.0,25.44499969482422,24.95249938964844,25.332500457763672,0.0,214333600,-0.917519045974478,0.8418411997259162,AAPL,Apple,Stock
2014-10-14,21.738367080688477,24.6875,0.0,25.1299991607666,24.642499923706055,25.09749984741211,0.0,254754400,-1.0676871713097986,1.1399558957795193,AAPL,Apple,Stock
2014-10-15,21.47199821472168,24.385000228881836,0.0,24.787500381469727,23.795000076293945,24.49250030517578,0.0,403734400,-1.2329089943405274,1.5200645883257706,AAPL,Apple,Stock
2014-10-16,21.19023895263672,24.065000534057617,0.0,24.43000030517578,23.852500915527344,23.887500762939453,0.0,288618000,-1.320902875818657,1.7447844073459984,AAPL,Apple,Stock
2014-10-17,21.500621795654297,24.417499542236328,0.0,24.75,24.20249938964844,24.375,0.0,272718800,1.4541206556928608,2.1144668813126355,AAPL,Apple,Stock
2014-10-20,21.96070671081543,24.940000534057617,0.0,24.989999771118164,24.55500030517578,24.579999923706055,0.0,310069200,2.117294241110301,4.482934903438845,AAPL,Apple,Stock
2014-10-21,22.557270050048828,25.61750030517578,0.0,25.7549991607666,25.3174991607666,25.7549991607666,0.0,378495600,2.6802613033296527,7.183800654126369,AAPL,Apple,Stock
2014-10-22,22.67173767089844,25.747499465942383,0.0,26.02750015258789,25.649999618530273,25.709999084472656,0.0,273052400,0.5061701373240236,0.2562082079186209,AAPL,Apple,Stock
2014-10-23,23.0767822265625,26.207500457763672,0.0,26.262500762939453,25.907499313354492,26.020000457763672,0.0,284298800,1.7707901399245416,3.1356977196539777,AAPL,Apple,Stock
2014-10-24,23.162641525268555,26.30500030517578,0.0,26.372499465942383,26.13249969482422,26.295000076293945,0.0,188215600,0.3713688035736319,0.1379147882677108,AAPL,Apple,Stock
2014-10-27,23.138423919677734,26.27750015258789,0.0,26.3700008392334,26.174999237060547,26.212499618530273,0.0,136750800,-0.1046092895122735,0.0109431034522626,AAPL,Apple,Stock
2014-10-28,23.497243881225582,26.684999465942383,0.0,26.684999465942383,26.337499618530273,26.350000381469727,0.0,192243600,1.5388523821081432,2.368066653919907,AAPL,Apple,Stock
2014-10-29,23.629331588745117,26.834999084472656,0.0,26.842500686645508,26.59000015258789,26.662500381469727,0.0,210751600,0.5605671623319581,0.3142355434849039,AAPL,Apple,Stock
2014-10-30,23.550077438354492,26.7450008392334,0.0,26.837499618530273,26.475000381469727,26.739999771118164,0.0,162619200,-0.3359695535562192,0.1128755409167652,AAPL,Apple,Stock
2014-10-31,23.77461051940918,27.0,0.0,27.010000228881836,26.802499771118164,27.002500534057617,0.0,178557200,0.9489117648777964,0.9004335375234945,AAPL,Apple,Stock
2014-11-03,24.08280372619629,27.350000381469727,0.0,27.575000762939453,27.002500534057617,27.05500030517578,0.0,209130400,1.2879821116225172,1.6588979198595983,AAPL,Apple,Stock
2014-11-04,23.906702041625977,27.149999618530273,0.0,27.372499465942383,26.93000030517578,27.34000015258789,0.0,166297600,-0.7339207696070805,0.5386396960606493,AAPL,Apple,Stock
2014-11-05,23.96393585205078,27.21500015258789,0.0,27.325000762939453,27.032499313354492,27.274999618530273,0.0,149743600,0.239118759281095,0.0571777810401302,AAPL,Apple,Stock
2014-11-06,24.032466888427734,27.174999237060547,0.1175,27.197500228881836,26.950000762939453,27.149999618530273,0.0,139874000,0.2855675802180007,0.0815488428715643,AAPL,Apple,Stock
2014-11-07,24.101003646850582,27.252500534057617,0.0,27.329999923706055,27.137500762939453,27.1875,0.0,134766000,0.2847781553222351,0.0810985977487351,AAPL,Apple,Stock
2014-11-10,24.061214447021484,27.207500457763672,0.0,27.332500457763672,27.167499542236328,27.2549991607666,0.0,108782000,-0.1652299684532926,0.027300942475076,AAPL,Apple,Stock
2014-11-11,24.253557205200195,27.424999237060547,0.0,27.4375,27.100000381469727,27.174999237060547,0.0,109769200,0.7962110457488072,0.6339520293724091,AAPL,Apple,Stock
2014-11-12,24.596254348754883,27.8125,0.0,27.857500076293945,27.342500686645508,27.344999313354492,0.0,187769600,1.403087359954185,1.968654139663205,AAPL,Apple,Stock
2014-11-13,24.943355560302734,28.204999923706055,0.0,28.362499237060547,27.899999618530273,27.950000762939453,0.0,238091600,1.401330742285194,1.9637278492735728,AAPL,Apple,Stock
2014-11-14,25.24404525756836,28.545000076293945,0.0,28.54750061035156,27.802499771118164,28.287500381469727,0.0,176254400,1.1982820002983956,1.4358797522391242,AAPL,Apple,Stock
2014-11-17,25.2020320892334,28.497499465942383,0.0,29.31999969482422,28.325000762939453,28.5674991607666,0.0,186986800,-0.1665666797429516,0.027744458800591,AAPL,Apple,Stock
2014-11-18,25.529251098632812,28.86750030517578,0.0,28.92250061035156,28.47249984741211,28.48500061035156,0.0,176896000,1.2900266924945158,1.66416886734834,AAPL,Apple,Stock
2014-11-19,25.352371215820312,28.667499542236328,0.0,28.934999465942383,28.450000762939453,28.86000061035156,0.0,167476800,-0.6952631904561016,0.4833909040031974,AAPL,Apple,Stock
2014-11-20,25.714967727661133,29.07749938964844,0.0,29.21500015258789,28.712499618530273,28.727500915527344,0.0,173582000,1.4200959477254114,2.016672500746134,AAPL,Apple,Stock
2014-11-21,25.75033950805664,29.11750030517578,0.0,29.392499923706055,29.00749969482422,29.377500534057617,0.0,228717200,0.1374587576172698,0.0188949100456833,AAPL,Apple,Stock
2014-11-24,26.22789192199707,29.657499313354492,0.0,29.6924991607666,29.155000686645508,29.212499618530273,0.0,189803200,1.8375609880354808,3.3766303847499324,AAPL,Apple,Stock
2014-11-25,26.000167846679688,29.399999618530273,0.0,29.9375,29.362499237060547,29.767499923706055,0.0,275361600,-0.872042803990935,0.7604586519923724,AAPL,Apple,Stock
2014-11-26,26.3096923828125,29.75,0.0,29.774999618530273,29.457500457763672,29.48500061035156,0.0,163073200,1.183440931630761,1.4005324386590836,AAPL,Apple,Stock
2014-11-28,26.294219970703125,29.732500076293945,0.0,29.850000381469727,29.512500762939453,29.8174991607666,0.0,99257600,-0.0588260905446788,0.0034605089287707,AAPL,Apple,Stock
2014-12-01,25.440814971923828,28.767499923706055,0.0,29.8125,27.8174991607666,29.70249938964844,0.0,335256000,-3.299436903432298,10.886283879730913,AAPL,Apple,Stock
2014-12-02,25.343534469604492,28.657499313354492,0.0,28.9375,28.1875,28.375,0.0,237395600,-0.3831126021127498,0.1467752658976021,AAPL,Apple,Stock
2014-12-03,25.630950927734375,28.982500076293945,0.0,29.087499618530273,28.77750015258789,28.9375,0.0,172253600,1.1276994825690172,1.271706122986429,AAPL,Apple,Stock
2014-12-04,25.533672332763672,28.872499465942383,0.0,29.299999237060547,28.822500228881836,28.9424991607666,0.0,168178000,-0.3802577092879032,0.1445959254728835,AAPL,Apple,Stock
2014-12-05,25.42533302307129,28.75,0.0,29.020000457763672,28.65999984741211,28.997499465942383,0.0,153275600,-0.4252024628992044,0.1807971344555493,AAPL,Apple,Stock
2014-12-08,24.850500106811523,28.100000381469727,0.0,28.662500381469727,27.905000686645508,28.524999618530273,0.0,230659600,-2.286816273867166,5.229528670423708,AAPL,Apple,Stock
2014-12-09,25.23078155517578,28.530000686645508,0.0,28.575000762939453,27.337499618530273,27.54750061035156,0.0,240832000,1.5186862027091856,2.3064077822992455,AAPL,Apple,Stock
2014-12-10,24.751012802124023,27.987499237060547,0.0,28.712499618530273,27.885000228881836,28.602500915527344,0.0,178261200,-1.9198329914434356,3.6857587150346505,AAPL,Apple,Stock
2014-12-11,24.67804718017578,27.905000686645508,0.0,28.450000762939453,27.834999084472656,28.065000534057617,0.0,165606800,-0.295233916945177,0.0871630657147916,AAPL,Apple,Stock
2014-12-12,24.260190963745117,27.4325008392334,0.0,27.967500686645508,27.395000457763672,27.614999771118164,0.0,224112400,-1.70772952733967,2.9163401385477727,AAPL,Apple,Stock
2014-12-15,23.928564071655273,27.0575008392334,0.0,27.899999618530273,26.587499618530273,27.674999237060547,0.0,268872400,-1.3763880275989595,1.894444002517754,AAPL,Apple,Stock
2014-12-16,23.60134506225586,26.6875,0.0,27.540000915527344,26.565000534057617,26.592500686645508,0.0,243162800,-1.3769190185705518,1.8959059837012917,AAPL,Apple,Stock
2014-12-17,24.189441680908203,27.352500915527344,0.0,27.459999084472656,26.704999923706055,26.780000686645508,0.0,213647200,2.461253921045427,6.0577708638614896,AAPL,Apple,Stock
2014-12-18,24.905778884887695,28.162500381469727,0.0,28.162500381469727,27.665000915527344,27.967500686645508,0.0,236024800,2.918361649253192,8.516834715831811,AAPL,Apple,Stock
2014-12-19,24.713424682617188,27.94499969482422,0.0,28.309999465942383,27.915000915527344,28.065000534057617,0.0,353719200,-0.7753254869944652,0.6011296107832047,AAPL,Apple,Stock
2014-12-22,24.969886779785156,28.23500061035156,0.0,28.372499465942383,27.99250030517578,28.040000915527344,0.0,180670000,1.032396462782475,1.0658424563657665,AAPL,Apple,Stock
2014-12-23,24.88145637512207,28.135000228881836,0.0,28.332500457763672,28.114999771118164,28.3075008392334,0.0,104113600,-0.3547767896318345,0.125866570461471,AAPL,Apple,Stock
2014-12-24,24.76427459716797,28.002500534057617,0.0,28.177499771118164,28.002500534057617,28.145000457763672,0.0,57918400,-0.4720727977131201,0.2228527263406924,AAPL,Apple,Stock
2014-12-26,25.2020320892334,28.497499465942383,0.0,28.6299991607666,28.002500534057617,28.024999618530273,0.0,134884000,1.752255556965536,3.070399536916601,AAPL,Apple,Stock
2014-12-29,25.184350967407227,28.477500915527344,0.0,28.6924991607666,28.424999237060547,28.447500228881836,0.0,110395600,-0.0701821463629815,0.0049255336681149,AAPL,Apple,Stock
2014-12-30,24.87702751159668,28.1299991607666,0.0,28.479999542236328,28.02750015258789,28.40999984741211,0.0,119526000,-1.227802053733838,1.5074978831530306,AAPL,Apple,Stock
2014-12-31,24.403902053833008,27.594999313354492,0.0,28.282499313354492,27.552499771118164,28.204999923706055,0.0,165613600,-1.9201747974610623,3.6870712528046328,AAPL,Apple,Stock
2015-01-02,24.1717586517334,27.332500457763672,0.0,27.86000061035156,26.837499618530273,27.84749984741211,0.0,212818400,-0.9558085924192442,0.9135700653424568,AAPL,Apple,Stock
2015-01-05,23.49080467224121,26.5625,0.0,27.162500381469727,26.352500915527344,27.072500228881836,0.0,257142000,-2.857589979507741,8.165820490983052,AAPL,Apple,Stock
2015-01-06,23.493011474609375,26.565000534057617,0.0,26.857500076293945,26.157499313354492,26.635000228881836,0.0,263188400,0.0093938830464068,8.824503868956934e-05,AAPL,Apple,Stock
2015-01-07,23.822431564331055,26.9375,0.0,27.049999237060547,26.674999237060547,26.799999237060547,0.0,160423600,1.3924646640093674,1.9389578405147203,AAPL,Apple,Stock
2015-01-08,24.737747192382812,27.97249984741211,0.0,28.037500381469727,27.174999237060547,27.3075008392334,0.0,237458000,3.7702663992934142,14.21490872164093,AAPL,Apple,Stock
2015-01-09,24.76427459716797,28.002500534057617,0.0,28.3125,27.552499771118164,28.167499542236328,0.0,214798000,0.1071770661701624,0.0114869235128433,AAPL,Apple,Stock
2015-01-12,24.15407371520996,27.3125,0.0,28.157499313354492,27.200000762939453,28.149999618530273,0.0,198603200,-2.4949024425574327,6.224538197879044,AAPL,Apple,Stock
2015-01-13,24.368528366088867,27.55500030517578,0.0,28.200000762939453,27.227500915527344,27.857500076293945,0.0,268367600,0.88394289693958,0.7813550450499368,AAPL,Apple,Stock
2015-01-14,24.27567481994629,27.450000762939453,0.0,27.622499465942383,27.125,27.260000228881836,0.0,195826400,-0.381766594315495,0.1457457325352517,AAPL,Apple,Stock
2015-01-15,23.6168155670166,26.704999923706055,0.0,27.51499938964844,26.665000915527344,27.5,0.0,240056000,-2.751583042596188,7.571209240302895,AAPL,Apple,Stock
2015-01-16,23.433320999145508,26.497499465942383,0.0,26.895000457763672,26.299999237060547,26.75749969482422,0.0,314053200,-0.7799998536847071,0.6083997717481645,AAPL,Apple,Stock
2015-01-20,24.03689193725586,27.18000030517578,0.0,27.24250030517578,26.625,26.959999084472656,0.0,199599600,2.543083037680839,6.467271336540004,AAPL,Apple,Stock
2015-01-21,24.22039222717285,27.387500762939453,0.0,27.76499938964844,27.0674991607666,27.237499237060547,0.0,194303600,0.7605118171548582,0.5783782240321844,AAPL,Apple,Stock
2015-01-22,24.850500106811523,28.100000381469727,0.0,28.11750030517578,27.43000030517578,27.565000534057617,0.0,215185600,2.56829450182551,6.596136648107144,AAPL,Apple,Stock
2015-01-23,24.978734970092773,28.2450008392334,0.0,28.4375,27.88249969482422,28.075000762939453,0.0,185859200,0.5146984342711439,0.264914478241167,AAPL,Apple,Stock
2015-01-26,25.005268096923828,28.274999618530273,0.0,28.59000015258789,28.200000762939453,28.434999465942383,0.0,222460000,0.1061664840556001,0.0112713223367279,AAPL,Apple,Stock
2015-01-27,24.12975311279297,27.28499984741211,0.0,28.1200008392334,27.25749969482422,28.104999542236328,0.0,382274800,-3.5640878507483564,12.70272220785204,AAPL,Apple,Stock
2015-01-28,25.493873596191406,28.82749938964844,0.0,29.530000686645508,28.82749938964844,29.407499313354492,0.0,585908400,5.499252413119295,30.241777103198384,AAPL,Apple,Stock
2015-01-29,26.287582397460938,29.725000381469727,0.0,29.79750061035156,28.88999938964844,29.079999923706055,0.0,337745600,3.0658503327274103,9.399438262684772,AAPL,Apple,Stock
2015-01-30,25.90288734436035,29.290000915527344,0.0,30.0,29.212499618530273,29.600000381469727,0.0,334982000,-1.4742232527740813,2.1733341990197927,AAPL,Apple,Stock
2015-02-02,26.22789192199707,29.657499313354492,0.0,29.792499542236328,29.020000457763672,29.512500762939453,0.0,250956400,1.246897871284113,1.5547543014128524,AAPL,Apple,Stock
2015-02-03,26.23231506347656,29.662500381469727,0.0,29.772499084472656,29.40250015258789,29.625,0.0,207662800,0.0168628442171381,0.0002843555150914,AAPL,Apple,Stock
2015-02-04,26.433500289916992,29.88999938964844,0.0,30.127500534057617,29.57749938964844,29.625,0.0,280598800,0.7640105966589716,0.5837121918071978,AAPL,Apple,Stock
2015-02-05,26.62217140197754,29.98500061035156,0.1175,30.0575008392334,29.8125,30.0049991607666,0.0,168984800,0.7112223871668004,0.5058372840072421,AAPL,Apple,Stock
2015-02-06,26.397994995117188,29.732500076293945,0.0,30.0625,29.612499237060547,30.0049991607666,0.0,174826400,-0.8456319849022035,0.7150934538896405,AAPL,Apple,Stock
2015-02-09,26.573341369628903,29.93000030517578,0.0,29.959999084472656,29.607500076293945,29.637500762939453,0.0,155559200,0.6620448982503582,0.4383034472993271,AAPL,Apple,Stock
2015-02-10,27.083852767944336,30.5049991607666,0.0,30.537500381469727,30.040000915527344,30.042499542236328,0.0,248034000,1.9029202385927717,3.6211054344459703,AAPL,Apple,Stock
2015-02-11,27.718673706054688,31.219999313354492,0.0,31.229999542236328,30.625,30.6924991607666,0.0,294247200,2.3168615593199244,5.367847485054352,AAPL,Apple,Stock
2015-02-12,28.069372177124023,31.614999771118164,0.0,31.8700008392334,31.392499923706055,31.51499938964844,0.0,297898000,1.2572696718796743,1.580727027828424,AAPL,Apple,Stock
2015-02-13,28.206987380981445,31.770000457763672,0.0,31.81999969482422,31.412500381469727,31.81999969482422,0.0,217088800,0.4890702925317742,0.2391897510371152,AAPL,Apple,Stock
2015-02-17,28.373455047607425,31.957500457763672,0.0,32.220001220703125,31.729999542236328,31.872499465942383,0.0,252609600,0.5884299938593911,0.346249857673363,AAPL,Apple,Stock
2015-02-18,28.57101058959961,32.18000030517578,0.0,32.19499969482422,31.862499237060547,31.907499313354492,0.0,179566800,0.6938561363872939,0.481436338002303,AAPL,Apple,Stock
2015-02-19,28.51107406616211,32.11249923706055,0.0,32.25749969482422,32.08250045776367,32.119998931884766,0.0,149449600,-0.2100012493442955,0.0441005247261649,AAPL,Apple,Stock
2015-02-20,28.744136810302734,32.375,0.0,32.375,32.01250076293945,32.154998779296875,0.0,195793600,0.8141233884170167,0.6627968915676047,AAPL,Apple,Stock
2015-02-23,29.52100372314453,33.25,0.0,33.25,32.415000915527344,32.505001068115234,0.0,283896400,2.666819120334402,7.111924220581153,AAPL,Apple,Stock
2015-02-24,29.33677101135254,33.04249954223633,0.0,33.400001525878906,32.79249954223633,33.23500061035156,0.0,276912400,-0.6260288103467225,0.3919120713841327,AAPL,Apple,Stock
2015-02-25,28.58654022216797,32.1974983215332,0.0,32.900001525878906,32.037498474121094,32.88999938964844,0.0,298846800,-2.590572706611896,6.711066948242484,AAPL,Apple,Stock
2015-02-26,28.948335647583008,32.60499954223633,0.0,32.717498779296875,31.65250015258789,32.1974983215332,0.0,365150000,1.2576726335820738,1.581740453261269,AAPL,Apple,Stock
2015-02-27,28.5132999420166,32.1150016784668,0.0,32.64250183105469,32.060001373291016,32.5,0.0,248059200,-1.5142068729314062,2.2928224540327076,AAPL,Apple,Stock
2015-03-02,28.65312767028809,32.272499084472656,0.0,32.56999969482422,32.07500076293945,32.3125,0.0,192386800,0.4891962397040636,0.2393129609405956,AAPL,Apple,Stock
2015-03-03,28.713064193725582,32.34000015258789,0.0,32.380001068115234,32.022499084472656,32.2400016784668,0.0,151265200,0.2089612132137807,0.0436647886277751,AAPL,Apple,Stock
2015-03-04,28.531049728393555,32.1349983215332,0.0,32.38999938964844,32.08000183105469,32.275001525878906,0.0,126665200,-0.635925918848841,0.4044017742637427,AAPL,Apple,Stock
2015-03-05,28.058273315429688,31.602500915527344,0.0,32.1875,31.440000534057617,32.14500045776367,0.0,226068400,-1.6709421056865392,2.7920475205561655,AAPL,Apple,Stock
2015-03-06,28.100440979003903,31.649999618530273,0.0,32.342498779296875,31.565000534057617,32.099998474121094,0.0,291368400,0.1501732083033176,0.0225519924921116,AAPL,Apple,Stock
2015-03-09,28.220304489135746,31.78499984741211,0.0,32.39250183105469,31.26499938964844,31.989999771118164,0.0,354114000,0.425646678162695,0.1811750946309368,AAPL,Apple,Stock
2015-03-10,27.636547088623047,31.127500534057617,0.0,31.80500030517578,30.950000762939453,31.602500915527344,0.0,275426400,-2.090266954018082,4.369215939060031,AAPL,Apple,Stock
2015-03-11,27.13269424438477,30.559999465942383,0.0,31.1924991607666,30.52750015258789,31.1875,0.0,275756000,-1.839963624475496,3.385466139393004,AAPL,Apple,Stock
2015-03-12,27.62322425842285,31.112499237060547,0.0,31.225000381469727,30.407499313354492,30.57749938964844,0.0,193450800,1.7917447117526704,3.2103491120936596,AAPL,Apple,Stock
2015-03-13,27.43233108520508,30.897499084472656,0.0,31.350000381469727,30.645000457763672,31.100000381469727,0.0,207309200,-0.6934593139876086,0.4808858201561647,AAPL,Apple,Stock
2015-03-16,27.734207153320312,31.237499237060547,0.0,31.237499237060547,30.717500686645508,30.969999313354492,0.0,143497200,1.0944282201020523,1.1977731289557467,AAPL,Apple,Stock
2015-03-17,28.198108673095703,31.760000228881836,0.0,31.829999923706055,31.412500381469727,31.475000381469727,0.0,204092400,1.65883407700357,2.7517304950282857,AAPL,Apple,Stock
2015-03-18,28.51551818847656,32.11750030517578,0.0,32.290000915527344,31.592500686645508,31.75,0.0,261083600,1.119352956577949,1.2529510413997955,AAPL,Apple,Stock
2015-03-19,28.300207138061523,31.875,0.0,32.3125,31.850000381469727,32.1875,0.0,183238000,-0.7579312942189669,0.5744598467564381,AAPL,Apple,Stock
2015-03-20,27.945077896118164,31.475000381469727,0.0,32.099998474121094,31.290000915527344,32.0625,0.0,274780400,-1.2628043791134038,1.5946748999079894,AAPL,Apple,Stock
2015-03-23,28.23583984375,31.802499771118164,0.0,31.962499618530273,31.6299991607666,31.780000686645508,0.0,150838800,1.0351007261017189,1.071433513176305,AAPL,Apple,Stock
2015-03-24,28.12042236328125,31.67250061035156,0.0,32.0099983215332,31.63999938964844,31.8075008392334,0.0,131369200,-0.4096000597416632,0.1677722089403741,AAPL,Apple,Stock
2015-03-25,27.385725021362305,30.844999313354492,0.0,31.704999923706055,30.844999313354492,31.635000228881836,0.0,206620800,-2.647419384843531,7.0088293992453,AAPL,Apple,Stock
2015-03-26,27.576616287231445,31.059999465942383,0.0,31.219999313354492,30.649999618530273,30.690000534057617,0.0,190291600,0.694628463341976,0.4825087020848349,AAPL,Apple,Stock
2015-03-27,27.35687255859375,30.8125,0.0,31.174999237060547,30.727500915527344,31.142499923706055,0.0,158184800,-0.800039849413115,0.6400637606489598,AAPL,Apple,Stock
2015-03-30,28.04939079284668,31.592500686645508,0.0,31.600000381469727,31.0,31.012500762939453,0.0,188398800,2.4999133965904146,6.249566990452223,AAPL,Apple,Stock
2015-03-31,27.618783950805664,31.107500076293945,0.0,31.622499465942383,31.09000015258789,31.522499084472656,0.0,168362400,-1.547079395504868,2.393454655995708,AAPL,Apple,Stock
2015-04-01,27.578832626342773,31.0625,0.0,31.280000686645508,30.774999618530273,31.204999923706055,0.0,162485600,-0.1447574511970421,0.020954719677064,AAPL,Apple,Stock
2015-04-02,27.816335678100582,31.329999923706055,0.0,31.38999938964844,31.04750061035156,31.25749969482422,0.0,128880400,0.8574917788322531,0.7352921507649017,AAPL,Apple,Stock
2015-04-06,28.266918182373047,31.837499618530273,0.0,31.877500534057617,31.082500457763672,31.11750030517578,0.0,148776000,1.6068689612407223,2.5820278585988388,AAPL,Apple,Stock
2015-04-07,27.969482421875,31.502500534057617,0.0,32.029998779296875,31.4950008392334,31.90999984741211,0.0,140049200,-1.057814976838228,1.1189725252232603,AAPL,Apple,Stock
2015-04-08,27.87847900390625,31.399999618530273,0.0,31.600000381469727,31.24250030517578,31.462499618530273,0.0,149316800,-0.3258972975569063,0.1062090485548947,AAPL,Apple,Stock
2015-04-09,28.091569900512695,31.63999938964844,0.0,31.645000457763672,31.165000915527344,31.462499618530273,0.0,129936000,0.7614498481641828,0.5798058712692571,AAPL,Apple,Stock
2015-04-10,28.21142578125,31.774999618530273,0.0,31.802499771118164,31.315000534057617,31.487499237060547,0.0,160752000,0.4257537643761326,0.1812662678804474,AAPL,Apple,Stock
2015-04-13,28.155929565429688,31.712499618530273,0.0,32.14250183105469,31.65250015258789,32.092498779296875,0.0,145460400,-0.1969091273144706,0.0387732044197463,AAPL,Apple,Stock
2015-04-14,28.033855438232425,31.575000762939453,0.0,31.822500228881836,31.477500915527344,31.75,0.0,102098400,-0.4345071590822134,0.1887964712936959,AAPL,Apple,Stock
2015-04-15,28.140399932861328,31.69499969482422,0.0,31.782499313354492,31.502500534057617,31.602500915527344,0.0,115881600,0.3793361271493343,0.1438958973606559,AAPL,Apple,Stock
2015-04-16,28.00500869750977,31.542499542236328,0.0,31.774999618530273,31.52750015258789,31.56999969482422,0.0,113476000,-0.4822887608812636,0.2326024488723846,AAPL,Apple,Stock
2015-04-17,27.68981170654297,31.1875,0.0,31.53499984741211,31.114999771118164,31.387500762939453,0.0,207828000,-1.1318839124506623,1.2811611912646186,AAPL,Apple,Stock
2015-04-20,28.32240867614746,31.899999618530273,0.0,32.029998779296875,31.292499542236328,31.392499923706055,0.0,188217200,2.2588780225512575,5.102529920765079,AAPL,Apple,Stock
2015-04-21,28.169254302978516,31.727500915527344,0.0,32.04999923706055,31.667499542236328,32.025001525878906,0.0,129740400,-0.5422207112500091,0.2940032997084658,AAPL,Apple,Stock
2015-04-22,28.548803329467773,32.154998779296875,0.0,32.217498779296875,31.579999923706055,31.747499465942383,0.0,150618000,1.3383910098615297,1.7912904952781648,AAPL,Apple,Stock
2015-04-23,28.781862258911133,32.41749954223633,0.0,32.60499954223633,32.03499984741211,32.07500076293945,0.0,183083600,0.8130385750032814,0.6610317244433663,AAPL,Apple,Stock
2015-04-24,28.917264938354492,32.56999969482422,0.0,32.657501220703125,32.307498931884766,32.622501373291016,0.0,178103600,0.4693413386860766,0.2202812921996385,AAPL,Apple,Stock
2015-04-27,29.443309783935547,33.162498474121094,0.0,33.282501220703125,32.787498474121094,33.07749938964844,0.0,387816800,1.8027892811909152,3.250049192376857,AAPL,Apple,Stock
2015-04-28,28.979421615600582,32.63999938964844,0.0,33.6349983215332,32.39250183105469,33.6150016784668,0.0,475696000,-1.5880733627999395,2.521977005634709,AAPL,Apple,Stock
2015-04-29,28.55324935913086,32.15999984741211,0.0,32.897499084472656,32.07500076293945,32.540000915527344,0.0,253544400,-1.48152360844655,2.1949122023844865,AAPL,Apple,Stock
2015-04-30,27.778594970703125,31.287500381469727,0.0,32.15999984741211,31.145000457763672,32.15999984741211,0.0,332781600,-2.7504983516485377,7.565241182421323,AAPL,Apple,Stock
2015-05-01,28.62205696105957,32.23749923706055,0.0,32.532501220703125,31.325000762939453,31.524999618530273,0.0,234050400,2.9911883962675057,8.947208021965372,AAPL,Apple,Stock
2015-05-04,28.56656265258789,32.17499923706055,0.0,32.64250183105469,32.064998626708984,32.375,0.0,203953200,-0.1940747171897477,0.0376649958522805,AAPL,Apple,Stock
2015-05-05,27.922870635986328,31.450000762939453,0.0,32.11249923706055,31.44499969482422,32.037498474121094,0.0,197085600,-2.2790806745313317,5.19420872102219,AAPL,Apple,Stock
2015-05-06,27.74752616882324,31.252500534057617,0.0,31.6875,30.84000015258789,31.63999938964844,0.0,288564000,-0.6299399934900595,0.3968243953982561,AAPL,Apple,Stock
2015-05-07,27.91914939880371,31.315000534057617,0.13,31.520000457763672,31.0049991607666,31.1924991607666,0.0,175763600,0.6166122622016597,0.3802106818974483,AAPL,Apple,Stock
2015-05-08,28.445173263549805,31.905000686645508,0.0,31.905000686645508,31.52750015258789,31.670000076293945,0.0,222201600,1.8665677590572745,3.484075199152094,AAPL,Apple,Stock
2015-05-11,28.15541076660156,31.579999923706055,0.0,31.88999938964844,31.407499313354492,31.84749984741211,0.0,168143200,-1.023894128898945,1.0483591871937292,AAPL,Apple,Stock
2015-05-12,28.05511474609375,31.467500686645508,0.0,31.719999313354492,31.204999923706055,31.399999618530273,0.0,192640000,-0.3568588837435408,0.127348262906686,AAPL,Apple,Stock
2015-05-13,28.086315155029297,31.502500534057617,0.0,31.79750061035156,31.467500686645508,31.537500381469727,0.0,138776800,0.1111493319732785,0.012354173998106,AAPL,Apple,Stock
2015-05-14,28.74161148071289,32.23749923706055,0.0,32.23749923706055,31.790000915527344,31.852500915527344,0.0,180814000,2.3063497529902426,5.319249183118153,AAPL,Apple,Stock
2015-05-15,28.701494216918945,32.192501068115234,0.0,32.372501373291016,32.0525016784668,32.26750183105469,0.0,152832000,-0.1396765367365681,0.0195095349147218,AAPL,Apple,Stock
2015-05-18,29.017993927001953,32.54750061035156,0.0,32.68000030517578,32.09000015258789,32.095001220703125,0.0,203531600,1.0966933092037188,1.2027362144522036,AAPL,Apple,Stock
2015-05-19,28.99125289916992,32.51750183105469,0.0,32.720001220703125,32.40999984741211,32.67250061035156,0.0,178532800,-0.0921957487444352,0.008500056086547,AAPL,Apple,Stock
2015-05-20,28.989015579223633,32.51499938964844,0.0,32.744998931884766,32.334999084472656,32.5,0.0,145819600,-0.0077175218608511,5.9560143672716064e-05,AAPL,Apple,Stock
2015-05-21,29.285465240478516,32.84749984741211,0.0,32.907501220703125,32.45750045776367,32.51750183105469,0.0,158921600,1.017434095968221,1.0351721396386715,AAPL,Apple,Stock
2015-05-22,29.54178237915039,33.1349983215332,0.0,33.24250030517578,32.849998474121094,32.900001525878906,0.0,182384000,0.8714287037931244,0.759387985794565,AAPL,Apple,Stock
2015-05-26,28.89095115661621,32.404998779296875,0.0,33.227500915527344,32.279998779296875,33.150001525878906,0.0,282790400,-2.227717577921001,4.9627256069782115,AAPL,Apple,Stock
2015-05-27,29.43033790588379,33.0099983215332,0.0,33.064998626708984,32.51250076293945,32.584999084472656,0.0,183332800,1.8497606538877225,3.4216144766711345,AAPL,Apple,Stock
2015-05-28,29.372390747070312,32.94499969482422,0.0,32.98749923706055,32.775001525878906,32.96500015258789,0.0,122933200,-0.1970900973429766,0.038844506470664,AAPL,Apple,Stock
2015-05-29,29.038049697875977,32.56999969482422,0.0,32.86249923706055,32.474998474121094,32.807498931884766,0.0,203538000,-1.1448114350176732,1.3105932217472245,AAPL,Apple,Stock
2015-06-01,29.096004486083984,32.6349983215332,0.0,32.84749984741211,32.51250076293945,32.56999969482422,0.0,128451200,0.1993833329563862,0.0397537134607971,AAPL,Apple,Stock
2015-06-02,28.966737747192383,32.4900016784668,0.0,32.665000915527344,32.33000183105469,32.46500015258789,0.0,134670400,-0.4452664393450461,0.1982622020070157,AAPL,Apple,Stock
2015-06-03,29.002384185791016,32.529998779296875,0.0,32.73500061035156,32.474998474121094,32.665000915527344,0.0,123934000,0.1229842436903492,0.0151251241960872,AAPL,Apple,Stock
2015-06-04,28.832998275756836,32.34000015258789,0.0,32.64500045776367,32.227500915527344,32.39500045776367,0.0,153800400,-0.5857535202061207,0.3431071864338622,AAPL,Apple,Stock
2015-06-05,28.674741744995117,32.162498474121094,0.0,32.42250061035156,32.09000015258789,32.375,0.0,142507200,-0.5503848010760573,0.3029234292555311,AAPL,Apple,Stock
2015-06-08,28.485280990600582,31.950000762939453,0.0,32.3025016784668,31.707500457763672,32.224998474121094,0.0,210699200,-0.6629159302590617,0.4394575305912371,AAPL,Apple,Stock
2015-06-09,28.40059280395508,31.854999542236328,0.0,32.02000045776367,31.405000686645508,31.674999237060547,0.0,224301600,-0.2977479066857388,0.0886538159357394,AAPL,Apple,Stock
2015-06-10,28.72601318359375,32.220001220703125,0.0,32.334999084472656,31.962499618530273,31.979999542236328,0.0,156349200,1.139307662441149,1.2980219496971144,AAPL,Apple,Stock
2015-06-11,28.661373138427734,32.147499084472656,0.0,32.54499816894531,32.119998931884766,32.29499816894531,0.0,141563600,-0.2252762380231587,0.0507493834178668,AAPL,Apple,Stock
2015-06-12,28.34486961364746,31.792499542236328,0.0,32.08250045776367,31.77750015258789,32.04750061035156,0.0,147544800,-1.1104284783664935,1.2330514055673265,AAPL,Apple,Stock
2015-06-15,28.28914451599121,31.729999542236328,0.0,31.809999465942383,31.427499771118164,31.524999618530273,0.0,175955600,-0.1967902734646322,0.0387264117302847,AAPL,Apple,Stock
2015-06-16,28.440710067749023,31.899999618530273,0.0,31.962499618530273,31.592500686645508,31.75749969482422,0.0,125976400,0.5343426789911241,0.2855220985914115,AAPL,Apple,Stock
2015-06-17,28.37384605407715,31.825000762939453,0.0,31.969999313354492,31.684999465942383,31.93000030517578,0.0,131672400,-0.235376456690222,0.0554020763640439,AAPL,Apple,Stock
2015-06-18,28.50312232971191,31.969999313354492,0.0,32.07749938964844,31.80500030517578,31.8075008392334,0.0,141628800,0.4545829425443468,0.2066456516522769,AAPL,Apple,Stock
2015-06-19,28.217819213867188,31.649999618530273,0.0,31.954999923706055,31.600000381469727,31.927499771118164,0.0,218867600,-1.0059971298241035,1.0120302252143345,AAPL,Apple,Stock
2015-06-22,28.44293975830078,31.90250015258789,0.0,32.01499938964844,31.770000457763672,31.872499465942383,0.0,136157200,0.7946301217802608,0.6314370304405121,AAPL,Apple,Stock
2015-06-23,28.313655853271484,31.75749969482422,0.0,31.90250015258789,31.719999313354492,31.8700008392334,0.0,121075600,-0.4555739372344369,0.2075476122872867,AAPL,Apple,Stock
2015-06-24,28.55438232421875,32.02750015258789,0.0,32.45000076293945,31.780000686645508,31.802499771118164,0.0,221123600,0.8466193543097615,0.7167643310918775,AAPL,Apple,Stock
2015-06-25,28.418420791625977,31.875,0.0,32.29999923706055,31.875,32.21500015258789,0.0,127752400,-0.4772866464702769,0.2278025428988431,AAPL,Apple,Stock
2015-06-26,28.25125503540039,31.6875,0.0,31.997499465942383,31.627500534057617,31.917499542236328,0.0,176267200,-0.5899671690432083,0.3480612605488575,AAPL,Apple,Stock
2015-06-29,27.75644302368164,31.13249969482422,0.0,31.61750030517578,31.1200008392334,31.364999771118164,0.0,196645600,-1.7669888361343908,3.122249547023569,AAPL,Apple,Stock
2015-06-30,27.957040786743164,31.357500076293945,0.0,31.530000686645508,31.21500015258789,31.392499923706055,0.0,177482800,0.7201080104259976,0.5185555466796886,AAPL,Apple,Stock
2015-07-01,28.217819213867188,31.649999618530273,0.0,31.73500061035156,31.497499465942383,31.725000381469727,0.0,120955200,0.9284591023662964,0.8620363047668288,AAPL,Apple,Stock
2015-07-02,28.18216133117676,31.61000061035156,0.0,31.67250061035156,31.4424991607666,31.607500076293945,0.0,108844000,-0.1264464529840682,0.0159887054722521,AAPL,Apple,Stock
2015-07-06,28.08409118652344,31.5,0.0,31.5575008392334,31.212499618530273,31.23500061035156,0.0,112241600,-0.3485934803733486,0.1215174145588041,AAPL,Apple,Stock
2015-07-07,28.014995574951172,31.42250061035156,0.0,31.537500381469727,30.9424991607666,31.47249984741211,0.0,187787200,-0.2463343006125307,0.0606805876582646,AAPL,Apple,Stock
2015-07-08,27.319578170776367,30.642499923706055,0.0,31.15999984741211,30.635000228881836,31.1200008392334,0.0,243046400,-2.5136328789340343,6.318350250058201,AAPL,Apple,Stock
2015-07-09,26.762351989746097,30.017499923706055,0.0,31.01499938964844,29.80500030517578,30.962499618530273,0.0,314380000,-2.060747088380042,4.246678562266821,AAPL,Apple,Stock
2015-07-10,27.47782325744629,30.81999969482422,0.0,30.962499618530273,30.302499771118164,30.48500061035156,0.0,245418000,2.638312894214484,6.960694927778408,AAPL,Apple,Stock
2015-07-13,28.00830841064453,31.415000915527344,0.0,31.440000534057617,31.079999923706055,31.25749969482422,0.0,165762000,1.9121942778066952,3.6564869560766686,AAPL,Apple,Stock
2015-07-14,27.997161865234375,31.40250015258789,0.0,31.592500686645508,31.260000228881836,31.510000228881836,0.0,127072400,-0.03980520296473,0.0015844541830633,AAPL,Apple,Stock
2015-07-15,28.26685905456543,31.704999923706055,0.0,31.787500381469727,31.395000457763672,31.43000030517578,0.0,134596800,0.9586917200431144,0.9190898140792252,AAPL,Apple,Stock
2015-07-16,28.643539428710938,32.127498626708984,0.0,32.14250183105469,31.837499618530273,31.934999465942383,0.0,144889600,1.3237857579107015,1.752408732847211,AAPL,Apple,Stock
2015-07-17,28.89095115661621,32.404998779296875,0.0,32.404998779296875,32.07749938964844,32.27000045776367,0.0,184658800,0.8600519460640079,0.7396893499284872,AAPL,Apple,Stock
2015-07-20,29.437026977539062,33.01750183105469,0.0,33.24250030517578,32.67499923706055,32.74250030517578,0.0,235600800,1.8724865621980655,3.506205925612331,AAPL,Apple,Stock
2015-07-21,29.14281463623047,32.6875,0.0,33.22999954223633,32.58000183105469,33.212501525878906,0.0,307025600,-1.0044916716857093,1.0090035184859507,AAPL,Apple,Stock
2015-07-22,27.91023826599121,31.30500030517578,0.0,31.375,30.497499465942383,30.497499465942383,0.0,461802400,-4.321480177547892,18.67519092493936,AAPL,Apple,Stock
2015-07-23,27.896862030029297,31.290000915527344,0.0,31.772499084472656,31.26499938964844,31.549999237060547,0.0,203998000,-0.0479373991736356,0.0022979942395324,AAPL,Apple,Stock
2015-07-24,27.749757766723633,31.125,0.0,31.434999465942383,30.975000381469727,31.329999923706055,0.0,168649200,-0.5287099432636679,0.279534204105871,AAPL,Apple,Stock
2015-07-27,27.364152908325195,30.6924991607666,0.0,30.90250015258789,30.530000686645508,30.772499084472656,0.0,177822000,-1.3993242206503145,1.95810827449861,AAPL,Apple,Stock
2015-07-28,27.50011825561523,30.844999313354492,0.0,30.977500915527344,30.637500762939453,30.844999313354492,0.0,134472400,0.495643604670498,0.2456625828507649,AAPL,Apple,Stock
2015-07-29,27.41319274902344,30.747499465942383,0.0,30.875,30.5674991607666,30.787500381469727,0.0,148046800,-0.3165920160572288,0.1002305046311806,AAPL,Apple,Stock
2015-07-30,27.27499771118164,30.592500686645508,0.0,30.642499923706055,30.427499771118164,30.579999923706055,0.0,134513200,-0.5053936904113707,0.2554227823076244,AAPL,Apple,Stock
2015-07-31,27.03650665283203,30.325000762939453,0.0,30.65999984741211,30.227500915527344,30.649999618530273,0.0,171540000,-0.8782396807139511,0.7713049367805428,AAPL,Apple,Stock
2015-08-03,26.3990478515625,29.61000061035156,0.0,30.642499923706055,29.3799991607666,30.375,0.0,279904000,-2.386010772246948,5.6930474052784765,AAPL,Apple,Stock
2015-08-04,25.552061080932617,28.65999984741211,0.0,29.424999237060547,28.3125,29.354999542236328,0.0,496554400,-3.260996134734033,10.634095790750305,AAPL,Apple,Stock
2015-08-05,25.721464157104492,28.850000381469727,0.0,29.36000061035156,28.024999618530273,28.237499237060547,0.0,397250400,0.6607842615869597,0.4366358403610235,AAPL,Apple,Stock
2015-08-06,25.777429580688477,28.782499313354492,0.13,29.125,28.530000686645508,28.99250030517578,0.0,211612000,0.2173462051451444,0.0472393728909952,AAPL,Apple,Stock
2015-08-07,25.86475372314453,28.8799991607666,0.0,29.0625,28.625,28.645000457763672,0.0,154681600,0.3381895191031021,0.1143721508311874,AAPL,Apple,Stock
2015-08-10,26.80512428283691,29.93000030517578,0.0,29.997499465942383,29.13249969482422,29.13249969482422,0.0,219806400,3.57118920388244,12.753392329926491,AAPL,Apple,Stock
2015-08-11,25.41023826599121,28.372499465942383,0.0,29.545000076293945,28.332500457763672,29.45249938964844,0.0,388331200,-5.344089967574281,28.559297581528075,AAPL,Apple,Stock
2015-08-12,25.802059173583984,28.809999465942383,0.0,28.854999542236328,27.407499313354492,28.13249969482422,0.0,404870000,1.5302127525032718,2.3415510679236395,AAPL,Apple,Stock
2015-08-13,25.78191566467285,28.787500381469727,0.0,29.100000381469727,28.635000228881836,29.010000228881836,0.0,194143200,-0.0780998750026058,0.0060995904754226,AAPL,Apple,Stock
2015-08-14,25.963268280029297,28.989999771118164,0.0,29.07749938964844,28.502500534057617,28.579999923706055,0.0,171718000,0.7009477754662657,0.4913277839311065,AAPL,Apple,Stock
2015-08-17,26.23194694519043,29.290000915527344,0.0,29.412500381469727,28.875,29.010000228881836,0.0,163538800,1.029523634088876,1.059918913147566,AAPL,Apple,Stock
2015-08-18,26.08417510986328,29.125,0.0,29.36000061035156,29.002500534057617,29.107500076293945,0.0,138242800,-0.5649204203804492,0.3191350813628234,AAPL,Apple,Stock
2015-08-19,25.750566482543945,28.752500534057617,0.0,29.1299991607666,28.670000076293945,29.024999618530273,0.0,193146000,-1.2872186624163506,1.6569318848729389,AAPL,Apple,Stock
2015-08-20,25.2221622467041,28.162500381469727,0.0,28.587499618530273,27.907499313354492,28.520000457763672,0.0,274006400,-2.0733563931480834,4.29880673300803,AAPL,Apple,Stock
2015-08-21,23.67950439453125,26.440000534057617,0.0,27.975000381469727,26.412500381469727,27.607500076293945,0.0,513102000,-6.311318174659129,39.83273710178264,AAPL,Apple,Stock
2015-08-24,23.088417053222656,25.780000686645508,0.0,27.200000762939453,23.0,23.717500686645508,0.0,648825200,-2.527881500764703,6.390184881908406,AAPL,Apple,Stock
2015-08-25,23.227231979370117,25.934999465942383,0.0,27.77750015258789,25.875,27.77750015258789,0.0,414406400,0.5994317026877649,0.3593183661871529,AAPL,Apple,Stock
2015-08-26,24.559425354003903,27.42250061035156,0.0,27.47249984741211,26.262500762939453,26.772499084472656,0.0,387098400,5.5770322835917945,31.103289092225104,AAPL,Apple,Stock
2015-08-27,25.28261375427246,28.229999542236328,0.0,28.309999465942383,27.5049991607666,28.0575008392334,0.0,338464400,2.9021250745617655,8.422329948400133,AAPL,Apple,Stock
2015-08-28,25.365459442138672,28.322500228881836,0.0,28.32749938964844,27.885000228881836,28.042499542236328,0.0,212657600,0.3271427974412131,0.1070224099176625,AAPL,Apple,Stock
2015-08-31,25.24679374694824,28.190000534057617,0.0,28.63249969482422,28.0,28.00749969482422,0.0,224917200,-0.4689216747161062,0.2198875370185577,AAPL,Apple,Stock
2015-09-01,24.11834716796875,26.93000030517578,0.0,27.969999313354492,26.84000015258789,27.537500381469727,0.0,307383600,-4.572632320322002,20.90896633685338,AAPL,Apple,Stock
2015-09-02,25.152751922607425,28.084999084472656,0.0,28.084999084472656,27.282499313354492,27.5575008392334,0.0,247555200,4.199446680519562,17.635352422526765,AAPL,Apple,Stock
2015-09-03,24.71167755126953,27.592500686645508,0.0,28.19499969482422,27.510000228881836,28.122499465942383,0.0,212935600,-1.7691403675862722,3.1298576402232903,AAPL,Apple,Stock
2015-09-04,24.465381622314453,27.3174991607666,0.0,27.612499237060547,27.127500534057617,27.24250030517578,0.0,199985200,-1.0016783941626424,1.00335960533225,AAPL,Apple,Stock
2015-09-08,25.14603614807129,28.07749938964844,0.0,28.13999938964844,27.579999923706055,27.9375,0.0,219374400,2.744115237335552,7.530168435777153,AAPL,Apple,Stock
2015-09-09,24.66241455078125,27.537500381469727,0.0,28.5049991607666,27.4424991607666,28.440000534057617,0.0,340043200,-1.9419869097692035,3.7713131577149417,AAPL,Apple,Stock
2015-09-10,25.204252243041992,28.142499923706055,0.0,28.31999969482422,27.475000381469727,27.5674991607666,0.0,251571200,2.173231348571796,4.7229344944151865,AAPL,Apple,Stock
2015-09-11,25.571447372436523,28.552499771118164,0.0,28.552499771118164,27.940000534057617,27.947500228881836,0.0,199662000,1.4463671934447273,2.091978058273177,AAPL,Apple,Stock
2015-09-14,25.81773376464844,28.82749938964844,0.0,29.22249984741211,28.71500015258789,29.145000457763672,0.0,233453600,0.9585219005978656,0.9187642339257444,AAPL,Apple,Stock
2015-09-15,26.034921646118164,29.06999969482422,0.0,29.13249969482422,28.604999542236328,28.982500076293945,0.0,173364800,0.8377166024726218,0.7017691060582727,AAPL,Apple,Stock
2015-09-16,26.064027786254883,29.102500915527344,0.0,29.135000228881836,28.86000061035156,29.0625,0.0,148694000,0.1117340886216235,0.0124845065601048,AAPL,Apple,Stock
2015-09-17,25.506513595581055,28.479999542236328,0.0,29.122499465942383,28.43000030517578,28.915000915527344,0.0,256450400,-2.1622263269830073,4.675222689098427,AAPL,Apple,Stock
2015-09-18,25.40127944946289,28.362499237060547,0.0,28.575000762939453,27.967500686645508,28.052499771118164,0.0,297141200,-0.4134309885249015,0.1709251822726772,AAPL,Apple,Stock
2015-09-21,25.795345306396484,28.802499771118164,0.0,28.842500686645508,28.415000915527344,28.417499542236328,0.0,200888000,1.5394516388204165,2.369911348266866,AAPL,Apple,Stock
2015-09-22,25.39008903503418,28.350000381469727,0.0,28.545000076293945,28.1299991607666,28.344999313354492,0.0,201384800,-1.583515876283094,2.507522530440615,AAPL,Apple,Stock
2015-09-23,25.59607315063477,28.579999923706055,0.0,28.68000030517578,28.325000762939453,28.407499313354492,0.0,143026800,0.8080044759012093,0.6528712330763878,AAPL,Apple,Stock
2015-09-24,25.74833106994629,28.75,0.0,28.875,28.092500686645508,28.3125,0.0,200878000,0.5930865025337481,0.3517515994877135,AAPL,Apple,Stock
2015-09-25,25.68339729309082,28.677499771118164,0.0,29.17250061035156,28.5049991607666,29.11000061035156,0.0,224607600,-0.2525048775258153,0.0637587131743269,AAPL,Apple,Stock
2015-09-28,25.175146102905273,28.11000061035156,0.0,28.642499923706055,28.11000061035156,28.462499618530273,0.0,208436000,-1.9987521336871417,3.9950100919189016,AAPL,Apple,Stock
2015-09-29,24.418371200561523,27.26499938964844,0.0,28.377500534057617,26.96500015258789,28.207500457763672,0.0,293461600,-3.052147502520494,9.315604377142089,AAPL,Apple,Stock
2015-09-30,24.69599723815918,27.575000762939453,0.0,27.885000228881836,27.1825008392334,27.542499542236328,0.0,265892000,1.1305408311973837,1.2781225710044708,AAPL,Apple,Stock
2015-10-01,24.53479766845703,27.395000457763672,0.0,27.405000686645508,26.82749938964844,27.267499923706055,0.0,255716400,-0.6548752507857973,0.4288615940917609,AAPL,Apple,Stock
2015-10-02,24.71392250061035,27.594999313354492,0.0,27.752500534057617,26.887500762939453,27.002500534057617,0.0,232079200,0.7274325968909852,0.5291581830195625,AAPL,Apple,Stock
2015-10-05,24.80348014831543,27.69499969482422,0.0,27.842500686645508,27.267499923706055,27.469999313354492,0.0,208258800,0.3617223059535587,0.1308430266243599,AAPL,Apple,Stock
2015-10-06,24.922136306762695,27.82749938964844,0.0,27.934999465942383,27.4424991607666,27.657499313354492,0.0,192787200,0.4772444953640434,0.2277623083552804,AAPL,Apple,Stock
2015-10-07,24.80348014831543,27.69499969482422,0.0,27.9424991607666,27.352500915527344,27.934999465942383,0.0,187062400,-0.4772444953640502,0.2277623083552869,AAPL,Apple,Stock
2015-10-08,24.51688575744629,27.375,0.0,27.54750061035156,27.052499771118164,27.54750061035156,0.0,247918400,-1.1621877145887407,1.350680283941,AAPL,Apple,Stock
2015-10-09,25.103496551513672,28.030000686645508,0.0,28.06999969482422,27.372499465942383,27.5,0.0,211064400,2.364504653587837,5.590882256838537,AAPL,Apple,Stock
2015-10-12,24.987075805664062,27.899999618530273,0.0,28.1875,27.86000061035156,28.1825008392334,0.0,121868800,-0.464841785605012,0.2160778856444559,AAPL,Apple,Stock
2015-10-13,25.02960777282715,27.947500228881836,0.0,28.112499237060547,27.670000076293945,27.704999923706055,0.0,132197200,0.1700711617475856,0.0289242000581734,AAPL,Apple,Stock
2015-10-14,24.675851821899418,27.552499771118164,0.0,27.8799991607666,27.38999938964844,27.822500228881836,0.0,177849600,-1.4234328657116797,2.0261611231881647,AAPL,Apple,Stock
2015-10-15,25.04528045654297,27.96500015258789,0.0,28.024999618530273,27.622499465942383,27.732500076293945,0.0,150694000,1.4860298470800395,2.208284706412726,AAPL,Apple,Stock
2015-10-16,24.861684799194336,27.760000228881836,0.0,28.0,27.63249969482422,27.94499969482422,0.0,156930400,-0.7357549577723029,0.5413353578865233,AAPL,Apple,Stock
2015-10-19,25.016178131103516,27.9325008392334,0.0,27.9375,27.52750015258789,27.700000762939453,0.0,119036800,0.6194885542800916,0.383766068884038,AAPL,Apple,Stock
2015-10-20,25.472923278808594,28.4424991607666,0.0,28.542499542236328,27.704999923706055,27.834999084472656,0.0,195871200,1.8093315000506691,3.2736804770756045,AAPL,Apple,Stock
2015-10-21,25.470687866210938,28.440000534057617,0.0,28.895000457763672,28.424999237060547,28.5,0.0,167180800,-0.0087760272538499,7.701865436031774e-05,AAPL,Apple,Stock
2015-10-22,25.860273361206055,28.875,0.0,28.875,28.524999618530273,28.582500457763672,0.0,166616400,1.5179648555082397,2.3042173025581505,AAPL,Apple,Stock
2015-10-23,26.661836624145508,29.770000457763672,0.0,29.8075008392334,29.082500457763672,29.174999237060547,0.0,237467600,3.052525890568604,9.317914312591649,AAPL,Apple,Stock
2015-10-26,25.811017990112305,28.81999969482422,0.0,29.532499313354492,28.729999542236328,29.520000457763672,0.0,265335200,-3.24317483594876,10.518183016531264,AAPL,Apple,Stock
2015-10-27,25.647573471069336,28.637500762939453,0.0,29.135000228881836,28.497499465942383,28.850000381469727,0.0,279537600,-0.6352489022330268,0.4035411677882656,AAPL,Apple,Stock
2015-10-28,26.704370498657227,29.8174991607666,0.0,29.825000762939453,29.01499938964844,29.232500076293945,0.0,342205600,4.037827547488444,16.304051303256543,AAPL,Apple,Stock
2015-10-29,26.986486434936523,30.13249969482422,0.0,30.17250061035156,29.5674991607666,29.674999237060547,0.0,204909200,1.050899720253901,1.1043902220297277,AAPL,Apple,Stock
2015-10-30,26.75586700439453,29.875,0.0,30.30500030517578,29.862499237060547,30.247499465942383,0.0,197461200,-0.8582461741039382,0.7365864953640474,AAPL,Apple,Stock
2015-11-02,27.132015228271484,30.295000076293945,0.0,30.34000015258789,29.90250015258789,30.200000762939453,0.0,128813200,1.3960627789370963,1.948991282733568,AAPL,Apple,Stock
2015-11-03,27.443239212036133,30.642499923706055,0.0,30.872499465942383,30.174999237060547,30.197500228881836,0.0,182076000,1.1405438626777389,1.3008403026918565,AAPL,Apple,Stock
2015-11-04,27.315616607666016,30.5,0.0,30.954999923706055,30.405000686645508,30.782499313354492,0.0,179544400,-0.4661267425528561,0.2172741401229366,AAPL,Apple,Stock
2015-11-05,27.189699172973633,30.229999542236328,0.13,30.67250061035156,30.045000076293945,30.462499618530273,0.0,158210800,-0.4620380852588243,0.2134791922296406,AAPL,Apple,Stock
2015-11-06,27.221168518066406,30.26499938964844,0.0,30.45249938964844,30.155000686645508,30.27750015258789,0.0,132169200,0.1156730261328048,0.0133802489747205,AAPL,Apple,Stock
2015-11-09,27.110998153686523,30.142499923706055,0.0,30.45249938964844,30.012500762939453,30.239999771118164,0.0,135485600,-0.4055443473831173,0.1644662176943985,AAPL,Apple,Stock
2015-11-10,26.256542205810547,29.1924991607666,0.0,29.517499923706055,29.01499938964844,29.225000381469727,0.0,236511600,-3.202429661212848,10.255555735015836,AAPL,Apple,Stock
2015-11-11,26.10813331604004,29.02750015258789,0.0,29.354999542236328,28.802499771118164,29.092500686645508,0.0,180872000,-0.5668297784762215,0.3212959977674023,AAPL,Apple,Stock
2015-11-12,26.020437240600582,28.93000030517578,0.0,29.204999923706055,28.912500381469727,29.065000534057617,0.0,130102400,-0.3364610125849325,0.1132060129896781,AAPL,Apple,Stock
2015-11-13,25.26042366027832,28.084999084472656,0.0,28.892499923706055,28.0674991607666,28.799999237060547,0.0,183249600,-2.9643388198968856,8.78730463914766,AAPL,Apple,Stock
2015-11-16,25.674161911010746,28.545000076293945,0.0,28.559999465942383,27.75,27.844999313354492,0.0,152426800,1.6246224298001477,2.639398039409735,AAPL,Apple,Stock
2015-11-17,25.563982009887695,28.42250061035156,0.0,28.762500762939453,28.329999923706055,28.729999542236328,0.0,110467600,-0.4300705002805245,0.1849606352115406,AAPL,Apple,Stock
2015-11-18,26.373462677001953,29.322500228881836,0.0,29.372499465942383,28.875,28.940000534057617,0.0,186698800,3.1173894910174105,9.718117238705789,AAPL,Apple,Stock
2015-11-19,26.7085018157959,29.69499969482422,0.0,29.9375,29.190000534057617,29.40999984741211,0.0,173183200,1.262363181897364,1.5935608030100372,AAPL,Apple,Stock
2015-11-20,26.825424194335938,29.825000762939453,0.0,29.979999542236328,29.712499618530273,29.799999237060547,0.0,137148400,0.4368166998737707,0.1908088292886118,AAPL,Apple,Stock
2015-11-23,26.476898193359375,29.4375,0.0,29.9325008392334,29.334999084472656,29.8174991607666,0.0,129930000,-1.3077515292658068,1.7102140622970563,AAPL,Apple,Stock
2015-11-24,26.73098945617676,29.719999313354492,0.0,29.837499618530273,29.280000686645508,29.332500457763672,0.0,171212800,0.9550959663076498,0.9122083048571432,AAPL,Apple,Stock
2015-11-25,26.539859771728516,29.50749969482422,0.0,29.8075008392334,29.479999542236328,29.802499771118164,0.0,85553200,-0.7175800925162946,0.514921189175694,AAPL,Apple,Stock
2015-11-27,26.49038314819336,29.45249938964844,0.0,29.602500915527344,29.399999618530273,29.572500228881836,0.0,52185600,-0.1865978172712418,0.0348187454103917,AAPL,Apple,Stock
2015-11-30,26.600568771362305,29.575000762939453,0.0,29.852500915527344,29.4375,29.497499465942383,0.0,156721200,0.4150830881258533,0.1722939700480949,AAPL,Apple,Stock
2015-12-01,26.384702682495117,29.334999084472656,0.0,29.70249938964844,29.21500015258789,29.6875,0.0,139409600,-0.8148199576169853,0.6639315633309458,AAPL,Apple,Stock
2015-12-02,26.146364212036133,29.06999969482422,0.0,29.52750015258789,29.020000457763672,29.334999084472656,0.0,133546400,-0.907425338897484,0.8234207456732134,AAPL,Apple,Stock
2015-12-03,25.90351295471191,28.799999237060547,0.0,29.197500228881836,28.55500030517578,29.137500762939453,0.0,166278000,-0.9331550151034016,0.8707782822126297,AAPL,Apple,Stock
2015-12-04,26.76471710205078,29.75749969482422,0.0,29.8125,28.77750015258789,28.822500228881836,0.0,231108000,3.270589926723176,10.696758468783113,AAPL,Apple,Stock
2015-12-07,26.596067428588867,29.56999969482422,0.0,29.96500015258789,29.45249938964844,29.7450008392334,0.0,128336800,-0.6321130264550915,0.3995668782142152,AAPL,Apple,Stock
2015-12-08,26.58483123779297,29.5575008392334,0.0,29.649999618530273,29.21500015258789,29.3799991607666,0.0,137238000,-0.0422564915030205,0.0017856110741448,AAPL,Apple,Stock
2015-12-09,25.997947692871097,28.905000686645508,0.0,29.42250061035156,28.770000457763672,29.40999984741211,0.0,185445600,-2.2323198896180725,4.983252089584443,AAPL,Apple,Stock
2015-12-10,26.12162399291992,29.042499542236328,0.0,29.23500061035156,28.877500534057617,29.010000228881836,0.0,116850800,0.4745876766908858,0.2252334628668527,AAPL,Apple,Stock
2015-12-11,25.449302673339844,28.295000076293945,0.0,28.84749984741211,28.212499618530273,28.79750061035156,0.0,187544800,-2.6075134030915237,6.799126147301939,AAPL,Apple,Stock
2015-12-14,25.29191017150879,28.1200008392334,0.0,28.170000076293945,27.447500228881836,28.045000076293945,0.0,257274800,-0.6203754218623304,0.3848656640508644,AAPL,Apple,Stock
2015-12-15,24.84442710876465,27.622499465942383,0.0,28.200000762939453,27.587499618530273,27.98500061035156,0.0,213292400,-1.785112235814032,3.1866256944529727,AAPL,Apple,Stock
2015-12-16,25.035566329956055,27.834999084472656,0.0,27.997499465942383,27.200000762939453,27.767499923706055,0.0,224954000,0.7664000878531557,0.5873690946613248,AAPL,Apple,Stock
2015-12-17,24.50490379333496,27.2450008392334,0.0,28.0625,27.2450008392334,28.0049991607666,0.0,179091200,-2.1424214701773785,4.589969755877,AAPL,Apple,Stock
2015-12-18,23.841575622558594,26.50749969482422,0.0,27.3799991607666,26.45249938964844,27.227500915527344,0.0,385813200,-2.7442320788898926,7.530809702808342,AAPL,Apple,Stock
2015-12-21,24.133888244628903,26.832500457763672,0.0,26.842500686645508,26.392499923706055,26.81999969482422,0.0,190362400,1.2186072457709027,1.485003619445345,AAPL,Apple,Stock
2015-12-22,24.11140251159668,26.8075008392334,0.0,26.93000030517578,26.612499237060547,26.850000381469727,0.0,131157600,-0.0932142155551563,0.0086888899815631,AAPL,Apple,Stock
2015-12-23,24.421703338623047,27.15250015258789,0.0,27.212499618530273,26.799999237060547,26.8174991607666,0.0,130629600,1.2787356170748716,1.6351647783758527,AAPL,Apple,Stock
2015-12-24,24.29129219055176,27.00749969482422,0.0,27.25,26.987499237060547,27.25,0.0,54281600,-0.5354277979002483,0.2866829267643091,AAPL,Apple,Stock
2015-12-28,24.019214630126953,26.704999923706055,0.0,26.92250061035156,26.545000076293945,26.897499084472656,0.0,106816800,-1.1263820437712533,1.2687365085303055,AAPL,Apple,Stock
2015-12-29,24.45093536376953,27.184999465942383,0.0,27.357500076293945,26.71500015258789,26.739999771118164,0.0,123724800,1.7814351756358284,3.173511284992655,AAPL,Apple,Stock
2015-12-30,24.131641387939453,26.829999923706055,0.0,27.174999237060547,26.795000076293945,27.145000457763672,0.0,100855200,-1.3144571344713842,1.7277975583627228,AAPL,Apple,Stock
2015-12-31,23.668437957763672,26.315000534057617,0.0,26.75749969482422,26.204999923706055,26.752500534057617,0.0,163649200,-1.9381471172935132,3.7564142482731553,AAPL,Apple,Stock
2016-01-04,23.68867301940918,26.337499618530273,0.0,26.342500686645508,25.5,25.65250015258789,0.0,270597600,0.0854573366467765,0.0073029563867605,AAPL,Apple,Stock
2016-01-05,23.095048904418945,25.677499771118164,0.0,26.462499618530273,25.602500915527344,26.4375,0.0,223164000,-2.5378740811763016,6.440804851906457,AAPL,Apple,Stock
2016-01-06,22.64308738708496,25.174999237060547,0.0,25.592500686645508,24.967500686645508,25.13999938964844,0.0,273829600,-1.976364868796416,3.9060180946126746,AAPL,Apple,Stock
2016-01-07,21.68744850158691,24.112499237060547,0.0,25.032499313354492,24.107500076293945,24.670000076293945,0.0,324377600,-4.312092958745524,18.594145684862724,AAPL,Apple,Stock
2016-01-08,21.8021240234375,24.239999771118164,0.0,24.77750015258789,24.190000534057617,24.637500762939453,0.0,283192000,0.5273714178942404,0.2781206124117815,AAPL,Apple,Stock
2016-01-11,22.155149459838867,24.63249969482422,0.0,24.76499938964844,24.334999084472656,24.74250030517578,0.0,198957600,1.6062553411795066,2.5800562210676934,AAPL,Apple,Stock
2016-01-12,22.4766902923584,24.989999771118164,0.0,25.17250061035156,24.709999084472656,25.137500762939453,0.0,196616800,1.4408834470224574,2.076145107903318,AAPL,Apple,Stock
2016-01-13,21.89881134033203,24.34749984741211,0.0,25.29750061035156,24.325000762939453,25.079999923706055,0.0,249758400,-2.6046426546368884,6.784163358353897,AAPL,Apple,Stock
2016-01-14,22.37775421142578,24.8799991607666,0.0,25.1200008392334,23.934999465942383,24.489999771118164,0.0,252680400,2.163499118139202,4.680728434189102,AAPL,Apple,Stock
2016-01-15,21.840354919433594,24.282499313354492,0.0,24.427499771118164,23.84000015258789,24.049999237060547,0.0,319335600,-2.4307948199169904,5.908763456535274,AAPL,Apple,Stock
2016-01-19,21.73467063903809,24.165000915527344,0.0,24.662500381469727,23.875,24.602500915527344,0.0,212350800,-0.485069079194626,0.2352920115907223,AAPL,Apple,Stock
2016-01-20,21.76390266418457,24.197500228881836,0.0,24.54750061035156,23.354999542236328,23.774999618530273,0.0,289337600,0.1344045439984834,0.0180645814474402,AAPL,Apple,Stock
2016-01-21,21.653715133666992,24.075000762939453,0.0,24.469999313354492,23.73500061035156,24.26499938964844,0.0,208646000,-0.5075716848079622,0.2576290152187933,AAPL,Apple,Stock
2016-01-22,22.80498504638672,25.354999542236328,0.0,25.364999771118164,24.592500686645508,24.657499313354492,0.0,263202000,5.1802115012579115,26.834591197764745,AAPL,Apple,Stock
2016-01-25,22.359766006469727,24.86000061035156,0.0,25.38249969482422,24.802499771118164,25.3799991607666,0.0,207178000,-1.971597104180815,3.8871951412141743,AAPL,Apple,Stock
2016-01-26,22.483436584472656,24.997499465942383,0.0,25.219999313354492,24.517499923706055,24.982500076293945,0.0,300308000,0.551570291116384,0.3042297860422126,AAPL,Apple,Stock
2016-01-27,21.006134033203125,23.354999542236328,0.0,24.157499313354492,23.334999084472656,24.010000228881836,0.0,533478800,-6.7964394425721135,46.19158909654994,AAPL,Apple,Stock
2016-01-28,21.156787872314453,23.522499084472656,0.0,23.6299991607666,23.09749984741211,23.447500228881836,0.0,222715200,0.7146301700880434,0.5106962800000658,AAPL,Apple,Stock
2016-01-29,21.88756561279297,24.334999084472656,0.0,24.334999084472656,23.587499618530273,23.697500228881836,0.0,257666000,3.395790174492401,11.53139090917913,AAPL,Apple,Stock
2016-02-01,21.682952880859375,24.107500076293945,0.0,24.177499771118164,23.850000381469727,24.11750030517578,0.0,163774000,-0.9392325048124672,0.8821576980963011,AAPL,Apple,Stock
2016-02-02,21.24448013305664,23.6200008392334,0.0,24.010000228881836,23.56999969482422,23.854999542236328,0.0,149428800,-2.0429267105364546,4.173549544623299,AAPL,Apple,Stock
2016-02-03,21.664960861206055,24.087499618530273,0.0,24.209999084472656,23.520000457763672,23.75,0.0,183857200,1.9599145462437304,3.841265028577769,AAPL,Apple,Stock
2016-02-04,21.83903694152832,24.149999618530273,0.13,24.332500457763672,23.79750061035156,23.96500015258789,0.0,185886800,0.8002805175173693,0.6404489067178684,AAPL,Apple,Stock
2016-02-05,21.255756378173828,23.5049991607666,0.0,24.229999542236328,23.42250061035156,24.1299991607666,0.0,185672400,-2.7071306749132504,7.328556491056271,AAPL,Apple,Stock
2016-02-08,21.479583740234375,23.752500534057617,0.0,23.924999237060547,23.260000228881836,23.282499313354492,0.0,216085600,1.0475143435188878,1.0972862998778066,AAPL,Apple,Stock
2016-02-09,21.47505760192871,23.747499465942383,0.0,23.98500061035156,23.482500076293945,23.572500228881836,0.0,177324800,-0.0210740361506508,0.0004441149996789,AAPL,Apple,Stock
2016-02-10,21.31228828430176,23.5674991607666,0.0,24.087499618530273,23.524999618530273,23.979999542236328,0.0,169374400,-0.760832902513508,0.5788667055471292,AAPL,Apple,Stock
2016-02-11,21.18341636657715,23.424999237060547,0.0,23.68000030517578,23.147499084472656,23.447500228881836,0.0,200298800,-0.6065192416314954,0.3678655904692443,AAPL,Apple,Stock
2016-02-12,21.248973846435547,23.497499465942383,0.0,23.625,23.252500534057617,23.54750061035156,0.0,161405600,0.3089975921267798,0.0954795119401478,AAPL,Apple,Stock
2016-02-16,21.848081588745117,24.15999984741211,0.0,24.212499618530273,23.65250015258789,23.7549991607666,0.0,196231600,2.7804513919986005,7.730909943266955,AAPL,Apple,Stock
2016-02-17,22.182674407958984,24.530000686645508,0.0,24.552499771118164,24.037500381469727,24.167499542236328,0.0,179452800,1.5198433563734337,2.3099238279124643,AAPL,Apple,Stock
2016-02-18,21.76217269897461,24.065000534057617,0.0,24.72249984741211,24.022499084472656,24.709999084472656,0.0,156084000,-1.9138286806965548,3.6627402190567153,AAPL,Apple,Stock
2016-02-19,21.71244239807129,24.010000228881836,0.0,24.190000534057617,23.950000762939453,24.0,0.0,141496800,-0.2287786676563987,0.0523396787746369,AAPL,Apple,Stock
2016-02-22,21.90233612060547,24.219999313354492,0.0,24.225000381469727,23.979999542236328,24.07749938964844,0.0,137123200,0.8707824682015225,0.7582621069271356,AAPL,Apple,Stock
2016-02-23,21.40723419189453,23.67250061035156,0.0,24.125,23.637500762939453,24.100000381469727,0.0,127770400,-2.286439205392544,5.227804239956088,AAPL,Apple,Stock
2016-02-24,21.72600555419922,24.024999618530273,0.0,24.094999313354492,23.329999923706055,23.4950008392334,0.0,145022800,1.4781044405878,2.1847927372853735,AAPL,Apple,Stock
2016-02-25,21.87521171569824,24.190000534057617,0.0,24.190000534057617,23.8125,24.012500762939453,0.0,110330800,0.6844154969660333,0.4684245724872624,AAPL,Apple,Stock
2016-02-26,21.90912628173828,24.227500915527344,0.0,24.5049991607666,24.145000457763672,24.299999237060547,0.0,115964400,0.1549164581393789,0.0239991090024499,AAPL,Apple,Stock
2016-02-29,21.85938262939453,24.17250061035156,0.0,24.5575008392334,24.162500381469727,24.21500015258789,0.0,140865200,-0.2273034882784799,0.051666875783565,AAPL,Apple,Stock
2016-03-01,22.727529525756836,25.13249969482422,0.0,25.1924991607666,24.354999542236328,24.412500381469727,0.0,201628400,3.8946703805970873,15.16845737350026,AAPL,Apple,Stock
2016-03-02,22.777259826660156,25.1875,0.0,25.22249984741211,24.90999984741211,25.127500534057617,0.0,132678400,0.2185718092945618,0.0477736358182982,AAPL,Apple,Stock
2016-03-03,22.94681167602539,25.375,0.0,25.427499771118164,25.112499237060547,25.145000457763672,0.0,147822800,0.741633983740174,0.5500209658383206,AAPL,Apple,Stock
2016-03-04,23.288190841674805,25.752500534057617,0.0,25.9375,25.342500686645508,25.592500686645508,0.0,184220400,1.4767399196398892,2.1807607902580264,AAPL,Apple,Stock
2016-03-07,23.03046226501465,25.467500686645508,0.0,25.707500457763672,25.239999771118164,25.59749984741211,0.0,143315600,-1.1128615331300258,1.2384607919205115,AAPL,Apple,Stock
2016-03-08,22.840560913085938,25.25749969482422,0.0,25.440000534057617,25.100000381469727,25.19499969482422,0.0,126247600,-0.8279843076245668,0.6855580136725332,AAPL,Apple,Stock
2016-03-09,22.86090850830078,25.280000686645508,0.0,25.395000457763672,25.0674991607666,25.32749938964844,0.0,108806800,0.0890456994794701,0.0079291365957881,AAPL,Apple,Stock
2016-03-10,22.872211456298828,25.292499542236328,0.0,25.559999465942383,25.037500381469727,25.352500915527344,0.0,134054400,0.049430033362859,0.0024433281982533,AAPL,Apple,Stock
2016-03-11,23.118633270263672,25.565000534057617,0.0,25.56999969482422,25.375,25.559999465942383,0.0,109632800,1.071622726790144,1.148375268573144,AAPL,Apple,Stock
2016-03-14,23.177412033081055,25.6299991607666,0.0,25.727500915527344,25.44499969482422,25.477500915527344,0.0,100304400,0.2539257684547373,0.0644782958853288,AAPL,Apple,Stock
2016-03-15,23.643136978149418,26.145000457763672,0.0,26.295000076293945,25.962499618530273,25.989999771118164,0.0,160270800,1.989469649215815,3.957989485150898,AAPL,Apple,Stock
2016-03-16,23.95738220214844,26.49250030517578,0.0,26.57749938964844,26.147499084472656,26.15250015258789,0.0,153214000,1.320362864720397,1.7433580945326543,AAPL,Apple,Stock
2016-03-17,23.918949127197266,26.450000762939453,0.0,26.61750030517578,26.239999771118164,26.3799991607666,0.0,137682800,-0.160551496489827,0.0257767830251229,AAPL,Apple,Stock
2016-03-18,23.94607734680176,26.479999542236328,0.0,26.625,26.29750061035156,26.584999084472656,0.0,176820800,0.1133530032578676,0.0128489033475781,AAPL,Apple,Stock
2016-03-21,23.94382095336914,26.477500915527344,0.0,26.912500381469727,26.28499984741211,26.482500076293945,0.0,142010800,-0.0094232542326311,8.879772033280058e-05,AAPL,Apple,Stock
2016-03-22,24.12693977355957,26.68000030517578,0.0,26.822500228881836,26.302499771118164,26.3125,0.0,129777600,0.761875631624091,0.5804544780626076,AAPL,Apple,Stock
2016-03-23,23.993549346923828,26.532499313354492,0.0,26.767499923706055,26.475000381469727,26.6200008392334,0.0,102814000,-0.5544032105001142,0.3073629198128339,AAPL,Apple,Stock
2016-03-24,23.889556884765625,26.417499542236328,0.0,26.5625,26.22249984741211,26.36750030517578,0.0,104532000,-0.4343603990777581,0.1886689562869893,AAPL,Apple,Stock
2016-03-28,23.781034469604492,26.29750061035156,0.0,26.54750061035156,26.26499938964844,26.5,0.0,77645600,-0.4553021036672984,0.2073000056038673,AAPL,Apple,Stock
2016-03-29,24.343971252441406,26.920000076293945,0.0,26.947500228881836,26.219999313354492,26.22249984741211,0.0,124760400,2.3395839723185365,5.473653163529783,AAPL,Apple,Stock
2016-03-30,24.76900100708008,27.38999938964844,0.0,27.604999542236328,27.149999618530273,27.162500381469727,0.0,182404400,1.7308680223069324,2.9959041106447115,AAPL,Apple,Stock
2016-03-31,24.64012908935547,27.247499465942383,0.0,27.475000381469727,27.219999313354492,27.43000030517578,0.0,103553600,-0.5216534260529058,0.2721222969127344,AAPL,Apple,Stock
2016-04-01,24.866214752197266,27.497499465942383,0.0,27.5,27.049999237060547,27.19499969482422,0.0,103496000,0.9133667204688588,0.8342387660600382,AAPL,Apple,Stock
2016-04-04,25.121681213378903,27.780000686645508,0.0,28.04750061035156,27.5674991607666,27.604999542236328,0.0,149424800,1.0221221772325322,1.0447337451905718,AAPL,Apple,Stock
2016-04-05,24.825511932373047,27.45249938964844,0.0,27.6825008392334,27.354999542236328,27.377500534057617,0.0,106314800,-1.1859435279599182,1.4064620515100172,AAPL,Apple,Stock
2016-04-06,25.085506439208984,27.739999771118164,0.0,27.7450008392334,27.299999237060547,27.5575008392334,0.0,105616400,1.041841529337349,1.0854337722519865,AAPL,Apple,Stock
2016-04-07,24.53839874267578,27.135000228881836,0.0,27.604999542236328,27.030000686645508,27.487499237060547,0.0,127207600,-2.205106041430885,4.862492653954988,AAPL,Apple,Stock
2016-04-08,24.565532684326172,27.165000915527344,0.0,27.4424991607666,27.042499542236328,27.227500915527344,0.0,94326800,0.1105163827970967,0.0122138708665544,AAPL,Apple,Stock
2016-04-11,24.646915435791016,27.2549991607666,0.0,27.65250015258789,27.207500457763672,27.24250030517578,0.0,117630000,0.330740813596612,0.1093894857785488,AAPL,Apple,Stock
2016-04-12,24.96794319152832,27.61000061035156,0.0,27.625,27.165000915527344,27.334999084472656,0.0,108929200,1.294097150663941,1.6746874353565306,AAPL,Apple,Stock
2016-04-13,25.329662322998047,28.010000228881836,0.0,28.084999084472656,27.700000762939453,27.700000762939453,0.0,133029200,1.438340310058912,2.068822847540367,AAPL,Apple,Stock
2016-04-14,25.34322929382324,28.024999618530273,0.0,28.09749984741211,27.832500457763672,27.905000686645508,0.0,101895600,0.0535472546226881,0.002867308477627,AAPL,Apple,Stock
2016-04-15,24.834569931030273,27.462499618530273,0.0,28.075000762939453,27.4325008392334,28.02750015258789,0.0,187756000,-2.027497400347296,4.110745708415044,AAPL,Apple,Stock
2016-04-18,24.29875946044922,26.8700008392334,0.0,27.237499237060547,26.73500061035156,27.22249984741211,0.0,243286000,-2.1811333325008713,4.757342614146356,AAPL,Apple,Stock
2016-04-19,24.16989517211914,26.727500915527344,0.0,27.0,26.5575008392334,26.969999313354492,0.0,129539600,-0.5317440434242194,0.2827517277171382,AAPL,Apple,Stock
2016-04-20,24.21962547302246,26.782499313354492,0.0,27.022499084472656,26.51499938964844,26.65999984741211,0.0,122444000,0.2055416864991674,0.042247384888922,AAPL,Apple,Stock
2016-04-21,23.95738220214844,26.49250030517578,0.0,26.732500076293945,26.3799991607666,26.732500076293945,0.0,126210000,-1.088676419100868,1.1852163455062887,AAPL,Apple,Stock
2016-04-22,23.891826629638672,26.420000076293945,0.0,26.6200008392334,26.155000686645508,26.252500534057617,0.0,134732400,-0.2740091847985203,0.0750810333539496,AAPL,Apple,Stock
2016-04-25,23.75617027282715,26.270000457763672,0.0,26.412500381469727,26.127500534057617,26.25,0.0,112126400,-0.5694120725423303,0.324230108356952,AAPL,Apple,Stock
2016-04-26,23.59113121032715,26.087499618530273,0.0,26.325000762939453,25.977500915527344,25.977500915527344,0.0,224064800,-0.6971452469458747,0.4860114953392245,AAPL,Apple,Stock
2016-04-27,22.11486053466797,24.454999923706055,0.0,24.677499771118164,23.920000076293945,24.0,0.0,458408400,-6.462104029767196,41.75878849153343,AAPL,Apple,Stock
2016-04-28,21.438884735107425,23.707500457763672,0.0,24.469999313354492,23.5625,24.40250015258789,0.0,328970800,-3.1043488034695654,9.636981493602924,AAPL,Apple,Stock
2016-04-29,21.192455291748047,23.434999465942383,0.0,23.68000030517578,23.127500534057617,23.497499465942383,0.0,274126000,-1.1561081025482294,1.3365859447776671,AAPL,Apple,Stock
2016-05-02,21.16985511779785,23.40999984741211,0.0,23.520000457763672,23.100000381469727,23.49250030517578,0.0,192640400,-0.1066994499395964,0.0113847726174124,AAPL,Apple,Stock
2016-05-03,21.518007278442383,23.795000076293945,0.0,23.934999465942383,23.420000076293945,23.549999237060547,0.0,227325200,1.631189104801546,2.6607778956232693,AAPL,Apple,Stock
2016-05-04,21.29419708251953,23.54750061035156,0.0,23.975000381469727,23.454999923706055,23.799999237060547,0.0,164102000,-1.045553426351816,1.0931819673560224,AAPL,Apple,Stock
2016-05-05,21.2077579498291,23.309999465942383,0.1425,23.517499923706055,23.170000076293945,23.5,0.0,143562000,-0.4067542389607634,0.1654490109125498,AAPL,Apple,Stock
2016-05-06,21.0894775390625,23.18000030517578,0.0,23.362499237060547,22.962499618530273,23.342500686645508,0.0,174799600,-0.5592834506317367,0.3127979781505422,AAPL,Apple,Stock
2016-05-09,21.105405807495117,23.197500228881836,0.0,23.4424991607666,23.147499084472656,23.25,0.0,131745600,0.0754985814672999,0.0057000358035745,AAPL,Apple,Stock
2016-05-10,21.248703002929688,23.354999542236328,0.0,23.392499923706055,23.02750015258789,23.332500457763672,0.0,134747200,0.6766651275546421,0.4578756948485401,AAPL,Apple,Stock
2016-05-11,21.04172134399414,23.127500534057617,0.0,23.392499923706055,23.114999771118164,23.3700008392334,0.0,114876400,-0.9788660900962618,0.9581788223403428,AAPL,Apple,Stock
2016-05-12,20.54814338684082,22.584999084472656,0.0,23.19499969482422,22.36750030517578,23.18000030517578,0.0,305258800,-2.373660672883969,5.634264989995977,AAPL,Apple,Stock
2016-05-13,20.58908462524414,22.6299991607666,0.0,22.917499542236328,22.5,22.5,0.0,177571200,0.1990472080843863,0.0396197910461889,AAPL,Apple,Stock
2016-05-16,21.353334426879883,23.469999313354492,0.0,23.59749984741211,22.912500381469727,23.09749984741211,0.0,245039200,3.644684392238809,13.283724319029176,AAPL,Apple,Stock
2016-05-17,21.264623641967773,23.372499465942383,0.0,23.674999237060547,23.252500534057617,23.637500762939453,0.0,187667600,-0.4163076649089842,0.1733120718619711,AAPL,Apple,Stock
2016-05-18,21.507999420166016,23.63999938964844,0.0,23.802499771118164,23.47249984741211,23.540000915527344,0.0,168249600,1.1380101912645593,1.2950671954219988,AAPL,Apple,Stock
2016-05-19,21.42611312866211,23.549999237060547,0.0,23.65999984741211,23.392499923706055,23.65999984741211,0.0,121768400,-0.381451419085096,0.1455051851220336,AAPL,Apple,Stock
2016-05-20,21.658117294311523,23.80500030517578,0.0,23.857500076293945,23.6299991607666,23.65999984741211,0.0,128104000,1.076989914384231,1.1599072756853532,AAPL,Apple,Stock
2016-05-23,21.9333438873291,24.107500076293945,0.0,24.29750061035156,23.917499542236328,23.967500686645508,0.0,152074400,1.26277139068322,1.594591585128033,AAPL,Apple,Stock
2016-05-24,22.2676944732666,24.475000381469727,0.0,24.522499084472656,24.209999084472656,24.30500030517578,0.0,140560800,1.5128918939972995,2.288841882922736,AAPL,Apple,Stock
2016-05-25,22.658920288085938,24.905000686645508,0.0,24.934999465942383,24.52750015258789,24.667499542236328,0.0,152675200,1.7416656313030088,3.033399171262108,AAPL,Apple,Stock
2016-05-26,22.83860969543457,25.102500915527344,0.0,25.1825008392334,24.65999984741211,24.920000076293945,0.0,225324800,0.7898905355452938,0.6239270581440309,AAPL,Apple,Stock
2016-05-27,22.824953079223633,25.087499618530273,0.0,25.11750030517578,24.8125,24.86000061035156,0.0,145364800,-0.0598140652558912,0.003577722402436,AAPL,Apple,Stock
2016-05-31,22.7135009765625,24.96500015258789,0.0,25.100000381469727,24.704999923706055,24.899999618530273,0.0,169228800,-0.4894866437696158,0.2395971744288427,AAPL,Apple,Stock
2016-06-01,22.395069122314453,24.614999771118164,0.0,24.885000228881836,24.582500457763672,24.7549991607666,0.0,116693200,-1.4118698205402411,1.9933763901523336,AAPL,Apple,Stock
2016-06-02,22.22675132751465,24.43000030517578,0.0,24.459999084472656,24.157499313354492,24.399999618530273,0.0,160766400,-0.7544227977468679,0.5691537577602116,AAPL,Apple,Stock
2016-06-03,22.27223777770996,24.479999542236328,0.0,24.5674991607666,24.362499237060547,24.447500228881836,0.0,114019600,0.204438199395024,0.0417949773718795,AAPL,Apple,Stock
2016-06-06,22.43373107910156,24.657499313354492,0.0,25.47249984741211,24.387500762939453,24.497499465942383,0.0,93170000,0.7224717771250078,0.5219654687421669,AAPL,Apple,Stock
2016-06-07,22.524717330932617,24.75749969482422,0.0,24.967500686645508,24.739999771118164,24.8125,0.0,89638000,0.404757634067915,0.1638287423362562,AAPL,Apple,Stock
2016-06-08,22.50424575805664,24.73500061035156,0.0,24.88999938964844,24.670000076293945,24.7549991607666,0.0,83392400,-0.0909262522698538,0.0082675833518411,AAPL,Apple,Stock
2016-06-09,22.665740966796875,24.912500381469727,0.0,24.997499465942383,24.614999771118164,24.625,0.0,106405600,0.7150584207121626,0.5113085450313721,AAPL,Apple,Stock
2016-06-10,22.47922706604004,24.707500457763672,0.0,24.837499618530273,24.6200008392334,24.63249969482422,0.0,126851600,-0.8262934722792992,0.682760902331381,AAPL,Apple,Stock
2016-06-13,22.140317916870117,24.334999084472656,0.0,24.780000686645508,24.274999618530273,24.67250061035156,0.0,152082000,-1.5191354684812934,2.3077725715978787,AAPL,Apple,Stock
2016-06-14,22.16761589050293,24.364999771118164,0.0,24.6200008392334,24.1875,24.329999923706055,0.0,127727600,0.1232193638519479,0.0151830116280787,AAPL,Apple,Stock
2016-06-15,22.09483337402344,24.28499984741211,0.0,24.602500915527344,24.25749969482422,24.454999923706055,0.0,117780800,-0.3288682993676858,0.1081543583289938,AAPL,Apple,Stock
2016-06-16,22.188085556030273,24.387500762939453,0.0,24.4375,24.017499923706055,24.112499237060547,0.0,125307200,0.4211660933961481,0.1773808782265729,AAPL,Apple,Stock
2016-06-17,21.683141708374023,23.832500457763672,0.0,24.162500381469727,23.825000762939453,24.155000686645508,0.0,244032800,-2.3020379324607143,5.2993786424880005,AAPL,Apple,Stock
2016-06-20,21.630828857421875,23.774999618530273,0.0,24.142499923706055,23.75749969482422,24.0,0.0,137647600,-0.2415519782867815,0.0583473582142577,AAPL,Apple,Stock
2016-06-21,21.815065383911133,23.977500915527344,0.0,24.087499618530273,23.670000076293945,23.73500061035156,0.0,142185600,0.8481244733147519,0.7193151222354254,AAPL,Apple,Stock
2016-06-22,21.733179092407227,23.887500762939453,0.0,24.22249984741211,23.837499618530273,24.0625,0.0,116876400,-0.3760720506580191,0.1414301872861276,AAPL,Apple,Stock
2016-06-23,21.85828399658203,24.024999618530273,0.0,24.072500228881836,23.8125,23.98500061035156,0.0,128960800,0.5739896704042832,0.3294641417308176,AAPL,Apple,Stock
2016-06-24,21.244157791137695,23.350000381469727,0.0,23.665000915527344,23.162500381469727,23.227500915527344,0.0,301245600,-2.84980498731633,8.121388465733027,AAPL,Apple,Stock
2016-06-27,20.934810638427734,23.010000228881836,0.0,23.262500762939453,22.875,23.25,0.0,181958400,-1.4668575879687955,2.1516711833816324,AAPL,Apple,Stock
2016-06-28,21.287370681762695,23.397499084472656,0.0,23.415000915527344,23.03499984741211,23.225000381469727,0.0,161779600,1.6700616911180828,2.7891060521401907,AAPL,Apple,Stock
2016-06-29,21.471603393554688,23.600000381469727,0.0,23.637500762939453,23.407499313354492,23.49250030517578,0.0,146124000,0.8617318625632066,0.7425818029566531,AAPL,Apple,Stock
2016-06-30,21.744550704956055,23.899999618530273,0.0,23.9424991607666,23.575000762939453,23.61000061035156,0.0,143345600,1.2631894090665656,1.5956474831779393,AAPL,Apple,Stock
2016-07-01,21.810508728027344,23.97249984741211,0.0,24.11750030517578,23.832500457763672,23.872499465942383,0.0,104106000,0.3028721546943415,0.0917315420891931,AAPL,Apple,Stock
2016-07-05,21.605806350708008,23.747499465942383,0.0,23.850000381469727,23.614999771118164,23.84749984741211,0.0,110820800,-0.9429814290517914,0.8892139755365587,AAPL,Apple,Stock
2016-07-06,21.728628158569336,23.88249969482422,0.0,23.915000915527344,23.592500686645508,23.649999618530273,0.0,123796400,0.5668569955273492,0.3213268533782932,AAPL,Apple,Stock
2016-07-07,21.82189178466797,23.98500061035156,0.0,24.125,23.905000686645508,23.924999237060547,0.0,100558400,0.4283015164496139,0.1834421889930388,AAPL,Apple,Stock
2016-07-08,21.990198135375977,24.170000076293945,0.0,24.22249984741211,24.012500762939453,24.122499465942383,0.0,115648400,0.7683138556047383,0.5903061807142187,AAPL,Apple,Stock
2016-07-11,22.058439254760746,24.2450008392334,0.0,24.412500381469727,24.1825008392334,24.1875,0.0,95179600,0.3098446536511592,0.0960037093962068,AAPL,Apple,Stock
2016-07-12,22.15851402282715,24.354999542236328,0.0,24.424999237060547,24.280000686645508,24.292499542236328,0.0,96670000,0.4526541587442508,0.2048957874284654,AAPL,Apple,Stock
2016-07-13,22.033416748046875,24.217500686645508,0.0,24.417499542236328,24.209999084472656,24.352500915527344,0.0,103568800,-0.5661558874924079,0.320532488942316,AAPL,Apple,Stock
2016-07-14,22.470134735107425,24.697500228881836,0.0,24.747499465942383,24.329999923706055,24.34749984741211,0.0,155676000,1.9626838377090636,3.852127846804378,AAPL,Apple,Stock
2016-07-15,22.467853546142575,24.69499969482422,0.0,24.825000762939453,24.625,24.729999542236328,0.0,120548000,-0.0101526083122679,0.0001030754555423,AAPL,Apple,Stock
2016-07-18,22.706687927246097,24.957500457763672,0.0,25.032499313354492,24.649999618530273,24.674999237060547,0.0,145975600,1.0573947122262382,1.118083577444009,AAPL,Apple,Stock
2016-07-19,22.71578025817871,24.967500686645508,0.0,25.0,24.834999084472656,24.88999938964844,0.0,95119600,0.0400345089876705,0.0016027619098838,AAPL,Apple,Stock
2016-07-20,22.736255645751953,24.989999771118164,0.0,25.114999771118164,24.934999465942383,25.0,0.0,105104000,0.0900966856647704,0.0081174127677764,AAPL,Apple,Stock
2016-07-21,22.61570167541504,24.857500076293945,0.0,25.25,24.782499313354492,24.957500457763672,0.0,130808000,-0.5316385946804187,0.2826395953537706,AAPL,Apple,Stock
2016-07-22,22.44055557250977,24.665000915527344,0.0,24.825000762939453,24.57749938964844,24.815000534057617,0.0,113254800,-0.7774590958827747,0.6044426457708615,AAPL,Apple,Stock
2016-07-25,22.140317916870117,24.334999084472656,0.0,24.709999084472656,24.229999542236328,24.5625,0.0,161531600,-1.3469551914961797,1.81428828789851,AAPL,Apple,Stock
2016-07-26,21.987924575805664,24.167499542236328,0.0,24.49250030517578,24.104999542236328,24.204999923706055,0.0,224959200,-0.6906866817271041,0.477048092315198,AAPL,Apple,Stock
2016-07-27,23.416336059570312,25.737499237060547,0.0,26.087499618530273,25.6875,26.0674991607666,0.0,369379200,6.294048124454703,39.61504179295176,AAPL,Apple,Stock
2016-07-28,23.73248863220215,26.084999084472656,0.0,26.112499237060547,25.704999923706055,25.707500457763672,0.0,159479200,1.341103678307064,1.798559075968737,AAPL,Apple,Stock
2016-07-29,23.70292854309082,26.052499771118164,0.0,26.137500762939453,25.920000076293945,26.04750061035156,0.0,110934800,-0.1246330050329064,0.0155333859435324,AAPL,Apple,Stock
2016-08-01,24.121440887451172,26.512500762939453,0.0,26.537500381469727,26.102500915527344,26.102500915527344,0.0,152671600,1.7502500634120504,3.0633752844738864,AAPL,Apple,Stock
2016-08-02,23.764339447021484,26.1200008392334,0.0,26.517499923706055,26.0,26.512500762939453,0.0,135266400,-1.491499388287464,2.224570425261879,AAPL,Apple,Stock
2016-08-03,24.062301635742188,26.447500228881836,0.0,26.459999084472656,26.1924991607666,26.20249938964844,0.0,120810400,1.2460253827054553,1.5525792543462762,AAPL,Apple,Stock
2016-08-04,24.210948944091797,26.467500686645508,0.1425,26.5,26.31999969482422,26.395000457763672,0.0,109634800,0.615859824613178,0.3792833235725744,AAPL,Apple,Stock
2016-08-05,24.57914161682129,26.8700008392334,0.0,26.912500381469727,26.545000076293945,26.5674991607666,0.0,162213600,1.5093214960326684,2.278051378386292,AAPL,Apple,Stock
2016-08-08,24.78265953063965,27.092500686645508,0.0,27.092500686645508,26.790000915527344,26.8799991607666,0.0,112148800,0.8246014622612797,0.6799675715634408,AAPL,Apple,Stock
2016-08-09,24.883289337158203,27.20249938964844,0.0,27.23500061035156,27.002500534057617,27.0575008392334,0.0,105260800,0.4052271083717698,0.1642090093593461,AAPL,Apple,Stock
2016-08-10,24.698055267333984,27.0,0.0,27.225000381469727,26.940000534057617,27.177499771118164,0.0,96034000,-0.747196079919152,0.5583019818465479,AAPL,Apple,Stock
2016-08-11,24.682037353515625,26.982500076293945,0.0,27.232500076293945,26.962499618530273,27.1299991607666,0.0,109938000,-0.0648759997400651,0.0042088953422729,AAPL,Apple,Stock
2016-08-12,24.739213943481445,27.045000076293945,0.0,27.11000061035156,26.94499969482422,26.94499969482422,0.0,74641600,0.2313847341985733,0.0535388952201444,AAPL,Apple,Stock
2016-08-15,25.036510467529297,27.3700008392334,0.0,27.385000228881836,27.020000457763672,27.03499984741211,0.0,103472800,1.194558443232665,1.4269698742984482,AAPL,Apple,Stock
2016-08-16,25.01363182067871,27.344999313354492,0.0,27.5575008392334,27.302499771118164,27.407499313354492,0.0,135177600,-0.0914229106977039,0.0083581486004403,AAPL,Apple,Stock
2016-08-17,24.97705078125,27.30500030517578,0.0,27.342500686645508,27.084999084472656,27.274999618530273,0.0,101424000,-0.1463514561276763,0.0214187487106911,AAPL,Apple,Stock
2016-08-18,24.94502830505371,27.270000457763672,0.0,27.399999618530273,27.2549991607666,27.3075008392334,0.0,87938800,-0.1282898516020902,0.0164582860240863,AAPL,Apple,Stock
2016-08-19,25.009056091308594,27.34000015258789,0.0,27.42250061035156,27.09000015258789,27.1924991607666,0.0,101472400,0.2563466915310886,0.065713626258935,AAPL,Apple,Stock
2016-08-22,24.814680099487305,27.127500534057617,0.0,27.274999618530273,26.962499618530273,27.21500015258789,0.0,103280800,-0.7802585386837386,0.6088033871888833,AAPL,Apple,Stock
2016-08-23,24.89243507385254,27.212499618530273,0.0,27.329999923706055,27.13249969482422,27.147499084472656,0.0,85030800,0.3128527475962633,0.0978768416785312,AAPL,Apple,Stock
2016-08-24,24.704914093017575,27.00749969482422,0.0,27.1875,26.920000076293945,27.142499923706055,0.0,94700400,-0.7561770035184254,0.5718036606501048,AAPL,Apple,Stock
2016-08-25,24.599712371826172,26.892499923706055,0.0,26.969999313354492,26.670000076293945,26.84749984741211,0.0,100344800,-0.4267424312319405,0.1821091026137475,AAPL,Apple,Stock
2016-08-26,24.45563316345215,26.73500061035156,0.0,26.987499237060547,26.57749938964844,26.852500915527344,0.0,111065200,-0.5874166050582794,0.3450582678981946,AAPL,Apple,Stock
2016-08-29,24.428199768066406,26.704999923706055,0.0,26.86000061035156,26.572500228881836,26.655000686645508,0.0,99881200,-0.1122391458302303,0.0125976258566997,AAPL,Apple,Stock
2016-08-30,24.240673065185547,26.5,0.0,26.625,26.375,26.450000762939453,0.0,99455600,-0.7706265627688685,0.5938652992449609,AAPL,Apple,Stock
2016-08-31,24.2635498046875,26.524999618530273,0.0,26.642499923706055,26.40999984741211,26.415000915527344,0.0,118649600,0.0943288639408864,0.0088979345723782,AAPL,Apple,Stock
2016-09-01,24.407621383666992,26.6825008392334,0.0,26.700000762939453,26.405000686645508,26.53499984741211,0.0,106806000,0.5920219146512626,0.3504899474273469,AAPL,Apple,Stock
2016-09-02,24.636308670043945,26.9325008392334,0.0,27.0,26.704999923706055,26.924999237060547,0.0,107210000,0.93258816564917,0.8697206867088838,AAPL,Apple,Stock
2016-09-06,24.629444122314453,26.924999237060547,0.0,27.075000762939453,26.877500534057617,26.975000381469727,0.0,107521600,-0.0278674226408319,0.0007765932446427,AAPL,Apple,Stock
2016-09-07,24.780372619628903,27.09000015258789,0.0,27.190000534057617,26.767499923706055,26.957500457763672,0.0,169457200,0.6109270452473867,0.3732318546147025,AAPL,Apple,Stock
2016-09-08,24.13091087341309,26.3799991607666,0.0,26.8174991607666,26.309999465942383,26.8125,0.0,212008000,-2.65582856878356,7.053425386766932,AAPL,Apple,Stock
2016-09-09,23.584352493286133,25.782499313354492,0.0,26.43000030517578,25.782499313354492,26.15999984741211,0.0,186228000,-2.291016532734309,5.248756753261936,AAPL,Apple,Stock
2016-09-12,24.11261749267578,26.36000061035156,0.0,26.43000030517578,25.63249969482422,25.662500381469727,0.0,181171200,2.2151788722910166,4.9070174362445,AAPL,Apple,Stock
2016-09-13,24.686613082885746,26.987499237060547,0.0,27.197500228881836,26.809999465942383,26.877500534057617,0.0,248704800,2.352586535205718,5.534663405631245,AAPL,Apple,Stock
2016-09-14,25.560190200805664,27.9424991607666,0.0,28.25749969482422,27.149999618530273,27.1825008392334,0.0,443554800,3.4774954568253564,12.092974652240995,AAPL,Apple,Stock
2016-09-15,26.429201126098633,28.892499923706055,0.0,28.9325008392334,28.372499465942383,28.46500015258789,0.0,359934400,3.3433431304366836,11.177943287838165,AAPL,Apple,Stock
2016-09-16,26.280555725097656,28.729999542236328,0.0,29.032499313354492,28.510000228881836,28.780000686645508,0.0,319547600,-0.5640162426562926,0.3181143219801219,AAPL,Apple,Stock
2016-09-19,25.974117279052734,28.395000457763672,0.0,29.045000076293945,28.3125,28.79750061035156,0.0,188092000,-1.17287867797755,1.3756443932543654,AAPL,Apple,Stock
2016-09-20,25.97182846069336,28.392499923706055,0.0,28.530000686645508,28.127500534057617,28.262500762939453,0.0,138057200,-0.0088123079800063,7.765677193448364e-05,AAPL,Apple,Stock
2016-09-21,25.96725082397461,28.387500762939453,0.0,28.497499465942383,28.11000061035156,28.462499618530273,0.0,144012800,-0.0176269460053859,0.0003107092254767,AAPL,Apple,Stock
2016-09-22,26.21194839477539,28.655000686645508,0.0,28.73500061035156,28.5,28.587499618530273,0.0,124296000,0.9379192026078266,0.8796924306205013,AAPL,Apple,Stock
2016-09-23,25.775161743164062,28.177499771118164,0.0,28.697500228881836,27.887500762939453,28.604999542236328,0.0,209924800,-1.6804047333138026,2.823760067743432,AAPL,Apple,Stock
2016-09-26,25.81403160095215,28.219999313354492,0.0,28.34749984741211,27.887500762939453,27.90999984741211,0.0,119477600,0.1506899512233522,0.0227074613996962,AAPL,Apple,Stock
2016-09-27,25.862062454223633,28.272499084472656,0.0,28.295000076293945,28.084999084472656,28.25,0.0,98429600,0.1858920182760819,0.0345558424587552,AAPL,Apple,Stock
2016-09-28,26.058727264404297,28.487499237060547,0.0,28.65999984741211,28.357500076293945,28.42250061035156,0.0,118564400,0.7575607065766632,0.5738982241489332,AAPL,Apple,Stock
2016-09-29,25.653955459594727,28.045000076293945,0.0,28.450000762939453,27.950000762939453,28.290000915527344,0.0,143548000,-1.5654963160735516,2.4507787156398613,AAPL,Apple,Stock
2016-09-30,25.85290908813477,28.262500762939453,0.0,28.342500686645508,27.950000762939453,28.114999771118164,0.0,145516400,0.7725363202332151,0.5968123660794766,AAPL,Apple,Stock
2016-10-03,25.73171043395996,28.1299991607666,0.0,28.262500762939453,28.06999969482422,28.177499771118164,0.0,86807200,-0.4699031545144889,0.2208089746226676,AAPL,Apple,Stock
2016-10-04,25.841480255126953,28.25,0.0,28.57749938964844,28.157499313354492,28.26499938964844,0.0,118947200,0.4256862352734936,0.1812087709013201,AAPL,Apple,Stock
2016-10-05,25.85290908813477,28.262500762939453,0.0,28.415000915527344,28.17250061035156,28.350000381469727,0.0,85812400,0.0442169192409966,0.0019551359471648,AAPL,Apple,Stock
2016-10-06,26.045005798339844,28.47249984741211,0.0,28.584999084472656,28.282499313354492,28.424999237060547,0.0,115117200,0.7402901943689459,0.5480295718788117,AAPL,Apple,Stock
2016-10-07,26.08388328552246,28.51499938964844,0.0,28.63999938964844,28.377500534057617,28.57749938964844,0.0,97433600,0.1491591133971931,0.0222484411094367,AAPL,Apple,Stock
2016-10-10,26.538969039916992,29.012500762939453,0.0,29.1875,28.68000030517578,28.7549991607666,0.0,144944000,1.7296557671369457,2.9917090727900955,AAPL,Apple,Stock
2016-10-11,26.59613990783691,29.075000762939453,0.0,29.67250061035156,29.049999237060547,29.424999237060547,0.0,256164000,0.2151906380314352,0.0463070106963761,AAPL,Apple,Stock
2016-10-12,26.833972930908203,29.334999084472656,0.0,29.4950008392334,29.1875,29.337499618530273,0.0,150347200,0.8902642396264321,0.7925704163576293,AAPL,Apple,Stock
2016-10-13,26.751646041870117,29.2450008392334,0.0,29.36000061035156,28.93000030517578,29.197500228881836,0.0,140769600,-0.3072725682425742,0.0944164311943874,AAPL,Apple,Stock
2016-10-14,26.90028953552246,29.407499313354492,0.0,29.542499542236328,29.282499313354492,29.469999313354492,0.0,142608800,0.554104422781226,0.3070317113457156,AAPL,Apple,Stock
2016-10-17,26.88199234008789,29.387500762939453,0.0,29.459999084472656,29.19499969482422,29.332500457763672,0.0,94499600,-0.0680417249041469,0.0046296763279316,AAPL,Apple,Stock
2016-10-18,26.863706588745117,29.36750030517578,0.0,29.552499771118164,29.362499237060547,29.545000076293945,0.0,98214000,-0.068045452613943,0.0046301836214363,AAPL,Apple,Stock
2016-10-19,26.78366470336914,29.280000686645508,0.0,29.440000534057617,28.450000762939453,29.3125,0.0,80138400,-0.2984002490374354,0.0890427086256035,AAPL,Apple,Stock
2016-10-20,26.769943237304688,29.26499938964844,0.0,29.344999313354492,29.082500457763672,29.21500015258789,0.0,96503200,-0.0512438541205889,0.0026259325851322,AAPL,Apple,Stock
2016-10-21,26.664751052856445,29.149999618530273,0.0,29.227500915527344,29.06999969482422,29.20249938964844,0.0,92770800,-0.3937229237834902,0.15501774071262,AAPL,Apple,Stock
2016-10-24,26.904863357543945,29.412500381469727,0.0,29.434999465942383,29.25,29.274999618530273,0.0,94154800,0.8964556319682003,0.8036327000875054,AAPL,Apple,Stock
2016-10-25,27.042081832885746,29.5625,0.0,29.59000015258789,29.32749938964844,29.487499237060547,0.0,192516000,0.5087174845001942,0.2587934790362053,AAPL,Apple,Stock
2016-10-26,26.433767318725582,28.897499084472656,0.0,28.924999237060547,28.32749938964844,28.57749938964844,0.0,264536800,-2.2751981123683396,5.176526450524456,AAPL,Apple,Stock
2016-10-27,26.1799373626709,28.6200008392334,0.0,28.96500015258789,28.524999618530273,28.84749984741211,0.0,138248000,-0.9648890033839986,0.931010788851366,AAPL,Apple,Stock
2016-10-28,26.006128311157227,28.43000030517578,0.0,28.802499771118164,28.362499237060547,28.467500686645508,0.0,151446800,-0.6661153391883375,0.4437096451019939,AAPL,Apple,Stock
2016-10-31,25.96496963500977,28.385000228881836,0.0,28.5575008392334,28.299999237060547,28.412500381469727,0.0,105677600,-0.1583906685783922,0.02508760389271,AAPL,Apple,Stock
2016-11-01,25.49616241455078,27.872499465942383,0.0,28.4424991607666,27.63249969482422,28.364999771118164,0.0,175303200,-1.822036054502541,3.3198153839071862,AAPL,Apple,Stock
2016-11-02,25.51902198791504,27.897499084472656,0.0,28.087499618530273,27.8075008392334,27.850000381469727,0.0,113326800,0.0896187092607165,0.0080315130495568,AAPL,Apple,Stock
2016-11-03,25.245500564575195,27.457500457763672,0.1425,27.864999771118164,27.387500762939453,27.7450008392334,0.0,107730400,-1.0776190004366764,1.1612627101021415,AAPL,Apple,Stock
2016-11-04,25.01793670654297,27.209999084472656,0.0,27.5625,27.02750015258789,27.13249969482422,0.0,123348000,-0.90549085076944,0.8199136808271641,AAPL,Apple,Stock
2016-11-07,25.37881088256836,27.602500915527344,0.0,27.627500534057617,27.364999771118164,27.520000457763672,0.0,130240000,1.4321572777341207,2.0510744681668074,AAPL,Apple,Stock
2016-11-08,25.528217315673828,27.76499938964844,0.0,27.93000030517578,27.424999237060547,27.57749938964844,0.0,97016800,0.5869793125618714,0.3445447133756071,AAPL,Apple,Stock
2016-11-09,25.48684883117676,27.719999313354492,0.0,27.829999923706055,27.012500762939453,27.469999313354492,0.0,236705600,-0.1621814757450486,0.0263028310748418,AAPL,Apple,Stock
2016-11-10,24.776592254638672,26.947500228881836,0.0,27.772499084472656,26.457500457763672,27.772499084472656,0.0,228538000,-2.8263240264230514,7.988107502336209,AAPL,Apple,Stock
2016-11-11,24.92369079589844,27.107500076293945,0.0,27.217500686645508,26.637500762939453,26.780000686645508,0.0,136575600,0.5919441973203484,0.3503979327412316,AAPL,Apple,Stock
2016-11-14,24.298473358154297,26.427499771118164,0.0,26.95249938964844,26.020000457763672,26.927499771118164,0.0,204702000,-2.540526512145906,6.454274958916242,AAPL,Apple,Stock
2016-11-15,24.620277404785156,26.77750015258789,0.0,26.920000076293945,26.540000915527344,26.642499923706055,0.0,129058000,1.3156864543947444,1.731030846277814,AAPL,Apple,Stock
2016-11-16,25.282272338867188,27.497499465942383,0.0,27.5575008392334,26.649999618530273,26.674999237060547,0.0,235362000,2.6533063911777397,7.04003480546464,AAPL,Apple,Stock
2016-11-17,25.27307510375977,27.487499237060547,0.0,27.587499618530273,27.207500457763672,27.45249938964844,0.0,110528000,-0.0363848165392416,0.0013238548745942,AAPL,Apple,Stock
2016-11-18,25.298362731933594,27.51499938964844,0.0,27.635000228881836,27.415000915527344,27.43000030517578,0.0,113715600,0.10000755906371,0.0100015118698814,AAPL,Apple,Stock
2016-11-21,25.68223571777344,27.9325008392334,0.0,27.997499465942383,27.502500534057617,27.530000686645508,0.0,117058400,1.505985620655942,2.267992689622463,AAPL,Apple,Stock
2016-11-22,25.698322296142575,27.950000762939453,0.0,28.104999542236328,27.850000381469727,27.987499237060547,0.0,103862000,0.0626173771425564,0.0039209359202131,AAPL,Apple,Stock
2016-11-23,25.567304611206055,27.8075008392334,0.0,27.877500534057617,27.582500457763672,27.84000015258789,0.0,109705600,-0.5111337872374577,0.2612577484557067,AAPL,Apple,Stock
2016-11-25,25.696025848388672,27.947500228881836,0.0,27.967500686645508,27.737499237060547,27.782499313354492,0.0,45903600,0.5021972102077213,0.2522020379404182,AAPL,Apple,Stock
2016-11-28,25.64545249938965,27.892499923706055,0.0,28.11750030517578,27.84749984741211,27.857500076293945,0.0,108776000,-0.1970078267461958,0.0388120837992591,AAPL,Apple,Stock
2016-11-29,25.62017059326172,27.864999771118164,0.0,28.00749969482422,27.517499923706055,27.69499969482422,0.0,114115200,-0.0986310383149906,0.0097280817190931,AAPL,Apple,Stock
2016-11-30,25.404102325439453,27.6299991607666,0.0,28.049999237060547,27.5674991607666,27.899999618530273,0.0,144649200,-0.846928518477103,0.7172879154098206,AAPL,Apple,Stock
2016-12-01,25.167341232299805,27.372499465942383,0.0,27.73500061035156,27.25749969482422,27.592500686645508,0.0,148347600,-0.936349869881266,0.8767510788266638,AAPL,Apple,Stock
2016-12-02,25.261585235595703,27.475000381469727,0.0,27.522499084472656,27.212499618530273,27.292499542236328,0.0,106112000,0.3737700546720219,0.1397040537695262,AAPL,Apple,Stock
2016-12-05,25.079994201660156,27.27750015258789,0.0,27.50749969482422,27.0625,27.5,0.0,137298000,-0.7214387135893644,0.5204738174654769,AAPL,Apple,Stock
2016-12-06,25.27307510375977,27.487499237060547,0.0,27.59000015258789,27.29750061035156,27.375,0.0,104782000,0.7669119325044307,0.5881539122176804,AAPL,Apple,Stock
2016-12-07,25.521326065063477,27.75749969482422,0.0,27.79750061035156,27.290000915527344,27.315000534057617,0.0,119994800,0.9774815027815948,0.955470088280165,AAPL,Apple,Stock
2016-12-08,25.771879196166992,28.030000686645508,0.0,28.107500076293945,27.649999618530273,27.71500015258789,0.0,108273200,0.9769524935413928,0.9544361746367452,AAPL,Apple,Stock
2016-12-09,26.192514419555664,28.487499237060547,0.0,28.674999237060547,28.07749938964844,28.07749938964844,0.0,137610400,1.6189716907950007,2.621069335595623,AAPL,Apple,Stock
2016-12-12,26.043115615844727,28.325000762939453,0.0,28.75,28.122499465942383,28.322500228881836,0.0,105497600,-0.5720203278078063,0.3272072554253502,AAPL,Apple,Stock
2016-12-13,26.477548599243164,28.79750061035156,0.0,28.979999542236328,28.4375,28.459999084472656,0.0,174935200,1.6543693737078184,2.7369380246623995,AAPL,Apple,Stock
2016-12-14,26.477548599243164,28.79750061035156,0.0,29.049999237060547,28.7450008392334,28.760000228881836,0.0,136127200,0.0,0.0,AAPL,Apple,Stock
2016-12-15,26.622358322143555,28.954999923706055,0.0,29.1825008392334,28.8075008392334,28.844999313354492,0.0,186098000,0.5454249933359324,0.2974884233555019,AAPL,Apple,Stock
2016-12-16,26.656829833984375,28.99250030517578,0.0,29.125,28.912500381469727,29.11750030517578,0.0,177404400,0.1293995567267282,0.0167442452810737,AAPL,Apple,Stock
2016-12-19,26.81084251403809,29.15999984741211,0.0,29.344999313354492,28.9375,28.950000762939453,0.0,111117600,0.5760980392421908,0.3318889508186968,AAPL,Apple,Stock
2016-12-20,26.882095336914062,29.237499237060547,0.0,29.375,29.170000076293945,29.184999465942383,0.0,85700000,0.2654087019794928,0.0704417790864392,AAPL,Apple,Stock
2016-12-21,26.90738296508789,29.26499938964844,0.0,29.350000381469727,29.19499969482422,29.200000762939453,0.0,95132800,0.0940244480336233,0.0088405968280275,AAPL,Apple,Stock
2016-12-22,26.730398178100582,29.072500228881836,0.0,29.127500534057617,28.90999984741211,29.087499618530273,0.0,104343600,-0.6599282279385227,0.4355052660300788,AAPL,Apple,Stock
2016-12-23,26.78325843811035,29.1299991607666,0.0,29.1299991607666,28.897499084472656,28.897499084472656,0.0,56998000,0.1975580834676025,0.0390291963433922,AAPL,Apple,Stock
2016-12-27,26.95336151123047,29.315000534057617,0.0,29.450000762939453,29.122499465942383,29.1299991607666,0.0,73187600,0.6331013802095122,0.4008173576231894,AAPL,Apple,Stock
2016-12-28,26.83843040466309,29.190000534057617,0.0,29.5049991607666,29.049999237060547,29.3799991607666,0.0,83623600,-0.4273190290271481,0.1826015525687046,AAPL,Apple,Stock
2016-12-29,26.831531524658203,29.1825008392334,0.0,29.27750015258789,29.100000381469727,29.112499237060547,0.0,60158000,-0.0257085333951399,0.000660928689329,AAPL,Apple,Stock
2016-12-30,26.622358322143555,28.954999923706055,0.0,29.299999237060547,28.857500076293945,29.162500381469727,0.0,122345200,-0.7826344192983291,0.6125166342704328,AAPL,Apple,Stock
2017-01-03,26.698211669921875,29.037500381469727,0.0,29.082500457763672,28.690000534057617,28.950000762939453,0.0,115127600,0.2845183348919042,0.0809506828896617,AAPL,Apple,Stock
2017-01-04,26.668325424194336,29.0049991607666,0.0,29.127500534057617,28.9375,28.962499618530273,0.0,84472400,-0.1120037029914412,0.0125448294837949,AAPL,Apple,Stock
2017-01-05,26.803945541381836,29.15250015258789,0.0,29.21500015258789,28.95249938964844,28.979999542236328,0.0,88774400,0.5072550895605258,0.257307725885057,AAPL,Apple,Stock
2017-01-06,27.102766036987305,29.477500915527344,0.0,29.540000915527344,29.11750030517578,29.19499969482422,0.0,127007600,1.1086692088489547,1.2291474146497672,AAPL,Apple,Stock
2017-01-09,27.351016998291016,29.747499465942383,0.0,29.857500076293945,29.48500061035156,29.487499237060547,0.0,134247600,0.9117922295082476,0.8313650697916211,AAPL,Apple,Stock
2017-01-10,27.37859535217285,29.77750015258789,0.0,29.844999313354492,29.575000762939453,29.6924991607666,0.0,97848400,0.1007803820697294,0.0101566854101206,AAPL,Apple,Stock
2017-01-11,27.525705337524418,29.9375,0.0,29.982500076293945,29.649999618530273,29.684999465942383,0.0,110354400,0.5358791043524124,0.2871664144815437,AAPL,Apple,Stock
2017-01-12,27.410778045654297,29.8125,0.0,29.825000762939453,29.552499771118164,29.725000381469727,0.0,108344800,-0.4184012242932372,0.1750595844900798,AAPL,Apple,Stock
2017-01-13,27.36250877380371,29.760000228881836,0.0,29.905000686645508,29.70249938964844,29.77750015258789,0.0,104447600,-0.1762511879383403,0.0310644812496761,AAPL,Apple,Stock
2017-01-17,27.583171844482425,30.0,0.0,30.059999465942383,29.55500030517578,29.584999084472656,0.0,137759200,0.8032087491635947,0.6451442947329464,AAPL,Apple,Stock
2017-01-18,27.580875396728516,29.997499465942383,0.0,30.125,29.927499771118164,30.0,0.0,94852000,-0.0083258856812697,6.932037237757269e-05,AAPL,Apple,Stock
2017-01-19,27.53260803222656,29.94499969482422,0.0,30.022499084472656,29.842500686645508,29.850000381469727,0.0,102389200,-0.1751563277774798,0.0306797391604919,AAPL,Apple,Stock
2017-01-20,27.583171844482425,30.0,0.0,30.112499237060547,29.9325008392334,30.112499237060547,0.0,130391600,0.1834822134587459,0.0336657226557208,AAPL,Apple,Stock
2017-01-23,27.601552963256836,30.020000457763672,0.0,30.20249938964844,29.9424991607666,30.0,0.0,88200800,0.0666166933629335,0.0044377838346111,AAPL,Apple,Stock
2017-01-24,27.576276779174805,29.99250030517578,0.0,30.024999618530273,29.875,29.887500762939453,0.0,92844000,-0.0916171801900355,0.0083937077059734,AAPL,Apple,Stock
2017-01-25,28.015310287475582,30.469999313354492,0.0,30.524999618530273,30.06999969482422,30.104999542236328,0.0,129510400,1.5795290595068865,2.494912049826709,AAPL,Apple,Stock
2017-01-26,28.02910041809082,30.48500061035156,0.0,30.61000061035156,30.399999618530273,30.417499542236328,0.0,105350400,0.049211440427073,0.0024217658689073,AAPL,Apple,Stock
2017-01-27,28.031394958496097,30.487499237060547,0.0,30.587499618530273,30.399999618530273,30.53499984741211,0.0,82251600,0.008185944098917,6.700968079059562e-05,AAPL,Apple,Stock
2017-01-30,27.957843780517575,30.407499313354492,0.0,30.407499313354492,30.165000915527344,30.232500076293945,0.0,121510000,-0.2627334178661381,0.0690288488636227,AAPL,Apple,Stock
2017-01-31,27.89348602294922,30.337499618530273,0.0,30.34749984741211,30.155000686645508,30.287500381469727,0.0,196804000,-0.2304610696996066,0.0531123046470869,AAPL,Apple,Stock
2017-02-01,29.59444808959961,32.1875,0.0,32.622501373291016,31.752500534057617,31.75749969482422,0.0,447940000,5.919359350940543,35.03881512556725,AAPL,Apple,Stock
2017-02-02,29.543874740600582,32.13249969482422,0.0,32.34749984741211,31.94499969482422,31.9950008392334,0.0,134841600,-0.171034141338819,0.0292526775035071,AAPL,Apple,Stock
2017-02-03,29.67030143737793,32.27000045776367,0.0,32.29750061035156,32.040000915527344,32.07749938964844,0.0,98029200,0.427015613643297,0.1823423342951615,AAPL,Apple,Stock
2017-02-06,29.94843101501465,32.5724983215332,0.0,32.625,32.224998474121094,32.282501220703125,0.0,107383600,0.9330342458280818,0.8705529038879773,AAPL,Apple,Stock
2017-02-07,30.233448028564453,32.88249969482422,0.0,33.022499084472656,32.61249923706055,32.6349983215332,0.0,152735200,0.9471925735490534,0.8971737713864789,AAPL,Apple,Stock
2017-02-08,30.350683212280273,33.0099983215332,0.0,33.05500030517578,32.80500030517578,32.837501525878906,0.0,92016400,0.3870166251311069,0.1497818681278717,AAPL,Apple,Stock
2017-02-09,30.56999397277832,33.10499954223633,0.1425,33.11249923706055,32.779998779296875,32.912498474121094,0.0,113399600,0.7199910376239832,0.51838709425886,AAPL,Apple,Stock
2017-02-10,30.5007381439209,33.029998779296875,0.0,33.23500061035156,33.01250076293945,33.1150016784668,0.0,80262000,-0.2268053980854288,0.0514406886006898,AAPL,Apple,Stock
2017-02-13,30.77083969116211,33.3224983215332,0.0,33.45500183105469,33.1875,33.27000045776367,0.0,92141600,0.8816593481596111,0.7773232061972304,AAPL,Apple,Stock
2017-02-14,31.17022705078125,33.755001068115234,0.0,33.772499084472656,33.3125,33.36750030517578,0.0,132904800,1.2895899783312343,1.6630423122123534,AAPL,Apple,Stock
2017-02-15,31.28333282470703,33.877498626708984,0.0,34.067501068115234,33.654998779296875,33.880001068115234,0.0,142492400,0.362208008025523,0.1311946410778173,AAPL,Apple,Stock
2017-02-16,31.246410369873047,33.837501525878906,0.0,33.974998474121094,33.709999084472656,33.91749954223633,0.0,90338400,-0.118095668521373,0.01394658692351,AAPL,Apple,Stock
2017-02-17,31.33182716369629,33.93000030517578,0.0,33.95750045776367,33.775001525878906,33.775001525878906,0.0,88792800,0.2729921782300371,0.0745247293747803,AAPL,Apple,Stock
2017-02-21,31.55806350708008,34.17499923706055,0.0,34.1875,33.994998931884766,34.057498931884766,0.0,98028800,0.7194711801079446,0.5176387790059185,AAPL,Apple,Stock
2017-02-22,31.65271759033203,34.27750015258789,0.0,34.279998779296875,34.02750015258789,34.10749816894531,0.0,83347600,0.2994873733777655,0.0896926868127131,AAPL,Apple,Stock
2017-02-23,31.518829345703125,34.13249969482422,0.0,34.369998931884766,34.07500076293945,34.345001220703125,0.0,83152800,-0.4238884485172629,0.1796814167863722,AAPL,Apple,Stock
2017-02-24,31.54882049560547,34.165000915527344,0.0,34.165000915527344,33.81999969482422,33.977500915527344,0.0,87106400,0.0951078793597512,0.0090455087163089,AAPL,Apple,Stock
2017-02-27,31.61115264892578,34.23249816894531,0.0,34.36000061035156,34.06999969482422,34.28499984741211,0.0,81029600,0.1973787208996866,0.0389583594639963,AAPL,Apple,Stock
2017-02-28,31.625015258789062,34.247501373291016,0.0,34.36000061035156,34.17499923706055,34.27000045776367,0.0,93931600,0.0438439283847214,0.0019222900562045,AAPL,Apple,Stock
2017-03-01,32.27140808105469,34.9474983215332,0.0,35.037498474121094,34.400001525878906,34.47249984741211,0.0,145658400,2.0233209940976526,4.093827845156313,AAPL,Apple,Stock
2017-03-02,32.07979965209961,34.7400016784668,0.0,35.06999969482422,34.689998626708984,35.0,0.0,104844000,-0.5955101759826645,0.3546323696989041,AAPL,Apple,Stock
2017-03-03,32.269100189208984,34.94499969482422,0.0,34.95750045776367,34.647499084472656,34.69499969482422,0.0,84432400,0.58835841375289,0.3461656230338168,AAPL,Apple,Stock
2017-03-06,32.16752243041992,34.834999084472656,0.0,34.942501068115234,34.650001525878906,34.842498779296875,0.0,87000000,-0.3152798480146251,0.0994013825641251,AAPL,Apple,Stock
2017-03-07,32.20907974243164,34.880001068115234,0.0,34.994998931884766,34.6974983215332,34.76499938964844,0.0,69785200,0.1291069002761337,0.0166685916989115,AAPL,Apple,Stock
2017-03-08,32.08903503417969,34.75,0.0,34.95000076293945,34.70500183105469,34.73749923706055,0.0,74828800,-0.3734008318878937,0.139428181254571,AAPL,Apple,Stock
2017-03-09,32.01515579223633,34.66999816894531,0.0,34.6974983215332,34.26250076293945,34.685001373291016,0.0,88623600,-0.2304974876069601,0.0531290917931207,AAPL,Apple,Stock
2017-03-10,32.121334075927734,34.78499984741211,0.0,34.84000015258789,34.65999984741211,34.8125,0.0,78451200,0.3311013150568596,0.1096280808323817,AAPL,Apple,Stock
2017-03-13,32.13520431518555,34.79999923706055,0.0,34.85749816894531,34.70500183105469,34.712501525878906,0.0,69686800,0.0431714493825027,0.0018637740417859,AAPL,Apple,Stock
2017-03-14,32.08673095703125,34.747501373291016,0.0,34.912498474121094,34.709999084472656,34.82500076293945,0.0,61236400,-0.1509557977466234,0.0227876528733194,AAPL,Apple,Stock
2017-03-15,32.42607498168945,35.1150016784668,0.0,35.1875,34.75749969482422,34.852500915527344,0.0,102767200,1.05203036670589,1.1067678924713296,AAPL,Apple,Stock
2017-03-16,32.47918701171875,35.17250061035156,0.0,35.255001068115234,35.064998626708984,35.18000030517578,0.0,76928000,0.1636602033578992,0.0267846621631489,AAPL,Apple,Stock
2017-03-17,32.31757736206055,34.997501373291016,0.0,35.25,34.97249984741211,35.25,0.0,175540000,-0.4988211566455957,0.2488225463172499,AAPL,Apple,Stock
2017-03-20,32.65694046020508,35.3650016784668,0.0,35.375,35.057498931884766,35.099998474121094,0.0,86168000,1.044613166829948,1.091216668314493,AAPL,Apple,Stock
2017-03-21,32.28295135498047,34.959999084472656,0.0,35.70000076293945,34.932498931884766,35.52750015258789,0.0,158119600,-1.151813560027168,1.3266744770624583,AAPL,Apple,Stock
2017-03-22,32.647705078125,35.35499954223633,0.0,35.400001525878906,34.939998626708984,34.962501525878906,0.0,103440800,1.1235295625702697,1.2623186779693412,AAPL,Apple,Stock
2017-03-23,32.53227615356445,35.22999954223633,0.0,35.39500045776367,35.15250015258789,35.314998626708984,0.0,81385200,-0.3541855736934267,0.1254474206125418,AAPL,Apple,Stock
2017-03-24,32.467647552490234,35.15999984741211,0.0,35.435001373291016,35.087501525878906,35.375,0.0,89582400,-0.1988575330147534,0.0395443184367137,AAPL,Apple,Stock
2017-03-27,32.523048400878906,35.220001220703125,0.0,35.30500030517578,34.654998779296875,34.84749984741211,0.0,94300400,0.1704885937753276,0.0290663606074886,AAPL,Apple,Stock
2017-03-28,33.1971435546875,35.95000076293945,0.0,36.0099983215332,35.154998779296875,35.227500915527344,0.0,133499200,2.051481516081286,4.208576410823172,AAPL,Apple,Stock
2017-03-29,33.27101516723633,36.029998779296875,0.0,36.122501373291016,35.79750061035156,35.91999816894531,0.0,116760000,0.2222767845056371,0.0494069689301654,AAPL,Apple,Stock
2017-03-30,33.22715377807617,35.98249816894531,0.0,36.125,35.875,36.04750061035156,0.0,84829200,-0.1319176037973436,0.0174022541916329,AAPL,Apple,Stock
2017-03-31,33.164825439453125,35.915000915527344,0.0,36.067501068115234,35.752498626708984,35.93000030517578,0.0,78646800,-0.1877586951565541,0.0352533276068918,AAPL,Apple,Stock
2017-04-03,33.17404556274414,35.92499923706055,0.0,36.029998779296875,35.76250076293945,35.9275016784668,0.0,79942800,0.0277970463201824,0.0007726757841263,AAPL,Apple,Stock
2017-04-04,33.42106246948242,36.192501068115234,0.0,36.22249984741211,35.79249954223633,35.8125,0.0,79565600,0.74185040583635,0.5503420246395572,AAPL,Apple,Stock
2017-04-05,33.247928619384766,36.005001068115234,0.0,36.3650016784668,35.95249938964844,36.05500030517578,0.0,110871600,-0.5193846088720064,0.2697603719331271,AAPL,Apple,Stock
2017-04-06,33.164825439453125,35.915000915527344,0.0,36.130001068115234,35.86249923706055,36.0724983215332,0.0,84596000,-0.2502628432845286,0.0626314907288565,AAPL,Apple,Stock
2017-04-07,33.09096145629883,35.834999084472656,0.0,36.04499816894531,35.817501068115234,35.932498931884766,0.0,66688800,-0.2229662259421743,0.0497139379108967,AAPL,Apple,Stock
2017-04-10,33.051700592041016,35.79249954223633,0.0,35.970001220703125,35.724998474121094,35.900001525878906,0.0,75733600,-0.118715720392739,0.0140934222683669,AAPL,Apple,Stock
2017-04-11,32.69619369506836,35.407501220703125,0.0,35.837501525878906,35.01499938964844,35.73500061035156,0.0,121517600,-1.0814349738081883,1.1695016025755174,AAPL,Apple,Stock
2017-04-12,32.73543167114258,35.45000076293945,0.0,35.537498474121094,35.252498626708984,35.400001525878906,0.0,81400000,0.1199358278451293,0.0143846028008964,AAPL,Apple,Stock
2017-04-13,32.562286376953125,35.26250076293945,0.0,35.595001220703125,35.26250076293945,35.477500915527344,0.0,71291600,-0.530326955273451,0.2812466794896088,AAPL,Apple,Stock
2017-04-17,32.742347717285156,35.45750045776367,0.0,35.470001220703125,35.217498779296875,35.369998931884766,0.0,66328400,0.5514518200226636,0.3040991098063081,AAPL,Apple,Stock
2017-04-18,32.59690856933594,35.29999923706055,0.0,35.5099983215332,35.27750015258789,35.352500915527344,0.0,58790000,-0.4451822577002676,0.1981872425711074,AAPL,Apple,Stock
2017-04-19,32.476863861083984,35.16999816894531,0.0,35.5,35.11249923706055,35.470001220703125,0.0,69313600,-0.3689500084080834,0.1361241087043248,AAPL,Apple,Stock
2017-04-20,32.883182525634766,35.61000061035156,0.0,35.72999954223633,35.290000915527344,35.30500030517578,0.0,93278400,1.2433403015561,1.5458951054736136,AAPL,Apple,Stock
2017-04-21,32.843936920166016,35.567501068115234,0.0,35.66999816894531,35.462501525878906,35.61000061035156,0.0,69283600,-0.1194198390670555,0.0142610979628014,AAPL,Apple,Stock
2017-04-24,33.16019821166992,35.90999984741211,0.0,35.98749923706055,35.79499816894531,35.875,0.0,68537200,0.9583148426549404,0.9183673376527628,AAPL,Apple,Stock
2017-04-25,33.36567306518555,36.13249969482422,0.0,36.224998474121094,35.967498779296875,35.977500915527344,0.0,75486000,0.6177311261538988,0.381591744219364,AAPL,Apple,Stock
2017-04-26,33.169437408447266,35.91999816894531,0.0,36.150001525878906,35.845001220703125,36.11750030517578,0.0,80164800,-0.5898726983162681,0.347949800218915,AAPL,Apple,Stock
2017-04-27,33.1948356628418,35.9474983215332,0.0,36.040000915527344,35.82749938964844,35.97999954223633,0.0,56985200,0.0765419538529374,0.0058586706996251,AAPL,Apple,Stock
2017-04-28,33.16250991821289,35.912498474121094,0.0,36.07500076293945,35.817501068115234,36.022499084472656,0.0,83441600,-0.0974292955902348,0.0094924676392093,AAPL,Apple,Stock
2017-05-01,33.83891677856445,36.64500045776367,0.0,36.79999923706055,36.2400016784668,36.275001525878906,0.0,134411600,2.019150559300505,4.0769689811235414,AAPL,Apple,Stock
2017-05-02,34.053619384765625,36.877498626708984,0.0,37.022499084472656,36.709999084472656,36.8849983215332,0.0,181408800,0.6324798985699334,0.4000308220950332,AAPL,Apple,Stock
2017-05-03,33.949745178222656,36.76499938964844,0.0,36.872501373291016,36.067501068115234,36.397499084472656,0.0,182788000,-0.3054974941241277,0.0933287189161214,AAPL,Apple,Stock
2017-05-04,33.8273811340332,36.63249969482422,0.0,36.78499984741211,36.45249938964844,36.630001068115234,0.0,93487600,-0.3610780916604606,0.13037738827716,AAPL,Apple,Stock
2017-05-05,34.38836669921875,37.2400016784668,0.0,37.244998931884766,36.689998626708984,36.689998626708984,0.0,109310800,1.6447762572366738,2.705288936369481,AAPL,Apple,Stock
2017-05-08,35.32332229614258,38.252498626708984,0.0,38.42499923706055,37.25749969482422,37.25749969482422,0.0,195009600,2.6825104220624203,7.195862164473504,AAPL,Apple,Stock
2017-05-09,35.54956817626953,38.497501373291016,0.0,38.720001220703125,38.36249923706055,38.467498779296875,0.0,156521600,0.6384575178266144,0.4076280020693216,AAPL,Apple,Stock
2017-05-10,35.38102722167969,38.314998626708984,0.0,38.48500061035156,38.02750015258789,38.407501220703125,0.0,103222800,-0.4752286959991393,0.2258423135010423,AAPL,Apple,Stock
2017-05-11,35.687034606933594,38.48749923706055,0.1575,38.51750183105469,38.07749938964844,38.11249923706055,0.0,109020400,0.8611724269642944,0.741617948963573,AAPL,Apple,Stock
2017-05-12,36.18541717529297,39.025001525878906,0.0,39.10499954223633,38.66749954223633,38.67499923706055,0.0,130108000,1.3868750663440816,1.9234224496469008,AAPL,Apple,Stock
2017-05-15,36.09269714355469,38.92499923706055,0.0,39.162498474121094,38.76250076293945,39.002498626708984,0.0,104038800,-0.2565647526176943,0.0658254722857787,AAPL,Apple,Stock
2017-05-16,36.03937911987305,38.86750030517578,0.0,39.01499938964844,38.68000030517578,38.98500061035156,0.0,80194000,-0.1478344618765154,0.0218550281183188,AAPL,Apple,Stock
2017-05-17,34.829345703125,37.5625,0.0,38.64250183105469,37.4275016784668,38.400001525878906,0.0,203070800,-3.4151906301779755,11.663527040455438,AAPL,Apple,Stock
2017-05-18,35.36018371582031,38.1349983215332,0.0,38.334999084472656,37.782501220703125,37.817501068115234,0.0,134272800,1.5126134577632269,2.287999472606425,AAPL,Apple,Stock
2017-05-19,35.48072052001953,38.26499938964844,0.0,38.494998931884766,38.157501220703125,38.345001220703125,0.0,107843200,0.3403031675660263,0.115806245855471,AAPL,Apple,Stock
2017-05-22,35.69630432128906,38.497501373291016,0.0,38.64500045776367,38.227500915527344,38.5,0.0,91865600,0.6057698000155155,0.3669570506108376,AAPL,Apple,Stock
2017-05-23,35.65225601196289,38.45000076293945,0.0,38.724998474121094,38.32749938964844,38.724998474121094,0.0,79675600,-0.1234735913847974,0.0152457277694599,AAPL,Apple,Stock
2017-05-24,35.54561233520508,38.334999084472656,0.0,38.54249954223633,38.16749954223633,38.459999084472656,0.0,76712000,-0.299570082608308,0.0897422343939484,AAPL,Apple,Stock
2017-05-25,35.66849136352539,38.467498779296875,0.0,38.587501525878906,38.25749969482422,38.432498931884766,0.0,76942400,0.3450977935209869,0.1190924870930537,AAPL,Apple,Stock
2017-05-26,35.608219146728516,38.40250015258789,0.0,38.560001373291016,38.32749938964844,38.5,0.0,87710400,-0.1691218091614374,0.0286021863340376,AAPL,Apple,Stock
2017-05-30,35.622127532958984,38.41749954223633,0.0,38.60749816894531,38.33250045776367,38.35499954223633,0.0,80507600,0.0390518565626794,0.001525047500992,AAPL,Apple,Stock
2017-05-31,35.41117477416992,38.189998626708984,0.0,38.54249954223633,38.095001220703125,38.49250030517578,0.0,97804800,-0.5939562771548438,0.3527840591716416,AAPL,Apple,Stock
2017-06-01,35.50852584838867,38.29499816894531,0.0,38.33250045776367,38.05500030517578,38.29249954223633,0.0,65616400,0.2745390477120334,0.0753716887186301,AAPL,Apple,Stock
2017-06-02,36.03473663330078,38.86249923706055,0.0,38.86249923706055,38.22249984741211,38.39500045776367,0.0,111082800,1.4710547323891867,2.1640020256846215,AAPL,Apple,Stock
2017-06-05,35.6823844909668,38.48249816894531,0.0,38.61249923706055,38.3650016784668,38.584999084472656,0.0,101326800,-0.982624433110146,0.965550776545036,AAPL,Apple,Stock
2017-06-06,35.80292892456055,38.61249923706055,0.0,38.95249938964844,38.44499969482422,38.474998474121094,0.0,106499600,0.3372568212752695,0.1137421634966991,AAPL,Apple,Stock
2017-06-07,36.016197204589844,38.842498779296875,0.0,38.994998931884766,38.619998931884766,38.755001068115234,0.0,84278400,0.5939056025795826,0.352723864775417,AAPL,Apple,Stock
2017-06-08,35.92810821533203,38.747501373291016,0.0,38.8849983215332,38.599998474121094,38.8125,0.0,85003200,-0.2448811834759502,0.059966794020582,AAPL,Apple,Stock
2017-06-09,34.534934997558594,37.244998931884766,0.0,38.79750061035156,36.505001068115234,38.79750061035156,0.0,259530800,-3.95485274664308,15.640860247630313,AAPL,Apple,Stock
2017-06-12,33.709693908691406,36.35499954223633,0.0,36.522499084472656,35.627498626708984,36.435001373291016,0.0,289229200,-2.4185971248927953,5.849612052539696,AAPL,Apple,Stock
2017-06-13,33.98091125488281,36.647499084472656,0.0,36.86249923706055,36.287498474121094,36.790000915527344,0.0,136661600,0.8013484202343188,0.6421592906120385,AAPL,Apple,Stock
2017-06-14,33.649417877197266,36.290000915527344,0.0,36.875,35.959999084472656,36.875,0.0,126124800,-0.9803176672588618,0.9610227287398564,AAPL,Apple,Stock
2017-06-15,33.447750091552734,36.0724983215332,0.0,36.119998931884766,35.5525016784668,35.83000183105469,0.0,128661600,-0.6011234125682616,0.3613493571377125,AAPL,Apple,Stock
2017-06-16,32.97949981689453,35.567501068115234,0.0,36.125,35.54999923706055,35.94499969482422,0.0,201444400,-1.409837171409816,1.9876408498888307,AAPL,Apple,Stock
2017-06-19,33.92295455932617,36.584999084472656,0.0,36.685001373291016,35.915000915527344,35.915000915527344,0.0,130165600,2.8205760123138375,7.955649041240229,AAPL,Apple,Stock
2017-06-20,33.61465072631836,36.252498626708984,0.0,36.717498779296875,36.23500061035156,36.717498779296875,0.0,99600400,-0.9129905428563284,0.8335517313450932,AAPL,Apple,Stock
2017-06-21,33.81401824951172,36.467498779296875,0.0,36.51750183105469,36.15250015258789,36.380001068115234,0.0,85063200,0.5913452161918629,0.349689164713001,AAPL,Apple,Stock
2017-06-22,33.75838088989258,36.407501220703125,0.0,36.67499923706055,36.279998779296875,36.442501068115234,0.0,76425200,-0.164674846241237,0.027117804984575,AAPL,Apple,Stock
2017-06-23,33.9090461730957,36.56999969482422,0.0,36.790000915527344,36.27750015258789,36.282501220703125,0.0,141757600,0.4453118397437675,0.1983026346159788,AAPL,Apple,Stock
2017-06-26,33.80241775512695,36.45500183105469,0.0,37.06999969482422,36.345001220703125,36.79249954223633,0.0,102769600,-0.3149496404979532,0.09919327604979,AAPL,Apple,Stock
2017-06-27,33.31794738769531,35.932498931884766,0.0,36.540000915527344,35.904998779296875,36.252498626708984,0.0,99047600,-1.443611875675758,2.0840152475920797,AAPL,Apple,Stock
2017-06-28,33.80473327636719,36.45750045776367,0.0,36.52750015258789,35.790000915527344,36.122501373291016,0.0,88329600,1.4504618056190024,2.1038394495595365,AAPL,Apple,Stock
2017-06-29,33.30635070800781,35.91999816894531,0.0,36.282501220703125,35.56999969482422,36.1775016784668,0.0,125997600,-1.485273969157165,2.2060387634558793,AAPL,Apple,Stock
2017-06-30,33.38517379760742,36.005001068115234,0.0,36.2400016784668,35.94499969482422,36.11249923706055,0.0,92096400,0.2363812400050602,0.0558760906263298,AAPL,Apple,Stock
2017-07-03,33.264617919921875,35.875,0.0,36.32500076293945,35.775001525878906,36.220001220703125,0.0,57111200,-0.3617595976074094,0.1308700064610747,AAPL,Apple,Stock
2017-07-05,33.40138244628906,36.022499084472656,0.0,36.1974983215332,35.68000030517578,35.92250061035156,0.0,86278400,0.4102982554195618,0.1683446584003359,AAPL,Apple,Stock
2017-07-06,33.08613967895508,35.682498931884766,0.0,35.875,35.602500915527344,35.755001068115234,0.0,96515200,-0.9482835864012188,0.8992417602379578,AAPL,Apple,Stock
2017-07-07,33.42225646972656,36.04499816894531,0.0,36.1875,35.724998474121094,35.724998474121094,0.0,76806800,1.01075855620251,1.0216328589365828,AAPL,Apple,Stock
2017-07-10,33.626251220703125,36.26499938964844,0.0,36.48749923706055,35.842498779296875,36.02750015258789,0.0,84362400,0.6085008822761523,0.3702733237308557,AAPL,Apple,Stock
2017-07-11,33.73518753051758,36.38249969482422,0.0,36.462501525878906,36.095001220703125,36.182498931884766,0.0,79127200,0.3234384740035305,0.1046124464657325,AAPL,Apple,Stock
2017-07-12,33.78388214111328,36.435001373291016,0.0,36.54499816894531,36.20500183105469,36.467498779296875,0.0,99538000,0.1442396030483728,0.0208050630875521,AAPL,Apple,Stock
2017-07-13,34.254459381103516,36.942501068115234,0.0,37.122501373291016,36.36000061035156,36.375,0.0,100797600,1.3832928116126135,1.91349900265913,AAPL,Apple,Stock
2017-07-14,34.548851013183594,37.2599983215332,0.0,37.33250045776367,36.83250045776367,36.99250030517578,0.0,80528400,0.8557536750803526,0.7323143524135297,AAPL,Apple,Stock
2017-07-17,34.669376373291016,37.38999938964844,0.0,37.724998474121094,37.14250183105469,37.20500183105469,0.0,95174000,0.3482478140965463,0.1212765400230227,AAPL,Apple,Stock
2017-07-18,34.789920806884766,37.52000045776367,0.0,37.532501220703125,37.16749954223633,37.29999923706055,0.0,71475200,0.3470940810181797,0.1204743010778547,AAPL,Apple,Stock
2017-07-19,35.0078239440918,37.755001068115234,0.0,37.85499954223633,37.48749923706055,37.619998931884766,0.0,83692000,0.6243864924640316,0.3898584919715361,AAPL,Apple,Stock
2017-07-20,34.85019302368164,37.584999084472656,0.0,37.935001373291016,37.54750061035156,37.875,0.0,68974800,-0.4512901876743718,0.2036628334911697,AAPL,Apple,Stock
2017-07-21,34.83396530151367,37.567501068115234,0.0,37.61000061035156,37.220001220703125,37.497501373291016,0.0,105010400,-0.0465750691443723,0.002169237065803,AAPL,Apple,Stock
2017-07-24,35.2558708190918,38.022499084472656,0.0,38.11000061035156,37.474998474121094,37.64500045776367,0.0,85972800,1.2039138250663743,1.4494084981859483,AAPL,Apple,Stock
2017-07-25,35.40653610229492,38.185001373291016,0.0,38.459999084472656,37.95000076293945,37.95000076293945,0.0,75415600,0.4264375304680906,0.1818489673917237,AAPL,Apple,Stock
2017-07-26,35.57345199584961,38.3650016784668,0.0,38.48249816894531,38.26499938964844,38.337501525878906,0.0,63124000,0.4703190454340951,0.2212000044980384,AAPL,Apple,Stock
2017-07-27,34.90118408203125,37.63999938964844,0.0,38.497501373291016,36.82500076293945,38.4375,0.0,129905200,-1.907887272430976,3.6400338443041087,AAPL,Apple,Stock
2017-07-28,34.65547561645508,37.375,0.0,37.557498931884766,37.29750061035156,37.47249984741211,0.0,68854800,-0.7065016884774986,0.4991446358215565,AAPL,Apple,Stock
2017-07-31,34.476985931396484,37.182498931884766,0.0,37.58250045776367,37.032501220703125,37.474998474121094,0.0,79383600,-0.5163712608088786,0.2666392789893509,AAPL,Apple,Stock
2017-08-01,34.78296661376953,37.51250076293945,0.0,37.55500030517578,37.102500915527344,37.275001525878906,0.0,141474400,0.8835774839829018,0.7807091702015551,AAPL,Apple,Stock
2017-08-02,36.42649841308594,39.28499984741211,0.0,39.9375,39.040000915527344,39.81999969482422,0.0,279747200,4.616868634473415,21.315475987984417,AAPL,Apple,Stock
2017-08-03,36.06256484985352,38.89250183105469,0.0,39.3025016784668,38.755001068115234,39.26250076293945,0.0,108389200,-1.004114564690538,1.0082460590236688,AAPL,Apple,Stock
2017-08-04,36.25265884399414,39.09749984741211,0.0,39.349998474121094,38.92250061035156,39.01750183105469,0.0,82239600,0.5257383501883965,0.276400812858817,AAPL,Apple,Stock
2017-08-07,36.81362533569336,39.70249938964844,0.0,39.72999954223633,39.16749954223633,39.26499938964844,0.0,87481200,1.5355304303801462,2.357853702623437,AAPL,Apple,Stock
2017-08-08,37.10802459716797,40.02000045776367,0.0,40.45750045776367,39.567501068115234,39.650001525878906,0.0,144823600,0.7965212309090558,0.6344460712888774,AAPL,Apple,Stock
2017-08-09,37.33519744873047,40.26499938964844,0.0,40.317501068115234,39.77750015258789,39.814998626708984,0.0,104526000,0.6103270398550966,0.3724990955782847,AAPL,Apple,Stock
2017-08-10,36.14600372314453,38.83000183105469,0.1575,40.0,38.657501220703125,39.974998474121094,0.0,163217200,-3.23701176264753,10.478245151518468,AAPL,Apple,Stock
2017-08-11,36.6486701965332,39.369998931884766,0.0,39.64250183105469,39.01750183105469,39.150001525878906,0.0,105028400,1.3810748398056685,1.9073677131442528,AAPL,Apple,Stock
2017-08-14,37.20021438598633,39.962501525878906,0.0,40.0525016784668,39.6875,39.83000183105469,0.0,88490800,1.4937380512197638,2.2312533656618174,AAPL,Apple,Stock
2017-08-15,37.60747146606445,40.400001525878906,0.0,40.54999923706055,40.03499984741211,40.165000915527344,0.0,117862000,1.0888215532988748,1.1855323749281743,AAPL,Apple,Stock
2017-08-16,37.45621490478515,40.23749923706055,0.0,40.627498626708984,40.037498474121094,40.48500061035156,0.0,110686400,-0.4030091601234669,0.1624163831434222,AAPL,Apple,Stock
2017-08-17,36.73710632324219,39.46500015258789,0.0,40.1775016784668,39.459999084472656,40.130001068115234,0.0,111762400,-1.938533250838378,3.75791116460601,AAPL,Apple,Stock
2017-08-18,36.6533317565918,39.375,0.0,39.875,39.18000030517578,39.46500015258789,0.0,109712400,-0.2282984138763735,0.0521201657784679,AAPL,Apple,Stock
2017-08-21,36.58583450317383,39.3025016784668,0.0,39.47249984741211,38.77750015258789,39.375,0.0,105474000,-0.1843201553882227,0.0339739196823385,AAPL,Apple,Stock
2017-08-22,37.183929443359375,39.94499969482422,0.0,40.0,39.505001068115234,39.557498931884766,0.0,86418400,1.6215533670261602,2.629435322113877,AAPL,Apple,Stock
2017-08-23,37.2304801940918,39.994998931884766,0.0,40.11750030517578,39.720001220703125,39.76750183105469,0.0,77596400,0.1251122115498951,0.0156530654789057,AAPL,Apple,Stock
2017-08-24,37.06523895263672,39.817501068115234,0.0,40.185001373291016,39.63750076293945,40.10749816894531,0.0,79275600,-0.44482109014089,0.1978658022341297,AAPL,Apple,Stock
2017-08-25,37.20254898071289,39.96500015258789,0.0,40.13999938964844,39.817501068115234,39.912498474121094,0.0,101920400,0.3697704976831966,0.1367302209568789,AAPL,Apple,Stock
2017-08-28,37.57722473144531,40.36750030517578,0.0,40.5,39.98249816894531,40.03499984741211,0.0,103864000,1.002086172413947,1.0041766969432346,AAPL,Apple,Stock
2017-08-29,37.91233825683594,40.727500915527344,0.0,40.779998779296875,40.0,40.025001525878906,0.0,118067600,0.8878465140315542,0.7882714324779828,AAPL,Apple,Stock
2017-08-30,38.01472854614258,40.837501525878906,0.0,40.97249984741211,40.65250015258789,40.95000076293945,0.0,109078400,0.2697071168034101,0.0727419288544083,AAPL,Apple,Stock
2017-08-31,38.16600036621094,41.0,0.0,41.130001068115234,40.869998931884766,40.90999984741211,0.0,107140400,0.3971398568895968,0.1577200659302894,AAPL,Apple,Stock
2017-09-01,38.17763900756836,41.01250076293945,0.0,41.23500061035156,40.907501220703125,41.20000076293945,0.0,66364400,0.0304901404833543,0.0009296486666946,AAPL,Apple,Stock
2017-09-05,37.71918869018555,40.52000045776367,0.0,41.0625,40.13999938964844,40.9375,0.0,117874000,-1.2081029134584738,1.4595126495068524,AAPL,Apple,Stock
2017-09-06,37.67960739135742,40.477500915527344,0.0,40.747501373291016,40.130001068115234,40.6775016784668,0.0,86606800,-0.1049918686268877,0.0110232924777656,AAPL,Apple,Stock
2017-09-07,37.528350830078125,40.314998626708984,0.0,40.560001373291016,40.09000015258789,40.522499084472656,0.0,87714000,-0.4022360632910892,0.1617938506119131,AAPL,Apple,Stock
2017-09-08,36.91630172729492,39.657501220703125,0.0,40.287498474121094,39.63249969482422,40.21500015258789,0.0,114446000,-1.6443434753614237,2.703865464963685,AAPL,Apple,Stock
2017-09-11,37.58420944213867,40.375,0.0,40.51250076293945,39.97249984741211,40.125,0.0,126323200,1.7930765824620942,3.2151236305739435,AAPL,Apple,Stock
2017-09-12,37.43525695800781,40.21500015258789,0.0,40.9900016784668,39.692501068115234,40.65250015258789,0.0,286856000,-0.3971040771586737,0.1576916480960418,AAPL,Apple,Stock
2017-09-13,37.153663635253906,39.912498474121094,0.0,39.9900016784668,39.477500915527344,39.967498779296875,0.0,179629600,-0.7550576100149787,0.5701119944415317,AAPL,Apple,Stock
2017-09-14,36.83484649658203,39.56999969482422,0.0,39.849998474121094,39.522499084472656,39.747501373291016,0.0,95042800,-0.8618070869225142,0.7427114550698699,AAPL,Apple,Stock
2017-09-15,37.20719909667969,39.970001220703125,0.0,40.24250030517578,39.5,39.61750030517578,0.0,196458400,1.0057953858969324,1.0116243582915592,AAPL,Apple,Stock
2017-09-18,36.92561721801758,39.66749954223633,0.0,40.125,39.5,40.02750015258789,0.0,113077600,-0.7596722931564726,0.5771019929896136,AAPL,Apple,Stock
2017-09-19,36.9395637512207,39.682498931884766,0.0,39.942501068115234,39.61000061035156,39.877498626708984,0.0,83242400,0.0377621314558449,0.0014259785720885,AAPL,Apple,Stock
2017-09-20,36.320533752441406,39.01750183105469,0.0,39.564998626708984,38.45750045776367,39.474998474121094,0.0,211805600,-1.6899915590772314,2.8560714697522913,AAPL,Apple,Stock
2017-09-21,35.69684982299805,38.34749984741211,0.0,38.95000076293945,38.1875,38.95000076293945,0.0,150046800,-1.7320804812203412,3.000102793424489,AAPL,Apple,Stock
2017-09-22,35.3477668762207,37.97249984741211,0.0,38.067501068115234,37.63999938964844,37.8849983215332,0.0,186581600,-0.9827226111246966,0.9657437304157416,AAPL,Apple,Stock
2017-09-25,35.03593063354492,37.63750076293945,0.0,37.95750045776367,37.290000915527344,37.497501373291016,0.0,177549200,-0.8861094092194902,0.785189885107314,AAPL,Apple,Stock
2017-09-26,35.638671875,38.28499984741211,0.0,38.47999954223633,37.92250061035156,37.94499969482422,0.0,146640000,1.7057212460431606,2.9094849692030325,AAPL,Apple,Stock
2017-09-27,35.89232635498047,38.557498931884766,0.0,38.68000030517578,38.3849983215332,38.45000076293945,0.0,102016800,0.7092185191652292,0.5029909079269205,AAPL,Apple,Stock
2017-09-28,35.6712532043457,38.31999969482422,0.0,38.56999969482422,38.17499923706055,38.47249984741211,0.0,88022000,-0.617839004808349,0.381725035862571,AAPL,Apple,Stock
2017-09-29,35.86672592163086,38.529998779296875,0.0,38.532501220703125,38.0,38.3025016784668,0.0,105199200,0.5464879107693138,0.2986490366170095,AAPL,Apple,Stock
2017-10-02,35.79458236694336,38.45249938964844,0.0,38.61249923706055,38.18000030517578,38.564998626708984,0.0,74795200,-0.2013459725563435,0.0405402006646598,AAPL,Apple,Stock
2017-10-03,35.95050811767578,38.619998931884766,0.0,38.772499084472656,38.477500915527344,38.502498626708984,0.0,64921200,0.4346666654898558,0.1889351100880701,AAPL,Apple,Stock
2017-10-04,35.7177848815918,38.369998931884766,0.0,38.46500015258789,38.1150016784668,38.407501220703125,0.0,80655200,-0.649447738552285,0.4217823651106771,AAPL,Apple,Stock
2017-10-05,36.16229248046875,38.84749984741211,0.0,38.86000061035156,38.51250076293945,38.54499816894531,0.0,85135200,1.2368191065342322,1.5297215022881363,AAPL,Apple,Stock
2017-10-06,36.1413459777832,38.82500076293945,0.0,38.872501373291016,38.63999938964844,38.74250030517578,0.0,69630400,-0.0579403850710321,0.0033570882221794,AAPL,Apple,Stock
2017-10-09,36.266998291015625,38.959999084472656,0.0,39.182498931884766,38.872501373291016,38.95249938964844,0.0,65051600,0.3470661858932236,0.1204549373904696,AAPL,Apple,Stock
2017-10-10,36.280967712402344,38.974998474121094,0.0,39.5,38.775001525878906,39.01499938964844,0.0,62468000,0.0385108565516719,0.0014830860723434,AAPL,Apple,Stock
2017-10-11,36.432254791259766,39.13750076293945,0.0,39.244998931884766,38.9375,38.99250030517578,0.0,67622400,0.4161204577399819,0.173156235349732,AAPL,Apple,Stock
2017-10-12,36.30424880981445,39.0,0.0,39.342498779296875,38.932498931884766,39.087501525878906,0.0,64500400,-0.3519721384928276,0.1238843862752142,AAPL,Apple,Stock
2017-10-13,36.534629821777344,39.247501373291016,0.0,39.31999969482422,39.102500915527344,39.182498931884766,0.0,65576800,0.6325791514846208,0.4001563828930028,AAPL,Apple,Stock
2017-10-16,37.20719909667969,39.970001220703125,0.0,40.0,39.412498474121094,39.474998474121094,0.0,96486000,1.8241693621519517,3.3275938618138583,AAPL,Apple,Stock
2017-10-17,37.34449768066406,40.11750030517578,0.0,40.217498779296875,39.807498931884766,39.94499969482422,0.0,75989200,0.3683316279703675,0.1356681881633012,AAPL,Apple,Stock
2017-10-18,37.17927551269531,39.939998626708984,0.0,40.1775016784668,39.900001525878906,40.10499954223633,0.0,65496800,-0.4434086777771154,0.1966112555280497,AAPL,Apple,Stock
2017-10-19,36.299598693847656,38.994998931884766,0.0,39.27000045776367,38.755001068115234,39.1875,0.0,170336800,-2.39448102181617,5.73353936383781,AAPL,Apple,Stock
2017-10-20,36.36241149902344,39.0625,0.0,39.4375,38.9900016784668,39.15250015258789,0.0,95896400,0.1728904021654513,0.0298910911609315,AAPL,Apple,Stock
2017-10-23,36.34381103515625,39.04249954223633,0.0,39.42250061035156,38.875,39.22249984741211,0.0,87937200,-0.0511660862706395,0.0026179683842545,AAPL,Apple,Stock
2017-10-24,36.56023025512695,39.275001525878906,0.0,39.35499954223633,39.04999923706055,39.0724983215332,0.0,71028800,0.5937115470133257,0.3524934010569565,AAPL,Apple,Stock
2017-10-25,36.399662017822266,39.102500915527344,0.0,39.38750076293945,38.817501068115234,39.227500915527344,0.0,84828400,-0.4401555197947659,0.1937368816058006,AAPL,Apple,Stock
2017-10-26,36.63238525390625,39.352500915527344,0.0,39.45750045776367,39.19499969482422,39.307498931884766,0.0,68002000,0.6373202792505053,0.406177138343942,AAPL,Apple,Stock
2017-10-27,37.944923400878906,40.76250076293945,0.0,40.900001525878906,39.67499923706055,39.8224983215332,0.0,177816800,3.520303199827949,12.392534618718896,AAPL,Apple,Stock
2017-10-30,38.79900360107422,41.68000030517578,0.0,42.01750183105469,40.93000030517578,40.97249984741211,0.0,178803200,2.2258841749087313,4.954560360109124,AAPL,Apple,Stock
2017-10-31,39.338905334472656,42.2599983215332,0.0,42.412498474121094,41.73500061035156,41.974998474121094,0.0,144187200,1.3819420895695644,1.909763938923894,AAPL,Apple,Stock
2017-11-01,38.83855819702149,41.72249984741211,0.0,42.48500061035156,41.40250015258789,42.467498779296875,0.0,134551200,-1.2800465677279795,1.6385192155521808,AAPL,Apple,Stock
2017-11-02,39.12248229980469,42.02750015258789,0.0,42.125,41.31999969482422,41.650001525878906,0.0,165573600,0.7283775491808409,0.5305338541506882,AAPL,Apple,Stock
2017-11-03,40.14412689208984,43.125,0.0,43.564998626708984,42.779998779296875,43.5,0.0,237594400,2.577885391697424,6.645493092726982,AAPL,Apple,Stock
2017-11-06,40.551387786865234,43.5625,0.0,43.747501373291016,42.93000030517578,43.092498779296875,0.0,140105200,1.0093853524184873,1.0188587896769936,AAPL,Apple,Stock
2017-11-07,40.68168258666992,43.70249938964844,0.0,43.8125,43.400001525878906,43.477500915527344,0.0,97446000,0.3207927779708884,0.1029080063982797,AAPL,Apple,Stock
2017-11-08,41.01448822021485,44.060001373291016,0.0,44.060001373291016,43.58250045776367,43.665000915527344,0.0,97638000,0.8147443662265533,0.6638083822979081,AAPL,Apple,Stock
2017-11-09,40.93071365356445,43.970001220703125,0.0,44.025001525878906,43.28499984741211,43.77750015258789,0.0,117930400,-0.2044649202647027,0.0418059036188512,AAPL,Apple,Stock
2017-11-10,40.79524993896485,43.66749954223633,0.1575,43.845001220703125,43.567501068115234,43.77750015258789,0.0,100582000,-0.3315074737668768,0.1098972051632965,AAPL,Apple,Stock
2017-11-13,40.63175582885742,43.49250030517578,0.0,43.625,43.349998474121094,43.375,0.0,67928400,-0.4015727418082574,0.1612606669634014,AAPL,Apple,Stock
2017-11-14,40.01750946044922,42.834999084472656,0.0,43.369998931884766,42.79499816894531,43.2599983215332,0.0,99130000,-1.5232829303265532,2.3203908858242506,AAPL,Apple,Stock
2017-11-15,39.48966217041016,42.27000045776367,0.0,42.58000183105469,42.095001220703125,42.49250030517578,0.0,116632400,-1.3278174398143985,1.7630991534752638,AAPL,Apple,Stock
2017-11-16,39.961448669433594,42.775001525878906,0.0,42.967498779296875,42.57500076293945,42.79499816894531,0.0,94550000,1.187628566371202,1.4104616116609168,AAPL,Apple,Stock
2017-11-17,39.73957061767578,42.537498474121094,0.0,42.84749984741211,42.40999984741211,42.7599983215332,0.0,87598000,-0.5567773835994536,0.3100010548878531,AAPL,Apple,Stock
2017-11-20,39.69987869262695,42.494998931884766,0.0,42.63999938964844,42.38999938964844,42.5724983215332,0.0,65049600,-0.0999300188923013,0.0099860086758156,AAPL,Apple,Stock
2017-11-21,40.43790435791016,43.28499984741211,0.0,43.42499923706055,42.69499969482422,42.69499969482422,0.0,100525200,1.841943970136014,3.392757589120421,AAPL,Apple,Stock
2017-11-22,40.86298751831055,43.7400016784668,0.0,43.75,43.26250076293945,43.34000015258789,0.0,102355600,1.045713089266029,1.0935158650623018,AAPL,Apple,Stock
2017-11-24,40.86531829833984,43.74250030517578,0.0,43.875,43.662498474121094,43.775001525878906,0.0,56106800,0.0057037277516972,3.253251026548108e-05,AAPL,Apple,Stock
2017-11-27,40.6597900390625,43.522499084472656,0.0,43.77000045776367,43.334999084472656,43.76250076293945,0.0,82867200,-0.5042095592210352,0.2542272796098705,AAPL,Apple,Stock
2017-11-28,40.42155838012695,43.26750183105469,0.0,43.717498779296875,42.96500015258789,43.57500076293945,0.0,105715200,-0.5876378455160878,0.3453182374827894,AAPL,Apple,Stock
2017-11-29,39.58308410644531,42.369998931884766,0.0,43.22999954223633,41.790000915527344,43.157501220703125,0.0,166665600,-2.096140794271055,4.393806229407288,AAPL,Apple,Stock
2017-11-30,40.136619567871094,42.962501525878906,0.0,43.03499984741211,42.11000061035156,42.60749816894531,0.0,166108800,1.3887265806168063,1.9285615157116476,AAPL,Apple,Stock
2017-12-01,39.94977951049805,42.76250076293945,0.0,42.91749954223633,42.125,42.48749923706055,0.0,159037200,-0.4665970714179921,0.2177128270558468,AAPL,Apple,Stock
2017-12-04,39.657833099365234,42.45000076293945,0.0,43.154998779296875,42.407501220703125,43.119998931884766,0.0,130169600,-0.7334668391357455,0.5379736041117815,AAPL,Apple,Stock
2017-12-05,39.62046432495117,42.40999984741211,0.0,42.880001068115234,42.099998474121094,42.26499938964844,0.0,109400800,-0.0942724008857425,0.0088872855687621,AAPL,Apple,Stock
2017-12-06,39.47332382202149,42.252498626708984,0.0,42.54999923706055,41.6150016784668,41.875,0.0,114240000,-0.3720663180252911,0.138433345008897,AAPL,Apple,Stock
2017-12-07,39.54573059082031,42.33000183105469,0.0,42.61000061035156,42.227500915527344,42.25749969482422,0.0,102693200,0.1832641243359422,0.0335857392686196,AAPL,Apple,Stock
2017-12-08,39.557395935058594,42.342498779296875,0.0,42.75,42.20500183105469,42.622501373291016,0.0,93420800,0.0294940158124569,0.0008698969687454,AAPL,Apple,Stock
2017-12-11,40.32813262939453,43.16749954223633,0.0,43.22249984741211,42.1974983215332,42.29999923706055,0.0,141095200,1.9296626660295808,3.7235980046683888,AAPL,Apple,Stock
2017-12-12,40.10158920288086,42.92499923706055,0.0,43.09749984741211,42.8650016784668,43.037498474121094,0.0,77636800,-0.5633341020124267,0.3173453104901472,AAPL,Apple,Stock
2017-12-13,40.23472213745117,43.067501068115234,0.0,43.3849983215332,43.0,43.125,0.0,95273600,0.3314393061454722,0.109852013658192,AAPL,Apple,Stock
2017-12-14,40.22304916381836,43.05500030517578,0.0,43.282501220703125,42.912498474121094,43.099998474121094,0.0,81906000,-0.0290163983563627,0.0008419513735751,AAPL,Apple,Stock
2017-12-15,40.63175582885742,43.49250030517578,0.0,43.54249954223633,43.1150016784668,43.407501220703125,0.0,160677200,1.0109730550092515,1.022066517954739,AAPL,Apple,Stock
2017-12-18,41.20397186279297,44.10499954223633,0.0,44.29999923706055,43.71500015258789,43.720001220703125,0.0,117684400,1.398473199583884,1.9557272899543856,AAPL,Apple,Stock
2017-12-19,40.7648811340332,43.6349983215332,0.0,43.84749984741211,43.522499084472656,43.75749969482422,0.0,109745600,-1.0713701917880576,1.1478340878519793,AAPL,Apple,Stock
2017-12-20,40.72052383422851,43.587501525878906,0.0,43.85499954223633,43.3125,43.717498779296875,0.0,93902400,-0.1088717769848047,0.011853063823829,AAPL,Apple,Stock
2017-12-21,40.874664306640625,43.752498626708984,0.0,44.005001068115234,43.525001525878906,43.54249954223633,0.0,83799600,0.3778180044252732,0.1427464444678958,AAPL,Apple,Stock
2017-12-22,40.874664306640625,43.752498626708984,0.0,43.85499954223633,43.625,43.66999816894531,0.0,65397600,0.0,0.0,AAPL,Apple,Stock
2017-12-26,39.837677001953125,42.64250183105469,0.0,42.86750030517578,42.41999816894531,42.70000076293945,0.0,132742000,-2.569729366961655,6.60350901942515,AAPL,Apple,Stock
2017-12-27,39.84468078613281,42.650001525878906,0.0,42.69499969482422,42.4275016784668,42.525001525878906,0.0,85992800,0.0175792594299337,0.0003090303621049,AAPL,Apple,Stock
2017-12-28,39.956783294677734,42.77000045776367,0.0,42.962501525878906,42.619998931884766,42.75,0.0,65920800,0.280953698221548,0.0789349805443646,AAPL,Apple,Stock
2017-12-29,39.52470016479492,42.307498931884766,0.0,42.647499084472656,42.30500030517578,42.630001068115234,0.0,103999600,-1.0872655305697163,1.1821463339650466,AAPL,Apple,Stock
2018-01-02,40.23238754272461,43.064998626708984,0.0,43.07500076293945,42.314998626708984,42.540000915527344,0.0,102223600,1.7746534418414364,3.1493948386396564,AAPL,Apple,Stock
2018-01-03,40.225364685058594,43.057498931884766,0.0,43.63750076293945,42.9900016784668,43.13249969482422,0.0,118071600,-0.0174572554897338,0.0003047557692338,AAPL,Apple,Stock
2018-01-04,40.4122200012207,43.25749969482422,0.0,43.36750030517578,43.02000045776367,43.1349983215332,0.0,89738400,0.4634455541584022,0.2147817816691885,AAPL,Apple,Stock
2018-01-05,40.872318267822266,43.75,0.0,43.842498779296875,43.26250076293945,43.36000061035156,0.0,94640000,1.132080443001762,1.281606129427066,AAPL,Apple,Stock
2018-01-08,40.72052383422851,43.587501525878906,0.0,43.90250015258789,43.48249816894531,43.587501525878906,0.0,82271200,-0.3720782480572161,0.1384422226773272,AAPL,Apple,Stock
2018-01-09,40.71583557128906,43.58250045776367,0.0,43.76499938964844,43.352500915527344,43.63750076293945,0.0,86336000,-0.0115139305805304,0.0001325705974132,AAPL,Apple,Stock
2018-01-10,40.70649719238281,43.5724983215332,0.0,43.57500076293945,43.25,43.290000915527344,0.0,95839600,-0.0229381267527652,0.0005261576589259,AAPL,Apple,Stock
2018-01-11,40.937713623046875,43.81999969482422,0.0,43.872501373291016,43.622501373291016,43.647499084472656,0.0,74670800,0.566401577022356,0.3208107464534119,AAPL,Apple,Stock
2018-01-12,41.3604621887207,44.272499084472656,0.0,44.34000015258789,43.912498474121094,44.04499816894531,0.0,101672400,1.02736732586256,1.0554836222499877,AAPL,Apple,Stock
2018-01-16,41.1502571105957,44.04750061035156,0.0,44.84749984741211,44.03499984741211,44.474998474121094,0.0,118263600,-0.5095229678699841,0.2596136547870368,AAPL,Apple,Stock
2018-01-17,41.82989883422851,44.775001525878906,0.0,44.8125,43.76750183105469,44.037498474121094,0.0,137547200,1.638119171849699,2.683434421181544,AAPL,Apple,Stock
2018-01-18,41.86727142333984,44.814998626708984,0.0,45.025001525878906,44.5625,44.842498779296875,0.0,124773600,0.0893043133480401,0.0079752603825649,AAPL,Apple,Stock
2018-01-19,41.680423736572266,44.6150016784668,0.0,44.89500045776367,44.352500915527344,44.65250015258789,0.0,129700400,-0.4472846268747176,0.2000635374384554,AAPL,Apple,Stock
2018-01-22,41.33943176269531,44.25,0.0,44.44499969482422,44.150001525878906,44.32500076293945,0.0,108434400,-0.8214755118476494,0.6748220165653577,AAPL,Apple,Stock
2018-01-23,41.348777770996094,44.2599983215332,0.0,44.86000061035156,44.20500183105469,44.32500076293945,0.0,130756400,0.0226054195471988,0.0005110049929048,AAPL,Apple,Stock
2018-01-24,40.690155029296875,43.55500030517578,0.0,44.32500076293945,43.29999923706055,44.3125,0.0,204420400,-1.6056690878813755,2.5781732197778093,AAPL,Apple,Stock
2018-01-25,39.96379089355469,42.77750015258789,0.0,43.73749923706055,42.63249969482422,43.627498626708984,0.0,166116000,-1.8012355529276955,3.2444495171307413,AAPL,Apple,Stock
2018-01-26,40.05721282958984,42.877498626708984,0.0,43.0,42.51499938964844,43.0,0.0,156572000,0.2334936432502463,0.0545192814382733,AAPL,Apple,Stock
2018-01-29,39.22808074951172,41.9900016784668,0.0,42.540000915527344,41.76750183105469,42.540000915527344,0.0,202561600,-2.0915916925173934,4.374755808207774,AAPL,Apple,Stock
2018-01-30,38.99686813354492,41.74250030517578,0.0,41.842498779296875,41.17499923706055,41.38249969482422,0.0,184192800,-0.5911497357138531,0.3494580100345583,AAPL,Apple,Stock
2018-01-31,39.10429763793945,41.85749816894531,0.0,42.11000061035156,41.625,41.717498779296875,0.0,129915600,0.2751036328007056,0.0756820087801454,AAPL,Apple,Stock
2018-02-01,39.1860466003418,41.94499969482422,0.0,42.154998779296875,41.689998626708984,41.79249954223633,0.0,188923200,0.2088354391800767,0.0436122406575355,AAPL,Apple,Stock
2018-02-02,37.48575592041016,40.125,0.0,41.70000076293945,40.025001525878906,41.5,0.0,346375200,-4.435971066113768,19.67783929939852,AAPL,Apple,Stock
2018-02-05,36.549198150634766,39.122501373291016,0.0,40.970001220703125,39.0,39.775001525878906,0.0,290954000,-2.530177116366587,6.4017962401851385,AAPL,Apple,Stock
2018-02-06,38.076656341552734,40.75749969482422,0.0,40.93000030517578,38.5,38.70750045776367,0.0,272975200,4.09421523792636,16.762598414468396,AAPL,Apple,Stock
2018-02-07,37.26153945922851,39.8849983215332,0.0,40.849998474121094,39.76750183105469,40.772499084472656,0.0,206434400,-2.163971891854308,4.682774348735512,AAPL,Apple,Stock
2018-02-08,36.23624038696289,38.787498474121094,0.0,40.25,38.75749969482422,40.0724983215332,0.0,217562000,-2.7901947281133115,7.7851866207913165,AAPL,Apple,Stock
2018-02-09,36.67945861816406,39.102500915527344,0.1575,39.47249984741211,37.560001373291016,39.26750183105469,0.0,282690400,1.2157153975704016,1.4779639278897596,AAPL,Apple,Stock
2018-02-12,38.15685272216797,40.6775016784668,0.0,40.97249984741211,39.377498626708984,39.625,0.0,243278000,3.948847965729178,15.593400256443468,AAPL,Apple,Stock
2018-02-13,38.539093017578125,41.084999084472656,0.0,41.1875,40.412498474121094,40.48749923706055,0.0,130196800,0.9967761830149736,0.9935627590259002,AAPL,Apple,Stock
2018-02-14,39.24966049194336,41.842498779296875,0.0,41.8849983215332,40.720001220703125,40.7599983215332,0.0,162579600,1.826966512946954,3.337806639429553,AAPL,Apple,Stock
2018-02-15,40.567588806152344,43.247501373291016,0.0,43.272499084472656,42.25,42.4474983215332,0.0,204588800,3.302664822095399,10.907594927106432,AAPL,Apple,Stock
2018-02-16,40.436275482177734,43.10749816894531,0.0,43.70500183105469,42.942501068115234,43.09000015258789,0.0,160704400,-0.3242152461585235,0.105115525841632,AAPL,Apple,Stock
2018-02-20,40.30025863647461,42.962501525878906,0.0,43.564998626708984,42.85499954223633,43.01250076293945,0.0,135722000,-0.3369403353012599,0.1135287895529254,AAPL,Apple,Stock
2018-02-21,40.11734771728515,42.76750183105469,0.0,43.529998779296875,42.752498626708984,43.20750045776367,0.0,149886400,-0.4549034543760258,0.206937152803241,AAPL,Apple,Stock
2018-02-22,40.45270538330078,43.125,0.0,43.48749923706055,42.9275016784668,42.95000076293945,0.0,123967600,0.832467125941876,0.6930015157739272,AAPL,Apple,Stock
2018-02-23,41.15621566772461,43.875,0.0,43.912498474121094,43.3849983215332,43.41749954223633,0.0,135249600,1.7241441323498807,2.972672989116523,AAPL,Apple,Stock
2018-02-26,41.96996307373047,44.74250030517578,0.0,44.84749984741211,44.0525016784668,44.087501525878906,0.0,152648800,1.95792327700451,3.833463558636079,AAPL,Apple,Stock
2018-02-27,41.83393478393555,44.59749984741211,0.0,45.119998931884766,44.540000915527344,44.775001525878906,0.0,155712400,-0.3246350414163528,0.1053879101153971,AAPL,Apple,Stock
2018-02-28,41.770626068115234,44.529998779296875,0.0,45.154998779296875,44.51250076293945,44.814998626708984,0.0,151128400,-0.1514480245474062,0.0229365041393117,AAPL,Apple,Stock
2018-03-01,41.038963317871094,43.75,0.0,44.94499969482422,43.165000915527344,44.6349983215332,0.0,195208000,-1.7671426602458906,3.1227931816609233,AAPL,Apple,Stock
2018-03-02,41.322723388671875,44.0525016784668,0.0,44.07500076293945,43.11249923706055,43.20000076293945,0.0,153816000,0.6890611518615977,0.4748052710048318,AAPL,Apple,Stock
2018-03-05,41.46576690673828,44.20500183105469,0.0,44.435001373291016,43.630001068115234,43.8025016784668,0.0,113605600,0.3455641234708472,0.1194145634301749,AAPL,Apple,Stock
2018-03-06,41.43058776855469,44.16749954223633,0.0,44.5625,44.032501220703125,44.477500915527344,0.0,95154000,-0.084874999469504,0.0072037655349483,AAPL,Apple,Stock
2018-03-07,41.04600143432617,43.75749969482422,0.0,43.962501525878906,43.567501068115234,43.73500061035156,0.0,126814000,-0.9326019065030264,0.8697463160130798,AAPL,Apple,Stock
2018-03-08,41.4939079284668,44.23500061035156,0.0,44.279998779296875,43.76750183105469,43.869998931884766,0.0,95096400,1.0853195605243324,1.17791854845673,AAPL,Apple,Stock
2018-03-09,42.20682144165039,44.994998931884766,0.0,45.0,44.34749984741211,44.4900016784668,0.0,128740800,1.7035233958955158,2.9019919603633904,AAPL,Apple,Stock
2018-03-12,42.61485290527344,45.43000030517578,0.0,45.59749984741211,45.0525016784668,45.0724983215332,0.0,128828400,0.9620998740368648,0.9256361676217514,AAPL,Apple,Stock
2018-03-13,42.2044677734375,44.99250030517578,0.0,45.875,44.810001373291016,45.647499084472656,0.0,126774000,-0.9676765409386228,0.9363978878829384,AAPL,Apple,Stock
2018-03-14,41.84566879272461,44.61000061035156,0.0,45.130001068115234,44.45249938964844,45.08000183105469,0.0,117473600,-0.8537788869560985,0.7289383878119944,AAPL,Apple,Stock
2018-03-15,41.894920349121094,44.662498474121094,0.0,45.060001373291016,44.51750183105469,44.625,0.0,90975200,0.1176288884043848,0.0138365553872512,AAPL,Apple,Stock
2018-03-16,41.74718475341797,44.505001068115234,0.0,44.779998779296875,44.404998779296875,44.662498474121094,0.0,157618800,-0.3532568893506829,0.1247904298737206,AAPL,Apple,Stock
2018-03-19,41.10931015014648,43.82500076293945,0.0,44.36750030517578,43.415000915527344,44.33000183105469,0.0,133787200,-1.5397397783541498,2.3707985850460864,AAPL,Apple,Stock
2018-03-20,41.095245361328125,43.810001373291016,0.0,44.20000076293945,43.73500061035156,43.810001373291016,0.0,78597600,-0.0342190012903525,0.0011709400493091,AAPL,Apple,Stock
2018-03-21,40.164249420166016,42.817501068115234,0.0,43.772499084472656,42.814998626708984,43.7599983215332,0.0,148219600,-2.29151481301047,5.251040138246409,AAPL,Apple,Stock
2018-03-22,39.59674835205078,42.212501525878906,0.0,43.16999816894531,42.150001525878906,42.5,0.0,165963200,-1.4230279473798189,2.0250085390240207,AAPL,Apple,Stock
2018-03-23,38.67980194091797,41.23500061035156,0.0,42.47999954223633,41.23500061035156,42.09749984741211,0.0,164115200,-2.34294524470653,5.489392419692941,AAPL,Apple,Stock
2018-03-26,40.51601028442383,43.192501068115234,0.0,43.275001525878906,41.61000061035156,42.01750183105469,0.0,150164800,4.637966154061002,21.5107300462154,AAPL,Apple,Stock
2018-03-27,39.47713470458984,42.084999084472656,0.0,43.787498474121094,41.72999954223633,43.41999816894531,0.0,163690400,-2.5975575600688026,6.74730527787059,AAPL,Apple,Stock
2018-03-28,39.04095458984375,41.619998931884766,0.0,42.505001068115234,41.29750061035156,41.8125,0.0,166674000,-1.111042322987129,1.2344150434686356,AAPL,Apple,Stock
2018-03-29,39.3458137512207,41.94499969482422,0.0,42.9375,41.724998474121094,41.95249938964844,0.0,153594000,0.7778371398728747,0.605030616165614,AAPL,Apple,Stock
2018-04-02,39.08784866333008,41.66999816894531,0.0,42.23500061035156,41.11750030517578,41.65999984741211,0.0,150347200,-0.6577941412218046,0.4326931322257313,AAPL,Apple,Stock
2018-04-03,39.48887252807617,42.09749984741211,0.0,42.1875,41.220001220703125,41.90999984741211,0.0,121112000,1.0207281253331633,1.0418859058461538,AAPL,Apple,Stock
2018-04-04,40.24397659301758,42.90250015258789,0.0,43.002498626708984,41.192501068115234,41.220001220703125,0.0,138422000,1.8941418733085715,3.5877734362209046,AAPL,Apple,Stock
2018-04-05,40.52305221557617,43.20000076293945,0.0,43.557498931884766,43.02000045776367,43.14500045776367,0.0,107732800,0.6910659890074938,0.4775722011629056,AAPL,Apple,Stock
2018-04-06,39.48651885986328,42.095001220703125,0.0,43.119998931884766,42.04999923706055,42.74250030517578,0.0,140021200,-2.591168372728794,6.71415353582999,AAPL,Apple,Stock
2018-04-09,39.87814712524414,42.51250076293945,0.0,43.272499084472656,42.462501525878906,42.470001220703125,0.0,116070800,0.9869163795841792,0.974003940291544,AAPL,Apple,Stock
2018-04-10,40.62858200073242,43.3125,0.0,43.5,42.88249969482422,43.25,0.0,113634400,1.8643326327045944,3.475736165367243,AAPL,Apple,Stock
2018-04-11,40.438629150390625,43.11000061035156,0.0,43.47999954223633,42.92499923706055,43.057498931884766,0.0,89726400,-0.4686313869256443,0.2196153768118529,AAPL,Apple,Stock
2018-04-12,40.83728790283203,43.53499984741211,0.0,43.75,43.2599983215332,43.352500915527344,0.0,91557200,0.9810088007895688,0.962378267226588,AAPL,Apple,Stock
2018-04-13,40.97565078735352,43.682498931884766,0.0,43.959999084472656,43.462501525878906,43.69499969482422,0.0,100497200,0.3382423823216697,0.1144079091986386,AAPL,Apple,Stock
2018-04-16,41.23126602172851,43.95500183105469,0.0,44.04750061035156,43.70750045776367,43.75749969482422,0.0,86313600,0.6218845520608752,0.3867403960919554,AAPL,Apple,Stock
2018-04-17,41.798770904541016,44.560001373291016,0.0,44.73500061035156,44.102500915527344,44.122501373291016,0.0,106421600,1.3670082329678783,1.8687115090019617,AAPL,Apple,Stock
2018-04-18,41.70497131347656,44.459999084472656,0.0,44.70500183105469,44.220001220703125,44.45249938964844,0.0,83018000,-0.2246597051223011,0.0504719831056393,AAPL,Apple,Stock
2018-04-19,40.52305221557617,43.20000076293945,0.0,43.84749984741211,43.165000915527344,43.439998626708984,0.0,139235200,-2.874933515652035,8.26524271941937,AAPL,Apple,Stock
2018-04-20,38.86272048950195,41.43000030517578,0.0,42.80500030517578,41.35749816894531,42.650001525878906,0.0,261964400,-4.183555374431503,17.502135570934712,AAPL,Apple,Stock
2018-04-23,38.75017166137695,41.310001373291016,0.0,41.72999954223633,41.022499084472656,41.70750045776367,0.0,146062000,-0.2900263188195177,0.0841152656080005,AAPL,Apple,Stock
2018-04-24,38.21080017089844,40.73500061035156,0.0,41.58250045776367,40.30500030517578,41.41749954223633,0.0,134768000,-1.4016983120905169,1.964758158117404,AAPL,Apple,Stock
2018-04-25,38.37727737426758,40.912498474121094,0.0,41.35499954223633,40.602500915527344,40.654998779296875,0.0,113528400,0.4347346764631414,0.1889942389195122,AAPL,Apple,Stock
2018-04-26,38.51095962524414,41.05500030517578,0.0,41.432498931884766,40.842498779296875,41.029998779296875,0.0,111852000,0.3477316970645612,0.1209173331433998,AAPL,Apple,Stock
2018-04-27,38.06540298461914,40.58000183105469,0.0,41.08250045776367,40.157501220703125,41.0,0.0,142623200,-1.1637054923312216,1.3542104728818507,AAPL,Apple,Stock
2018-04-30,38.754852294921875,41.314998626708984,0.0,41.814998626708984,40.459999084472656,40.532501220703125,0.0,169709600,1.7950157022413302,3.2220813712929357,AAPL,Apple,Stock
2018-05-01,39.65536880493164,42.275001525878906,0.0,42.29999923706055,41.317501068115234,41.602500915527344,0.0,214277600,2.297037535671277,5.276381440282774,AAPL,Apple,Stock
2018-05-02,41.40714645385742,44.14250183105469,0.0,44.4375,43.45000076293945,43.807498931884766,0.0,266157600,4.322714176185417,18.685857848994367,AAPL,Apple,Stock
2018-05-03,41.482181549072266,44.22249984741211,0.0,44.375,43.61000061035156,43.970001220703125,0.0,136272800,0.1810489179221609,0.0327787106807853,AAPL,Apple,Stock
2018-05-04,43.10968780517578,45.95750045776367,0.0,46.0625,44.54249954223633,44.5625,0.0,224805200,3.8483772141832704,14.81000718264499,AAPL,Apple,Stock
2018-05-07,43.42156219482422,46.290000915527344,0.0,46.91749954223633,46.1875,46.29499816894531,0.0,169805600,0.7208395581677112,0.519609668619421,AAPL,Apple,Stock
2018-05-08,43.63027572631836,46.51250076293945,0.0,46.55500030517578,45.91749954223633,46.247501373291016,0.0,113611200,0.4795164269960963,0.2299360037591026,AAPL,Apple,Stock
2018-05-09,43.93748474121094,46.84000015258789,0.0,46.849998474121094,46.30500030517578,46.63750076293945,0.0,92844800,0.701651552156769,0.4923149006440031,AAPL,Apple,Stock
2018-05-10,44.56597137451172,47.5099983215332,0.0,47.592498779296875,46.912498474121094,46.935001373291016,0.0,111957200,1.4202771860958527,2.0171872853443533,AAPL,Apple,Stock
2018-05-11,44.3964729309082,47.147499084472656,0.1825,47.51499938964844,46.86249923706055,47.372501373291016,0.0,104848800,-0.3810566358103754,0.145204159695121,AAPL,Apple,Stock
2018-05-14,44.29289627075195,47.037498474121094,0.0,47.38249969482422,46.96500015258789,47.252498626708984,0.0,83115200,-0.2335718658906649,0.0545558165356467,AAPL,Apple,Stock
2018-05-15,43.89033508300781,46.61000061035156,0.0,46.76750183105469,46.275001525878906,46.69499969482422,0.0,94780800,-0.9130170850382228,0.8336001975716931,AAPL,Apple,Stock
2018-05-16,44.29994583129883,47.04499816894531,0.0,47.1150016784668,46.5,46.51750183105469,0.0,76732400,0.928931600013664,0.8629139175039457,AAPL,Apple,Stock
2018-05-17,44.01980209350586,46.747501373291016,0.0,47.227500915527344,46.59000015258789,47.0,0.0,69176000,-0.634387402366207,0.4024473762809439,AAPL,Apple,Stock
2018-05-18,43.85973358154297,46.57749938964844,0.0,46.95249938964844,46.532501220703125,46.79750061035156,0.0,73190800,-0.3642911577834644,0.1327080476392169,AAPL,Apple,Stock
2018-05-21,44.17047882080078,46.907501220703125,0.0,47.317501068115234,46.727500915527344,47.0,0.0,73603200,0.7059997278144863,0.4984356156741287,AAPL,Apple,Stock
2018-05-22,44.05982971191406,46.790000915527344,0.0,47.220001220703125,46.69499969482422,47.095001220703125,0.0,60962800,-0.2508189503918963,0.0629101458756925,AAPL,Apple,Stock
2018-05-23,44.342315673828125,47.09000015258789,0.0,47.125,46.439998626708984,46.587501525878906,0.0,80233600,0.6390951761974906,0.4084426442389015,AAPL,Apple,Stock
2018-05-24,44.29289627075195,47.037498474121094,0.0,47.209999084472656,46.5525016784668,47.192501068115234,0.0,92936000,-0.1115119084458642,0.0124349057252388,AAPL,Apple,Stock
2018-05-25,44.39411544799805,47.14500045776367,0.0,47.412498474121094,46.912498474121094,47.057498931884766,0.0,69844000,0.2282616568837118,0.0521033840032973,AAPL,Apple,Stock
2018-05-29,44.23403549194336,46.974998474121094,0.0,47.1875,46.717498779296875,46.900001525878906,0.0,90056400,-0.3612399185501391,0.1304942787541111,AAPL,Apple,Stock
2018-05-30,44.13988494873047,46.875,0.0,47.0,46.69499969482422,46.93000030517578,0.0,74762000,-0.2130732197097367,0.0454001969574737,AAPL,Apple,Stock
2018-05-31,43.99155044555664,46.717498779296875,0.0,47.057498931884766,46.53499984741211,46.80500030517578,0.0,109931200,-0.3366214168189695,0.1133139782612104,AAPL,Apple,Stock
2018-06-01,44.7849006652832,47.560001373291016,0.0,47.564998626708984,46.9375,46.997501373291016,0.0,93770000,1.7873463740408972,3.194607060797143,AAPL,Apple,Stock
2018-06-04,45.159217834472656,47.95750045776367,0.0,48.35499954223633,47.837501525878906,47.90999984741211,0.0,105064800,0.8323375367815534,0.6927857751355838,AAPL,Apple,Stock
2018-06-05,45.50761413574219,48.32749938964844,0.0,48.48500061035156,48.09000015258789,48.26750183105469,0.0,86264000,0.7685236342121776,0.590628576342693,AAPL,Apple,Stock
2018-06-06,45.665340423583984,48.494998931884766,0.0,48.52000045776367,47.97999954223633,48.407501220703125,0.0,83734400,0.3459939319759854,0.1197118009642028,AAPL,Apple,Stock
2018-06-07,45.542930603027344,48.3650016784668,0.0,48.54999923706055,48.084999084472656,48.53499984741211,0.0,85388800,-0.2684184069583422,0.0720484411940542,AAPL,Apple,Stock
2018-06-08,45.128604888916016,47.92499923706055,0.0,48.0,47.442501068115234,47.79249954223633,0.0,106627200,-0.9139110652130517,0.8352334351188545,AAPL,Apple,Stock
2018-06-11,45.01795959472656,47.807498931884766,0.0,47.99250030517578,47.5525016784668,47.837501525878906,0.0,73234000,-0.2454787941957612,0.0602598383998049,AAPL,Apple,Stock
2018-06-12,45.26514434814453,48.06999969482422,0.0,48.15250015258789,47.787498474121094,47.84749984741211,0.0,67644400,0.5475783624156974,0.2998420629858568,AAPL,Apple,Stock
2018-06-13,44.8931884765625,47.67499923706055,0.0,48.220001220703125,47.61000061035156,48.10499954223633,0.0,86553600,-0.8251216947688655,0.6808258111782449,AAPL,Apple,Stock
2018-06-14,44.91672897338867,47.70000076293945,0.0,47.89250183105469,47.55500030517578,47.88750076293945,0.0,86440400,0.0524229350915588,0.0027481641236137,AAPL,Apple,Stock
2018-06-15,44.45530700683594,47.209999084472656,0.0,47.540000915527344,47.064998626708984,47.50749969482422,0.0,246876800,-1.0325960719790523,1.0662546478665682,AAPL,Apple,Stock
2018-06-18,44.43177795410156,47.185001373291016,0.0,47.30500030517578,46.79999923706055,46.970001220703125,0.0,73939600,-0.0529414442925569,0.0028027965237819,AAPL,Apple,Stock
2018-06-19,43.71378326416016,46.42250061035156,0.0,46.58250045776367,45.86249923706055,46.28499984741211,0.0,134314000,-1.6291474246069928,2.6541213311035974,AAPL,Apple,Stock
2018-06-20,43.90446472167969,46.625,0.0,46.79999923706055,46.432498931884766,46.587501525878906,0.0,82514800,0.4352558124303706,0.1894476222544219,AAPL,Apple,Stock
2018-06-21,43.65963363647461,46.3650016784668,0.0,47.087501525878906,46.23500061035156,46.8125,0.0,102847600,-0.5592057197114205,0.3127110369579678,AAPL,Apple,Stock
2018-06-22,43.532508850097656,46.22999954223633,0.0,46.537498474121094,46.17499923706055,46.529998779296875,0.0,108801600,-0.2915970931069109,0.0850288647084005,AAPL,Apple,Stock
2018-06-25,42.8851203918457,45.54249954223633,0.0,46.22999954223633,45.182498931884766,45.849998474121094,0.0,126652400,-1.498306711325728,2.2449230012037185,AAPL,Apple,Stock
2018-06-26,43.41716003417969,46.10749816894531,0.0,46.63249969482422,45.6349983215332,45.747501373291016,0.0,98276800,1.2329833695211856,1.5202479895158163,AAPL,Apple,Stock
2018-06-27,43.35358810424805,46.040000915527344,0.0,46.81999969482422,46.00749969482422,46.307498931884766,0.0,101141200,-0.1465285079820225,0.0214706036514376,AAPL,Apple,Stock
2018-06-28,43.66904830932617,46.375,0.0,46.5525016784668,45.95000076293945,46.025001525878906,0.0,69460800,0.7250104108516912,0.525640095843338,AAPL,Apple,Stock
2018-06-29,43.57723617553711,46.27750015258789,0.0,46.79750061035156,45.727500915527344,46.5724983215332,0.0,90950800,-0.2104666536167935,0.0442962122846513,AAPL,Apple,Stock
2018-07-02,44.06454086303711,46.79499816894531,0.0,46.82500076293945,45.85499954223633,45.95500183105469,0.0,70925200,1.1120489014370791,1.2366527591874146,AAPL,Apple,Stock
2018-07-03,43.29707717895508,45.97999954223633,0.0,46.98749923706055,45.8849983215332,46.9474983215332,0.0,55819200,-1.7570265869519666,3.0871424272560763,AAPL,Apple,Stock
2018-07-05,43.64550018310547,46.349998474121094,0.0,46.602500915527344,46.06999969482422,46.314998626708984,0.0,66416800,0.8015057293622769,0.6424114342005555,AAPL,Apple,Stock
2018-07-06,44.250511169433594,46.99250030517578,0.0,47.10749816894531,46.29999923706055,46.35499954223633,0.0,69940800,1.3766734855854732,1.895229885914056,AAPL,Apple,Stock
2018-07-09,44.86493682861328,47.64500045776367,0.0,47.66999816894531,47.32500076293945,47.375,0.0,79026400,1.3789649477514856,1.9015443271272576,AAPL,Apple,Stock
2018-07-10,44.81079864501953,47.587501525878906,0.0,47.81999969482422,47.54499816894531,47.6775016784668,0.0,63756400,-0.1207421157685484,0.0145786585202655,AAPL,Apple,Stock
2018-07-11,44.22932434082031,46.970001220703125,0.0,47.44499969482422,46.90250015258789,47.125,0.0,75326000,-1.306113583352536,1.7059326926180018,AAPL,Apple,Stock
2018-07-12,44.97088241577149,47.75749969482422,0.0,47.852500915527344,47.32749938964844,47.38249969482422,0.0,72164400,1.662720718588729,2.7646401880242193,AAPL,Apple,Stock
2018-07-13,45.041507720947266,47.83250045776367,0.0,47.959999084472656,47.724998474121094,47.77000045776367,0.0,50055600,0.1569235514386586,0.0246250009961213,AAPL,Apple,Stock
2018-07-16,44.9426383972168,47.727500915527344,0.0,48.162498474121094,47.60499954223633,47.880001068115234,0.0,60172400,-0.2197484063176453,0.0482893620791449,AAPL,Apple,Stock
2018-07-17,45.06975173950195,47.86249923706055,0.0,47.967498779296875,47.29999923706055,47.4375,0.0,62138000,0.2824353993720384,0.0797697548184428,AAPL,Apple,Stock
2018-07-18,44.82256317138672,47.599998474121094,0.0,47.95000076293945,47.48249816894531,47.94499969482422,0.0,65573600,-0.5499673501726281,0.3024640862559021,AAPL,Apple,Stock
2018-07-19,45.17098236083984,47.970001220703125,0.0,48.13750076293945,47.42250061035156,47.42250061035156,0.0,81147200,0.7743242657274472,0.5995780684943502,AAPL,Apple,Stock
2018-07-20,45.06739807128906,47.86000061035156,0.0,48.10749816894531,47.54249954223633,47.94499969482422,0.0,82704800,-0.2295793309925549,0.052706669218989,AAPL,Apple,Stock
2018-07-23,45.10740661621094,47.90250015258789,0.0,47.9900016784668,47.38999938964844,47.66999816894531,0.0,63957600,0.0887355346889872,0.0078739951165404,AAPL,Apple,Stock
2018-07-24,45.43463897705078,48.25,0.0,48.415000915527344,48.01250076293945,48.11249923706055,0.0,74791600,0.7228327645654744,0.5224872055293666,AAPL,Apple,Stock
2018-07-25,45.86309051513672,48.70500183105469,0.0,48.712501525878906,48.10749816894531,48.26499938964844,0.0,66839600,0.9385878177341812,0.8809470915990127,AAPL,Apple,Stock
2018-07-26,45.71949005126953,48.5525016784668,0.0,48.9900016784668,48.40250015258789,48.65250015258789,0.0,76304000,-0.313598024130971,0.098343720738849,AAPL,Apple,Stock
2018-07-27,44.9591178894043,47.744998931884766,0.0,48.79750061035156,47.525001525878906,48.747501373291016,0.0,96096000,-1.6771099634772648,2.8126978295947125,AAPL,Apple,Stock
2018-07-30,44.70721054077149,47.477500915527344,0.0,48.04999923706055,47.26750183105469,47.974998474121094,0.0,84118000,-0.5618787247903101,0.315707701371985,AAPL,Apple,Stock
2018-07-31,44.796669006347656,47.5724983215332,0.0,48.03499984741211,47.334999084472656,47.57500076293945,0.0,157492000,0.1998985872301392,0.0399594451766055,AAPL,Apple,Stock
2018-08-01,47.43565368652344,50.375,0.0,50.439998626708984,49.32749938964844,49.782501220703125,0.0,271742800,5.7240349309435254,32.76457589066165,AAPL,Apple,Stock
2018-08-02,48.82223892211914,51.84749984741211,0.0,52.095001220703125,50.087501525878906,50.14500045776367,0.0,249616000,2.881179124026622,8.301193144726811,AAPL,Apple,Stock
2018-08-03,48.96348571777344,51.997501373291016,0.0,52.185001373291016,51.369998931884766,51.75749969482422,0.0,133789600,0.2888906216300766,0.0834577912658121,AAPL,Apple,Stock
2018-08-06,49.217716217041016,52.26750183105469,0.0,52.3125,51.76750183105469,52.0,0.0,101701600,0.5178813509404798,0.2682010936519364,AAPL,Apple,Stock
2018-08-07,48.756309509277344,51.77750015258789,0.0,52.375,51.689998626708984,52.33000183105469,0.0,102349600,-0.9419029494791076,0.887181166237442,AAPL,Apple,Stock
2018-08-08,48.78926467895508,51.8125,0.0,51.95249938964844,51.130001068115234,51.51250076293945,0.0,90102000,0.0675687671240983,0.0045655382906706,AAPL,Apple,Stock
2018-08-09,49.172996520996094,52.220001220703125,0.0,52.44499969482422,51.79999923706055,52.38249969482422,0.0,93970400,0.7834319053415415,0.613765550307078,AAPL,Apple,Stock
2018-08-10,49.02652740478515,51.88249969482422,0.1825,52.275001525878906,51.66749954223633,51.84000015258789,0.0,98444800,-0.298309439746109,0.0889885218416374,AAPL,Apple,Stock
2018-08-13,49.34309005737305,52.217498779296875,0.0,52.73749923706055,51.92499923706055,52.32749938964844,0.0,103563600,0.6436209747469773,0.4142479591342492,AAPL,Apple,Stock
2018-08-14,49.55097579956055,52.4375,0.0,52.63999938964844,52.064998626708984,52.540000915527344,0.0,82992000,0.4204216837320341,0.1767543921520785,AAPL,Apple,Stock
2018-08-15,49.666725158691406,52.560001373291016,0.0,52.685001373291016,52.08250045776367,52.30500030517578,0.0,115230400,0.2333241156057849,0.0544401429232216,AAPL,Apple,Stock
2018-08-16,50.39434814453125,53.33000183105469,0.0,53.45249938964844,52.86750030517578,52.9375,0.0,114001600,1.4543833831275614,2.115231025117571,AAPL,Apple,Stock
2018-08-17,51.40072250366211,54.39500045776367,0.0,54.48749923706055,53.290000915527344,53.36000061035156,0.0,141708000,1.977320005410365,3.9097944037960457,AAPL,Apple,Stock
2018-08-20,50.899898529052734,53.8650016784668,0.0,54.79499816894531,53.77750015258789,54.525001525878906,0.0,121150800,-0.9791298834628336,0.9586953286899424,AAPL,Apple,Stock
2018-08-21,50.80068588256836,53.7599983215332,0.0,54.29750061035156,53.50749969482422,54.20000076293945,0.0,104639200,-0.1951073900528783,0.038066893653246,AAPL,Apple,Stock
2018-08-22,50.80303192138672,53.76250076293945,0.0,54.09000015258789,53.459999084472656,53.525001525878906,0.0,76072400,0.0046180176660507,2.13260871639571e-05,AAPL,Apple,Stock
2018-08-23,50.906978607177734,53.872501373291016,0.0,54.26250076293945,53.650001525878906,53.662498474121094,0.0,75532800,0.2043982129987133,0.0417786294770674,AAPL,Apple,Stock
2018-08-24,51.06525802612305,54.040000915527344,0.0,54.224998474121094,53.77750015258789,54.150001525878906,0.0,73905600,0.3104365487778018,0.0963708508170725,AAPL,Apple,Stock
2018-08-27,51.48576354980469,54.48500061035156,0.0,54.685001373291016,54.08250045776367,54.287498474121094,0.0,82100400,0.8200949615037173,0.6725557458837835,AAPL,Apple,Stock
2018-08-28,51.90155029296875,54.92499923706055,0.0,55.1349983215332,54.72999954223633,54.752498626708984,0.0,91107200,0.8043326967716884,0.6469510870960168,AAPL,Apple,Stock
2018-08-29,52.6764030456543,55.744998931884766,0.0,55.872501373291016,54.852500915527344,55.037498474121094,0.0,109019200,1.4818934732512536,2.196008266064664,AAPL,Apple,Stock
2018-08-30,53.16069412231445,56.25749969482422,0.0,57.064998626708984,55.599998474121094,55.8125,0.0,195175200,0.9151695760847554,0.8375353529911508,AAPL,Apple,Stock
2018-08-31,53.77491760253906,56.907501220703125,0.0,57.217498779296875,56.5,56.627498626708984,0.0,173360400,1.148785190009178,1.319707412784423,AAPL,Apple,Stock
2018-09-04,53.94737243652344,57.09000015258789,0.0,57.29499816894531,56.657501220703125,57.102500915527344,0.0,109560400,0.3201843949899603,0.1025180467950869,AAPL,Apple,Stock
2018-09-05,53.59537887573242,56.717498779296875,0.0,57.41749954223633,56.275001525878906,57.247501373291016,0.0,133332000,-0.654613748414568,0.4285191596133713,AAPL,Apple,Stock
2018-09-06,52.70476531982422,55.775001525878906,0.0,56.837501525878906,55.32500076293945,56.557498931884766,0.0,137160000,-1.6756974369604696,2.807961900235887,AAPL,Apple,Stock
2018-09-07,52.2795295715332,55.32500076293945,0.0,56.342498779296875,55.1775016784668,55.462501525878906,0.0,150479200,-0.8100984519069225,0.6562595017819924,AAPL,Apple,Stock
2018-09-10,51.577911376953125,54.58250045776367,0.0,55.462501525878906,54.11750030517578,55.23749923706055,0.0,158066000,-1.3511383718771248,1.8255748999587675,AAPL,Apple,Stock
2018-09-11,52.881927490234375,55.962501525878906,0.0,56.07500076293945,54.13999938964844,54.502498626708984,0.0,142996000,2.4968138400726745,6.234079351978455,AAPL,Apple,Stock
2018-09-12,52.2252082824707,55.26750183105469,0.0,56.25,54.959999084472656,56.23500061035156,0.0,197114800,-1.249634953804187,1.5615875177691934,AAPL,Apple,Stock
2018-09-13,53.48670959472656,56.602500915527344,0.0,57.087501525878906,55.64250183105469,55.880001068115234,0.0,166825600,2.386790864046779,5.6967706286971715,AAPL,Apple,Stock
2018-09-14,52.87957000732422,55.959999084472656,0.0,56.709999084472656,55.630001068115234,56.4375,0.0,127997200,-1.141614022062731,1.303282575370246,AAPL,Apple,Stock
2018-09-17,51.471588134765625,54.470001220703125,0.0,55.73749923706055,54.317501068115234,55.537498474121094,0.0,148780400,-2.69870952991095,7.283033126832177,AAPL,Apple,Stock
2018-09-18,51.556640625,54.560001373291016,0.0,55.462501525878906,54.279998779296875,54.4474983215332,0.0,126286800,0.1651052543154968,0.0272597450025848,AAPL,Apple,Stock
2018-09-19,51.58735275268555,54.592498779296875,0.0,54.904998779296875,53.82500076293945,54.625,0.0,108495200,0.0595519478885109,0.0035464344973159,AAPL,Apple,Stock
2018-09-20,51.979515075683594,55.00749969482422,0.0,55.56999969482422,54.787498474121094,55.060001373291016,0.0,106435200,0.7573159361058962,0.5735274270799499,AAPL,Apple,Stock
2018-09-21,51.41962814331055,54.415000915527344,0.0,55.34000015258789,54.3224983215332,55.19499969482422,0.0,384986800,-1.0829730054543951,1.172830530542926,AAPL,Apple,Stock
2018-09-24,52.1590461730957,55.1974983215332,0.0,55.314998626708984,54.157501220703125,54.20500183105469,0.0,110773600,1.4277660832885517,2.0385159885891317,AAPL,Apple,Stock
2018-09-25,52.48978042602539,55.54750061035156,0.0,55.70500183105469,54.92499923706055,54.9375,0.0,98217600,0.6320861204797542,0.3995328637031463,AAPL,Apple,Stock
2018-09-26,52.071632385253906,55.10499954223633,0.0,55.9375,54.939998626708984,55.25,0.0,95938800,-0.799817559140402,0.6397081279093104,AAPL,Apple,Stock
2018-09-27,53.14179992675781,56.23749923706055,0.0,56.61000061035156,55.8849983215332,55.95500183105469,0.0,120724800,2.0343494662774635,4.1385777509434005,AAPL,Apple,Stock
2018-09-28,53.32843399047851,56.435001373291016,0.0,56.459999084472656,56.005001068115234,56.1974983215332,0.0,91717600,0.3505848498938728,0.1229097369751093,AAPL,Apple,Stock
2018-10-01,53.68750762939453,56.814998626708984,0.0,57.35499954223633,56.587501525878906,56.98749923706055,0.0,94403200,0.6710682184373882,0.4503325537967301,AAPL,Apple,Stock
2018-10-02,54.16470718383789,57.31999969482422,0.0,57.5,56.657501220703125,56.8125,0.0,99152800,0.8849195527811656,0.7830826148944182,AAPL,Apple,Stock
2018-10-03,54.82381057739258,58.01750183105469,0.0,58.36750030517578,57.44499969482422,57.51250076293945,0.0,114619200,1.209506179407332,1.4629051980245211,AAPL,Apple,Stock
2018-10-04,53.85996627807617,56.997501373291016,0.0,58.087501525878906,56.682498931884766,57.69499969482422,0.0,128168000,-1.773713789385888,3.1460606066576458,AAPL,Apple,Stock
2018-10-05,52.98588562011719,56.0724983215332,0.0,57.102500915527344,55.14500045776367,56.9900016784668,0.0,134322000,-1.6361892248779104,2.6771151796065773,AAPL,Apple,Stock
2018-10-08,52.863040924072266,55.942501068115234,0.0,56.20000076293945,55.04999923706055,55.5525016784668,0.0,118655600,-0.2321133623352028,0.0538766129745531,AAPL,Apple,Stock
2018-10-09,53.59537887573242,56.717498779296875,0.0,56.817501068115234,55.5625,55.90999984741211,0.0,107564000,1.3758413947212944,1.892939543428637,AAPL,Apple,Stock
2018-10-10,51.112525939941406,54.09000015258789,0.0,56.587501525878906,54.01250076293945,56.3650016784668,0.0,167962400,-4.743325615760329,22.499137897128108,AAPL,Apple,Stock
2018-10-11,50.66129302978515,53.61249923706055,0.0,54.875,53.08000183105469,53.630001068115234,0.0,212497600,-0.8867425266541853,0.7863123085770485,AAPL,Apple,Stock
2018-10-12,52.47088241577149,55.52750015258789,0.0,55.720001220703125,54.209999084472656,55.10499954223633,0.0,161351600,3.5096227155789204,12.317451605707555,AAPL,Apple,Stock
2018-10-15,51.348751068115234,54.34000015258789,0.0,55.45750045776367,54.317501068115234,55.290000915527344,0.0,123164000,-2.16177809530727,4.673284533350328,AAPL,Apple,Stock
2018-10-16,52.48032760620117,55.537498474121094,0.0,55.747501373291016,54.189998626708984,54.73249816894531,0.0,116736000,2.1797772978952232,4.751429068419401,AAPL,Apple,Stock
2018-10-17,52.25354766845703,55.29750061035156,0.0,55.65999984741211,54.834999084472656,55.57500076293945,0.0,91541600,-0.4330600611702312,0.1875410165807644,AAPL,Apple,Stock
2018-10-18,51.03218460083008,54.005001068115234,0.0,54.935001373291016,53.25,54.46500015258789,0.0,130325200,-2.3651282213340132,5.593831503350593,AAPL,Apple,Stock
2018-10-19,51.80941390991211,54.82749938964844,0.0,55.314998626708984,54.35749816894531,54.51499938964844,0.0,132314800,1.5115364178573965,2.28474234250917,AAPL,Apple,Stock
2018-10-22,52.12596130371094,55.162498474121094,0.0,55.84000015258789,54.73500061035156,54.9474983215332,0.0,115168400,0.6091253760244677,0.3710337237169491,AAPL,Apple,Stock
2018-10-23,52.61734771728515,55.682498931884766,0.0,55.8125,53.67499923706055,53.95750045776367,0.0,155071200,0.9382747654898832,0.8803595355550953,AAPL,Apple,Stock
2018-10-24,50.8124885559082,53.772499084472656,0.0,56.057498931884766,53.6349983215332,55.650001525878906,0.0,163702000,-3.490370779521065,12.182688178534484,AAPL,Apple,Stock
2018-10-25,51.92517852783203,54.95000076293945,0.0,55.345001220703125,54.1875,54.4275016784668,0.0,119423200,2.166164585670214,4.692269012211809,AAPL,Apple,Stock
2018-10-26,51.09834671020508,54.07500076293945,0.0,55.04750061035156,53.16749954223633,53.974998474121094,0.0,189033600,-1.6051665264199106,2.5765595775389616,AAPL,Apple,Stock
2018-10-29,50.13921356201172,53.060001373291016,0.0,54.92250061035156,51.522499084472656,54.79750061035156,0.0,183742000,-1.894873491359668,3.590545548257577,AAPL,Apple,Stock
2018-10-30,50.38963317871094,53.32500076293945,0.0,53.79499816894531,52.317501068115234,52.787498474121094,0.0,146640000,0.4982055256524785,0.2482087457906624,AAPL,Apple,Stock
2018-10-31,51.70309829711914,54.71500015258789,0.0,55.11249923706055,54.154998779296875,54.220001220703125,0.0,153435600,2.573224507484004,6.621484365916294,AAPL,Apple,Stock
2018-11-01,52.49686050415039,55.55500030517578,0.0,55.59000015258789,54.20249938964844,54.76250076293945,0.0,233292800,1.5235659792250322,2.321253293051931,AAPL,Apple,Stock
2018-11-02,49.01471328735352,51.869998931884766,0.0,53.412498474121094,51.35749816894531,52.38750076293945,0.0,365314800,-6.8632843679805555,47.10467231576625,AAPL,Apple,Stock
2018-11-05,47.62327575683594,50.397499084472656,0.0,51.09749984741211,49.54249954223633,51.07500076293945,0.0,264654800,-2.879889599815037,8.293764107122815,AAPL,Apple,Stock
2018-11-06,48.13825988769531,50.942501068115234,0.0,51.18000030517578,50.42250061035156,50.47999954223633,0.0,127531600,1.0755656579829778,1.1568414846323558,AAPL,Apple,Stock
2018-11-07,49.59822845458984,52.48749923706055,0.0,52.51499938964844,51.032501220703125,51.49250030517578,0.0,133697600,2.9877831661273113,8.92684824779374,AAPL,Apple,Stock
2018-11-08,49.425174713134766,52.122501373291016,0.1825,52.529998779296875,51.6875,52.494998931884766,0.0,101450400,-0.3495212487052105,0.1221651032964496,AAPL,Apple,Stock
2018-11-09,48.47216796875,51.11750030517578,0.0,51.502498626708984,50.5625,51.38750076293945,0.0,137463200,-1.9470127054191384,3.790858475063553,AAPL,Apple,Stock
2018-11-12,46.03043365478515,48.54249954223633,0.0,49.962501525878906,48.4474983215332,49.75,0.0,204542000,-5.168699799195822,26.71545761420693,AAPL,Apple,Stock
2018-11-13,45.570533752441406,48.057498931884766,0.0,49.29499816894531,47.86249923706055,47.907501220703125,0.0,187531600,-1.0041460908104376,1.0083093716898837,AAPL,Apple,Stock
2018-11-14,44.283294677734375,46.70000076293945,0.0,48.619998931884766,46.48249816894531,48.474998474121094,0.0,243204000,-2.8653807388350305,8.210406778486785,AAPL,Apple,Stock
2018-11-15,45.37614059448242,47.852500915527344,0.0,47.99250030517578,46.724998474121094,47.09749984741211,0.0,185915200,2.4378918715529787,5.943316777384085,AAPL,Apple,Stock
2018-11-16,45.87871551513672,48.38249969482422,0.0,48.74250030517578,47.3650016784668,47.625,0.0,147713200,1.1014865913048415,1.2132727108243588,AAPL,Apple,Stock
2018-11-19,44.06044387817383,46.46500015258789,0.0,47.67499923706055,46.247501373291016,47.5,0.0,167701200,-4.043887952467232,16.353029772109622,AAPL,Apple,Stock
2018-11-20,41.9553337097168,44.244998931884766,0.0,45.36750030517578,43.877498626708984,44.592498779296875,0.0,271300800,-4.895684644396198,23.967728137376728,AAPL,Apple,Stock
2018-11-21,41.907920837402344,44.19499969482422,0.0,45.067501068115234,44.13750076293945,44.932498931884766,0.0,124496800,-0.1130718754525761,0.0127852490183628,AAPL,Apple,Stock
2018-11-23,40.84351348876953,43.0724983215332,0.0,44.150001525878906,43.025001525878906,43.73500061035156,0.0,94496000,-2.572683035428977,6.618698000784056,AAPL,Apple,Stock
2018-11-26,41.39584732055664,43.654998779296875,0.0,43.73749923706055,42.564998626708984,43.560001373291016,0.0,179994000,1.3432549360345218,1.8043338231811077,AAPL,Apple,Stock
2018-11-27,41.3057746887207,43.560001373291016,0.0,43.692501068115234,42.720001220703125,42.877498626708984,0.0,165549600,-0.2178256369398836,0.0474480081082659,AAPL,Apple,Stock
2018-11-28,42.89409637451172,45.23500061035156,0.0,45.3224983215332,43.73249816894531,44.182498931884766,0.0,184250000,3.7731889652486896,14.236954967474476,AAPL,Apple,Stock
2018-11-29,42.56458282470703,44.88750076293945,0.0,45.70000076293945,44.42499923706055,45.665000915527344,0.0,167080000,-0.771168442824292,0.5947007672080433,AAPL,Apple,Stock
2018-11-30,42.33463287353515,44.64500045776367,0.0,45.08250045776367,44.25749969482422,45.0724983215332,0.0,158126000,-0.5417023268999285,0.293441410968797,AAPL,Apple,Stock
2018-12-03,43.81389999389648,46.20500183105469,0.0,46.23500061035156,45.3025016784668,46.1150016784668,0.0,163210000,3.4345623376544516,11.796218451234411,AAPL,Apple,Stock
2018-12-04,41.886566162109375,44.17250061035156,0.0,45.59749984741211,44.067501068115234,45.23749923706055,0.0,165377200,-4.498595963241871,20.23736564049606,AAPL,Apple,Stock
2018-12-06,41.41956329345703,43.68000030517578,0.0,43.69499969482422,42.60499954223633,42.939998626708984,0.0,172393600,-1.1211846325430357,1.257054980250662,AAPL,Apple,Stock
2018-12-07,39.94267272949219,42.122501373291016,0.0,43.622501373291016,42.07500076293945,43.372501373291016,0.0,169126400,-3.6308068174106185,13.182758145355423,AAPL,Apple,Stock
2018-12-10,40.20580291748047,42.400001525878906,0.0,42.522499084472656,40.83250045776367,41.25,0.0,248104000,0.6566092024506339,0.4311356447428575,AAPL,Apple,Stock
2018-12-11,39.97586441040039,42.157501220703125,0.0,42.9474983215332,41.75,42.915000915527344,0.0,189126800,-0.5735454127355791,0.3289543404700258,AAPL,Apple,Stock
2018-12-12,40.0872802734375,42.275001525878906,0.0,42.97999954223633,42.255001068115234,42.599998474121094,0.0,142510800,0.2783201569160581,0.0774621097457792,AAPL,Apple,Stock
2018-12-13,40.525840759277344,42.73749923706055,0.0,43.14250183105469,42.38750076293945,42.622501373291016,0.0,127594400,1.0880730258008864,1.1839029094754965,AAPL,Apple,Stock
2018-12-14,39.22911071777344,41.369998931884766,0.0,42.27000045776367,41.31999969482422,42.25,0.0,162814800,-3.2520722546540566,10.575973949490718,AAPL,Apple,Stock
2018-12-17,38.86404037475586,40.98500061035156,0.0,42.087501525878906,40.682498931884766,41.36249923706055,0.0,177151600,-0.9349680409562076,0.8741652376094886,AAPL,Apple,Stock
2018-12-18,39.36898422241211,41.51750183105469,0.0,41.88249969482422,41.09749984741211,41.345001220703125,0.0,135366000,1.290889268830229,1.666395104381043,AAPL,Apple,Stock
2018-12-19,38.1409797668457,40.22249984741211,0.0,41.86249923706055,39.772499084472656,41.5,0.0,196189200,-3.168901528265909,10.041936895846016,AAPL,Apple,Stock
2018-12-20,37.17851257324219,39.20750045776367,0.0,40.52750015258789,38.82500076293945,40.099998474121094,0.0,259092000,-2.555831314369313,6.532273707510771,AAPL,Apple,Stock
2018-12-21,35.73242950439453,37.682498931884766,0.0,39.540000915527344,37.407501220703125,39.21500015258789,0.0,382978400,-3.9672309465715463,15.73892138343497,AAPL,Apple,Stock
2018-12-24,34.80789566040039,36.70750045776367,0.0,37.88750076293945,36.647499084472656,37.037498474121094,0.0,148676800,-2.621441808977071,6.871957157852979,AAPL,Apple,Stock
2018-12-26,37.25912857055664,39.29249954223633,0.0,39.307498931884766,36.68000030517578,37.07500076293945,0.0,234330000,6.805272926090396,46.31173959857894,AAPL,Apple,Stock
2018-12-27,37.01730728149414,39.037498474121094,0.0,39.192501068115234,37.51750183105469,38.959999084472656,0.0,212468400,-0.6511409458246661,0.4239845313294407,AAPL,Apple,Stock
2018-12-28,37.03627395629883,39.057498931884766,0.0,39.630001068115234,38.63750076293945,39.375,0.0,169165600,0.051224194434319,0.0026239180954449,AAPL,Apple,Stock
2018-12-31,37.39425277709961,39.435001373291016,0.0,39.84000015258789,39.119998931884766,39.63249969482422,0.0,140014000,0.9619213965050678,0.9252927730542598,AAPL,Apple,Stock
2019-01-02,37.436912536621094,39.47999954223633,0.0,39.712501525878906,38.557498931884766,38.72249984741211,0.0,148158800,0.1140160358695289,0.0129996564354017,AAPL,Apple,Stock
2019-01-03,33.70793151855469,35.54750061035156,0.0,36.43000030517578,35.5,35.994998931884766,0.0,365248800,-10.492401760941505,110.09049471300835,AAPL,Apple,Stock
2019-01-04,35.146888732910156,37.064998626708984,0.0,37.13750076293945,35.95000076293945,36.13249969482422,0.0,234428400,4.180293403940889,17.47485294303171,AAPL,Apple,Stock
2019-01-07,35.068660736083984,36.98249816894531,0.0,37.20750045776367,36.474998474121094,37.17499923706055,0.0,219111200,-0.2228225223174096,0.0496498764518925,AAPL,Apple,Stock
2019-01-08,35.7371711730957,37.6875,0.0,37.95500183105469,37.130001068115234,37.38999938964844,0.0,164101200,1.8883481317347597,3.565858666626158,AAPL,Apple,Stock
2019-01-09,36.34405517578125,38.32749938964844,0.0,38.63249969482422,37.407501220703125,37.8224983215332,0.0,180396400,1.6839290176196224,2.8356169363813866,AAPL,Apple,Stock
2019-01-10,36.46021270751953,38.45000076293945,0.0,38.49250030517578,37.71500015258789,38.125,0.0,143122800,0.3190956620458002,0.1018220415364475,AAPL,Apple,Stock
2019-01-11,36.10225296020508,38.0724983215332,0.0,38.42499923706055,37.877498626708984,38.220001220703125,0.0,108092800,-0.9866330968765628,0.9734448678522368,AAPL,Apple,Stock
2019-01-14,35.559383392333984,37.5,0.0,37.817501068115234,37.30500030517578,37.712501525878906,0.0,129756800,-1.515120168918014,2.2955891262621515,AAPL,Apple,Stock
2019-01-15,36.28717422485352,38.26750183105469,0.0,38.34749984741211,37.51250076293945,37.567501068115234,0.0,114843600,2.0260281124793513,4.104789912556643,AAPL,Apple,Stock
2019-01-16,36.73047637939453,38.73500061035156,0.0,38.970001220703125,38.25,38.27000045776367,0.0,122278800,1.2142477813413837,1.4743976744924727,AAPL,Apple,Stock
2019-01-17,36.94856262207031,38.96500015258789,0.0,39.415000915527344,38.314998626708984,38.54999923706055,0.0,119284800,0.5919916506545251,0.3504541144446693,AAPL,Apple,Stock
2019-01-18,37.176151275634766,39.20500183105469,0.0,39.470001220703125,38.994998931884766,39.375,0.0,135004000,0.6140714931991473,0.3770837987598304,AAPL,Apple,Stock
2019-01-22,36.34169006347656,38.32500076293945,0.0,39.182498931884766,38.154998779296875,39.102500915527344,0.0,121576000,-2.270189208724515,5.153759043409239,AAPL,Apple,Stock
2019-01-23,36.4886589050293,38.47999954223633,0.0,38.78499984741211,37.92499923706055,38.537498474121094,0.0,92522400,0.4035928514107393,0.1628871897098511,AAPL,Apple,Stock
2019-01-24,36.19945526123047,38.17499923706055,0.0,38.619998931884766,37.935001373291016,38.52750015258789,0.0,101766000,-0.7957426689660922,0.6332063952132798,AAPL,Apple,Stock
2019-01-25,37.39899063110352,39.439998626708984,0.0,39.532501220703125,38.58000183105469,38.869998931884766,0.0,134142000,3.259964489692762,10.62736847405779,AAPL,Apple,Stock
2019-01-28,37.052879333496094,39.07500076293945,0.0,39.08250045776367,38.415000915527344,38.9474983215332,0.0,104768400,-0.9297652056452796,0.8644633376286089,AAPL,Apple,Stock
2019-01-29,36.66883087158203,38.66999816894531,0.0,39.532501220703125,38.52750015258789,39.0625,0.0,166348800,-1.0418964373778612,1.0855481862206795,AAPL,Apple,Stock
2019-01-30,39.17457962036133,41.3125,0.0,41.537498474121094,40.057498931884766,40.8125,0.0,244439200,6.610095821761187,43.69336677286471,AAPL,Apple,Stock
2019-01-31,39.45668411254883,41.61000061035156,0.0,42.25,41.13999938964844,41.52750015258789,0.0,162958400,0.7175408080056703,0.5148648111534303,AAPL,Apple,Stock
2019-02-01,39.47566223144531,41.630001068115234,0.0,42.244998931884766,41.48249816894531,41.7400016784668,0.0,130672400,0.0480870521179799,0.0023123645813973,AAPL,Apple,Stock
2019-02-04,40.596954345703125,42.8125,0.0,42.915000915527344,41.81999969482422,41.852500915527344,0.0,125982000,2.8008711706411265,7.844879314528594,AAPL,Apple,Stock
2019-02-05,41.29154968261719,43.54499816894531,0.0,43.77000045776367,43.087501525878906,43.21500015258789,0.0,144406400,1.696482318465376,2.878052256865658,AAPL,Apple,Stock
2019-02-06,41.3057746887207,43.560001373291016,0.0,43.89250183105469,43.212501525878906,43.662498474121094,0.0,112958400,0.0344442301307446,0.0011864049892996,AAPL,Apple,Stock
2019-02-07,40.52346420288086,42.73500061035156,0.0,43.48500061035156,42.584999084472656,43.099998474121094,0.0,126966800,-1.9121143783490908,3.65618139588933,AAPL,Apple,Stock
2019-02-08,40.57109069824219,42.602500915527344,0.1825,42.665000915527344,42.10499954223633,42.247501373291016,0.0,95280000,0.1174591830366858,0.0137966596796456,AAPL,Apple,Stock
2019-02-11,40.337772369384766,42.35749816894531,0.0,42.8025016784668,42.3125,42.76250076293945,0.0,83973600,-0.5767451593299214,0.3326349788104965,AAPL,Apple,Stock
2019-02-12,40.685359954833984,42.72249984741211,0.0,42.75,42.42499923706055,42.525001525878906,0.0,89134000,0.8580011851606966,0.7361660337371599,AAPL,Apple,Stock
2019-02-13,40.51632308959961,42.54499816894531,0.0,43.119998931884766,42.47999954223633,42.84749984741211,0.0,89960800,-0.4163389305930781,0.1733381051273879,AAPL,Apple,Stock
2019-02-14,40.663944244384766,42.70000076293945,0.0,42.814998626708984,42.345001220703125,42.4275016784668,0.0,87342800,0.3636876850667422,0.1322687322692059,AAPL,Apple,Stock
2019-02-15,40.573463439941406,42.60499954223633,0.0,42.92499923706055,42.4375,42.8125,0.0,98507200,-0.2227565956046771,0.0496205008853856,AAPL,Apple,Stock
2019-02-19,40.694881439208984,42.73249816894531,0.0,42.86000061035156,42.372501373291016,42.4275016784668,0.0,75891200,0.29880783173153,0.0892861203040983,AAPL,Apple,Stock
2019-02-20,40.95677947998047,43.00749969482422,0.0,43.33000183105469,42.747501373291016,42.79750061035156,0.0,104457600,0.6415030287727859,0.4115261359246577,AAPL,Apple,Stock
2019-02-21,40.72584533691406,42.76499938964844,0.0,43.092498779296875,42.57500076293945,42.95000076293945,0.0,68998800,-0.5654440191721262,0.3197269388175278,AAPL,Apple,Stock
2019-02-22,41.180564880371094,43.24250030517578,0.0,43.25,42.845001220703125,42.89500045776367,0.0,75652800,1.1103507381779238,1.2328787617722603,AAPL,Apple,Stock
2019-02-25,41.48054504394531,43.557498931884766,0.0,43.967498779296875,43.48749923706055,43.540000915527344,0.0,87493600,0.7258104343447808,0.5268007866037593,AAPL,Apple,Stock
2019-02-26,41.504356384277344,43.58250045776367,0.0,43.82500076293945,43.29249954223633,43.4275016784668,0.0,68280800,0.0573871645942957,0.0032932866601727,AAPL,Apple,Stock
2019-02-27,41.63291549682617,43.717498779296875,0.0,43.75,43.182498931884766,43.3025016784668,0.0,111341600,0.3092697465526839,0.0956477761327613,AAPL,Apple,Stock
2019-02-28,41.22342300415039,43.287498474121094,0.0,43.727500915527344,43.22999954223633,43.58000183105469,0.0,112861600,-0.9884477980306444,0.9770290494316294,AAPL,Apple,Stock
2019-03-01,41.65673065185547,43.74250030517578,0.0,43.787498474121094,43.22249984741211,43.56999969482422,0.0,103544800,1.0456341513879406,1.0933507785487786,AAPL,Apple,Stock
2019-03-04,41.866233825683594,43.962501525878906,0.0,44.4375,43.49250030517578,43.92250061035156,0.0,109744800,0.5016670912455115,0.2516698704387323,AAPL,Apple,Stock
2019-03-05,41.79005432128906,43.88249969482422,0.0,44.0,43.6349983215332,43.98500061035156,0.0,78949600,-0.1821250431711274,0.033169531350085,AAPL,Apple,Stock
2019-03-06,41.54959487915039,43.630001068115234,0.0,43.872501373291016,43.48500061035156,43.66749954223633,0.0,83241600,-0.5770605269350774,0.3329988517465891,AAPL,Apple,Stock
2019-03-07,41.06867599487305,43.125,0.0,43.61000061035156,43.005001068115234,43.467498779296875,0.0,99185600,-1.1642081372034128,1.3553805867306403,AAPL,Apple,Stock
2019-03-08,41.16628646850586,43.227500915527344,0.0,43.26750183105469,42.375,42.58000183105469,0.0,95997600,0.2373942093484069,0.0563560106321552,AAPL,Apple,Stock
2019-03-11,42.592376708984375,44.724998474121094,0.0,44.779998779296875,43.837501525878906,43.872501373291016,0.0,128044000,3.4055654994029987,11.597876370723997,AAPL,Apple,Stock
2019-03-12,43.0709228515625,45.227500915527344,0.0,45.66749954223633,44.842498779296875,45.0,0.0,129870400,1.1172838851452764,1.2483232800053232,AAPL,Apple,Stock
2019-03-13,43.261383056640625,45.4275016784668,0.0,45.82500076293945,45.22999954223633,45.5625,0.0,124130000,0.44122651900858,0.1946808410764288,AAPL,Apple,Stock
2019-03-14,43.742313385009766,45.932498931884766,0.0,46.025001525878906,45.63999938964844,45.974998474121094,0.0,94318000,1.10555125007062,1.2222435665327105,AAPL,Apple,Stock
2019-03-15,44.311309814453125,46.529998779296875,0.0,46.83250045776367,45.935001373291016,46.212501525878906,0.0,156171600,1.2924041708743998,1.670308540893545,AAPL,Apple,Stock
2019-03-18,44.7636604309082,47.005001068115234,0.0,47.09749984741211,46.4474983215332,46.45000076293945,0.0,104879200,1.0156714144639811,1.0315884221592646,AAPL,Apple,Stock
2019-03-19,44.408931732177734,46.63249969482422,0.0,47.247501373291016,46.47999954223633,47.087501525878906,0.0,126585600,-0.7956044817754976,0.6329864914212581,AAPL,Apple,Stock
2019-03-20,44.796993255615234,47.040000915527344,0.0,47.372501373291016,46.182498931884766,46.557498931884766,0.0,124140800,0.8700407992297732,0.7569709923243825,AAPL,Apple,Stock
2019-03-21,46.44688034057617,48.772499084472656,0.0,49.08250045776367,47.45249938964844,47.505001068115234,0.0,204136800,3.616827899895949,13.081444057465742,AAPL,Apple,Stock
2019-03-22,45.485050201416016,47.76250076293945,0.0,49.42250061035156,47.69499969482422,48.834999084472656,0.0,169630800,-2.0925596372485877,4.378805835441941,AAPL,Apple,Stock
2019-03-25,44.935081481933594,47.185001373291016,0.0,47.994998931884766,46.650001525878906,47.877498626708984,0.0,175381200,-1.216489052751409,1.4798456154640205,AAPL,Apple,Stock
2019-03-26,44.470829010009766,46.6974983215332,0.0,48.220001220703125,46.14500045776367,47.915000915527344,0.0,199202000,-1.0385368082669633,1.0785587021253311,AAPL,Apple,Stock
2019-03-27,44.87080001831055,47.11750030517578,0.0,47.439998626708984,46.63750076293945,47.1875,0.0,119393600,0.8953803166713568,0.8017059114824991,AAPL,Apple,Stock
2019-03-28,44.9303092956543,47.18000030517578,0.0,47.38999938964844,46.88249969482422,47.23749923706055,0.0,83121600,0.1325357481870785,0.0175657245475087,AAPL,Apple,Stock
2019-03-29,45.22315216064453,47.48749923706055,0.0,47.52000045776367,47.1349983215332,47.45750045776367,0.0,94256000,0.6496564640345215,0.4220535212618375,AAPL,Apple,Stock
2019-04-01,45.53028869628906,47.810001373291016,0.0,47.91999816894531,47.095001220703125,47.90999984741211,0.0,111448000,0.6768618475390646,0.458141960653996,AAPL,Apple,Stock
2019-04-02,46.192142486572266,48.505001068115234,0.0,48.6150016784668,47.76250076293945,47.772499084472656,0.0,91062800,1.4431917455671146,2.0828024144730555,AAPL,Apple,Stock
2019-04-03,46.508785247802734,48.837501525878906,0.0,49.125,48.287498474121094,48.3125,0.0,93087200,0.6831517233645622,0.4666962771359713,AAPL,Apple,Stock
2019-04-04,46.589725494384766,48.92250061035156,0.0,49.092498779296875,48.28499984741211,48.6974983215332,0.0,76457200,0.1738809059995698,0.0302345694712312,AAPL,Apple,Stock
2019-04-05,46.90160369873047,49.25,0.0,49.275001525878906,48.98249816894531,49.11249923706055,0.0,74106400,0.6671835001870013,0.4451338229217784,AAPL,Apple,Stock
2019-04-08,47.63966369628906,50.025001525878906,0.0,50.057498931884766,49.084999084472656,49.10499954223633,0.0,103526800,1.5613816319918463,2.4379126007215213,AAPL,Apple,Stock
2019-04-09,47.496803283691406,49.875,0.0,50.712501525878906,49.807498931884766,50.08000183105469,0.0,143072800,-0.3003275705143131,0.0901966496110296,AAPL,Apple,Stock
2019-04-10,47.76346206665039,50.154998779296875,0.0,50.185001373291016,49.54499816894531,49.66999816894531,0.0,86781200,0.5598545804682105,0.3134371512712359,AAPL,Apple,Stock
2019-04-11,47.365875244140625,49.73749923706055,0.0,50.25,49.61000061035156,50.212501525878906,0.0,83603200,-0.8358917422227375,0.6987150047161635,AAPL,Apple,Stock
2019-04-12,47.34681701660156,49.717498779296875,0.0,50.03499984741211,49.0525016784668,49.79999923706055,0.0,111042800,-0.0402442953344008,0.0016196033069624,AAPL,Apple,Stock
2019-04-15,47.432525634765625,49.807498931884766,0.0,49.962501525878906,49.502498626708984,49.64500045776367,0.0,70146400,0.1808593288985646,0.0327100968496391,AAPL,Apple,Stock
2019-04-16,47.437286376953125,49.8125,0.0,50.342498779296875,49.63999938964844,49.8650016784668,0.0,102785600,0.010036368978802,0.0001007287022786,AAPL,Apple,Stock
2019-04-17,48.36103820800781,50.782501220703125,0.0,50.845001220703125,49.65250015258789,49.8849983215332,0.0,115627200,1.9285941944164684,3.719475566736907,AAPL,Apple,Stock
2019-04-18,48.53483963012695,50.96500015258789,0.0,51.037498474121094,50.630001068115234,50.779998779296875,0.0,96783200,0.3587389110653401,0.128693606312346,AAPL,Apple,Stock
2019-04-22,48.6943473815918,51.13249969482422,0.0,51.23500061035156,50.584999084472656,50.70750045776367,0.0,77758000,0.3281070210798797,0.1076542172819126,AAPL,Apple,Stock
2019-04-23,49.396690368652344,51.869998931884766,0.0,51.9375,50.974998474121094,51.10749816894531,0.0,93292000,1.4320472204829395,2.050759241692913,AAPL,Apple,Stock
2019-04-24,49.320499420166016,51.790000915527344,0.0,52.119998931884766,51.76250076293945,51.84000015258789,0.0,70162400,-0.1543621000113275,0.023827657919907,AAPL,Apple,Stock
2019-04-25,48.8729133605957,51.31999969482422,0.0,51.939998626708984,51.279998779296875,51.70750045776367,0.0,74172800,-0.9116480358612206,0.8311021412896213,AAPL,Apple,Stock
2019-04-26,48.63959503173828,51.07500076293945,0.0,51.25,50.529998779296875,51.224998474121094,0.0,74596400,-0.4785412209292414,0.2290017001284491,AAPL,Apple,Stock
2019-04-29,48.713401794433594,51.15250015258789,0.0,51.49250030517578,50.96500015258789,51.099998474121094,0.0,88818800,0.1516271285777237,0.0229907861207255,AAPL,Apple,Stock
2019-04-30,47.77537536621094,50.16749954223633,0.0,50.849998474121094,49.77750015258789,50.76499938964844,0.0,186139600,-1.9443836026919397,3.7806275944172865,AAPL,Apple,Stock
2019-05-01,50.120452880859375,52.630001068115234,0.0,53.82749938964844,52.307498931884766,52.470001220703125,0.0,259309200,4.79188188636366,22.96213201286015,AAPL,Apple,Stock
2019-05-02,49.794281005859375,52.287498474121094,0.0,53.162498474121094,52.032501220703125,52.459999084472656,0.0,127985200,-0.6529027721691734,0.4262820299061915,AAPL,Apple,Stock
2019-05-03,50.41328811645508,52.9375,0.0,52.959999084472656,52.557498931884766,52.72249984741211,0.0,83569600,1.2354655234913223,1.5263750597356878,AAPL,Apple,Stock
2019-05-06,49.63477325439453,52.119998931884766,0.0,52.209999084472656,50.875,51.0724983215332,0.0,129772400,-1.5563131660378329,2.422110670782703,AAPL,Apple,Stock
2019-05-07,48.29676055908203,50.71500015258789,0.0,51.85499954223633,50.20750045776367,51.470001220703125,0.0,155054800,-2.732717253169488,7.467743585770192,AAPL,Apple,Stock
2019-05-08,48.306278228759766,50.724998474121094,0.0,51.334999084472656,50.4375,50.474998474121094,0.0,105358000,0.0197047004482584,0.0003882752197555,AAPL,Apple,Stock
2019-05-09,47.78727340698242,50.18000030517578,0.0,50.41999816894531,49.165000915527344,50.099998474121094,0.0,139634400,-1.0802178912015838,1.166870692471997,AAPL,Apple,Stock
2019-05-10,47.125247955322266,49.29499816894531,0.1925,49.712501525878906,48.192501068115234,49.35499954223633,0.0,164834800,-1.3950449925878854,1.9461505313445333,AAPL,Apple,Stock
2019-05-13,44.38636016845703,46.43000030517578,0.0,47.369998931884766,45.712501525878906,46.9275016784668,0.0,229722400,-5.98766885773189,35.852178349852316,AAPL,Apple,Stock
2019-05-14,45.089012145996094,47.165000915527344,0.0,47.42499923706055,46.352500915527344,46.602500915527344,0.0,146118800,1.5706364870374367,2.4668989744133003,AAPL,Apple,Stock
2019-05-15,45.62913513183594,47.72999954223633,0.0,47.9375,46.505001068115234,46.567501068115234,0.0,106178800,1.1907857123483212,1.4179706127328988,AAPL,Apple,Stock
2019-05-16,45.42838668823242,47.52000045776367,0.0,48.11750030517578,47.209999084472656,47.477500915527344,0.0,132125600,-0.4409273716913239,0.1944169471066189,AAPL,Apple,Stock
2019-05-17,45.17024612426758,47.25,0.0,47.724998474121094,46.689998626708984,46.73249816894531,0.0,131516400,-0.5698568610042972,0.3247368420336709,AAPL,Apple,Stock
2019-05-20,43.75779342651367,45.772499084472656,0.0,46.087501525878906,45.06999969482422,45.880001068115234,0.0,154449200,-3.1768866092760453,10.092608528197449,AAPL,Apple,Stock
2019-05-21,44.5966682434082,46.650001525878906,0.0,47.0,46.17499923706055,46.30500030517578,0.0,113459200,1.898942077045393,3.605981011973471,AAPL,Apple,Stock
2019-05-22,43.683692932128906,45.69499969482422,0.0,46.4275016784668,45.63750076293945,46.165000915527344,0.0,118994400,-2.0684280160628075,4.278394457633522,AAPL,Apple,Stock
2019-05-23,42.93804931640625,44.915000915527344,0.0,45.1349983215332,44.45249938964844,44.95000076293945,0.0,146118800,-1.7216509716451396,2.964082068166653,AAPL,Apple,Stock
2019-05-24,42.773136138916016,44.74250030517578,0.0,45.53499984741211,44.654998779296875,45.04999923706055,0.0,94858800,-0.384811807507161,0.1480801271969283,AAPL,Apple,Stock
2019-05-28,42.59626770019531,44.557498931884766,0.0,45.147499084472656,44.477500915527344,44.72999954223633,0.0,111792800,-0.4143608455219364,0.1716949103016541,AAPL,Apple,Stock
2019-05-29,42.39313125610352,44.345001220703125,0.0,44.837501525878906,44.0,44.10499954223633,0.0,113924800,-0.4780286327733715,0.2285113737511788,AAPL,Apple,Stock
2019-05-30,42.613006591796875,44.57500076293945,0.0,44.807498931884766,44.16749954223633,44.48749923706055,0.0,84873600,0.5173175293306203,0.2676174261527371,AAPL,Apple,Stock
2019-05-31,41.84104919433594,43.76750183105469,0.0,44.497501373291016,43.747501373291016,44.057498931884766,0.0,108174400,-1.828162994248909,3.3421799335411366,AAPL,Apple,Stock
2019-06-03,41.418025970458984,43.32500076293945,0.0,44.47999954223633,42.567501068115234,43.900001525878906,0.0,161584400,-1.0161699806376023,1.0326014295490251,AAPL,Apple,Stock
2019-06-04,42.933258056640625,44.90999984741211,0.0,44.95750045776367,43.630001068115234,43.86000061035156,0.0,123872000,3.593057567914409,12.910062686347006,AAPL,Apple,Stock
2019-06-05,43.6263427734375,45.6349983215332,0.0,46.247501373291016,45.28499984741211,46.06999969482422,0.0,119093600,1.6014388294285742,2.564606324401562,AAPL,Apple,Stock
2019-06-06,44.266845703125,46.30500030517578,0.0,46.36750030517578,45.537498474121094,45.77000045776367,0.0,90105200,1.457483290857405,2.1242575431285307,AAPL,Apple,Stock
2019-06-07,45.44510269165039,47.537498474121094,0.0,47.97999954223633,46.442501068115234,46.627498626708984,0.0,122737600,2.6269070394673673,6.9006405940032085,AAPL,Apple,Stock
2019-06-10,46.02585983276367,48.14500045776367,0.0,48.842498779296875,47.904998779296875,47.95249938964844,0.0,104883600,1.2698345549028276,1.6124797968252622,AAPL,Apple,Stock
2019-06-11,46.55883026123047,48.70249938964844,0.0,49.0,48.400001525878906,48.71500015258789,0.0,107731600,1.151327104417619,1.325554101366659,AAPL,Apple,Stock
2019-06-12,46.41065979003906,48.54750061035156,0.0,48.99250030517578,48.34749984741211,48.48749923706055,0.0,73012800,-0.31875101511991,0.1016022096399731,AAPL,Apple,Stock
2019-06-13,46.40108108520508,48.537498474121094,0.0,49.1974983215332,48.400001525878906,48.67499923706055,0.0,86698400,-0.0206411490134005,0.0004260570325934,AAPL,Apple,Stock
2019-06-14,46.064109802246094,48.185001373291016,0.0,48.397499084472656,47.57500076293945,47.88750076293945,0.0,75046000,-0.7288640655003542,0.5312428259777047,AAPL,Apple,Stock
2019-06-17,46.33895492553711,48.47249984741211,0.0,48.7400016784668,48.04249954223633,48.224998474121094,0.0,58676400,0.5948848875021341,0.3538880293784267,AAPL,Apple,Stock
2019-06-18,47.42877960205078,49.61249923706055,0.0,50.0724983215332,48.8025016784668,49.01250076293945,0.0,106204000,2.324624262049508,5.403877959709219,AAPL,Apple,Stock
2019-06-19,47.2901611328125,49.467498779296875,0.0,49.970001220703125,49.32749938964844,49.91999816894531,0.0,84496800,-0.2926945067690466,0.0856700742927754,AAPL,Apple,Stock
2019-06-20,47.670162200927734,49.8650016784668,0.0,50.15250015258789,49.50749969482422,50.092498779296875,0.0,86056000,0.8003407805950746,0.6405453650835334,AAPL,Apple,Stock
2019-06-21,47.50763320922851,49.69499969482422,0.0,50.212501525878906,49.537498474121094,49.70000076293945,0.0,191202400,-0.3415274518144203,0.1166410003428512,AAPL,Apple,Stock
2019-06-24,47.459842681884766,49.64500045776367,0.0,50.040000915527344,49.54249954223633,49.6349983215332,0.0,72881600,-0.1006461021091414,0.0101296378697637,AAPL,Apple,Stock
2019-06-25,46.74047088623047,48.89250183105469,0.0,49.814998626708984,48.8224983215332,49.60749816894531,0.0,84281200,-1.5273532602740254,2.3328079816696947,AAPL,Apple,Stock
2019-06-26,47.75142288208008,49.95000076293945,0.0,50.247501373291016,49.337501525878906,49.442501068115234,0.0,104270000,2.1398461412670895,4.578941508295653,AAPL,Apple,Stock
2019-06-27,47.737083435058594,49.935001373291016,0.0,50.39250183105469,49.89250183105469,50.0724983215332,0.0,83598800,-0.0300338704255093,0.0009020333727362,AAPL,Apple,Stock
2019-06-28,47.30210494995117,49.47999954223633,0.0,49.875,49.26250076293945,49.66999816894531,0.0,124442400,-0.9153729735278348,0.8379076806651901,AAPL,Apple,Stock
2019-07-01,48.16967010498047,50.38750076293945,0.0,51.122501373291016,50.162498474121094,50.79249954223633,0.0,109012000,1.817477544024906,3.3032246230348044,AAPL,Apple,Stock
2019-07-02,48.45168685913086,50.682498931884766,0.0,50.782501220703125,50.34000015258789,50.352500915527344,0.0,67740800,0.583758216354488,0.3407736551613732,AAPL,Apple,Stock
2019-07-03,48.85318374633789,51.102500915527344,0.0,51.11000061035156,50.67250061035156,50.81999969482422,0.0,45448000,0.8252396067520243,0.6810204085522358,AAPL,Apple,Stock
2019-07-05,48.810176849365234,51.057498931884766,0.0,51.27000045776367,50.724998474121094,50.837501525878906,0.0,69062000,-0.0880717179712782,0.0077566275064123,AAPL,Apple,Stock
2019-07-08,47.80400848388672,50.005001068115234,0.0,50.349998474121094,49.602500915527344,50.20249938964844,0.0,101354400,-2.0829337635494083,4.338613063334102,AAPL,Apple,Stock
2019-07-09,48.0955696105957,50.310001373291016,0.0,50.377498626708984,49.70249938964844,49.79999923706055,0.0,82312000,0.6080569504762956,0.3697332550225322,AAPL,Apple,Stock
2019-07-10,48.57117462158203,50.807498931884766,0.0,50.932498931884766,50.38999938964844,50.462501525878906,0.0,71588400,0.9840175180331892,0.968290475796198,AAPL,Apple,Stock
2019-07-11,48.21745300292969,50.4375,0.0,51.09749984741211,50.4275016784668,50.82749938964844,0.0,80767200,-0.730918914976456,0.5342424602703597,AAPL,Apple,Stock
2019-07-12,48.587913513183594,50.82500076293945,0.0,51.0,50.54999923706055,50.61249923706055,0.0,70380800,0.7653755820541712,0.5857997816047614,AAPL,Apple,Stock
2019-07-15,49.04439926147461,51.3025016784668,0.0,51.467498779296875,51.0,51.022499084472656,0.0,67789600,0.9351188387372692,0.8744472425613391,AAPL,Apple,Stock
2019-07-16,48.874717712402344,51.125,0.0,51.52750015258789,50.875,51.147499084472656,0.0,67467200,-0.3465752636654824,0.1201144133847987,AAPL,Apple,Stock
2019-07-17,48.599857330322266,50.837501525878906,0.0,51.272499084472656,50.817501068115234,51.01250076293945,0.0,56430000,-0.5639647271465167,0.318056213465445,AAPL,Apple,Stock
2019-07-18,49.15193939208984,51.415000915527344,0.0,51.470001220703125,50.92499923706055,51.0,0.0,74162400,1.1295709141295474,1.2759304500474613,AAPL,Apple,Stock
2019-07-19,48.418212890625,50.647499084472656,0.0,51.625,50.59000015258789,51.4474983215332,0.0,83717200,-1.5040262120553518,2.2620948465495703,AAPL,Apple,Stock
2019-07-22,49.52477264404297,51.80500030517578,0.0,51.807498931884766,50.90250015258789,50.912498474121094,0.0,89111600,2.259695951018694,5.106225791050277,AAPL,Apple,Stock
2019-07-23,49.91195297241211,52.209999084472656,0.0,52.227500915527344,51.8224983215332,52.1150016784668,0.0,73420800,0.778751075500263,0.6064532375928163,AAPL,Apple,Stock
2019-07-24,49.87131118774414,52.16749954223633,0.0,52.287498474121094,51.79249954223633,51.91749954223633,0.0,59966400,-0.0814601271214038,0.0066357523106352,AAPL,Apple,Stock
2019-07-25,49.47697830200195,51.755001068115234,0.0,52.310001373291016,51.682498931884766,52.22249984741211,0.0,55638400,-0.7938434745660775,0.6301874621111425,AAPL,Apple,Stock
2019-07-26,49.649051666259766,51.935001373291016,0.0,52.432498931884766,51.78499984741211,51.869998931884766,0.0,70475600,0.3471813350201286,0.1205348793863587,AAPL,Apple,Stock
2019-07-29,50.11271286010742,52.41999816894531,0.0,52.65999984741211,52.11000061035156,52.1150016784668,0.0,86693600,0.9295435673231246,0.8640512435518003,AAPL,Apple,Stock
2019-07-30,49.897613525390625,52.19499969482422,0.0,52.540000915527344,51.82749938964844,52.189998626708984,0.0,135742800,-0.4301549133209534,0.1850332494541569,AAPL,Apple,Stock
2019-07-31,50.91572189331055,53.2599983215332,0.0,55.342498779296875,52.82500076293945,54.10499954223633,0.0,277125600,2.0198577453238373,4.079825311344695,AAPL,Apple,Stock
2019-08-01,49.8139533996582,52.10749816894531,0.0,54.50749969482422,51.685001373291016,53.474998474121094,0.0,216071600,-2.187662039135312,4.785865197473671,AAPL,Apple,Stock
2019-08-02,48.759979248046875,51.005001068115234,0.0,51.60749816894531,50.407501220703125,51.38249969482422,0.0,163448400,-2.138525451403545,4.573291106300736,AAPL,Apple,Stock
2019-08-05,46.20751190185547,48.334999084472656,0.0,49.662498474121094,48.14500045776367,49.497501373291016,0.0,209572000,-5.376749887042128,28.909439347807535,AAPL,Apple,Stock
2019-08-06,47.08222198486328,49.25,0.0,49.51750183105469,48.5099983215332,49.07749938964844,0.0,143299200,1.8753097069783773,3.5167864970873275,AAPL,Apple,Stock
2019-08-07,47.56977462768555,49.7599983215332,0.0,49.88999938964844,48.45500183105469,48.852500915527344,0.0,133457600,1.0302095515979923,1.0613317202037365,AAPL,Apple,Stock
2019-08-08,48.61898040771485,50.85749816894531,0.0,50.88249969482422,49.84749984741211,50.04999923706055,0.0,108038000,2.1816425298320525,4.7595641279719985,AAPL,Apple,Stock
2019-08-09,48.21834564208984,50.247501373291016,0.1925,50.689998626708984,49.8224983215332,50.32500076293945,0.0,98478800,-0.8274434410690731,0.6846626481682286,AAPL,Apple,Stock
2019-08-12,48.095985412597656,50.119998931884766,0.0,50.51250076293945,49.787498474121094,49.904998779296875,0.0,89927600,-0.2540853349266367,0.0645593574247811,AAPL,Apple,Stock
2019-08-13,50.13275909423828,52.24250030517578,0.0,53.03499984741211,50.119998931884766,50.255001068115234,0.0,188874000,4.147595827186335,17.2025511456935,AAPL,Apple,Stock
2019-08-14,48.64057540893555,50.6875,0.0,51.61000061035156,50.647499084472656,50.790000915527344,0.0,146189600,-3.021660100337825,9.130429761973597,AAPL,Apple,Stock
2019-08-15,48.39826965332031,50.435001373291016,0.0,51.28499984741211,49.91749954223633,50.8650016784668,0.0,108909600,-0.4994005422334111,0.249400901583025,AAPL,Apple,Stock
2019-08-16,49.54020309448242,51.625,0.0,51.790000915527344,50.959999084472656,51.06999969482422,0.0,110481600,2.332046153978521,5.438439264286012,AAPL,Apple,Stock
2019-08-19,50.463836669921875,52.587501525878906,0.0,53.182498931884766,52.50749969482422,52.654998779296875,0.0,97654400,1.847245055032832,3.41231429334325,AAPL,Apple,Stock
2019-08-20,50.46624374389648,52.59000015258789,0.0,53.337501525878906,52.58000183105469,52.720001220703125,0.0,107537200,0.0047697851130248,2.275085002443375e-05,AAPL,Apple,Stock
2019-08-21,51.013214111328125,53.15999984741211,0.0,53.412498474121094,52.900001525878906,53.247501373291016,0.0,86141600,1.078002732548792,1.1620898913826625,AAPL,Apple,Stock
2019-08-22,50.97003555297851,53.1150016784668,0.0,53.61000061035156,52.6875,53.29750061035156,0.0,89014800,-0.0846777506537054,0.0071703214557711,AAPL,Apple,Stock
2019-08-23,48.61417388916016,50.65999984741211,0.0,53.01250076293945,50.25,52.35749816894531,0.0,187272000,-4.732278968270436,22.394464233534705,AAPL,Apple,Stock
2019-08-26,49.537818908691406,51.622501373291016,0.0,51.79750061035156,51.26499938964844,51.46500015258789,0.0,104174400,1.8821264022056232,3.5423997938794836,AAPL,Apple,Stock
2019-08-27,48.97883605957031,51.040000915527344,0.0,52.13750076293945,50.88249969482422,51.96500015258789,0.0,103493200,-1.1348108562674737,1.2877956795025167,AAPL,Apple,Stock
2019-08-28,49.3075065612793,51.38249969482422,0.0,51.43000030517578,50.83000183105469,51.025001525878906,0.0,63755200,0.6688044708178221,0.447299420185907,AAPL,Apple,Stock
2019-08-29,50.14236831665039,52.252498626708984,0.0,52.33000183105469,51.665000915527344,52.125,0.0,83962000,1.6789993328145576,2.8190387595917294,AAPL,Apple,Stock
2019-08-30,50.07759475708008,52.185001373291016,0.0,52.61249923706055,51.79999923706055,52.540000915527344,0.0,84573600,-0.1292628067359559,0.016708873205257,AAPL,Apple,Stock
2019-09-03,49.34828567504883,51.42499923706055,0.0,51.744998931884766,51.05500030517578,51.60749816894531,0.0,80092000,-1.4670670443024032,2.1522857124781893,AAPL,Apple,Stock
2019-09-04,50.18553924560547,52.29750061035156,0.0,52.369998931884766,51.83000183105469,52.09749984741211,0.0,76752400,1.6823895181210309,2.8304344906835137,AAPL,Apple,Stock
2019-09-05,51.166751861572266,53.31999969482422,0.0,53.49250030517578,52.877498626708984,53.0,0.0,95654800,1.9363021041700308,3.749265838613289,AAPL,Apple,Stock
2019-09-06,51.16196060180664,53.314998626708984,0.0,53.60499954223633,53.127498626708984,53.51250076293945,0.0,77449200,-0.0093644484598382,8.7692894956967e-05,AAPL,Apple,Stock
2019-09-09,51.380271911621094,53.54249954223633,0.0,54.11000061035156,52.76750183105469,53.709999084472656,0.0,109237600,0.4257984916130942,0.1813043554599863,AAPL,Apple,Stock
2019-09-10,51.98722839355469,54.17499923706055,0.0,54.19499969482422,52.9275016784668,53.46500015258789,0.0,127111600,1.1743796762328758,1.3791676239488342,AAPL,Apple,Stock
2019-09-11,53.64016342163086,55.897499084472656,0.0,55.9275016784668,54.432498931884766,54.51750183105469,0.0,177158400,3.1300024447618098,9.796915304214906,AAPL,Apple,Stock
2019-09-12,53.52021789550781,55.772499084472656,0.0,56.60499954223633,55.71500015258789,56.20000076293945,0.0,128906800,-0.2238617943312802,0.0501141029612204,AAPL,Apple,Stock
2019-09-13,52.479034423828125,54.6875,0.0,55.1974983215332,54.255001068115234,55.0,0.0,159053200,-1.964574157256826,3.859551619361368,AAPL,Apple,Stock
2019-09-16,52.75490951538086,54.974998474121094,0.0,55.032501220703125,54.38999938964844,54.432498931884766,0.0,84632400,0.5243093876561927,0.2749003339844117,AAPL,Apple,Stock
2019-09-17,52.94684982299805,55.17499923706055,0.0,55.20500183105469,54.779998779296875,54.9900016784668,0.0,73274800,0.3631737442881224,0.1318951685402545,AAPL,Apple,Stock
2019-09-18,53.44346237182617,55.692501068115234,0.0,55.712501525878906,54.86000061035156,55.26499938964844,0.0,101360000,0.9335740171760304,0.8715604455461908,AAPL,Apple,Stock
2019-09-19,53.00921249389648,55.2400016784668,0.0,55.939998626708984,55.092498779296875,55.502498626708984,0.0,88242400,-0.8158597934951624,0.665627202641969,AAPL,Apple,Stock
2019-09-20,52.23432922363281,54.432498931884766,0.0,55.63999938964844,54.36750030517578,55.345001220703125,0.0,221652400,-1.4725792391370538,2.168489615537464,AAPL,Apple,Stock
2019-09-23,52.47183609008789,54.68000030517578,0.0,54.959999084472656,54.412498474121094,54.73749923706055,0.0,76662000,0.4536643531735634,0.2058113453403877,AAPL,Apple,Stock
2019-09-24,52.22233200073242,54.41999816894531,0.0,55.622501373291016,54.29750061035156,55.25749969482422,0.0,124763200,-0.4766350719626286,0.2271809918248202,AAPL,Apple,Stock
2019-09-25,53.0260124206543,55.25749969482422,0.0,55.375,54.28499984741211,54.63750076293945,0.0,87613600,1.5272374031348634,2.332454085534122,AAPL,Apple,Stock
2019-09-26,52.75252151489258,54.97249984741211,0.0,55.23500061035156,54.70750045776367,55.0,0.0,75334000,-0.5171021094784028,0.2673945916270141,AAPL,Apple,Stock
2019-09-27,52.49583435058594,54.70500183105469,0.0,55.2400016784668,54.31999969482422,55.1349983215332,0.0,101408000,-0.487775169750832,0.237924616225453,AAPL,Apple,Stock
2019-09-30,53.731327056884766,55.99250030517578,0.0,56.14500045776367,55.1974983215332,55.224998474121094,0.0,103909600,2.3262382309906706,5.411384307322605,AAPL,Apple,Stock
2019-10-01,53.88007354736328,56.147499084472656,0.0,57.05500030517578,56.04999923706055,56.26750183105469,0.0,139223200,0.2764513506499051,0.0764253492761568,AAPL,Apple,Stock
2019-10-02,52.5294189453125,54.7400016784668,0.0,55.89500045776367,54.48249816894531,55.76499938964844,0.0,138449200,-2.5387343045669675,6.445171869185124,AAPL,Apple,Stock
2019-10-03,52.975643157958984,55.20500183105469,0.0,55.2400016784668,53.782501220703125,54.60749816894531,0.0,114426000,0.8458871346126152,0.7155250445031406,AAPL,Apple,Stock
2019-10-04,54.460636138916016,56.752498626708984,0.0,56.872501373291016,55.97249984741211,56.40999984741211,0.0,138478800,2.7645923160901584,7.642970674184746,AAPL,Apple,Stock
2019-10-07,54.47262954711914,56.76499938964844,0.0,57.48249816894531,56.459999084472656,56.567501068115234,0.0,122306000,0.0220197350663368,0.0004848687323916,AAPL,Apple,Stock
2019-10-08,53.834495544433594,56.099998474121094,0.0,57.01499938964844,56.08250045776367,56.45500183105469,0.0,111820000,-1.1783922552596182,1.3886083072558493,AAPL,Apple,Stock
2019-10-09,54.46543884277344,56.75749969482422,0.0,56.9474983215332,56.40999984741211,56.75749969482422,0.0,74770400,1.1651908015117671,1.3576696039276348,AAPL,Apple,Stock
2019-10-10,55.19954681396485,57.522499084472656,0.0,57.61000061035156,56.82500076293945,56.98249816894531,0.0,113013600,1.3388392520042314,1.7924905427072495,AAPL,Apple,Stock
2019-10-11,56.667762756347656,59.0525016784668,0.0,59.40999984741211,58.07749938964844,58.23749923706055,0.0,166795600,2.6250747596752615,6.8910174938841315,AAPL,Apple,Stock
2019-10-14,56.58618927001953,58.967498779296875,0.0,59.532501220703125,58.66749954223633,58.724998474121094,0.0,96427600,-0.1440541349332036,0.0207515937913536,AAPL,Apple,Stock
2019-10-15,56.45426177978515,58.83000183105469,0.0,59.412498474121094,58.720001220703125,59.09749984741211,0.0,87360000,-0.2334165317067384,0.0544832772740028,AAPL,Apple,Stock
2019-10-16,56.22633743286133,58.592498779296875,0.0,58.810001373291016,58.29999923706055,58.342498779296875,0.0,73903200,-0.404549956901986,0.1636606676293987,AAPL,Apple,Stock
2019-10-17,56.44464492797851,58.81999969482422,0.0,59.037498474121094,58.380001068115234,58.772499084472656,0.0,67585200,0.387513739084948,0.1501668979795971,AAPL,Apple,Stock
2019-10-18,56.71574401855469,59.102500915527344,0.0,59.39500045776367,58.5724983215332,58.647499084472656,0.0,97433600,0.479142236521772,0.2295772828190857,AAPL,Apple,Stock
2019-10-21,57.6993522644043,60.127498626708984,0.0,60.247501373291016,59.33000183105469,59.380001068115234,0.0,87247200,1.7194103056032422,2.9563717990146348,AAPL,Apple,Stock
2019-10-22,57.567413330078125,59.9900016784668,0.0,60.54999923706055,59.904998779296875,60.290000915527344,0.0,82293600,-0.228928071795713,0.0524080620561031,AAPL,Apple,Stock
2019-10-23,58.33988952636719,60.79499816894531,0.0,60.810001373291016,60.30500030517578,60.525001525878906,0.0,75828800,1.3329404007607617,1.7767301119802594,AAPL,Apple,Stock
2019-10-24,58.43585586547851,60.89500045776367,0.0,61.20000076293945,60.45249938964844,61.127498626708984,0.0,69275200,0.1643600910328103,0.0270142395243137,AAPL,Apple,Stock
2019-10-25,59.15557098388672,61.64500045776367,0.0,61.682498931884766,60.720001220703125,60.790000915527344,0.0,73477200,1.2241098263389536,1.4984448669395831,AAPL,Apple,Stock
2019-10-28,59.748138427734375,62.26250076293945,0.0,62.3125,61.68000030517578,61.85499954223633,0.0,96572800,0.9967264310870996,0.9934635784276268,AAPL,Apple,Stock
2019-10-29,58.36627960205078,60.8224983215332,0.0,62.4375,60.64250183105469,62.24250030517578,0.0,142839600,-2.339971530729904,5.475466764626449,AAPL,Apple,Stock
2019-10-30,58.35908508300781,60.814998626708984,0.0,61.32500076293945,60.3025016784668,61.189998626708984,0.0,124522000,-0.0123272590691738,0.0001519613161585,AAPL,Apple,Stock
2019-10-31,59.67855072021485,62.189998626708984,0.0,62.29249954223633,59.314998626708984,61.810001373291016,0.0,139162000,2.2357625014845883,4.9986339630446235,AAPL,Apple,Stock
2019-11-01,61.372283935546875,63.95500183105469,0.0,63.98249816894531,62.290000915527344,62.3849983215332,0.0,151125200,2.7985660117553617,7.831971722152312,AAPL,Apple,Stock
2019-11-04,61.77531433105469,64.375,0.0,64.4625015258789,63.845001220703125,64.3324966430664,0.0,103272000,0.654550864364372,0.4284368340401465,AAPL,Apple,Stock
2019-11-05,61.686553955078125,64.28250122070312,0.0,64.54750061035156,64.08000183105469,64.26249694824219,0.0,79897600,-0.143785919492285,0.0206743906442418,AAPL,Apple,Stock
2019-11-06,61.71294403076172,64.30999755859375,0.0,64.37249755859375,63.842498779296875,64.19249725341797,0.0,75864400,0.042771772197888,0.001829424496948,AAPL,Apple,Stock
2019-11-07,62.42518997192383,64.85749816894531,0.1925,65.0875015258789,64.52749633789062,64.68499755859375,0.0,94940400,1.147518065364334,1.316797710337504,AAPL,Apple,Stock
2019-11-08,62.596046447753906,65.03500366210938,0.0,65.11000061035156,64.2125015258789,64.67250061035156,0.0,69986400,0.2733240961132488,0.0747060615161245,AAPL,Apple,Stock
2019-11-11,63.09172821044922,65.55000305175781,0.0,65.61750030517578,64.56999969482422,64.57499694824219,0.0,81821200,0.7887550461929772,0.6221345228948856,AAPL,Apple,Stock
2019-11-12,63.03396987915039,65.48999786376953,0.0,65.69750213623047,65.2300033569336,65.38749694824219,0.0,87388800,-0.0915885282875902,0.0083884585138867,AAPL,Apple,Stock
2019-11-13,63.637935638427734,66.11750030517578,0.0,66.19499969482422,65.26750183105469,65.28250122070312,0.0,102734400,0.9535979325484132,0.9093490169606078,AAPL,Apple,Stock
2019-11-14,63.19761276245117,65.66000366210938,0.0,66.22000122070312,65.5250015258789,65.9375,0.0,89182800,-0.6943237136123643,0.4820854192844645,AAPL,Apple,Stock
2019-11-15,63.9483528137207,66.44000244140625,0.0,66.44499969482422,65.75250244140625,65.91999816894531,0.0,100206400,1.1809242591156537,1.3945821057678556,AAPL,Apple,Stock
2019-11-18,64.27076721191406,66.7750015258789,0.0,66.85749816894531,66.05750274658203,66.44999694824219,0.0,86703200,0.502912635297602,0.2529211187419788,AAPL,Apple,Stock
2019-11-19,64.07585906982422,66.57250213623047,0.0,67.0,66.34750366210938,66.9749984741211,0.0,76167200,-0.303721722287493,0.092246884589281,AAPL,Apple,Stock
2019-11-20,63.3299446105957,65.79750061035156,0.0,66.5199966430664,65.0999984741211,66.38500213623047,0.0,106234400,-1.1709403502253075,1.3711013037857658,AAPL,Apple,Stock
2019-11-21,63.04600524902344,65.50250244140625,0.0,66.00250244140625,65.29499816894531,65.92250061035156,0.0,121395200,-0.4493573969852792,0.2019220702253858,AAPL,Apple,Stock
2019-11-22,62.99065399169922,65.44499969482422,0.0,65.79499816894531,65.20999908447266,65.64749908447266,0.0,65325200,-0.0878335893956124,0.007714739426117,AAPL,Apple,Stock
2019-11-25,64.0951156616211,66.59249877929688,0.0,66.61000061035156,65.62999725341797,65.67749786376953,0.0,84020400,1.7381796248120338,3.0212684081117027,AAPL,Apple,Stock
2019-11-26,63.59462356567383,66.07250213623047,0.0,66.79000091552734,65.625,66.73500061035156,0.0,105207600,-0.7839230654827603,0.614535372595888,AAPL,Apple,Stock
2019-11-27,64.44884490966797,66.95999908447266,0.0,66.99500274658203,66.32749938964844,66.3949966430664,0.0,65235600,1.3342875312250566,1.7803232159826563,AAPL,Apple,Stock
2019-11-29,64.306884765625,66.8125,0.0,67.0,66.4749984741211,66.6500015258789,0.0,46617600,-0.2205108882136231,0.048625051820761,AAPL,Apple,Stock
2019-12-02,63.5633430480957,66.04000091552734,0.0,67.0625,65.86250305175781,66.81749725341797,0.0,94487200,-1.1629761057617567,1.3525134225727806,AAPL,Apple,Stock
2019-12-03,62.43000030517578,64.86250305175781,0.0,64.88249969482422,64.07250213623047,64.57749938964844,0.0,114430400,-1.799100305242294,3.2367619083229155,AAPL,Apple,Stock
2019-12-04,62.98103332519531,65.43499755859375,0.0,65.82749938964844,65.16999816894531,65.26750183105469,0.0,67181600,0.8787688772202681,0.7722347395709706,AAPL,Apple,Stock
2019-12-05,63.90503692626953,66.3949966430664,0.0,66.47250366210938,65.68250274658203,65.94750213623047,0.0,74424400,1.456456068004684,2.121264278027665,AAPL,Apple,Stock
2019-12-06,65.13946533203125,67.67749786376953,0.0,67.75,66.82499694824219,66.87000274658203,0.0,106075600,1.9132408417885567,3.660490518687785,AAPL,Apple,Stock
2019-12-09,64.22749328613281,66.7300033569336,0.0,67.69999694824219,66.22750091552734,67.5,0.0,128042400,-1.409922847430639,1.98788243570692,AAPL,Apple,Stock
2019-12-10,64.60283660888672,67.12000274658203,0.0,67.51750183105469,66.46499633789062,67.1500015258789,0.0,90420400,0.5826956821039474,0.3395342579425845,AAPL,Apple,Stock
2019-12-11,65.15385437011719,67.69249725341797,0.0,67.7750015258789,67.125,67.20249938964844,0.0,78756800,0.8493143117396179,0.7213348001257409,AAPL,Apple,Stock
2019-12-12,65.31990051269531,67.86499786376953,0.0,68.13999938964844,66.83000183105469,66.94499969482422,0.0,137310400,0.2545281729200509,0.0647845908100193,AAPL,Apple,Stock
2019-12-13,66.20780181884766,68.7874984741211,0.0,68.82499694824219,67.73249816894531,67.86499786376953,0.0,133587600,1.350156322198094,1.8229220943714832,AAPL,Apple,Stock
2019-12-16,67.34114074707031,69.96499633789062,0.0,70.19750213623047,69.24500274658203,69.25,0.0,128186000,1.6973045452994815,2.8808427194942796,AAPL,Apple,Stock
2019-12-17,67.47349548339844,70.10250091552734,0.0,70.44249725341797,69.69999694824219,69.89250183105469,0.0,114158400,0.1963507561965383,0.0385536194589524,AAPL,Apple,Stock
2019-12-18,67.31224822998047,69.93499755859375,0.0,70.4749984741211,69.77999877929688,69.94999694824219,0.0,116028400,-0.2392646668715687,0.0572475808131627,AAPL,Apple,Stock
2019-12-19,67.37964630126953,70.00499725341797,0.0,70.29499816894531,69.73750305175781,69.875,0.0,98369200,0.1000774057693963,0.0100154871455324,AAPL,Apple,Stock
2019-12-20,67.24010467529297,69.86000061035156,0.0,70.6624984741211,69.63999938964844,70.55750274658203,0.0,275978000,-0.2073123370703005,0.0429784051015499,AAPL,Apple,Stock
2019-12-23,68.33732604980469,71.0,0.0,71.0625,70.09249877929688,70.13249969482422,0.0,98572000,1.618625347985308,2.619948017140559,AAPL,Apple,Stock
2019-12-24,68.40229034423828,71.06749725341797,0.0,71.22250366210938,70.7300033569336,71.17250061035156,0.0,48478800,0.0950189872321857,0.0090286079346302,AAPL,Apple,Stock
2019-12-26,69.75941467285156,72.47750091552734,0.0,72.49500274658203,71.17500305175781,71.20500183105469,0.0,93121200,1.964608034860347,3.8596847306378343,AAPL,Apple,Stock
2019-12-27,69.7329330444336,72.44999694824219,0.0,73.49250030517578,72.02999877929688,72.77999877929688,0.0,146266000,-0.0379685755806074,0.0014416127316202,AAPL,Apple,Stock
2019-12-30,70.1468276977539,72.87999725341797,0.0,73.17250061035156,71.30500030517578,72.36499786376953,0.0,144114400,0.5917880600471439,0.350213108014362,AAPL,Apple,Stock
2019-12-31,70.65936279296875,73.4124984741211,0.0,73.41999816894531,72.37999725341797,72.48249816894531,0.0,100805600,0.7280040132893161,0.5299898433653507,AAPL,Apple,Stock
2020-01-02,72.27153015136719,75.0875015258789,0.0,75.1500015258789,73.79750061035156,74.05999755859375,0.0,135480400,2.2559653816472456,5.089379803190803,AAPL,Apple,Stock
2020-01-03,71.56891632080078,74.35749816894531,0.0,75.1449966430664,74.125,74.2874984741211,0.0,146322800,-0.9769427668121148,0.9544171696265102,AAPL,Apple,Stock
2020-01-06,72.13921356201172,74.94999694824219,0.0,74.98999786376953,73.1875,73.44750213623047,0.0,118387200,0.7936923756286687,0.6299475871310797,AAPL,Apple,Stock
2020-01-07,71.79991912841797,74.59750366210938,0.0,75.2249984741211,74.37000274658203,74.95999908447266,0.0,108872000,-0.471442415520571,0.2222579511518707,AAPL,Apple,Stock
2020-01-08,72.95490264892578,75.79750061035156,0.0,76.11000061035156,74.29000091552734,74.29000091552734,0.0,132079200,1.595812860777102,2.5466186866215983,AAPL,Apple,Stock
2020-01-09,74.5045394897461,77.40750122070312,0.0,77.60749816894531,76.55000305175781,76.80999755859375,0.0,170108400,2.101857796129748,4.417806195151402,AAPL,Apple,Stock
2020-01-10,74.6729507446289,77.5824966430664,0.0,78.1675033569336,77.0625,77.6500015258789,0.0,140644800,0.2257865126491975,0.0509795492942862,AAPL,Apple,Stock
2020-01-13,76.26831817626953,79.23999786376953,0.0,79.26750183105469,77.7874984741211,77.91000366210938,0.0,121532000,2.1139703608257365,4.468870686449694,AAPL,Apple,Stock
2020-01-14,75.23844146728516,78.16999816894531,0.0,79.39250183105469,78.0425033569336,79.17500305175781,0.0,161954400,-1.3595334944834658,1.848331322622424,AAPL,Apple,Stock
2020-01-15,74.91598510742188,77.83499908447266,0.0,78.875,77.38749694824219,77.9625015258789,0.0,121923600,-0.429500299013962,0.1844705068530827,AAPL,Apple,Stock
2020-01-16,75.85443878173828,78.80999755859375,0.0,78.92500305175781,78.02249908447266,78.39749908447266,0.0,108829200,1.2448937528954165,1.5497604559980342,AAPL,Apple,Stock
2020-01-17,76.6942138671875,79.68250274658203,0.0,79.68499755859375,78.75,79.06749725341797,0.0,137816400,1.1010042423188242,1.2122103416040482,AAPL,Apple,Stock
2020-01-21,76.1744613647461,79.14250183105469,0.0,79.75499725341797,79.0,79.29750061035156,0.0,110843200,-0.6800013206612961,0.4624017961011069,AAPL,Apple,Stock
2020-01-22,76.4463882446289,79.42500305175781,0.0,79.99749755859375,79.32749938964844,79.6449966430664,0.0,101832400,0.3563434069776328,0.1269806236964268,AAPL,Apple,Stock
2020-01-23,76.81452178955078,79.80750274658203,0.0,79.88999938964844,78.9124984741211,79.4800033569336,0.0,104472000,0.4804020188062033,0.2307860996730757,AAPL,Apple,Stock
2020-01-24,76.59315490722656,79.57749938964844,0.0,80.8324966430664,79.37999725341797,80.0625,0.0,146537600,-0.2885996851492704,0.083289778268258,AAPL,Apple,Stock
2020-01-27,74.34090423583984,77.23750305175781,0.0,77.94249725341797,76.22000122070312,77.51499938964844,0.0,161940000,-2.9846382917165686,8.908065732380797,AAPL,Apple,Stock
2020-01-28,76.44398498535156,79.42250061035156,0.0,79.5999984741211,78.04750061035156,78.1500015258789,0.0,162234000,2.789692190107778,7.782382515548331,AAPL,Apple,Stock
2020-01-29,78.04412841796875,81.08499908447266,0.0,81.9625015258789,80.34500122070312,81.11250305175781,0.0,216229200,2.071616544928598,4.291595109221902,AAPL,Apple,Stock
2020-01-30,77.93102264404297,80.96749877929688,0.0,81.02249908447266,79.6875,80.13500213623047,0.0,126743200,-0.1450305295184248,0.0210338544923947,AAPL,Apple,Stock
2020-01-31,74.47566986083984,77.37750244140625,0.0,80.66999816894531,77.07250213623047,80.23249816894531,0.0,199588400,-4.5351617369289645,20.56769198010454,AAPL,Apple,Stock
2020-02-03,74.27113342285156,77.16500091552734,0.0,78.37249755859375,75.55500030517578,76.07499694824219,0.0,173788400,-0.275013058950898,0.0756321825935301,AAPL,Apple,Stock
2020-02-04,76.72309875488281,79.7125015258789,0.0,79.91000366210938,78.40750122070312,78.82749938964844,0.0,136616400,3.2480457795435633,10.549801386010754,AAPL,Apple,Stock
2020-02-05,77.34870910644531,80.36250305175781,0.0,81.19000244140625,79.73750305175781,80.87999725341797,0.0,118826800,0.8121067683748456,0.6595174032402352,AAPL,Apple,Stock
2020-02-06,78.25344848632812,81.30249786376953,0.0,81.30500030517578,80.06500244140625,80.64250183105469,0.0,105425600,1.162901067451459,1.3523388926797428,AAPL,Apple,Stock
2020-02-07,77.1897964477539,80.00749969482422,0.1925,80.8499984741211,79.5,80.59249877929688,0.0,117684000,-1.368562063244724,1.872962120952656,AAPL,Apple,Stock
2020-02-10,77.556396484375,80.38749694824219,0.0,80.38749694824219,78.4625015258789,78.54499816894531,0.0,109348800,0.4738090359533782,0.2244950025510697,AAPL,Apple,Stock
2020-02-11,77.08849334716797,79.90249633789062,0.0,80.9749984741211,79.67749786376953,80.9000015258789,0.0,94323200,-0.6051342085097969,0.3661874103087784,AAPL,Apple,Stock
2020-02-12,78.91915130615234,81.80000305175781,0.0,81.80500030517578,80.36750030517578,80.36750030517578,0.0,113730400,2.346990104250807,5.508362549451214,AAPL,Apple,Stock
2020-02-13,78.357177734375,81.21749877929688,0.0,81.55500030517578,80.8375015258789,81.04750061035156,0.0,94747600,-0.7146351480676487,0.5107033948536702,AAPL,Apple,Stock
2020-02-14,78.37648010253906,81.23750305175781,0.0,81.49500274658203,80.7125015258789,81.18499755859375,0.0,80113600,0.0246307889805514,0.0006066757658044,AAPL,Apple,Stock
2020-02-18,76.94136047363281,79.75,0.0,79.9375,78.65249633789062,78.83999633789062,0.0,152531200,-1.8480304220701405,3.415216440896742,AAPL,Apple,Stock
2020-02-19,78.05567169189453,80.90499877929688,0.0,81.14250183105469,80.0,80.0,0.0,93984000,1.4378732303315112,2.067479426503975,AAPL,Apple,Stock
2020-02-20,77.2549057006836,80.07499694824219,0.0,81.1624984741211,79.55249786376953,80.65750122070312,0.0,100566000,-1.031189376074623,1.06335152932917,AAPL,Apple,Stock
2020-02-21,75.50625610351562,78.26249694824219,0.0,80.11250305175781,77.625,79.65499877929688,0.0,129554000,-2.289490285720776,5.241765768409802,AAPL,Apple,Stock
2020-02-24,71.91964721679688,74.54499816894531,0.0,76.04499816894531,72.30750274658203,74.31500244140625,0.0,222195200,-4.866603018592553,23.683824940574148,AAPL,Apple,Stock
2020-02-25,69.48359680175781,72.0199966430664,0.0,75.63249969482422,71.53250122070312,75.23750305175781,0.0,230673600,-3.4458777460983523,11.87407344105586,AAPL,Apple,Stock
2020-02-26,70.58585357666016,73.1624984741211,0.0,74.47000122070312,71.625,71.63249969482422,0.0,198054800,1.5739042679921482,2.4771746448039,AAPL,Apple,Stock
2020-02-27,65.97179412841797,68.37999725341797,0.0,71.5,68.23999786376953,70.2750015258789,0.0,320605600,-6.760246116256534,45.70092755236155,AAPL,Apple,Stock
2020-02-28,65.93318939208984,68.33999633789062,0.0,69.60250091552734,64.09249877929688,64.31500244140625,0.0,426510000,-0.0585341605753142,0.0034262479542566,AAPL,Apple,Stock
2020-03-02,72.07161712646484,74.70249938964844,0.0,75.36000061035156,69.43000030517578,70.56999969482422,0.0,341397200,8.901835957441316,79.24268341319515,AAPL,Apple,Stock
2020-03-03,69.78266143798828,72.33000183105469,0.0,76.0,71.44999694824219,75.9175033569336,0.0,319475600,-3.2274731515556674,10.416582944012672,AAPL,Apple,Stock
2020-03-04,73.01952362060547,75.68499755859375,0.0,75.8499984741211,73.28250122070312,74.11000061035156,0.0,219178400,4.5341276804606,20.55831382271902,AAPL,Apple,Stock
2020-03-05,70.6509780883789,73.2300033569336,0.0,74.88749694824219,72.85250091552734,73.87999725341797,0.0,187572800,-3.297489907534416,10.873439690291333,AAPL,Apple,Stock
2020-03-06,69.71273803710938,72.25749969482422,0.0,72.70500183105469,70.30750274658203,70.5,0.0,226176800,-1.3368896909082273,1.7872740456566956,AAPL,Apple,Stock
2020-03-09,64.19900512695312,66.5425033569336,0.0,69.52249908447266,65.75,65.9375,0.0,286744800,-8.239534215309888,67.88992408526234,AAPL,Apple,Stock
2020-03-10,68.82272338867188,71.33499908447266,0.0,71.61000061035156,67.34249877929688,69.28500366210938,0.0,285290000,6.954625810941879,48.366820170218986,AAPL,Apple,Stock
2020-03-11,66.4324722290039,68.85749816894531,0.0,70.30500030517578,67.96499633789062,69.34750366210938,0.0,255598800,-3.534799568542785,12.494807989770258,AAPL,Apple,Stock
2020-03-12,59.87195587158203,62.057498931884766,0.0,67.5,62.0,63.98500061035156,0.0,418474000,-10.397776348952055,108.11375300282675,AAPL,Apple,Stock
2020-03-13,67.04508972167969,69.49250030517578,0.0,69.9800033569336,63.23749923706055,66.22250366210938,0.0,370732000,11.315716091603596,128.04543066577656,AAPL,Apple,Stock
2020-03-16,58.41996765136719,60.5525016784668,0.0,64.7699966430664,60.0,60.48749923706055,0.0,322423600,-13.77076307273177,189.63391560531292,AAPL,Apple,Stock
2020-03-17,60.98868560791016,63.21500015258789,0.0,64.40249633789062,59.599998474121094,61.877498626708984,0.0,324056000,4.303062189776134,18.516344209080977,AAPL,Apple,Stock
2020-03-18,59.49569320678711,61.66749954223633,0.0,62.5,59.279998779296875,59.942501068115234,0.0,300233600,-2.4784438279295045,6.142683808201856,AAPL,Apple,Stock
2020-03-19,59.03982925415039,61.19499969482422,0.0,63.209999084472656,60.65250015258789,61.84749984741211,0.0,271857200,-0.7691638601307378,0.5916130437312171,AAPL,Apple,Stock
2020-03-20,55.29165267944336,57.310001373291016,0.0,62.95750045776367,57.0,61.79499816894531,0.0,401693200,-6.559033723869194,43.02092339085339,AAPL,Apple,Stock
2020-03-23,54.11702728271485,56.092498779296875,0.0,57.125,53.15250015258789,57.02000045776367,0.0,336752800,-2.1473077475921305,4.610930562869189,AAPL,Apple,Stock
2020-03-24,59.54632568359375,61.720001220703125,0.0,61.92250061035156,58.57500076293945,59.09000015258789,0.0,287531200,9.560571899400417,91.4045350436049,AAPL,Apple,Stock
2020-03-25,59.21831512451172,61.380001068115234,0.0,64.5625,61.07500076293945,62.6875,0.0,303602000,-0.5523721384707139,0.3051149793587095,AAPL,Apple,Stock
2020-03-26,62.334564208984375,64.61000061035156,0.0,64.66999816894531,61.59000015258789,61.630001068115234,0.0,252087200,5.1285203513741875,26.30172099445922,AAPL,Apple,Stock
2020-03-27,59.75376892089844,61.935001373291016,0.0,63.967498779296875,61.76250076293945,63.1875,0.0,204216800,-4.228380766340449,17.879203905157844,AAPL,Apple,Stock
2020-03-30,61.45901107788086,63.70249938964844,0.0,63.880001068115234,62.349998474121094,62.685001373291016,0.0,167976400,2.8138199076753776,7.91758247283027,AAPL,Apple,Stock
2020-03-31,61.33359146118164,63.5724983215332,0.0,65.62249755859375,63.0,63.900001525878906,0.0,197002000,-0.2042788534819591,0.0417298499799037,AAPL,Apple,Stock
2020-04-01,58.10641098022461,60.227500915527344,0.0,62.18000030517578,59.782501220703125,61.625,0.0,176218400,-5.405167587410525,29.215836647993317,AAPL,Apple,Stock
2020-04-02,59.07600784301758,61.23249816894531,0.0,61.287498474121094,59.224998474121094,60.084999084472656,0.0,165934000,1.6548881661404713,2.7386548424317723,AAPL,Apple,Stock
2020-04-03,58.22700119018555,60.352500915527344,0.0,61.42499923706055,59.74250030517578,60.70000076293945,0.0,129880000,-1.447569819840115,2.095458383311943,AAPL,Apple,Stock
2020-04-06,63.30657196044922,65.61750030517578,0.0,65.77749633789062,62.345001220703125,62.724998474121094,0.0,201820400,8.363996107376975,69.9564308842172,AAPL,Apple,Stock
2020-04-07,62.57333755493164,64.85749816894531,0.0,67.92500305175781,64.75,67.69999694824219,0.0,202887200,-1.164987647639279,1.3571962191521016,AAPL,Apple,Stock
2020-04-08,64.17488098144531,66.51750183105469,0.0,66.84249877929688,65.30750274658203,65.68499755859375,0.0,168895200,2.527260243720487,6.387044339490135,AAPL,Apple,Stock
2020-04-09,64.6379623413086,66.99749755859375,0.0,67.51750183105469,66.17500305175781,67.17500305175781,0.0,161834800,0.7190018369050583,0.516963641472848,AAPL,Apple,Stock
2020-04-13,65.90666198730469,68.3125,0.0,68.42500305175781,66.4574966430664,67.07749938964844,0.0,131022800,1.9437638240045851,3.778217803508928,AAPL,Apple,Stock
2020-04-14,69.23515319824219,71.76249694824219,0.0,72.0625,69.51249694824219,70.0,0.0,194994800,4.926919906168654,24.274539761800938,AAPL,Apple,Stock
2020-04-15,68.60319519042969,71.10749816894531,0.0,71.5824966430664,70.15750122070312,70.5999984741211,0.0,131154400,-0.9169617065379696,0.8408187712570255,AAPL,Apple,Stock
2020-04-16,69.1483154296875,71.67250061035156,0.0,72.05000305175781,70.5875015258789,71.84500122070312,0.0,157125200,0.7914585943325978,0.6264067065429316,AAPL,Apple,Stock
2020-04-17,68.21009826660156,70.69999694824219,0.0,71.73750305175781,69.21499633789062,71.17250061035156,0.0,215250000,-1.3661074396839616,1.8662495367598688,AAPL,Apple,Stock
2020-04-20,66.79428100585938,69.23249816894531,0.0,70.41999816894531,69.2125015258789,69.48750305175781,0.0,130015200,-2.0975159120812523,4.399573001434048,AAPL,Apple,Stock
2020-04-21,64.72965240478516,67.09249877929688,0.0,69.3125,66.35749816894531,69.06999969482422,0.0,180991600,-3.1398060574328936,9.85838207829229,AAPL,Apple,Stock
2020-04-22,66.59407806396484,69.0250015258789,0.0,69.4749984741211,68.05000305175781,68.40249633789062,0.0,116862400,2.839625301595107,8.063471853459102,AAPL,Apple,Stock
2020-04-23,66.33599853515625,68.75749969482422,0.0,70.4375,68.71749877929688,68.96749877929688,0.0,124814400,-0.3882941463236689,0.1507723440692267,AAPL,Apple,Stock
2020-04-24,68.2510986328125,70.74250030517578,0.0,70.75250244140625,69.25,69.30000305175781,0.0,126161200,2.846081694839186,8.100181013698693,AAPL,Apple,Stock
2020-04-27,68.29932403564453,70.7925033569336,0.0,71.13500213623047,69.98750305175781,70.44999694824219,0.0,117087600,0.0706338419093059,0.0049891396228688,AAPL,Apple,Stock
2020-04-28,67.19223022460938,69.6449966430664,0.0,71.4574966430664,69.55000305175781,71.2699966430664,0.0,112004800,-1.63422503518636,2.6706914656298597,AAPL,Apple,Stock
2020-04-29,69.39918518066406,71.93250274658203,0.0,72.4175033569336,70.97250366210938,71.18250274658203,0.0,137280800,3.231750734440611,10.444212809557428,AAPL,Apple,Stock
2020-04-30,70.86324310302734,73.44999694824219,0.0,73.63249969482422,72.0875015258789,72.48999786376953,0.0,183064000,2.087673961250446,4.358382568483129,AAPL,Apple,Stock
2020-05-01,69.72238159179688,72.26750183105469,0.0,74.75,71.4625015258789,71.5625,0.0,240616800,-1.6230486697849444,2.6342869844906778,AAPL,Apple,Stock
2020-05-04,70.7088851928711,73.29000091552734,0.0,73.42250061035156,71.58000183105469,72.2925033569336,0.0,133568000,1.4049860141192088,1.9739856998705816,AAPL,Apple,Stock
2020-05-05,71.77012634277344,74.38999938964844,0.0,75.25,73.61499786376953,73.76499938964844,0.0,147751200,1.4897082237563508,2.219230591927302,AAPL,Apple,Stock
2020-05-06,72.51060485839844,75.15750122070312,0.0,75.80999755859375,74.71749877929688,75.11499786376953,0.0,142333600,1.026450324796526,1.0536002692748936,AAPL,Apple,Stock
2020-05-07,73.26072692871094,75.93499755859375,0.0,76.2925033569336,75.49250030517578,75.80500030517578,0.0,115215200,1.029185481567878,1.059222755470105,AAPL,Apple,Stock
2020-05-08,75.00444030761719,77.53250122070312,0.205,77.5875015258789,76.07250213623047,76.41000366210938,0.0,133838400,2.352263599711262,5.533144042526588,AAPL,Apple,Stock
2020-05-11,76.18468475341797,78.75250244140625,0.0,79.26249694824219,76.80999755859375,77.0250015258789,0.0,145946400,1.5613139118576278,2.437701131360168,AAPL,Apple,Stock
2020-05-12,75.31401062011719,77.85250091552734,0.0,79.92250061035156,77.72750091552734,79.4574966430664,0.0,162301200,-1.1494273493688614,1.3211832314771266,AAPL,Apple,Stock
2020-05-13,74.4046630859375,76.9124984741211,0.0,78.98750305175781,75.80249786376953,78.0374984741211,0.0,200622400,-1.2147565749015254,1.4756335362664854,AAPL,Apple,Stock
2020-05-14,74.86174774169922,77.38500213623047,0.0,77.44750213623047,75.38249969482422,76.12750244140625,0.0,158929200,0.6124433245854791,0.3750868258293145,AAPL,Apple,Stock
2020-05-15,74.41917419433594,76.92749786376953,0.0,76.9749984741211,75.05249786376953,75.0875015258789,0.0,166348400,-0.5929422705747636,0.3515805362343561,AAPL,Apple,Stock
2020-05-18,76.17257690429688,78.73999786376953,0.0,79.125,77.58000183105469,78.2925033569336,0.0,135178400,2.3287888472051113,5.423257494866911,AAPL,Apple,Stock
2020-05-19,75.73243713378906,78.28500366210938,0.0,79.62999725341797,78.25250244140625,78.75749969482422,0.0,101729600,-0.5794950285284264,0.3358144880891617,AAPL,Apple,Stock
2020-05-20,77.20526123046875,79.80750274658203,0.0,79.87999725341797,79.12999725341797,79.16999816894531,0.0,111504800,1.926104087419479,3.709876955574024,AAPL,Apple,Stock
2020-05-21,76.6296615600586,79.2125015258789,0.0,80.22250366210938,78.96749877929688,79.66500091552734,0.0,102688800,-0.7483376936040147,0.5600093036685762,AAPL,Apple,Stock
2020-05-22,77.12303924560547,79.72250366210938,0.0,79.80750274658203,78.8375015258789,78.94249725341797,0.0,81803200,0.6417830404533684,0.4118854710135699,AAPL,Apple,Stock
2020-05-26,76.60064697265625,79.18250274658203,0.0,81.05999755859375,79.125,80.875,0.0,125522000,-0.6796536001708905,0.4619290162252527,AAPL,Apple,Stock
2020-05-27,76.93439483642578,79.52749633789062,0.0,79.67749786376953,78.27249908447266,79.03500366210938,0.0,112945200,0.4347520742050644,0.1890093660256058,AAPL,Apple,Stock
2020-05-28,76.9682388305664,79.5625,0.0,80.86000061035156,78.90750122070312,79.19249725341797,0.0,133560800,0.0439810468213235,0.0019343324794994,AAPL,Apple,Stock
2020-05-29,76.89327239990234,79.48500061035156,0.0,80.2874984741211,79.11750030517578,79.8125,0.0,153532400,-0.0974466401594371,0.0094958476783628,AAPL,Apple,Stock
2020-06-01,77.83892059326172,80.4625015258789,0.0,80.5875015258789,79.30249786376953,79.4375,0.0,80791200,1.2223183150786658,1.4940620633767483,AAPL,Apple,Stock
2020-06-02,78.1992416381836,80.83499908447266,0.0,80.86000061035156,79.73249816894531,80.1875,0.0,87642800,0.4618378994243351,0.2132942453446822,AAPL,Apple,Stock
2020-06-03,78.62975311279297,81.27999877929688,0.0,81.55000305175781,80.57499694824219,81.16500091552734,0.0,104491200,0.5490216355496891,0.3014247563016556,AAPL,Apple,Stock
2020-06-04,77.95258331298828,80.58000183105469,0.0,81.40499877929688,80.19499969482422,81.09750366210938,0.0,87560400,-0.8649430542368542,0.7481264870725778,AAPL,Apple,Stock
2020-06-05,80.1727294921875,82.875,0.0,82.9375,80.80750274658203,80.8375015258789,0.0,137250400,2.808269018331274,7.886374879319297,AAPL,Apple,Stock
2020-06-08,80.64675903320312,83.36499786376953,0.0,83.4000015258789,81.83000183105469,82.5625,0.0,95654400,0.5895192407363539,0.3475329351983671,AAPL,Apple,Stock
2020-06-09,83.19342041015625,85.99749755859375,0.0,86.40249633789062,83.00250244140625,83.03500366210938,0.0,147712400,3.108964490473939,9.66566020302788,AAPL,Apple,Stock
2020-06-10,85.33380889892578,88.20999908447266,0.0,88.69249725341797,86.52249908447266,86.9749984741211,0.0,166651600,2.5402465738861375,6.4528526561402595,AAPL,Apple,Stock
2020-06-11,81.23687744140625,83.9749984741211,0.0,87.76499938964844,83.87000274658203,87.32749938964844,0.0,201662400,-4.920142907771295,24.20780623289217,AAPL,Apple,Stock
2020-06-12,81.938232421875,84.69999694824219,0.0,86.94999694824219,83.55500030517578,86.18000030517578,0.0,200146000,0.8596400518656183,0.738981018771523,AAPL,Apple,Stock
2020-06-15,82.95158386230469,85.74749755859375,0.0,86.41999816894531,83.1449966430664,83.3125,0.0,138808800,1.229141036389703,1.5107876873371533,AAPL,Apple,Stock
2020-06-16,85.14998626708984,88.0199966430664,0.0,88.30000305175781,86.18000030517578,87.86499786376953,0.0,165428800,2.6157135194595136,6.8419572158832755,AAPL,Apple,Stock
2020-06-17,85.03147888183594,87.89749908447266,0.0,88.8499984741211,87.77249908447266,88.7874984741211,0.0,114406400,-0.1392718111876341,0.019396637391484,AAPL,Apple,Stock
2020-06-18,85.06534576416016,87.93250274658203,0.0,88.36250305175781,87.30500030517578,87.85250091552734,0.0,96820400,0.0398207113415831,0.0015856890517496,AAPL,Apple,Stock
2020-06-19,84.57923889160156,87.43000030517578,0.0,89.13999938964844,86.2874984741211,88.66000366210938,0.0,264476000,-0.5730901507851474,0.3284323209269429,AAPL,Apple,Stock
2020-06-22,86.7921371459961,89.71749877929688,0.0,89.86499786376953,87.7874984741211,87.83499908447266,0.0,135445200,2.5827198364201625,6.67044175343819,AAPL,Apple,Stock
2020-06-23,88.64470672607422,91.63249969482422,0.0,93.09500122070312,90.56749725341795,91.0,0.0,212155600,2.1120289248223214,4.460666179286131,AAPL,Apple,Stock
2020-06-24,87.07994079589844,90.01499938964844,0.0,92.19750213623048,89.62999725341797,91.25,0.0,192623200,-1.7809764451378762,3.1718770981359468,AAPL,Apple,Stock
2020-06-25,88.23597717285156,91.20999908447266,0.0,91.25,89.39250183105469,90.1750030517578,0.0,137522400,1.318822781205966,1.7392935282278388,AAPL,Apple,Stock
2020-06-26,85.52483367919922,88.40750122070312,0.0,91.33000183105467,88.25499725341797,91.10250091552734,0.0,205256800,-3.1207998138558892,9.739391478162952,AAPL,Apple,Stock
2020-06-29,87.49591827392578,90.44499969482422,0.0,90.5425033569336,87.81999969482422,88.3125,0.0,130646000,2.2785357819631473,5.1917253096864115,AAPL,Apple,Stock
2020-06-30,88.22628784179688,91.1999969482422,0.0,91.49500274658205,90.0,90.0199966430664,0.0,140223200,0.8312822720659337,0.6910302158511011,AAPL,Apple,Stock
2020-07-01,88.05941772460938,91.02749633789062,0.0,91.83999633789062,90.97750091552734,91.27999877929688,0.0,110737200,-0.189317864986987,0.035841254003231,AAPL,Apple,Stock
2020-07-02,88.05941772460938,91.02749633789062,0.0,92.61750030517578,90.91000366210938,91.9625015258789,0.0,114041600,0.0,0.0,AAPL,Apple,Stock
2020-07-06,90.41502380371094,93.4625015258789,0.0,93.94499969482422,92.46749877929688,92.5,0.0,118655600,2.639865806030889,6.968891473851116,AAPL,Apple,Stock
2020-07-07,90.1344757080078,93.17250061035156,0.0,94.65499877929688,93.05750274658205,93.85250091552734,0.0,112424400,-0.3107716412994314,0.0965790130359425,AAPL,Apple,Stock
2020-07-08,92.23373413085938,95.34249877929688,0.0,95.375,94.08999633789062,94.18000030517578,0.0,117092000,2.3023213893432195,5.300683779827293,AAPL,Apple,Stock
2020-07-09,92.6303482055664,95.75250244140624,0.0,96.31749725341795,94.67250061035156,96.2624969482422,0.0,125642800,0.4290878771262738,0.1841164062967322,AAPL,Apple,Stock
2020-07-10,92.79240417480467,95.91999816894533,0.0,95.9800033569336,94.70500183105467,95.33499908447266,0.0,90257200,0.1747962517217166,0.0305537296159617,AAPL,Apple,Stock
2020-07-13,92.36434173583984,95.47750091552734,0.0,99.95500183105467,95.25749969482422,97.26499938964844,0.0,191649200,-0.4623792662854597,0.21379458589068,AAPL,Apple,Stock
2020-07-14,93.8927993774414,97.05750274658205,0.0,97.25499725341795,93.87750244140624,94.83999633789062,0.0,170989200,1.641270711286862,2.6937695477280816,AAPL,Apple,Stock
2020-07-15,94.53854370117188,97.7249984741211,0.0,99.24749755859376,96.48999786376952,98.98999786376952,0.0,153198000,0.6853921869527385,0.4697624499358576,AAPL,Apple,Stock
2020-07-16,93.375244140625,96.52249908447266,0.0,97.40499877929688,95.90499877929688,96.5625,0.0,110577600,-1.2381363122338882,1.5329815276721324,AAPL,Apple,Stock
2020-07-17,93.18659210205078,96.32749938964844,0.0,97.14749908447266,95.83999633789062,96.9875030517578,0.0,92186800,-0.2022408298231491,0.0409013532475559,AAPL,Apple,Stock
2020-07-20,95.15042877197266,98.35749816894533,0.0,98.5,96.0625,96.4175033569336,0.0,90318000,2.0855250229522517,4.3494146213599905,AAPL,Apple,Stock
2020-07-21,93.8371810913086,97.0,0.0,99.25,96.74250030517578,99.17250061035156,0.0,103433200,-1.3897935633431526,1.9315261487100577,AAPL,Apple,Stock
2020-07-22,94.1007843017578,97.27249908447266,0.0,97.9749984741211,96.60250091552734,96.69249725341795,0.0,89001600,0.2805216952955711,0.0786924215315012,AAPL,Apple,Stock
2020-07-23,89.81765747070312,92.84500122070312,0.0,97.07749938964844,92.01000213623048,96.99749755859376,0.0,197004400,-4.658479426987611,21.701430571666823,AAPL,Apple,Stock
2020-07-24,89.59514617919922,92.61499786376952,0.0,92.97000122070312,89.1449966430664,90.9875030517578,0.0,185438800,-0.2480440649298165,0.061525858146907,AAPL,Apple,Stock
2020-07-27,91.7186050415039,94.80999755859376,0.0,94.90499877929688,93.4800033569336,93.70999908447266,0.0,121214000,2.3424102587430715,5.486885820264783,AAPL,Apple,Stock
2020-07-28,90.21186065673828,93.25250244140624,0.0,94.5500030517578,93.24749755859376,94.36750030517578,0.0,103625600,-1.6564337701158358,2.7437728347801618,AAPL,Apple,Stock
2020-07-29,91.94108581542967,95.04000091552734,0.0,95.2300033569336,93.7125015258789,93.75,0.0,90329200,1.898708905952963,3.6050955095450976,AAPL,Apple,Stock
2020-07-30,93.05360412597656,96.19000244140624,0.0,96.29750061035156,93.76750183105467,94.1875,0.0,158130000,1.2027715204422218,1.446659330386894,AAPL,Apple,Stock
2020-07-31,102.79525756835938,106.26000213623048,0.0,106.41500091552734,100.8249969482422,102.88500213623048,0.0,374336800,9.956350379681965,99.1289128829932,AAPL,Apple,Stock
2020-08-03,105.38543701171876,108.9375,0.0,111.6374969482422,107.89250183105467,108.1999969482422,0.0,308151200,2.4885238438390864,6.192750921355662,AAPL,Apple,Stock
2020-08-04,106.0892105102539,109.66500091552734,0.0,110.79000091552734,108.3874969482422,109.13249969482422,0.0,173071600,0.6655890953634451,0.4430088438667292,AAPL,Apple,Stock
2020-08-05,106.47376251220705,110.0625,0.0,110.39250183105467,108.89749908447266,109.37750244140624,0.0,121776800,0.3618244664359633,0.1309169445116695,AAPL,Apple,Stock
2020-08-06,110.18853759765624,113.90249633789062,0.0,114.4124984741211,109.79750061035156,110.40499877929688,0.0,202428800,3.429428335880158,11.76097871093775,AAPL,Apple,Stock
2020-08-07,107.68331146240234,111.1125030517578,0.205,113.6750030517578,110.2925033569336,113.20500183105467,0.0,198045600,-2.299825853669982,5.289198957208861,AAPL,Apple,Stock
2020-08-10,109.24848175048828,112.72750091552734,0.0,113.7750015258789,110.0,112.5999984741211,0.0,212403600,1.443031862653035,2.0823409566318873,AAPL,Apple,Stock
2020-08-11,105.99942779541016,109.375,0.0,112.48249816894533,109.10749816894533,111.97000122070312,0.0,187902400,-3.019124091744368,9.115110281351251,AAPL,Apple,Stock
2020-08-12,109.52224731445312,113.01000213623048,0.0,113.2750015258789,110.29750061035156,110.49749755859376,0.0,165598000,3.2694004500456813,10.688979302758904,AAPL,Apple,Stock
2020-08-13,111.46054077148438,115.01000213623048,0.0,116.0425033569336,113.92749786376952,114.43000030517578,0.0,210082000,1.7542933397168048,3.0775451217747407,AAPL,Apple,Stock
2020-08-14,111.36119842529295,114.90750122070312,0.0,115.0,113.04499816894533,114.83000183105467,0.0,165565200,-0.0891675589030536,0.0079508535607295,AAPL,Apple,Stock
2020-08-17,111.07044982910156,114.60749816894533,0.0,116.0875015258789,113.9625015258789,116.0625,0.0,119561600,-0.2614275118356447,0.0683443439445761,AAPL,Apple,Stock
2020-08-18,111.9959945678711,115.5625,0.0,116.0,114.00749969482422,114.35250091552734,0.0,105633600,0.8298424737498503,0.688638531239271,AAPL,Apple,Stock
2020-08-19,112.13650512695312,115.7074966430664,0.0,117.1624984741211,115.61000061035156,115.98249816894533,0.0,145538000,0.1253817074104949,0.0157205725531709,AAPL,Apple,Stock
2020-08-20,114.6248016357422,118.2750015258789,0.0,118.39250183105467,115.73249816894533,115.75,0.0,126907200,2.194727508261468,4.816828835519591,AAPL,Apple,Stock
2020-08-21,120.53166961669922,124.37000274658205,0.0,124.86750030517578,119.25,119.2624969482422,0.0,338054800,5.024833677040428,25.24895348191963,AAPL,Apple,Stock
2020-08-24,121.97325897216795,125.85749816894533,0.0,128.78500366210938,123.9375,128.69749450683594,0.0,345937600,1.18892951593202,1.4135533938543476,AAPL,Apple,Stock
2020-08-25,120.97261810302734,124.8249969482422,0.0,125.18000030517578,123.05249786376952,124.69750213623048,0.0,211495600,-0.8237608636578785,0.6785819604943739,AAPL,Apple,Stock
2020-08-26,122.61774444580078,126.52249908447266,0.0,126.99250030517578,125.0824966430664,126.18000030517578,0.0,163022400,1.3507524178693202,1.824532094379815,AAPL,Apple,Stock
2020-08-27,121.15191650390624,125.01000213623048,0.0,127.48500061035156,123.8324966430664,127.14250183105467,0.0,155552400,-1.202648109527281,1.4463624753495428,AAPL,Apple,Stock
2020-08-28,120.95565795898438,124.80750274658205,0.0,126.44249725341795,124.57749938964844,126.0124969482422,0.0,187630000,-0.1621251118188591,0.0262845518822775,AAPL,Apple,Stock
2020-08-31,125.05753326416016,129.0399932861328,0.0,131.0,126.0,127.58000183105467,4.0,225702700,3.3349882241802637,11.12214645542103,AAPL,Apple,Stock
2020-09-01,130.03892517089844,134.17999267578125,0.0,134.8000030517578,130.52999877929688,132.75999450683594,0.0,151948100,3.9059932502946744,15.256783271347556,AAPL,Apple,Stock
2020-09-02,127.34468841552734,131.39999389648438,0.0,137.97999572753906,127.0,137.58999633789062,0.0,200119000,-2.093633802788024,4.383302500176643,AAPL,Apple,Stock
2020-09-03,117.14938354492188,120.87999725341795,0.0,128.83999633789062,120.5,126.91000366210938,0.0,257599600,-8.344758916127086,69.6350013682825,AAPL,Apple,Stock
2020-09-04,117.22689819335938,120.95999908447266,0.0,123.6999969482422,110.88999938964844,120.06999969482422,0.0,332607200,0.0661454740119582,0.0043752237322666,AAPL,Apple,Stock
2020-09-08,109.33814239501952,112.81999969482422,0.0,118.98999786376952,112.68000030517578,113.9499969482422,0.0,231366600,-6.966605351053172,48.53359011732269,AAPL,Apple,Stock
2020-09-09,113.69924926757812,117.31999969482422,0.0,119.13999938964844,115.26000213623048,117.26000213623048,0.0,176940500,3.911149391790948,15.2970895649067,AAPL,Apple,Stock
2020-09-10,109.98746490478516,113.48999786376952,0.0,120.5,112.5,120.36000061035156,0.0,182274400,-3.3190394098957374,11.016022604441044,AAPL,Apple,Stock
2020-09-11,108.54342651367188,112.0,0.0,115.2300033569336,110.0,114.56999969482422,0.0,180860300,-1.3216066618217437,1.7466441685716128,AAPL,Apple,Stock
2020-09-14,111.79973602294922,115.36000061035156,0.0,115.93000030517578,112.8000030517578,114.72000122070312,0.0,140150100,2.9558862294167416,8.737263401255522,AAPL,Apple,Stock
2020-09-15,111.97417449951172,115.54000091552734,0.0,118.83000183105467,113.61000061035156,118.33000183105467,0.0,184642000,0.1559060316627065,0.0243066907088128,AAPL,Apple,Stock
2020-09-16,108.66942596435548,112.12999725341795,0.0,116.0,112.04000091552734,115.2300033569336,0.0,154679000,-2.995777519429958,8.974682945921913,AAPL,Apple,Stock
2020-09-17,106.93464660644533,110.33999633789062,0.0,112.1999969482422,108.70999908447266,109.72000122070312,0.0,178011000,-1.6092616205058383,2.589722963233077,AAPL,Apple,Stock
2020-09-18,103.54265594482422,106.83999633789062,0.0,110.87999725341795,106.08999633789062,110.4000015258789,0.0,287104900,-3.2234205947346757,10.39044033055965,AAPL,Apple,Stock
2020-09-21,106.68268585205078,110.08000183105467,0.0,110.19000244140624,103.0999984741211,104.54000091552734,0.0,195713800,2.987521317893864,8.925283624870291,AAPL,Apple,Stock
2020-09-22,108.35929870605467,111.80999755859376,0.0,112.86000061035156,109.16000366210938,112.68000030517578,0.0,183055400,1.5593669593688098,2.4316253139711272,AAPL,Apple,Stock
2020-09-23,103.81404113769533,107.12000274658205,0.0,112.11000061035156,106.7699966430664,111.62000274658205,0.0,150718700,-4.285131264691602,18.362349955637445,AAPL,Apple,Stock
2020-09-24,104.8801040649414,108.22000122070312,0.0,110.25,105.0,105.16999816894533,0.0,167743300,1.0216599024063822,1.0437889561850182,AAPL,Apple,Stock
2020-09-25,108.81476593017578,112.27999877929688,0.0,112.44000244140624,107.66999816894533,108.43000030517578,0.0,149981400,3.68292097996126,13.563906944638807,AAPL,Apple,Stock
2020-09-28,111.41207885742188,114.95999908447266,0.0,115.31999969482422,112.77999877929688,115.01000213623048,0.0,137672400,2.3588707936598796,5.564271421181591,AAPL,Apple,Stock
2020-09-29,110.56893920898438,114.08999633789062,0.0,115.30999755859376,113.56999969482422,114.5500030517578,0.0,99382200,-0.7596538752677107,0.5770740102092505,AAPL,Apple,Stock
2020-09-30,112.23585510253906,115.80999755859376,0.0,117.26000213623048,113.62000274658205,113.79000091552734,0.0,142675200,1.4963295565445072,2.2390021417886814,AAPL,Apple,Stock
2020-10-01,113.18560028076172,116.79000091552734,0.0,117.72000122070312,115.83000183105467,117.63999938964844,0.0,116120400,0.842644544478765,0.7100498283398254,AAPL,Apple,Stock
2020-10-02,109.53194427490234,113.0199966430664,0.0,115.37000274658205,112.22000122070312,112.88999938964844,0.0,144712000,-3.2812716427394326,10.766743593445934,AAPL,Apple,Stock
2020-10-05,112.904541015625,116.5,0.0,116.6500015258789,113.5500030517578,113.91000366210938,0.0,106243800,3.0326456670064896,9.196939741613235,AAPL,Apple,Stock
2020-10-06,109.66764068603516,113.16000366210938,0.0,116.12000274658205,112.25,115.6999969482422,0.0,161498200,-2.9088348226645824,8.461320025546092,AAPL,Apple,Stock
2020-10-07,111.52841186523438,115.08000183105467,0.0,115.5500030517578,114.12999725341795,114.62000274658205,0.0,96849000,1.6825029681799724,2.830816237934417,AAPL,Apple,Stock
2020-10-08,111.42176055908205,114.97000122070312,0.0,116.4000015258789,114.58999633789062,116.25,0.0,83477200,-0.0956727802698839,0.0091532808845694,AAPL,Apple,Stock
2020-10-09,113.3600616455078,116.97000122070312,0.0,117.0,114.91999816894533,115.27999877929688,0.0,100506900,1.7246493612774243,2.9744154193546284,AAPL,Apple,Stock
2020-10-12,120.5607452392578,124.4000015258789,0.0,125.18000030517578,119.27999877929688,120.05999755859376,0.0,240226800,6.158459659410069,37.926625376581185,AAPL,Apple,Stock
2020-10-13,117.36260223388672,121.0999984741211,0.0,125.38999938964844,119.6500015258789,125.2699966430664,0.0,262330500,-2.6885429100090854,7.228262978960121,AAPL,Apple,Stock
2020-10-14,117.44979858398438,121.19000244140624,0.0,123.02999877929688,119.62000274658205,121.0,0.0,150712000,0.0742689515562004,0.0055158771652572,AAPL,Apple,Stock
2020-10-15,116.98461151123048,120.70999908447266,0.0,121.1999969482422,118.1500015258789,118.72000122070312,0.0,112559200,-0.3968595592372267,0.1574975097579659,AAPL,Apple,Stock
2020-10-16,115.3467788696289,119.0199966430664,0.0,121.5500030517578,118.80999755859376,121.27999877929688,0.0,115393800,-1.4099341213285674,1.9879142264865597,AAPL,Apple,Stock
2020-10-19,112.40059661865234,115.9800033569336,0.0,120.41999816894533,115.66000366210938,119.95999908447266,0.0,120639300,-2.587381394855776,6.6945424824458195,AAPL,Apple,Stock
2020-10-20,113.88339233398438,117.51000213623048,0.0,118.9800033569336,115.62999725341795,116.1999969482422,0.0,124423700,1.310580519768149,1.7176212987957518,AAPL,Apple,Stock
2020-10-21,113.2631378173828,116.87000274658205,0.0,118.70999908447266,116.4499969482422,116.66999816894533,0.0,89946000,-0.5461285785977736,0.2982564243612246,AAPL,Apple,Stock
2020-10-22,112.17770385742188,115.75,0.0,118.04000091552734,114.58999633789062,117.4499969482422,0.0,101988000,-0.9629509359036412,0.9272745049576984,AAPL,Apple,Stock
2020-10-23,111.48961639404295,115.04000091552734,0.0,116.5500030517578,114.27999877929688,116.38999938964844,0.0,82572600,-0.6152795440493046,0.3785689173255201,AAPL,Apple,Stock
2020-10-26,111.49932098388672,115.0500030517578,0.0,116.5500030517578,112.87999725341795,114.01000213623048,0.0,111850700,0.0087040998212729,7.576135369868336e-05,AAPL,Apple,Stock
2020-10-27,113.00145721435548,116.5999984741211,0.0,117.27999877929688,114.54000091552734,115.48999786376952,0.0,92276800,1.3382213280434434,1.7908363228303574,AAPL,Apple,Stock
2020-10-28,107.7681121826172,111.1999969482422,0.0,115.43000030517578,111.0999984741211,115.0500030517578,0.0,143937800,-4.741890497164553,22.48552548709949,AAPL,Apple,Stock
2020-10-29,111.76097106933594,115.31999969482422,0.0,116.93000030517578,112.1999969482422,112.37000274658205,0.0,146129200,3.6380594432109814,13.235476512336596,AAPL,Apple,Stock
2020-10-30,105.50033569335938,108.86000061035156,0.0,111.98999786376952,107.72000122070312,111.05999755859376,0.0,190272600,-5.764826895328103,33.23322913309826,AAPL,Apple,Stock
2020-11-02,105.41312408447266,108.7699966430664,0.0,110.68000030517578,107.31999969482422,109.11000061035156,0.0,122866900,-0.0826989552482845,0.0068391171991577,AAPL,Apple,Stock
2020-11-03,107.03158569335938,110.44000244140624,0.0,111.48999786376952,108.7300033569336,109.66000366210938,0.0,107624400,1.5236839010637035,2.321612630360706,AAPL,Apple,Stock
2020-11-04,111.40238189697266,114.9499969482422,0.0,115.58999633789062,112.3499984741211,114.13999938964844,0.0,138235500,4.002472444871647,16.01978567195682,AAPL,Apple,Stock
2020-11-05,115.35645294189452,119.02999877929688,0.0,119.62000274658205,116.87000274658205,117.9499969482422,0.0,126387100,3.4878216588648057,12.164899924046445,AAPL,Apple,Stock
2020-11-06,115.22540283203124,118.69000244140624,0.205,119.1999969482422,116.12999725341795,118.31999969482422,0.0,114457900,-0.1136690686557835,0.0129206571690732,AAPL,Apple,Stock
2020-11-09,112.92459106445312,116.31999969482422,0.0,121.98999786376952,116.0500030517578,120.5,0.0,154515300,-2.0169974415649996,4.068278679279754,AAPL,Apple,Stock
2020-11-10,112.58482360839844,115.97000122070312,0.0,117.58999633789062,114.12999725341795,115.5500030517578,0.0,138023400,-0.3013335063137751,0.0908018820273539,AAPL,Apple,Stock
2020-11-11,116.0020523071289,119.48999786376952,0.0,119.62999725341795,116.44000244140624,117.19000244140624,0.0,112295000,2.9900958083883924,8.940672943341834,AAPL,Apple,Stock
2020-11-12,115.73025512695312,119.20999908447266,0.0,120.52999877929688,118.56999969482422,119.62000274658205,0.0,103162300,-0.2345786893683877,0.0550271615057905,AAPL,Apple,Stock
2020-11-13,115.7787857055664,119.26000213623048,0.0,119.66999816894533,117.87000274658205,119.44000244140624,0.0,81581900,0.041925429045565,0.0017577416006547,AAPL,Apple,Stock
2020-11-16,116.78844451904295,120.3000030517578,0.0,120.98999786376952,118.1500015258789,118.91999816894533,0.0,91183000,0.8682780938076238,0.7539068481862007,AAPL,Apple,Stock
2020-11-17,115.90497589111328,119.38999938964844,0.0,120.66999816894533,118.95999908447266,119.5500030517578,0.0,74271000,-0.7593449539485473,0.5766047590871214,AAPL,Apple,Stock
2020-11-18,114.58467864990234,118.02999877929688,0.0,119.81999969482422,118.0,118.61000061035156,0.0,76322100,-1.14565808597062,1.3125324499498645,AAPL,Apple,Stock
2020-11-19,115.17687225341795,118.63999938964844,0.0,119.05999755859376,116.80999755859376,117.58999633789062,0.0,74113000,0.515486522903596,0.2657263552952396,AAPL,Apple,Stock
2020-11-20,113.91481018066406,117.33999633789062,0.0,118.7699966430664,117.29000091552734,118.63999938964844,0.0,73604300,-1.1018076492089004,1.2139800958552434,AAPL,Apple,Stock
2020-11-23,110.52669525146484,113.8499984741211,0.0,117.62000274658205,113.75,117.18000030517578,0.0,127959300,-3.0193812158576714,9.11666292667415,AAPL,Apple,Stock
2020-11-24,111.80817413330078,115.16999816894533,0.0,115.8499984741211,112.58999633789062,113.91000366210938,0.0,113874200,1.1527594175155695,1.3288542746708352,AAPL,Apple,Stock
2020-11-25,112.64307403564452,116.02999877929688,0.0,116.75,115.16999816894533,115.5500030517578,0.0,76499200,0.7439510894870857,0.5534632235490218,AAPL,Apple,Stock
2020-11-27,113.1867218017578,116.58999633789062,0.0,117.48999786376952,116.22000122070312,116.56999969482422,0.0,46691300,0.4814677481276883,0.231811192487147,AAPL,Apple,Stock
2020-11-30,115.57492065429688,119.0500030517578,0.0,120.97000122070312,116.80999755859376,116.97000122070312,0.0,169410200,2.08801230260444,4.359795375827496,AAPL,Apple,Stock
2020-12-01,119.13777923583984,122.72000122070312,0.0,123.47000122070312,120.01000213623048,121.01000213623048,0.0,127728200,3.0361648728406987,9.218297135071776,AAPL,Apple,Stock
2020-12-02,119.4872589111328,123.08000183105467,0.0,123.37000274658205,120.88999938964844,122.0199966430664,0.0,89004200,0.2929113624255102,0.0857970662379685,AAPL,Apple,Stock
2020-12-03,119.35134887695312,122.94000244140624,0.0,123.77999877929688,122.20999908447266,123.5199966430664,0.0,78967600,-0.1138091116073449,0.0129525138848531,AAPL,Apple,Stock
2020-12-04,118.68148803710938,122.25,0.0,122.86000061035156,121.5199966430664,122.5999984741211,0.0,78260400,-0.5628321006865783,0.3167799735632666,AAPL,Apple,Stock
2020-12-07,120.13772583007812,123.75,0.0,124.56999969482422,122.25,122.30999755859376,0.0,86712000,1.2195466337267702,1.487293991834297,AAPL,Apple,Stock
2020-12-08,120.74932098388672,124.37999725341795,0.0,124.9800033569336,123.08999633789062,124.37000274658205,0.0,82225500,0.5077869283963826,0.257847564650233,AAPL,Apple,Stock
2020-12-09,118.22522735595705,121.77999877929688,0.0,125.9499969482422,121.0,124.52999877929688,0.0,115089200,-2.1125157588420023,4.4627228313558005,AAPL,Apple,Stock
2020-12-10,119.64258575439452,123.23999786376952,0.0,123.87000274658205,120.1500015258789,120.5,0.0,81312200,1.1917334713254977,1.4202286666775203,AAPL,Apple,Stock
2020-12-11,118.83684539794922,122.41000366210938,0.0,122.76000213623048,120.5500030517578,122.43000030517578,0.0,86939800,-0.67573410293958,0.4566165778755589,AAPL,Apple,Stock
2020-12-14,118.22522735595705,121.77999877929688,0.0,123.3499984741211,121.54000091552734,122.5999984741211,0.0,79184500,-0.5159993683859243,0.2662553481746728,AAPL,Apple,Stock
2020-12-15,124.14715576171876,127.87999725341795,0.0,127.9000015258789,124.12999725341795,124.33999633789062,0.0,157243700,4.887609039298606,23.88872212103344,AAPL,Apple,Stock
2020-12-16,124.07919311523438,127.80999755859376,0.0,128.3699951171875,126.55999755859376,127.41000366210938,0.0,98208600,-0.0547586092210466,0.0029985052838232,AAPL,Apple,Stock
2020-12-17,124.94322204589844,128.6999969482422,0.0,129.5800018310547,128.0399932861328,128.89999389648438,0.0,94359800,0.6939394571307804,0.4815519701629622,AAPL,Apple,Stock
2020-12-18,122.9627685546875,126.66000366210938,0.0,129.10000610351562,126.12000274658205,128.9600067138672,0.0,192541500,-1.5977795604885845,2.5528995239150944,AAPL,Apple,Stock
2020-12-21,124.48694610595705,128.22999572753906,0.0,128.30999755859375,123.4499969482422,125.0199966430664,0.0,121251600,1.2319244979197268,1.517637968574771,AAPL,Apple,Stock
2020-12-22,128.0303955078125,131.8800048828125,0.0,134.41000366210938,129.64999389648438,131.61000061035156,0.0,168904800,2.8066840781077977,7.877475514303819,AAPL,Apple,Stock
2020-12-23,127.1372299194336,130.9600067138672,0.0,132.42999267578125,130.77999877929688,132.16000366210938,0.0,88223700,-0.7000647003298125,0.4900905846478702,AAPL,Apple,Stock
2020-12-24,128.11773681640625,131.97000122070312,0.0,133.4600067138672,131.10000610351562,131.32000732421875,0.0,54930100,0.7682606392860805,0.590224409876257,AAPL,Apple,Stock
2020-12-28,132.69998168945312,136.69000244140625,0.0,137.33999633789062,133.50999450683594,133.99000549316406,0.0,124486200,3.514114332998698,12.348999545386883,AAPL,Apple,Stock
2020-12-29,130.93312072753906,134.8699951171875,0.0,138.7899932861328,134.33999633789062,138.0500030517578,0.0,121047300,-1.340413931408255,1.7967095075133344,AAPL,Apple,Stock
2020-12-30,129.81668090820312,133.72000122070312,0.0,135.99000549316406,133.39999389648438,135.5800018310547,0.0,96452100,-0.8563355636707227,0.7333105976072544,AAPL,Apple,Stock
2020-12-31,128.81675720214844,132.69000244140625,0.0,134.74000549316406,131.72000122070312,134.0800018310547,0.0,99116600,-0.773240069402517,0.5979002049296093,AAPL,Apple,Stock
2021-01-04,125.63249206542967,129.41000366210938,0.0,133.61000061035156,126.76000213623048,133.52000427246094,0.0,143301900,-2.502999234198513,6.265005166398343,AAPL,Apple,Stock
2021-01-05,127.185791015625,131.00999450683594,0.0,131.74000549316406,128.42999267578125,128.88999938964844,0.0,97664900,1.228802344762941,1.509955202494902,AAPL,Apple,Stock
2021-01-06,122.9045181274414,126.5999984741211,0.0,131.0500030517578,126.37999725341795,127.72000122070312,0.0,155088000,-3.424116028644903,11.724570577622943,AAPL,Apple,Stock
2021-01-07,127.09844970703124,130.9199981689453,0.0,131.6300048828125,127.86000061035156,128.36000061035156,0.0,109578200,3.35542021660376,11.258844829993222,AAPL,Apple,Stock
2021-01-08,128.19544982910156,132.0500030517578,0.0,132.6300048828125,130.22999572753906,132.42999267578125,0.0,105158200,0.8594070409926833,0.7385804621077996,AAPL,Apple,Stock
2021-01-11,125.21504974365234,128.97999572753906,0.0,130.1699981689453,128.5,129.19000244140625,0.0,100384500,-2.352339404186119,5.5335006724867055,AAPL,Apple,Stock
2021-01-12,125.04031372070312,128.8000030517578,0.0,129.69000244140625,126.86000061035156,128.5,0.0,91951100,-0.1396461989277199,0.0195010608749603,AAPL,Apple,Stock
2021-01-13,127.06926727294922,130.88999938964844,0.0,131.4499969482422,128.49000549316406,128.75999450683594,0.0,88636800,1.6096154300940153,2.590861832796742,AAPL,Apple,Stock
2021-01-14,125.14708709716795,128.91000366210938,0.0,131.0,128.75999450683594,130.8000030517578,0.0,90221800,-1.5242607059166888,2.3233706996016426,AAPL,Apple,Stock
2021-01-15,123.4287567138672,127.13999938964844,0.0,130.22000122070312,127.0,128.77999877929688,0.0,111598500,-1.382562141297175,1.9114780745482296,AAPL,Apple,Stock
2021-01-19,124.09861755371094,127.83000183105467,0.0,128.7100067138672,126.94000244140624,127.77999877929688,0.0,90757300,0.5412431470176745,0.292944144193596,AAPL,Apple,Stock
2021-01-20,128.17604064941406,132.02999877929688,0.0,132.49000549316406,128.5500030517578,128.66000366210938,0.0,104319500,3.232808423838504,10.451050305241194,AAPL,Apple,Stock
2021-01-21,132.8747100830078,136.8699951171875,0.0,139.6699981689453,133.58999633789062,133.8000030517578,0.0,120150900,3.600201817189176,12.961453124492246,AAPL,Apple,Stock
2021-01-22,135.01051330566406,139.07000732421875,0.0,139.85000610351562,135.02000427246094,136.27999877929688,0.0,114459400,1.594599696239127,2.5427481912459156,AAPL,Apple,Stock
2021-01-25,138.7481689453125,142.9199981689453,0.0,145.08999633789062,136.5399932861328,143.07000732421875,0.0,157611700,2.730790400444771,7.457216211161312,AAPL,Apple,Stock
2021-01-26,138.9811553955078,143.16000366210938,0.0,144.3000030517578,141.3699951171875,143.60000610351562,0.0,98390600,0.1677795496770049,0.0281499772898185,AAPL,Apple,Stock
2021-01-27,137.91322326660156,142.05999755859375,0.0,144.3000030517578,140.41000366210938,143.42999267578125,0.0,140843800,-0.7713680785446345,0.5950087125976414,AAPL,Apple,Stock
2021-01-28,133.0883026123047,137.08999633789062,0.0,141.99000549316406,136.6999969482422,139.52000427246094,0.0,142621100,-3.5611833126299417,12.682026586153963,AAPL,Apple,Stock
2021-01-29,128.10806274414062,131.9600067138672,0.0,136.74000549316406,130.2100067138672,135.8300018310547,0.0,177523800,-3.8138689396033354,14.54559628847107,AAPL,Apple,Stock
2021-02-01,130.22442626953125,134.13999938964844,0.0,135.3800048828125,130.92999267578125,133.75,0.0,106239800,1.638516999756216,2.684737958490111,AAPL,Apple,Stock
2021-02-02,131.04965209960938,134.99000549316406,0.0,136.30999755859375,134.61000061035156,135.72999572753906,0.0,83305400,0.6316957115490802,0.3990394719894987,AAPL,Apple,Stock
2021-02-03,130.03025817871094,133.94000244140625,0.0,135.77000427246094,133.61000061035156,135.75999450683594,0.0,89880900,-0.7809096457827088,0.6098198748764758,AAPL,Apple,Stock
2021-02-04,133.37954711914062,137.38999938964844,0.0,137.39999389648438,134.58999633789062,136.3000030517578,0.0,84183100,2.5431623187204906,6.467674579359782,AAPL,Apple,Stock
2021-02-05,132.96630859375,136.75999450683594,0.205,137.4199981689453,135.86000061035156,137.35000610351562,0.0,75693800,-0.3103024493215859,0.0962876100549754,AAPL,Apple,Stock
2021-02-08,133.11219787597656,136.91000366210938,0.0,136.9600067138672,134.9199981689453,136.02999877929688,0.0,71297200,0.1096588362446659,0.0120250603665344,AAPL,Apple,Stock
2021-02-09,132.23712158203125,136.00999450683594,0.0,137.8800048828125,135.85000610351562,136.6199951171875,0.0,76774200,-0.6595678994763525,0.4350298140196478,AAPL,Apple,Stock
2021-02-10,131.6343536376953,135.38999938964844,0.0,136.99000549316406,134.39999389648438,136.47999572753906,0.0,73046600,-0.4568655951000536,0.2087261719861261,AAPL,Apple,Stock
2021-02-11,131.381591796875,135.1300048828125,0.0,136.38999938964844,133.77000427246094,135.89999389648438,0.0,64280000,-0.1922027337279352,0.0369418908524915,AAPL,Apple,Stock
2021-02-12,131.61489868164062,135.3699951171875,0.0,135.52999877929688,133.69000244140625,134.35000610351562,0.0,60145100,0.1774220983273101,0.0314786009748657,AAPL,Apple,Stock
2021-02-16,129.49537658691406,133.19000244140625,0.0,136.00999450683594,132.7899932861328,135.49000549316406,0.0,80576300,-1.6235045879099144,2.635767146964541,AAPL,Apple,Stock
2021-02-17,127.21058654785156,130.83999633789062,0.0,132.22000122070312,129.47000122070312,131.25,0.0,97918500,-1.780130345045957,3.1688640453534376,AAPL,Apple,Stock
2021-02-18,126.11190795898438,129.7100067138672,0.0,130.0,127.41000366210938,129.1999969482422,0.0,96856700,-0.8674203843429975,0.7524181231737536,AAPL,Apple,Stock
2021-02-19,126.26746368408205,129.8699951171875,0.0,130.7100067138672,128.8000030517578,130.24000549316406,0.0,87668800,0.1232713623013252,0.0151958287636245,AAPL,Apple,Stock
2021-02-22,122.50482940673828,126.0,0.0,129.72000122070312,125.5999984741211,128.00999450683594,0.0,103916400,-3.0251931863669137,9.1517938148408,AAPL,Apple,Stock
2021-02-23,122.3686981201172,125.86000061035156,0.0,126.70999908447266,118.38999938964844,123.76000213623048,0.0,158273000,-0.111184987630046,0.0123621014742934,AAPL,Apple,Stock
2021-02-24,121.8728485107422,125.3499984741211,0.0,125.55999755859376,122.2300033569336,124.94000244140624,0.0,111039900,-0.4060327142863654,0.1648625650707532,AAPL,Apple,Stock
2021-02-25,117.63380432128906,120.98999786376952,0.0,126.45999908447266,120.54000091552734,124.68000030517578,0.0,148199500,-3.54018300471581,12.53289570687866,AAPL,Apple,Stock
2021-02-26,117.89630126953124,121.26000213623048,0.0,124.8499984741211,121.1999969482422,122.58999633789062,0.0,164560400,0.2228989421679853,0.0496839384196068,AAPL,Apple,Stock
2021-03-01,124.24517822265624,127.79000091552734,0.0,127.93000030517578,122.79000091552734,123.75,0.0,116307900,5.245142187108763,27.511516562988096,AAPL,Apple,Stock
2021-03-02,121.64924621582033,125.12000274658205,0.0,128.72000122070312,125.01000213623048,128.41000366210938,0.0,102260900,-2.1114984287495115,4.458425614611656,AAPL,Apple,Stock
2021-03-03,118.67410278320312,122.05999755859376,0.0,125.70999908447266,121.83999633789062,124.80999755859376,0.0,112966300,-2.476076875109532,6.130956691452185,AAPL,Apple,Stock
2021-03-04,116.7976531982422,120.12999725341795,0.0,123.5999984741211,118.62000274658205,121.75,0.0,178155000,-1.5938126412550653,2.5402387354244476,AAPL,Apple,Stock
2021-03-05,118.0518569946289,121.41999816894533,0.0,121.94000244140624,117.56999969482422,120.9800033569336,0.0,153766600,1.068101627344988,1.140841086337012,AAPL,Apple,Stock
2021-03-08,113.1322250366211,116.36000061035156,0.0,121.0,116.20999908447266,120.93000030517578,0.0,154376600,-4.256672627724574,18.119261859619627,AAPL,Apple,Stock
2021-03-09,117.73104095458984,121.08999633789062,0.0,122.05999755859376,118.79000091552734,119.02999877929688,0.0,129525800,3.984544122383303,15.876591863219328,AAPL,Apple,Stock
2021-03-10,116.65181732177734,119.9800033569336,0.0,122.16999816894533,119.4499969482422,121.69000244140624,0.0,111943300,-0.9209131316004994,0.8480809959542387,AAPL,Apple,Stock
2021-03-11,118.5768814086914,121.95999908447266,0.0,123.20999908447266,121.26000213623048,122.54000091552734,0.0,103026500,1.6367960846569811,2.679101422748423,AAPL,Apple,Stock
2021-03-12,117.67267608642578,121.02999877929688,0.0,121.16999816894533,119.16000366210938,120.4000015258789,0.0,88105100,-0.7654699944962902,0.5859443124741505,AAPL,Apple,Stock
2021-03-15,120.5505828857422,123.98999786376952,0.0,124.0,120.41999816894533,121.41000366210938,0.0,92403800,2.416260131814541,5.838313024596423,AAPL,Apple,Stock
2021-03-16,122.08675384521484,125.56999969482422,0.0,127.22000122070312,124.72000122070312,125.6999969482422,0.0,115227900,1.2662449280186796,1.603376217733031,AAPL,Apple,Stock
2021-03-17,121.29922485351562,124.76000213623048,0.0,125.86000061035156,122.33999633789062,124.0500030517578,0.0,111932600,-0.6471463511361999,0.4187983997888977,AAPL,Apple,Stock
2021-03-18,117.18655395507812,120.52999877929688,0.0,123.18000030517578,120.31999969482422,122.87999725341795,0.0,121229700,-3.4493282388599016,11.89786529939635,AAPL,Apple,Stock
2021-03-19,116.66153717041016,119.98999786376952,0.0,121.43000030517578,119.68000030517578,119.9000015258789,0.0,185549500,-0.4490245477479314,0.2016230444802343,AAPL,Apple,Stock
2021-03-22,119.96722412109376,123.38999938964844,0.0,123.87000274658205,120.26000213623048,120.33000183105467,0.0,111912300,2.7941675412402645,7.807372248520665,AAPL,Apple,Stock
2021-03-23,119.14080810546876,122.54000091552734,0.0,124.23999786376952,122.13999938964844,123.33000183105467,0.0,95467100,-0.6912518150395225,0.4778290717954342,AAPL,Apple,Stock
2021-03-24,116.75875854492188,120.08999633789062,0.0,122.9000015258789,120.06999969482422,122.81999969482422,0.0,88530500,-2.0196141608114075,4.078841358549966,AAPL,Apple,Stock
2021-03-25,117.24488830566406,120.58999633789062,0.0,121.66000366210938,119.0,119.54000091552734,0.0,98844700,0.4154896443961914,0.1726316446004736,AAPL,Apple,Stock
2021-03-26,117.8476791381836,121.20999908447266,0.0,121.4800033569336,118.91999816894533,120.3499984741211,0.0,94071200,0.5128125997967068,0.2629767625102573,AAPL,Apple,Stock
2021-03-29,118.02268981933594,121.38999938964844,0.0,122.58000183105467,120.7300033569336,121.6500015258789,0.0,80819200,0.1483956751686701,0.0220212764087654,AAPL,Apple,Stock
2021-03-30,116.57404327392578,119.9000015258789,0.0,120.4000015258789,118.86000061035156,120.11000061035156,0.0,85671900,-1.2350256882331012,1.5252884505956452,AAPL,Apple,Stock
2021-03-31,118.7616195678711,122.1500015258789,0.0,123.5199966430664,121.1500015258789,121.6500015258789,0.0,118323800,1.8591651417272992,3.4564950242138885,AAPL,Apple,Stock
2021-04-01,119.58804321289062,123.0,0.0,124.18000030517578,122.48999786376952,123.66000366210938,0.0,75089100,0.6934576262069377,0.480883479344561,AAPL,Apple,Stock
2021-04-05,122.4075927734375,125.9000015258789,0.0,126.16000366210938,123.06999969482422,123.87000274658205,0.0,88651200,2.3303537234498557,5.4305484763966065,AAPL,Apple,Stock
2021-04-06,122.7090072631836,126.20999908447266,0.0,127.12999725341795,125.6500015258789,126.5,0.0,80171300,0.245935723345497,0.0604843800174728,AAPL,Apple,Stock
2021-04-07,124.35212707519533,127.9000015258789,0.0,127.91999816894533,125.13999938964844,125.83000183105467,0.0,83466700,1.3301517803068457,1.769303758653471,AAPL,Apple,Stock
2021-04-08,126.74386596679688,130.36000061035156,0.0,130.38999938964844,128.52000427246094,128.9499969482422,0.0,88844600,1.9050970907414,3.6293949251513458,AAPL,Apple,Stock
2021-04-09,129.31065368652344,133.0,0.0,133.0399932861328,129.47000122070312,129.8000030517578,0.0,106686700,2.004943092329039,4.019796803477929,AAPL,Apple,Stock
2021-04-12,127.59945678710938,131.24000549316406,0.0,132.85000610351562,130.6300048828125,132.52000427246094,0.0,91420000,-1.3321563736932016,1.774640603971421,AAPL,Apple,Stock
2021-04-13,130.7009735107422,134.42999267578125,0.0,134.66000366210938,131.92999267578125,132.44000244140625,0.0,91266500,2.401595529232526,5.7676610860296575,AAPL,Apple,Stock
2021-04-14,128.36753845214844,132.02999877929688,0.0,135.0,131.66000366210938,134.94000244140625,0.0,87222800,-1.801452554031353,3.245231304426085,AAPL,Apple,Stock
2021-04-15,130.76902770996094,134.5,0.0,135.0,133.63999938964844,133.82000732421875,0.0,89347100,1.8535076276059632,3.4354905255934867,AAPL,Apple,Stock
2021-04-16,130.43846130371094,134.16000366210938,0.0,134.6699981689453,133.27999877929688,134.3000030517578,0.0,84922400,-0.2531065123542868,0.0640629065961507,AAPL,Apple,Stock
2021-04-19,131.09959411621094,134.83999633789062,0.0,135.47000122070312,133.33999633789062,133.50999450683594,0.0,94264200,0.5055740126833828,0.2556050823007773,AAPL,Apple,Stock
2021-04-20,129.4176025390625,133.11000061035156,0.0,135.52999877929688,131.80999755859375,135.02000427246094,0.0,94812300,-1.2912889976813846,1.6674272755329949,AAPL,Apple,Stock
2021-04-21,129.7967987060547,133.5,0.0,133.75,131.3000030517578,132.36000061035156,0.0,68847100,0.2925735882433896,0.0855993045376124,AAPL,Apple,Stock
2021-04-22,128.28009033203125,131.94000244140625,0.0,134.14999389648438,131.41000366210938,133.0399932861328,0.0,84566500,-1.1754061680985226,1.3815796600040524,AAPL,Apple,Stock
2021-04-23,130.59405517578125,134.32000732421875,0.0,135.1199951171875,132.16000366210938,132.16000366210938,0.0,78657500,1.7877617475123144,3.1960920658682843,AAPL,Apple,Stock
2021-04-26,130.98294067382812,134.72000122070312,0.0,135.05999755859375,133.55999755859375,134.8300018310547,0.0,66905100,0.2973394378947725,0.0884107413275792,AAPL,Apple,Stock
2021-04-27,130.66207885742188,134.38999938964844,0.0,135.41000366210938,134.11000061035156,135.00999450683594,0.0,66015800,-0.2452651136462401,0.060154975971903,AAPL,Apple,Stock
2021-04-28,129.87457275390625,133.5800018310547,0.0,135.02000427246094,133.0800018310547,134.30999755859375,0.0,107760100,-0.6045279978496841,0.3654541001841477,AAPL,Apple,Stock
2021-04-29,129.77732849121094,133.47999572753906,0.0,137.07000732421875,132.4499969482422,136.47000122070312,0.0,151101000,-0.07490356648698,0.0056105442724694,AAPL,Apple,Stock
2021-04-30,127.81333923339844,131.4600067138672,0.0,133.55999755859375,131.07000732421875,131.77999877929688,0.0,109839500,-1.5249211732708827,2.3253845846898455,AAPL,Apple,Stock
2021-05-03,128.8634033203125,132.5399932861328,0.0,134.07000732421875,131.8300018310547,132.0399932861328,0.0,75135100,0.8182042007984691,0.6694581142042616,AAPL,Apple,Stock
2021-05-04,124.30350494384766,127.8499984741211,0.0,131.49000549316406,126.6999969482422,131.19000244140625,0.0,137564700,-3.602675877716477,12.979273479880188,AAPL,Apple,Stock
2021-05-05,124.5465850830078,128.10000610351562,0.0,130.4499969482422,127.97000122070312,129.1999969482422,0.0,84000900,0.1953627715760805,0.0381666125178878,AAPL,Apple,Stock
2021-05-06,126.14109802246094,129.74000549316406,0.0,129.75,127.12999725341795,127.88999938964844,0.0,78128300,1.2721282698179923,1.6183103348701189,AAPL,Apple,Stock
2021-05-07,126.81310272216795,130.2100067138672,0.22,131.25999450683594,129.47999572753906,130.85000610351562,0.0,78973300,0.5313264445996772,0.2823077907309338,AAPL,Apple,Stock
2021-05-10,123.54073333740234,126.8499984741211,0.0,129.5399932861328,126.80999755859376,129.41000366210938,0.0,88071200,-2.6143444153391706,6.83479672201511,AAPL,Apple,Stock
2021-05-11,122.62525177001952,125.91000366210938,0.0,126.2699966430664,122.7699966430664,123.5,0.0,126142800,-0.7437955228395169,0.5532317797961103,AAPL,Apple,Stock
2021-05-12,119.56715393066406,122.7699966430664,0.0,124.63999938964844,122.25,123.4000015258789,0.0,112172300,-2.525479994249934,6.378049201356649,AAPL,Apple,Stock
2021-05-13,121.70978546142578,124.97000122070312,0.0,126.1500015258789,124.26000213623048,124.58000183105467,0.0,105861300,1.7761232070663242,3.154613646679565,AAPL,Apple,Stock
2021-05-14,124.12507629394533,127.4499969482422,0.0,127.88999938964844,125.8499984741211,126.25,0.0,81918000,1.9650333837312328,3.8613561991782177,AAPL,Apple,Stock
2021-05-17,122.97584533691406,126.2699966430664,0.0,126.93000030517578,125.16999816894533,126.81999969482422,0.0,74244600,-0.9301780306508408,0.8652311687054768,AAPL,Apple,Stock
2021-05-18,121.5928955078125,124.8499984741211,0.0,126.98999786376952,124.77999877929688,126.55999755859376,0.0,63342900,-1.1309413987753032,1.2790284474638394,AAPL,Apple,Stock
2021-05-19,121.43707275390624,124.69000244140624,0.0,124.91999816894533,122.86000061035156,123.16000366210938,0.0,92612000,-0.1282333832106627,0.0164438005696526,AAPL,Apple,Stock
2021-05-20,123.98873138427734,127.30999755859376,0.0,127.72000122070312,125.0999984741211,125.2300033569336,0.0,76857100,2.079447664940054,4.324102591224644,AAPL,Apple,Stock
2021-05-21,122.15777587890624,125.43000030517578,0.0,128.0,125.20999908447266,127.81999969482422,0.0,79295400,-1.487723142091718,2.213320147515254,AAPL,Apple,Stock
2021-05-24,123.78419494628906,127.0999984741211,0.0,127.94000244140624,125.94000244140624,126.01000213623048,0.0,63092900,1.322623195557749,1.7493321174273917,AAPL,Apple,Stock
2021-05-25,123.58943176269533,126.9000015258789,0.0,128.32000732421875,126.31999969482422,127.81999969482422,0.0,72009500,-0.1574648247091404,0.0247951710206803,AAPL,Apple,Stock
2021-05-26,123.54073333740234,126.8499984741211,0.0,127.38999938964844,126.41999816894533,126.95999908447266,0.0,56575900,-0.039411154768237,0.0015532391201659,AAPL,Apple,Stock
2021-05-27,122.0116958618164,125.27999877929688,0.0,127.63999938964844,125.08000183105467,126.44000244140624,0.0,94625600,-1.2454018424161275,1.5510257490934851,AAPL,Apple,Stock
2021-05-28,121.3591537475586,124.61000061035156,0.0,125.8000030517578,124.5500030517578,125.56999969482422,0.0,71311100,-0.5362545917571727,0.287568987180652,AAPL,Apple,Stock
2021-06-01,121.0377960205078,124.27999877929688,0.0,125.3499984741211,123.94000244140624,125.08000183105467,0.0,67637100,-0.2651501313301238,0.0703045921443818,AAPL,Apple,Stock
2021-06-02,121.79743194580078,125.05999755859376,0.0,125.23999786376952,124.0500030517578,124.27999877929688,0.0,59278900,0.6256410237520329,0.3914266906014917,AAPL,Apple,Stock
2021-06-03,120.31708526611328,123.54000091552734,0.0,124.8499984741211,123.12999725341795,124.68000030517578,0.0,76229200,-1.222863580604845,1.495395336769702,AAPL,Apple,Stock
2021-06-04,122.60578155517578,125.88999938964844,0.0,126.16000366210938,123.8499984741211,124.06999969482422,0.0,75169300,1.884354520412696,3.550791958599762,AAPL,Apple,Stock
2021-06-07,122.6155014038086,125.9000015258789,0.0,126.31999969482422,124.83000183105467,126.16999816894533,0.0,71057600,0.007927410313338,6.284383427601778e-05,AAPL,Apple,Stock
2021-06-08,123.43360137939452,126.73999786376952,0.0,128.4600067138672,126.20999908447266,126.5999984741211,0.0,74403800,0.6649916468890076,0.4422138904321545,AAPL,Apple,Stock
2021-06-09,123.8134307861328,127.12999725341795,0.0,127.75,126.5199966430664,127.20999908447266,0.0,56877900,0.3072471302997051,0.0944007990774039,AAPL,Apple,Stock
2021-06-10,122.8200454711914,126.11000061035156,0.0,128.19000244140625,125.94000244140624,127.0199966430664,0.0,71186400,-0.8055603010331421,0.6489273986006066,AAPL,Apple,Stock
2021-06-11,124.02769470214844,127.3499984741211,0.0,127.44000244140624,126.0999984741211,126.52999877929688,0.0,53522400,0.9784645912098228,0.9573929562514056,AAPL,Apple,Stock
2021-06-14,127.07601165771484,130.47999572753906,0.0,130.5399932861328,127.06999969482422,127.81999969482422,0.0,96906500,2.4280539369053367,5.895445920521505,AAPL,Apple,Stock
2021-06-15,126.25794982910156,129.63999938964844,0.0,130.60000610351562,129.38999938964844,129.94000244140625,0.0,62746300,-0.6458389292226515,0.417107922499461,AAPL,Apple,Stock
2021-06-16,126.75464630126952,130.14999389648438,0.0,130.88999938964844,128.4600067138672,130.3699951171875,0.0,91815000,0.3926263892273209,0.1541554815176837,AAPL,Apple,Stock
2021-06-17,128.3518524169922,131.7899932861328,0.0,132.5500030517578,129.64999389648438,129.8000030517578,0.0,96721700,1.252204074810533,1.5680150449721029,AAPL,Apple,Stock
2021-06-18,127.05656433105467,130.4600067138672,0.0,131.50999450683594,130.24000549316406,130.7100067138672,0.0,108953300,-1.0142964020660596,1.0287971912441538,AAPL,Apple,Stock
2021-06-21,128.84857177734375,132.3000030517578,0.0,132.41000366210938,129.2100067138672,130.3000030517578,0.0,79663300,1.4005476918560698,1.9615338371633648,AAPL,Apple,Stock
2021-06-22,130.48468017578125,133.97999572753906,0.0,134.0800018310547,131.6199951171875,132.1300048828125,0.0,74783600,1.261797392791808,1.5921326604562045,AAPL,Apple,Stock
2021-06-23,130.2120361328125,133.6999969482422,0.0,134.32000732421875,133.22999572753906,133.77000427246094,0.0,60214200,-0.2091657664365864,0.0437503178490046,AAPL,Apple,Stock
2021-06-24,129.92959594726562,133.41000366210938,0.0,134.63999938964844,132.92999267578125,134.4499969482422,0.0,68711000,-0.2171434800858185,0.0471512909437802,AAPL,Apple,Stock
2021-06-25,129.637451171875,133.11000061035156,0.0,133.88999938964844,132.80999755859375,133.4600067138672,0.0,70783700,-0.2251016852817441,0.0506707687166813,AAPL,Apple,Stock
2021-06-28,131.2638397216797,134.77999877929688,0.0,135.25,133.35000610351562,133.41000366210938,0.0,62111300,1.2467624146716605,1.5544165186379095,AAPL,Apple,Stock
2021-06-29,132.77340698242188,136.3300018310547,0.0,136.49000549316406,134.35000610351562,134.8000030517578,0.0,64556100,1.1434626952299818,1.3075069353826143,AAPL,Apple,Stock
2021-06-30,133.3870086669922,136.9600067138672,0.0,137.41000366210938,135.8699951171875,136.1699981689453,0.0,63261400,0.4610774071203951,0.2125923753568666,AAPL,Apple,Stock
2021-07-01,133.68890380859375,137.27000427246094,0.0,137.3300018310547,135.75999450683594,136.60000610351562,0.0,52485800,0.2260745024772721,0.0511096806703461,AAPL,Apple,Stock
2021-07-02,136.3087158203125,139.9600067138672,0.0,140.0,137.75,137.89999389648438,0.0,78852600,1.9406795055526935,3.766236943272247,AAPL,Apple,Stock
2021-07-06,138.3149871826172,142.02000427246094,0.0,143.14999389648438,140.07000732421875,140.07000732421875,0.0,108181800,1.4611317476086465,2.1349059838698974,AAPL,Apple,Stock
2021-07-07,140.79847717285156,144.57000732421875,0.0,144.88999938964844,142.66000366210938,143.5399932861328,0.0,104911600,1.7796028140579645,3.1669861758030255,AAPL,Apple,Stock
2021-07-08,139.50311279296875,143.24000549316406,0.0,144.05999755859375,140.6699981689453,141.5800018310547,0.0,105575500,-0.9242713191169348,0.8542774713421586,AAPL,Apple,Stock
2021-07-09,141.32437133789062,145.11000061035156,0.0,145.64999389648438,142.64999389648438,142.75,0.0,99890800,1.2970839267653833,1.6824267130731063,AAPL,Apple,Stock
2021-07-12,140.7303009033203,144.5,0.0,146.32000732421875,144.0,146.2100067138672,0.0,76299700,-0.4212455041571821,0.1774477747726385,AAPL,Apple,Stock
2021-07-13,141.84056091308594,145.63999938964844,0.0,147.4600067138672,143.6300048828125,144.02999877929688,0.0,100827100,0.7858317139474654,0.6175314826456111,AAPL,Apple,Stock
2021-07-14,145.25894165039062,149.14999389648438,0.0,149.57000732421875,147.67999267578125,148.10000610351562,0.0,127050800,2.381433794690977,5.6712269184962665,AAPL,Apple,Stock
2021-07-15,144.60646057128906,148.47999572753906,0.0,150.0,147.08999633789062,149.24000549316406,0.0,106820300,-0.4501966610189711,0.2026770335926303,AAPL,Apple,Stock
2021-07-16,142.5709686279297,146.38999938964844,0.0,149.75999450683594,145.8800048828125,148.4600067138672,0.0,93251400,-1.417608644849494,2.009614269952019,AAPL,Apple,Stock
2021-07-19,138.73373413085938,142.4499969482422,0.0,144.07000732421875,141.6699981689453,143.75,0.0,121434600,-2.728338692924755,7.443832023310359,AAPL,Apple,Stock
2021-07-20,142.33724975585938,146.14999389648438,0.0,147.10000610351562,142.9600067138672,143.4600067138672,0.0,96350000,2.564272576599602,6.575493847100763,AAPL,Apple,Stock
2021-07-21,141.6068115234375,145.39999389648438,0.0,146.1300048828125,144.6300048828125,145.52999877929688,0.0,74993500,-0.5144955949351467,0.2647057172076706,AAPL,Apple,Stock
2021-07-22,142.97024536132812,146.8000030517578,0.0,148.1999969482422,145.80999755859375,145.94000244140625,0.0,77338200,0.9582250131381356,0.91819517580358,AAPL,Apple,Stock
2021-07-23,144.6843719482422,148.55999755859375,0.0,148.72000122070312,146.9199981689453,147.5500030517578,0.0,71447400,1.1918090469530664,1.4204088043991765,AAPL,Apple,Stock
2021-07-26,145.1031494140625,148.99000549316406,0.0,149.8300018310547,147.6999969482422,148.27000427246094,0.0,72434100,0.2890240099867839,0.0835348783488405,AAPL,Apple,Stock
2021-07-27,142.9410400390625,146.77000427246094,0.0,149.2100067138672,145.5500030517578,149.1199951171875,0.0,104818600,-1.5012626963829283,2.253789683550941,AAPL,Apple,Stock
2021-07-28,141.19773864746094,144.97999572753906,0.0,146.97000122070312,142.5399932861328,144.80999755859375,0.0,118931200,-1.227092813240365,1.5057567723061525,AAPL,Apple,Stock
2021-07-29,141.84056091308594,145.63999938964844,0.0,146.5500030517578,144.5800018310547,144.69000244140625,0.0,56699500,0.454230661983115,0.2063254942856189,AAPL,Apple,Stock
2021-07-30,142.0547637939453,145.86000061035156,0.0,146.3300018310547,144.11000061035156,144.3800048828125,0.0,70440600,0.1509027467982127,0.0227716389912454,AAPL,Apple,Stock
2021-08-02,141.7236785888672,145.52000427246094,0.0,146.9499969482422,145.25,146.36000061035156,0.0,62880000,-0.2333407375995132,0.0544478998234849,AAPL,Apple,Stock
2021-08-03,143.51565551757812,147.36000061035156,0.0,148.0399932861328,145.17999267578125,145.80999755859375,0.0,64786600,1.2564890534324271,1.5787647413955173,AAPL,Apple,Stock
2021-08-04,143.11631774902344,146.9499969482422,0.0,147.7899932861328,146.27999877929688,147.27000427246094,0.0,56368300,-0.2786416479494746,0.0776411679719989,AAPL,Apple,Stock
2021-08-05,143.22349548339844,147.05999755859375,0.0,147.83999633789062,146.1699981689453,146.97999572753906,0.0,46397700,0.0748605219584341,0.0056040977478892,AAPL,Apple,Stock
2021-08-06,142.54075622558594,146.13999938964844,0.22,147.11000061035156,145.6300048828125,146.35000610351562,0.0,54126800,-0.4778348255871715,0.2283261205439226,AAPL,Apple,Stock
2021-08-09,142.49200439453125,146.08999633789062,0.0,146.6999969482422,145.52000427246094,146.1999969482422,0.0,48908700,-0.0342078794199165,0.0011701790144075,AAPL,Apple,Stock
2021-08-10,142.01406860351562,145.60000610351562,0.0,147.7100067138672,145.3000030517578,146.44000244140625,0.0,69023100,-0.3359761256111548,0.1128799569806824,AAPL,Apple,Stock
2021-08-11,142.26760864257812,145.86000061035156,0.0,146.72000122070312,145.52999877929688,146.0500030517578,0.0,48493500,0.1783724570236675,0.0318167334246601,AAPL,Apple,Stock
2021-08-12,145.22300720214844,148.88999938964844,0.0,149.0500030517578,145.83999633789062,146.19000244140625,0.0,72282600,2.0560689707393056,4.227419612436988,AAPL,Apple,Stock
2021-08-13,145.42787170410156,149.10000610351562,0.0,149.44000244140625,148.27000427246094,148.97000122070312,0.0,59375000,0.1409694934694719,0.0198723980890394,AAPL,Apple,Stock
2021-08-16,147.39810180664062,151.1199951171875,0.0,151.19000244140625,146.47000122070312,148.5399932861328,0.0,103296000,1.3456865255397954,1.8108722250193665,AAPL,Apple,Stock
2021-08-17,146.49102783203125,150.19000244140625,0.0,151.67999267578125,149.08999633789062,150.22999572753906,0.0,92229700,-0.6172918719756323,0.3810492552071804,AAPL,Apple,Stock
2021-08-18,142.7553253173828,146.36000061035156,0.0,150.72000122070312,146.14999389648438,149.8000030517578,0.0,86326000,-2.583203007342277,6.6729377771421845,AAPL,Apple,Stock
2021-08-19,143.0869598388672,146.6999969482422,0.0,148.0,144.5,145.02999877929688,0.0,86960300,0.2320403155914538,0.0538427080597815,AAPL,Apple,Stock
2021-08-20,144.54026794433594,148.19000244140625,0.0,148.5,146.77999877929688,147.44000244140625,0.0,60549600,1.010558342923085,1.0212281644514516,AAPL,Apple,Stock
2021-08-23,146.0227813720703,149.7100067138672,0.0,150.19000244140625,147.88999938964844,148.30999755859375,0.0,60131800,1.0204506704840703,1.0413195708913887,AAPL,Apple,Stock
2021-08-24,145.93502807617188,149.6199951171875,0.0,150.86000061035156,149.14999389648438,149.4499969482422,0.0,48606400,-0.0601136847182551,0.0036136550904057,AAPL,Apple,Stock
2021-08-25,144.7061004638672,148.36000061035156,0.0,150.32000732421875,147.8000030517578,149.80999755859375,0.0,58991300,-0.8456717343998159,0.7151606823627927,AAPL,Apple,Stock
2021-08-26,143.90621948242188,147.5399932861328,0.0,149.1199951171875,147.50999450683594,148.35000610351562,0.0,48597200,-0.5542958315714694,0.3072438688975068,AAPL,Apple,Stock
2021-08-27,144.94017028808594,148.60000610351562,0.0,148.75,146.8300018310547,147.47999572753906,0.0,55802400,0.7159204743229131,0.5125421255547448,AAPL,Apple,Stock
2021-08-30,149.34881591796875,153.1199951171875,0.0,153.49000549316406,148.61000061035156,149.0,0.0,90956700,2.9963577827595143,8.978159962303513,AAPL,Apple,Stock
2021-08-31,148.090576171875,151.8300018310547,0.0,152.8000030517578,151.2899932861328,152.66000366210938,0.0,86453100,-0.8460528665698703,0.7158054530310948,AAPL,Apple,Stock
2021-09-01,148.75381469726562,152.50999450683594,0.0,154.97999572753906,152.33999633789062,152.8300018310547,0.0,80313700,0.4468601391451337,0.1996839839568082,AAPL,Apple,Stock
2021-09-02,149.86575317382812,153.64999389648438,0.0,154.72000122070312,152.39999389648438,153.8699951171875,0.0,71115500,0.7447225401885315,0.5546116618648589,AAPL,Apple,Stock
2021-09-03,150.49977111816406,154.3000030517578,0.0,154.6300048828125,153.08999633789062,153.75999450683594,0.0,57808700,0.4221648855802037,0.1782231906169465,AAPL,Apple,Stock
2021-09-07,152.8309326171875,156.69000244140625,0.0,157.25999450683594,154.38999938964844,154.97000122070312,0.0,82278300,1.5370731460419107,2.3625938562831768,AAPL,Apple,Stock
2021-09-08,151.289794921875,155.11000061035156,0.0,157.0399932861328,153.97999572753906,156.97999572753906,0.0,74420200,-1.0135125612769529,1.0272077118661689,AAPL,Apple,Stock
2021-09-09,150.2754364013672,154.07000732421875,0.0,156.11000061035156,153.9499969482422,155.49000549316406,0.0,57305700,-0.6727316286459186,0.4525678441805901,AAPL,Apple,Stock
2021-09-10,145.301025390625,148.97000122070312,0.0,155.47999572753906,148.6999969482422,155.0,0.0,140893200,-3.36622253294152,11.331454141283222,AAPL,Apple,Stock
2021-09-13,145.8667755126953,149.5500030517578,0.0,151.4199981689453,148.75,150.6300048828125,0.0,102404300,0.388608103158271,0.1510162578402694,AAPL,Apple,Stock
2021-09-14,144.47198486328125,148.1199951171875,0.0,151.07000732421875,146.91000366210938,150.35000610351562,0.0,109296300,-0.9608096264234884,0.9231551382280436,AAPL,Apple,Stock
2021-09-15,145.3595733642578,149.02999877929688,0.0,149.44000244140625,146.3699951171875,148.55999755859375,0.0,83281300,0.6124876677756687,0.3751411431772778,AAPL,Apple,Stock
2021-09-16,145.1254425048828,148.7899932861328,0.0,148.97000122070312,147.22000122070312,148.44000244140625,0.0,68034100,-0.1611999912452738,0.0259854371774763,AAPL,Apple,Stock
2021-09-17,142.46266174316406,146.05999755859375,0.0,148.82000732421875,145.75999450683594,148.82000732421875,0.0,129868800,-1.851854662292951,3.4293656902561396,AAPL,Apple,Stock
2021-09-20,139.41958618164062,142.94000244140625,0.0,144.83999633789062,141.27000427246094,143.8000030517578,0.0,123478900,-2.159195060789499,4.662123310537769,AAPL,Apple,Stock
2021-09-21,139.89749145507812,143.42999267578125,0.0,144.60000610351562,142.77999877929688,143.92999267578125,0.0,75834000,0.3421958612977838,0.1170980074893321,AAPL,Apple,Stock
2021-09-22,142.25787353515625,145.85000610351562,0.0,146.42999267578125,143.6999969482422,144.4499969482422,0.0,76404300,1.6731470933397206,2.7994211959511555,AAPL,Apple,Stock
2021-09-23,143.21377563476562,146.8300018310547,0.0,147.0800018310547,145.63999938964844,146.64999389648438,0.0,64838200,0.669702700834869,0.4485017075055181,AAPL,Apple,Stock
2021-09-24,143.30154418945312,146.9199981689453,0.0,147.47000122070312,145.55999755859375,145.66000366210938,0.0,53477900,0.0612662230324875,0.0037535500846665,AAPL,Apple,Stock
2021-09-27,141.7897186279297,145.3699951171875,0.0,145.9600067138672,143.82000732421875,145.47000122070312,0.0,74150700,-1.0606005377556749,1.1248735006876267,AAPL,Apple,Stock
2021-09-28,138.41493225097656,141.91000366210938,0.0,144.75,141.69000244140625,143.25,0.0,108972300,-2.4089175968854715,5.802883988584475,AAPL,Apple,Stock
2021-09-29,139.312255859375,142.8300018310547,0.0,144.4499969482422,142.02999877929688,142.47000122070312,0.0,74602000,0.646192932660563,0.4175653062204589,AAPL,Apple,Stock
2021-09-30,138.01504516601562,141.5,0.0,144.3800048828125,141.27999877929688,143.66000366210938,0.0,89056700,-0.9355156520299956,0.8751895351931077,AAPL,Apple,Stock
2021-10-01,139.1366729736328,142.64999389648438,0.0,142.9199981689453,139.11000061035156,141.89999389648438,0.0,94639600,0.8094006694728089,0.6551294437430312,AAPL,Apple,Stock
2021-10-04,135.713134765625,139.13999938964844,0.0,142.2100067138672,138.27000427246094,141.75999450683594,0.0,98322000,-2.4913354022535925,6.206752086522069,AAPL,Apple,Stock
2021-10-05,137.63465881347656,141.11000061035156,0.0,142.24000549316406,139.36000061035156,139.49000549316406,0.0,80861100,1.4059419865495768,1.9766728695429705,AAPL,Apple,Stock
2021-10-06,138.5027313232422,142.0,0.0,142.14999389648438,138.3699951171875,139.47000122070312,0.0,83221100,0.6287271483906995,0.3952978271235007,AAPL,Apple,Stock
2021-10-07,139.76092529296875,143.2899932861328,0.0,144.22000122070312,142.72000122070312,143.05999755859375,0.0,61732700,0.9043240210577916,0.817801935062133,AAPL,Apple,Stock
2021-10-08,139.3805389404297,142.89999389648438,0.0,144.17999267578125,142.55999755859375,144.02999877929688,0.0,58773200,-0.2725403687605471,0.074278252604135,AAPL,Apple,Stock
2021-10-11,139.29269409179688,142.80999755859375,0.0,144.80999755859375,141.80999755859375,142.27000427246094,0.0,64452200,-0.0630450586061686,0.0039746794146552,AAPL,Apple,Stock
2021-10-12,138.0247802734375,141.50999450683594,0.0,143.25,141.0399932861328,143.22999572753906,0.0,73035900,-0.9144195879515954,0.8361631828295655,AAPL,Apple,Stock
2021-10-13,137.43951416015625,140.91000366210938,0.0,141.39999389648438,139.1999969482422,141.24000549316406,0.0,78762700,-0.4249312929263829,0.1805666037080874,AAPL,Apple,Stock
2021-10-14,140.2193603515625,143.75999450683594,0.0,143.8800048828125,141.50999450683594,142.11000061035156,0.0,69907100,2.002413271296497,4.009658909064338,AAPL,Apple,Stock
2021-10-15,141.27279663085938,144.83999633789062,0.0,144.89999389648438,143.50999450683594,143.77000427246094,0.0,67940300,0.7484693061662088,0.560206302272926,AAPL,Apple,Stock
2021-10-18,142.94064331054688,146.5500030517578,0.0,146.83999633789062,143.16000366210938,143.4499969482422,0.0,85589200,1.1736713264075966,1.3775043824313673,AAPL,Apple,Stock
2021-10-19,145.09620666503906,148.75999450683594,0.0,149.1699981689453,146.5500030517578,147.00999450683594,0.0,76378900,1.4967554302025916,2.240276817840945,AAPL,Apple,Stock
2021-10-20,145.58389282226562,149.25999450683594,0.0,149.75,148.1199951171875,148.6999969482422,0.0,58418800,0.3355486775118262,0.1125929149799355,AAPL,Apple,Stock
2021-10-21,145.79847717285156,149.47999572753906,0.0,149.63999938964844,147.8699951171875,148.80999755859375,0.0,61421000,0.1472871467013652,0.0216935035834294,AAPL,Apple,Stock
2021-10-22,145.02796936035156,148.69000244140625,0.0,150.17999267578125,148.63999938964844,149.69000244140625,0.0,58883400,-0.5298758929731404,0.2807684619540829,AAPL,Apple,Stock
2021-10-25,144.97918701171875,148.63999938964844,0.0,149.3699951171875,147.6199951171875,148.67999267578125,0.0,50720600,-0.0336421691817303,0.0011317955472521,AAPL,Apple,Stock
2021-10-26,145.6424102783203,149.32000732421875,0.0,150.83999633789062,149.00999450683594,149.3300018310547,0.0,60893400,0.4564178465233997,0.2083172506250576,AAPL,Apple,Stock
2021-10-27,145.18397521972656,148.85000610351562,0.0,149.72999572753906,148.49000549316406,149.36000061035156,0.0,56094900,-0.3152639933359072,0.0993913854941029,AAPL,Apple,Stock
2021-10-28,148.8123321533203,152.57000732421875,0.0,153.1699981689453,149.72000122070312,149.82000732421875,0.0,100077900,2.4684263539625455,6.093128664936826,AAPL,Apple,Stock
2021-10-29,146.11061096191406,149.8000030517578,0.0,149.94000244140625,146.41000366210938,147.22000122070312,0.0,124953200,-1.8322052143881755,3.3569759476312204,AAPL,Apple,Stock
2021-11-01,145.29129028320312,148.9600067138672,0.0,149.6999969482422,147.8000030517578,148.99000549316406,0.0,74588300,-0.562331840825809,0.316217099206543,AAPL,Apple,Stock
2021-11-02,146.32518005371094,150.02000427246094,0.0,151.57000732421875,148.64999389648438,148.66000366210938,0.0,69122000,0.7090779894807817,0.5027915951661076,AAPL,Apple,Stock
2021-11-03,147.75900268554688,151.49000549316406,0.0,151.97000122070312,149.82000732421875,150.38999938964844,0.0,54511500,0.97511806298256,0.9508552367548598,AAPL,Apple,Stock
2021-11-04,147.24203491210938,150.9600067138672,0.0,152.42999267578125,150.63999938964844,151.5800018310547,0.0,60394600,-0.3504857520848934,0.1228402624145134,AAPL,Apple,Stock
2021-11-05,147.76950073242188,151.27999877929688,0.22,152.1999969482422,150.05999755859375,151.88999938964844,0.0,65463900,0.3575903438640274,0.1278708540247933,AAPL,Apple,Stock
2021-11-08,146.94900512695312,150.44000244140625,0.0,151.57000732421875,150.16000366210938,151.41000366210938,0.0,55020900,-0.5568009534219568,0.3100273017316001,AAPL,Apple,Stock
2021-11-09,147.31039428710938,150.80999755859375,0.0,151.42999267578125,150.05999755859375,150.1999969482422,0.0,56787900,0.2456263708627264,0.0603323140631936,AAPL,Apple,Stock
2021-11-10,144.4874267578125,147.9199981689453,0.0,150.1300048828125,147.85000610351562,150.02000427246094,0.0,65187100,-1.9349394693951396,3.743990750223144,AAPL,Apple,Stock
2021-11-11,144.43861389160156,147.8699951171875,0.0,149.42999267578125,147.67999267578125,148.9600067138672,0.0,41000000,-0.0337891777187232,0.0011417085309074,AAPL,Apple,Stock
2021-11-12,146.5094451904297,149.99000549316406,0.0,150.39999389648438,147.47999572753906,148.42999267578125,0.0,63804000,1.4235298735625723,2.0264373009250733,AAPL,Apple,Stock
2021-11-15,146.51914978027344,150.0,0.0,151.8800048828125,149.42999267578125,150.3699951171875,0.0,59222800,0.0066236469845436,4.3872699375854514e-05,AAPL,Apple,Stock
2021-11-16,147.49600219726562,151.0,0.0,151.49000549316406,149.33999633789062,149.94000244140625,0.0,59256200,0.6644936526868568,0.4415518144611211,AAPL,Apple,Stock
2021-11-17,149.92820739746094,153.49000549316406,0.0,155.0,150.99000549316406,151.0,0.0,88807000,1.6355490506942147,2.675020697226747,AAPL,Apple,Stock
2021-11-18,154.20657348632812,157.8699951171875,0.0,158.6699981689453,153.0500030517578,153.7100067138672,0.0,137827700,2.8136527661484045,7.916641888454569,AAPL,Apple,Stock
2021-11-19,156.82437133789062,160.5500030517578,0.0,161.02000427246094,156.52999877929688,157.64999389648438,0.0,117305600,1.6833435455599095,2.8336454923782077,AAPL,Apple,Stock
2021-11-22,157.2834930419922,161.02000427246094,0.0,165.6999969482422,161.0,161.67999267578125,0.0,117467900,0.2923339929586825,0.085459163439167,AAPL,Apple,Stock
2021-11-23,157.66445922851562,161.41000366210938,0.0,161.8000030517578,159.05999755859375,161.1199951171875,0.0,96041900,0.241923384218556,0.058526923831759,AAPL,Apple,Stock
2021-11-24,158.18212890625,161.94000244140625,0.0,162.13999938964844,159.63999938964844,160.75,0.0,69463600,0.3277984697123904,0.1074518367457849,AAPL,Apple,Stock
2021-11-26,153.17115783691406,156.80999755859375,0.0,160.4499969482422,156.36000061035156,159.57000732421875,0.0,76959800,-3.219110894777847,10.36267495287743,AAPL,Apple,Stock
2021-11-29,156.52159118652344,160.24000549316406,0.0,161.19000244140625,158.7899932861328,159.3699951171875,0.0,88748200,2.1637988507040804,4.682025466308299,AAPL,Apple,Stock
2021-11-30,161.46414184570312,165.3000030517578,0.0,165.52000427246094,159.9199981689453,159.99000549316406,0.0,174048100,3.1089122777431832,9.665335550702308,AAPL,Apple,Stock
2021-12-01,160.94644165039062,164.77000427246094,0.0,170.3000030517578,164.52999877929688,167.47999572753906,0.0,152052500,-0.3211437010739503,0.1031332767394747,AAPL,Apple,Stock
2021-12-02,159.9598846435547,163.75999450683594,0.0,164.1999969482422,157.8000030517578,158.74000549316406,0.0,136739200,-0.6148586263801088,0.3780511304340342,AAPL,Apple,Stock
2021-12-03,158.08444213867188,161.83999633789062,0.0,164.9600067138672,159.72000122070312,164.02000427246094,0.0,118023100,-1.1793728641958734,1.390920352801578,AAPL,Apple,Stock
2021-12-06,161.4836883544922,165.32000732421875,0.0,167.8800048828125,164.27999877929688,164.2899932861328,0.0,107497000,2.1274802482473527,4.5261722066826175,AAPL,Apple,Stock
2021-12-07,167.20770263671875,171.17999267578125,0.0,171.5800018310547,168.33999633789062,169.0800018310547,0.0,120405400,3.4832631330113264,12.133122053795882,AAPL,Apple,Stock
2021-12-08,171.0172119140625,175.0800018310547,0.0,175.9600067138672,170.6999969482422,172.1300048828125,0.0,116998900,2.2527437914627453,5.074854589973945,AAPL,Apple,Stock
2021-12-09,170.50924682617188,174.55999755859375,0.0,176.75,173.9199981689453,174.91000366210938,0.0,108923700,-0.2974677067970885,0.0884870365871186,AAPL,Apple,Stock
2021-12-10,175.28578186035156,179.4499969482422,0.0,179.6300048828125,174.69000244140625,175.2100067138672,0.0,115402700,2.762815232933234,7.633148011327919,AAPL,Apple,Stock
2021-12-13,171.66189575195312,175.74000549316406,0.0,182.1300048828125,175.52999877929688,181.1199951171875,0.0,153237000,-2.089086129366828,4.364280855912875,AAPL,Apple,Stock
2021-12-14,170.2846221923828,174.3300018310547,0.0,177.74000549316406,172.2100067138672,175.25,0.0,139380400,-0.8055534623582477,0.6489163807173607,AAPL,Apple,Stock
2021-12-15,175.13925170898438,179.3000030517578,0.0,179.5,172.30999755859375,175.11000061035156,0.0,131063300,2.811009630466382,7.901775142574746,AAPL,Apple,Stock
2021-12-16,168.2626495361328,172.25999450683594,0.0,181.13999938964844,170.75,179.27999877929688,0.0,150185800,-4.0055232877075095,16.044216808367175,AAPL,Apple,Stock
2021-12-17,167.16864013671875,171.13999938964844,0.0,173.47000122070312,169.69000244140625,169.92999267578125,0.0,195432700,-0.6523024608942335,0.425498500488673,AAPL,Apple,Stock
2021-12-20,165.8109130859375,169.75,0.0,170.5800018310547,167.4600067138672,168.27999877929688,0.0,107499100,-0.8155062749495434,0.6650504844820803,AAPL,Apple,Stock
2021-12-21,168.97573852539062,172.99000549316406,0.0,173.1999969482422,169.1199951171875,171.55999755859375,0.0,91185900,1.8907084277331472,3.5747783587011495,AAPL,Apple,Stock
2021-12-22,171.56422424316406,175.63999938964844,0.0,175.86000061035156,172.14999389648438,173.0399932861328,0.0,92135300,1.5202536290591755,2.311171096667594,AAPL,Apple,Stock
2021-12-23,172.1893310546875,176.27999877929688,0.0,176.85000610351562,175.27000427246094,175.85000610351562,0.0,68356600,0.3636951478376979,0.1322741605606849,AAPL,Apple,Stock
2021-12-27,176.14540100097656,180.3300018310547,0.0,180.4199981689453,177.07000732421875,177.08999633789062,0.0,74919600,2.271516265654212,5.1597861451316565,AAPL,Apple,Stock
2021-12-28,175.1295166015625,179.2899932861328,0.0,181.3300018310547,178.52999877929688,180.16000366210935,0.0,79144300,-0.5784000967212936,0.3345466718872017,AAPL,Apple,Stock
2021-12-29,175.21743774414062,179.3800048828125,0.0,180.6300048828125,178.13999938964844,179.3300018310547,0.0,62348900,0.0501908998113115,0.0025191264238691,AAPL,Apple,Stock
2021-12-30,174.06478881835938,178.1999969482422,0.0,180.57000732421875,178.08999633789062,179.47000122070312,0.0,59773000,-0.6600124612098173,0.4356164489522405,AAPL,Apple,Stock
2021-12-31,173.44940185546875,177.57000732421875,0.0,179.22999572753906,177.25999450683594,178.08999633789062,0.0,64062300,-0.3541654543353923,0.1254331690445949,AAPL,Apple,Stock
2022-01-03,177.78639221191406,182.0099945068359,0.0,182.8800048828125,177.7100067138672,177.8300018310547,0.0,104487900,2.4696861012613693,6.099349438763583,AAPL,Apple,Stock
2022-01-04,175.52996826171875,179.6999969482422,0.0,182.94000244140625,179.1199951171875,182.6300048828125,0.0,99310400,-1.2772998255467465,1.631494844341749,AAPL,Apple,Stock
2022-01-05,170.86094665527344,174.9199981689453,0.0,180.1699981689453,174.63999938964844,179.61000061035156,0.0,94537600,-2.6959739414256103,7.26827549284594,AAPL,Apple,Stock
2022-01-06,168.00868225097656,172.0,0.0,175.3000030517578,171.63999938964844,172.6999969482422,0.0,96904000,-1.6834390106755952,2.8339669026644265,AAPL,Apple,Stock
2022-01-07,168.1747589111328,172.1699981689453,0.0,174.13999938964844,171.02999877929688,172.88999938964844,0.0,86709100,0.09880122179251,0.0097616814276927,AAPL,Apple,Stock
2022-01-10,168.1942596435547,172.19000244140625,0.0,172.5,168.1699981689453,169.0800018310547,0.0,106765600,0.0115948445713055,0.0001344404206327,AAPL,Apple,Stock
2022-01-11,171.0172119140625,175.0800018310547,0.0,175.17999267578125,170.82000732421875,172.32000732421875,0.0,76138300,1.6644587108675346,2.770422800182815,AAPL,Apple,Stock
2022-01-12,171.456787109375,175.52999877929688,0.0,177.17999267578125,174.82000732421875,176.1199951171875,0.0,74805200,0.2567058742901847,0.0658979058950881,AAPL,Apple,Stock
2022-01-13,168.1942596435547,172.19000244140625,0.0,176.6199951171875,171.7899932861328,175.77999877929688,0.0,84505800,-1.921164585157718,3.6908733632642265,AAPL,Apple,Stock
2022-01-14,169.05386352539062,173.07000732421875,0.0,173.77999877929688,171.08999633789062,171.33999633789062,0.0,80440800,0.5097764431221664,0.2598720219622873,AAPL,Apple,Stock
2022-01-18,165.85975646972656,169.8000030517578,0.0,172.5399932861328,169.41000366210938,171.50999450683594,0.0,90956700,-1.9074792494262467,3.638477086991718,AAPL,Apple,Stock
2022-01-19,162.37254333496094,166.22999572753906,0.0,171.0800018310547,165.94000244140625,170.0,0.0,94815000,-2.124924543435198,4.515304315293285,AAPL,Apple,Stock
2022-01-20,160.69248962402344,164.50999450683594,0.0,169.67999267578125,164.17999267578125,166.97999572753906,0.0,91420500,-1.04008090306924,1.0817682849293258,AAPL,Apple,Stock
2022-01-21,158.6412353515625,162.41000366210938,0.0,166.3300018310547,162.3000030517578,164.4199981689453,0.0,122848900,-1.2847264949621058,1.6505221668576175,AAPL,Apple,Stock
2022-01-24,157.8695526123047,161.6199951171875,0.0,162.3000030517578,154.6999969482422,160.02000427246094,0.0,162294600,-0.4876195678920246,0.2377728429912048,AAPL,Apple,Stock
2022-01-25,156.07223510742188,159.77999877929688,0.0,162.75999450683594,157.02000427246094,158.97999572753906,0.0,115798400,-1.1450130002817993,1.3110547708143276,AAPL,Apple,Stock
2022-01-26,155.984375,159.69000244140625,0.0,164.38999938964844,157.82000732421875,163.5,0.0,108275300,-0.0563103660667443,0.0031708573265707,AAPL,Apple,Stock
2022-01-27,155.52523803710938,159.22000122070312,0.0,163.83999633789062,158.27999877929688,162.4499969482422,0.0,121954600,-0.294782103763922,0.0868964886994837,AAPL,Apple,Stock
2022-01-28,166.37744140625,170.3300018310547,0.0,170.35000610351562,162.8000030517578,165.7100067138672,0.0,179935700,6.745092978570301,45.49627928955837,AAPL,Apple,Stock
2022-01-31,170.7241668701172,174.77999877929688,0.0,175.0,169.50999450683594,170.16000366210938,0.0,115541600,2.579024415797429,6.65136693727927,AAPL,Apple,Stock
2022-02-01,170.5581512451172,174.61000061035156,0.0,174.83999633789062,172.30999755859375,174.00999450683594,0.0,86213900,-0.0972893286775692,0.0094652134745321,AAPL,Apple,Stock
2022-02-02,171.7595672607422,175.83999633789062,0.0,175.8800048828125,173.3300018310547,174.75,0.0,84914300,0.7019332529918896,0.492710291655776,AAPL,Apple,Stock
2022-02-03,168.88780212402344,172.89999389648438,0.0,176.24000549316406,172.1199951171875,174.47999572753906,0.0,89418100,-1.6861032434501757,2.842944147573202,AAPL,Apple,Stock
2022-02-04,168.60415649414062,172.38999938964844,0.22,174.10000610351562,170.67999267578125,171.67999267578125,0.0,82465400,-0.1680903437399839,0.0282543636586259,AAPL,Apple,Stock
2022-02-07,167.89019775390625,171.66000366210938,0.0,173.9499969482422,170.9499969482422,172.86000061035156,0.0,77251200,-0.4243517328605639,0.1800743931817633,AAPL,Apple,Stock
2022-02-08,170.99058532714844,174.8300018310547,0.0,175.35000610351562,171.42999267578125,171.72999572753906,0.0,74829200,1.829831749518072,3.3482842315443677,AAPL,Apple,Stock
2022-02-09,172.4087371826172,176.27999877929688,0.0,176.64999389648438,174.89999389648438,176.0500030517578,0.0,71285000,0.8259538238368068,0.6821997191106429,AAPL,Apple,Stock
2022-02-10,168.340087890625,172.1199951171875,0.0,175.47999572753906,171.5500030517578,174.13999938964844,0.0,90865900,-2.3881770773834967,5.70338975293998,AAPL,Apple,Stock
2022-02-11,164.93650817871094,168.63999938964844,0.0,173.0800018310547,168.0399932861328,172.3300018310547,0.0,98670700,-2.042566495556509,4.172077888769999,AAPL,Apple,Stock
2022-02-14,165.1712646484375,168.8800048828125,0.0,169.5800018310547,166.55999755859375,167.3699951171875,0.0,86185500,0.1422302221428757,0.0202294360908117,AAPL,Apple,Stock
2022-02-15,168.995361328125,172.7899932861328,0.0,172.9499969482422,170.25,170.97000122070312,0.0,62527400,2.2888363632797866,5.238771897871839,AAPL,Apple,Stock
2022-02-16,168.7606658935547,172.5500030517578,0.0,173.33999633789062,170.0500030517578,171.85000610351562,0.0,61177400,-0.13897337333952,0.0193135984973656,AAPL,Apple,Stock
2022-02-17,165.1712646484375,168.8800048828125,0.0,171.91000366210938,168.47000122070312,171.02999877929688,0.0,69589300,-2.149862989940271,4.621910875514921,AAPL,Apple,Stock
2022-02-18,163.62591552734375,167.3000030517578,0.0,170.5399932861328,166.19000244140625,169.82000732421875,0.0,82772700,-0.940008365871048,0.8836157279075582,AAPL,Apple,Stock
2022-02-22,160.71141052246094,164.32000732421875,0.0,166.69000244140625,162.14999389648438,164.97999572753906,0.0,91162800,-1.7972544151581842,3.230123432805587,AAPL,Apple,Stock
2022-02-23,156.55474853515625,160.07000732421875,0.0,166.14999389648438,159.75,165.5399932861328,0.0,90009200,-2.6204495641498,6.866755918252877,AAPL,Apple,Stock
2022-02-24,159.16610717773438,162.74000549316406,0.0,162.85000610351562,152.0,152.5800018310547,0.0,141147500,1.6542576433571938,2.7365683506056966,AAPL,Apple,Stock
2022-02-25,161.22976684570312,164.85000610351562,0.0,165.1199951171875,160.8699951171875,163.83999633789062,0.0,91974200,1.2882114744335158,1.6594888028621728,AAPL,Apple,Stock
2022-02-28,161.4938201904297,165.1199951171875,0.0,165.4199981689453,162.42999267578125,163.05999755859375,0.0,95056600,0.1636405978724064,0.0267782452720386,AAPL,Apple,Stock
2022-03-01,159.61598205566406,163.1999969482422,0.0,166.60000610351562,161.97000122070312,164.6999969482422,0.0,83474400,-1.169605866024771,1.3679778818395547,AAPL,Apple,Stock
2022-03-02,162.9021759033203,166.55999755859375,0.0,167.36000061035156,162.9499969482422,164.38999938964844,0.0,79724800,2.0379054617977563,4.153058671225127,AAPL,Apple,Stock
2022-03-03,162.57943725585938,166.22999572753906,0.0,168.91000366210938,165.5500030517578,168.47000122070312,0.0,76678400,-0.1983145837962419,0.0393286741462766,AAPL,Apple,Stock
2022-03-04,159.5866241455078,163.1699981689453,0.0,165.5500030517578,162.10000610351562,164.49000549316406,0.0,83737200,-1.8579854084149137,3.4521097778827325,AAPL,Apple,Stock
2022-03-07,155.8016815185547,159.3000030517578,0.0,165.02000427246094,159.0399932861328,163.36000061035156,0.0,96418800,-2.4002946711038096,5.761414508129345,AAPL,Apple,Stock
2022-03-08,153.9824676513672,157.44000244140625,0.0,162.8800048828125,155.8000030517578,158.82000732421875,0.0,131148300,-1.174517666748575,1.3794917495045167,AAPL,Apple,Stock
2022-03-09,159.37147521972656,162.9499969482422,0.0,163.41000366210938,159.41000366210938,161.47999572753906,0.0,91454900,3.4399049886799955,11.83294633114552,AAPL,Apple,Stock
2022-03-10,155.03875732421875,158.52000427246094,0.0,160.38999938964844,155.97999572753906,160.1999969482422,0.0,105342000,-2.756266648407325,7.5970058371225475,AAPL,Apple,Stock
2022-03-11,151.33197021484375,154.72999572753906,0.0,159.27999877929688,154.5,158.92999267578125,0.0,96970100,-2.419923097389556,5.856027797279464,AAPL,Apple,Stock
2022-03-14,147.31224060058594,150.6199951171875,0.0,154.1199951171875,150.10000610351562,151.4499969482422,0.0,108732100,-2.692148212547187,7.247661998321013,AAPL,Apple,Stock
2022-03-15,151.68406677246094,155.08999633789062,0.0,155.57000732421875,150.3800048828125,150.89999389648438,0.0,92964300,2.9245429858290333,8.552951675961797,AAPL,Apple,Stock
2022-03-16,156.0852813720703,159.58999633789062,0.0,160.0,154.4600067138672,157.0500030517578,0.0,102300200,2.8602683664342714,8.181135128024575,AAPL,Apple,Stock
2022-03-17,157.0926513671875,160.6199951171875,0.0,161.0,157.6300048828125,158.61000061035156,0.0,75615400,0.6433234044281796,0.4138650026850631,AAPL,Apple,Stock
2022-03-18,160.3788604736328,163.97999572753906,0.0,164.47999572753906,159.75999450683594,160.50999450683594,0.0,123511700,2.070312680539863,4.286194595204153,AAPL,Apple,Stock
2022-03-21,161.7480926513672,165.3800048828125,0.0,166.35000610351562,163.00999450683594,163.50999450683594,0.0,95811400,0.8501247168418316,0.7227120341854043,AAPL,Apple,Stock
2022-03-22,165.1125946044922,168.82000732421875,0.0,169.4199981689453,164.91000366210938,165.50999450683594,0.0,81532000,2.058749136268406,4.238448006085908,AAPL,Apple,Stock
2022-03-23,166.47203063964844,170.2100067138672,0.0,172.63999938964844,167.64999389648438,167.99000549316406,0.0,98062700,0.8199678443610793,0.6723472657861551,AAPL,Apple,Stock
2022-03-24,170.24729919433594,174.07000732421875,0.0,174.13999938964844,170.2100067138672,171.05999755859375,0.0,90131400,2.2424769977386947,5.02870308538715,AAPL,Apple,Stock
2022-03-25,170.88302612304688,174.72000122070312,0.0,175.27999877929688,172.75,173.8800048828125,0.0,80546200,0.3727183527724871,0.1389189704934361,AAPL,Apple,Stock
2022-03-28,171.74368286132812,175.60000610351562,0.0,175.72999572753906,172.0,172.1699981689453,0.0,90371900,0.5023884746393278,0.2523941794504305,AAPL,Apple,Stock
2022-03-29,175.0299072265625,178.9600067138672,0.0,179.00999450683594,176.33999633789062,176.69000244140625,0.0,100589400,1.8953708344708924,3.5924306001628867,AAPL,Apple,Stock
2022-03-30,173.8660125732422,177.77000427246094,0.0,179.61000061035156,176.6999969482422,178.5500030517578,0.0,92633200,-0.6671897862684127,0.4451422109008903,AAPL,Apple,Stock
2022-03-31,170.7754364013672,174.61000061035156,0.0,178.02999877929688,174.39999389648438,177.83999633789062,0.0,103049300,-1.7935503865037634,3.2168229889277993,AAPL,Apple,Stock
2022-04-01,170.48199462890625,174.30999755859375,0.0,174.8800048828125,171.94000244140625,174.02999877929688,0.0,78751300,-0.1719768234196146,0.0295760277935013,AAPL,Apple,Stock
2022-04-04,174.5212860107422,178.44000244140625,0.0,178.49000549316406,174.44000244140625,174.57000732421875,0.0,76468400,2.3417029275137615,5.483572600726521,AAPL,Apple,Stock
2022-04-05,171.21551513671875,175.05999755859375,0.0,178.3000030517578,174.4199981689453,177.5,0.0,73401800,-1.9123631672796424,3.6571328835678254,AAPL,Apple,Stock
2022-04-06,168.05645751953125,171.8300018310547,0.0,173.6300048828125,170.1300048828125,172.36000061035156,0.0,89058800,-1.8623105787220695,3.4682006916201296,AAPL,Apple,Stock
2022-04-07,168.3596649169922,172.13999938964844,0.0,173.36000061035156,169.85000610351562,171.16000366210938,0.0,77594700,0.1802574010812676,0.0324927306445729,AAPL,Apple,Stock
2022-04-08,166.3546905517578,170.08999633789062,0.0,171.77999877929688,169.1999969482422,171.77999877929688,0.0,76575500,-1.1980354671966278,1.4352889806610425,AAPL,Apple,Stock
2022-04-11,162.10997009277344,165.75,0.0,169.02999877929688,165.5,168.7100067138672,0.0,72246700,-2.58472662853644,6.680811744265353,AAPL,Apple,Stock
2022-04-12,163.97804260253906,167.66000366210938,0.0,169.8699951171875,166.63999938964844,168.02000427246094,0.0,79265200,1.1457599624483583,1.3127658915496634,AAPL,Apple,Stock
2022-04-13,166.6578369140625,170.39999389648438,0.0,171.0399932861328,166.77000427246094,167.38999938964844,0.0,70618900,1.621029754433814,2.627737464759751,AAPL,Apple,Stock
2022-04-14,161.6600799560547,165.2899932861328,0.0,171.27000427246094,165.0399932861328,170.6199951171875,0.0,75329400,-3.044697093554021,9.270180391496304,AAPL,Apple,Stock
2022-04-18,161.4449462890625,165.07000732421875,0.0,166.60000610351562,163.57000732421875,163.9199981689453,0.0,69023900,-0.1331664203953829,0.0177332955209198,AAPL,Apple,Stock
2022-04-19,163.72373962402344,167.39999389648438,0.0,167.82000732421875,163.91000366210938,165.02000427246094,0.0,67723800,1.401629825111938,1.9645661666433216,AAPL,Apple,Stock
2022-04-20,163.55746459960938,167.22999572753906,0.0,168.8800048828125,166.10000610351562,168.75999450683594,0.0,67929800,-0.1016098917837247,0.0103245701083002,AAPL,Apple,Stock
2022-04-21,162.76528930664062,166.4199981689453,0.0,171.52999877929688,165.91000366210938,168.91000366210938,0.0,87227800,-0.4855173840186059,0.2357271301842704,AAPL,Apple,Stock
2022-04-22,158.23692321777344,161.7899932861328,0.0,167.8699951171875,161.5,166.4600067138672,0.0,84882400,-2.821579627366885,7.96131159357185,AAPL,Apple,Stock
2022-04-25,159.3030242919922,162.8800048828125,0.0,163.1699981689453,158.4600067138672,161.1199951171875,0.0,96046400,0.6714777704630869,0.450882396226078,AAPL,Apple,Stock
2022-04-26,153.35655212402344,156.8000030517578,0.0,162.33999633789062,156.72000122070312,162.25,0.0,95623200,-3.804258537266916,14.472383018368216,AAPL,Apple,Stock
2022-04-27,153.13160705566406,156.57000732421875,0.0,159.7899932861328,155.3800048828125,155.91000366210938,0.0,88063200,-0.1467887760180342,0.0215469447648726,AAPL,Apple,Stock
2022-04-28,160.04632568359375,163.63999938964844,0.0,164.52000427246094,158.92999267578125,159.25,0.0,130216800,4.416558036220674,19.505984887305413,AAPL,Apple,Stock
2022-04-29,154.1878662109375,157.64999389648438,0.0,166.1999969482422,157.25,161.83999633789062,0.0,131747600,-3.7291539460874823,13.90658915361984,AAPL,Apple,Stock
2022-05-02,154.49105834960938,157.9600067138672,0.0,158.22999572753906,153.27000427246094,156.7100067138672,0.0,123055300,0.1964450515089277,0.0385906582623452,AAPL,Apple,Stock
2022-05-03,155.97767639160156,159.47999572753906,0.0,160.7100067138672,156.32000732421875,158.14999389648438,0.0,88966500,0.9576677052729472,0.9171274337227524,AAPL,Apple,Stock
2022-05-04,162.37405395507812,166.02000427246094,0.0,166.47999572753906,159.25999450683594,159.6699981689453,0.0,108256500,4.018975172120883,16.152161434124082,AAPL,Apple,Stock
2022-05-05,153.32717895507812,156.77000427246094,0.0,164.0800018310547,154.9499969482422,163.85000610351562,0.0,130525300,-5.732858591710059,32.86566763254384,AAPL,Apple,Stock
2022-05-06,154.05203247070312,157.27999877929688,0.23,159.44000244140625,154.17999267578125,156.00999450683594,0.0,116124600,0.4716355773702176,0.2224401178413385,AAPL,Apple,Stock
2022-05-09,148.93910217285156,152.05999755859375,0.0,155.8300018310547,151.49000549316406,154.92999267578125,0.0,131577900,-3.375290638237953,11.392586892576768,AAPL,Apple,Stock
2022-05-10,151.3388671875,154.50999450683594,0.0,156.74000549316406,152.92999267578125,155.52000427246094,0.0,115366700,1.598396387160977,2.554871010489264,AAPL,Apple,Stock
2022-05-11,143.49322509765625,146.5,0.0,155.4499969482422,145.80999755859375,153.5,0.0,142689800,-5.323365380081405,28.338218969849244,AAPL,Apple,Stock
2022-05-12,139.6341094970703,142.55999755859375,0.0,146.1999969482422,138.8000030517578,142.77000427246094,0.0,182602000,-2.72623243678162,7.432343299360251,AAPL,Apple,Stock
2022-05-13,144.0907440185547,147.11000061035156,0.0,148.10000610351562,143.11000061035156,144.58999633789062,0.0,113990900,3.1417770045478126,9.870762746305424,AAPL,Apple,Stock
2022-05-16,142.5529327392578,145.5399932861328,0.0,147.52000427246094,144.17999267578125,145.5500030517578,0.0,86643800,-1.072987934511758,1.1513031076078089,AAPL,Apple,Stock
2022-05-17,146.17703247070312,149.24000549316406,0.0,149.77000427246094,146.67999267578125,148.86000061035156,0.0,78336300,2.5105049776407893,6.30263524275918,AAPL,Apple,Stock
2022-05-18,137.92982482910156,140.82000732421875,0.0,147.36000061035156,139.89999389648438,146.85000610351562,0.0,109742900,-5.807339824300702,33.72519583490891,AAPL,Apple,Stock
2022-05-19,134.5310516357422,137.35000610351562,0.0,141.66000366210938,136.60000610351562,139.8800048828125,0.0,136095600,-2.4950000511676738,6.2250252553266945,AAPL,Apple,Stock
2022-05-20,134.76611328125,137.58999633789062,0.0,140.6999969482422,132.61000061035156,139.08999633789062,0.0,137426100,0.1745742145324099,0.0304761563796078,AAPL,Apple,Stock
2022-05-23,140.17283630371094,143.11000061035156,0.0,143.25999450683594,137.64999389648438,137.7899932861328,0.0,117726300,3.933542448997957,15.472756198068849,AAPL,Apple,Stock
2022-05-24,137.4792938232422,140.36000061035156,0.0,141.97000122070312,137.3300018310547,140.80999755859375,0.0,104132700,-1.94028908213739,3.764721722261555,AAPL,Apple,Stock
2022-05-25,137.635986328125,140.52000427246094,0.0,141.7899932861328,138.33999633789062,138.42999267578125,0.0,92482700,0.1139104463697956,0.012975589792166,AAPL,Apple,Stock
2022-05-26,140.82907104492188,143.77999877929688,0.0,144.33999633789062,137.13999938964844,137.38999938964844,0.0,90601500,2.293447304731167,5.259900539578656,AAPL,Apple,Stock
2022-05-27,146.5688018798828,149.63999938964844,0.0,149.67999267578125,145.25999450683594,145.38999938964844,0.0,90978500,3.994806271598879,15.958477147605738,AAPL,Apple,Stock
2022-05-31,145.78524780273438,148.83999633789062,0.0,150.66000366210938,146.83999633789062,149.07000732421875,0.0,103718400,-0.5360322213129342,0.2873305422856784,AAPL,Apple,Stock
2022-06-01,145.65792846679688,148.7100067138672,0.0,151.74000549316406,147.67999267578125,149.89999389648438,0.0,74286600,-0.0873716418182194,0.0076338037940112,AAPL,Apple,Stock
2022-06-02,148.10658264160156,151.2100067138672,0.0,151.27000427246094,146.86000061035156,147.8300018310547,0.0,72348100,1.6671250576154324,2.779305957729259,AAPL,Apple,Stock
2022-06-03,142.396240234375,145.3800048828125,0.0,147.97000122070312,144.4600067138672,146.89999389648438,0.0,88570300,-3.93185717813536,15.459500869254557,AAPL,Apple,Stock
2022-06-06,143.14064025878906,146.13999938964844,0.0,148.57000732421875,144.89999389648438,147.02999877929688,0.0,71598400,0.5214049474696214,0.2718631192457986,AAPL,Apple,Stock
2022-06-07,145.65792846679688,148.7100067138672,0.0,149.0,144.10000610351562,144.35000610351562,0.0,67808200,1.7433271730503062,3.0391896322955723,AAPL,Apple,Stock
2022-06-08,144.9232940673828,147.9600067138672,0.0,149.8699951171875,147.4600067138672,148.5800018310547,0.0,53950200,-0.5056320970560547,0.2556638175733035,AAPL,Apple,Stock
2022-06-09,139.71249389648438,142.63999938964844,0.0,147.9499969482422,142.52999877929688,147.0800018310547,0.0,69473000,-3.6617899989986697,13.408705996766674,AAPL,Apple,Stock
2022-06-10,134.3155975341797,137.1300048828125,0.0,140.75999450683594,137.05999755859375,140.27999877929688,0.0,91437900,-3.939445974494421,15.5192345859603,AAPL,Apple,Stock
2022-06-13,129.17332458496094,131.8800048828125,0.0,135.1999969482422,131.44000244140625,132.8699951171875,0.0,122207100,-3.9037132309755376,15.238976989693471,AAPL,Apple,Stock
2022-06-14,130.0352783203125,132.75999450683594,0.0,133.88999938964844,131.47999572753906,133.1300048828125,0.0,84784300,0.6650681364879423,0.4423156261715442,AAPL,Apple,Stock
2022-06-15,132.6504364013672,135.42999267578125,0.0,137.33999633789062,132.16000366210938,134.2899932861328,0.0,91533000,1.991158511352335,3.9647122173308462,AAPL,Apple,Stock
2022-06-16,127.39067840576172,130.05999755859375,0.0,132.38999938964844,129.0399932861328,132.0800018310547,0.0,108123900,-4.045879791767643,16.369143289433783,AAPL,Apple,Stock
2022-06-17,128.85987854003906,131.55999755859375,0.0,133.0800018310547,129.80999755859375,130.07000732421875,0.0,134520300,1.146702860551724,1.3149274503975066,AAPL,Apple,Stock
2022-06-21,133.08140563964844,135.8699951171875,0.0,137.05999755859375,133.32000732421875,133.4199981689453,0.0,81000500,3.223541232333306,10.391218076552928,AAPL,Apple,Stock
2022-06-22,132.57211303710938,135.35000610351562,0.0,137.75999450683594,133.91000366210938,134.7899932861328,0.0,73409200,-0.3834266747356791,0.1470160148988603,AAPL,Apple,Stock
2022-06-23,135.43214416503906,138.27000427246094,0.0,138.58999633789062,135.6300048828125,136.82000732421875,0.0,72433800,2.134398710421918,4.555657855050749,AAPL,Apple,Stock
2022-06-24,138.7526092529297,141.66000366210938,0.0,141.91000366210938,139.77000427246094,139.89999389648438,0.0,89116800,2.422182405902898,5.866967607465551,AAPL,Apple,Stock
2022-06-27,138.7526092529297,141.66000366210938,0.0,143.49000549316406,140.97000122070312,142.6999969482422,0.0,70207900,0.0,0.0,AAPL,Apple,Stock
2022-06-28,134.6191864013672,137.44000244140625,0.0,143.4199981689453,137.32000732421875,142.1300048828125,0.0,67083400,-3.0242606980286877,9.146152769640963,AAPL,Apple,Stock
2022-06-29,136.37246704101562,139.22999572753906,0.0,140.6699981689453,136.6699981689453,137.4600067138672,0.0,66242400,1.293991960002635,1.674415192551461,AAPL,Apple,Stock
2022-06-30,133.9139862060547,136.72000122070312,0.0,138.3699951171875,133.77000427246094,137.25,0.0,98964500,-1.819217063188467,3.309550722996071,AAPL,Apple,Stock
2022-07-01,136.07859802246094,138.92999267578125,0.0,139.0399932861328,135.66000366210938,136.0399932861328,0.0,71051600,1.6034945572411266,2.5711947951019165,AAPL,Apple,Stock
2022-07-05,138.65463256835938,141.55999755859375,0.0,141.61000061035156,136.92999267578125,137.77000427246094,0.0,73353800,1.87535380278694,3.5169518856274373,AAPL,Apple,Stock
2022-07-06,139.9866943359375,142.9199981689453,0.0,144.1199951171875,141.0800018310547,141.35000610351562,0.0,74064300,0.9561194170704654,0.9141643396991668,AAPL,Apple,Stock
2022-07-07,143.34634399414062,146.35000610351562,0.0,146.5500030517578,143.27999877929688,143.2899932861328,0.0,66253700,2.371631031702439,5.624633750533976,AAPL,Apple,Stock
2022-07-08,144.0221710205078,147.0399932861328,0.0,147.5500030517578,145.0,145.25999450683594,0.0,64547800,0.4703565192626079,0.2212352552128361,AAPL,Apple,Stock
2022-07-11,141.89669799804688,144.8699951171875,0.0,146.63999938964844,143.77999877929688,145.6699981689453,0.0,63141600,-1.4867939171637023,2.2105561521149864,AAPL,Apple,Stock
2022-07-12,142.8663787841797,145.86000061035156,0.0,148.4499969482422,145.0500030517578,145.75999450683594,0.0,77588800,0.6810465353166246,0.4638243832667784,AAPL,Apple,Stock
2022-07-13,142.50399780273438,145.49000549316406,0.0,146.4499969482422,142.1199951171875,142.99000549316406,0.0,71185600,-0.2539725255055464,0.0645020437116654,AAPL,Apple,Stock
2022-07-14,145.4228057861328,148.47000122070312,0.0,148.9499969482422,143.25,144.0800018310547,0.0,78140700,2.027534732664237,4.110897092159839,AAPL,Apple,Stock
2022-07-15,147.08792114257812,150.1699981689453,0.0,150.86000061035156,148.1999969482422,149.77999877929688,0.0,76259900,1.1385109599302388,1.2962072058812737,AAPL,Apple,Stock
2022-07-18,144.05157470703125,147.07000732421875,0.0,151.57000732421875,146.6999969482422,150.74000549316406,0.0,81420900,-2.085911785659001,4.351027977551121,AAPL,Apple,Stock
2022-07-19,147.90089416503906,151.0,0.0,151.22999572753906,146.91000366210938,147.9199981689453,0.0,82982400,2.637102229854458,6.954308170703356,AAPL,Apple,Stock
2022-07-20,149.89901733398438,153.0399932861328,0.0,153.72000122070312,150.3699951171875,151.1199951171875,0.0,64823400,1.3419434170867908,1.8008121346625725,AAPL,Apple,Stock
2022-07-21,152.16163635253906,155.35000610351562,0.0,155.57000732421875,151.94000244140625,154.5,0.0,65086600,1.4981503286344129,2.244454407187398,AAPL,Apple,Stock
2022-07-22,150.9274444580078,154.08999633789062,0.0,156.27999877929688,153.41000366210938,155.38999938964844,0.0,66675400,-0.8144131836740903,0.6632688337421676,AAPL,Apple,Stock
2022-07-25,149.81088256835938,152.9499969482422,0.0,155.0399932861328,152.27999877929688,154.00999450683594,0.0,53623900,-0.7425505296327677,0.5513812890579038,AAPL,Apple,Stock
2022-07-26,148.48858642578125,151.60000610351562,0.0,153.08999633789062,150.8000030517578,152.25999450683594,0.0,55138700,-0.8865619559956045,0.7859921018187521,AAPL,Apple,Stock
2022-07-27,153.5720672607422,156.7899932861328,0.0,157.3300018310547,152.16000366210938,152.5800018310547,0.0,78620700,3.3661854201664747,11.331204282941346,AAPL,Apple,Stock
2022-07-28,154.12062072753906,157.35000610351562,0.0,157.63999938964844,154.41000366210938,156.97999572753906,0.0,81378700,0.3565596904833361,0.1271348128775724,AAPL,Apple,Stock
2022-07-29,159.1746368408203,162.50999450683594,0.0,163.6300048828125,159.5,161.24000549316406,0.0,101786900,3.226639708178964,10.41120380639723,AAPL,Apple,Stock
2022-08-01,158.1951904296875,161.50999450683594,0.0,163.58999633789062,160.88999938964844,161.00999450683594,0.0,67829400,-0.6172291355272742,0.3809718057437462,AAPL,Apple,Stock
2022-08-02,156.7259521484375,160.00999450683594,0.0,162.41000366210938,159.6300048828125,160.10000610351562,0.0,59907000,-0.9330900613587246,0.8706570626064285,AAPL,Apple,Stock
2022-08-03,162.72039794921875,166.1300048828125,0.0,166.58999633789062,160.75,160.83999633789062,0.0,82507500,3.753462548182935,14.088481100611933,AAPL,Apple,Stock
2022-08-04,162.40695190429688,165.80999755859375,0.0,167.19000244140625,164.42999267578125,166.00999450683594,0.0,55474100,-0.1928143800712462,0.037177385162259,AAPL,Apple,Stock
2022-08-05,162.18133544921875,165.35000610351562,0.23,165.85000610351562,163.0,163.2100067138672,0.0,56697000,-0.1390170256928808,0.019325733432495,AAPL,Apple,Stock
2022-08-08,161.71054077148438,164.8699951171875,0.0,167.80999755859375,164.1999969482422,166.3699951171875,0.0,60276900,-0.2907112180748247,0.0845130123145483,AAPL,Apple,Stock
2022-08-09,161.7595672607422,164.9199981689453,0.0,165.82000732421875,163.25,164.02000427246094,0.0,63135500,0.0303128409184199,0.0009188683245454,AAPL,Apple,Stock
2022-08-10,165.99681091308594,169.24000549316406,0.0,169.33999633789062,166.89999389648438,167.67999267578125,0.0,70170500,2.5857496729703087,6.686101371266059,AAPL,Apple,Stock
2022-08-11,165.26119995117188,168.49000549316406,0.0,170.99000549316406,168.19000244140625,170.05999755859375,0.0,57149200,-0.4441324568587848,0.1972536392354203,AAPL,Apple,Stock
2022-08-12,168.80203247070312,172.10000610351562,0.0,172.1699981689453,169.39999389648438,169.82000732421875,0.0,68039400,2.1199370556123176,4.494133119758223,AAPL,Apple,Stock
2022-08-15,169.87110900878906,173.19000244140625,0.0,173.38999938964844,171.35000610351562,171.52000427246094,0.0,54091700,0.6313344390873806,0.3985831739777775,AAPL,Apple,Stock
2022-08-16,169.71417236328125,173.02999877929688,0.0,173.7100067138672,171.66000366210938,172.77999877929688,0.0,56377100,-0.0924284209529489,0.0085430129998555,AAPL,Apple,Stock
2022-08-17,171.2050323486328,174.5500030517578,0.0,176.14999389648438,172.57000732421875,172.77000427246094,0.0,79542000,0.8746174861471201,0.7649557470743078,AAPL,Apple,Stock
2022-08-18,170.81271362304688,174.14999389648438,0.0,174.89999389648438,173.1199951171875,173.75,0.0,62290100,-0.2294143519008851,0.0526309448581031,AAPL,Apple,Stock
2022-08-19,168.2331085205078,171.52000427246094,0.0,173.74000549316406,171.30999755859375,173.02999877929688,0.0,70346300,-1.5217145954764852,2.315615310086163,AAPL,Apple,Stock
2022-08-22,164.35882568359375,167.57000732421875,0.0,169.86000061035156,167.13999938964844,169.69000244140625,0.0,69026800,-2.329856915416608,5.428233246314592,AAPL,Apple,Stock
2022-08-23,164.0253143310547,167.22999572753906,0.0,168.7100067138672,166.64999389648438,167.0800018310547,0.0,54147100,-0.203122761771205,0.0412588563495617,AAPL,Apple,Stock
2022-08-24,164.31954956054688,167.52999877929688,0.0,168.11000061035156,166.25,167.32000732421875,0.0,53841500,0.1792233353458198,0.0321210039324802,AAPL,Apple,Stock
2022-08-25,166.7716827392578,170.02999877929688,0.0,170.13999938964844,168.35000610351562,168.77999877929688,0.0,51218200,1.481270281901025,2.194161648043142,AAPL,Apple,Stock
2022-08-26,160.48451232910156,163.6199951171875,0.0,171.0500030517578,163.55999755859375,170.57000732421875,0.0,78961000,-3.842826624011411,14.76731646221094,AAPL,Apple,Stock
2022-08-29,158.28741455078125,161.3800048828125,0.0,162.89999389648438,159.82000732421875,161.14999389648438,0.0,73314000,-1.3784981581067,1.9002571719035644,AAPL,Apple,Stock
2022-08-30,155.86477661132812,158.91000366210938,0.0,162.55999755859375,157.72000122070312,162.1300048828125,0.0,77906200,-1.5423645188295438,2.3788883089442905,AAPL,Apple,Stock
2022-08-31,154.20716857910156,157.22000122070312,0.0,160.5800018310547,157.13999938964844,160.30999755859375,0.0,87991100,-1.0691865864256114,1.1431599565924513,AAPL,Apple,Stock
2022-09-01,154.93296813964844,157.9600067138672,0.0,158.4199981689453,154.6699981689453,156.63999938964844,0.0,74229900,0.4695610876231817,0.2204876150098653,AAPL,Apple,Stock
2022-09-02,152.8241424560547,155.80999755859375,0.0,160.36000061035156,154.97000122070312,159.75,0.0,76957800,-1.370469514618999,1.8781866905000344,AAPL,Apple,Stock
2022-09-06,151.5686798095703,154.52999877929688,0.0,157.08999633789062,153.69000244140625,156.47000122070312,0.0,73714800,-0.8249010316672846,0.6804617120457505,AAPL,Apple,Stock
2022-09-07,152.97129821777344,155.9600067138672,0.0,156.6699981689453,153.61000061035156,154.82000732421875,0.0,87449600,0.9211456144862448,0.8485092430872416,AAPL,Apple,Stock
2022-09-08,151.5000762939453,154.4600067138672,0.0,156.36000061035156,152.67999267578125,154.63999938964844,0.0,84923800,-0.9664181907021367,0.9339641193199918,AAPL,Apple,Stock
2022-09-09,154.3542938232422,157.3699951171875,0.0,157.82000732421875,154.75,155.47000122070312,0.0,68028800,1.8664440766224504,3.4836134911590304,AAPL,Apple,Stock
2022-09-12,160.29812622070312,163.42999267578125,0.0,164.25999450683594,159.3000030517578,159.58999633789062,0.0,104956000,3.778480103791928,14.27691189475146,AAPL,Apple,Stock
2022-09-13,150.8918914794922,153.83999633789062,0.0,160.5399932861328,153.3699951171875,159.89999389648438,0.0,122656600,-6.047174041078345,36.56831388309181,AAPL,Apple,Stock
2022-09-14,152.33375549316406,155.30999755859375,0.0,157.10000610351562,153.61000061035156,154.7899932861328,0.0,87965400,0.9510243579116808,0.904447329341325,AAPL,Apple,Stock
2022-09-15,149.4500732421875,152.3699951171875,0.0,155.24000549316406,151.3800048828125,154.64999389648438,0.0,90481100,-1.9111494704142016,3.652492298264483,AAPL,Apple,Stock
2022-09-16,147.81210327148438,150.6999969482422,0.0,151.35000610351562,148.3699951171875,151.2100067138672,0.0,162278800,-1.102048412379434,1.214510703228031,AAPL,Apple,Stock
2022-09-19,151.5196075439453,154.47999572753906,0.0,154.55999755859375,149.10000610351562,149.30999755859375,0.0,81474200,2.4773144623100953,6.137086945170757,AAPL,Apple,Stock
2022-09-20,153.89329528808594,156.89999389648438,0.0,158.0800018310547,153.0800018310547,153.39999389648438,0.0,107689800,1.5544435208939344,2.4162946596491315,AAPL,Apple,Stock
2022-09-21,150.77423095703125,153.72000122070312,0.0,158.74000549316406,153.60000610351562,157.33999633789062,0.0,101696800,-2.0475915792258785,4.192631275316727,AAPL,Apple,Stock
2022-09-22,149.81301879882812,152.74000549316406,0.0,154.47000122070312,150.91000366210938,152.3800048828125,0.0,86652500,-0.6395583547821901,0.4090348891717018,AAPL,Apple,Stock
2022-09-23,147.5472412109375,150.42999267578125,0.0,151.47000122070312,148.55999755859375,151.19000244140625,0.0,96029900,-1.5239571278631787,2.322445327564989,AAPL,Apple,Stock
2022-09-26,147.88076782226562,150.77000427246094,0.0,153.77000427246094,149.63999938964844,149.66000366210938,0.0,93339400,0.2257922355559505,0.0509821336373538,AAPL,Apple,Stock
2022-09-27,148.85177612304688,151.75999450683594,0.0,154.72000122070312,149.9499969482422,152.74000549316406,0.0,84442700,0.6544693438761651,0.428330122073698,AAPL,Apple,Stock
2022-09-28,146.96856689453125,149.83999633789062,0.0,150.63999938964844,144.83999633789062,147.63999938964844,0.0,146691400,-1.2732286427628925,1.6211111767518374,AAPL,Apple,Stock
2022-09-29,139.74960327148438,142.47999572753906,0.0,146.72000122070312,140.67999267578125,146.10000610351562,0.0,128138200,-5.03664600775539,25.36780300743831,AAPL,Apple,Stock
2022-09-30,135.55165100097656,138.1999969482422,0.0,143.10000610351562,138.0,141.27999877929688,0.0,124925300,-3.049951730162173,9.302205556319231,AAPL,Apple,Stock
2022-10-03,139.72018432617188,142.4499969482422,0.0,143.07000732421875,137.69000244140625,138.2100067138672,0.0,114311700,3.028898330670187,9.174225097536644,AAPL,Apple,Stock
2022-10-04,143.3002471923828,146.10000610351562,0.0,146.22000122070312,144.25999450683594,145.02999877929688,0.0,87830100,2.530032064003813,6.401062244887395,AAPL,Apple,Stock
2022-10-05,143.594482421875,146.39999389648438,0.0,147.3800048828125,143.00999450683594,144.07000732421875,0.0,79471000,0.2051172798115547,0.0420730984772916,AAPL,Apple,Stock
2022-10-06,142.64309692382812,145.42999267578125,0.0,147.5399932861328,145.22000122070312,145.80999755859375,0.0,68402200,-0.6647547842513176,0.4418989231850158,AAPL,Apple,Stock
2022-10-07,137.40538024902344,140.08999633789062,0.0,143.10000610351562,139.4499969482422,142.5399932861328,0.0,85925600,-3.7410148203777673,13.9951918862861,AAPL,Apple,Stock
2022-10-10,137.72906494140625,140.4199981689453,0.0,141.88999938964844,138.57000732421875,140.4199981689453,0.0,74899000,0.2352921252675051,0.0553623842128993,AAPL,Apple,Stock
2022-10-11,136.3166961669922,138.97999572753906,0.0,141.35000610351562,138.22000122070312,139.89999389648438,0.0,77033700,-1.0307630913208723,1.0624725504293613,AAPL,Apple,Stock
2022-10-12,135.68894958496094,138.33999633789062,0.0,140.36000061035156,138.16000366210938,139.1300048828125,0.0,70433700,-0.4615696080784722,0.2130465031017144,AAPL,Apple,Stock
2022-10-13,140.2498321533203,142.99000549316406,0.0,143.58999633789062,134.3699951171875,134.99000549316406,0.0,113224000,3.3060216791992967,10.929779343335737,AAPL,Apple,Stock
2022-10-14,135.72817993164062,138.3800048828125,0.0,144.52000427246094,138.19000244140625,144.30999755859375,0.0,88598000,-3.2771138891694154,10.739475442587093,AAPL,Apple,Stock
2022-10-17,139.6809844970703,142.41000366210938,0.0,142.89999389648438,140.27000427246094,141.07000732421875,0.0,85250900,2.870693155600337,8.240879193610622,AAPL,Apple,Stock
2022-10-18,140.99526977539062,143.75,0.0,146.6999969482422,140.61000061035156,145.49000549316406,0.0,99136600,0.936520182453766,0.8770700521432352,AAPL,Apple,Stock
2022-10-19,141.1031951904297,143.86000061035156,0.0,144.9499969482422,141.5,141.69000244140625,0.0,61758300,0.0765161344055748,0.0058547188243719,AAPL,Apple,Stock
2022-10-20,140.6421661376953,143.38999938964844,0.0,145.88999938964844,142.64999389648438,143.02000427246094,0.0,64522000,-0.327266764601241,0.107103535212564,AAPL,Apple,Stock
2022-10-21,144.44784545898438,147.27000427246094,0.0,147.85000610351562,142.64999389648438,142.8699951171875,0.0,86548600,2.669967550028428,7.128726718204805,AAPL,Apple,Stock
2022-10-24,146.58602905273438,149.4499969482422,0.0,150.22999572753906,146.0,147.19000244140625,0.0,75981900,1.4693973813034655,2.159128664181482,AAPL,Apple,Stock
2022-10-25,149.42068481445312,152.33999633789062,0.0,152.49000549316406,149.36000061035156,150.08999633789062,0.0,74732300,1.9153230553828848,3.6684624064812295,AAPL,Apple,Stock
2022-10-26,146.4879608154297,149.35000610351562,0.0,151.99000549316406,148.0399932861328,150.9600067138672,0.0,88194300,-1.9822469342361555,3.9293029082886384,AAPL,Apple,Stock
2022-10-27,142.025146484375,144.8000030517578,0.0,149.0500030517578,144.1300048828125,148.07000732421875,0.0,109180200,-3.0939116504816333,9.572289300985984,AAPL,Apple,Stock
2022-10-28,152.7554931640625,155.74000549316406,0.0,157.5,147.82000732421875,148.1999969482422,0.0,164762400,7.283442935810472,53.04854099920746,AAPL,Apple,Stock
2022-10-31,150.40151977539062,153.33999633789062,0.0,154.24000549316406,151.9199981689453,153.16000366210938,0.0,97943200,-1.5530042845033978,2.4118223076859104,AAPL,Apple,Stock
2022-11-01,147.76304626464844,150.64999389648438,0.0,155.4499969482422,149.1300048828125,155.0800018310547,0.0,80379300,-1.7698564374693415,3.1323918092516694,AAPL,Apple,Stock
2022-11-02,142.25074768066406,145.02999877929688,0.0,152.1699981689453,145.0,148.9499969482422,0.0,93604600,-3.8018622883843745,14.454156859839271,AAPL,Apple,Stock
2022-11-03,136.21861267089844,138.8800048828125,0.0,142.8000030517578,138.75,142.05999755859375,0.0,97918500,-4.3330287808794505,18.775138415929657,AAPL,Apple,Stock
2022-11-04,135.95335388183594,138.3800048828125,0.23,142.6699981689453,134.3800048828125,142.08999633789062,0.0,140814800,-0.1949200547045163,0.0379938277260116,AAPL,Apple,Stock
2022-11-07,136.48388671875,138.9199981689453,0.0,139.14999389648438,135.6699981689453,137.11000061035156,0.0,83374600,0.3894720900677667,0.1516885089417545,AAPL,Apple,Stock
2022-11-08,137.05368041992188,139.5,0.0,141.42999267578125,137.49000549316406,140.41000366210938,0.0,89908500,0.416611532571651,0.1735651690716999,AAPL,Apple,Stock
2022-11-09,132.5048828125,134.8699951171875,0.0,138.5500030517578,134.58999633789062,138.5,0.0,74917800,-3.375318080389342,11.392772143803192,AAPL,Apple,Stock
2022-11-10,144.29441833496094,146.8699951171875,0.0,146.8699951171875,139.5,141.24000549316406,0.0,118854000,8.52362878919207,72.65224773594387,AAPL,Apple,Stock
2022-11-11,147.0748291015625,149.6999969482422,0.0,150.00999450683594,144.3699951171875,145.82000732421875,0.0,93979700,1.9085714713992337,3.642645061439036,AAPL,Apple,Stock
2022-11-14,145.6797332763672,148.27999877929688,0.0,150.27999877929688,147.42999267578125,148.97000122070312,0.0,73374100,-0.9530894237711696,0.90837944970446,AAPL,Apple,Stock
2022-11-15,147.40887451171875,150.0399932861328,0.0,153.58999633789062,148.55999755859375,152.22000122070312,0.0,89868300,1.1799580411740542,1.392300978931311,AAPL,Apple,Stock
2022-11-16,146.18075561523438,148.7899932861328,0.0,149.8699951171875,147.2899932861328,149.1300048828125,0.0,64218300,-0.8366276829450427,0.699945879869991,AAPL,Apple,Stock
2022-11-17,148.07693481445312,150.72000122070312,0.0,151.47999572753906,146.14999389648438,146.42999267578125,0.0,80389400,1.2888060413915623,1.66102101232739,AAPL,Apple,Stock
2022-11-18,148.6369171142578,151.2899932861328,0.0,152.6999969482422,149.97000122070312,152.30999755859375,0.0,74829600,0.3774565703755664,0.1424734625196849,AAPL,Apple,Stock
2022-11-21,145.41445922851562,148.00999450683594,0.0,150.3699951171875,147.72000122070312,150.16000366210938,0.0,58724100,-2.191852958766552,4.804219392853688,AAPL,Apple,Stock
2022-11-22,147.54640197753906,150.17999267578125,0.0,150.4199981689453,146.92999267578125,148.1300048828125,0.0,51804100,1.4554711342276507,2.118396222569924,AAPL,Apple,Stock
2022-11-23,148.42080688476562,151.07000732421875,0.0,151.8300018310547,149.33999633789062,149.4499969482422,0.0,58301400,0.5908813038259167,0.3491407152110153,AAPL,Apple,Stock
2022-11-25,145.51271057128906,148.11000061035156,0.0,148.8800048828125,147.1199951171875,148.30999755859375,0.0,35195900,-1.978808834906194,3.915684405102808,AAPL,Apple,Stock
2022-11-28,141.69094848632812,144.22000122070312,0.0,146.63999938964844,143.3800048828125,145.13999938964844,0.0,69246000,-2.6615174025561785,7.083674884109387,AAPL,Apple,Stock
2022-11-29,138.69439697265625,141.1699981689453,0.0,144.80999755859375,140.35000610351562,144.2899932861328,0.0,83763800,-2.137533688040432,4.569050267507731,AAPL,Apple,Stock
2022-11-30,145.43411254882812,148.02999877929688,0.0,148.72000122070312,140.5500030517578,141.39999389648438,0.0,111380900,4.7450219566606835,22.515233369191986,AAPL,Apple,Stock
2022-12-01,145.7091827392578,148.30999755859375,0.0,149.1300048828125,146.61000061035156,148.2100067138672,0.0,71250400,0.1889586857930139,0.0357053849366229,AAPL,Apple,Stock
2022-12-02,145.2179718017578,147.80999755859375,0.0,148.0,145.64999389648438,145.9600067138672,0.0,65447400,-0.3376868722055167,0.1140324236599449,AAPL,Apple,Stock
2022-12-05,144.05865478515625,146.6300048828125,0.0,150.9199981689453,145.77000427246094,147.77000427246094,0.0,68826400,-0.8015325932207903,0.6424544979952449,AAPL,Apple,Stock
2022-12-06,140.4038848876953,142.91000366210938,0.0,147.3000030517578,141.9199981689453,147.07000732421875,0.0,64727200,-2.5697380189473775,6.603553486023593,AAPL,Apple,Stock
2022-12-07,138.4684600830078,140.94000244140625,0.0,143.3699951171875,140.0,142.19000244140625,0.0,69721100,-1.3880586687503211,1.9267068678929136,AAPL,Apple,Stock
2022-12-08,140.14845275878906,142.64999389648438,0.0,143.52000427246094,141.10000610351562,142.36000061035156,0.0,62128300,1.2059662993704068,1.4543547152171536,AAPL,Apple,Stock
2022-12-09,139.6670684814453,142.16000366210938,0.0,145.57000732421875,140.89999389648438,142.33999633789062,0.0,76097000,-0.3440729450035018,0.1183861914833827,AAPL,Apple,Stock
2022-12-12,141.95620727539062,144.49000549316406,0.0,144.5,141.05999755859375,142.6999969482422,0.0,70462700,1.6257102361939575,2.6429337720658137,AAPL,Apple,Stock
2022-12-13,142.91900634765625,145.47000122070312,0.0,149.97000122070312,144.24000549316406,149.5,0.0,93886200,0.6759470056452425,0.4569043544407694,AAPL,Apple,Stock
2022-12-14,140.6986541748047,143.2100067138672,0.0,146.66000366210938,141.16000366210938,145.35000610351562,0.0,82291200,-1.5657681760194837,2.451629981035381,AAPL,Apple,Stock
2022-12-15,134.10629272460938,136.5,0.0,141.8000030517578,136.02999877929688,141.11000061035156,0.0,98931900,-4.798768406458197,23.028178218821346,AAPL,Apple,Stock
2022-12-16,132.15121459960938,134.50999450683594,0.0,137.64999389648438,133.72999572753906,136.69000244140625,0.0,160156900,-1.46858827231027,2.1567515135672632,AAPL,Apple,Stock
2022-12-19,130.0487060546875,132.3699951171875,0.0,135.1999969482422,131.32000732421875,135.11000061035156,0.0,79592600,-1.6037789829406692,2.572107026122207,AAPL,Apple,Stock
2022-12-20,129.97996520996094,132.3000030517578,0.0,133.25,129.88999938964844,131.38999938964844,0.0,77432800,-0.0528717437146978,0.0027954212834326,AAPL,Apple,Stock
2022-12-21,133.07467651367188,135.4499969482422,0.0,136.80999755859375,132.75,132.97999572753906,0.0,85928000,2.3530123389315687,5.5366670671642115,AAPL,Apple,Stock
2022-12-22,129.9111785888672,132.22999572753906,0.0,134.55999755859375,130.3000030517578,134.35000610351562,0.0,77852100,-2.4059472883065496,5.788582354109639,AAPL,Apple,Stock
2022-12-23,129.5476837158203,131.86000061035156,0.0,132.4199981689453,129.63999938964844,130.9199981689453,0.0,63814900,-0.2801947928329791,0.078509121930716,AAPL,Apple,Stock
2022-12-27,127.74974822998048,130.02999877929688,0.0,131.41000366210938,128.72000122070312,131.3800048828125,0.0,69007800,-1.3975769107853813,1.9532212215604097,AAPL,Apple,Stock
2022-12-28,123.8297348022461,126.04000091552734,0.0,131.02999877929688,125.87000274658205,129.6699981689453,0.0,85438400,-3.1165742682322786,9.713035169407563,AAPL,Apple,Stock
2022-12-29,127.3371353149414,129.61000061035156,0.0,130.47999572753906,127.7300033569336,127.98999786376952,0.0,75703700,2.793066238996613,7.801219015422686,AAPL,Apple,Stock
2022-12-30,127.65149688720705,129.92999267578125,0.0,129.9499969482422,127.43000030517578,128.41000366210938,0.0,77034200,0.246569212766649,0.060796376684365,AAPL,Apple,Stock
2023-01-03,122.87673950195312,125.06999969482422,0.0,130.89999389648438,124.16999816894533,130.27999877929688,0.0,112117500,-3.812213506838366,14.532971821720867,AAPL,Apple,Stock
2023-01-04,124.14412689208984,126.36000061035156,0.0,128.66000366210938,125.08000183105467,126.88999938964844,0.0,89113600,1.0261469241082573,1.0529775098568377,AAPL,Apple,Stock
2023-01-05,122.82759857177734,125.0199966430664,0.0,127.7699966430664,124.76000213623048,127.12999725341795,0.0,80962700,-1.0661469755654285,1.13666937350731,AAPL,Apple,Stock
2023-01-06,127.3469467163086,129.6199951171875,0.0,130.2899932861328,124.88999938964844,126.01000213623048,0.0,87754700,3.613349107674812,13.056291773934358,AAPL,Apple,Stock
2023-01-09,127.86769104003906,130.14999389648438,0.0,133.41000366210938,129.88999938964844,130.47000122070312,0.0,70790800,0.4080839962646786,0.1665325480073502,AAPL,Apple,Stock
2023-01-10,128.43748474121094,130.72999572753906,0.0,131.25999450683594,128.1199951171875,130.25999450683594,0.0,63896200,0.4446220316202993,0.1976887510021624,AAPL,Apple,Stock
2023-01-11,131.14907836914062,133.49000549316406,0.0,133.50999450683594,130.4600067138672,131.25,0.0,69458900,2.089239309732738,4.3649208933325285,AAPL,Apple,Stock
2023-01-12,131.07046508789062,133.41000366210938,0.0,134.25999450683594,131.44000244140625,133.8800048828125,0.0,71379600,-0.059959896633812,0.0035951892043374,AAPL,Apple,Stock
2023-01-13,132.3968048095703,134.75999450683594,0.0,134.9199981689453,131.66000366210938,132.02999877929688,0.0,57809700,1.0068430335163363,1.0137328941403787,AAPL,Apple,Stock
2023-01-17,133.55616760253906,135.94000244140625,0.0,137.2899932861328,134.1300048828125,134.8300018310547,0.0,63646600,0.8718610109476133,0.7601416224105942,AAPL,Apple,Stock
2023-01-18,132.8389434814453,135.2100067138672,0.0,138.61000061035156,135.02999877929688,136.82000732421875,0.0,69672800,-0.5384677302464563,0.2899474965167705,AAPL,Apple,Stock
2023-01-19,132.8978729248047,135.27000427246094,0.0,136.25,133.77000427246094,134.0800018310547,0.0,58280400,0.0443517350153601,0.0019670763988727,AAPL,Apple,Stock
2023-01-20,135.45228576660156,137.8699951171875,0.0,138.02000427246094,134.22000122070312,135.27999877929688,0.0,80223600,1.9038483231354864,3.624638437505803,AAPL,Apple,Stock
2023-01-23,138.63548278808594,141.11000061035156,0.0,143.32000732421875,137.89999389648438,138.1199951171875,0.0,81760300,2.322861882125348,5.395687323430914,AAPL,Apple,Stock
2023-01-24,140.03050231933594,142.52999877929688,0.0,143.16000366210938,140.3000030517578,140.30999755859375,0.0,66435100,1.001221002456796,1.0024434957605914,AAPL,Apple,Stock
2023-01-25,139.372314453125,141.86000061035156,0.0,142.42999267578125,138.80999755859375,140.88999938964844,0.0,65799300,-0.4711399056831395,0.2219728107271176,AAPL,Apple,Stock
2023-01-26,141.4355010986328,143.9600067138672,0.0,144.25,141.89999389648438,143.1699981689453,0.0,54105100,1.4694917009090989,2.1594058590407164,AAPL,Apple,Stock
2023-01-27,143.37095642089844,145.92999267578125,0.0,147.22999572753906,143.0800018310547,143.16000366210938,0.0,70555800,1.3591581693257435,1.8473109292449064,AAPL,Apple,Stock
2023-01-30,140.49232482910156,143.0,0.0,145.5500030517578,142.85000610351562,144.9600067138672,0.0,64015300,-2.028251250255095,4.113803134161356,AAPL,Apple,Stock
2023-01-31,141.75970458984375,144.2899932861328,0.0,144.33999633789062,142.27999877929688,142.6999969482422,0.0,65874500,0.8980543248560876,0.8065015703927233,AAPL,Apple,Stock
2023-02-01,142.87969970703125,145.42999267578125,0.0,146.61000061035156,141.32000732421875,143.97000122070312,0.0,77663600,0.7869612432129534,0.6193079983192771,AAPL,Apple,Stock
2023-02-02,148.1751708984375,150.82000732421875,0.0,151.17999267578125,148.1699981689453,148.89999389648438,0.0,118339000,3.639214561717072,13.24388262621358,AAPL,Apple,Stock
2023-02-03,151.7906494140625,154.5,0.0,157.3800048828125,147.8300018310547,148.02999877929688,0.0,154357300,2.4107103972817403,5.811524619562286,AAPL,Apple,Stock
2023-02-06,149.06924438476562,151.72999572753906,0.0,153.10000610351562,150.77999877929688,152.57000732421875,0.0,69858300,-1.8091339593808593,3.2729656829850646,AAPL,Apple,Stock
2023-02-07,151.9380340576172,154.64999389648438,0.0,155.22999572753906,150.63999938964844,150.63999938964844,0.0,83322600,1.906184164477212,3.6335380689036865,AAPL,Apple,Stock
2023-02-08,149.2559051513672,151.9199981689453,0.0,154.5800018310547,151.1699981689453,153.8800048828125,0.0,64120100,-1.781045005910968,3.1721213130804005,AAPL,Apple,Stock
2023-02-09,148.2243194580078,150.8699951171875,0.0,154.3300018310547,150.4199981689453,153.77999877929688,0.0,56007100,-0.6935518687146374,0.4810141945975655,AAPL,Apple,Stock
2023-02-10,148.58837890625,151.00999450683594,0.23,151.33999633789062,149.22000122070312,149.4600067138672,0.0,57450700,0.2453127058372017,0.0601783236451694,AAPL,Apple,Stock
2023-02-13,151.38284301757812,153.85000610351562,0.0,154.25999450683594,150.9199981689453,150.9499969482422,0.0,62199000,1.863208700849752,3.47154666292222,AAPL,Apple,Stock
2023-02-14,150.7432403564453,153.1999969482422,0.0,153.77000427246094,150.86000061035156,152.1199951171875,0.0,61707600,-0.4234017861005668,0.1792690724731501,AAPL,Apple,Stock
2023-02-15,152.83912658691406,155.3300018310547,0.0,155.5,152.8800048828125,153.11000061035156,0.0,65573800,1.380791349206835,1.9065847500444328,AAPL,Apple,Stock
2023-02-16,151.24508666992188,153.7100067138672,0.0,156.3300018310547,153.35000610351562,153.50999450683594,0.0,68167900,-1.048429644775671,1.099204720044439,AAPL,Apple,Stock
2023-02-17,150.1036834716797,152.5500030517578,0.0,153.0,150.85000610351562,152.35000610351562,0.0,59144100,-0.7575333100246032,0.5738567157968316,AAPL,Apple,Stock
2023-02-21,146.0989532470703,148.47999572753906,0.0,151.3000030517578,148.41000366210938,150.1999969482422,0.0,58867200,-2.7042124358442092,7.312764898174471,AAPL,Apple,Stock
2023-02-22,146.52206420898438,148.91000366210938,0.0,149.9499969482422,147.16000366210938,148.8699951171875,0.0,51011300,0.2891871954125472,0.0836292339905747,AAPL,Apple,Stock
2023-02-23,147.00418090820312,149.39999389648438,0.0,150.33999633789062,147.24000549316406,150.08999633789062,0.0,48394200,0.3285001874903285,0.107912373181181,AAPL,Apple,Stock
2023-02-24,144.35733032226562,146.7100067138672,0.0,147.19000244140625,145.72000122070312,147.11000061035156,0.0,55469600,-1.816934151882033,3.301249712275282,AAPL,Apple,Stock
2023-02-27,145.5478973388672,147.9199981689453,0.0,149.1699981689453,147.4499969482422,147.7100067138672,0.0,44998500,0.8213537364524401,0.6746219603843845,AAPL,Apple,Stock
2023-02-28,145.046142578125,147.41000366210938,0.0,149.0800018310547,146.8300018310547,147.0500030517578,0.0,50547000,-0.3453307297823867,0.1192533129320358,AAPL,Apple,Stock
2023-03-01,142.97979736328125,145.30999755859375,0.0,147.22999572753906,145.00999450683594,146.8300018310547,0.0,55479000,-1.4348573375070368,2.0588155789977827,AAPL,Apple,Stock
2023-03-02,143.57015991210938,145.91000366210938,0.0,146.7100067138672,143.89999389648438,144.3800048828125,0.0,52238100,0.4120491866257295,0.1697845321989252,AAPL,Apple,Stock
2023-03-03,148.60804748535156,151.02999877929688,0.0,151.11000061035156,147.3300018310547,148.0399932861328,0.0,70732300,3.448845120385694,11.894532664408208,AAPL,Apple,Stock
2023-03-06,151.36314392089844,153.8300018310547,0.0,156.3000030517578,153.4600067138672,153.7899932861328,0.0,87558000,1.8369590065826424,3.374418391865088,AAPL,Apple,Stock
2023-03-07,149.16891479492188,151.60000610351562,0.0,154.02999877929688,151.1300048828125,153.6999969482422,0.0,56182000,-1.46025560513326,2.1323464323231036,AAPL,Apple,Stock
2023-03-08,150.41854858398438,152.8699951171875,0.0,153.47000122070312,151.8300018310547,152.80999755859375,0.0,47204800,0.8342412078280457,0.6959583928383964,AAPL,Apple,Stock
2023-03-09,148.1750946044922,150.58999633789062,0.0,154.5399932861328,150.22999572753906,153.55999755859375,0.0,53833600,-1.5027086124084923,2.258133173806656,AAPL,Apple,Stock
2023-03-10,146.11865234375,148.5,0.0,150.94000244140625,147.61000061035156,150.2100067138672,0.0,68572400,-1.3975667195508676,1.9531927355961736,AAPL,Apple,Stock
2023-03-13,148.05706787109375,150.47000122070312,0.0,153.13999938964844,147.6999969482422,147.80999755859375,0.0,84457100,1.3178814222776556,1.7368114431845765,AAPL,Apple,Stock
2023-03-14,150.14306640625,152.58999633789062,0.0,153.39999389648438,150.10000610351562,151.27999877929688,0.0,73695900,1.3990822416993516,1.9574311190384828,AAPL,Apple,Stock
2023-03-15,150.53662109375,152.99000549316406,0.0,153.25,149.9199981689453,151.19000244140625,0.0,77167900,0.2617768533120882,0.0685271209299785,AAPL,Apple,Stock
2023-03-16,153.3507843017578,155.85000610351562,0.0,156.4600067138672,151.63999938964844,152.16000366210938,0.0,76161100,1.8521620887045775,3.4305044028345035,AAPL,Apple,Stock
2023-03-17,152.514404296875,155.0,0.0,156.74000549316406,154.27999877929688,156.0800018310547,0.0,98944600,-0.5468959010059193,0.2990951265370763,AAPL,Apple,Stock
2023-03-20,154.87591552734375,157.39999389648438,0.0,157.82000732421875,154.14999389648438,155.07000732421875,0.0,73641400,1.5365205334445282,2.3608953496966576,AAPL,Apple,Stock
2023-03-21,156.72572326660156,159.27999877929688,0.0,159.39999389648438,156.5399932861328,157.32000732421875,0.0,73938300,1.1873040699294912,1.4096909544711342,AAPL,Apple,Stock
2023-03-22,155.2989959716797,157.8300018310547,0.0,162.13999938964844,157.80999755859375,159.3000030517578,0.0,75701800,-0.9145026981656056,0.8363151849521727,AAPL,Apple,Stock
2023-03-23,156.38133239746094,158.92999267578125,0.0,161.5500030517578,157.67999267578125,158.8300018310547,0.0,67622100,0.6945197870217209,0.4823577345646965,AAPL,Apple,Stock
2023-03-24,157.68019104003906,160.25,0.0,160.33999633789062,157.85000610351562,158.86000061035156,0.0,59196500,0.8271411496741945,0.6841624814843482,AAPL,Apple,Stock
2023-03-27,155.74179077148438,158.27999877929688,0.0,160.77000427246094,157.8699951171875,159.94000244140625,0.0,52390300,-1.2369425860476375,1.5300269611782171,AAPL,Apple,Stock
2023-03-28,155.12188720703125,157.64999389648438,0.0,158.49000549316406,155.97999572753906,157.97000122070312,0.0,45992200,-0.3988271580534753,0.1590631020010117,AAPL,Apple,Stock
2023-03-29,158.1918487548828,160.77000427246094,0.0,161.0500030517578,159.35000610351562,159.3699951171875,0.0,51305700,1.959735209786906,3.840562092478528,AAPL,Apple,Stock
2023-03-30,159.75637817382812,162.36000061035156,0.0,162.47000122070312,161.27000427246094,161.52999877929688,0.0,49501700,0.9841489362810226,0.9685491287830684,AAPL,Apple,Stock
2023-03-31,162.25563049316406,164.89999389648438,0.0,165.0,161.91000366210938,162.44000244140625,0.0,68749800,1.5523039127982254,2.4096474376886805,AAPL,Apple,Stock
2023-04-03,163.50526428222656,166.1699981689453,0.0,166.2899932861328,164.22000122070312,164.27000427246094,0.0,56976200,0.7672129704431007,0.5886157420161261,AAPL,Apple,Stock
2023-04-04,162.97393798828125,165.6300048828125,0.0,166.83999633789062,165.11000061035156,166.60000610351562,0.0,46278300,-0.3254888883187821,0.1059430164189966,AAPL,Apple,Stock
2023-04-05,161.1339111328125,163.75999450683594,0.0,165.0500030517578,161.8000030517578,164.74000549316406,0.0,51511700,-1.1354532938765416,1.2892541825750878,AAPL,Apple,Stock
2023-04-06,162.01950073242188,164.66000366210938,0.0,164.9600067138672,162.0,162.42999267578125,0.0,45390100,0.5480937437562095,0.3004067519446974,AAPL,Apple,Stock
2023-04-10,159.431640625,162.02999877929688,0.0,162.02999877929688,160.0800018310547,161.4199981689453,0.0,47716900,-1.6101457946682023,2.5925694800876973,AAPL,Apple,Stock
2023-04-11,158.2213897705078,160.8000030517578,0.0,162.36000061035156,160.50999450683594,162.35000610351562,0.0,47644200,-0.7619991592761004,0.5806427187374839,AAPL,Apple,Stock
2023-04-12,157.53262329101562,160.10000610351562,0.0,162.05999755859375,159.77999877929688,161.22000122070312,0.0,50133100,-0.4362684516694377,0.1903301619220484,AAPL,Apple,Stock
2023-04-13,162.90505981445312,165.55999755859375,0.0,165.8000030517578,161.4199981689453,161.6300048828125,0.0,68445600,3.353500716456157,11.245967055271958,AAPL,Apple,Stock
2023-04-14,162.5606689453125,165.2100067138672,0.0,166.32000732421875,163.82000732421875,164.58999633789062,0.0,49386500,-0.2116296539046134,0.0447871104117864,AAPL,Apple,Stock
2023-04-17,162.58033752441406,165.22999572753906,0.0,165.38999938964844,164.02999877929688,165.08999633789062,0.0,41516200,0.0120984918753218,0.0001463735056572,AAPL,Apple,Stock
2023-04-18,163.80044555664062,166.47000122070312,0.0,167.41000366210938,165.64999389648438,166.10000610351562,0.0,49923000,0.7476627173747993,0.558999538952269,AAPL,Apple,Stock
2023-04-19,164.94186401367188,167.6300048828125,0.0,168.16000366210938,165.5399932861328,165.8000030517578,0.0,47720200,0.6944180962141261,0.4822164923496513,AAPL,Apple,Stock
2023-04-20,163.97755432128906,166.64999389648438,0.0,167.8699951171875,165.55999755859375,166.08999633789062,0.0,52456400,-0.5863517940519968,0.3438084263879952,AAPL,Apple,Stock
2023-04-21,162.37371826171875,165.02000427246094,0.0,166.4499969482422,164.49000549316406,165.0500030517578,0.0,58337300,-0.9828973295557109,0.9660871604477476,AAPL,Apple,Stock
2023-04-24,162.67869567871094,165.3300018310547,0.0,165.60000610351562,163.88999938964844,165.0,0.0,41949600,0.1876482028145933,0.0352118480195467,AAPL,Apple,Stock
2023-04-25,161.14376831054688,163.77000427246094,0.0,166.30999755859375,163.72999572753906,165.19000244140625,0.0,48714100,-0.9480125899364072,0.8987278706779345,AAPL,Apple,Stock
2023-04-26,161.1339111328125,163.75999450683594,0.0,165.27999877929688,162.8000030517578,163.05999755859375,0.0,45498800,-0.0061171954287805,3.742007991389306e-05,AAPL,Apple,Stock
2023-04-27,165.70936584472656,168.41000366210938,0.0,168.55999755859375,165.19000244140625,165.19000244140625,0.0,64902300,2.79996802945055,7.839820965945195,AAPL,Apple,Stock
2023-04-28,166.95895385742188,169.67999267578125,0.0,169.85000610351562,167.8800048828125,168.49000549316406,0.0,55275900,0.7512551185358334,0.564384253126289,AAPL,Apple,Stock
2023-05-01,166.87042236328125,169.58999633789062,0.0,170.4499969482422,168.63999938964844,169.27999877929688,0.0,52472900,-0.0530399674338977,0.0028132381453889,AAPL,Apple,Stock
2023-05-02,165.83724975585938,168.5399932861328,0.0,170.35000610351562,167.5399932861328,170.08999633789062,0.0,48425700,-0.6210712977446486,0.385729556882222,AAPL,Apple,Stock
2023-05-03,164.7647705078125,167.4499969482422,0.0,170.9199981689453,167.16000366210938,169.5,0.0,65136000,-0.648806083732194,0.4209493342879066,AAPL,Apple,Stock
2023-05-04,163.13134765625,165.7899932861328,0.0,167.0399932861328,164.30999755859375,164.88999938964844,0.0,81235400,-0.9963133277473212,0.992640247046941,AAPL,Apple,Stock
2023-05-05,170.78660583496094,173.57000732421875,0.0,174.3000030517578,170.75999450683594,170.97999572753906,0.0,113453200,4.585916795430705,21.03063285461343,AAPL,Apple,Stock
2023-05-08,170.7177276611328,173.5,0.0,173.85000610351562,172.11000061035156,172.47999572753906,0.0,55962800,-0.0403380970642253,0.0016271620747628,AAPL,Apple,Stock
2023-05-09,169.01547241210938,171.77000427246094,0.0,173.5399932861328,171.60000610351562,173.0500030517578,0.0,45326900,-1.002121367203433,1.004247234605678,AAPL,Apple,Stock
2023-05-10,170.77676391601562,173.55999755859375,0.0,174.02999877929688,171.89999389648438,173.02000427246094,0.0,53724500,1.036696598679822,1.0747398377143118,AAPL,Apple,Stock
2023-05-11,170.9636993408203,173.75,0.0,174.58999633789062,172.1699981689453,173.85000610351562,0.0,49514700,0.1094019956946809,0.0119687966619789,AAPL,Apple,Stock
2023-05-12,170.0375213623047,172.57000732421875,0.24,174.05999755859375,171.0,173.6199951171875,0.0,45533100,-0.5432122818054502,0.2950795831042839,AAPL,Apple,Stock
2023-05-15,169.54486083984375,172.07000732421875,0.0,173.2100067138672,171.47000122070312,173.16000366210938,0.0,37266700,-0.2901569067939749,0.0841910305602474,AAPL,Apple,Stock
2023-05-16,169.54486083984375,172.07000732421875,0.0,173.13999938964844,171.8000030517578,171.99000549316406,0.0,42110300,0.0,0.0,AAPL,Apple,Stock
2023-05-17,170.15574645996094,172.69000244140625,0.0,172.92999267578125,170.4199981689453,171.7100067138672,0.0,57951600,0.359661575814917,0.1293564491176693,AAPL,Apple,Stock
2023-05-18,172.48110961914062,175.0500030517578,0.0,175.24000549316406,172.5800018310547,173.0,0.0,65496700,1.3573547737906515,1.8424119819322713,AAPL,Apple,Stock
2023-05-19,172.58949279785156,175.16000366210938,0.0,176.38999938964844,174.94000244140625,176.38999938964844,0.0,55809500,0.0628179749395451,0.0039460979755053,AAPL,Apple,Stock
2023-05-22,171.64358520507812,174.1999969482422,0.0,174.7100067138672,173.4499969482422,173.97999572753906,0.0,43570900,-0.5495752930277322,0.3020330027065177,AAPL,Apple,Stock
2023-05-23,169.04229736328125,171.55999755859375,0.0,173.3800048828125,171.27999877929688,173.1300048828125,0.0,50747300,-1.527118397538013,2.3320906000990687,AAPL,Apple,Stock
2023-05-24,169.31817626953125,171.83999633789062,0.0,172.4199981689453,170.52000427246094,171.08999633789062,0.0,45143500,0.1630680820492598,0.0265911993832241,AAPL,Apple,Stock
2023-05-25,170.45132446289062,172.99000549316406,0.0,173.89999389648438,171.69000244140625,172.41000366210938,0.0,56058300,0.6670124258434994,0.4449055762296298,AAPL,Apple,Stock
2023-05-26,172.8555450439453,175.42999267578125,0.0,175.77000427246094,173.11000061035156,173.32000732421875,0.0,54835000,1.4006477002103,1.9618139801044023,AAPL,Apple,Stock
2023-05-30,174.69810485839844,177.3000030517578,0.0,178.99000549316406,176.57000732421875,176.9600067138672,0.0,55964400,1.0603123158730812,1.1242622071921369,AAPL,Apple,Stock
2023-05-31,174.64883422851562,177.25,0.0,179.35000610351562,176.75999450683594,177.3300018310547,0.0,99625300,-0.0282072774636447,0.000795650501911,AAPL,Apple,Stock
2023-06-01,177.4471435546875,180.08999633789062,0.0,180.1199951171875,176.92999267578125,177.6999969482422,0.0,68901800,1.58954854494564,2.526664576738801,AAPL,Apple,Stock
2023-06-02,178.29449462890625,180.9499969482422,0.0,181.77999877929688,179.25999450683594,181.02999877929688,0.0,61996900,0.4763865602329487,0.2269441547705808,AAPL,Apple,Stock
2023-06-05,176.9446258544922,179.5800018310547,0.0,184.9499969482422,178.0399932861328,182.6300048828125,0.0,121946500,-0.7599812034316039,0.5775714295693489,AAPL,Apple,Stock
2023-06-06,176.58006286621094,179.2100067138672,0.0,180.1199951171875,177.42999267578125,179.97000122070312,0.0,64848400,-0.2062447852389998,0.0425369114382811,AAPL,Apple,Stock
2023-06-07,175.21046447753906,177.82000732421875,0.0,181.2100067138672,177.32000732421875,178.44000244140625,0.0,61944600,-0.7786482022825001,0.6062930229177692,AAPL,Apple,Stock
2023-06-08,177.92010498046875,180.57000732421875,0.0,180.83999633789065,177.4600067138672,177.89999389648438,0.0,50214900,1.5346695633468652,2.355210668663258,AAPL,Apple,Stock
2023-06-09,178.30438232421875,180.9600067138672,0.0,182.22999572753903,180.6300048828125,181.5,0.0,48900000,0.2157501836660258,0.0465481417519239,AAPL,Apple,Stock
2023-06-12,181.0928497314453,183.7899932861328,0.0,183.88999938964844,180.97000122070312,181.27000427246097,0.0,54274900,1.551777873545013,2.4080145688238823,AAPL,Apple,Stock
2023-06-13,180.619873046875,183.30999755859375,0.0,184.1499938964844,182.44000244140625,182.8000030517578,0.0,54929100,-0.2615207728978475,0.0683931146570875,AAPL,Apple,Stock
2023-06-14,181.2505340576172,183.9499969482422,0.0,184.38999938964844,182.02000427246097,183.3699951171875,0.0,57462900,0.3485566306949909,0.1214917248014442,AAPL,Apple,Stock
2023-06-15,183.28025817871097,186.0099945068359,0.0,186.52000427246097,183.77999877929688,183.9600067138672,0.0,65433200,1.1136206546325806,1.2401509624242977,AAPL,Apple,Stock
2023-06-16,182.2062530517578,184.9199981689453,0.0,186.9900054931641,184.27000427246097,186.72999572753903,0.0,101256200,-0.5877142851333186,0.3454080809497677,AAPL,Apple,Stock
2023-06-20,182.29493713378903,185.0099945068359,0.0,186.1000061035156,184.41000366210935,184.41000366210935,0.0,49799100,0.0486605180828149,0.0023678460200879,AAPL,Apple,Stock
2023-06-21,181.26039123535156,183.9600067138672,0.0,185.41000366210935,182.58999633789065,184.8999938964844,0.0,49515700,-0.5691286085956758,0.32390737312205,AAPL,Apple,Stock
2023-06-22,184.25575256347656,187.0,0.0,187.0500030517578,183.6699981689453,183.7400054931641,0.0,51245300,1.6390129048379078,2.686363302225197,AAPL,Apple,Stock
2023-06-23,183.94044494628903,186.67999267578125,0.0,187.55999755859375,185.0099945068359,185.5500030517578,0.0,53117000,-0.1712715646695119,0.0293339488643427,AAPL,Apple,Stock
2023-06-26,182.5511474609375,185.27000427246097,0.0,188.0500030517578,185.22999572753903,186.8300018310547,0.0,48088700,-0.7581642629812315,0.574813049661874,AAPL,Apple,Stock
2023-06-27,185.3001708984375,188.05999755859375,0.0,188.38999938964844,185.6699981689453,185.88999938964844,0.0,50730800,1.4946661753674473,2.2340269757875526,AAPL,Apple,Stock
2023-06-28,186.4727325439453,189.25,0.0,189.8999938964844,187.6000061035156,187.92999267578125,0.0,51216800,0.6307966625379597,0.3979044294690286,AAPL,Apple,Stock
2023-06-29,186.8077392578125,189.58999633789065,0.0,190.07000732421875,188.94000244140625,189.0800018310547,0.0,46347300,0.1794933456837469,0.032217861144745,AAPL,Apple,Stock
2023-06-30,191.12347412109375,193.97000122070312,0.0,194.47999572753903,191.2599945068359,191.6300048828125,0.0,85213200,2.2839724894619504,5.216530332619019,AAPL,Apple,Stock
2023-07-03,189.63563537597656,192.4600067138672,0.0,193.8800048828125,191.7599945068359,193.77999877929688,0.0,31458200,-0.7815158091761899,0.6107669599923149,AAPL,Apple,Stock
2023-07-05,188.522216796875,191.3300018310547,0.0,192.97999572753903,190.6199951171875,191.57000732421875,0.0,46920300,-0.588866152132869,0.3467633451277712,AAPL,Apple,Stock
2023-07-06,188.99513244628903,191.80999755859375,0.0,192.02000427246097,189.1999969482422,189.83999633789065,0.0,45094300,0.2505399541173397,0.0627702686091186,AAPL,Apple,Stock
2023-07-07,187.8817596435547,190.67999267578125,0.0,192.6699981689453,190.2400054931641,191.41000366210935,0.0,46815000,-0.5908433576319316,0.3490958732577746,AAPL,Apple,Stock
2023-07-10,185.8421173095703,188.61000061035156,0.0,189.9900054931641,187.0399932861328,189.2599945068359,0.0,59922200,-1.0915345316609708,1.1914476338083348,AAPL,Apple,Stock
2023-07-11,185.3199005126953,188.0800018310547,0.0,189.3000030517578,186.6000061035156,189.16000366210935,0.0,46638100,-0.2813957874949921,0.0791835892199267,AAPL,Apple,Stock
2023-07-12,186.985107421875,189.77000427246097,0.0,191.6999969482422,188.47000122070312,189.67999267578125,0.0,60750200,0.8945450520304838,0.800210850112221,AAPL,Apple,Stock
2023-07-13,187.74380493164065,190.5399932861328,0.0,191.19000244140625,189.77999877929688,190.5,0.0,41342300,0.4049319502445025,0.1639698843288163,AAPL,Apple,Stock
2023-07-14,187.8916015625,190.69000244140625,0.0,191.17999267578125,189.6300048828125,190.22999572753903,0.0,41616200,0.0786915375552719,0.0061923580828127,AAPL,Apple,Stock
2023-07-17,191.1431579589844,193.9900054931641,0.0,194.32000732421875,191.80999755859375,191.8999938964844,0.0,50520200,1.7157456302091818,2.9437830675819026,AAPL,Apple,Stock
2023-07-18,190.8869781494141,193.72999572753903,0.0,194.3300018310547,192.4199981689453,193.3500061035156,0.0,48288200,-0.134114994475979,0.0179868317432918,AAPL,Apple,Stock
2023-07-19,192.2368621826172,195.1000061035156,0.0,198.22999572753903,192.6499938964844,193.1000061035156,0.0,80507300,0.7046753435815015,0.4965673398517072,AAPL,Apple,Stock
2023-07-20,190.29579162597656,193.1300048828125,0.0,196.47000122070312,192.5,195.08999633789065,0.0,59581200,-1.014860926101232,1.0299426993270504,AAPL,Apple,Stock
2023-07-21,189.1232452392578,191.94000244140625,0.0,194.97000122070312,191.22999572753903,194.1000061035156,0.0,71951700,-0.6180765884560852,0.3820186691975129,AAPL,Apple,Stock
2023-07-24,189.92137145996097,192.75,0.0,194.91000366210935,192.25,193.41000366210935,0.0,45377800,0.4211258332577687,0.17734696743705,AAPL,Apple,Stock
2023-07-25,190.7785797119141,193.6199951171875,0.0,194.44000244140625,192.9199981689453,193.3300018310547,0.0,37283200,0.4503334964965219,0.2028002580667829,AAPL,Apple,Stock
2023-07-26,191.6456756591797,194.5,0.0,195.63999938964844,193.32000732421875,193.6699981689453,0.0,47471900,0.4534740780644481,0.2056387394764011,AAPL,Apple,Stock
2023-07-27,190.3844757080078,193.22000122070312,0.0,197.1999969482422,192.5500030517578,196.02000427246097,0.0,47460200,-0.6602643945665441,0.435949070732325,AAPL,Apple,Stock
2023-07-28,192.95616149902344,195.8300018310547,0.0,196.6300048828125,194.13999938964844,194.6699981689453,0.0,48291400,1.3417436725939804,1.8002760829459823,AAPL,Apple,Stock
2023-07-31,193.5670623779297,196.4499969482422,0.0,196.4900054931641,195.2599945068359,196.05999755859375,0.0,38824100,0.3161007410906761,0.0999196785180746,AAPL,Apple,Stock
2023-08-01,192.7393798828125,195.61000061035156,0.0,196.72999572753903,195.27999877929688,196.2400054931641,0.0,35175100,-0.4285114981669495,0.1836221040612836,AAPL,Apple,Stock
2023-08-02,189.75384521484375,192.5800018310547,0.0,195.17999267578125,191.8500061035156,195.0399932861328,0.0,50389300,-1.5611232333981384,2.4371057498554585,AAPL,Apple,Stock
2023-08-03,188.3645477294922,191.1699981689453,0.0,192.3699951171875,190.69000244140625,191.57000732421875,0.0,61235200,-0.7348511805727439,0.5400062575891554,AAPL,Apple,Stock
2023-08-04,179.3192901611328,181.9900054931641,0.0,187.3800048828125,181.9199981689453,185.52000427246097,0.0,115956800,-4.921120812574984,24.217430051958676,AAPL,Apple,Stock
2023-08-07,176.225341796875,178.85000610351562,0.0,183.1300048828125,177.35000610351562,182.1300048828125,0.0,97576100,-1.740443356957351,3.029143078776973,AAPL,Apple,Stock
2023-08-08,177.16140747070312,179.8000030517578,0.0,180.27000427246097,177.5800018310547,179.69000244140625,0.0,67823000,0.5297696447513074,0.2806558764999264,AAPL,Apple,Stock
2023-08-09,175.57501220703125,178.19000244140625,0.0,180.92999267578125,177.00999450683594,180.8699951171875,0.0,60378500,-0.8994852082631004,0.8090736398841131,AAPL,Apple,Stock
2023-08-10,175.3582763671875,177.97000122070312,0.0,180.75,177.60000610351562,179.47999572753906,0.0,54686900,-0.1235196970231391,0.015257115552688,AAPL,Apple,Stock
2023-08-11,175.41746520996094,177.7899932861328,0.24,178.6199951171875,176.5500030517578,177.32000732421875,0.0,52036700,0.0337473983058487,0.0011388868924136,AAPL,Apple,Stock
2023-08-14,177.06515502929688,179.4600067138672,0.0,179.69000244140625,177.30999755859375,177.97000122070312,0.0,43675600,0.934912376510286,0.8740611517521106,AAPL,Apple,Stock
2023-08-15,175.0819854736328,177.4499969482422,0.0,179.47999572753906,177.0500030517578,178.8800048828125,0.0,43622600,-1.1263419711197813,1.2686462359059942,AAPL,Apple,Stock
2023-08-16,174.2137451171875,176.57000732421875,0.0,178.5399932861328,176.5,177.1300048828125,0.0,46964900,-0.4971387100362794,0.2471468970165359,AAPL,Apple,Stock
2023-08-17,171.67800903320312,174.0,0.0,177.50999450683594,173.47999572753906,177.13999938964844,0.0,66062900,-1.4662283686430866,2.149825629013767,AAPL,Apple,Stock
2023-08-18,172.1614990234375,174.49000549316406,0.0,175.10000610351562,171.9600067138672,172.3000030517578,0.0,61172200,0.2812302237337106,0.0790904387413129,AAPL,Apple,Stock
2023-08-21,173.4934844970703,175.83999633789062,0.0,176.1300048828125,173.74000549316406,175.07000732421875,0.0,46311900,0.7707061262383887,0.5939879330213832,AAPL,Apple,Stock
2023-08-22,174.8649444580078,177.22999572753906,0.0,177.67999267578125,176.25,177.05999755859375,0.0,42038900,0.7873884669297013,0.6199805978539054,AAPL,Apple,Stock
2023-08-23,178.70301818847656,181.1199951171875,0.0,181.5500030517578,178.3300018310547,178.52000427246094,0.0,52722800,2.171138169758133,4.713840952180695,AAPL,Apple,Stock
2023-08-24,174.0262908935547,176.3800048828125,0.0,181.1000061035156,176.00999450683594,180.6699981689453,0.0,54945800,-2.65189268277332,7.032534800946675,AAPL,Apple,Stock
2023-08-25,176.2265167236328,178.61000061035156,0.0,179.14999389648438,175.82000732421875,177.3800048828125,0.0,51449600,1.2563809477965775,1.578493085986227,AAPL,Apple,Stock
2023-08-28,177.78543090820312,180.19000244140625,0.0,180.58999633789065,178.5500030517578,180.08999633789062,0.0,43820700,0.8807184455846093,0.7756649803929705,AAPL,Apple,Stock
2023-08-29,181.66297912597656,184.1199951171875,0.0,184.8999938964844,179.5,179.6999969482422,0.0,53003900,2.157582857627907,4.655163787529806,AAPL,Apple,Stock
2023-08-30,185.1458740234375,187.6499938964844,0.0,187.8500061035156,184.7400054931641,184.94000244140625,0.0,60813900,1.8990815203825016,3.606510621058314,AAPL,Apple,Stock
2023-08-31,185.36294555664065,187.8699951171875,0.0,189.1199951171875,187.47999572753903,187.83999633789065,0.0,60794500,0.1171748398786642,0.0137299431005906,AAPL,Apple,Stock
2023-09-01,186.9317169189453,189.4600067138672,0.0,189.9199981689453,188.27999877929688,189.4900054931641,0.0,45766500,0.8427629002352515,0.7102493060129325,AAPL,Apple,Stock
2023-09-05,187.16851806640625,189.6999969482422,0.0,189.97999572753903,187.61000061035156,188.27999877929688,0.0,45280000,0.1265977173721583,0.0160269820438408,AAPL,Apple,Stock
2023-09-06,180.4691467285156,182.91000366210935,0.0,188.8500061035156,181.47000122070312,188.3999938964844,0.0,81755800,-3.644954626832276,13.285694231666016,AAPL,Apple,Stock
2023-09-07,175.19053649902344,177.55999755859375,0.0,178.2100067138672,173.5399932861328,175.17999267578125,0.0,112488800,-2.9685669283489218,8.812389608086953,AAPL,Apple,Stock
2023-09-08,175.80224609375,178.17999267578125,0.0,180.2400054931641,177.7899932861328,178.35000610351562,0.0,65551300,0.3485599957546072,0.1214940706404518,AAPL,Apple,Stock
2023-09-11,176.96653747558594,179.36000061035156,0.0,180.3000030517578,177.33999633789062,180.07000732421875,0.0,58953100,0.6600899306236769,0.4357187165107706,AAPL,Apple,Stock
2023-09-12,173.94732666015625,176.3000030517578,0.0,180.1300048828125,174.82000732421875,179.49000549316406,0.0,90370200,-1.720812784910903,2.9611966407128176,AAPL,Apple,Stock
2023-09-13,171.88523864746094,174.2100067138672,0.0,177.3000030517578,173.97999572753906,176.50999450683594,0.0,84267900,-1.192549608245186,1.4221745681257467,AAPL,Apple,Stock
2023-09-14,173.39483642578125,175.74000549316406,0.0,176.10000610351562,173.5800018310547,174.0,0.0,60895800,0.8744248545929044,0.764618826329822,AAPL,Apple,Stock
2023-09-15,172.67454528808594,175.00999450683594,0.0,176.5,173.82000732421875,176.47999572753906,0.0,109259500,-0.4162703873046861,0.1732810353467933,AAPL,Apple,Stock
2023-09-18,175.59507751464844,177.97000122070312,0.0,179.3800048828125,176.1699981689453,176.47999572753906,0.0,67257600,1.677206679940736,2.813022247237827,AAPL,Apple,Stock
2023-09-19,176.68038940429688,179.07000732421875,0.0,179.6300048828125,177.1300048828125,177.52000427246094,0.0,51826900,0.6161742303437374,0.3796706821396972,AAPL,Apple,Stock
2023-09-20,173.14816284179688,175.49000549316406,0.0,179.6999969482422,175.39999389648438,179.25999450683594,0.0,58436200,-2.0194730154652705,4.078271260192393,AAPL,Apple,Stock
2023-09-21,171.6089630126953,173.92999267578125,0.0,176.3000030517578,173.86000061035156,174.5500030517578,0.0,63149100,-0.8929242881637269,0.7973137843926984,AAPL,Apple,Stock
2023-09-22,172.45748901367188,174.7899932861328,0.0,177.0800018310547,174.0500030517578,174.6699981689453,0.0,56725400,0.4932347900979505,0.2432805581629693,AAPL,Apple,Stock
2023-09-25,173.7302703857422,176.0800018310547,0.0,176.97000122070312,174.14999389648438,174.1999969482422,0.0,46172700,0.735316066116787,0.5406897170894671,AAPL,Apple,Stock
2023-09-26,169.665283203125,171.9600067138672,0.0,175.1999969482422,171.66000366210938,174.82000732421875,0.0,64588900,-2.3676352420596904,5.605696639443049,AAPL,Apple,Stock
2023-09-27,168.1556854248047,170.42999267578125,0.0,173.0399932861328,169.0500030517578,172.6199951171875,0.0,66921800,-0.8937324600041615,0.7987577100650901,AAPL,Apple,Stock
2023-09-28,168.41220092773438,170.69000244140625,0.0,172.02999877929688,167.6199951171875,169.33999633789062,0.0,56294400,0.1524302008592385,0.0232349661339878,AAPL,Apple,Stock
2023-09-29,168.92526245117188,171.2100067138672,0.0,173.07000732421875,170.33999633789062,172.02000427246094,0.0,51861100,0.3041831843404033,0.0925274096354677,AAPL,Apple,Stock
2023-10-02,171.43136596679688,173.75,0.0,174.3000030517578,170.92999267578125,171.22000122070312,0.0,52164500,1.4726604968855257,2.168728939087123,AAPL,Apple,Stock
2023-10-03,170.09939575195312,172.39999389648438,0.0,173.6300048828125,170.82000732421875,172.25999450683594,0.0,49594600,-0.7800040976067183,0.6084063922832709,AAPL,Apple,Stock
2023-10-04,171.3425750732422,173.66000366210938,0.0,174.2100067138672,170.97000122070312,171.08999633789062,0.0,53020300,0.7281968363713714,0.5302706325012739,AAPL,Apple,Stock
2023-10-05,172.57591247558594,174.91000366210938,0.0,175.4499969482422,172.67999267578125,173.7899932861328,0.0,48527900,0.7172296541687456,0.5144183768190185,AAPL,Apple,Stock
2023-10-06,175.1214599609375,177.49000549316406,0.0,177.99000549316406,173.17999267578125,173.8000030517578,0.0,57266700,1.4642578106814286,2.1440509361415705,AAPL,Apple,Stock
2023-10-09,176.60145568847656,178.99000549316406,0.0,179.0500030517578,175.8000030517578,176.80999755859375,0.0,42390800,0.8415740895452152,0.7082469481938578,AAPL,Apple,Stock
2023-10-10,176.0094451904297,178.38999938964844,0.0,179.72000122070312,177.9499969482422,178.10000610351562,0.0,43698000,-0.3357871539587679,0.1127530127637293,AAPL,Apple,Stock
2023-10-11,177.400634765625,179.8000030517578,0.0,179.85000610351562,177.60000610351562,178.1999969482422,0.0,47551100,0.7872988576403133,0.6198394912417422,AAPL,Apple,Stock
2023-10-12,178.2985076904297,180.7100067138672,0.0,182.33999633789065,179.0399932861328,180.07000732421875,0.0,56743100,0.5048507149290284,0.2548742443643511,AAPL,Apple,Stock
2023-10-13,176.46331787109375,178.85000610351562,0.0,181.92999267578125,178.13999938964844,181.4199981689453,0.0,51427100,-1.034613116372797,1.0704243005706306,AAPL,Apple,Stock
2023-10-16,176.33506774902344,178.72000122070312,0.0,179.0800018310547,176.50999450683594,176.75,0.0,52517000,-0.0727044867250381,0.0052859423899512,AAPL,Apple,Stock
2023-10-17,174.78599548339844,177.14999389648438,0.0,178.4199981689453,174.8000030517578,176.64999389648438,0.0,57549400,-0.8823636507615983,0.7785656121853358,AAPL,Apple,Stock
2023-10-18,173.4934844970703,175.83999633789062,0.0,177.5800018310547,175.11000061035156,175.5800018310547,0.0,54764400,-0.7422297289241484,0.5509049704988148,AAPL,Apple,Stock
2023-10-19,173.1185760498047,175.4600067138672,0.0,177.83999633789062,175.19000244140625,176.0399932861328,0.0,59302900,-0.2163274947102803,0.0467975849676263,AAPL,Apple,Stock
2023-10-20,170.572998046875,172.8800048828125,0.0,175.4199981689453,172.63999938964844,175.30999755859375,0.0,64244000,-1.481342426892103,2.194375385710585,AAPL,Apple,Stock
2023-10-23,170.6913604736328,173.0,0.0,174.00999450683594,169.92999267578125,170.91000366210938,0.0,55980100,0.0693670045222912,0.0048117813163955,AAPL,Apple,Stock
2023-10-24,171.1255340576172,173.44000244140625,0.0,173.6699981689453,171.4499969482422,173.0500030517578,0.0,43816600,0.2540388286408885,0.0645357264572347,AAPL,Apple,Stock
2023-10-25,168.8167266845703,171.10000610351562,0.0,173.05999755859375,170.64999389648438,171.8800048828125,0.0,57157000,-1.3583735480539176,1.8451786960525889,AAPL,Apple,Stock
2023-10-26,164.6629180908203,166.88999938964844,0.0,171.3800048828125,165.6699981689453,170.3699951171875,0.0,70625300,-2.4913205355782906,6.206678010994101,AAPL,Apple,Stock
2023-10-27,165.9751739501953,168.22000122070312,0.0,168.9600067138672,166.8300018310547,166.91000366210938,0.0,58499100,0.7937759025206879,0.6300801834225326,AAPL,Apple,Stock
2023-10-30,168.01751708984375,170.2899932861328,0.0,171.1699981689453,168.8699951171875,169.02000427246094,0.0,51131000,1.223001970435938,1.495733819690187,AAPL,Apple,Stock
2023-10-31,168.49114990234375,170.77000427246094,0.0,170.89999389648438,167.89999389648438,169.35000610351562,0.0,44846000,0.2814983218673797,0.0792413052141509,AAPL,Apple,Stock
2023-11-01,171.64845275878906,173.97000122070312,0.0,174.22999572753906,170.1199951171875,171.0,0.0,56934900,1.8565280354049871,3.446696346244702,AAPL,Apple,Stock
2023-11-02,175.20040893554688,177.57000732421875,0.0,177.77999877929688,175.4600067138672,175.52000427246094,0.0,77334800,2.0482006674230955,4.195125974032414,AAPL,Apple,Stock
2023-11-03,174.29266357421875,176.64999389648438,0.0,176.82000732421875,173.35000610351562,174.24000549316406,0.0,79829200,-0.5194651762657537,0.2698440693528106,AAPL,Apple,Stock
2023-11-06,176.83822631835938,179.22999572753906,0.0,179.42999267578125,176.2100067138672,176.3800048828125,0.0,63841300,1.4499478197054965,2.1023486798687228,AAPL,Apple,Stock
2023-11-07,179.39369201660156,181.82000732421875,0.0,182.44000244140625,178.97000122070312,179.17999267578125,0.0,70530000,1.4347448408141574,2.058492758242842,AAPL,Apple,Stock
2023-11-08,180.4494171142578,182.88999938964844,0.0,183.4499969482422,181.58999633789065,182.3500061035156,0.0,49340300,0.5867713455795222,0.344300611993203,AAPL,Apple,Stock
2023-11-09,179.97581481933594,182.41000366210935,0.0,184.1199951171875,181.80999755859375,182.9600067138672,0.0,53763500,-0.2628021156891507,0.0690649520106937,AAPL,Apple,Stock
2023-11-10,184.15484619140625,186.3999938964844,0.24,186.57000732421875,183.52999877929688,183.97000122070312,0.0,66133400,2.295447933985717,5.269081217639295,AAPL,Apple,Stock
2023-11-13,182.5741271972656,184.8000030517578,0.0,186.02999877929688,184.2100067138672,185.82000732421875,0.0,43627500,-0.8620692109263568,0.7431633244271915,AAPL,Apple,Stock
2023-11-14,185.1823577880859,187.44000244140625,0.0,188.11000061035156,186.3000030517578,187.6999969482422,0.0,60108400,1.418479037241005,2.0120827790921685,AAPL,Apple,Stock
2023-11-15,185.74545288085935,188.0099945068359,0.0,189.5,187.77999877929688,187.8500061035156,0.0,53790500,0.3036146167187344,0.092181835485264,AAPL,Apple,Stock
2023-11-16,187.42498779296875,189.7100067138672,0.0,190.9600067138672,188.6499938964844,189.57000732421875,0.0,54412900,0.9001496740701233,0.8102694357285491,AAPL,Apple,Stock
2023-11-17,187.4052276611328,189.69000244140625,0.0,190.3800048828125,188.57000732421875,190.25,0.0,50922700,-0.0105435106560429,0.000111165616954,AAPL,Apple,Stock
2023-11-20,189.14404296875,191.4499969482422,0.0,191.91000366210935,189.8800048828125,189.88999938964844,0.0,46505100,0.9235591741885943,0.8529615482279186,AAPL,Apple,Stock
2023-11-21,188.34378051757812,190.63999938964844,0.0,191.52000427246097,189.7400054931641,191.41000366210935,0.0,38134500,-0.4239944179650009,0.1797712664654799,AAPL,Apple,Stock
2023-11-22,189.0056915283203,191.30999755859375,0.0,192.92999267578125,190.8300018310547,191.4900054931641,0.0,39617700,0.350821579810402,0.1230757808606662,AAPL,Apple,Stock
2023-11-24,187.6818695068359,189.97000122070312,0.0,190.8999938964844,189.25,190.8699951171875,0.0,24048300,-0.7028782516700754,0.4940378366707819,AAPL,Apple,Stock
2023-11-27,187.5040283203125,189.7899932861328,0.0,190.6699981689453,188.8999938964844,189.9199981689453,0.0,40552600,-0.0948016441304082,0.0089873517298285,AAPL,Apple,Stock
2023-11-28,188.1066741943359,190.3999938964844,0.0,191.0800018310547,189.3999938964844,189.77999877929688,0.0,38415400,0.3208888283040486,0.1029696401303452,AAPL,Apple,Stock
2023-11-29,187.0890960693359,189.3699951171875,0.0,192.08999633789065,188.97000122070312,190.8999938964844,0.0,43014200,-0.54242648805487,0.2942264949435401,AAPL,Apple,Stock
2023-11-30,187.66209411621097,189.9499969482422,0.0,190.32000732421875,188.19000244140625,189.83999633789065,0.0,48794400,0.3058020939831894,0.0935149206845034,AAPL,Apple,Stock
2023-12-01,188.9365692138672,191.2400054931641,0.0,191.55999755859375,189.22999572753903,190.3300018310547,0.0,45704800,0.6768372207076996,0.4581086233353232,AAPL,Apple,Stock
2023-12-04,187.1483459472656,189.42999267578125,0.0,190.0500030517578,187.4499969482422,189.97999572753903,0.0,43389500,-0.9509749905091672,0.9043534325739104,AAPL,Apple,Stock
2023-12-05,191.09030151367188,193.4199981689453,0.0,194.3999938964844,190.17999267578125,190.2100067138672,0.0,66628400,2.0844502915163288,4.344933017802508,AAPL,Apple,Stock
2023-12-06,190.00355529785156,192.32000732421875,0.0,194.7599945068359,192.11000061035156,194.4499969482422,0.0,41089700,-0.5703315034779163,0.3252780238593804,AAPL,Apple,Stock
2023-12-07,191.9300537109375,194.27000427246097,0.0,195.0,193.58999633789065,193.6300048828125,0.0,47477700,1.008821798486833,1.0177214211022083,AAPL,Apple,Stock
2023-12-08,193.35275268554688,195.7100067138672,0.0,195.9900054931641,193.6699981689453,194.1999969482422,0.0,53406400,0.7385252689102945,0.5454195728190228,AAPL,Apple,Stock
2023-12-11,190.85317993164065,193.17999267578125,0.0,193.4900054931641,191.4199981689453,193.11000061035156,0.0,60943700,-1.301181375886192,1.6930729729530831,AAPL,Apple,Stock
2023-12-12,192.3647918701172,194.7100067138672,0.0,194.72000122070312,191.72000122070312,193.0800018310547,0.0,52696900,0.7889086053538459,0.6223767876013502,AAPL,Apple,Stock
2023-12-13,195.57562255859375,197.9600067138672,0.0,198.0,194.8500061035156,195.08999633789065,0.0,70404200,1.6553593739807138,2.7402146570258203,AAPL,Apple,Stock
2023-12-14,195.72378540039065,198.11000061035156,0.0,199.6199951171875,196.16000366210935,198.02000427246097,0.0,66831600,0.0757286343214443,0.005734826056191,AAPL,Apple,Stock
2023-12-15,195.19032287597656,197.57000732421875,0.0,198.3999938964844,197.0,197.52999877929688,0.0,128538400,-0.2729309811400378,0.0744913204660636,AAPL,Apple,Stock
2023-12-18,193.53054809570312,195.88999938964844,0.0,196.6300048828125,194.38999938964844,196.08999633789065,0.0,55751900,-0.8539726014543635,0.7292692040347332,AAPL,Apple,Stock
2023-12-19,194.56793212890625,196.94000244140625,0.0,196.9499969482422,195.88999938964844,196.16000366210935,0.0,40714100,0.5345996218673541,0.285796755700718,AAPL,Apple,Stock
2023-12-20,192.48333740234375,194.8300018310547,0.0,197.67999267578125,194.8300018310547,196.8999938964844,0.0,52242800,-1.0771776491238616,1.160311687772009,AAPL,Apple,Stock
2023-12-21,192.33509826660156,194.67999267578125,0.0,197.0800018310547,193.5,196.1000061035156,0.0,46482500,-0.0770436805175692,0.0059357287076932,AAPL,Apple,Stock
2023-12-22,191.2681427001953,193.6000061035156,0.0,195.41000366210935,192.97000122070312,195.17999267578125,0.0,37149600,-0.5562822228126386,0.3094499114173701,AAPL,Apple,Stock
2023-12-26,190.72476196289065,193.0500030517578,0.0,193.88999938964844,192.8300018310547,193.61000061035156,0.0,28919300,-0.2844980088256859,0.08093911702578,AAPL,Apple,Stock
2023-12-27,190.8235626220703,193.1499938964844,0.0,193.5,191.08999633789065,192.4900054931641,0.0,48087700,0.0517893304841357,0.002682134751995,AAPL,Apple,Stock
2023-12-28,191.2483673095703,193.5800018310547,0.0,194.66000366210935,193.1699981689453,194.13999938964844,0.0,34049900,0.2223690510966525,0.0494479948856256,AAPL,Apple,Stock
2023-12-29,190.21099853515625,192.52999877929688,0.0,194.3999938964844,191.72999572753903,193.8999938964844,0.0,42672100,-0.5438961129861231,0.2958229817214135,AAPL,Apple,Stock
2024-01-02,183.4040069580078,185.63999938964844,0.0,188.44000244140625,183.88999938964844,187.1499938964844,0.0,82488700,-3.644256682343277,13.280606766803627,AAPL,Apple,Stock
2024-01-03,182.03076171875,184.25,0.0,185.8800048828125,183.42999267578125,184.22000122070312,0.0,58414500,-0.75157145463444,0.5648596514213281,AAPL,Apple,Stock
2024-01-04,179.7189483642578,181.91000366210935,0.0,183.08999633789065,180.8800048828125,182.1499938964844,0.0,71983600,-1.2781460565464011,1.633657341865116,AAPL,Apple,Stock
2024-01-05,178.99774169921875,181.17999267578125,0.0,182.7599945068359,180.1699981689453,181.9900054931641,0.0,62379700,-0.402104310599147,0.1616878766024153,AAPL,Apple,Stock
2024-01-08,183.324951171875,185.55999755859375,0.0,185.6000061035156,181.5,182.08999633789065,0.0,59144500,2.3887078076805692,5.705924990474111,AAPL,Apple,Stock
2024-01-09,182.9100341796875,185.13999938964844,0.0,185.1499938964844,182.72999572753903,183.9199981689453,0.0,42841800,-0.2265852178526765,0.0513408609493448,AAPL,Apple,Stock
2024-01-10,183.94740295410156,186.19000244140625,0.0,186.3999938964844,183.9199981689453,184.3500061035156,0.0,46792900,0.5655447780798878,0.3198408960134295,AAPL,Apple,Stock
2024-01-11,183.35462951660156,185.58999633789065,0.0,187.0500030517578,183.6199951171875,186.5399932861328,0.0,49128400,-0.3227719422880454,0.1041817267283973,AAPL,Apple,Stock
2024-01-12,183.6806640625,185.9199981689453,0.0,186.7400054931641,185.19000244140625,186.05999755859375,0.0,40477800,0.1776584635625193,0.031562529675395,AAPL,Apple,Stock
2024-01-16,181.418212890625,183.6300048828125,0.0,184.2599945068359,180.92999267578125,182.16000366210935,0.0,65603000,-1.239379398377033,1.536061293121416,AAPL,Apple,Stock
2024-01-17,180.47967529296875,182.67999267578125,0.0,182.92999267578125,180.3000030517578,181.27000427246097,0.0,47317400,-0.518676528593514,0.2690253413138183,AAPL,Apple,Stock
2024-01-18,186.3580017089844,188.6300048828125,0.0,189.13999938964844,185.8300018310547,186.08999633789065,0.0,78005800,3.2051394966920577,10.272919193255415,AAPL,Apple,Stock
2024-01-19,189.2527008056641,191.55999755859375,0.0,191.9499969482422,188.82000732421875,189.3300018310547,0.0,68903000,1.5413599170943533,2.3757903940251115,AAPL,Apple,Stock
2024-01-22,191.5546417236328,193.88999938964844,0.0,195.3300018310547,192.2599945068359,192.3000030517578,0.0,60133900,1.2089939976087012,1.4616664862538682,AAPL,Apple,Stock
2024-01-23,192.82907104492188,195.17999267578125,0.0,195.75,193.8300018310547,195.02000427246097,0.0,42355600,0.6631050946028532,0.4397083664882588,AAPL,Apple,Stock
2024-01-24,192.15728759765625,194.5,0.0,196.3800048828125,194.33999633789065,195.4199981689453,0.0,53631300,-0.3489911338496653,0.121794811505675,AAPL,Apple,Stock
2024-01-25,191.83126831054688,194.1699981689453,0.0,196.27000427246097,193.11000061035156,195.22000122070312,0.0,54822100,-0.1698068134745571,0.028834353902383,AAPL,Apple,Stock
2024-01-26,190.10232543945312,192.4199981689453,0.0,194.7599945068359,191.94000244140625,194.27000427246097,0.0,44594000,-0.905369262823374,0.8196935020653395,AAPL,Apple,Stock
2024-01-29,189.4206390380859,191.72999572753903,0.0,192.1999969482422,189.5800018310547,192.0099945068359,0.0,47145600,-0.3592336687165803,0.1290488287395737,AAPL,Apple,Stock
2024-01-30,185.7751007080078,188.0399932861328,0.0,191.8000030517578,187.47000122070312,190.94000244140625,0.0,55859400,-1.9433339309092708,3.7765467670232784,AAPL,Apple,Stock
2024-01-31,182.1789398193359,184.3999938964844,0.0,187.1000061035156,184.3500061035156,187.0399932861328,0.0,55467800,-1.9547416253339789,3.8210148218133257,AAPL,Apple,Stock
2024-02-01,184.6092987060547,186.86000061035156,0.0,186.9499969482422,183.82000732421875,183.9900054931641,0.0,64885400,1.3252303102217249,1.7562353751303683,AAPL,Apple,Stock
2024-02-02,183.6114959716797,185.8500061035156,0.0,187.3300018310547,179.25,179.86000061035156,0.0,102551700,-0.5419602537891451,0.2937209166871946,AAPL,Apple,Stock
2024-02-05,185.41943359375,187.67999267578125,0.0,189.25,185.83999633789065,188.1499938964844,0.0,69668800,0.9798377002769864,0.9600819188840936,AAPL,Apple,Stock
2024-02-06,187.0199279785156,189.3000030517578,0.0,189.30999755859375,186.77000427246097,186.86000061035156,0.0,43490800,0.8594710452979912,0.7386904777056217,AAPL,Apple,Stock
2024-02-07,187.12860107421875,189.41000366210935,0.0,191.0500030517578,188.61000061035156,190.63999938964844,0.0,53439000,0.0580908865440558,0.0033745510994743,AAPL,Apple,Stock
2024-02-08,186.0517578125,188.32000732421875,0.0,189.5399932861328,187.3500061035156,189.38999938964844,0.0,40962000,-0.5771183959191641,0.3330656429083091,AAPL,Apple,Stock
2024-02-09,186.8134307861328,188.8500061035156,0.24,189.9900054931641,188.0,188.6499938964844,0.0,45155200,0.4085519680443826,0.1669147105929382,AAPL,Apple,Stock
2024-02-12,185.1317596435547,187.1499938964844,0.0,188.6699981689453,186.7899932861328,188.4199981689453,0.0,41781900,-0.9042636629907286,0.8176927722054099,AAPL,Apple,Stock
2024-02-13,183.04449462890625,185.0399932861328,0.0,186.2100067138672,183.5099945068359,185.77000427246097,0.0,56529500,-1.1338522527233876,1.2856209310059008,AAPL,Apple,Stock
2024-02-14,182.16409301757812,184.1499938964844,0.0,185.52999877929688,182.44000244140625,185.32000732421875,0.0,54630500,-0.4821372478992082,0.2324563258118225,AAPL,Apple,Stock
2024-02-15,181.87722778320312,183.86000061035156,0.0,184.4900054931641,181.3500061035156,183.5500030517578,0.0,65434500,-0.1576004026795823,0.0248378869247664,AAPL,Apple,Stock
2024-02-16,180.34393310546875,182.30999755859375,0.0,184.8500061035156,181.6699981689453,183.4199981689453,0.0,49752500,-0.8466119606188167,0.7167518118628369,AAPL,Apple,Stock
2024-02-20,179.60203552246094,181.55999755859375,0.0,182.42999267578125,180.0,181.7899932861328,0.0,53665600,-0.4122277776495736,0.1699317406659063,AAPL,Apple,Stock
2024-02-21,180.35386657714844,182.32000732421875,0.0,182.88999938964844,180.66000366210935,181.94000244140625,0.0,41371400,0.4177356968500534,0.1745031124227997,AAPL,Apple,Stock
2024-02-22,182.38172912597656,184.3699951171875,0.0,184.9600067138672,182.4600067138672,183.47999572753903,0.0,52292200,1.1181056941109322,1.2501603432032895,AAPL,Apple,Stock
2024-02-23,180.55165100097656,182.52000427246097,0.0,185.0399932861328,182.22999572753903,185.0099945068359,0.0,45119700,-1.008501138904636,1.0170745471719482,AAPL,Apple,Stock
2024-02-26,179.20632934570312,181.16000366210935,0.0,182.7599945068359,180.6499938964844,182.2400054931641,0.0,40867400,-0.747907204183201,0.5593651860691323,AAPL,Apple,Stock
2024-02-27,180.66049194335935,182.6300048828125,0.0,183.9199981689453,179.55999755859375,181.1000061035156,0.0,54318900,0.8081714825597105,0.6531411452227605,AAPL,Apple,Stock
2024-02-28,179.4635467529297,181.4199981689453,0.0,183.1199951171875,180.1300048828125,182.5099945068359,0.0,48953900,-0.6647429604214828,0.4418832034299171,AAPL,Apple,Stock
2024-02-29,178.80078125,180.75,0.0,182.57000732421875,179.52999877929688,181.27000427246097,0.0,136682600,-0.3699873010952853,0.1368906029717733,AAPL,Apple,Stock
2024-03-01,177.72250366210938,179.66000366210938,0.0,180.52999877929688,177.3800048828125,179.5500030517578,0.0,73563100,-0.6048866490688946,0.365887858221796,AAPL,Apple,Stock
2024-03-04,173.2117156982422,175.10000610351562,0.0,176.89999389648438,173.7899932861328,176.14999389648438,0.0,81510100,-2.5708729206109813,6.609387573930837,AAPL,Apple,Stock
2024-03-05,168.28538513183594,170.1199951171875,0.0,172.0399932861328,169.6199951171875,170.75999450683594,0.0,95132400,-2.8853377208798587,8.325173763532177,AAPL,Apple,Stock
2024-03-06,167.29617309570312,169.1199951171875,0.0,171.24000549316406,168.67999267578125,171.05999755859375,0.0,68587700,-0.589552600294774,0.3475722685143295,AAPL,Apple,Stock
2024-03-07,167.17747497558594,169.0,0.0,170.72999572753906,168.49000549316406,169.14999389648438,0.0,71765100,-0.0709760698844859,0.0050376024962474,AAPL,Apple,Stock
2024-03-08,168.88882446289062,170.72999572753906,0.0,173.6999969482422,168.94000244140625,169.0,0.0,76267000,1.018468250466652,1.037277577208603,AAPL,Apple,Stock
2024-03-11,170.88706970214844,172.75,0.0,174.3800048828125,172.0500030517578,172.94000244140625,0.0,60139500,1.1762272202340918,1.3835104736196189,AAPL,Apple,Stock
2024-03-12,171.36184692382812,173.22999572753906,0.0,174.02999877929688,171.00999450683594,173.14999389648438,0.0,59825400,0.2774457438255898,0.0769761407669348,AAPL,Apple,Stock
2024-03-13,169.28453063964844,171.1300048828125,0.0,173.19000244140625,170.75999450683594,172.77000427246094,0.0,52488700,-1.2196472187502851,1.487539338205306,AAPL,Apple,Stock
2024-03-14,171.1343536376953,173.0,0.0,174.30999755859375,172.0500030517578,172.91000366210938,0.0,72913500,1.0868029307168676,1.1811406102147726,AAPL,Apple,Stock
2024-03-15,170.75843811035156,172.6199951171875,0.0,172.6199951171875,170.2899932861328,171.1699981689453,0.0,121752700,-0.2199026641695882,0.0483571817088827,AAPL,Apple,Stock
2024-03-18,171.84658813476562,173.72000122070312,0.0,177.7100067138672,173.52000427246094,175.57000732421875,0.0,75604200,0.6352234205795292,0.4035087940527574,AAPL,Apple,Stock
2024-03-19,174.18113708496094,176.0800018310547,0.0,176.61000061035156,173.02999877929688,174.33999633789062,0.0,55215200,1.3493626102330605,1.8207794538949775,AAPL,Apple,Stock
2024-03-20,176.74322509765625,178.6699981689453,0.0,178.6699981689453,175.08999633789062,175.72000122070312,0.0,53423100,1.4602198157612485,2.1322419103418144,AAPL,Apple,Stock
2024-03-21,169.52191162109375,171.3699951171875,0.0,177.49000549316406,170.83999633789062,177.0500030517578,0.0,106181300,-4.1715783052173485,17.402065556560046,AAPL,Apple,Stock
2024-03-22,170.422119140625,172.27999877929688,0.0,173.0500030517578,170.05999755859375,171.75999450683594,0.0,71160100,0.5296222567851792,0.2804997348822262,AAPL,Apple,Stock
2024-03-25,169.007568359375,170.85000610351562,0.0,171.94000244140625,169.4499969482422,170.57000732421875,0.0,54288300,-0.8334916022382457,0.694708251001678,AAPL,Apple,Stock
2024-03-26,167.87982177734375,169.7100067138672,0.0,171.4199981689453,169.5800018310547,170.0,0.0,57388400,-0.6695120254513086,0.4482463522239137,AAPL,Apple,Stock
2024-03-27,171.44100952148438,173.30999755859375,0.0,173.60000610351562,170.11000061035156,170.41000366210938,0.0,60273300,2.099086277335337,4.406163199697524,AAPL,Apple,Stock
2024-03-28,169.63072204589844,171.47999572753906,0.0,172.22999572753906,170.50999450683594,171.75,0.0,65672700,-1.0615388539008128,1.1268647383410513,AAPL,Apple,Stock
2024-04-01,168.19638061523438,170.02999877929688,0.0,171.25,169.47999572753906,171.19000244140625,0.0,46240500,-0.849162212427842,0.7210764630153473,AAPL,Apple,Stock
2024-04-02,167.0192413330078,168.83999633789062,0.0,169.33999633789062,168.22999572753906,169.0800018310547,0.0,49329500,-0.7023205624815362,0.4932541724843813,AAPL,Apple,Stock
2024-04-03,167.8204803466797,169.64999389648438,0.0,170.67999267578125,168.5800018310547,168.7899932861328,0.0,47691700,0.4785815368332508,0.2290402873976762,AAPL,Apple,Stock
2024-04-04,166.99942016601562,168.82000732421875,0.0,171.9199981689453,168.82000732421875,170.2899932861328,0.0,53704400,-0.4904498360034212,0.2405410416357827,AAPL,Apple,Stock
2024-04-05,167.75125122070312,169.5800018310547,0.0,170.38999938964844,168.9499969482422,169.58999633789062,0.0,42104800,0.4491894314780705,0.2017711453515922,AAPL,Apple,Stock
2024-04-08,166.6334228515625,168.4499969482422,0.0,169.1999969482422,168.24000549316406,169.02999877929688,0.0,37425500,-0.6685907697632476,0.447013617412612,AAPL,Apple,Stock
2024-04-09,167.84027099609375,169.6699981689453,0.0,170.0800018310547,168.35000610351562,168.6999969482422,0.0,42373800,0.721643228830475,0.5207689497168734,AAPL,Apple,Stock
2024-04-10,165.97064208984375,167.77999877929688,0.0,169.08999633789062,167.11000061035156,168.8000030517578,0.0,49709300,-1.1201841420978331,1.2548125122074585,AAPL,Apple,Stock
2024-04-11,173.15234375,175.0399932861328,0.0,175.4600067138672,168.16000366210938,168.33999633789062,0.0,91070300,4.236088887289251,17.944449061015483,AAPL,Apple,Stock
2024-04-12,174.6460723876953,176.5500030517578,0.0,178.36000061035156,174.2100067138672,174.25999450683594,0.0,101670900,0.8589675815827856,0.7378253062101795,AAPL,Apple,Stock
2024-04-15,170.8276824951172,172.69000244140625,0.0,176.6300048828125,172.5,175.36000061035156,0.0,73531800,-2.210613880413679,4.886813728277622,AAPL,Apple,Stock
2024-04-16,167.5534210205078,169.3800048828125,0.0,173.75999450683594,168.27000427246094,171.75,0.0,73711200,-1.935311183698858,3.7454293777498746,AAPL,Apple,Stock
2024-04-17,166.1882781982422,168.0,0.0,170.64999389648438,168.0,169.61000061035156,0.0,50901200,-0.8180880238657718,0.6692680147926037,AAPL,Apple,Stock
2024-04-18,165.23863220214844,167.0399932861328,0.0,168.63999938964844,166.5500030517578,168.02999877929688,0.0,43122900,-0.5730666793788755,0.3284054190143308,AAPL,Apple,Stock
2024-04-19,163.22061157226562,165.0,0.0,166.39999389648438,164.0800018310547,166.2100067138672,0.0,68149400,-1.2287953896589814,1.5099381096471678,AAPL,Apple,Stock
2024-04-22,164.05157470703125,165.83999633789062,0.0,167.25999450683594,164.77000427246094,165.52000427246094,0.0,48116400,0.507812735270062,0.257873774102462,AAPL,Apple,Stock
2024-04-23,165.10011291503906,166.89999389648438,0.0,167.0500030517578,164.9199981689453,165.35000610351562,0.0,49537800,0.6371176538247041,0.4059189048150954,AAPL,Apple,Stock
2024-04-24,167.19729614257812,169.02000427246094,0.0,169.3000030517578,166.2100067138672,166.5399932861328,0.0,48251800,1.2622494278856944,1.5932736181977627,AAPL,Apple,Stock
2024-04-25,168.05787658691406,169.88999938964844,0.0,170.61000061035156,168.14999389648438,169.52999877929688,0.0,50558300,0.5133894445312915,0.2635687217561481,AAPL,Apple,Stock
2024-04-26,167.47425842285156,169.3000030517578,0.0,171.33999633789062,169.17999267578125,169.8800048828125,0.0,44838400,-0.3478765171717092,0.1210180711995185,AAPL,Apple,Stock
2024-04-29,171.62896728515625,173.5,0.0,176.02999877929688,173.10000610351562,173.3699951171875,0.0,68169400,2.4505321433239993,6.005107785464114,AAPL,Apple,Stock
2024-04-30,168.4931640625,170.3300018310547,0.0,174.99000549316406,170.0,173.3300018310547,0.0,65934800,-1.843980022317487,3.4002623227059994,AAPL,Apple,Stock
2024-05-01,167.47425842285156,169.3000030517578,0.0,172.7100067138672,169.11000061035156,169.5800018310547,0.0,50383100,-0.6065521210065064,0.3679054754974915,AAPL,Apple,Stock
2024-05-02,171.16400146484375,173.02999877929688,0.0,173.4199981689453,170.88999938964844,172.50999450683594,0.0,94214900,2.179251138254735,4.749135523584559,AAPL,Apple,Stock
2024-05-03,181.4024200439453,183.3800048828125,0.0,187.0,182.66000366210935,186.6499938964844,0.0,163224100,5.809570873795334,33.751113737651075,AAPL,Apple,Stock
2024-05-06,179.7504425048828,181.7100067138672,0.0,184.1999969482422,180.4199981689453,182.3500061035156,0.0,78569700,-0.9148420140151206,0.836935910607242,AAPL,Apple,Stock
2024-05-07,180.43296813964844,182.3999938964844,0.0,184.8999938964844,181.32000732421875,183.4499969482422,0.0,77305800,0.3789882773792414,0.1436321143908848,AAPL,Apple,Stock
2024-05-08,180.7693023681641,182.7400054931641,0.0,183.07000732421875,181.4499969482422,182.8500061035156,0.0,45057100,0.1862304604278195,0.0346817843911576,AAPL,Apple,Stock
2024-05-09,182.57960510253903,184.57000732421875,0.0,184.66000366210935,182.11000061035156,182.55999755859375,0.0,48983000,0.9964624505205943,0.992937415297508,AAPL,Apple,Stock
2024-05-10,181.3215484619141,183.0500030517578,0.25,185.08999633789065,182.1300048828125,184.8999938964844,0.0,50759500,-0.6914304284854591,0.4780760374355856,AAPL,Apple,Stock
2024-05-13,184.5210876464844,186.27999877929688,0.0,187.1000061035156,184.6199951171875,185.44000244140625,0.0,72044800,1.7491787160031234,3.059626180518335,AAPL,Apple,Stock
2024-05-14,185.6602020263672,187.42999267578125,0.0,188.3000030517578,186.2899932861328,187.5099945068359,0.0,52393600,0.6154378987376978,0.3787638072026728,AAPL,Apple,Stock
2024-05-15,187.9285888671875,189.72000122070312,0.0,190.6499938964844,187.3699951171875,187.91000366210935,0.0,70400000,1.2143912095327238,1.474746009790352,AAPL,Apple,Stock
2024-05-16,188.0474395751953,189.83999633789065,0.0,191.1000061035156,189.66000366210935,190.47000122070312,0.0,52845200,0.0632224945079624,0.0039970838118093,AAPL,Apple,Stock
2024-05-17,188.07717895507812,189.8699951171875,0.0,190.80999755859375,189.17999267578125,189.5099945068359,0.0,41282900,0.0158135779896506,0.0002500692488347,AAPL,Apple,Stock
2024-05-20,189.23614501953125,191.0399932861328,0.0,191.9199981689453,189.0099945068359,189.3300018310547,0.0,44361300,0.6143274757295253,0.3773982474362105,AAPL,Apple,Stock
2024-05-21,190.5337677001953,192.3500061035156,0.0,192.72999572753903,190.9199981689453,191.08999633789065,0.0,42309400,0.6833757425953425,0.4670024055677358,AAPL,Apple,Stock
2024-05-22,189.09744262695312,190.8999938964844,0.0,192.82000732421875,190.27000427246097,192.27000427246097,0.0,34648500,-0.7566985472953486,0.5725926914788909,AAPL,Apple,Stock
2024-05-23,185.11541748046875,186.8800048828125,0.0,191.0,186.6300048828125,190.97999572753903,0.0,51005900,-2.1282942834169103,4.5296365568251,AAPL,Apple,Stock
2024-05-24,188.1861267089844,189.97999572753903,0.0,190.5800018310547,188.0399932861328,188.82000732421875,0.0,36327000,1.6451999933950194,2.706683018266972,AAPL,Apple,Stock
2024-05-28,188.196044921875,189.9900054931641,0.0,193.0,189.1000061035156,191.5099945068359,0.0,52280100,0.0052702883614053,2.777593941236445e-05,AAPL,Apple,Stock
2024-05-29,188.4932098388672,190.2899932861328,0.0,192.25,189.5099945068359,189.61000061035156,0.0,53068000,0.1577772526731478,0.0248936614610863,AAPL,Apple,Stock
2024-05-30,189.48377990722656,191.2899932861328,0.0,192.17999267578125,190.6300048828125,190.7599945068359,0.0,49889100,0.5241442537696619,0.2747271987597557,AAPL,Apple,Stock
2024-05-31,190.43470764160156,192.25,0.0,192.57000732421875,189.91000366210935,191.44000244140625,0.0,75158300,0.5005967076465399,0.2505970637065552,AAPL,Apple,Stock
2024-06-03,192.19790649414065,194.02999877929688,0.0,194.9900054931641,192.52000427246097,192.8999938964844,0.0,50080500,0.9216210368254794,0.8493853355192715,AAPL,Apple,Stock
2024-06-04,192.514892578125,194.3500061035156,0.0,195.32000732421875,193.02999877929688,194.63999938964844,0.0,47471400,0.1647910630906826,0.0271560944745573,AAPL,Apple,Stock
2024-06-05,194.02052307128903,195.8699951171875,0.0,196.8999938964844,194.8699951171875,195.3999938964844,0.0,54156800,0.7790427717723193,0.606907640250698,AAPL,Apple,Stock
2024-06-06,192.6436462402344,194.47999572753903,0.0,196.5,194.1699981689453,195.69000244140625,0.0,41181800,-0.7121852811917622,0.5072078747461893,AAPL,Apple,Stock
2024-06-07,195.0308837890625,196.88999938964844,0.0,196.94000244140625,194.13999938964844,194.6499938964844,0.0,53103900,1.23158347452508,1.5167978547232683,AAPL,Apple,Stock
2024-06-10,191.29649353027344,193.1199951171875,0.0,197.3000030517578,192.1499938964844,196.8999938964844,0.0,97010200,-1.9333377840598065,3.737794987273283,AAPL,Apple,Stock
2024-06-11,205.19400024414065,207.1499938964844,0.0,207.16000366210935,193.6300048828125,193.6499938964844,0.0,172373300,7.013132770478448,49.18403125635871,AAPL,Apple,Stock
2024-06-12,211.05813598632812,213.07000732421875,0.0,220.1999969482422,206.8999938964844,207.3699951171875,0.0,198134300,2.817774723445737,7.9398543920897,AAPL,Apple,Stock
2024-06-13,212.2170562744141,214.2400054931641,0.0,216.75,211.6000061035156,214.7400054931641,0.0,97862700,0.5475979718430555,0.2998635387666278,AAPL,Apple,Stock
2024-06-14,210.4835968017578,212.4900054931641,0.0,215.1699981689453,211.3000030517578,213.8500061035156,0.0,70122700,-0.8201876091870156,0.6727077142639126,AAPL,Apple,Stock
2024-06-17,214.62413024902344,216.6699981689453,0.0,218.9499969482422,212.72000122070312,213.3699951171875,0.0,93728300,1.9480541634008168,3.794915023543256,AAPL,Apple,Stock
2024-06-18,212.26657104492188,214.2899932861328,0.0,218.6300048828125,213.0,217.58999633789065,0.0,79943300,-1.1045371405235287,1.2200022947958933,AAPL,Apple,Stock
2024-06-20,207.7001190185547,209.67999267578125,0.0,214.2400054931641,208.8500061035156,213.92999267578125,0.0,86172500,-2.1747591469657297,4.729577347311109,AAPL,Apple,Stock
2024-06-21,205.5308074951172,207.4900054931641,0.0,211.88999938964844,207.11000061035156,210.38999938964844,0.0,241805100,-1.0499366394705028,1.1023669469026125,AAPL,Apple,Stock
2024-06-24,206.17465209960935,208.13999938964844,0.0,212.6999969482422,206.58999633789065,207.72000122070312,0.0,80727000,0.3127697796347026,0.0978249350527404,AAPL,Apple,Stock
2024-06-25,207.0958709716797,209.07000732421875,0.0,211.3800048828125,208.61000061035156,209.1499938964844,0.0,55549700,0.4458195523026003,0.198755073215291,AAPL,Apple,Stock
2024-06-26,211.2364501953125,213.25,0.0,214.86000061035156,210.63999938964844,211.5,0.0,66213200,1.9796292255230143,3.9189318705448506,AAPL,Apple,Stock
2024-06-27,212.0784149169922,214.1000061035156,0.0,215.7400054931641,212.3500061035156,214.69000244140625,0.0,49772700,0.3977964873693738,0.1582420453634124,AAPL,Apple,Stock
2024-06-28,208.63124084472656,210.6199951171875,0.0,216.07000732421875,210.3000030517578,215.77000427246097,0.0,82542700,-1.6387792257149467,2.6855973506348803,AAPL,Apple,Stock
2024-07-01,214.703369140625,216.75,0.0,217.5099945068359,211.9199981689453,212.08999633789065,0.0,60402900,2.868910136995925,8.230645374157977,AAPL,Apple,Stock
2024-07-02,218.19012451171875,220.27000427246097,0.0,220.3800048828125,215.1000061035156,216.1499938964844,0.0,58046200,1.6109416412326223,2.595132971457254,AAPL,Apple,Stock
2024-07-03,219.4580535888672,221.5500030517578,0.0,221.5500030517578,219.02999877929688,220.0,0.0,37369800,0.5794300938692231,0.3357392336812966,AAPL,Apple,Stock
2024-07-05,224.2028045654297,226.33999633789065,0.0,226.4499969482422,221.6499938964844,221.6499938964844,0.0,60412400,2.1389905341863114,4.575280505338641,AAPL,Apple,Stock
2024-07-08,225.6688537597656,227.82000732421875,0.0,227.8500061035156,223.25,227.08999633789065,0.0,59085900,0.6517656122570199,0.424798413320768,AAPL,Apple,Stock
2024-07-09,226.52072143554688,228.67999267578125,0.0,229.3999938964844,226.3699951171875,227.92999267578125,0.0,48076100,0.3767750210377548,0.1419594164780005,AAPL,Apple,Stock
2024-07-10,230.7801055908203,232.97999572753903,0.0,233.0800018310547,229.25,229.3000030517578,0.0,62627700,1.8628907200075848,3.4703618346903777,AAPL,Apple,Stock
2024-07-11,225.4212188720703,227.57000732421875,0.0,232.38999938964844,225.77000427246097,231.38999938964844,0.0,64710600,-2.3494597390054115,5.519961065207377,AAPL,Apple,Stock
2024-07-12,228.3631591796875,230.5399932861328,0.0,232.63999938964844,228.67999267578125,228.9199981689453,0.0,53046500,1.2966429292909123,1.6812828860801183,AAPL,Apple,Stock
2024-07-15,232.1866912841797,234.3999938964844,0.0,237.22999572753903,233.08999633789065,236.47999572753903,0.0,62631300,1.6604586668765997,2.757122984405614,AAPL,Apple,Stock
2024-07-16,232.6027374267578,234.82000732421875,0.0,236.27000427246097,232.3300018310547,235.0,0.0,43234300,0.1790256955076054,0.0320501996519818,AAPL,Apple,Stock
2024-07-17,226.7188415527344,228.8800048828125,0.0,231.4600067138672,226.63999938964844,229.4499969482422,0.0,57345900,-2.562134249716991,6.564531913572848,AAPL,Apple,Stock
2024-07-18,222.0632171630859,224.17999267578125,0.0,230.44000244140625,222.27000427246097,230.27999877929688,0.0,66034600,-2.074856300365335,4.3050286671657245,AAPL,Apple,Stock
2024-07-19,222.1919860839844,224.30999755859375,0.0,226.8000030517578,223.27999877929688,224.82000732421875,0.0,49151500,0.057970699527399,0.0033606020036959,AAPL,Apple,Stock
2024-07-22,221.84527587890625,223.9600067138672,0.0,227.77999877929688,223.08999633789065,227.0099945068359,0.0,48201800,-0.1561626940969092,0.0243867870276048,AAPL,Apple,Stock
2024-07-23,222.8853759765625,225.0099945068359,0.0,226.94000244140625,222.67999267578125,224.3699951171875,0.0,39960300,0.4677446852993387,0.2187850906257774,AAPL,Apple,Stock
2024-07-24,216.4764709472656,218.5399932861328,0.0,224.8000030517578,217.1300048828125,224.0,0.0,61777600,-2.917576792933978,8.512254342666916,AAPL,Apple,Stock
2024-07-25,215.4364013671875,217.4900054931641,0.0,220.8500061035156,214.6199951171875,218.92999267578125,0.0,51391200,-0.4816117588118455,0.2319498862258392,AAPL,Apple,Stock
2024-07-26,215.90196228027344,217.9600067138672,0.0,219.4900054931641,216.0099945068359,218.6999969482422,0.0,41601300,0.2158681597149255,0.0465990623787086,AAPL,Apple,Stock
2024-07-29,216.17930603027344,218.2400054931641,0.0,219.3000030517578,215.75,216.9600067138672,0.0,36311800,0.1283757517069572,0.0164803336263263,AAPL,Apple,Stock
2024-07-30,216.7340087890625,218.8000030517578,0.0,220.3300018310547,216.1199951171875,219.19000244140625,0.0,41643800,0.256265189066839,0.0656718471274627,AAPL,Apple,Stock
2024-07-31,219.98304748535156,222.0800018310547,0.0,223.82000732421875,220.6300048828125,221.44000244140625,0.0,50036300,1.4879650772673954,2.214040071167366,AAPL,Apple,Stock
2024-08-01,216.29815673828125,218.36000061035156,0.0,224.47999572753903,217.02000427246097,224.3699951171875,0.0,62501000,-1.6892675359117333,2.853624807885299,AAPL,Apple,Stock
2024-08-02,217.7840118408203,219.86000061035156,0.0,225.6000061035156,217.7100067138672,219.1499938964844,0.0,105568600,0.6845989138873879,0.4686756728957911,AAPL,Apple,Stock
2024-08-05,207.2939910888672,209.27000427246097,0.0,213.5,196.0,199.08999633789065,0.0,119548600,-4.936576780341157,24.36979030820346,AAPL,Apple,Stock
2024-08-06,205.2732696533203,207.22999572753903,0.0,209.9900054931641,201.07000732421875,205.3000030517578,0.0,69660500,-0.9795918323350348,0.9596001579775112,AAPL,Apple,Stock
2024-08-07,207.83880615234375,209.82000732421875,0.0,213.63999938964844,206.38999938964844,206.8999938964844,0.0,63516400,1.2420694683526403,1.5427365642138111,AAPL,Apple,Stock
2024-08-08,211.2958526611328,213.30999755859375,0.0,214.1999969482422,208.8300018310547,213.11000061035156,0.0,47161100,1.6496487866582124,2.721341119322912,AAPL,Apple,Stock
2024-08-09,214.1981964111328,216.2400054931641,0.0,216.77999877929688,211.97000122070312,212.1000061035156,0.0,42201600,1.3642441160440786,1.8611620081608893,AAPL,Apple,Stock
2024-08-12,215.72540283203125,217.52999877929688,0.25,219.5099945068359,215.6000061035156,216.07000732421875,0.0,38028100,0.7104577871030794,0.5047502672554045,AAPL,Apple,Stock
2024-08-13,219.43438720703125,221.27000427246097,0.0,221.88999938964844,219.0099945068359,219.0099945068359,0.0,44155300,1.7046952766647816,2.905985986283216,AAPL,Apple,Stock
2024-08-14,219.8806610107422,221.72000122070312,0.0,223.02999877929688,219.6999969482422,220.57000732421875,0.0,41960600,0.2031680722203276,0.0412772655697242,AAPL,Apple,Stock
2024-08-15,222.8557586669922,224.72000122070312,0.0,225.3500061035156,222.7599945068359,224.6000061035156,0.0,46414000,1.3439790837342365,1.8062797775151176,AAPL,Apple,Stock
2024-08-16,224.17474365234375,226.0500030517578,0.0,226.8300018310547,223.6499938964844,223.9199981689453,0.0,44340200,0.5901113262319438,0.3482313773472236,AAPL,Apple,Stock
2024-08-19,224.01605224609375,225.88999938964844,0.0,225.9900054931641,223.0399932861328,225.72000122070312,0.0,40687800,-0.0708142221276089,0.0050146540555383,AAPL,Apple,Stock
2024-08-20,224.6309356689453,226.5099945068359,0.0,227.1699981689453,225.4499969482422,225.77000427246097,0.0,30299000,0.274105844640953,0.0751340140663302,AAPL,Apple,Stock
2024-08-21,224.52183532714844,226.3999938964844,0.0,227.97999572753903,225.0500030517578,226.52000427246097,0.0,34765500,-0.0485805057823046,0.0023600655420645,AAPL,Apple,Stock
2024-08-22,222.6673583984375,224.52999877929688,0.0,228.33999633789065,223.8999938964844,227.7899932861328,0.0,43695300,-0.8293973045439973,0.6878998887848482,AAPL,Apple,Stock
2024-08-23,224.95816040039065,226.83999633789065,0.0,228.22000122070312,224.3300018310547,225.66000366210935,0.0,38677300,1.0235439693311636,1.047642257154194,AAPL,Apple,Stock
2024-08-26,225.29534912109375,227.17999267578125,0.0,227.27999877929688,223.88999938964844,226.7599945068359,0.0,30602200,0.149777303944513,0.022433240776887,AAPL,Apple,Stock
2024-08-27,226.13829040527344,228.02999877929688,0.0,228.8500061035156,224.88999938964844,226.0,0.0,35934600,0.3734512406931244,0.1394658291752339,AAPL,Apple,Stock
2024-08-28,224.6110687255859,226.4900054931641,0.0,229.86000061035156,225.67999267578125,227.9199981689453,0.0,38052200,-0.6776393544890266,0.4591950947523046,AAPL,Apple,Stock
2024-08-29,227.8837432861328,229.7899932861328,0.0,232.9199981689453,228.8800048828125,230.1000061035156,0.0,51906300,1.446527800615946,2.092442677954806,AAPL,Apple,Stock
2024-08-30,227.1002655029297,229.0,0.0,230.3999938964844,227.47999572753903,230.19000244140625,0.0,52990800,-0.3443982832239975,0.1186101774876368,AAPL,Apple,Stock
2024-09-03,220.92193603515625,222.77000427246097,0.0,229.0,221.1699981689453,228.5500030517578,0.0,50190600,-2.758220970526388,7.607782922251529,AAPL,Apple,Stock
2024-09-04,219.01788330078125,220.8500061035156,0.0,221.77999877929688,217.47999572753903,221.66000366210935,0.0,43840200,-0.8656023116702513,0.7492673619688828,AAPL,Apple,Stock
2024-09-05,220.53517150878903,222.3800048828125,0.0,225.47999572753903,221.52000427246097,221.6300048828125,0.0,36615400,0.69038047529531,0.4766252006689781,AAPL,Apple,Stock
2024-09-06,218.98812866210935,220.82000732421875,0.0,225.2400054931641,219.77000427246097,223.9499969482422,0.0,48423000,-0.7039668818308199,0.4955693707146075,AAPL,Apple,Stock
2024-09-09,219.0773773193359,220.91000366210935,0.0,221.27000427246097,216.7100067138672,220.82000732421875,0.0,67180000,0.0407467181244593,0.0016602950379141,AAPL,Apple,Stock
2024-09-10,218.2840118408203,220.11000061035156,0.0,221.47999572753903,216.72999572753903,218.9199981689453,0.0,51591000,-0.362796702396691,0.1316214472699132,AAPL,Apple,Stock
2024-09-11,220.81285095214844,222.66000366210935,0.0,223.08999633789065,217.88999938964844,221.4600067138672,0.0,44587100,1.151849300312406,1.3267568106301793,AAPL,Apple,Stock
2024-09-12,220.92193603515625,222.77000427246097,0.0,223.5500030517578,219.82000732421875,222.5,0.0,37455600,0.0493894021655912,0.0024393130462745,AAPL,Apple,Stock
2024-09-13,220.6541748046875,222.5,0.0,224.0399932861328,221.91000366210935,223.5800018310547,0.0,36766600,-0.1212752486892456,0.0147076859446383,AAPL,Apple,Stock
2024-09-16,214.5254669189453,216.32000732421875,0.0,217.22000122070312,213.9199981689453,216.5399932861328,0.0,59357400,-2.8168197804639155,7.9344736756127805,AAPL,Apple,Stock
2024-09-17,214.9915313720703,216.7899932861328,0.0,216.8999938964844,214.5,215.75,0.0,45519300,0.2170180169340677,0.0470968196739953,AAPL,Apple,Stock
2024-09-18,218.85922241210935,220.69000244140625,0.0,222.7100067138672,217.5399932861328,217.5500030517578,0.0,59894900,1.7830064698304733,3.179112071457326,AAPL,Apple,Stock
2024-09-19,226.97134399414065,228.8699951171875,0.0,229.82000732421875,224.6300048828125,224.9900054931641,0.0,66781300,3.639506851836512,13.24601012456492,AAPL,Apple,Stock
2024-09-20,226.306884765625,228.1999969482422,0.0,233.08999633789065,227.6199951171875,229.97000122070312,0.0,318679900,-0.2931796244775808,0.0859542922088152,AAPL,Apple,Stock
2024-09-23,224.5912628173828,226.47000122070312,0.0,229.4499969482422,225.80999755859375,227.33999633789065,0.0,54146000,-0.7609834889219161,0.579095870411772,AAPL,Apple,Stock
2024-09-24,225.4837951660156,227.3699951171875,0.0,229.3500061035156,225.72999572753903,228.6499938964844,0.0,43556100,0.3966154101588589,0.1573037835754799,AAPL,Apple,Stock
2024-09-25,224.4920959472656,226.3699951171875,0.0,227.2899932861328,224.02000427246097,224.92999267578125,0.0,42308700,-0.4407795368376311,0.1942866000947966,AAPL,Apple,Stock
2024-09-26,225.63253784179688,227.52000427246097,0.0,228.5,225.41000366210935,227.3000030517578,0.0,36636700,0.5067238045522326,0.2567690140998893,AAPL,Apple,Stock
2024-09-27,225.90028381347656,227.7899932861328,0.0,229.52000427246097,227.3000030517578,228.4600067138672,0.0,34026000,0.1185942594734564,0.0140645983800575,AAPL,Apple,Stock
2024-09-30,231.0670928955078,233.0,0.0,233.0,229.6499938964844,230.0399932861328,0.0,54541900,2.2614433944855827,5.114126226462475,AAPL,Apple,Stock
2024-10-01,224.3334197998047,226.2100067138672,0.0,229.6499938964844,223.7400054931641,229.52000427246097,0.0,63285000,-2.957468737177332,8.746621331381283,AAPL,Apple,Stock
2024-10-02,224.8986968994141,226.77999877929688,0.0,227.3699951171875,223.02000427246097,225.88999938964844,0.0,32880600,0.2516638401144747,0.0633346884211638,AAPL,Apple,Stock
2024-10-03,223.79788208007812,225.6699981689453,0.0,226.80999755859375,223.32000732421875,225.13999938964844,0.0,34044200,-0.4906732431267159,0.2407602315204892,AAPL,Apple,Stock
2024-10-04,224.91851806640625,226.8000030517578,0.0,228.0,224.1300048828125,227.8999938964844,0.0,37245100,0.4994862304226835,0.249486494381862,AAPL,Apple,Stock
2024-10-07,219.85092163085935,221.69000244140625,0.0,225.69000244140625,221.3300018310547,224.5,0.0,39505400,-2.2788506980659413,5.193160504075628,AAPL,Apple,Stock
2024-10-08,223.8970489501953,225.77000427246097,0.0,225.97999572753903,223.25,224.3000030517578,0.0,31855700,1.8236655596886064,3.3257560735943574,AAPL,Apple,Stock
2024-10-09,227.6357879638672,229.5399932861328,0.0,229.75,224.8300018310547,225.22999572753903,0.0,33591100,1.656058720135652,2.7425304845373337,AAPL,Apple,Stock
2024-10-10,227.13995361328125,229.0399932861328,0.0,229.5,227.1699981689453,227.77999877929688,0.0,28183500,-0.218056726304497,0.0475487358866343,AAPL,Apple,Stock
2024-10-11,225.6623077392578,227.5500030517578,0.0,229.41000366210935,227.33999633789065,229.3000030517578,0.0,31759200,-0.652669496380758,0.4259774715059122,AAPL,Apple,Stock
2024-10-14,229.3811798095703,231.3000030517578,0.0,231.72999572753903,228.6000061035156,228.6999969482422,0.0,39882100,1.6345492116142903,2.671751125188898,AAPL,Apple,Stock
2024-10-15,231.91001892089844,233.8500061035156,0.0,237.4900054931641,232.3699951171875,233.61000061035156,0.0,64751400,1.0964286559374032,1.202155797560701,AAPL,Apple,Stock
2024-10-16,229.8571929931641,231.77999877929688,0.0,232.1199951171875,229.83999633789065,231.6000061035156,0.0,34082200,-0.8891230899137225,0.7905398690177254,AAPL,Apple,Stock
2024-10-17,230.22410583496097,232.1499938964844,0.0,233.8500061035156,230.52000427246097,233.42999267578125,0.0,32993800,0.1594991670024115,0.0254399842744631,AAPL,Apple,Stock
2024-10-18,233.05047607421875,235.0,0.0,236.17999267578125,234.0099945068359,236.17999267578125,0.0,46431500,1.220185789003681,1.4888533596865348,AAPL,Apple,Stock
2024-10-21,234.51821899414065,236.47999572753903,0.0,236.8500061035156,234.4499969482422,234.4499969482422,0.0,36254500,0.6278212191874971,0.3941594832620753,AAPL,Apple,Stock
2024-10-22,233.90335083007812,235.86000061035156,0.0,236.22000122070312,232.6000061035156,233.88999938964844,0.0,38846600,-0.2625278410799605,0.068920867342105,AAPL,Apple,Stock
2024-10-23,228.84564208984375,230.7599945068359,0.0,235.13999938964844,227.7599945068359,234.0800018310547,0.0,52287000,-2.1860275126728372,4.778716286162592,AAPL,Apple,Stock
2024-10-24,228.65725708007812,230.57000732421875,0.0,230.82000732421875,228.41000366210935,229.97999572753903,0.0,31109500,-0.0823535854109317,0.0067821130300356,AAPL,Apple,Stock
2024-10-25,229.49026489257812,231.41000366210935,0.0,233.22000122070312,229.57000732421875,229.7400054931641,0.0,38802300,0.3636421416652952,0.1322356071949226,AAPL,Apple,Stock
2024-10-28,231.46372985839844,233.3999938964844,0.0,234.72999572753903,232.5500030517578,233.32000732421875,0.0,36087100,0.8562576941624434,0.7331772388123844,AAPL,Apple,Stock
2024-10-29,231.73150634765625,233.6699981689453,0.0,234.3300018310547,232.32000732421875,233.1000061035156,0.0,35417200,0.1156214477861014,0.0133683191881541,AAPL,Apple,Stock
2024-10-30,228.19113159179688,230.1000061035156,0.0,233.47000122070312,229.5500030517578,232.61000061035156,0.0,47070900,-1.5395827016199188,2.370314895127288,AAPL,Apple,Stock
2024-10-31,224.0359039306641,225.91000366210935,0.0,229.8300018310547,225.3699951171875,229.33999633789065,0.0,64370100,-1.8377249820004675,3.377233109468619,AAPL,Apple,Stock
2024-11-01,221.06076049804688,222.91000366210935,0.0,225.3500061035156,220.27000427246097,220.97000122070312,0.0,65276700,-1.3368726304932572,1.787228430161961,AAPL,Apple,Stock
2024-11-04,220.16824340820312,222.0099945068359,0.0,222.7899932861328,219.7100067138672,220.9900054931641,0.0,44944500,-0.40456012603549,0.1636688955778515,AAPL,Apple,Stock
2024-11-05,221.59629821777344,223.4499969482422,0.0,223.9499969482422,221.13999938964844,221.8000030517578,0.0,28111300,0.6465253089991326,0.4179949751764239,AAPL,Apple,Stock
2024-11-06,220.87234497070312,222.72000122070312,0.0,226.07000732421875,221.19000244140625,222.61000061035156,0.0,54561100,-0.3272339878701807,0.1070820828174215,AAPL,Apple,Stock
2024-11-07,225.59288024902344,227.47999572753903,0.0,227.8800048828125,224.57000732421875,224.6300048828125,0.0,42137700,2.1147049884582767,4.47197718821032,AAPL,Apple,Stock
2024-11-08,225.32481384277344,226.9600067138672,0.25,228.66000366210935,226.41000366210935,227.1699981689453,0.0,38328800,-0.1188981676001297,0.0141367742586685,AAPL,Apple,Stock
2024-11-11,222.61447143554688,224.22999572753903,0.0,225.6999969482422,221.5,225.0,0.0,42005600,-1.2101530600355097,1.464470428713308,AAPL,Apple,Stock
2024-11-12,222.61447143554688,224.22999572753903,0.0,225.58999633789065,223.36000061035156,224.5500030517578,0.0,40398300,0.0,0.0,AAPL,Apple,Stock
2024-11-13,223.49807739257812,225.1199951171875,0.0,226.6499938964844,222.7599945068359,224.0099945068359,0.0,48566200,0.3961364076594444,0.1569240534733295,AAPL,Apple,Stock
2024-11-14,226.57574462890625,228.22000122070312,0.0,228.8699951171875,225.0,225.02000427246097,0.0,44923900,1.3676490645774373,1.8704639638395393,AAPL,Apple,Stock
2024-11-15,223.37892150878903,225.0,0.0,226.9199981689453,224.27000427246097,226.3999938964844,0.0,47923700,-1.4209773347304884,2.0191765858177626,AAPL,Apple,Stock
2024-11-18,226.377197265625,228.02000427246097,0.0,229.7400054931641,225.1699981689453,225.25,0.0,44633700,1.333309342039132,1.777713801568823,AAPL,Apple,Stock
2024-11-19,226.6352996826172,228.27999877929688,0.0,230.16000366210935,226.66000366210935,226.97999572753903,0.0,36211800,0.1139493707827527,0.0129844591017852,AAPL,Apple,Stock
2024-11-20,227.35012817382812,229.0,0.0,229.92999267578125,225.88999938964844,228.05999755859375,0.0,35169600,0.3149127871053244,0.0991700634824433,AAPL,Apple,Stock
2024-11-21,226.87359619140625,228.52000427246097,0.0,230.16000366210935,225.7100067138672,228.8800048828125,0.0,42108300,-0.2098226630137692,0.0440255499141897,AAPL,Apple,Stock
2024-11-22,228.21385192871097,229.8699951171875,0.0,230.72000122070312,228.05999755859375,228.05999755859375,0.0,38168300,0.5890118998824846,0.3469350182031741,AAPL,Apple,Stock
2024-11-25,231.1922607421875,232.8699951171875,0.0,233.25,229.7400054931641,231.4600067138672,0.0,90152800,1.296652552673975,1.6813078423559351,AAPL,Apple,Stock
2024-11-26,233.366455078125,235.05999755859375,0.0,235.57000732421875,233.3300018310547,233.3300018310547,0.0,45986200,0.9360324696672424,0.8761567842713571,AAPL,Apple,Stock
2024-11-27,233.2373962402344,234.92999267578125,0.0,235.69000244140625,233.80999755859375,234.47000122070312,0.0,33498400,-0.0553183780275703,0.0030601229476011,AAPL,Apple,Stock
2024-11-29,235.6201171875,237.3300018310547,0.0,237.80999755859375,233.97000122070312,234.80999755859375,0.0,28481400,1.01640323200384,1.0330755300278516,AAPL,Apple,Stock
2024-12-02,237.86380004882812,239.58999633789065,0.0,240.7899932861328,237.16000366210935,237.27000427246097,0.0,48137100,0.9477405984956342,0.8982122420368629,AAPL,Apple,Stock
2024-12-03,240.9017639160156,242.6499938964844,0.0,242.7599945068359,238.8999938964844,239.80999755859375,0.0,38861000,1.2690990625024174,1.6106124304445149,AAPL,Apple,Stock
2024-12-04,241.25917053222656,243.0099945068359,0.0,244.11000061035156,241.25,242.8699951171875,0.0,44383900,0.1482520279586446,0.0219786637938507,AAPL,Apple,Stock
2024-12-05,241.2889404296875,243.0399932861328,0.0,244.5399932861328,242.1300048828125,243.9900054931641,0.0,40033900,0.0123386235786376,0.0001522416318153,AAPL,Apple,Stock
2024-12-06,241.09039306640625,242.83999633789065,0.0,244.6300048828125,242.0800018310547,242.91000366210935,0.0,36870600,-0.0823200169271432,0.0067765851868851,AAPL,Apple,Stock
2024-12-09,244.97222900390625,246.75,0.0,247.2400054931641,241.75,241.8300018310547,0.0,44649200,1.59729149835866,2.551340130728853,AAPL,Apple,Stock
2024-12-10,245.98489379882812,247.77000427246097,0.0,248.2100067138672,245.33999633789065,246.88999938964844,0.0,36914800,0.4125273609467017,0.1701788235296503,AAPL,Apple,Stock
2024-12-11,244.7140960693359,246.4900054931641,0.0,250.8000030517578,246.2599945068359,247.9600067138672,0.0,45205800,-0.5179552421281335,0.2682776328480133,AAPL,Apple,Stock
2024-12-12,246.17352294921875,247.9600067138672,0.0,248.7400054931641,245.67999267578125,246.88999938964844,0.0,32777500,0.5946090808954336,0.3535599590833123,AAPL,Apple,Stock
2024-12-13,246.34226989746097,248.1300048828125,0.0,249.2899932861328,246.2400054931641,247.82000732421875,0.0,33155300,0.0685244848169975,0.0046956050194349,AAPL,Apple,Stock
2024-12-16,249.23130798339844,251.0399932861328,0.0,251.3800048828125,247.6499938964844,247.9900054931641,0.0,51694800,1.1659503023423687,1.359440107532261,AAPL,Apple,Stock
2024-12-17,251.6537170410156,253.47999572753903,0.0,253.8300018310547,249.77999877929688,250.0800018310547,0.0,51356400,0.9672590806588204,0.9355901291169462,AAPL,Apple,Stock
2024-12-18,246.2628631591797,248.0500030517578,0.0,254.27999877929688,247.7400054931641,252.16000366210935,0.0,56774100,-2.165448892352752,4.689168905391761,AAPL,Apple,Stock
2024-12-19,247.9903106689453,249.7899932861328,0.0,252.0,247.08999633789065,247.5,0.0,60882300,0.6990160651102855,0.4886234592822668,AAPL,Apple,Stock
2024-12-20,252.656494140625,254.4900054931641,0.0,255.0,245.69000244140625,248.0399932861328,0.0,147495300,1.864115998817363,3.474928457046855,AAPL,Apple,Stock
2024-12-23,253.43087768554688,255.27000427246097,0.0,255.6499938964844,253.4499969482422,254.77000427246097,0.0,40858800,0.3060278491000405,0.0936530444247971,AAPL,Apple,Stock
2024-12-24,256.3397216796875,258.20001220703125,0.0,258.2099914550781,255.2899932861328,255.4900054931641,0.0,23234700,1.1412488556751843,1.3024489505799182,AAPL,Apple,Stock
2024-12-26,257.15380859375,259.0199890136719,0.0,260.1000061035156,257.6300048828125,258.19000244140625,0.0,27237100,0.317078034337735,0.1005384798594819,AAPL,Apple,Stock
2024-12-27,253.74855041503903,255.58999633789065,0.0,258.70001220703125,253.05999755859375,257.8299865722656,0.0,42355300,-1.3330565208165095,1.777039687691417,AAPL,Apple,Stock
2024-12-30,250.3829803466797,252.1999969482422,0.0,253.5,250.75,252.22999572753903,0.0,35557500,-1.3352150635202626,1.7827992658514191,AAPL,Apple,Stock
2024-12-31,248.6157989501953,250.4199981689453,0.0,253.27999877929688,249.42999267578125,252.44000244140625,0.0,39480700,-0.7082938306850699,0.5016801505865305,AAPL,Apple,Stock
2025-01-02,242.0931396484375,243.8500061035156,0.0,249.1000061035156,241.82000732421875,248.92999267578125,0.0,55740700,-2.6586202055750787,7.068261397492074,AAPL,Apple,Stock
2025-01-03,241.60665893554688,243.36000061035156,0.0,244.17999267578125,241.88999938964844,243.36000061035156,0.0,40244100,-0.2011499191627085,0.0404612899791641,AAPL,Apple,Stock
2025-01-06,243.23483276367188,245.0,0.0,247.3300018310547,243.1999969482422,244.30999755859375,0.0,45045600,0.671633916018187,0.451092117145925,AAPL,Apple,Stock
2025-01-07,240.46495056152344,242.2100067138672,0.0,245.5500030517578,241.3500061035156,242.97999572753903,0.0,40856000,-1.1453023445924242,1.311717460528904,AAPL,Apple,Stock
2025-01-08,240.951416015625,242.6999969482422,0.0,243.7100067138672,240.0500030517578,241.9199981689453,0.0,37628900,0.2020976657419341,0.0408434664983385,AAPL,Apple,Stock
2025-01-10,235.1435546875,236.8500061035156,0.0,240.16000366210935,233.0,240.0099945068359,0.0,61710900,-2.439912122278177,5.953171164439995,AAPL,Apple,Stock
2025-01-13,232.71121215820312,234.3999938964844,0.0,234.6699981689453,229.72000122070312,233.52999877929688,0.0,49630700,-1.0397946612852216,1.0811729376372488,AAPL,Apple,Stock
2025-01-14,231.5992889404297,233.27999877929688,0.0,236.1199951171875,232.47000122070312,234.75,0.0,39435300,-0.4789576547470826,0.2294004350408255,AAPL,Apple,Stock
2025-01-15,236.1562042236328,237.8699951171875,0.0,238.9600067138672,234.42999267578125,234.63999938964844,0.0,39832000,1.9484792892924947,3.7965715408017857,AAPL,Apple,Stock
2025-01-16,226.6154327392578,228.2599945068359,0.0,238.0099945068359,228.02999877929688,237.3500061035156,0.0,71759100,-4.123901646138671,17.006564787025237,AAPL,Apple,Stock
2025-01-17,228.3230743408203,229.97999572753903,0.0,232.2899932861328,228.47999572753903,232.1199951171875,0.0,68488300,0.7507166770253475,0.5635755291639799,AAPL,Apple,Stock
2025-01-21,221.0359344482422,222.63999938964844,0.0,224.4199981689453,219.3800048828125,224.0,0.0,98070400,-3.2436331077289737,10.52115573755552,AAPL,Apple,Stock
2025-01-22,222.2173614501953,223.8300018310547,0.0,224.1199951171875,219.7899932861328,219.7899932861328,0.0,64126500,0.5330720879283696,0.2841658509283113,AAPL,Apple,Stock
2025-01-23,222.048583984375,223.66000366210935,0.0,227.02999877929688,222.3000030517578,224.7400054931641,0.0,60234800,-0.0759803787233046,0.0057730179509368,AAPL,Apple,Stock
2025-01-24,221.1749267578125,222.77999877929688,0.0,225.6300048828125,221.41000366210935,224.77999877929688,0.0,54697900,-0.3942292486275984,0.1554167004734808,AAPL,Apple,Stock
2025-01-27,228.20391845703125,229.86000061035156,0.0,232.1499938964844,223.97999572753903,224.02000427246097,0.0,94863400,3.128569621418259,9.787947876061189,AAPL,Apple,Stock
2025-01-28,236.54339599609375,238.2599945068359,0.0,240.19000244140625,230.80999755859375,230.8500061035156,0.0,75707600,3.589207525000108,12.8824106575174,AAPL,Apple,Stock
2025-01-29,237.6354827880859,239.36000061035156,0.0,239.86000061035156,234.0099945068359,234.1199951171875,0.0,45486100,0.4606230989137492,0.2121736392529056,AAPL,Apple,Stock
2025-01-30,235.8782196044922,237.58999633789065,0.0,240.7899932861328,237.2100067138672,238.6699981689453,0.0,55658300,-0.7422261455178434,0.5508996510902748,AAPL,Apple,Stock
2025-01-31,234.2996826171875,236.0,0.0,247.19000244140625,233.44000244140625,247.19000244140625,0.0,100959800,-0.6714662304453805,0.4508668986285287,AAPL,Apple,Stock
2025-02-03,226.3672332763672,228.0099945068359,0.0,231.8300018310547,225.6999969482422,229.9900054931641,0.0,73063300,-3.444238440263603,11.862778433389456,AAPL,Apple,Stock
2025-02-04,231.1227569580078,232.8000030517578,0.0,233.1300048828125,226.6499938964844,227.25,0.0,45067300,2.079037826320628,4.322398283272001,AAPL,Apple,Stock
2025-02-05,230.7951202392578,232.47000122070312,0.0,232.6699981689453,228.27000427246097,228.52999877929688,0.0,39620300,-0.1418593173673354,0.0201240659239264,AAPL,Apple,Stock
2025-02-06,231.53973388671875,233.22000122070312,0.0,233.8000030517578,230.42999267578125,231.2899932861328,0.0,29925300,0.3221103858503926,0.1037551006726888,AAPL,Apple,Stock
2025-02-07,225.989990234375,227.6300048828125,0.0,234.0,227.2599945068359,232.6000061035156,0.0,39707200,-2.4260788165024834,5.88585842388209,AAPL,Apple,Stock
2025-02-10,226.2583465576172,227.6499938964844,0.25,230.58999633789065,227.1999969482422,229.57000732421875,0.0,33115600,0.1186765468910829,0.0140841227819913,AAPL,Apple,Stock
2025-02-11,231.1979217529297,232.6199951171875,0.0,235.22999572753903,228.1300048828125,228.1999969482422,0.0,53718400,2.1596675037924227,4.664163726936994,AAPL,Apple,Stock
2025-02-12,235.42198181152344,236.8699951171875,0.0,236.9600067138672,230.67999267578125,231.1999969482422,0.0,45243300,1.8105423344237104,3.2780635447404594,AAPL,Apple,Stock
2025-02-13,240.05349731445312,241.52999877929688,0.0,242.33999633789065,235.57000732421875,236.91000366210935,0.0,53614100,1.9482232835002895,3.795573962372649,AAPL,Apple,Stock
2025-02-14,243.1047210693359,244.6000061035156,0.0,245.5500030517578,240.9900054931641,241.25,0.0,40896200,1.2630497431350525,1.595294653633522,AAPL,Apple,Stock
2025-02-18,242.97552490234375,244.47000122070312,0.0,245.17999267578125,241.83999633789065,244.1499938964844,0.0,48822500,-0.0531583709090175,0.0028258123977006,AAPL,Apple,Stock
2025-02-19,243.37307739257812,244.8699951171875,0.0,246.0099945068359,243.16000366210935,244.66000366210935,0.0,32204200,0.1634846186065053,0.0267272205209145,AAPL,Apple,Stock
2025-02-20,244.32720947265625,245.8300018310547,0.0,246.77999877929688,244.2899932861328,244.94000244140625,0.0,32316900,0.3912785467137659,0.1530989011184367,AAPL,Apple,Stock
2025-02-21,244.0489044189453,245.5500030517578,0.0,248.69000244140625,245.22000122070312,245.9499969482422,0.0,53197400,-0.1139716197906187,0.0129895301176973,AAPL,Apple,Stock
2025-02-24,245.5894317626953,247.1000061035156,0.0,248.86000061035156,244.4199981689453,244.92999267578125,0.0,51326400,0.629253190827145,0.3959595781661434,AAPL,Apple,Stock
2025-02-25,245.52978515625,247.0399932861328,0.0,250.0,244.91000366210935,248.0,0.0,48013300,-0.024290072423873,0.0005900076183569,AAPL,Apple,Stock
2025-02-26,238.89064025878903,240.36000061035156,0.0,244.97999572753903,239.1300048828125,244.3300018310547,0.0,44433600,-2.741238926625797,7.514390852848552,AAPL,Apple,Stock
2025-02-27,235.8493499755859,237.3000030517578,0.0,242.4600067138672,237.05999755859375,239.41000366210935,0.0,41153600,-1.281262144049488,1.641632681774291,AAPL,Apple,Stock
2025-02-28,240.361572265625,241.83999633789065,0.0,242.08999633789065,230.1999969482422,236.9499969482422,0.0,56833400,1.895108710518024,3.591437024681289,AAPL,Apple,Stock
2025-03-03,236.5748748779297,238.02999877929688,0.0,244.02999877929688,236.11000061035156,241.7899932861328,0.0,47184000,-1.5879587234660812,2.521612907432026,AAPL,Apple,Stock
2025-03-04,234.4877014160156,235.92999267578125,0.0,240.07000732421875,234.67999267578125,237.7100067138672,0.0,53798100,-0.8861612980645819,0.7852818461875047,AAPL,Apple,Stock
2025-03-05,234.29888916015625,235.7400054931641,0.0,236.5500030517578,229.22999572753903,235.4199981689453,0.0,47227600,-0.0805536121829528,0.0064888844357215,AAPL,Apple,Stock
2025-03-06,233.89138793945312,235.3300018310547,0.0,237.86000061035156,233.16000366210935,234.44000244140625,0.0,45170400,-0.1740750902085591,0.030302137031118,AAPL,Apple,Stock
2025-03-07,237.6085205078125,239.07000732421875,0.0,241.3699951171875,234.7599945068359,235.11000061035156,0.0,46273600,1.5767594068686324,2.486170227148721,AAPL,Apple,Stock
2025-03-10,226.08937072753903,227.47999572753903,0.0,236.16000366210935,224.22000122070312,235.5399932861328,0.0,72071200,-4.969408076730761,24.69501663307692,AAPL,Apple,Stock
2025-03-11,219.48995971679688,220.83999633789065,0.0,225.83999633789065,217.4499969482422,223.80999755859375,0.0,76137400,-2.9623876941397635,8.775740850390704,AAPL,Apple,Stock
2025-03-12,215.6535797119141,216.97999572753903,0.0,221.75,214.91000366210935,220.13999938964844,0.0,62547500,-1.7633167265936909,3.109285878285089,AAPL,Apple,Stock
2025-03-13,208.3981781005859,209.67999267578125,0.0,216.83999633789065,208.4199981689453,215.9499969482422,0.0,61368300,-3.422275507263158,11.711969647613309,AAPL,Apple,Stock
2025-03-14,212.1848907470703,213.4900054931641,0.0,213.9499969482422,209.5800018310547,211.25,0.0,60107600,1.8007453235031514,3.2426837201184693,AAPL,Apple,Stock
2025-03-17,212.69178771972656,214.0,0.0,215.22000122070312,209.97000122070312,213.30999755859375,0.0,48073400,0.2386091018146489,0.0569343034687935,AAPL,Apple,Stock
2025-03-18,211.38978576660156,212.69000244140625,0.0,215.1499938964844,211.4900054931641,214.16000366210935,0.0,42432400,-0.6140356598409364,0.3770397915562942,AAPL,Apple,Stock
2025-03-19,213.9241943359375,215.2400054931641,0.0,218.7599945068359,213.75,214.22000122070312,0.0,54385400,1.1917965015670091,1.420378901147362,AAPL,Apple,Stock
2025-03-20,212.7911834716797,214.1000061035156,0.0,217.4900054931641,212.22000122070312,213.9900054931641,0.0,48862900,-0.5310394636728603,0.282002911977959,AAPL,Apple,Stock
2025-03-21,216.93568420410156,218.27000427246097,0.0,218.83999633789065,211.27999877929688,211.55999755859375,0.0,94127800,1.9289597898125592,3.7208858707137127,AAPL,Apple,Stock
2025-03-24,219.38064575195312,220.72999572753903,0.0,221.47999572753903,218.5800018310547,221.0,0.0,44299500,1.1207406057225495,1.2560595053153472,AAPL,Apple,Stock
2025-03-25,222.38217163085935,223.75,0.0,224.1000061035156,220.0800018310547,220.77000427246097,0.0,34493600,1.358906612243775,1.846627180799853,AAPL,Apple,Stock
2025-03-26,220.1757354736328,221.52999877929688,0.0,225.02000427246097,220.47000122070312,223.5099945068359,0.0,34466100,-0.9971370542080016,0.9942823048746108,AAPL,Apple,Stock
2025-03-27,222.48158264160156,223.8500061035156,0.0,224.9900054931641,220.55999755859375,221.38999938964844,0.0,37094800,1.04182984450265,1.0854094248964157,AAPL,Apple,Stock
2025-03-28,216.56793212890625,217.8999938964844,0.0,223.80999755859375,217.67999267578125,221.6699981689453,0.0,39818600,-2.6940051042638142,7.257663501799485,AAPL,Apple,Stock
2025-03-31,220.7720947265625,222.1300048828125,0.0,225.6199951171875,216.22999572753903,217.0099945068359,0.0,65299300,1.9226651343855583,3.696641218981837,AAPL,Apple,Stock
2025-04-01,221.8256072998047,223.19000244140625,0.0,223.67999267578125,218.8999938964844,219.80999755859375,0.0,36412700,0.4760596623475336,0.2266328021144477,AAPL,Apple,Stock
2025-04-02,222.5213165283203,223.88999938964844,0.0,225.19000244140625,221.02000427246097,221.32000732421875,0.0,35905900,0.3131381178499377,0.0980554808506014,AAPL,Apple,Stock
2025-04-03,201.94786071777344,203.19000244140625,0.0,207.4900054931641,201.25,205.5399932861328,0.0,103419000,-9.701335281380876,94.11590624176536,AAPL,Apple,Stock
2025-04-04,187.22840881347656,188.3800048828125,0.0,199.8800048828125,187.33999633789065,193.88999938964844,0.0,125910900,-7.568023981329257,57.27498698197474,AAPL,Apple,Stock
2025-04-07,180.3507080078125,181.4600067138672,0.0,194.1499938964844,174.6199951171875,177.1999969482422,0.0,160466300,-3.7425975926699615,14.007036740658991,AAPL,Apple,Stock
2025-04-08,171.36595153808594,172.4199981689453,0.0,190.33999633789065,169.2100067138672,186.6999969482422,0.0,120859500,-5.110199579088354,26.11413973811479,AAPL,Apple,Stock
2025-04-09,197.6343994140625,198.8500061035156,0.0,200.61000061035156,171.88999938964844,171.9499969482422,0.0,184395900,14.261751897179018,203.3975671766893,AAPL,Apple,Stock
2025-04-10,189.25592041015625,190.4199981689453,0.0,194.77999877929688,183.0,189.07000732421875,0.0,121880000,-4.331868089674062,18.765081146336406,AAPL,Apple,Stock
2025-04-11,196.93869018554688,198.1499938964844,0.0,199.5399932861328,186.05999755859375,186.1000061035156,0.0,87435900,3.979228759822041,15.834261522994858,AAPL,Apple,Stock
2025-04-14,201.28195190429688,202.52000427246097,0.0,212.94000244140625,201.16000366210935,211.44000244140625,0.0,101352900,2.1814207955235343,4.758596687142529,AAPL,Apple,Stock
2025-04-15,200.90428161621097,202.13999938964844,0.0,203.5099945068359,199.8000030517578,201.86000061035156,0.0,51343900,-0.1878087152761405,0.0352721135336744,AAPL,Apple,Stock
2025-04-16,193.08241271972656,194.27000427246097,0.0,200.6999969482422,192.3699951171875,198.36000061035156,0.0,59732400,-3.971147709702315,15.77001413227394,AAPL,Apple,Stock
2025-04-17,195.77581787109375,196.97999572753903,0.0,198.8300018310547,194.4199981689453,197.1999969482422,0.0,52164700,1.3853111562674916,1.9190869996791744,AAPL,Apple,Stock
2025-04-21,191.97918701171875,193.16000366210935,0.0,193.8000030517578,189.80999755859375,193.27000427246097,0.0,46742500,-1.9583253064361763,3.835038005828345,AAPL,Apple,Stock
2025-04-22,198.5189666748047,199.7400054931641,0.0,201.58999633789065,195.97000122070312,196.1199951171875,0.0,52976400,3.349768039031173,11.22094591531475,AAPL,Apple,Stock
2025-04-23,203.3492431640625,204.6000061035156,0.0,208.0,202.8000030517578,206.0,0.0,52929200,2.4040264945770486,5.779343386628413,AAPL,Apple,Stock
2025-04-24,207.09619140625,208.3699951171875,0.0,208.8300018310547,202.94000244140625,204.88999938964844,0.0,47311000,1.8258467605509328,3.333716393014335,AAPL,Apple,Stock
2025-04-25,208.00064086914065,209.27999877929688,0.0,209.75,206.1999969482422,206.3699951171875,0.0,38222300,0.4357782685278415,0.1899026993211235,AAPL,Apple,Stock
2025-04-28,208.8553771972656,210.13999938964844,0.0,211.5,207.4600067138672,210.0,0.0,38743100,0.4100876508606191,0.168171881388381,AAPL,Apple,Stock
2025-04-29,209.9188232421875,211.2100067138672,0.0,212.2400054931641,208.3699951171875,208.69000244140625,0.0,36827600,0.5078862689044354,0.2579484621416685,AAPL,Apple,Stock
2025-04-30,211.2009735107422,212.5,0.0,213.5800018310547,206.6699981689453,209.3000030517578,0.0,52286500,0.60892612514863,0.3707910258885249,AAPL,Apple,Stock
2025-05-01,212.01596069335935,213.32000732421875,0.0,214.55999755859375,208.8999938964844,209.0800018310547,0.0,57365700,0.3851396880227236,0.1483325792902408,AAPL,Apple,Stock
2025-05-02,204.09466552734375,205.3500061035156,0.0,206.9900054931641,202.16000366210935,206.08999633789065,0.0,101010600,-3.807762521706469,14.499055421712407,AAPL,Apple,Stock
2025-05-05,197.6741485595703,198.88999938964844,0.0,204.1000061035156,198.2100067138672,203.1000061035156,0.0,69018500,-3.196397223700498,10.21695521168025,AAPL,Apple,Stock
2025-05-06,197.2964782714844,198.5099945068359,0.0,200.6499938964844,197.02000427246097,198.2100067138672,0.0,51216500,-0.191239741658459,0.0365726387895941,AAPL,Apple,Stock
2025-05-07,195.05029296875,196.25,0.0,199.44000244140625,193.25,199.1699981689453,0.0,68536700,-1.1450125286668036,1.3110536908039476,AAPL,Apple,Stock
2025-05-08,196.28271484375,197.4900054931641,0.0,200.0500030517578,194.67999267578125,197.72000122070312,0.0,50478900,0.6298604640156997,0.3967242041300726,AAPL,Apple,Stock
2025-05-09,197.31634521484375,198.52999877929688,0.0,200.5399932861328,197.5399932861328,199.0,0.0,36453900,0.5252211461374353,0.2758572523499212,AAPL,Apple,Stock
2025-05-12,209.776123046875,210.7899932861328,0.26,211.27000427246097,206.75,210.97000122070312,0.0,63775800,6.123262724825943,37.49434639724283,AAPL,Apple,Stock
2025-05-13,211.9058532714844,212.92999267578125,0.0,213.3999938964844,209.0,210.42999267578125,0.0,51909300,1.0101206373485294,1.020343701997399,AAPL,Apple,Stock
2025-05-14,211.30873107910156,212.3300018310547,0.0,213.94000244140625,210.5800018310547,212.42999267578125,0.0,49325800,-0.2821843153299451,0.0796279878182298,AAPL,Apple,Stock
2025-05-15,210.4329376220703,211.4499969482422,0.0,212.9600067138672,209.5399932861328,210.9499969482422,0.0,45029500,-0.415322829556042,0.1724930527504371,AAPL,Apple,Stock
2025-05-16,210.2438812255859,211.2599945068359,0.0,212.57000732421875,209.77000427246097,212.36000061035156,0.0,54737900,-0.0898820190426134,0.0080787773471767,AAPL,Apple,Stock
2025-05-19,207.7758026123047,208.77999877929688,0.0,209.47999572753903,204.2599945068359,207.91000366210935,0.0,46140500,-1.1808569730999503,1.3944231909187772,AAPL,Apple,Stock
2025-05-20,205.8650360107422,206.86000061035156,0.0,208.47000122070312,205.02999877929688,207.6699981689453,0.0,42496600,-0.92388372444308,0.8535611362908168,AAPL,Apple,Stock
2025-05-21,201.11798095703125,202.08999633789065,0.0,207.0399932861328,200.7100067138672,205.1699981689453,0.0,59211800,-2.332908328372771,5.442461268591036,AAPL,Apple,Stock
2025-05-22,200.39149475097656,201.36000061035156,0.0,202.75,199.6999969482422,200.7100067138672,0.0,46742400,-0.3618778847425437,0.1309556034657377,AAPL,Apple,Stock
2025-05-23,194.33078002929688,195.27000427246097,0.0,197.6999969482422,193.4600067138672,193.6699981689453,0.0,78432900,-3.071116813736846,9.431758483617156,AAPL,Apple,Stock
2025-05-27,199.2470245361328,200.2100067138672,0.0,200.7400054931641,197.42999267578125,198.3000030517578,0.0,56288500,2.498362542924931,6.2418153958903275,AAPL,Apple,Stock
2025-05-28,199.4560089111328,200.4199981689453,0.0,202.72999572753903,199.8999938964844,200.58999633789065,0.0,45339700,0.1048321064087128,0.0109897705340877,AAPL,Apple,Stock
2025-05-29,198.98828125,199.9499969482422,0.0,203.80999755859375,198.5099945068359,203.5800018310547,0.0,51396800,-0.2347770504065107,0.0551202633975812,AAPL,Apple,Stock
2025-05-30,199.8839569091797,200.8500061035156,0.0,201.9600067138672,196.77999877929688,199.3699951171875,0.0,70819900,0.4491047904250228,0.2016951127827036,AAPL,Apple,Stock
2025-06-02,200.7298583984375,201.6999969482422,0.0,202.1300048828125,200.1199951171875,200.27999877929688,0.0,35423300,0.4223033325793962,0.1783401047076641,AAPL,Apple,Stock
2025-06-03,202.2923126220703,203.27000427246097,0.0,203.77000427246097,200.9600067138672,201.3500061035156,0.0,46381600,0.7753727531178285,0.601202906277521,AAPL,Apple,Stock
2025-06-04,201.8444671630859,202.82000732421875,0.0,206.2400054931641,202.1000061035156,202.91000366210935,0.0,43604000,-0.2216307273696678,0.049120179314408,AAPL,Apple,Stock
2025-06-05,199.66502380371097,200.6300048828125,0.0,204.75,200.1499938964844,203.5,0.0,55126100,-1.0856354901755576,1.1786044175287231,AAPL,Apple,Stock
2025-06-06,202.93917846679688,203.9199981689453,0.0,205.6999969482422,202.0500030517578,203.0,0.0,46607700,1.6265239299321013,2.645580094641767,AAPL,Apple,Stock
2025-06-09,200.4810791015625,201.4499969482422,0.0,206.0,200.02000427246097,204.38999938964844,0.0,72862600,-1.2186446961781805,1.4850948955232093,AAPL,Apple,Stock
2025-06-10,201.69517517089844,202.6699981689453,0.0,204.3500061035156,200.57000732421875,200.6000061035156,0.0,54672600,0.6037650132639006,0.3645321912415581,AAPL,Apple,Stock
2025-06-11,197.82391357421875,198.77999877929688,0.0,204.5,198.41000366210935,203.5,0.0,60989900,-1.9380214228137311,3.7559270352849583,AAPL,Apple,Stock
2025-06-12,198.24188232421875,199.1999969482422,0.0,199.67999267578125,197.36000061035156,199.0800018310547,0.0,43904600,0.2110603387048084,0.0445464665741884,AAPL,Apple,Stock
2025-06-13,195.50509643554688,196.4499969482422,0.0,200.3699951171875,195.6999969482422,199.72999572753903,0.0,51447300,-1.390146520475728,1.9325073483907735,AAPL,Apple,Stock
2025-06-16,197.4656524658203,198.4199981689453,0.0,198.69000244140625,196.55999755859375,197.3000030517578,0.0,43020700,0.997820984167778,0.9956467164455532,AAPL,Apple,Stock
2025-06-17,194.69900512695312,195.63999938964844,0.0,198.38999938964844,195.2100067138672,197.1999969482422,0.0,38856200,-1.4109855060492924,1.9908800982811776,AAPL,Apple,Stock
2025-06-18,195.63446044921875,196.5800018310547,0.0,197.57000732421875,195.07000732421875,195.94000244140625,0.0,45394700,0.4793117658059472,0.2297397688400151,AAPL,Apple,Stock
2025-06-20,200.03323364257812,201.0,0.0,201.6999969482422,196.86000061035156,198.2400054931641,0.0,96813500,2.2235600707612435,4.944219388283746,AAPL,Apple,Stock
2025-06-23,200.53082275390625,201.5,0.0,202.3000030517578,198.9600067138672,201.6300048828125,0.0,55814300,0.2484443420861018,0.0617245911145959,AAPL,Apple,Stock
2025-06-24,199.33657836914065,200.3000030517578,0.0,203.44000244140625,200.1999969482422,202.58999633789065,0.0,54064000,-0.5973219783517366,0.3567935458220325,AAPL,Apple,Stock
2025-06-25,200.5905303955078,201.55999755859375,0.0,203.6699981689453,200.6199951171875,201.4499969482422,0.0,39525700,0.6270923416464036,0.3932448049515697,AAPL,Apple,Stock
2025-06-26,200.03323364257812,201.0,0.0,202.63999938964844,199.4600067138672,201.42999267578125,0.0,50799100,-0.2782147053807587,0.0774034222901024,AAPL,Apple,Stock
2025-06-27,200.1128387451172,201.0800018310547,0.0,203.22000122070312,200.0,201.88999938964844,0.0,73188600,0.039788021966198,0.0015830866919826,AAPL,Apple,Stock
2025-06-30,204.18316650390625,205.1699981689453,0.0,207.38999938964844,199.2599945068359,202.0099945068359,0.0,91912800,2.0136064838529184,4.054611071814513,AAPL,Apple,Stock
2025-07-01,206.82041931152344,207.82000732421875,0.0,210.19000244140625,206.13999938964844,206.6699981689453,0.0,78788900,1.2833411162573198,1.6469644206765837,AAPL,Apple,Stock
2025-07-02,211.418212890625,212.44000244140625,0.0,213.33999633789065,208.13999938964844,208.91000366210935,0.0,67941800,2.198734624048182,4.8344339469883,AAPL,Apple,Stock
2025-07-03,212.5228729248047,213.5500030517578,0.0,214.6499938964844,211.80999755859375,212.1499938964844,0.0,34955800,0.5211396447426995,0.271586529322547,AAPL,Apple,Stock
2025-07-07,208.94015502929688,209.9499969482422,0.0,216.22999572753903,208.8000030517578,212.67999267578125,0.0,50229000,-1.7001748476126295,2.8905945124546277,AAPL,Apple,Stock
2025-07-08,208.9998779296875,210.0099945068359,0.0,211.42999267578125,208.4499969482422,210.1000061035156,0.0,42848900,0.0285796507093701,0.0008167964346696,AAPL,Apple,Stock
2025-07-09,210.1244354248047,211.13999938964844,0.0,211.3300018310547,207.22000122070312,209.52999877929688,0.0,48749400,0.5366236975017289,0.287964992720427,AAPL,Apple,Stock
2025-07-10,211.38833618164065,212.41000366210935,0.0,213.47999572753903,210.02999877929688,210.5099945068359,0.0,44443600,0.5996992878385367,0.359639235834048,AAPL,Apple,Stock
2025-07-11,210.1443634033203,211.16000366210935,0.0,212.1300048828125,209.86000061035156,210.57000732421875,0.0,39765800,-0.5902158436303978,0.3483547420723422,AAPL,Apple,Stock
2025-07-14,207.61656188964844,208.6199951171875,0.0,210.91000366210935,207.5399932861328,209.92999267578125,0.0,38840100,-1.2101813315131404,1.4645388551429177,AAPL,Apple,Stock
2025-07-15,208.10421752929688,209.11000061035156,0.0,211.88999938964844,208.9199981689453,209.22000122070312,0.0,42296300,0.2346074035577385,0.0550406338041035,AAPL,Apple,Stock
2025-07-16,209.149169921875,210.16000366210935,0.0,212.3999938964844,208.63999938964844,210.3000030517578,0.0,47490500,0.5008729029390798,0.2508736648986209,AAPL,Apple,Stock
2025-07-17,209.0098419189453,210.02000427246097,0.0,211.8000030517578,209.58999633789065,210.57000732421875,0.0,48068100,-0.066638768573852,0.0044407254770394,AAPL,Apple,Stock
2025-07-18,210.1642303466797,211.17999267578125,0.0,211.7899932861328,209.6999969482422,210.8699951171875,0.0,48974600,0.5507932968825691,0.3033732558907698,AAPL,Apple,Stock
2025-07-21,211.45799255371097,212.47999572753903,0.0,215.77999877929688,211.6300048828125,212.1000061035156,0.0,51377400,0.6137087645903876,0.3766384477350598,AAPL,Apple,Stock
2025-07-22,213.36875915527344,214.3999938964844,0.0,214.9499969482422,212.22999572753903,213.13999938964844,0.0,46404100,0.8995570447672703,0.8092028767904247,AAPL,Apple,Stock
2025-07-23,213.11996459960935,214.1499938964844,0.0,215.1499938964844,212.41000366210935,215.0,0.0,46989300,-0.1166711193184859,0.0136121500830283,AAPL,Apple,Stock
2025-07-24,212.7318420410156,213.7599945068359,0.0,215.69000244140625,213.52999877929688,213.8999938964844,0.0,46022600,-0.1822806243894484,0.0332262260278071,AAPL,Apple,Stock
2025-07-25,212.8512725830078,213.8800048828125,0.0,215.2400054931641,213.3999938964844,214.6999969482422,0.0,40268800,0.0561256032128232,0.0031500833360032,AAPL,Apple,Stock
2025-07-28,213.0204620361328,214.0500030517578,0.0,214.8500061035156,213.05999755859375,214.02999877929688,0.0,37858000,0.0794555957921764,0.0063131917026897,AAPL,Apple,Stock
2025-07-29,210.2538299560547,211.27000427246097,0.0,214.80999755859375,210.82000732421875,214.17999267578125,0.0,51411700,-1.3072712105562627,1.7089580179492363,AAPL,Apple,Stock
2025-07-30,208.04449462890625,209.0500030517578,0.0,212.38999938964844,207.72000122070312,211.8999938964844,0.0,45512500,-1.056354157759141,1.115884106615025,AAPL,Apple,Stock
2025-07-31,206.5716094970703,207.57000732421875,0.0,209.83999633789065,207.16000366210935,208.4900054931641,0.0,80698400,-0.7104843796290979,0.5047880536969441,AAPL,Apple,Stock
2025-08-01,201.40660095214844,202.3800048828125,0.0,213.5800018310547,201.5,210.8699951171875,0.0,104434500,-2.5321374432513664,6.411720031515567,AAPL,Apple,Stock
2025-08-04,202.37193298339844,203.3500061035156,0.0,207.8800048828125,201.67999267578125,204.5099945068359,0.0,75109300,0.4781501686183368,0.2286275837497439,AAPL,Apple,Stock
2025-08-05,201.94400024414065,202.9199981689453,0.0,205.33999633789065,202.16000366210935,203.3999938964844,0.0,44155100,-0.2116824314278212,0.0448094517751942,AAPL,Apple,Stock
2025-08-06,212.22430419921875,213.25,0.0,215.3800048828125,205.58999633789065,205.6300048828125,0.0,108483100,4.965332156646994,24.65452342583269,AAPL,Apple,Stock
2025-08-07,218.97169494628903,220.02999877929688,0.0,220.8500061035156,216.5800018310547,218.8800048828125,0.0,90224800,3.129872062366706,9.796099126783616,AAPL,Apple,Stock
2025-08-08,228.24688720703125,229.3500061035156,0.0,231.0,219.25,220.8300018310547,0.0,113854000,4.1485407092091835,17.210390015965835,AAPL,Apple,Stock
2025-08-11,226.34390258789065,227.17999267578125,0.26,229.55999755859375,224.7599945068359,227.9199981689453,0.0,61806100,-0.8372346197257081,0.7009618084672511,AAPL,Apple,Stock
2025-08-12,228.80479431152344,229.6499938964844,0.0,230.8000030517578,227.07000732421875,228.0099945068359,0.0,55626200,1.0813677907216184,1.1693562988101538,AAPL,Apple,Stock
2025-08-13,232.47125244140625,233.3300018310547,0.0,235.0,230.42999267578125,231.07000732421875,0.0,69878500,1.5897358524516476,2.5272600805701666,AAPL,Apple,Stock
2025-08-14,231.92327880859375,232.77999877929688,0.0,235.1199951171875,230.8500061035156,234.05999755859375,0.0,51916300,-0.2359949785194589,0.0556936298863998,AAPL,Apple,Stock
2025-08-15,230.73764038085935,231.58999633789065,0.0,234.27999877929688,229.33999633789065,234.0,0.0,56038700,-0.5125313048940033,0.2626883384963498,AAPL,Apple,Stock
2025-08-18,230.04022216796875,230.88999938964844,0.0,233.1199951171875,230.11000061035156,231.6999969482422,0.0,37476200,-0.3027136510430073,0.0916355545277876,AAPL,Apple,Stock
2025-08-19,229.71144104003903,230.55999755859375,0.0,232.8699951171875,229.3500061035156,231.27999877929688,0.0,39402600,-0.1430255550062071,0.0204563093848335,AAPL,Apple,Stock
2025-08-20,225.17819213867188,226.0099945068359,0.0,230.47000122070312,225.77000427246097,229.97999572753903,0.0,42263900,-1.9931863248420736,3.9727917255374514,AAPL,Apple,Stock
2025-08-21,224.072265625,224.8999938964844,0.0,226.52000427246097,223.77999877929688,226.27000427246097,0.0,30621200,-0.4923439602806354,0.2424025752248199,AAPL,Apple,Stock
2025-08-22,226.9217529296875,227.7599945068359,0.0,229.08999633789065,225.41000366210935,226.1699981689453,0.0,42477800,1.263664308464142,1.5968474844861589,AAPL,Apple,Stock
2025-08-25,226.323974609375,227.16000366210935,0.0,229.3000030517578,226.22999572753903,226.47999572753903,0.0,30983100,-0.2637768568326629,0.0695782302005191,AAPL,Apple,Stock
2025-08-26,228.4660491943359,229.30999755859375,0.0,229.4900054931641,224.69000244140625,226.8699951171875,0.0,54575100,0.942012934872984,0.8873883694680128,AAPL,Apple,Stock
2025-08-27,229.64170837402344,230.4900054931641,0.0,230.8999938964844,228.2599945068359,228.61000061035156,0.0,31259500,0.5132686540549883,0.2634447112354193,AAPL,Apple,Stock
2025-08-28,231.7041015625,232.55999755859375,0.0,233.41000366210935,229.33999633789065,230.82000732421875,0.0,38074700,0.8940828691805212,0.7993841769620729,AAPL,Apple,Stock
2025-08-29,231.28562927246097,232.13999938964844,0.0,233.3800048828125,231.3699951171875,232.5099945068359,0.0,39418400,-0.1807696266783975,0.0326776579294472,AAPL,Apple,Stock
2025-09-02,228.8745574951172,229.72000122070312,0.0,230.8500061035156,226.97000122070312,229.25,0.0,44075600,-1.047936745241376,1.0981714220270884,AAPL,Apple,Stock
2025-09-03,237.59234619140625,238.47000122070312,0.0,238.8500061035156,234.36000061035156,237.2100067138672,0.0,66427800,3.738230436877965,13.97436679920082,AAPL,Apple,Stock
2025-09-04,238.89752197265625,239.77999877929688,0.0,239.8999938964844,236.7400054931641,238.4499969482422,0.0,47549400,0.5478307652190442,0.3001185473204835,AAPL,Apple,Stock
2025-09-05,238.80783081054688,239.69000244140625,0.0,241.32000732421875,238.4900054931641,240.0,0.0,54870400,-0.0375508302934996,0.0014100648557312,AAPL,Apple,Stock
2025-09-08,237.00450134277344,237.8800048828125,0.0,240.1499938964844,236.33999633789065,239.3000030517578,0.0,48999500,-0.7580039357514406,0.5745699666146742,AAPL,Apple,Stock
2025-09-09,233.4875030517578,234.3500061035156,0.0,238.77999877929688,233.36000061035156,237.0,0.0,66313900,-1.4950578406501531,2.2351979468894987,AAPL,Apple,Stock
2025-09-10,225.955322265625,226.7899932861328,0.0,232.4199981689453,225.9499969482422,232.19000244140625,0.0,83440800,-3.279126491668058,10.752670548359267,AAPL,Apple,Stock
2025-09-11,229.1833953857422,230.02999877929688,0.0,230.4499969482422,226.6499938964844,226.8800048828125,0.0,50208600,1.418524561619681,2.0122119319183085,AAPL,Apple,Stock
2025-09-12,233.20855712890625,234.07000732421875,0.0,234.5099945068359,229.02000427246097,229.22000122070312,0.0,55824200,1.741061192566541,3.0312940762612257,AAPL,Apple,Stock
2025-09-15,235.8288421630859,236.6999969482422,0.0,238.19000244140625,235.02999877929688,237.0,0.0,42699500,1.117314865558005,1.2483925087969028,AAPL,Apple,Stock
2025-09-16,237.2735137939453,238.1499938964844,0.0,241.22000122070312,236.32000732421875,237.17999267578125,0.0,63421100,0.6107245516747719,0.3729844780183511,AAPL,Apple,Stock
2025-09-17,238.1104431152344,238.9900054931641,0.0,240.1000061035156,237.72999572753903,238.97000122070312,0.0,46508000,0.3521070384509501,0.1239793665266988,AAPL,Apple,Stock
2025-09-18,237.00450134277344,237.8800048828125,0.0,241.1999969482422,236.6499938964844,239.97000122070312,0.0,44249600,-0.4655478775517406,0.2167348262929304,AAPL,Apple,Stock
2025-09-19,244.59646606445312,245.5,0.0,246.3000030517578,240.2100067138672,241.22999572753903,0.0,163741300,3.1530641371460852,9.941813452956788,AAPL,Apple,Stock
2025-09-22,255.13751220703125,256.0799865722656,0.0,256.6400146484375,248.1199951171875,248.3000030517578,0.0,105517400,4.219288803136193,17.802398004270447,AAPL,Apple,Stock
2025-09-23,253.49359130859375,254.42999267578125,0.0,257.3399963378906,253.5800018310547,255.8800048828125,0.0,60275200,-0.6464121487349387,0.4178486660321205,AAPL,Apple,Stock
2025-09-24,251.38140869140625,252.30999755859375,0.0,255.7400054931641,251.0399932861328,255.22000122070312,0.0,42303700,-0.8367199564262733,0.7001002854819847,AAPL,Apple,Stock
2025-09-25,255.9246063232422,256.8699951171875,0.0,257.1700134277344,251.7100067138672,253.2100067138672,0.0,55202100,1.7911552240696984,3.2082370367121715,AAPL,Apple,Stock
2025-09-26,254.51980590820312,255.4600067138672,0.0,257.6000061035156,253.77999877929688,254.1000061035156,0.0,46076300,-0.5504238769601875,0.3029664443278836,AAPL,Apple,Stock
2025-09-29,253.49359130859375,254.42999267578125,0.0,255.0,253.0099945068359,254.55999755859375,0.0,40127700,-0.4040113906832495,0.1632252038018132,AAPL,Apple,Stock
2025-09-30,253.69287109375,254.6300048828125,0.0,255.9199981689453,253.11000061035156,254.86000061035156,0.0,37704300,0.0785824583989368,0.0061752027680206,AAPL,Apple,Stock
2025-10-01,254.5098419189453,255.4499969482422,0.0,258.7900085449219,254.92999267578125,255.0399932861328,0.0,48713900,0.3215140368350492,0.1033712758819693,AAPL,Apple,Stock
2025-10-02,256.18365478515625,257.1300048828125,0.0,258.17999267578125,254.1499938964844,256.5799865722656,0.0,42630200,0.6555081944564942,0.429690992999613,AAPL,Apple,Stock
2025-10-03,257.07037353515625,258.0199890136719,0.0,259.239990234375,253.9499969482422,254.6699981689453,0.0,49155600,0.3455285621869928,0.1193899872870105,AAPL,Apple,Stock
2025-10-06,255.74530029296875,256.69000244140625,0.0,259.07000732421875,255.0500030517578,257.989990234375,0.0,44664100,-0.5167845909680674,0.2670663134620327,AAPL,Apple,Stock
2025-10-07,255.5360565185547,256.4800109863281,0.0,257.3999938964844,255.42999267578125,256.80999755859375,0.0,31955800,-0.0818507396400817,0.0066995435796284,AAPL,Apple,Stock
2025-10-08,257.1102294921875,258.05999755859375,0.0,258.5199890136719,256.1099853515625,256.5199890136719,0.0,36496900,0.6141380379745485,0.3771655296872279,AAPL,Apple,Stock
2025-10-09,253.10501098632812,254.0399932861328,0.0,258.0,253.13999938964844,257.80999755859375,0.0,38322000,-1.5700435670470043,2.465036802425681,AAPL,Apple,Stock
2025-10-10,244.3673095703125,245.27000427246097,0.0,256.3800048828125,244.0,254.94000244140625,0.0,61999100,-3.5132005344247785,12.34257799508255,AAPL,Apple,Stock
2025-10-13,246.74851989746097,247.66000366210935,0.0,249.69000244140625,245.55999755859375,249.3800048828125,0.0,38142900,0.9697219450940968,0.9403606507970784,AAPL,Apple,Stock
2025-10-14,246.8581085205078,247.77000427246097,0.0,248.8500061035156,244.6999969482422,246.6000061035156,0.0,35478000,0.044403222541274,0.0019716461720499,AAPL,Apple,Stock
2025-10-15,248.4223175048828,249.33999633789065,0.0,251.82000732421875,247.47000122070312,249.4900054931641,0.0,33893600,0.6316478919412328,0.3989790593938033,AAPL,Apple,Stock
2025-10-16,246.53927612304688,247.4499969482422,0.0,249.0399932861328,245.1300048828125,248.25,0.0,39777000,-0.7608875076192666,0.5789497992510595,AAPL,Apple,Stock
2025-10-17,251.36146545410156,252.2899932861328,0.0,253.3800048828125,247.27000427246097,248.02000427246097,0.0,49147000,1.937068861595788,3.7522357745640016,AAPL,Apple,Stock
2025-10-20,261.27484130859375,262.239990234375,0.0,264.3800048828125,255.6300048828125,255.88999938964844,0.0,90483000,3.868088051631,14.962105175170509,AAPL,Apple,Stock
2025-10-21,261.8028869628906,262.7699890136719,0.0,265.2900085449219,261.8299865722656,261.8800048828125,0.0,46695900,0.2018995667876844,0.0407634350690546,AAPL,Apple,Stock
2025-10-22,257.4988098144531,258.45001220703125,0.0,262.8500061035156,255.42999267578125,262.6499938964844,0.0,45015300,-1.6576782761846234,2.7478972673344244,AAPL,Apple,Stock
2025-10-23,258.6246032714844,259.5799865722656,0.0,260.6199951171875,258.010009765625,259.94000244140625,0.0,32754900,0.4362504059854729,0.1903144167224899,AAPL,Apple,Stock
2025-10-24,261.85272216796875,262.82000732421875,0.0,264.1300048828125,259.17999267578125,261.19000244140625,0.0,38253700,1.2404614504223446,1.5387446099839068,AAPL,Apple,Stock
2025-10-27,267.8206787109375,268.80999755859375,0.0,269.1199951171875,264.6499938964844,264.8800048828125,0.0,44888200,2.2535430692392144,5.078456364916099,AAPL,Apple,Stock
2025-10-28,268.0099792480469,269.0,0.0,269.8900146484375,268.1499938964844,268.989990234375,0.0,41534800,0.0706568548003418,0.0049923911302765,AAPL,Apple,Stock
2025-10-29,268.7073974609375,269.70001220703125,0.0,271.4100036621094,267.1099853515625,269.2799987792969,0.0,51086700,0.2598829982708426,0.0675391727902428,AAPL,Apple,Stock
2025-10-30,270.401123046875,271.3999938964844,0.0,274.1400146484375,268.4800109863281,271.989990234375,0.0,69886500,0.6283451639549902,0.3948176450656235,AAPL,Apple,Stock
2025-10-31,269.37493896484375,270.3699951171875,0.0,277.32000732421875,269.1600036621094,276.989990234375,0.0,86167100,-0.3802263162687257,0.144572051583285,AAPL,Apple,Stock
2025-11-03,268.05975341796875,269.04998779296875,0.0,270.8500061035156,266.25,270.4200134277344,0.0,50194600,-0.4894318103696268,0.2395434970016904,AAPL,Apple,Stock
2025-11-04,269.0461730957031,270.0400085449219,0.0,271.489990234375,267.6199951171875,268.3299865722656,0.0,49274800,0.367309589440336,0.1349163344948281,AAPL,Apple,Stock
2025-11-05,269.14581298828125,270.1400146484375,0.0,271.70001220703125,266.92999267578125,268.6099853515625,0.0,43683100,0.0370276393156749,0.0013710460732917,AAPL,Apple,Stock
2025-11-06,268.7771301269531,269.7699890136719,0.0,273.3999938964844,267.8900146484375,267.8900146484375,0.0,51204000,-0.1370764804797009,0.0187899615007018,AAPL,Apple,Stock
2025-11-07,267.48193359375,268.4700012207031,0.0,272.2900085449219,266.7699890136719,269.79998779296875,0.0,48227400,-0.4830497568446612,0.2333370675876863,AAPL,Apple,Stock
2025-11-10,268.6986083984375,269.42999267578125,0.26,273.7300109863281,267.4599914550781,268.9599914550781,0.0,41312400,0.4538310504190589,0.2059626223244663,AAPL,Apple,Stock
2025-11-11,274.5028076171875,275.25,0.0,275.9100036621094,269.79998779296875,269.80999755859375,0.0,46208300,2.137115241872316,4.5672615570429675,AAPL,Apple,Stock
2025-11-12,272.7276611328125,273.4700012207031,0.0,275.7300109863281,271.70001220703125,275.0,0.0,48398000,-0.6487770006386279,0.4209115965576541,AAPL,Apple,Stock
2025-11-13,272.2090759277344,272.95001220703125,0.0,276.70001220703125,272.0899963378906,274.1099853515625,0.0,49602800,-0.1903286478439028,0.0362249941900884,AAPL,Apple,Stock
2025-11-14,271.6705017089844,272.4100036621094,0.0,275.9599914550781,269.6000061035156,271.04998779296875,0.0,47431300,-0.1980491332767967,0.0392234591916903,AAPL,Apple,Stock
2025-11-17,266.73394775390625,267.4599914550781,0.0,270.489990234375,265.7300109863281,268.82000732421875,0.0,45018300,-1.8338229939655892,3.3629067731969173,AAPL,Apple,Stock
2025-11-18,266.7140197753906,267.44000244140625,0.0,270.7099914550781,265.32000732421875,269.989990234375,0.0,45677300,-0.0074713860537136,5.582160956362663e-05,AAPL,Apple,Stock
2025-11-19,267.8309631347656,268.55999755859375,0.0,272.2099914550781,265.5,265.5299987792969,0.0,40424500,0.4179049549248277,0.1746445513507223,AAPL,Apple,Stock
2025-11-20,265.5272521972656,266.25,0.0,275.42999267578125,265.9200134277344,270.8299865722656,0.0,45823600,-0.8638566717187423,0.7462483492729828,AAPL,Apple,Stock
2025-11-21,270.75299072265625,271.489990234375,0.0,273.3299865722656,265.6700134277344,265.95001220703125,0.0,59030800,1.948945166198309,3.7983872608477545,AAPL,Apple,Stock
2025-11-24,275.1709899902344,275.9200134277344,0.0,277.0,270.8999938964844,270.8999938964844,0.0,65585800,1.618575433588949,2.6197864342176547,AAPL,Apple,Stock
2025-11-25,276.2181701660156,276.9700012207031,0.0,280.3800048828125,275.25,275.2699890136719,0.0,46914200,0.3798338851962659,0.1442737803432901,AAPL,Apple,Stock
2025-11-26,276.79656982421875,277.54998779296875,0.0,279.5299987792969,276.6300048828125,276.9599914550781,0.0,33431400,0.2091806338180893,0.0437565375645375,AAPL,Apple,Stock
2025-11-28,278.0930480957031,278.8500061035156,0.0,279.0,275.989990234375,277.260009765625,0.0,20135600,0.4672931656329052,0.2183629026472217,AAPL,Apple,Stock
2025-12-01,282.3315124511719,283.1000061035156,0.0,283.4200134277344,276.1400146484375,278.010009765625,0.0,46587700,1.5126193488102735,2.2880172943952157,AAPL,Apple,Stock
2025-12-02,285.4131164550781,286.19000244140625,0.0,287.3999938964844,282.6300048828125,283.0,0.0,53669500,1.085570557581093,1.1784634354869252,AAPL,Apple,Stock
2025-12-03,283.378662109375,284.1499938964844,0.0,288.6199951171875,283.29998779296875,286.20001220703125,0.0,43538700,-0.7153630197795877,0.5117442500681708,AAPL,Apple,Stock
2025-12-04,279.9380187988281,280.70001220703125,0.0,284.7300109863281,278.5899963378906,284.1000061035156,0.0,43989100,-1.221581470319711,1.492261288628467,AAPL,Apple,Stock
2025-12-05,278.0232238769531,278.7799987792969,0.0,281.1400146484375,278.04998779296875,280.5400085449219,0.0,47265800,-0.6863567905265375,0.4710856439018893,AAPL,Apple,Stock
2025-12-08,277.1356506347656,277.8900146484375,0.0,279.6700134277344,276.1499938964844,278.1300048828125,0.0,38211800,-0.3197549527436819,0.1022432298041142,AAPL,Apple,Stock
2025-12-09,276.42755126953125,277.17999267578125,0.0,280.0299987792969,276.9200134277344,278.1600036621094,0.0,32193300,-0.2558333895793199,0.065450723223644,AAPL,Apple,Stock
2025-12-10,278.0232238769531,278.7799987792969,0.0,279.75,276.44000244140625,277.75,0.0,33038300,0.5755883423229985,0.3313019398181372,AAPL,Apple,Stock
2025-12-11,277.2752685546875,278.0299987792969,0.0,279.5899963378906,273.80999755859375,279.1000061035156,0.0,33248000,-0.2693887286882606,0.0725702871442772,AAPL,Apple,Stock
2025-12-12,277.52459716796875,278.2799987792969,0.0,279.2200012207031,276.82000732421875,277.8999938964844,0.0,39532900,0.0898805661178508,0.0080785161656653,AAPL,Apple,Stock
2025-12-15,273.3658752441406,274.1099853515625,0.0,280.1499938964844,272.8399963378906,280.1499938964844,0.0,50409100,-1.5098467426605675,2.2796371863227267,AAPL,Apple,Stock
2025-12-16,273.8645324707031,274.6099853515625,0.0,275.5,271.7900085449219,272.82000732421875,0.0,37648600,0.1822476812521081,0.03321421732177,AAPL,Apple,Stock
2025-12-17,271.10205078125,271.8399963378906,0.0,276.1600036621094,271.6400146484375,275.010009765625,0.0,50138700,-1.0138255944275731,1.027842335916422,AAPL,Apple,Stock
2025-12-18,271.4511413574219,272.19000244140625,0.0,273.6300048828125,266.95001220703125,273.6099853515625,0.0,51630700,0.1286843868596081,0.0165596714214332,AAPL,Apple,Stock
2025-12-19,272.9271240234375,273.6700134277344,0.0,274.6000061035156,269.8999938964844,272.1499938964844,0.0,144632000,0.5422649568015016,0.2940512833749343,AAPL,Apple,Stock
2025-12-22,270.23443603515625,270.9700012207031,0.0,273.8800048828125,270.510009765625,272.8599853515625,0.0,36571800,-0.9914950708069128,0.9830624754344052,AAPL,Apple,Stock
2025-12-23,271.62066650390625,272.3599853515625,0.0,272.5,269.55999755859375,270.8399963378906,0.0,29642000,0.511662061139001,0.2617980648090108,AAPL,Apple,Stock
2025-12-24,273.06671142578125,273.80999755859375,0.0,275.42999267578125,272.20001220703125,272.3399963378906,0.0,17910600,0.5309645046856358,0.2819233052360625,AAPL,Apple,Stock
2025-12-26,272.6578369140625,273.3999938964844,0.0,275.3699951171875,272.8599853515625,274.1600036621094,0.0,21521800,-0.1498465075356175,0.0224539758206218,AAPL,Apple,Stock
2025-12-29,273.0168762207031,273.760009765625,0.0,274.3599853515625,272.3500061035156,272.69000244140625,0.0,23715200,0.1315946478043144,0.0173171513307415,AAPL,Apple,Stock
2025-12-30,272.3387145996094,273.0799865722656,0.0,274.0799865722656,272.2799987792969,272.80999755859375,0.0,22139600,-0.2487045084223564,0.0618539325096059,AAPL,Apple,Stock
2025-12-31,271.12200927734375,271.8599853515625,0.0,273.67999267578125,271.75,273.05999755859375,0.0,27293600,-0.4477627551115939,0.2004914848651252,AAPL,Apple,Stock
2026-01-02,270.2743225097656,271.010009765625,0.0,277.8399963378906,269.0,272.260009765625,0.0,37838100,-0.3131485791547925,0.0980620326266653,AAPL,Apple,Stock
2026-01-05,266.5345153808594,267.260009765625,0.0,271.510009765625,266.1400146484375,270.6400146484375,0.0,45647200,-1.3933703661721202,1.941480977326628,AAPL,Apple,Stock
2026-01-06,261.6477966308594,262.3599853515625,0.0,267.54998779296875,262.1199951171875,267.0,0.0,52352100,-1.850443711659386,3.4241419300197644,AAPL,Apple,Stock
2026-01-07,259.623291015625,260.3299865722656,0.0,263.67999267578125,259.80999755859375,263.20001220703125,0.0,48309800,-0.7767612063599226,0.6033579717057224,AAPL,Apple,Stock
2026-01-08,258.3368225097656,259.0400085449219,0.0,259.2900085449219,255.6999969482422,257.0199890136719,0.0,50419300,-0.496745258033777,0.2467558513790436,AAPL,Apple,Stock
2026-01-09,258.6659240722656,259.3699951171875,0.0,260.2099914550781,256.2200012207031,259.0799865722656,0.0,39997000,0.1273113572904185,0.0162081816951286,AAPL,Apple,Stock
2026-01-12,259.5435485839844,260.25,0.0,261.29998779296875,256.79998779296875,259.1600036621094,0.0,45263800,0.3387145149177262,0.1147275226159506,AAPL,Apple,Stock
2026-01-13,260.34136962890625,261.04998779296875,0.0,261.80999755859375,258.3900146484375,258.7200012207031,0.0,45730800,0.3069224142769594,0.0942013683855975,AAPL,Apple,Stock
2026-01-14,259.2543029785156,259.9599914550781,0.0,261.82000732421875,256.7099914550781,259.489990234375,0.0,40019400,-0.4184285180772418,0.1750824247403166,AAPL,Apple,Stock
2026-01-15,257.5090637207031,258.2099914550781,0.0,261.0400085449219,257.04998779296875,260.6499938964844,0.0,39388600,-0.6754526367843775,0.4562362645389682,AAPL,Apple,Stock
2026-01-16,254.8363494873047,255.52999877929688,0.0,258.8999938964844,254.92999267578125,257.8999938964844,0.0,72142800,-1.0433345978110178,1.0885470829894783,AAPL,Apple,Stock
2026-01-20,246.0303192138672,246.6999969482422,0.0,254.7899932861328,243.4199981689453,252.72999572753903,0.0,80267500,-3.516679524685802,12.367034879344354,AAPL,Apple,Stock
2026-01-21,246.9777374267578,247.6499938964844,0.0,251.55999755859375,245.17999267578125,248.6999969482422,0.0,54641700,0.3843423515673797,0.1477190432083433,AAPL,Apple,Stock
2026-01-22,247.67584228515625,248.3500061035156,0.0,251.0,248.1499938964844,249.1999969482422,0.0,39708300,0.2822602930695329,0.0796708730436986,AAPL,Apple,Stock
2026-01-23,247.36666870117188,248.0399932861328,0.0,249.41000366210935,244.67999267578125,247.32000732421875,0.0,41689000,-0.1249079088444595,0.0156019856918958,AAPL,Apple,Stock
2026-01-26,254.7166748046875,255.41000366210935,0.0,256.55999755859375,249.8000030517578,251.47999572753903,0.0,55969200,2.928012372240955,8.573256451996103,AAPL,Apple,Stock
2026-01-27,257.5688781738281,258.2699890136719,0.0,261.95001220703125,258.2099914550781,259.1700134277344,0.0,49648300,1.1135324133899676,1.2399544356700856,AAPL,Apple,Stock
2026-01-28,255.743896484375,256.44000244140625,0.0,258.8599853515625,254.5099945068359,257.6499938964844,0.0,41288000,-0.7110633005716986,0.5056110174199179,AAPL,Apple,Stock
2026-01-29,257.5788879394531,258.2799987792969,0.0,259.6499938964844,254.41000366210935,258.0,0.0,67253000,0.7149494731554512,0.5111527491652572,AAPL,Apple,Stock
2026-01-30,258.775634765625,259.4800109863281,0.0,261.8999938964844,252.17999267578125,255.1699981689453,0.0,92443400,0.4635377115508532,0.214867210029802,AAPL,Apple,Stock
2026-02-02,269.2770690917969,270.010009765625,0.0,270.489990234375,259.2099914550781,260.0299987792969,0.0,73913400,3.977943491276717,15.824034419790795,AAPL,Apple,Stock
2026-02-03,268.7485046386719,269.4800109863281,0.0,271.8800048828125,267.6099853515625,269.20001220703125,0.0,64394700,-0.196483085183616,0.0386056027632721,AAPL,Apple,Stock
2026-02-04,275.7394104003906,276.489990234375,0.0,278.95001220703125,272.2900085449219,272.2900085449219,0.0,90545700,2.5680239205221227,6.594746856373813,AAPL,Apple,Stock
2026-02-05,275.1610412597656,275.9100036621094,0.0,279.5,273.2300109863281,278.1300048828125,0.0,52977400,-0.2099723648353457,0.0440883939945475,AAPL,Apple,Stock
2026-02-06,277.364990234375,278.1199951171875,0.0,280.9100036621094,276.92999267578125,277.1199951171875,0.0,50453400,0.7977762270402385,0.6364469084305582,AAPL,Apple,Stock
2026-02-09,274.13079833984375,274.6199951171875,0.26,278.20001220703125,271.70001220703125,277.9100036621094,0.0,44623400,-1.1728934429607782,1.3756790285403884,AAPL,Apple,Stock
2026-02-10,273.19244384765625,273.67999267578125,0.0,275.3699951171875,272.94000244140625,274.8900146484375,0.0,34376900,-0.3428889326211828,0.117572820114094,AAPL,Apple,Stock
2026-02-11,275.00921630859375,275.5,0.0,280.17999267578125,274.45001220703125,274.70001220703125,0.0,51931300,0.6628141591757578,0.4393226096038668,AAPL,Apple,Stock
2026-02-12,261.2637939453125,261.7300109863281,0.0,275.7200012207031,260.17999267578125,275.5899963378906,0.0,81077200,-5.1274009278595845,26.29024027501533,AAPL,Apple,Stock
2026-02-13,255.32435607910156,255.77999877929688,0.0,262.2300109863281,255.4499969482422,262.010009765625,0.0,56290700,-2.2995880180572077,5.288105052792276,AAPL,Apple,Stock
2026-02-17,263.4099426269531,263.8800048828125,0.0,266.2900085449219,255.5399932861328,258.04998779296875,0.0,58469100,3.1176814356459728,9.719937534171532,AAPL,Apple,Stock
2026-02-18,263.8791198730469,264.3500061035156,0.0,266.82000732421875,262.45001220703125,263.6000061035156,0.0,34203300,0.1779583167113982,0.0316691624867543,AAPL,Apple,Stock
2026-02-19,260.11578369140625,260.5799865722656,0.0,264.4800109863281,260.04998779296875,262.6000061035156,0.0,30845300,-1.4364265239645746,2.0633211587489506,AAPL,Apple,Stock
2026-02-20,264.1086730957031,264.5799865722656,0.0,264.75,258.1600036621094,258.9700012207031,0.0,42070500,1.5233805180443598,2.320688202757102,AAPL,Apple,Stock
2026-02-23,265.705810546875,266.17999267578125,0.0,269.42999267578125,263.3800048828125,263.489990234375,0.0,37308200,0.6029062392291268,0.363495933301409,AAPL,Apple,Stock
2026-02-24,271.6552429199219,272.1400146484375,0.0,274.8900146484375,267.7099914550781,267.8599853515625,0.0,47014600,2.2144051735165693,4.903590272496947,AAPL,Apple,Stock
2026-02-25,273.74151611328125,274.2300109863281,0.0,274.94000244140625,271.04998779296875,271.7799987792969,0.0,33714300,0.7650516196371946,0.5853039807094946,AAPL,Apple,Stock
2026-02-26,272.4637756347656,272.95001220703125,0.0,276.1099853515625,270.79998779296875,274.95001220703125,0.0,32345100,-0.4678617466995934,0.2188946140247945,AAPL,Apple,Stock
2026-02-27,263.7093811035156,264.17999267578125,0.0,272.80999755859375,262.8900146484375,272.80999755859375,0.0,72366500,-3.265800418094743,10.665452370827795,AAPL,Apple,Stock
2026-03-02,264.2484130859375,264.7200012207031,0.0,266.5299987792969,260.20001220703125,262.4100036621094,0.0,41827900,0.204195174556935,0.0416956693123371,AAPL,Apple,Stock
2026-03-03,263.2801818847656,263.75,0.0,265.55999755859375,260.1300048828125,263.4800109863281,0.0,38568900,-0.3670823904680181,0.1347494813917145,AAPL,Apple,Stock
2026-03-04,262.0523376464844,262.5199890136719,0.0,266.1499938964844,261.4200134277344,264.6499938964844,0.0,39803100,-0.4674549655598999,0.2185141448266072,AAPL,Apple,Stock
2026-03-05,259.8263244628906,260.2900085449219,0.0,261.55999755859375,257.25,260.7900085449219,0.0,49658600,-0.8530820840249429,0.7277490420843398,AAPL,Apple,Stock
2026-03-06,257.0013427734375,257.4599914550781,0.0,258.7699890136719,254.3699951171875,258.6300048828125,0.0,41120000,-1.0932115299618044,1.1951114492414292,AAPL,Apple,Stock
2026-03-09,259.41705322265625,259.8800048828125,0.0,261.1499938964844,253.67999267578125,255.69000244140625,0.0,38218500,0.93557010685318,0.8752914248372708,AAPL,Apple,Stock
2026-03-10,260.3653564453125,260.8299865722656,0.0,262.4800109863281,256.95001220703125,257.6499938964844,0.0,30590800,0.3648850969824687,0.1331411339999055,AAPL,Apple,Stock
2026-03-11,260.3453674316406,260.80999755859375,0.0,262.1300048828125,259.54998779296875,261.0899963378906,0.0,26218900,-0.0076775886361128,5.894536726536952e-05,AAPL,Apple,Stock
2026-03-12,255.30438232421875,255.7599945068359,0.0,258.95001220703125,254.17999267578125,258.6600036621094,0.0,40794000,-1.955259634222472,3.823040237219795,AAPL,Apple,Stock
2026-03-13,249.6744384765625,250.1199951171875,0.0,256.3299865722656,249.52000427246097,255.47999572753903,0.0,36930000,-2.2298666381512304,4.972305223939871,AAPL,Apple,Stock
2026-03-16,252.36964416503903,252.82000732421875,0.0,253.88999938964844,249.8800048828125,252.11000061035156,0.0,32074200,1.0737031565244142,1.1528384683304906,AAPL,Apple,Stock
2026-03-17,253.7771148681641,254.22999572753903,0.0,255.1300048828125,252.17999267578125,252.9600067138672,0.0,32361600,0.5561526596100645,0.3093057807913483,AAPL,Apple,Stock
2026-03-18,249.49476623535156,249.94000244140625,0.0,254.94000244140625,249.0,252.6300048828125,0.0,35757900,-1.7018443311607647,2.8962741275040305,AAPL,Apple,Stock
2026-03-19,248.5165252685547,248.9600067138672,0.0,251.8300018310547,247.3000030517578,249.3999938964844,0.0,34864100,-0.3928594558615539,0.1543385520598362,AAPL,Apple,Stock
2026-03-20,247.54823303222656,247.9900054931641,0.0,249.1999969482422,246.0,247.97999572753903,0.0,88331100,-0.3903899440107385,0.1524043083847075,AAPL,Apple,Stock
2026-03-23,251.04200744628903,251.4900054931641,0.0,254.6000061035156,250.27999877929688,253.97000122070312,0.0,40546100,1.401484151217423,1.9641578261136208,AAPL,Apple,Stock
2026-03-24,251.1917266845703,251.63999938964844,0.0,254.8300018310547,249.5500030517578,250.3500061035156,0.0,45152300,0.0596213406395041,0.0035547042596517,AAPL,Apple,Stock
2026-03-25,252.16998291015625,252.6199951171875,0.0,255.0,251.6000061035156,254.1000061035156,0.0,28476700,0.3886896593684177,0.1510796512999366,AAPL,Apple,Stock
2026-03-26,252.43951416015625,252.88999938964844,0.0,257.0,250.77000427246097,252.1199951171875,0.0,41796700,0.1068276666204829,0.011412150355577,AAPL,Apple,Stock
2026-03-27,248.35679626464844,248.8000030517578,0.0,255.4900054931641,248.07000732421875,253.8999938964844,0.0,47900000,-1.6305265287713342,2.6586167610270963,AAPL,Apple,Stock
2026-03-30,246.1906585693359,246.6300048828125,0.0,250.8699951171875,245.5099945068359,250.07000732421875,0.0,39446200,-0.8760136268299015,0.7673998743916779,AAPL,Apple,Stock
2026-03-31,253.337890625,253.7899932861328,0.0,255.47999572753903,247.1000061035156,247.91000366210935,0.0,49598100,2.8617863177015437,8.18982092818376,AAPL,Apple,Stock
2026-04-01,255.17462158203125,255.6300048828125,0.0,256.17999267578125,253.3300018310547,254.0800018310547,0.0,40059400,0.7223967554483803,0.521857072282347,AAPL,Apple,Stock
2026-04-02,255.464111328125,255.9199981689453,0.0,256.1300048828125,250.6499938964844,254.1999969482422,0.0,31289400,0.1133833994367859,0.0128557952678417,AAPL,Apple,Stock
2026-04-06,258.3988342285156,258.8599853515625,0.0,262.1600036621094,256.4599914550781,256.510009765625,0.0,29329900,1.142232509019372,1.3046951046606896,AAPL,Apple,Stock
2026-04-07,253.0484161376953,253.5,0.0,256.20001220703125,245.6999969482422,256.1600036621094,0.0,62148000,-2.092342184655962,4.3778958176908835,AAPL,Apple,Stock
2026-04-08,258.43878173828125,258.8999938964844,0.0,259.75,256.5299987792969,258.45001220703125,0.0,41032800,2.1078006221268635,4.442823462638393,AAPL,Apple,Stock
2026-04-09,260.02593994140625,260.489990234375,0.0,261.1199951171875,256.07000732421875,259.0,0.0,28121600,0.6122550270913715,0.374856218198656,AAPL,Apple,Stock
2026-04-10,260.0159912109375,260.4800109863281,0.0,262.19000244140625,259.0199890136719,259.9800109863281,0.0,31291500,-0.0038261262694405,1.4639242229703294e-05,AAPL,Apple,Stock
2026-04-13,258.73828125,259.20001220703125,0.0,260.17999267578125,256.6600036621094,259.7300109863281,0.0,36234700,-0.492608008275582,0.2426626498172358,AAPL,Apple,Stock
2026-04-14,258.368896484375,258.8299865722656,0.0,261.92999267578125,257.19000244140625,259.25,0.0,48370700,-0.1428658677961517,0.0204106561811475,AAPL,Apple,Stock
2026-04-15,265.95538330078125,266.42999267578125,0.0,266.55999755859375,257.80999755859375,258.1600036621094,0.0,49913500,2.8940167740243536,8.375333088334326,AAPL,Apple,Stock
2026-04-16,262.9307556152344,263.3999938964844,0.0,267.1600036621094,261.2699890136719,266.79998779296875,0.0,43323100,-1.143785188350778,1.3082445570906245,AAPL,Apple,Stock
2026-04-17,269.7486267089844,270.2300109863281,0.0,272.29998779296875,266.7200012207031,266.9599914550781,0.0,61436200,2.5599802270732708,6.553498763006115,AAPL,Apple,Stock
2026-04-20,272.5635681152344,273.04998779296875,0.0,274.2799987792969,270.2900085449219,270.3299865722656,0.0,36590200,1.038135123703852,1.077724535067612,AAPL,Apple,Stock
2026-04-21,265.69586181640625,266.1700134277344,0.0,272.79998779296875,265.3999938964844,271.5,0.0,50209800,-2.5519586387523794,6.512492893902897,AAPL,Apple,Stock
2026-04-22,272.68341064453125,273.1700134277344,0.0,273.739990234375,266.8699951171875,267.82000732421875,0.0,43249200,2.5959176283094876,6.738788332967955,AAPL,Apple,Stock
2026-04-23,272.9429016113281,273.42999267578125,0.0,275.7699890136719,271.6499938964844,275.04998779296875,0.0,33399600,0.0951167421849197,0.0090471946438724,AAPL,Apple,Stock
2026-04-24,270.5771179199219,271.05999755859375,0.0,273.05999755859375,269.6499938964844,272.760009765625,0.0,38157100,-0.8705470074050697,0.7578520921019225,AAPL,Apple,Stock
2026-04-27,267.1332702636719,267.6099853515625,0.0,268.3599853515625,265.07000732421875,266.0899963378906,0.0,41466800,-1.2809478192957056,1.6408273157584234,AAPL,Apple,Stock
2026-04-28,270.2277526855469,270.7099914550781,0.0,273.2300109863281,268.6600036621094,272.3399963378906,0.0,40018900,1.151745845732156,1.3265184931612797,AAPL,Apple,Stock
2026-04-29,269.688720703125,270.1700134277344,0.0,271.0400085449219,267.0400085449219,267.54998779296875,0.0,30047900,-0.1996724264136533,0.0398690778699157,AAPL,Apple,Stock
2026-04-30,270.86663818359375,271.3500061035156,0.0,276.0,268.1400146484375,270.5,0.0,91848200,0.4358182101151442,0.189937512267968,AAPL,Apple,Stock
2026-05-01,279.6409606933594,280.1400146484375,0.0,287.2200012207031,278.3699951171875,278.8599853515625,0.0,79915400,3.1879907372437324,10.163284940751836,AAPL,Apple,Stock
2026-05-04,276.33685302734375,276.8299865722656,0.0,280.6300048828125,274.8599853515625,279.6600036621094,0.0,46668400,-1.1885893585031253,1.412744663146871,AAPL,Apple,Stock
2026-05-05,283.67376708984375,284.17999267578125,0.0,284.57000732421875,276.5,276.92999267578125,0.0,49311700,2.620426694342181,6.866636060421089,AAPL,Apple,Stock
2026-05-06,286.9978332519531,287.510009765625,0.0,288.0299987792969,281.07000732421875,281.9200134277344,0.0,58336100,1.1649795625348007,1.3571773811237755,AAPL,Apple,Stock
2026-05-07,286.9279479980469,287.44000244140625,0.0,292.1300048828125,285.7799987792969,289.2699890136719,0.0,45224300,-0.0243534117249244,0.0005930886626436,AAPL,Apple,Stock
2026-05-08,292.7974853515625,293.32000732421875,0.0,294.760009765625,290.0,290.010009765625,0.0,52692800,2.025006180098386,4.100650029436657,AAPL,Apple,Stock
2026-05-11,292.42779541015625,292.67999267578125,0.27,293.8800048828125,290.2300109863281,291.9800109863281,0.0,42247300,-0.1263410870084823,0.0159620702664848,AAPL,Apple,Stock
2026-05-12,294.54595947265625,294.79998779296875,0.0,295.2699890136719,292.55999755859375,292.55999755859375,0.0,45748100,0.7217267345543894,0.5208894793705421,AAPL,Apple,Stock
2026-05-13,298.6124572753906,298.8699951171875,0.0,300.9200134277344,293.5,293.5,0.0,52684300,1.3711552929013164,1.880066837251295,AAPL,Apple,Stock
2026-05-14,297.9530334472656,298.2099914550781,0.0,300.45001220703125,295.3800048828125,299.82000732421875,0.0,35324900,-0.2210734971933149,0.0488734911612826,AAPL,Apple,Stock
2026-05-15,299.9713134765625,300.2300109863281,0.0,303.20001220703125,296.5199890136719,297.8999938964844,0.0,54862800,0.6750980136725527,0.4557573280646262,AAPL,Apple,Stock
2026-05-18,297.5833435058594,297.8399963378906,0.0,300.6600036621094,294.9100036621094,300.239990234375,0.0,34483000,-0.7992516349121774,0.6388031759097885,AAPL,Apple,Stock
2026-05-19,298.7123718261719,298.9700012207031,0.0,300.510009765625,296.3500061035156,296.9700012207031,0.0,42243600,0.3786811276571553,0.1433993964436948,AAPL,Apple,Stock
2026-05-20,301.98956298828125,302.25,0.0,302.79998779296875,298.0799865722656,298.17999267578125,0.0,38229800,1.0911313869409938,1.1905677035677766,AAPL,Apple,Stock
2026-05-21,304.7271728515625,304.989990234375,0.0,305.5400085449219,300.3999938964844,301.05999755859375,0.0,42965100,0.9024403912911676,0.8143986598337559,AAPL,Apple,Stock
2026-05-22,308.55389404296875,308.82000732421875,0.0,311.3999938964844,305.8399963378906,306.1199951171875,0.0,43670200,1.2479664098423926,1.557420160094911,AAPL,Apple,Stock
2026-05-26,308.0643005371094,308.3299865722656,0.0,311.82000732421875,307.6700134277344,309.55999755859375,0.0,48000500,-0.1587995985353845,0.0252173124949993,AAPL,Apple,Stock
2026-05-27,310.5821533203125,310.8500061035156,0.0,313.260009765625,308.29998779296875,308.3299865722656,0.0,50430900,0.8139921177528298,0.6625831677637367,AAPL,Apple,Stock
2026-05-28,312.24072265625,312.510009765625,0.0,312.79998779296875,309.57000732421875,310.67999267578125,0.0,48220400,0.5325986955554592,0.2836613705073768,AAPL,Apple,Stock
2026-05-29,311.7911071777344,312.05999755859375,0.0,315.0,309.5299987792969,311.7799987792969,0.0,70026800,-0.1441001996442876,0.0207648675375235,AAPL,Apple,Stock
2026-06-01,306.0460510253906,306.30999755859375,0.0,310.94000244140625,305.0199890136719,309.6300048828125,0.0,48849900,-1.8597851122449391,3.4588006637279216,AAPL,Apple,Stock
2026-06-02,314.92840576171875,315.20001220703125,0.0,315.45001220703125,306.69000244140625,307.4599914550781,0.0,44534700,2.8609745520348375,8.18517538739094,AAPL,Apple,Stock
2026-06-03,309.9926452636719,310.260009765625,0.0,316.94000244140625,308.8500061035156,314.17999267578125,0.0,50836700,-1.5796757454885937,2.495375460884944,AAPL,Apple,Stock
2026-06-04,310.9618225097656,311.2300109863281,0.0,313.5400085449219,309.6499938964844,313.2300109863281,0.0,44869100,0.3121575198772482,0.0974423172159146,AAPL,Apple,Stock
2026-06-05,307.0751647949219,307.3399963378906,0.0,315.1700134277344,307.1499938964844,312.8599853515625,0.0,65310500,-1.2577593355441377,1.581958546148431,AAPL,Apple,Stock
2026-06-08,301.2801818847656,301.5400085449219,0.0,317.3999938964844,301.1700134277344,308.739990234375,0.0,77949100,-1.9051885469787897,3.629743399539152,AAPL,Apple,Stock
2026-06-09,290.29962158203125,290.54998779296875,0.0,300.75,287.7799987792969,300.2799987792969,0.0,70108800,-3.712710112671881,13.784216380736051,AAPL,Apple,Stock
2026-06-10,291.3287353515625,291.5799865722656,0.0,294.75,287.3800048828125,290.739990234375,0.0,52793300,0.3538736828077959,0.1252265833839525,AAPL,Apple,Stock
2026-06-11,295.375244140625,295.6300048828125,0.0,297.0,289.5899963378906,293.7200012207031,0.0,42572500,1.379425773462106,1.9028154644915296,AAPL,Apple,Stock
2026-06-12,290.879150390625,291.1300048828125,0.0,297.1400146484375,289.6199951171875,296.0299987792969,0.0,38742100,-1.533867189083751,2.3527485537476873,AAPL,Apple,Stock
2026-06-15,296.1645812988281,296.4200134277344,0.0,297.7799987792969,291.70001220703125,294.1199951171875,0.0,45732600,1.8007427544288812,3.242674467628114,AAPL,Apple,Stock
2026-06-16,298.9821472167969,299.239990234375,0.0,300.4800109863281,293.9700012207031,295.25,0.0,39874400,0.946854559821924,0.8965335574555697,AAPL,Apple,Stock
2026-06-17,295.6949768066406,295.95001220703125,0.0,302.07000732421875,294.3599853515625,300.8500061035156,0.0,42745100,-1.1055424053765446,1.222224010085756,AAPL,Apple,Stock
2026-06-18,297.7532043457031,298.010009765625,0.0,300.57000732421875,295.6199951171875,298.1099853515625,0.0,85962200,0.693653079456033,0.4811545946388377,AAPL,Apple,Stock
2026-06-22,296.75408935546875,297.010009765625,0.0,302.4200134277344,296.760009765625,297.30999755859375,0.0,44879900,-0.3361156175657518,0.1129737083716067,AAPL,Apple,Stock
2026-06-23,294.04638671875,294.29998779296875,0.0,301.6400146484375,294.17999267578125,297.5400085449219,0.0,52010900,-0.9166281020203648,0.8402070774134563,AAPL,Apple,Stock
2026-06-24,292.8274230957031,293.0799865722656,0.0,299.70001220703125,292.94000244140625,295.3599853515625,0.0,53081900,-0.4154097032731816,0.1725652215735127,AAPL,Apple,Stock
2026-06-25,274.91290283203125,275.1499938964844,0.0,288.79998779296875,273.75,287.3999938964844,0.0,107013700,-6.312910528852322,39.85283934529451,AAPL,Apple,Stock
2026-06-26,283.53546142578125,283.7799987792969,0.0,285.95001220703125,274.2099914550781,275.0,0.0,261775500,3.08828692129702,9.537516108254229,AAPL,Apple,Stock
2026-06-29,281.4972229003906,281.739990234375,0.0,288.3699951171875,279.8500061035156,286.7300109863281,0.0,66427000,-0.7214617571347411,0.5205070670079482,AAPL,Apple,Stock
2026-06-30,289.11065673828125,289.3599853515625,0.0,289.94000244140625,280.70001220703125,281.1700134277344,0.0,65100200,2.668692794655944,7.1219212322485514,AAPL,Apple,Stock
2026-07-01,294.1263427734375,294.3800048828125,0.0,296.5899963378906,289.20001220703125,293.44000244140625,0.0,50164200,1.7199902237751945,2.958366369882244,AAPL,Apple,Stock
2026-07-02,308.3640441894531,308.6300048828125,0.0,309.4200134277344,293.67999267578125,294.1199951171875,0.0,75352800,4.727163430823289,22.346074101713008,AAPL,Apple,Stock
2026-07-06,312.3905944824219,312.6600036621094,0.0,314.20001220703125,307.0,307.3599853515625,0.0,53590000,1.297326356082142,1.6830556741853686,AAPL,Apple,Stock
2026-07-07,310.3923034667969,310.6600036621094,0.0,315.4800109863281,310.1499938964844,315.2900085449219,0.0,42490000,-0.6417317752291537,0.4118196713387611,AAPL,Apple,Stock
2026-07-08,313.1199645996094,313.3900146484375,0.0,314.82000732421875,307.04998779296875,311.9100036621094,0.0,41323500,0.8749398121391793,0.7655196748661423,AAPL,Apple,Stock
2026-07-09,315.947509765625,316.2200012207031,0.0,316.5299987792969,308.1600036621094,310.510009765625,0.0,48124500,0.8989700861949936,0.8081472158734343,AAPL,Apple,Stock
2026-07-10,315.0483093261719,315.32000732421875,0.0,316.9100036621094,312.1700134277344,314.7200012207031,0.0,34132300,-0.2850101445796892,0.0812307825133353,AAPL,Apple,Stock
2026-07-13,317.03656005859375,317.30999755859375,0.0,323.45001220703125,315.7799987792969,317.0199890136719,0.0,43257800,0.6291108635278855,0.3957804786088017,AAPL,Apple,Stock
2026-07-14,314.58868408203125,314.8599853515625,0.0,316.19000244140625,311.9100036621094,313.760009765625,0.0,36336800,-0.7751077889289723,0.6007920844583602,AAPL,Apple,Stock
2026-07-15,327.2178039550781,327.5,0.0,328.7300109863281,317.32000732421875,317.6199951171875,0.0,60957600,3.935999556094018,15.492092505572312,AAPL,Apple,Stock
2026-07-16,332.97283935546875,333.260009765625,0.0,334.67999267578125,326.7900085449219,328.010009765625,0.0,62970600,1.7434906842973088,3.039759766231498,AAPL,Apple,Stock
2026-07-17,333.452392578125,333.739990234375,0.0,334.989990234375,329.0,331.9800109863281,0.0,63407100,0.1439181118750252,0.0207124229256722,AAPL,Apple,Stock
2026-07-20,326.3085632324219,326.5899963378906,0.0,333.7099914550781,323.67999267578125,333.510009765625,0.0,53468000,-2.1656657586981347,4.690108178397567,AAPL,Apple,Stock
2026-07-21,327.45758056640625,327.739990234375,0.0,329.6000061035156,322.2200012207031,323.1300048828125,0.0,41338900,0.3515075009509281,0.1235575232247667,AAPL,Apple,Stock
2026-07-22,325.60919189453125,325.8900146484375,0.0,329.0,323.3399963378906,327.8699951171875,0.0,38755900,-0.5660657333930309,0.3204304145217899,AAPL,Apple,Stock
2026-07-23,321.3828430175781,321.6600036621094,0.0,323.29998779296875,319.3500061035156,321.7300109863281,0.0,40840800,-1.306479450939142,1.706888555726242,AAPL,Apple,Stock
2026-07-24,332.7330322265625,333.0199890136719,0.0,334.3699951171875,321.6199951171875,321.7900085449219,0.0,47489400,3.470739356294198,12.046031679329465,AAPL,Apple,Stock
2026-07-27,336.61968994140625,336.9100036621094,0.0,339.57000732421875,334.0199890136719,334.5400085449219,0.0,49604300,1.161331318603087,1.3486904315683843,AAPL,Apple,Stock
2026-07-28,339.78692626953125,340.0799865722656,0.0,342.8900146484375,335.6000061035156,340.0299987792969,0.0,51859000,0.936495711319729,0.8770242173202452,AAPL,Apple,Stock
2026-07-29,337.8985900878906,338.19000244140625,0.0,344.57000732421875,337.3500061035156,339.7300109863281,0.0,56090800,-0.5572912577548285,0.3105735459699587,AAPL,Apple,Stock
2026-07-30,333.1426696777344,333.42999267578125,0.0,334.75,329.5899963378906,333.1000061035156,0.0,74817800,-1.417498544145801,2.0093021226554653,AAPL,Apple,Stock
2026-07-31,308.6438293457031,308.9100036621094,0.0,310.69000244140625,300.0,304.80999755859375,0.0,132489100,-7.638287945805574,58.34344274303874,AAPL,Apple,Stock
2026-08-03,303.1585693359375,303.4200134277344,0.0,311.79998779296875,302.55999755859375,309.5799865722656,0.0,75052000,-1.7931956478842528,3.215550631591025,AAPL,Apple,Stock
2026-08-04,309.1134033203125,309.3800048828125,0.0,310.4200134277344,301.32000732421875,302.7300109863281,0.0,68001000,1.9452210844855329,3.783885067527073,AAPL,Apple,Stock
2026-08-05,310.7320251464844,311.0,0.0,311.7099914550781,305.6700134277344,309.3599853515625,0.0,49438800,0.5222674657279985,0.2727633057579461,AAPL,Apple,Stock
2026-08-06,312.14080810546875,312.4100036621094,0.0,316.2900085449219,309.2300109863281,314.3399963378906,0.0,46139900,0.4523508767764461,0.2046213157204195,AAPL,Apple,Stock
2026-08-07,313.05999755859375,313.3299865722656,0.0,314.80999755859375,310.739990234375,311.45001220703125,0.0,34437200,0.2940463630559811,0.0864632636264498,AAPL,Apple,Stock
2026-08-10,308.260009765625,308.260009765625,0.27,308.260009765625,304.6099853515625,306.8299865722656,0.0,44812500,-1.5451243263146632,2.387409183769342,AAPL,Apple,Stock
2026-08-11,304.9100036621094,304.9100036621094,0.0,309.9700012207031,302.7900085449219,307.75,0.0,37476700,-1.0926951292996927,1.1939826455952722,AAPL,Apple,Stock
2026-08-12,302.25,302.25,0.0,305.6600036621094,300.57000732421875,305.1000061035156,0.0,41657800,-0.876217361050629,0.7677568638065283,AAPL,Apple,Stock
2026-08-13,305.260009765625,305.260009765625,0.0,306.0,302.04998779296875,304.2099914550781,0.0,40349300,0.9909414983244762,0.981965053101558,AAPL,Apple,Stock
2026-08-14,305.92999267578125,305.92999267578125,0.0,307.489990234375,304.29998779296875,306.0,0.0,28229400,0.2192389194325676,0.0480657037939598,AAPL,Apple,Stock
2026-08-17,305.5899963378906,305.5899963378906,0.0,307.6600036621094,302.94000244140625,306.2099914550781,0.0,38169300,-0.1111971412323728,0.0123648042182522,AAPL,Apple,Stock
2026-08-18,310.0299987792969,310.0299987792969,0.0,311.489990234375,305.739990234375,307.5799865722656,0.0,53424500,1.442474079290028,2.080731469423614,AAPL,Apple,Stock
2026-08-19,316.8299865722656,316.8299865722656,0.0,319.2799987792969,309.6000061035156,310.1400146484375,0.0,50505600,2.1696246991930903,4.7072713353487075,AAPL,Apple,Stock
2026-08-20,311.29998779296875,311.29998779296875,0.0,320.2799987792969,310.6499938964844,317.4599914550781,0.0,40959200,-1.7608271810496567,3.100512361523281,AAPL,Apple,Stock
2026-08-21,309.3500061035156,309.3500061035156,0.0,312.3800048828125,307.010009765625,312.04998779296875,0.0,46876800,-0.628369652735619,0.39484842047908236,AAPL,Apple,Stock
2026-08-24,310.3399963378906,310.3399963378906,0.0,313.3599853515625,309.9700012207031,311.4700012207031,0.0,34673600,0.3195117147896784,0.10208773588784079,AAPL,Apple,Stock
2026-08-25,309.8999938964844,309.8999938964844,0.0,313.5899963378906,308.2099914550781,310.7900085449219,0.0,25869800,-0.14188137564350975,0.02013032475449472,AAPL,Apple,Stock
2026-08-26,313.45001220703125,313.45001220703125,0.0,315.42999267578125,308.79998779296875,310.29998779296875,0.0,34024500,1.139025156549776,1.2973783072532417,AAPL,Apple,Stock
2026-08-27,314.5799865722656,314.5799865722656,0.0,315.3999938964844,309.3999938964844,310.54998779296875,0.0,32419200,0.35984764637677197,0.12949032860290233,AAPL,Apple,Stock
2026-08-28,319.70001220703125,319.70001220703125,0.0,322.3699951171875,315.45001220703125,316.8500061035156,0.0,38649400,1.6144721120709464,2.6065202006548227,AAPL,Apple,Stock
2026-08-31,316.8500061035156,316.8500061035156,0.0,321.239990234375,312.79998779296875,319.6000061035156,0.0,41242700,-0.8954599215930675,0.8018484711794627,AAPL,Apple,Stock
2026-09-01,325.1300048828125,325.1300048828125,0.0,327.29998779296875,314.73699951171875,316.9800109863281,0.0,52432411,2.5796622336462183,6.654657239700596,AAPL,Apple,Stock
