Date,Adj_Close,Close,Dividends,High,Low,Open,Stock_Splits,Volume,Log_Return,Squared_Return,Ticker,Asset,Role
2010-06-30,11.57418155670166,16.023332595825195,0.0,16.323333740234375,16.003332138061523,16.31999969482422,0.0,55166400,-1.711877919170399,2.930526010143175,WMT,Walmart,Stock
2010-07-01,11.639188766479492,16.113332748413086,0.0,16.136667251586914,15.923333168029783,16.03333282470703,0.0,54343200,0.5600856645130312,0.3136959515930037,WMT,Walmart,Stock
2010-07-02,11.557326316833496,16.0,0.0,16.14666748046875,15.946666717529297,16.14666748046875,0.0,40743900,-0.7058197251153109,0.498181484361853,WMT,Walmart,Stock
2010-07-06,11.69456672668457,16.190000534057617,0.0,16.479999542236328,16.086666107177734,16.446666717529297,0.0,54676800,1.1804802588180352,1.3935336414590953,WMT,Walmart,Stock
2010-07-07,11.778838157653809,16.30666732788086,0.0,16.323333740234375,16.053333282470703,16.219999313354492,0.0,48528600,0.7180193366624072,0.5155517678211233,WMT,Walmart,Stock
2010-07-08,11.841437339782717,16.393333435058594,0.0,16.440000534057617,16.26333236694336,16.440000534057617,0.0,37950000,0.5300474052142088,0.2809502517743156,WMT,Walmart,Stock
2010-07-09,11.901636123657228,16.476667404174805,0.0,16.516666412353516,16.383333206176758,16.416667938232422,0.0,34821600,0.5070861020689962,0.2571363149115284,WMT,Walmart,Stock
2010-07-12,12.067773818969728,16.706666946411133,0.0,16.77666664123535,16.559999465942383,16.593332290649414,0.0,40322700,1.3862698858218332,1.9217441963364783,WMT,Walmart,Stock
2010-07-13,12.168899536132812,16.84666633605957,0.0,16.89666748046875,16.700000762939453,16.78333282470703,0.0,39659400,0.8344899691857742,0.6963735086716745,WMT,Walmart,Stock
2010-07-14,12.123150825500488,16.78333282470703,0.0,16.786666870117188,16.68000030517578,16.683332443237305,0.0,32124900,-0.3766562643963406,0.141869941509006,WMT,Walmart,Stock
2010-07-15,12.137598991394045,16.803333282470703,0.0,16.81333351135254,16.636667251586914,16.780000686645508,0.0,36766800,0.1191073459038258,0.0141865598482536,WMT,Walmart,Stock
2010-07-16,11.959424018859863,16.55666732788086,0.0,16.77666664123535,16.50666618347168,16.71666717529297,0.0,47766600,-1.4788401010195469,2.186968044383504,WMT,Walmart,Stock
2010-07-19,11.923306465148926,16.50666618347168,0.0,16.60333251953125,16.363332748413086,16.573333740234375,0.0,35688000,-0.3024577216489875,0.0914806733850964,WMT,Walmart,Stock
2010-07-20,12.250761985778809,16.959999084472656,0.0,17.010000228881836,16.420000076293945,16.420000076293945,0.0,48851700,2.709312678882321,7.3403751919525,WMT,Walmart,Stock
2010-07-21,12.123150825500488,16.78333282470703,0.0,17.0,16.703332901000977,17.0,0.0,36933300,-1.0471222021176092,1.0964649061676313,WMT,Walmart,Stock
2010-07-22,12.245948791503906,16.953332901000977,0.0,17.030000686645508,16.836666107177734,16.850000381469727,0.0,35952600,1.0078255440429702,1.0157123272255089,WMT,Walmart,Stock
2010-07-23,12.440973281860352,17.22333335876465,0.0,17.270000457763672,16.96666717529297,16.969999313354492,0.0,39139200,1.5800150946074554,2.496447699187406,WMT,Walmart,Stock
2010-07-26,12.310956001281738,17.043333053588867,0.0,17.22333335876465,16.969999313354492,17.22333335876465,0.0,42336300,-1.0505724618533898,1.1037024976046923,WMT,Walmart,Stock
2010-07-27,12.270028114318848,16.98666763305664,0.0,17.100000381469727,16.886667251586914,16.933332443237305,0.0,36885600,-0.3330047698003137,0.1108921767097599,WMT,Walmart,Stock
2010-07-28,12.310956001281738,17.043333053588867,0.0,17.1299991607666,16.933332443237305,16.933332443237305,0.0,27985500,0.3330047698003076,0.1108921767097558,WMT,Walmart,Stock
2010-07-29,12.29410457611084,17.020000457763672,0.0,17.260000228881836,16.933332443237305,17.07666778564453,0.0,28891500,-0.1369753002854562,0.0187622328882909,WMT,Walmart,Stock
2010-07-30,12.325403213500977,17.06333351135254,0.0,17.083332061767578,16.833332061767578,16.8700008392334,0.0,40654200,0.2542589764110908,0.0646476270856156,WMT,Walmart,Stock
2010-08-02,12.378372192382812,17.136667251586914,0.0,17.233333587646484,16.983333587646484,17.183332443237305,0.0,41583000,0.428833724285188,0.1838983630843047,WMT,Walmart,Stock
2010-08-03,12.349479675292969,17.09666633605957,0.0,17.21666717529297,17.010000228881836,17.083332061767578,0.0,32005800,-0.2336841096633645,0.0546082631091593,WMT,Walmart,Stock
2010-08-04,12.42412281036377,17.200000762939453,0.0,17.23666763305664,17.003332138061523,17.01333236694336,0.0,24206700,0.6026040095800977,0.3631315923620105,WMT,Walmart,Stock
2010-08-05,12.42893886566162,17.206666946411133,0.0,17.22333335876465,17.073333740234375,17.213333129882812,0.0,22317000,0.0387562339072196,0.0015020456666711,WMT,Walmart,Stock
2010-08-06,12.469871520996094,17.26333236694336,0.0,17.26333236694336,17.036666870117188,17.139999389648438,0.0,24810900,0.328792352516605,0.1081044110734034,WMT,Walmart,Stock
2010-08-09,12.534882545471191,17.35333251953125,0.0,17.446666717529297,17.266666412353516,17.27666664123535,0.0,24796200,0.5199904849163194,0.2703901044035089,WMT,Walmart,Stock
2010-08-10,12.573404312133787,17.406667709350586,0.0,17.49333381652832,17.229999542236328,17.303333282470703,0.0,26537400,0.3068452826422421,0.0941540274797974,WMT,Walmart,Stock
2010-08-11,12.35616683959961,17.00666618347168,0.101,17.206666946411133,16.99333381652832,17.206666946411133,0.0,33918900,-1.742853658235783,3.0375388740258513,WMT,Walmart,Stock
2010-08-12,12.213278770446776,16.809999465942383,0.0,16.926666259765625,16.670000076293945,16.85333251953125,0.0,38390700,-1.163149404188175,1.3529165364633062,WMT,Walmart,Stock
2010-08-13,12.206009864807127,16.799999237060547,0.0,16.913333892822266,16.666667938232422,16.77666664123535,0.0,30285900,-0.0595341327334886,0.0035443129603286,WMT,Walmart,Stock
2010-08-16,12.208436965942385,16.803333282470703,0.0,16.856666564941406,16.68666648864746,16.72333335876465,0.0,28946100,0.0198824995714648,0.0003953137892093,WMT,Walmart,Stock
2010-08-17,12.35616683959961,17.00666618347168,0.0,17.206666946411133,16.886667251586914,16.93000030517578,0.0,48946500,1.2028010373502087,1.446730335450738,WMT,Walmart,Stock
2010-08-18,12.317419052124023,16.953332901000977,0.0,17.106666564941406,16.873332977294922,17.0,0.0,47235000,-0.3140834048119999,0.0986483851782986,WMT,Walmart,Stock
2010-08-19,12.123669624328612,16.68666648864746,0.0,16.98666763305664,16.666667938232422,16.899999618530273,0.0,46902300,-1.5854734537525734,2.5137260725541135,WMT,Walmart,Stock
2010-08-20,12.162423133850098,16.739999771118164,0.0,16.823333740234375,16.676666259765625,16.72333335876465,0.0,35105100,0.3191418463223974,0.1018515180740687,WMT,Walmart,Stock
2010-08-23,12.38522720336914,17.046667098999023,0.0,17.166667938232422,16.796667098999023,16.856666564941406,0.0,43973400,1.8153280254942543,3.295415840144868,WMT,Walmart,Stock
2010-08-24,12.423974990844728,17.100000381469727,0.0,17.239999771118164,16.866666793823242,16.889999389648438,0.0,50102400,0.3123665056082558,0.0975728338259125,WMT,Walmart,Stock
2010-08-25,12.484525680541992,17.183332443237305,0.0,17.26333236694336,17.030000686645508,17.083332061767578,0.0,44527200,0.4861858990966239,0.2363767284803925,WMT,Walmart,Stock
2010-08-26,12.344053268432615,16.989999771118164,0.0,17.206666946411133,16.916667938232422,17.206666946411133,0.0,35696100,-1.1315501482563302,1.2804057380189229,WMT,Walmart,Stock
2010-08-27,12.351323127746582,17.0,0.0,17.083332061767578,16.906667709350586,17.00666618347168,0.0,35805000,0.0588762803801112,0.0034664163913974,WMT,Walmart,Stock
2010-08-30,12.242337226867676,16.850000381469727,0.0,17.083332061767578,16.843332290649414,17.00666618347168,0.0,25507500,-0.8862984422219791,0.7855249286851068,WMT,Walmart,Stock
2010-08-31,12.143047332763672,16.713333129882812,0.0,17.03333282470703,16.706666946411133,16.836666107177734,0.0,76078200,-0.8143438752527592,0.6631559471616815,WMT,Walmart,Stock
2010-09-01,12.399760246276855,17.066667556762695,0.0,17.143333435058594,16.81999969482422,16.829999923706055,0.0,40294500,2.0920367435866125,4.376617736516478,WMT,Walmart,Stock
2010-09-02,12.535382270812988,17.253332138061523,0.0,17.270000457763672,17.040000915527344,17.040000915527344,0.0,33618300,1.087808997432727,1.1833284148955945,WMT,Walmart,Stock
2010-09-03,12.603189468383787,17.34666633605957,0.0,17.363332748413086,17.183332443237305,17.286666870117188,0.0,28839300,0.539468691551834,0.2910264691646478,WMT,Walmart,Stock
2010-09-07,12.559602737426758,17.286666870117188,0.0,17.520000457763672,17.280000686645508,17.356666564941406,0.0,31751400,-0.3464382982169113,0.1200194944714295,WMT,Walmart,Stock
2010-09-08,12.552335739135742,17.27666664123535,0.0,17.32666778564453,17.17333221435547,17.296667098999023,0.0,26880000,-0.0578768421295023,0.0033497288548833,WMT,Walmart,Stock
2010-09-09,12.571710586547852,17.303333282470703,0.0,17.366666793823242,17.280000686645508,17.35333251953125,0.0,21869100,0.1542335259351944,0.0237879805224022,WMT,Walmart,Stock
2010-09-10,12.586243629455566,17.323333740234375,0.0,17.356666564941406,17.239999771118164,17.299999237060547,0.0,24481200,0.1155343904318902,0.0133481953724684,WMT,Walmart,Stock
2010-09-13,12.644368171691896,17.40333366394043,0.0,17.489999771118164,17.336666107177734,17.416667938232422,0.0,23604000,0.4607470125615225,0.2122878095843678,WMT,Walmart,Stock
2010-09-14,12.753348350524902,17.553333282470703,0.0,17.676666259765625,17.383333206176758,17.386667251586914,0.0,33604200,0.8581940632341747,0.7364970501703826,WMT,Walmart,Stock
2010-09-15,12.801783561706545,17.6200008392334,0.0,17.700000762939453,17.469999313354492,17.489999771118164,0.0,30594300,0.3790649122468939,0.1436902076967454,WMT,Walmart,Stock
2010-09-16,12.87201690673828,17.71666717529297,0.0,17.760000228881836,17.516666412353516,17.553333282470703,0.0,32228100,0.5471221163113703,0.2993426101570326,WMT,Walmart,Stock
2010-09-17,12.838115692138672,17.670000076293945,0.0,17.77666664123535,17.626667022705078,17.72333335876465,0.0,62399400,-0.2637188596141264,0.0695476369161753,WMT,Walmart,Stock
2010-09-20,12.966468811035156,17.84666633605957,0.0,17.889999389648438,17.696666717529297,17.700000762939453,0.0,27780300,0.9948168506965862,0.989660566429874,WMT,Walmart,Stock
2010-09-21,12.973735809326172,17.856666564941406,0.0,17.98666763305664,17.773332595825195,17.84000015258789,0.0,28275300,0.0560288447024709,0.0031392314386936,WMT,Walmart,Stock
2010-09-22,13.034279823303224,17.940000534057617,0.0,18.0,17.816667556762695,17.84000015258789,0.0,29730000,0.4655804902419669,0.2167651928939503,WMT,Walmart,Stock
2010-09-23,12.99311065673828,17.883333206176758,0.0,17.97333335876465,17.843332290649414,17.90999984741211,0.0,21873600,-0.316352889324793,0.1000791505841447,WMT,Walmart,Stock
2010-09-24,13.097249031066896,18.02666664123535,0.0,18.1299991607666,17.946666717529297,17.983333587646484,0.0,29305200,0.7982943019026869,0.6372737924502982,WMT,Walmart,Stock
2010-09-27,12.951933860778809,17.82666778564453,0.0,18.003332138061523,17.823333740234375,17.969999313354492,0.0,25986600,-1.115710065086029,1.244808949334271,WMT,Walmart,Stock
2010-09-28,13.034279823303224,17.940000534057617,0.0,17.996667861938477,17.683332443237305,17.843332290649414,0.0,33441900,0.6337686525081491,0.401662704901995,WMT,Walmart,Stock
2010-09-29,12.920453071594238,17.78333282470703,0.0,17.93666648864746,17.703332901000977,17.933332443237305,0.0,29592300,-0.8771231199795128,0.7693449676025947,WMT,Walmart,Stock
2010-09-30,12.961625099182127,17.84000015258789,0.0,17.996667861938477,17.713333129882812,17.843332290649414,0.0,32703000,0.3181511317976422,0.1012201426641207,WMT,Walmart,Stock
2010-10-01,12.922877311706545,17.786666870117188,0.0,17.873332977294922,17.733333587646484,17.866666793823242,0.0,24688200,-0.2993900813954014,0.089634420837945,WMT,Walmart,Stock
2010-10-04,12.973735809326172,17.856666564941406,0.0,17.899999618530273,17.713333129882812,17.780000686645508,0.0,21427500,0.392781579335301,0.1542773690651334,WMT,Walmart,Stock
2010-10-05,13.077873229980469,18.0,0.0,18.083332061767575,17.94333267211914,17.979999542236328,0.0,30648000,0.7994744214580688,0.6391593505657138,WMT,Walmart,Stock
2010-10-06,13.213495254516602,18.18666648864746,0.0,18.209999084472656,17.96666717529297,17.97333335876465,0.0,31241400,1.0316939384324404,1.0643923825982402,WMT,Walmart,Stock
2010-10-07,13.165060997009276,18.1200008392334,0.0,18.273332595825195,18.01333236694336,18.219999313354492,0.0,23309400,-0.3672248888463711,0.1348541189882296,WMT,Walmart,Stock
2010-10-08,13.177166938781738,18.13666725158691,0.0,18.196666717529297,18.00666618347168,18.11666679382324,0.0,26380800,0.0919128226680223,0.0084479669708033,WMT,Walmart,Stock
2010-10-11,13.225601196289062,18.203332901000977,0.0,18.246667861938477,18.143333435058594,18.17333221435547,0.0,21111900,0.3668881352849983,0.1346069038129032,WMT,Walmart,Stock
2010-10-12,13.058497428894045,17.97333335876465,0.0,18.149999618530273,17.916667938232422,18.149999618530273,0.0,45104400,-1.2715369944809038,1.61680632833353,WMT,Walmart,Stock
2010-10-13,13.034279823303224,17.940000534057617,0.0,18.17333221435547,17.90999984741211,18.059999465942383,0.0,40840800,-0.1856269442742984,0.0344573624406134,WMT,Walmart,Stock
2010-10-14,12.896228790283203,17.75,0.0,17.956666946411133,17.643333435058594,17.956666946411133,0.0,46640700,-1.0647869611346572,1.133771272602378,WMT,Walmart,Stock
2010-10-15,12.920453071594238,17.78333282470703,0.0,17.860000610351562,17.67333221435547,17.786666870117188,0.0,37677000,0.1876638411551458,0.0352177172771038,WMT,Walmart,Stock
2010-10-18,13.019744873046877,17.920000076293945,0.0,17.96666717529297,17.75,17.75,0.0,27689700,0.7655476383897196,0.5860631866440769,WMT,Walmart,Stock
2010-10-19,12.91318416595459,17.773332595825195,0.0,17.920000076293945,17.709999084472656,17.816667556762695,0.0,30675000,-0.8218223763574126,0.6753920182817448,WMT,Walmart,Stock
2010-10-20,12.94951343536377,17.823333740234375,0.0,17.946666717529297,17.75,17.76333236694336,0.0,29226900,0.2809397060113948,0.0789271184137689,WMT,Walmart,Stock
2010-10-21,13.085135459899902,18.010000228881836,0.0,18.11333274841309,17.863332748413086,17.89666748046875,0.0,28806600,1.0418673351783765,1.0854875441116911,WMT,Walmart,Stock
2010-10-22,13.0924072265625,18.020000457763672,0.0,18.03333282470703,17.953332901000977,17.98666763305664,0.0,17386500,0.055557291505453,0.0030866126394218,WMT,Walmart,Stock
2010-10-25,13.065760612487791,17.983333587646484,0.0,18.13333320617676,17.96666717529297,18.059999465942383,0.0,23889300,-0.2037346304655609,0.0415077996509386,WMT,Walmart,Stock
2010-10-26,13.213495254516602,18.18666648864746,0.0,18.24333381652832,17.94333267211914,17.946666717529297,0.0,30880800,1.1243560253660825,1.2641764717770148,WMT,Walmart,Stock
2010-10-27,13.046390533447266,17.956666946411133,0.0,18.209999084472656,17.850000381469727,18.079999923706055,0.0,39060900,-1.272716706071488,1.6198078139134582,WMT,Walmart,Stock
2010-10-28,13.097249031066896,18.02666664123535,0.0,18.07666778564453,17.863332748413086,18.06333351135254,0.0,24550800,0.3890702490008209,0.1513756586575607,WMT,Walmart,Stock
2010-10-29,13.119044303894045,18.05666732788086,0.0,18.196666717529297,17.8700008392334,18.01333236694336,0.0,24098700,0.1662727645747345,0.0276466322393251,WMT,Walmart,Stock
2010-11-01,13.152946472167969,18.10333251953125,0.0,18.166667938232425,18.00666618347168,18.016666412353516,0.0,24622500,0.2580861677441657,0.0666084699808696,WMT,Walmart,Stock
2010-11-02,13.269195556640623,18.26333236694336,0.0,18.329999923706055,18.163333892822266,18.183332443237305,0.0,26547600,0.8799425454686862,0.7742988833259109,WMT,Walmart,Stock
2010-11-03,13.298259735107422,18.303333282470703,0.0,18.316667556762695,18.073333740234375,18.25666618347168,0.0,27567600,0.2187954378179255,0.0478714436099377,WMT,Walmart,Stock
2010-11-04,13.40723991394043,18.453332901000977,0.0,18.5,18.316667556762695,18.333332061767575,0.0,39740400,0.8161673454665513,0.6661291358059169,WMT,Walmart,Stock
2010-11-05,13.368489265441896,18.399999618530273,0.0,18.573333740234375,18.299999237060547,18.483333587646484,0.0,30784200,-0.2894462764622382,0.0837791469578544,WMT,Walmart,Stock
2010-11-08,13.298259735107422,18.303333282470703,0.0,18.36000061035156,18.170000076293945,18.303333282470703,0.0,29823300,-0.5267210690043106,0.2774350845330437,WMT,Walmart,Stock
2010-11-09,13.332167625427246,18.350000381469727,0.0,18.40333366394043,18.27666664123535,18.36000061035156,0.0,30141300,0.2546553848721375,0.0648493650443764,WMT,Walmart,Stock
2010-11-10,13.20138931274414,18.170000076293945,0.0,18.253332138061523,18.030000686645508,18.253332138061523,0.0,33710700,-0.9857658511515482,0.9717343132965364,WMT,Walmart,Stock
2010-11-11,13.160215377807615,18.11333274841309,0.0,18.17333221435547,17.98666763305664,18.17333221435547,0.0,37698300,-0.3123783161244357,0.0975802123847379,WMT,Walmart,Stock
2010-11-12,13.109356880187988,18.043333053588867,0.0,18.11333274841309,17.953332901000977,18.03333282470703,0.0,32033400,-0.3872050954057699,0.1499277859081914,WMT,Walmart,Stock
2010-11-15,13.065760612487791,17.983333587646484,0.0,18.11666679382324,17.956666946411133,18.05666732788086,0.0,34378500,-0.333112606091325,0.1109640083369542,WMT,Walmart,Stock
2010-11-16,13.140835762023926,18.086666107177734,0.0,18.450000762939453,18.079999923706055,18.190000534057617,0.0,70665600,0.5729500606532454,0.3282717720025576,WMT,Walmart,Stock
2010-11-17,13.022174835205078,17.92333221435547,0.0,18.14666748046875,17.85333251953125,18.11666679382324,0.0,43514100,-0.9070954584304955,0.8228221707052309,WMT,Walmart,Stock
2010-11-18,13.073028564453123,17.99333381652832,0.0,18.21666717529297,17.96666717529297,18.046667098999023,0.0,34761900,0.389755870805943,0.1519096388276989,WMT,Walmart,Stock
2010-11-19,13.172321319580078,18.1299991607666,0.0,18.149999618530273,17.983333587646484,18.03333282470703,0.0,30922500,0.7566538780788269,0.5725250912117282,WMT,Walmart,Stock
2010-11-22,13.169907569885254,18.12666702270508,0.0,18.200000762939453,17.97333335876465,18.066667556762695,0.0,28505400,-0.0183260855541773,0.000335845411739,WMT,Walmart,Stock
2010-11-23,12.997952461242676,17.889999389648438,0.0,18.086666107177734,17.85333251953125,18.066667556762695,0.0,41554200,-1.3142655423307452,1.727293915757928,WMT,Walmart,Stock
2010-11-24,13.080291748046877,18.003332138061523,0.0,18.059999465942383,17.913333892822266,17.913333892822266,0.0,30937200,0.631480860154525,0.3987680767414987,WMT,Walmart,Stock
2010-11-26,13.014907836914062,17.913333892822266,0.0,17.976667404174805,17.856666564941406,17.89666748046875,0.0,12465000,-0.501119355281727,0.2511206082379738,WMT,Walmart,Stock
2010-11-29,13.04154109954834,17.950000762939453,0.0,17.97333335876465,17.809999465942383,17.883333206176758,0.0,32362800,0.2044274872173571,0.0417905975300027,WMT,Walmart,Stock
2010-11-30,13.099671363830566,18.030000686645508,0.0,18.143333435058594,17.866666793823242,17.920000076293945,0.0,52670700,0.4447411165728901,0.197794660770501,WMT,Walmart,Stock
2010-12-01,13.247396469116213,18.233333587646484,0.0,18.28333282470703,18.1299991607666,18.13999938964844,0.0,53648700,1.1213897066145446,1.2575148741010544,WMT,Walmart,Stock
2010-12-02,13.259510040283203,18.25,0.0,18.299999237060547,18.12666702270508,18.23666763305664,0.0,47324700,0.0913993642071181,0.0083538437774654,WMT,Walmart,Stock
2010-12-03,13.228021621704102,18.206666946411133,0.0,18.253332138061523,18.10333251953125,18.209999084472656,0.0,30290700,-0.2377604211264714,0.056530017854237,WMT,Walmart,Stock
2010-12-06,13.19654655456543,18.163333892822266,0.0,18.31333351135254,18.156667709350582,18.293333053588867,0.0,25898700,-0.2382258950398594,0.0567515770675421,WMT,Walmart,Stock
2010-12-07,13.34185028076172,18.36333274841309,0.0,18.446666717529297,18.18000030517578,18.18000030517578,0.0,47679900,1.0950561867070343,1.1991480520453512,WMT,Walmart,Stock
2010-12-08,13.269530296325684,18.163333892822266,0.101,18.316667556762695,18.149999618530273,18.286666870117188,0.0,37439100,-0.5435280764022679,0.2954227698375495,WMT,Walmart,Stock
2010-12-09,13.232993125915527,18.11333274841309,0.0,18.25666618347168,18.106666564941406,18.239999771118164,0.0,32198400,-0.2757261486072873,0.0760249090258079,WMT,Walmart,Stock
2010-12-10,13.218382835388184,18.093332290649418,0.0,18.13333320617676,18.046667098999023,18.10333251953125,0.0,36149700,-0.1104690510959646,0.0122034112500428,WMT,Walmart,Stock
2010-12-13,13.201336860656738,18.06999969482422,0.0,18.13333320617676,18.0,18.10333251953125,0.0,33975600,-0.1290398027902314,0.0166512707041418,WMT,Walmart,Stock
2010-12-14,13.259782791137695,18.149999618530273,0.0,18.19333267211914,18.00666618347168,18.03333282470703,0.0,32238600,0.4417502078100206,0.1951432461001964,WMT,Walmart,Stock
2010-12-15,13.206216812133787,18.07666778564453,0.0,18.11333274841309,18.01333236694336,18.07666778564453,0.0,31650600,-0.4047914528032941,0.1638561202626014,WMT,Walmart,Stock
2010-12-16,13.303616523742676,18.209999084472656,0.0,18.209999084472656,18.0,18.030000686645508,0.0,37005900,0.7348228006141766,0.539964548302462,WMT,Walmart,Stock
2010-12-17,13.250044822692873,18.13666725158691,0.0,18.25,18.12666702270508,18.226667404174805,0.0,64686600,-0.4034982071558283,0.1628108031779677,WMT,Walmart,Stock
2010-12-20,13.094185829162598,17.92333221435547,0.0,18.18666648864746,17.8700008392334,18.18666648864746,0.0,40846800,-1.1832633420678191,1.4001121366815048,WMT,Walmart,Stock
2010-12-21,13.06496810913086,17.883333206176758,0.0,17.953332901000977,17.8799991607666,17.920000076293945,0.0,24875700,-0.2233843820064093,0.0499005821243854,WMT,Walmart,Stock
2010-12-22,12.982169151306152,17.770000457763672,0.0,17.883333206176758,17.719999313354492,17.863332748413086,0.0,34376400,-0.6357645824090594,0.4041966042457657,WMT,Walmart,Stock
2010-12-23,13.052788734436035,17.866666793823242,0.0,17.89666748046875,17.713333129882812,17.72333335876465,0.0,27185100,0.5424994857882852,0.2943056920805538,WMT,Walmart,Stock
2010-12-27,13.045486450195312,17.856666564941406,0.0,17.90999984741211,17.74333381652832,17.85333251953125,0.0,17628600,-0.0559599006418779,0.0031315104798488,WMT,Walmart,Stock
2010-12-28,13.086886405944824,17.913333892822266,0.0,17.976667404174805,17.836666107177734,17.876667022705078,0.0,20367300,0.3168483062208794,0.1003928491550402,WMT,Walmart,Stock
2010-12-29,13.169683456420898,18.02666664123535,0.0,18.086666107177734,17.856666564941406,17.856666564941406,0.0,22886100,0.6306789146617141,0.3977558933988777,WMT,Walmart,Stock
2010-12-30,13.167243957519531,18.023332595825195,0.0,18.06333351135254,17.946666717529297,18.0,0.0,18911400,-0.0185253114002419,0.0003431871624759,WMT,Walmart,Stock
2010-12-31,13.13315200805664,17.976667404174805,0.0,18.083332061767575,17.93000030517578,17.989999771118164,0.0,21281700,-0.2592506105390467,0.0672108790648685,WMT,Walmart,Stock
2011-01-03,13.28657054901123,18.18666648864746,0.0,18.266666412353516,18.049999237060547,18.07666778564453,0.0,42894900,1.1614070899393103,1.3488664285612977,WMT,Walmart,Stock
2011-01-04,13.337708473205566,18.25666618347168,0.0,18.293333053588867,18.093332290649418,18.203332901000977,0.0,36463200,0.3841455164856365,0.1475677778360164,WMT,Walmart,Stock
2011-01-05,13.250044822692873,18.13666725158691,0.0,18.356666564941406,18.106666564941406,18.25,0.0,42646800,-0.6594311840313819,0.4348494864730303,WMT,Walmart,Stock
2011-01-06,13.140460968017578,17.98666763305664,0.0,18.12666702270508,17.926666259765625,18.10333251953125,0.0,46756500,-0.8304841550247135,0.6897039317471124,WMT,Walmart,Stock
2011-01-07,13.169683456420898,18.02666664123535,0.0,18.049999237060547,17.920000076293945,17.963333129882812,0.0,23905800,0.2221386545704363,0.0493455818543636,WMT,Walmart,Stock
2011-01-10,13.08444881439209,17.90999984741211,0.0,18.036666870117188,17.84666633605957,17.883333206176758,0.0,31437900,-0.649306864204693,0.4215994039033316,WMT,Walmart,Stock
2011-01-11,13.22082233428955,18.09666633605957,0.0,18.17333221435547,17.90999984741211,17.983333587646484,0.0,36070200,1.036862466834993,1.075083775131147,WMT,Walmart,Stock
2011-01-12,13.357195854187012,18.28333282470703,0.0,18.440000534057617,18.11333274841309,18.17333221435547,0.0,40659900,1.0262218631587467,1.0531313124250097,WMT,Walmart,Stock
2011-01-13,13.342583656311035,18.26333236694336,0.0,18.453332901000977,18.229999542236328,18.233333587646484,0.0,38596800,-0.109455580553241,0.011980524114247,WMT,Walmart,Stock
2011-01-14,13.347452163696287,18.270000457763672,0.0,18.329999923706055,18.13999938964844,18.24333381652832,0.0,27856800,0.0364818351843633,0.001330924298419,WMT,Walmart,Stock
2011-01-18,13.427811622619627,18.3799991607666,0.0,18.46666717529297,18.25,18.3700008392334,0.0,31602600,0.6002532848712558,0.360304005998733,WMT,Walmart,Stock
2011-01-19,13.401023864746094,18.343332290649418,0.0,18.38333320617676,18.23666763305664,18.34666633605957,0.0,29685000,-0.1996938464816069,0.0398776323226195,WMT,Walmart,Stock
2011-01-20,13.634809494018556,18.663333892822266,0.0,18.75666618347168,18.37333297729492,18.37333297729492,0.0,58837500,1.7294932509312175,2.9911469050166315,WMT,Walmart,Stock
2011-01-21,13.57149887084961,18.57666778564453,0.0,18.746667861938477,18.459999084472656,18.71666717529297,0.0,38876400,-0.4654121874970739,0.2166085042708115,WMT,Walmart,Stock
2011-01-24,13.64941692352295,18.683332443237305,0.0,18.683332443237305,18.433332443237305,18.463333129882812,0.0,33222600,0.5724882004028593,0.3277427396005044,WMT,Walmart,Stock
2011-01-25,13.94408893585205,19.086666107177734,0.0,19.09666633605957,18.600000381469727,18.706666946411133,0.0,61443300,2.135888177735356,4.562018307789659,WMT,Walmart,Stock
2011-01-26,13.958690643310549,19.106666564941406,0.0,19.25,19.0,19.1299991607666,0.0,39633600,0.1046613205681638,0.0109539920230719,WMT,Walmart,Stock
2011-01-27,14.019569396972656,19.190000534057617,0.0,19.26333236694336,19.00666618347168,19.15333366394043,0.0,30519600,0.4351868175868223,0.1893875662013462,WMT,Walmart,Stock
2011-01-28,13.80771541595459,18.899999618530273,0.0,19.299999237060547,18.833332061767575,19.229999542236328,0.0,43794600,-1.5226643607802852,2.3185067555904344,WMT,Walmart,Stock
2011-01-31,13.654288291931152,18.690000534057617,0.0,18.85333251953125,18.566667556762695,18.816667556762695,0.0,47065500,-1.1173891170376995,1.2485584388742903,WMT,Walmart,Stock
2011-02-01,13.717609405517578,18.77666664123535,0.0,18.86000061035156,18.63666725158691,18.790000915527344,0.0,38554800,0.4626732661656694,0.2140665512244084,WMT,Walmart,Stock
2011-02-02,13.603151321411133,18.6200008392334,0.0,18.726667404174805,18.549999237060547,18.719999313354492,0.0,42115800,-0.8378884825641747,0.7020571092136952,WMT,Walmart,Stock
2011-02-03,13.617761611938477,18.63999938964844,0.0,18.68000030517578,18.463333129882812,18.63999938964844,0.0,33850800,0.1073460832565876,0.0115231815905302,WMT,Walmart,Stock
2011-02-04,13.644545555114746,18.676666259765625,0.0,18.700000762939453,18.55666732788086,18.68000030517578,0.0,21318000,0.1964907198027488,0.0386086029686023,WMT,Walmart,Stock
2011-02-07,13.654288291931152,18.690000534057617,0.0,18.746667861938477,18.61000061035156,18.690000534057617,0.0,20162100,0.0713784133391593,0.0050948778908158,WMT,Walmart,Stock
2011-02-08,13.729782104492188,18.793333053588867,0.0,18.823333740234375,18.649999618530273,18.700000762939453,0.0,26458200,0.5513716750343809,0.3040107240302189,WMT,Walmart,Stock
2011-02-09,13.815020561218262,18.90999984741211,0.0,18.90999984741211,18.700000762939453,18.753332138061523,0.0,25743900,0.6189097075632147,0.3830492261159839,WMT,Walmart,Stock
2011-02-10,13.537399291992188,18.530000686645508,0.0,18.719999313354492,18.433332443237305,18.71666717529297,0.0,47286000,-2.030027358846069,4.121011077663546,WMT,Walmart,Stock
2011-02-11,13.561756134033203,18.56333351135254,0.0,18.62666702270508,18.43666648864746,18.510000228881836,0.0,28747500,0.1797609424869051,0.0323139964437804,WMT,Walmart,Stock
2011-02-14,13.345020294189451,18.266666412353516,0.0,18.43666648864746,18.22333335876465,18.420000076293945,0.0,48821700,-1.611047894738939,2.5954753191427677,WMT,Walmart,Stock
2011-02-15,13.381545066833496,18.316667556762695,0.0,18.350000381469727,18.170000076293945,18.260000228881836,0.0,33992100,0.2733220291409318,0.0747049316137163,WMT,Walmart,Stock
2011-02-16,13.284135818481444,18.183332443237305,0.0,18.399999618530273,18.143333435058594,18.299999237060547,0.0,46191300,-0.7305996202367798,0.5337758050901269,WMT,Walmart,Stock
2011-02-17,13.33283805847168,18.25,0.0,18.299999237060547,18.11666679382324,18.17333221435547,0.0,25617000,0.365949146334753,0.1339187777031345,WMT,Walmart,Stock
2011-02-18,13.486260414123535,18.459999084472656,0.0,18.523332595825195,18.166667938232425,18.226667404174805,0.0,59923800,1.1441400944888829,1.3090565558170293,WMT,Walmart,Stock
2011-02-22,13.069836616516112,17.889999389648438,0.0,18.003332138061523,17.649999618530273,17.93666648864746,0.0,86089800,-3.1364393177290584,9.83725159379672,WMT,Walmart,Stock
2011-02-23,12.913981437683104,17.676666259765625,0.0,17.866666793823242,17.633333206176758,17.81999969482422,0.0,60355800,-1.199647008499073,1.4391529450007747,WMT,Walmart,Stock
2011-02-24,12.685075759887695,17.363332748413086,0.0,17.72333335876465,17.293333053588867,17.709999084472656,0.0,70616100,-1.7884391390981171,3.1985145542580145,WMT,Walmart,Stock
2011-02-25,12.602274894714355,17.25,0.0,17.389999389648438,17.17333221435547,17.363332748413086,0.0,60968400,-0.6548820572613288,0.4288705089228303,WMT,Walmart,Stock
2011-02-28,12.658287048339844,17.32666778564453,0.0,17.476667404174805,17.226667404174805,17.25,0.0,53704500,0.4434758462726764,0.1966708262272665,WMT,Walmart,Stock
2011-03-01,12.68019962310791,17.356666564941406,0.0,17.53333282470703,17.316667556762695,17.386667251586914,0.0,52932000,0.1729588709442451,0.029914771038308,WMT,Walmart,Stock
2011-03-02,12.655851364135742,17.323333740234375,0.0,17.456666946411133,17.239999771118164,17.42333221435547,0.0,33432600,-0.1922025376409316,0.0369418154756137,WMT,Walmart,Stock
2011-03-03,12.665592193603516,17.336666107177734,0.0,17.42333221435547,17.233333587646484,17.39666748046875,0.0,37542000,0.0769373983442725,0.0059193632639852,WMT,Walmart,Stock
2011-03-04,12.68019962310791,17.356666564941406,0.0,17.496667861938477,17.24333381652832,17.46666717529297,0.0,47178000,0.1152651392966541,0.013286052337077,WMT,Walmart,Stock
2011-03-07,12.668025016784668,17.34000015258789,0.0,17.43000030517578,17.25,17.420000076293945,0.0,39093600,-0.0960588556583851,0.0092273037503984,WMT,Walmart,Stock
2011-03-08,12.77030086517334,17.479999542236328,0.0,17.51333236694336,17.336666107177734,17.366666793823242,0.0,35746500,0.8041126602169142,0.6465971703211225,WMT,Walmart,Stock
2011-03-09,12.916215896606444,17.55666732788086,0.121667,17.613332748413086,17.406667709350586,17.42333221435547,0.0,34149000,1.1361338116987991,1.2908000380852422,WMT,Walmart,Stock
2011-03-10,12.911310195922852,17.549999237060547,0.0,17.959999084472656,17.420000076293945,17.450000762939453,0.0,54933900,-0.0379881582542167,0.0014431001675474,WMT,Walmart,Stock
2011-03-11,12.896594047546388,17.530000686645508,0.0,17.649999618530273,17.3799991607666,17.546667098999023,0.0,43617900,-0.1140437428209324,0.0130059752766069,WMT,Walmart,Stock
2011-03-14,12.830389022827148,17.440000534057617,0.0,17.50666618347168,17.35333251953125,17.450000762939453,0.0,30649200,-0.5146749673704771,0.2648903220378017,WMT,Walmart,Stock
2011-03-15,12.766629219055176,17.35333251953125,0.0,17.450000762939453,17.126667022705078,17.25666618347168,0.0,41569800,-0.4981825229673811,0.2481858261901451,WMT,Walmart,Stock
2011-03-16,12.599865913391112,17.126667022705078,0.0,17.290000915527344,16.989999771118164,17.17333221435547,0.0,49214400,-1.3148502174460708,1.7288310943179797,WMT,Walmart,Stock
2011-03-17,12.597416877746582,17.123332977294922,0.0,17.290000915527344,17.01333236694336,17.246667861938477,0.0,32648100,-0.0194388869033524,0.0003778703240413,WMT,Walmart,Stock
2011-03-18,12.634198188781738,17.17333221435547,0.0,17.296667098999023,17.083332061767578,17.209999084472656,0.0,35415600,0.2915496054609224,0.0850011724444195,WMT,Walmart,Stock
2011-03-21,12.732297897338867,17.30666732788086,0.0,17.333332061767578,17.226667404174805,17.24333381652832,0.0,26150100,0.7734627383072399,0.5982446075497339,WMT,Walmart,Stock
2011-03-22,12.751907348632812,17.333332061767578,0.0,17.3799991607666,17.26333236694336,17.323333740234375,0.0,25284000,0.1538949712174454,0.0236836621660183,WMT,Walmart,Stock
2011-03-23,12.663628578186035,17.213333129882812,0.0,17.293333053588867,17.126667022705078,17.28333282470703,0.0,40587000,-0.6946863187967987,0.4825890815234473,WMT,Walmart,Stock
2011-03-24,12.896594047546388,17.530000686645508,0.0,17.649999618530273,17.25666618347168,17.27666664123535,0.0,45207900,1.822925598498451,3.3230577376609354,WMT,Walmart,Stock
2011-03-25,12.837740898132324,17.450000762939453,0.0,17.55666732788086,17.426666259765625,17.520000457763672,0.0,22837800,-0.4573908915234579,0.2092064276486236,WMT,Walmart,Stock
2011-03-28,12.798506736755373,17.39666748046875,0.0,17.5,17.336666107177734,17.43666648864746,0.0,25064100,-0.3060837339917738,0.0936872522143469,WMT,Walmart,Stock
2011-03-29,12.81567096710205,17.420000076293945,0.0,17.459999084472656,17.34666633605957,17.350000381469727,0.0,26129100,0.1340213464143632,0.0179617212947187,WMT,Walmart,Stock
2011-03-30,12.840189933776855,17.453332901000977,0.0,17.579999923706055,17.360000610351562,17.510000228881836,0.0,25660200,0.1911374109349371,0.036533509858911,WMT,Walmart,Stock
2011-03-31,12.76417064666748,17.350000381469727,0.0,17.440000534057617,17.296667098999023,17.383333206176758,0.0,32699100,-0.5938012803747603,0.3525999605747047,WMT,Walmart,Stock
2011-04-01,12.783791542053224,17.376667022705078,0.0,17.453332901000977,17.30666732788086,17.416667938232422,0.0,23879700,0.1536005032296113,0.0235931145923898,WMT,Walmart,Stock
2011-04-04,12.911310195922852,17.549999237060547,0.0,17.610000610351562,17.35333251953125,17.43666648864746,0.0,27660300,0.9925603881320222,0.9851761240887904,WMT,Walmart,Stock
2011-04-05,12.933382034301758,17.579999923706055,0.0,17.729999542236328,17.55666732788086,17.566667556762695,0.0,26605200,0.170803688032371,0.0291738998454595,WMT,Walmart,Stock
2011-04-06,12.992237091064451,17.65999984741211,0.0,17.73666763305664,17.55666732788086,17.55666732788086,0.0,25095300,0.4540308764332186,0.2061440367547166,WMT,Walmart,Stock
2011-04-07,12.997139930725098,17.666667938232422,0.0,17.746667861938477,17.583332061767578,17.616666793823242,0.0,36501300,0.0377295670819235,0.0014235202321893,WMT,Walmart,Stock
2011-04-08,12.8843412399292,17.51333236694336,0.0,17.71666717529297,17.42333221435547,17.670000076293945,0.0,29199900,-0.8716611251764986,0.7597931171439596,WMT,Walmart,Stock
2011-04-11,12.9530029296875,17.606666564941406,0.0,17.639999389648438,17.46666717529297,17.51333236694336,0.0,22400100,0.5314931050181344,0.2824849206818176,WMT,Walmart,Stock
2011-04-12,13.124658584594728,17.84000015258789,0.0,17.916667938232422,17.55666732788086,17.56333351135254,0.0,40248900,1.3165147810655375,1.7332111687640404,WMT,Walmart,Stock
2011-04-13,13.151639938354492,17.876667022705078,0.0,17.98666763305664,17.833332061767578,17.906667709350586,0.0,25788900,0.2053665452089214,0.0421754178910479,WMT,Walmart,Stock
2011-04-14,13.119751930236816,17.833332061767578,0.0,17.913333892822266,17.739999771118164,17.82666778564453,0.0,22244400,-0.2427585408287484,0.0589317091453031,WMT,Walmart,Stock
2011-04-15,13.132023811340332,17.850000381469727,0.0,17.89666748046875,17.766666412353516,17.850000381469727,0.0,26143800,0.0934937287155825,0.0087410773091429,WMT,Walmart,Stock
2011-04-18,13.073162078857422,17.770000457763672,0.0,17.883333206176758,17.636667251586914,17.69333267211914,0.0,28522200,-0.4492380380173187,0.2018148148016499,WMT,Walmart,Stock
2011-04-19,13.08297061920166,17.78333282470703,0.0,17.823333740234375,17.700000762939453,17.753332138061523,0.0,18443400,0.07499993150547,0.0056249897258252,WMT,Walmart,Stock
2011-04-20,13.166354179382324,17.89666748046875,0.0,17.983333587646484,17.8799991607666,17.916667938232422,0.0,22202400,0.6353217942973866,0.4036337823092507,WMT,Walmart,Stock
2011-04-21,13.139375686645508,17.860000610351562,0.0,17.976667404174805,17.80666732788086,17.940000534057617,0.0,17559900,-0.2051150249995965,0.0420721734805851,WMT,Walmart,Stock
2011-04-25,13.087878227233888,17.790000915527344,0.0,17.886667251586914,17.74333381652832,17.866666793823242,0.0,17441400,-0.3927023832647077,0.1542151618217813,WMT,Walmart,Stock
2011-04-26,13.220297813415527,17.969999313354492,0.0,18.07666778564453,17.760000228881836,17.796667098999023,0.0,35973600,1.0066885996410957,1.0134219366473498,WMT,Walmart,Stock
2011-04-27,13.345366477966309,18.13999938964844,0.0,18.203332901000977,17.959999084472656,17.959999084472656,0.0,29148300,0.941588263817239,0.8865884585583625,WMT,Walmart,Stock
2011-04-28,13.411577224731444,18.229999542236328,0.0,18.266666412353516,18.093332290649418,18.09666633605957,0.0,29473800,0.4949061644975856,0.2449321116577112,WMT,Walmart,Stock
2011-04-29,13.48269271850586,18.32666778564453,0.0,18.38666725158691,18.11000061035156,18.13666725158691,0.0,29445600,0.5288536158414842,0.2796861469886121,WMT,Walmart,Stock
2011-05-02,13.49740982055664,18.34666633605957,0.0,18.36000061035156,18.22333335876465,18.36000061035156,0.0,24530100,0.1090959790768418,0.0119019326507347,WMT,Walmart,Stock
2011-05-03,13.600407600402832,18.48666763305664,0.0,18.59000015258789,18.31999969482422,18.36000061035156,0.0,33367800,0.7601961018791805,0.5778981133123015,WMT,Walmart,Stock
2011-05-04,13.578341484069824,18.456666946411133,0.0,18.59666633605957,18.399999618530273,18.43666648864746,0.0,24491400,-0.1623777541255959,0.0263665350348724,WMT,Walmart,Stock
2011-05-05,13.504768371582031,18.356666564941406,0.0,18.53333282470703,18.296667098999023,18.38333320617676,0.0,33390300,-0.5433149580255948,0.2951911436143538,WMT,Walmart,Stock
2011-05-06,13.492504119873049,18.34000015258789,0.0,18.516666412353516,18.286666870117188,18.433332443237305,0.0,24127800,-0.0908554933207907,0.0082547206665642,WMT,Walmart,Stock
2011-05-09,13.512118339538574,18.36666679382324,0.0,18.453332901000977,18.233333587646484,18.323333740234375,0.0,19639500,0.1452656717877592,0.0211021153999489,WMT,Walmart,Stock
2011-05-10,13.617568969726562,18.510000228881836,0.0,18.53333282470703,18.36666679382324,18.38333320617676,0.0,26265300,0.777385747519258,0.6043286004460756,WMT,Walmart,Stock
2011-05-11,13.618806838989258,18.38999938964844,0.121667,18.536666870117188,18.34666633605957,18.3700008392334,0.0,28266600,0.0090898236405668,8.262489381660729e-05,WMT,Walmart,Stock
2011-05-12,13.7545747756958,18.573333740234375,0.0,18.61000061035156,18.303333282470703,18.413333892822266,0.0,26850000,0.99197864507495,0.984021632284734,WMT,Walmart,Stock
2011-05-13,13.7545747756958,18.573333740234375,0.0,18.676666259765625,18.446666717529297,18.59000015258789,0.0,26857500,0.0,0.0,WMT,Walmart,Stock
2011-05-16,13.838505744934082,18.68666648864746,0.0,18.823333740234375,18.49333381652832,18.536666870117188,0.0,42520500,0.6083498217977347,0.3700895056813355,WMT,Walmart,Stock
2011-05-17,13.710143089294434,18.51333236694336,0.0,18.76333236694336,18.413333892822266,18.520000457763672,0.0,43771500,-0.9319047578571878,0.8684464777168639,WMT,Walmart,Stock
2011-05-18,13.62127685546875,18.393333435058594,0.0,18.51333236694336,18.316667556762695,18.5,0.0,34248300,-0.6502885482431028,0.4228751959761222,WMT,Walmart,Stock
2011-05-19,13.69533348083496,18.49333381652832,0.0,18.53333282470703,18.34666633605957,18.40999984741211,0.0,23075400,0.5422108079188731,0.2939925602240371,WMT,Walmart,Stock
2011-05-20,13.648426055908203,18.43000030517578,0.0,18.56333351135254,18.393333435058594,18.516666412353516,0.0,26396700,-0.343094524931717,0.1177138530381206,WMT,Walmart,Stock
2011-05-23,13.631155014038086,18.406667709350582,0.0,18.5,18.329999923706055,18.329999923706055,0.0,22018200,-0.1266225029880439,0.0160332582629572,WMT,Walmart,Stock
2011-05-24,13.522538185119627,18.260000228881836,0.0,18.43666648864746,18.203332901000977,18.413333892822266,0.0,36721800,-0.8000194112753292,0.6400310584173242,WMT,Walmart,Stock
2011-05-25,13.468225479125977,18.18666648864746,0.0,18.233333587646484,18.066667556762695,18.209999084472656,0.0,30593400,-0.402454557993895,0.1619696712500614,WMT,Walmart,Stock
2011-05-26,13.483040809631348,18.206666946411133,0.0,18.233333587646484,18.06333351135254,18.176666259765625,0.0,17315100,0.1099416393941039,0.0120871640726631,WMT,Walmart,Stock
2011-05-27,13.502782821655272,18.233333587646484,0.0,18.36333274841309,18.206666946411133,18.25,0.0,15946500,0.1463139744452832,0.0214077791179749,WMT,Walmart,Stock
2011-05-31,13.631155014038086,18.406667709350582,0.0,18.406667709350582,18.270000457763672,18.293333053588867,0.0,26703300,0.9462183554298508,0.8953291761523712,WMT,Walmart,Stock
2011-06-01,13.404040336608888,18.100000381469727,0.0,18.38999938964844,18.083332061767575,18.32666778564453,0.0,33544800,-1.6801803526291244,2.8230060173609286,WMT,Walmart,Stock
2011-06-02,13.218911170959473,17.850000381469727,0.0,18.06999969482422,17.71666717529297,18.06999969482422,0.0,44354700,-1.3907710392574304,1.934244083637193,WMT,Walmart,Stock
2011-06-03,13.246057510375977,17.886667251586914,0.0,17.950000762939453,17.68000030517578,17.71666717529297,0.0,39862200,0.2051492995446112,0.0420862351036446,WMT,Walmart,Stock
2011-06-06,13.270744323730469,17.920000076293945,0.0,18.06333351135254,17.833332061767578,17.953332901000977,0.0,33726900,0.1861975711948493,0.0346695355188609,WMT,Walmart,Stock
2011-06-07,13.288022994995115,17.94333267211914,0.0,18.100000381469727,17.92333221435547,17.979999542236328,0.0,29724900,0.1301165336106733,0.0169303123188574,WMT,Walmart,Stock
2011-06-08,13.253470420837402,17.89666748046875,0.0,17.97333335876465,17.809999465942383,17.8700008392334,0.0,34981800,-0.2603666126537436,0.0677907729847845,WMT,Walmart,Stock
2011-06-09,13.236184120178224,17.873332977294922,0.0,18.07666778564453,17.8700008392334,17.90999984741211,0.0,34022400,-0.1305136168248384,0.0170338041767007,WMT,Walmart,Stock
2011-06-10,13.014016151428224,17.573333740234375,0.0,17.946666717529297,17.56333351135254,17.889999389648438,0.0,43756200,-1.6927358370043804,2.86535461387892,WMT,Walmart,Stock
2011-06-13,12.989333152770996,17.540000915527344,0.0,17.75,17.52666664123535,17.636667251586914,0.0,37635300,-0.1898448217713653,0.0360410563534014,WMT,Walmart,Stock
2011-06-14,13.060924530029297,17.636667251586914,0.0,17.753332138061523,17.59000015258789,17.6200008392334,0.0,26392200,0.5496418374428469,0.3021061494675489,WMT,Walmart,Stock
2011-06-15,12.915277481079102,17.440000534057617,0.0,17.546667098999023,17.26333236694336,17.546667098999023,0.0,45972000,-1.1214000814338223,1.2575381426397838,WMT,Walmart,Stock
2011-06-16,13.041173934936523,17.610000610351562,0.0,17.656667709350586,17.399999618530273,17.48666763305664,0.0,35231100,0.9700666636348498,0.9410293318956487,WMT,Walmart,Stock
2011-06-17,13.038702011108398,17.606666564941406,0.0,17.76333236694336,17.606666564941406,17.68666648864746,0.0,61692900,-0.0189565613014489,0.0003593512163755,WMT,Walmart,Stock
2011-06-20,13.093011856079102,17.68000030517578,0.0,17.833332061767578,17.566667556762695,17.566667556762695,0.0,45594300,0.4156629254542685,0.1727756675972007,WMT,Walmart,Stock
2011-06-21,13.1547212600708,17.76333236694336,0.0,17.76333236694336,17.583332061767578,17.700000762939453,0.0,32673000,0.4702083598309476,0.2210959016549099,WMT,Walmart,Stock
2011-06-22,13.085603713989258,17.670000076293945,0.0,17.76333236694336,17.610000610351562,17.700000762939453,0.0,31747500,-0.5268052586834853,0.2775237805765738,WMT,Walmart,Stock
2011-06-23,13.1547212600708,17.76333236694336,0.0,17.899999618530273,17.55666732788086,17.786666870117188,0.0,54463200,0.5268052586834776,0.2775237805765657,WMT,Walmart,Stock
2011-06-24,12.937493324279783,17.469999313354492,0.0,17.80666732788086,17.450000762939453,17.729999542236328,0.0,62301300,-1.6651170343834936,2.7726147381940804,WMT,Walmart,Stock
2011-06-27,12.907872200012209,17.43000030517578,0.0,17.586666107177734,17.42333221435547,17.440000534057617,0.0,30501000,-0.2292181722799915,0.0525409705033798,WMT,Walmart,Stock
2011-06-28,12.967120170593262,17.510000228881836,0.0,17.510000228881836,17.3799991607666,17.479999542236328,0.0,32963100,0.4579562635618346,0.2097239393355165,WMT,Walmart,Stock
2011-06-29,12.994268417358398,17.546667098999023,0.0,17.59666633605957,17.476667404174805,17.540000915527344,0.0,26600400,0.2091433327528701,0.0437409336349777,WMT,Walmart,Stock
2011-06-30,13.117695808410645,17.713333129882812,0.0,17.719999313354492,17.516666412353516,17.553333282470703,0.0,29952900,0.9453774465130552,0.8937385163755448,WMT,Walmart,Stock
2011-07-01,13.209028244018556,17.836666107177734,0.0,17.883333206176758,17.666667938232422,17.729999542236328,0.0,28439400,0.6938409946690005,0.481415325883268,WMT,Walmart,Stock
2011-07-05,13.179409980773926,17.796667098999023,0.0,17.85333251953125,17.67333221435547,17.780000686645508,0.0,27637500,-0.2244791861477193,0.0503909050135424,WMT,Walmart,Stock
2011-07-06,13.26087474822998,17.906667709350586,0.0,17.983333587646484,17.809999465942383,17.809999465942383,0.0,24234600,0.6162189709867848,0.3797258202040119,WMT,Walmart,Stock
2011-07-07,13.45095157623291,18.163333892822266,0.0,18.270000457763672,18.06333351135254,18.190000534057617,0.0,38460900,1.4231901179227169,2.025470111752876,WMT,Walmart,Stock
2011-07-08,13.349738121032717,18.02666664123535,0.0,18.106666564941406,17.92333221435547,18.083332061767575,0.0,27399900,-0.7553084455731716,0.5704908479541607,WMT,Walmart,Stock
2011-07-11,13.297898292541504,17.956666946411133,0.0,18.02666664123535,17.899999618530273,17.940000534057617,0.0,22645200,-0.3890768628250955,0.1513808051858182,WMT,Walmart,Stock
2011-07-12,13.315176010131836,17.979999542236328,0.0,18.13999938964844,17.920000076293945,17.953332901000977,0.0,28457100,0.1298438490891251,0.0168594251462795,WMT,Walmart,Stock
2011-07-13,13.33492660522461,18.00666618347168,0.0,18.09000015258789,17.946666717529297,18.023332595825195,0.0,30460200,0.1482215584215995,0.0219696303809276,WMT,Walmart,Stock
2011-07-14,13.238655090332031,17.876667022705078,0.0,17.899999618530273,17.793333053588867,17.84000015258789,0.0,46566300,-0.7245687629387081,0.5249998922265298,WMT,Walmart,Stock
2011-07-15,13.238655090332031,17.876667022705078,0.0,17.989999771118164,17.81999969482422,17.90999984741211,0.0,30550500,0.0,0.0,WMT,Walmart,Stock
2011-07-18,13.162129402160645,17.773332595825195,0.0,17.84666633605957,17.726667404174805,17.803333282470703,0.0,24658200,-0.5797244586899076,0.3360804480033064,WMT,Walmart,Stock
2011-07-19,13.322583198547363,17.989999771118164,0.0,18.010000228881836,17.780000686645508,17.799999237060547,0.0,25756200,1.211685865200638,1.4681826359270191,WMT,Walmart,Stock
2011-07-20,13.30283260345459,17.963333129882812,0.0,17.989999771118164,17.866666793823242,17.969999313354492,0.0,26573700,-0.1483589879857653,0.0220103893161604,WMT,Walmart,Stock
2011-07-21,13.446011543273926,18.156667709350582,0.0,18.229999542236328,17.969999313354492,18.0,0.0,31831800,1.0705532283240151,1.1460842146749708,WMT,Walmart,Stock
2011-07-22,13.458352088928224,18.17333221435547,0.0,18.239999771118164,18.083332061767575,18.19333267211914,0.0,20407500,0.091736394054418,0.0084155659941074,WMT,Walmart,Stock
2011-07-25,13.322583198547363,17.989999771118164,0.0,18.13333320617676,17.983333587646484,18.010000228881836,0.0,24532800,-1.0139306343926755,1.028055331359934,WMT,Walmart,Stock
2011-07-26,13.228779792785645,17.863332748413086,0.0,18.030000686645508,17.836666107177734,18.010000228881836,0.0,32794200,-0.7065836587104632,0.4992604667566644,WMT,Walmart,Stock
2011-07-27,13.14484977722168,17.75,0.0,17.916667938232422,17.72333335876465,17.81333351135254,0.0,36600300,-0.6364713561459827,0.4050957871943064,WMT,Walmart,Stock
2011-07-28,13.080674171447754,17.663333892822266,0.0,17.850000381469727,17.656667709350586,17.770000457763672,0.0,26725800,-0.4894143125407093,0.239526369319695,WMT,Walmart,Stock
2011-07-29,13.011554718017578,17.56999969482422,0.0,17.71666717529297,17.55666732788086,17.593332290649414,0.0,39579600,-0.5298099706547077,0.2806986050051422,WMT,Walmart,Stock
2011-08-01,12.989333152770996,17.540000915527344,0.0,17.663333892822266,17.356666564941406,17.59666633605957,0.0,32064000,-0.1709293218552934,0.0292168330699104,WMT,Walmart,Stock
2011-08-02,12.757290840148926,17.226667404174805,0.0,17.516666412353516,17.22333335876465,17.413333892822266,0.0,45718800,-1.802555516378104,3.249206389625133,WMT,Walmart,Stock
2011-08-03,12.658552169799805,17.093332290649414,0.0,17.350000381469727,17.003332138061523,17.253332138061523,0.0,64366200,-0.7769891170457025,0.6037120880074603,WMT,Walmart,Stock
2011-08-04,12.367269515991213,16.700000762939453,0.0,16.996667861938477,16.690000534057617,16.996667861938477,0.0,78213600,-2.327961992012132,5.419407036253094,WMT,Walmart,Stock
2011-08-05,12.552407264709473,16.950000762939453,0.0,16.97333335876465,16.530000686645508,16.863332748413086,0.0,81896700,1.4859033423972414,2.2079087429472937,WMT,Walmart,Stock
2011-08-08,12.075984001159668,16.30666732788086,0.0,17.110000610351562,16.25666618347168,16.933332443237305,0.0,99128700,-3.8693774107216585,14.972081546603048,WMT,Walmart,Stock
2011-08-09,12.544995307922363,16.940000534057617,0.0,16.969999313354492,16.22333335876465,16.446666717529297,0.0,71966700,3.810311880086393,14.518476623527503,WMT,Walmart,Stock
2011-08-10,12.036537170410156,16.136667251586914,0.121667,16.68666648864746,16.10333251953125,16.67333221435547,0.0,81008700,-4.137501771676308,17.11892091062459,WMT,Walmart,Stock
2011-08-11,12.364741325378418,16.57666778564453,0.0,16.799999237060547,16.28333282470703,16.28333282470703,0.0,64798500,2.690219276804532,7.2372797572906995,WMT,Walmart,Stock
2011-08-12,12.369709968566896,16.583332061767578,0.0,16.770000457763672,16.426666259765625,16.700000762939453,0.0,45481200,0.0401758922909623,0.001614102321375,WMT,Walmart,Stock
2011-08-15,12.42689609527588,16.65999984741211,0.0,16.69333267211914,16.43000030517578,16.626667022705078,0.0,44489100,0.4612423808753908,0.212744533915599,WMT,Walmart,Stock
2011-08-16,12.909256935119627,17.30666732788086,0.0,17.49333381652832,17.040000915527344,17.14666748046875,0.0,76786500,3.808148230990333,14.501992949194804,WMT,Walmart,Stock
2011-08-17,12.8172607421875,17.183332443237305,0.0,17.393333435058594,17.053333282470703,17.239999771118164,0.0,46540200,-0.7151887885929059,0.5114950033289882,WMT,Walmart,Stock
2011-08-18,12.876931190490724,17.26333236694336,0.0,17.316667556762695,16.770000457763672,16.836666107177734,0.0,75137100,0.4644672674042316,0.215729842489954,WMT,Walmart,Stock
2011-08-19,13.003738403320312,17.433332443237305,0.0,17.579999923706055,17.15999984741211,17.163333892822266,0.0,69107100,0.9799454927997155,0.9602931688584774,WMT,Walmart,Stock
2011-08-22,12.976388931274414,17.39666748046875,0.0,17.546667098999023,17.360000610351562,17.413333892822266,0.0,41313900,-0.2105415558323057,0.0443277467322879,WMT,Walmart,Stock
2011-08-23,13.22999668121338,17.73666763305664,0.0,17.73666763305664,17.376667022705078,17.386667251586914,0.0,51510000,1.935525722451264,3.746259822270487,WMT,Walmart,Stock
2011-08-24,13.269781112670898,17.790000915527344,0.0,17.80666732788086,17.60333251953125,17.67333221435547,0.0,34187100,0.3002626033889303,0.090157630993898,WMT,Walmart,Stock
2011-08-25,13.103189468383787,17.566667556762695,0.0,17.829999923706055,17.516666412353516,17.793333053588867,0.0,32912400,-1.263368186573863,1.596099174846931,WMT,Walmart,Stock
2011-08-26,13.152921676635742,17.633333206176758,0.0,17.746667861938477,17.316667556762695,17.59666633605957,0.0,31380600,0.3788243236170711,0.1435078681639314,WMT,Walmart,Stock
2011-08-29,13.225020408630373,17.729999542236328,0.0,17.81333351135254,17.666667938232422,17.703332901000977,0.0,25431000,0.5466606250787822,0.2988378390115249,WMT,Walmart,Stock
2011-08-30,13.13302516937256,17.606666564941406,0.0,17.709999084472656,17.469999313354492,17.6200008392334,0.0,40452600,-0.6980457829318061,0.4872679150688781,WMT,Walmart,Stock
2011-08-31,13.225020408630373,17.729999542236328,0.0,17.793333053588867,17.6200008392334,17.666667938232422,0.0,39690600,0.6980457829318034,0.4872679150688744,WMT,Walmart,Stock
2011-09-01,13.090764999389648,17.549999237060547,0.0,17.850000381469727,17.549999237060547,17.733333587646484,0.0,37477800,-1.0203501202849563,1.0411143679655248,WMT,Walmart,Stock
2011-09-02,12.936602592468262,17.343332290649414,0.0,17.546667098999023,17.323333740234375,17.416667938232422,0.0,32428500,-1.1846315939618692,1.403352013412639,WMT,Walmart,Stock
2011-09-06,12.849578857421877,17.226667404174805,0.0,17.26333236694336,16.956666946411133,17.15999984741211,0.0,51343200,-0.6749666723695767,0.4555800088096595,WMT,Walmart,Stock
2011-09-07,13.033573150634766,17.47333335876465,0.0,17.520000457763672,17.28333282470703,17.350000381469727,0.0,31210500,1.4217541395714868,2.021384833388659,WMT,Walmart,Stock
2011-09-08,12.981358528137209,17.40333366394043,0.0,17.583332061767578,17.35333251953125,17.360000610351562,0.0,34807500,-0.4014209474564961,0.161138777056871,WMT,Walmart,Stock
2011-09-09,12.77001667022705,17.1200008392334,0.0,17.393333435058594,17.066667556762695,17.299999237060547,0.0,36083400,-1.6414393519154826,2.6943231460167194,WMT,Walmart,Stock
2011-09-12,12.884390830993652,17.273332595825195,0.0,17.27666664123535,16.940000534057617,16.950000762939453,0.0,33687900,0.8916590144765766,0.7950557980973398,WMT,Walmart,Stock
2011-09-13,12.827207565307615,17.196666717529297,0.0,17.266666412353516,17.073333740234375,17.26333236694336,0.0,32312400,-0.4448059516692868,0.1978523346404199,WMT,Walmart,Stock
2011-09-14,12.978872299194336,17.399999618530273,0.0,17.59666633605957,17.19333267211914,17.23666763305664,0.0,37522800,1.1754321531761138,1.3816407467202352,WMT,Walmart,Stock
2011-09-15,13.055952072143556,17.503332138061523,0.0,17.503332138061523,17.31333351135254,17.406667709350586,0.0,32997600,0.5921299645627323,0.3506178949330625,WMT,Walmart,Stock
2011-09-16,13.090764999389648,17.549999237060547,0.0,17.71666717529297,17.516666412353516,17.583332061767578,0.0,107053800,0.2662892455858049,0.0709099623146571,WMT,Walmart,Stock
2011-09-19,13.041032791137695,17.483333587646484,0.0,17.540000915527344,17.34666633605957,17.393333435058594,0.0,27086700,-0.3806264589409123,0.144876501245898,WMT,Walmart,Stock
2011-09-20,13.001250267028809,17.43000030517578,0.0,17.639999389648438,17.389999389648438,17.479999542236328,0.0,25263600,-0.3055227912666796,0.093344175983383,WMT,Walmart,Stock
2011-09-21,12.760071754455566,17.106666564941406,0.0,17.530000686645508,17.09666633605957,17.453332901000977,0.0,31421700,-1.8724625933141037,3.5061161633605775,WMT,Walmart,Stock
2011-09-22,12.50148582458496,16.760000228881836,0.0,17.07666778564453,16.64666748046875,16.883333206176758,0.0,63960900,-2.0473398079714187,4.1916002893044455,WMT,Walmart,Stock
2011-09-23,12.630780220031738,16.933332443237305,0.0,16.98666763305664,16.676666259765625,16.726667404174805,0.0,38109000,1.0289206384413088,1.0586776802104705,WMT,Walmart,Stock
2011-09-26,12.886877059936523,17.27666664123535,0.0,17.28333282470703,16.933332443237305,16.979999542236328,0.0,34081800,2.0072801814000822,4.029173726641547,WMT,Walmart,Stock
2011-09-27,12.936602592468262,17.343332290649414,0.0,17.6200008392334,17.266666412353516,17.453332901000977,0.0,34477500,0.3851192376898473,0.1483168272388091,WMT,Walmart,Stock
2011-09-28,12.757587432861328,17.10333251953125,0.0,17.47333335876465,17.09666633605957,17.373332977294922,0.0,34380600,-1.393451640598084,1.9417074746854917,WMT,Walmart,Stock
2011-09-29,12.911738395690918,17.309999465942383,0.0,17.46666717529297,17.106666564941406,17.270000457763672,0.0,31033200,1.2010663385185218,1.4425603495222885,WMT,Walmart,Stock
2011-09-30,12.90428352355957,17.299999237060547,0.0,17.530000686645508,17.23666763305664,17.28333282470703,0.0,40857900,-0.0577538426476386,0.0033355063405682,WMT,Walmart,Stock
2011-10-03,12.91920280456543,17.31999969482422,0.0,17.639999389648438,17.28333282470703,17.293333053588867,0.0,46500600,0.1155481678672724,0.0133513790974833,WMT,Walmart,Stock
2011-10-04,13.14794921875,17.626667022705078,0.0,17.65999984741211,17.209999084472656,17.246667861938477,0.0,56092500,1.755099949731419,3.0803758335472295,WMT,Walmart,Stock
2011-10-05,13.090764999389648,17.549999237060547,0.0,17.75,17.376667022705078,17.566667556762695,0.0,40813500,-0.4358773789096006,0.1899890894451035,WMT,Walmart,Stock
2011-10-06,13.115623474121094,17.583332061767578,0.0,17.633333206176758,17.44333267211914,17.579999923706055,0.0,30063600,0.1897131473286805,0.0359910782693536,WMT,Walmart,Stock
2011-10-07,13.35182762145996,17.899999618530273,0.0,18.010000228881836,17.633333206176758,17.69333267211914,0.0,41738700,1.7849124760863664,3.1859125472887633,WMT,Walmart,Stock
2011-10-10,13.627817153930664,18.270000457763672,0.0,18.393333435058594,18.06333351135254,18.06333351135254,0.0,36565200,2.0459806807769114,4.186036946112354,WMT,Walmart,Stock
2011-10-11,13.60544204711914,18.239999771118164,0.0,18.26333236694336,18.1299991607666,18.260000228881836,0.0,30640500,-0.1643219541300963,0.0270017046091334,WMT,Walmart,Stock
2011-10-12,13.72478199005127,18.399999618530273,0.0,18.796667098999023,18.333332061767575,18.350000381469727,0.0,66291900,0.8733239893567168,0.7626947903859309,WMT,Walmart,Stock
2011-10-13,13.680028915405272,18.34000015258789,0.0,18.43666648864746,18.239999771118164,18.34666633605957,0.0,31503300,-0.3266077228783423,0.106672604643776,WMT,Walmart,Stock
2011-10-14,13.789430618286133,18.48666763305664,0.0,18.489999771118164,18.209999084472656,18.426666259765625,0.0,32118000,0.7965375597005856,0.634472084013764,WMT,Walmart,Stock
2011-10-17,13.62036418914795,18.260000228881836,0.0,18.48666763305664,18.15999984741211,18.26333236694336,0.0,26910600,-1.2336361833181846,1.5218582327918575,WMT,Walmart,Stock
2011-10-18,13.896343231201172,18.6299991607666,0.0,18.729999542236328,18.270000457763672,18.31333351135254,0.0,42211200,2.005968897863781,4.023911219196831,WMT,Walmart,Stock
2011-10-19,13.98585319519043,18.75,0.0,18.809999465942383,18.566667556762695,18.56999969482422,0.0,38955600,0.6420604038356844,0.4122415621736421,WMT,Walmart,Stock
2011-10-20,14.015694618225098,18.790000915527344,0.0,18.959999084472656,18.683332443237305,18.733333587646484,0.0,37937400,0.2131413201211883,0.0454292223430028,WMT,Walmart,Stock
2011-10-21,14.152436256408691,18.97333335876465,0.0,19.13999938964844,18.88333320617676,18.913333892822266,0.0,43495800,0.970903699344443,0.9426539934007244,WMT,Walmart,Stock
2011-10-24,14.11762809753418,18.926666259765625,0.0,19.0,18.86666679382324,18.959999084472656,0.0,27838500,-0.2462546673316866,0.0606413611826396,WMT,Walmart,Stock
2011-10-25,14.100231170654297,18.90333366394043,0.0,19.049999237060547,18.850000381469727,18.88666725158691,0.0,30312900,-0.1233043861954589,0.0152039716550388,WMT,Walmart,Stock
2011-10-26,14.264326095581056,19.12333297729492,0.0,19.14666748046875,18.86666679382324,19.03333282470703,0.0,38174100,1.157054940799361,1.3387761360282135,WMT,Walmart,Stock
2011-10-27,14.37372589111328,19.270000457763672,0.0,19.31999969482422,19.149999618530273,19.266666412353516,0.0,45976500,0.7640207353950924,0.5837276841136578,WMT,Walmart,Stock
2011-10-28,14.209630012512209,19.049999237060547,0.0,19.290000915527344,18.98666763305664,19.28333282470703,0.0,33878400,-1.1482044444382844,1.3183734462278294,WMT,Walmart,Stock
2011-10-31,14.102713584899902,18.906667709350582,0.0,19.09666633605957,18.86000061035156,18.86000061035156,0.0,28442700,-0.7552672951918654,0.5704286871864364,WMT,Walmart,Stock
2011-11-01,13.980879783630373,18.74333381652832,0.0,18.913333892822266,18.559999465942383,18.606666564941406,0.0,41364300,-0.8676565281522719,0.7528278508452542,WMT,Walmart,Stock
2011-11-02,14.137526512145996,18.953332901000977,0.0,19.06333351135254,18.84666633605957,18.92333221435547,0.0,26760900,1.114205033129541,1.2414528558512017,WMT,Walmart,Stock
2011-11-03,14.276762962341309,19.13999938964844,0.0,19.176666259765625,18.86666679382324,19.016666412353516,0.0,28726800,0.9800531158456016,0.960504109878672,WMT,Walmart,Stock
2011-11-04,14.296653747558594,19.166667938232425,0.0,19.166667938232425,18.96666717529297,19.02666664123535,0.0,21018300,0.139225831003903,0.0193838320187273,WMT,Walmart,Stock
2011-11-07,14.406051635742188,19.31333351135254,0.0,19.31999969482422,19.016666412353516,19.11333274841309,0.0,25560300,0.7622864567209355,0.5810806421001588,WMT,Walmart,Stock
2011-11-08,14.74917221069336,19.773332595825195,0.0,19.799999237060547,19.28333282470703,19.34000015258789,0.0,60312900,2.3538589119334783,5.540651777288658,WMT,Walmart,Stock
2011-11-09,14.43340301513672,19.350000381469727,0.0,19.643333435058594,19.200000762939453,19.510000228881836,0.0,41840400,-2.1641785734792203,4.683668897906553,WMT,Walmart,Stock
2011-11-10,14.453289031982422,19.37666702270508,0.0,19.496667861938477,19.170000076293945,19.44333267211914,0.0,28230000,0.1376829160963805,0.0189565853848029,WMT,Walmart,Stock
2011-11-11,14.719343185424805,19.733333587646484,0.0,19.75,19.459999084472656,19.503332138061523,0.0,25193700,1.8240488421607437,3.327154178587949,WMT,Walmart,Stock
2011-11-14,14.642256736755373,19.6299991607666,0.0,19.65999984741211,19.453332901000977,19.60333251953125,0.0,31656300,-0.5250846410869655,0.2757138803054274,WMT,Walmart,Stock
2011-11-15,14.286705017089844,19.15333366394043,0.0,19.350000381469727,19.07666778564453,19.323333740234375,0.0,48017700,-2.458225961456977,6.042874877581078,WMT,Walmart,Stock
2011-11-16,14.092771530151367,18.893333435058594,0.0,19.13999938964844,18.8799991607666,19.03333282470703,0.0,35342400,-1.366737723008722,1.8679720034950664,WMT,Walmart,Stock
2011-11-17,14.105205535888672,18.90999984741211,0.0,19.06333351135254,18.753332138061523,18.84666633605957,0.0,30671400,0.0881907699554061,0.0077776119053273,WMT,Walmart,Stock
2011-11-18,14.229521751403809,19.07666778564453,0.0,19.1200008392334,18.8700008392334,19.010000228881836,0.0,26946900,0.8774886868347568,0.7699863955229859,WMT,Walmart,Stock
2011-11-21,14.087790489196776,18.88666725158691,0.0,19.09666633605957,18.793333053588867,18.976667404174805,0.0,29796600,-1.0010303557753777,1.0020617731837789,WMT,Walmart,Stock
2011-11-22,14.135043144226074,18.950000762939453,0.0,19.043333053588867,18.833332061767575,18.85333251953125,0.0,22491900,0.3348543934015179,0.1121274647802985,WMT,Walmart,Stock
2011-11-23,14.082822799682615,18.8799991607666,0.0,19.0,18.773332595825195,18.88333320617676,0.0,24781200,-0.3701229870576945,0.1369910255485103,WMT,Walmart,Stock
2011-11-25,14.14498519897461,18.963333129882812,0.0,19.11000061035156,18.89666748046875,18.89666748046875,0.0,12776400,0.4404344806493438,0.1939825317448572,WMT,Walmart,Stock
2011-11-28,14.234489440917969,19.083332061767575,0.0,19.333332061767575,19.0,19.176666259765625,0.0,27864300,0.6307695250726314,0.397870193760353,WMT,Walmart,Stock
2011-11-29,14.463238716125488,19.38999938964844,0.0,19.433332443237305,19.11333274841309,19.11333274841309,0.0,32451600,1.5942315628316792,2.5415742759287383,WMT,Walmart,Stock
2011-11-30,14.644742012023926,19.63333320617676,0.0,19.666667938232425,19.43666648864746,19.586666107177734,0.0,44535600,1.2471194758030544,1.555306986927285,WMT,Walmart,Stock
2011-12-01,14.572638511657717,19.536666870117188,0.0,19.71666717529297,19.48666763305664,19.546667098999023,0.0,26361900,-0.4935668115951787,0.2436081975082306,WMT,Walmart,Stock
2011-12-02,14.443346977233888,19.36333274841309,0.0,19.656667709350582,19.34666633605957,19.62666702270508,0.0,33597300,-0.8911804161840113,0.7942025341899076,WMT,Walmart,Stock
2011-12-05,14.50550937652588,19.446666717529297,0.0,19.503332138061523,19.333332061767575,19.420000076293945,0.0,31545600,0.4294642529272959,0.1844395445424003,WMT,Walmart,Stock
2011-12-06,14.61490249633789,19.593332290649418,0.0,19.670000076293945,19.46666717529297,19.523332595825195,0.0,34204800,0.7513192799261544,0.5644806603887552,WMT,Walmart,Stock
2011-12-07,14.638671875,19.503332138061523,0.121667,19.733333587646484,19.420000076293945,19.450000762939453,0.0,47263800,0.1625058434997706,0.0264081491715719,WMT,Walmart,Stock
2011-12-08,14.50607204437256,19.32666778564453,0.0,19.516666412353516,19.290000915527344,19.463333129882812,0.0,31050900,-0.909946204599763,0.8280020952655138,WMT,Walmart,Stock
2011-12-09,14.591140747070312,19.440000534057617,0.0,19.496667861938477,19.156667709350582,19.38666725158691,0.0,30176700,0.5847222940724991,0.3419001611854061,WMT,Walmart,Stock
2011-12-12,14.533595085144045,19.36333274841309,0.0,19.479999542236328,19.253332138061523,19.290000915527344,0.0,30111300,-0.3951674421533884,0.1561573073380516,WMT,Walmart,Stock
2011-12-13,14.411004066467283,19.200000762939453,0.0,19.450000762939453,19.13999938964844,19.37666702270508,0.0,32916300,-0.8470785936190338,0.7175421437676003,WMT,Walmart,Stock
2011-12-14,14.423510551452637,19.21666717529297,0.0,19.37333297729492,19.17333221435547,19.239999771118164,0.0,26952600,0.0867466363511213,0.0075249789182336,WMT,Walmart,Stock
2011-12-15,14.498567581176758,19.316667556762695,0.0,19.46666717529297,19.27666664123535,19.27666664123535,0.0,25672200,0.519030464396566,0.2693926229717149,WMT,Walmart,Stock
2011-12-16,14.57862949371338,19.42333221435547,0.0,19.496667861938477,19.36333274841309,19.433332443237305,0.0,44741700,0.5506866061213925,0.3032557381614977,WMT,Walmart,Stock
2011-12-19,14.45603370666504,19.260000228881836,0.0,19.523332595825195,19.203332901000977,19.433332443237305,0.0,21706200,-0.8444838142665084,0.7131529125581108,WMT,Walmart,Stock
2011-12-20,14.808801651000977,19.729999542236328,0.0,19.75666618347168,19.413333892822266,19.456666946411133,0.0,33202200,2.4109825190942646,5.812836707378126,WMT,Walmart,Stock
2011-12-21,14.858841896057127,19.796667098999023,0.0,19.88666725158691,19.719999313354492,19.729999542236328,0.0,25723500,0.3373391784935761,0.1137977213467208,WMT,Walmart,Stock
2011-12-22,14.808801651000977,19.729999542236328,0.0,19.84666633605957,19.683332443237305,19.803333282470703,0.0,23705100,-0.3373391784935837,0.1137977213467259,WMT,Walmart,Stock
2011-12-23,15.008960723876951,19.996667861938477,0.0,20.0,19.713333129882812,19.773332595825195,0.0,18571800,1.3425694181491492,1.802492642549345,WMT,Walmart,Stock
2011-12-27,14.968929290771484,19.94333267211914,0.0,19.99333381652832,19.88666725158691,19.983333587646484,0.0,14599200,-0.2670732121615152,0.0713281006542697,WMT,Walmart,Stock
2011-12-28,14.943907737731934,19.90999984741211,0.0,19.979999542236328,19.87666702270508,19.92333221435547,0.0,15725100,-0.1672964610584469,0.0279881058826804,WMT,Walmart,Stock
2011-12-29,15.008960723876951,19.996667861938477,0.0,19.996667861938477,19.780000686645508,19.906667709350582,0.0,18996600,0.4343696732199647,0.1886770130132189,WMT,Walmart,Stock
2011-12-30,14.951416969299316,19.920000076293945,0.0,19.979999542236328,19.89666748046875,19.963333129882812,0.0,13995900,-0.3841328432212808,0.1475580412412651,WMT,Walmart,Stock
2012-01-03,15.094032287597656,20.11000061035156,0.0,20.35333251953125,19.956666946411133,19.989999771118164,0.0,38006400,0.9493377061422617,0.9012420803034512,WMT,Walmart,Stock
2012-01-04,14.938898086547852,19.90333366394043,0.0,20.11666679382324,19.823333740234375,20.06999969482422,0.0,28779900,-1.0331031897785554,1.067302200730626,WMT,Walmart,Stock
2012-01-05,14.866353034973145,19.80666732788086,0.0,19.87333297729492,19.456666946411133,19.78333282470703,0.0,38304600,-0.4867947230953974,0.2369691024335246,WMT,Walmart,Stock
2012-01-06,14.76126766204834,19.666667938232425,0.0,19.816667556762695,19.62333297729492,19.80666732788086,0.0,24208200,-0.7093773386074933,0.5032162085298502,WMT,Walmart,Stock
2012-01-09,14.80630588531494,19.726667404174805,0.0,19.850000381469727,19.63999938964844,19.676666259765625,0.0,20037900,0.3046462911643753,0.0928093627202093,WMT,Walmart,Stock
2012-01-10,14.771272659301758,19.68000030517578,0.0,19.90333366394043,19.65999984741211,19.809999465942383,0.0,20721900,-0.2368905374952726,0.0561171267547991,WMT,Walmart,Stock
2012-01-11,14.861347198486328,19.799999237060547,0.0,19.843332290649418,19.68000030517578,19.68666648864746,0.0,19096800,0.6079436583257171,0.3695954916984562,WMT,Walmart,Stock
2012-01-12,14.886362075805664,19.833332061767575,0.0,20.0,19.799999237060547,19.93000030517578,0.0,21709200,0.1681802318613121,0.0282845903889247,WMT,Walmart,Stock
2012-01-13,14.896374702453612,19.84666633605957,0.0,19.8700008392334,19.670000076293945,19.726667404174805,0.0,23187900,0.067237790131345,0.0045209204217468,WMT,Walmart,Stock
2012-01-17,14.973926544189451,19.950000762939453,0.0,20.036666870117188,19.84000015258789,19.956666946411133,0.0,25500000,0.5192583452535711,0.2696292291154768,WMT,Walmart,Stock
2012-01-18,15.013964653015137,20.003332138061523,0.0,20.010000228881836,19.88333320617676,19.93000030517578,0.0,17734200,0.2670286640239622,0.0713043074104221,WMT,Walmart,Stock
2012-01-19,15.164074897766112,20.203332901000977,0.0,20.24333381652832,19.916667938232425,19.976667404174805,0.0,27703800,0.9948391944868832,0.9897050228873108,WMT,Walmart,Stock
2012-01-20,15.264152526855469,20.336666107177734,0.0,20.416667938232425,20.22333335876465,20.25,0.0,31136400,0.6577970418928833,0.4326969483230277,WMT,Walmart,Stock
2012-01-23,15.239131927490234,20.303333282470703,0.0,20.32666778564453,20.170000076293945,20.270000457763672,0.0,21402300,-0.1640518745722644,0.0269130175506739,WMT,Walmart,Stock
2012-01-24,15.35922145843506,20.463333129882812,0.0,20.666667938232425,20.25,20.25,0.0,22088400,0.7849451637357521,0.6161389100721466,WMT,Walmart,Stock
2012-01-25,15.379240036010742,20.489999771118164,0.0,20.536666870117188,20.34666633605957,20.393333435058594,0.0,17747400,0.130251023848298,0.0169653292135299,WMT,Walmart,Stock
2012-01-26,15.254146575927734,20.323333740234375,0.0,20.61333274841309,20.25666618347168,20.600000381469727,0.0,22308600,-0.8167177661886441,0.6670279096081687,WMT,Walmart,Stock
2012-01-27,15.189088821411133,20.23666763305664,0.0,20.37333297729492,20.18000030517578,20.286666870117188,0.0,18861900,-0.4274043327132341,0.1826744636220449,WMT,Walmart,Stock
2012-01-30,15.336714744567873,20.433332443237305,0.0,20.440000534057617,20.11666679382324,20.156667709350582,0.0,22910700,0.9672280943568744,0.9355301865132308,WMT,Walmart,Stock
2012-01-31,15.351717948913574,20.453332901000977,0.0,20.523332595825195,20.19333267211914,20.510000228881836,0.0,29284500,0.0977775938632582,0.0095604578616882,WMT,Walmart,Stock
2012-02-01,15.556873321533203,20.726667404174805,0.0,20.87666702270508,20.59666633605957,20.59666633605957,0.0,36391800,1.3275168945434268,1.7623011052982238,WMT,Walmart,Stock
2012-02-02,15.496826171875,20.64666748046875,0.0,20.823333740234375,20.606666564941406,20.799999237060547,0.0,18633900,-0.3867315358695771,0.149561280836042,WMT,Walmart,Stock
2012-02-03,15.519343376159668,20.676666259765625,0.0,20.809999465942383,20.566667556762695,20.773332595825195,0.0,23181600,0.1451965769383746,0.0210820459546213,WMT,Walmart,Stock
2012-02-06,15.481818199157717,20.62666702270508,0.0,20.65999984741211,20.566667556762695,20.61666679382324,0.0,16441800,-0.2420889632653783,0.0586070661349057,WMT,Walmart,Stock
2012-02-07,15.434280395507812,20.56333351135254,0.0,20.63333320617676,20.540000915527344,20.540000915527344,0.0,18253200,-0.3075280729195351,0.0945735156336029,WMT,Walmart,Stock
2012-02-08,15.416769981384276,20.540000915527344,0.0,20.67333221435547,20.40999984741211,20.63666725158691,0.0,21780000,-0.1135158498003966,0.0128858481559062,WMT,Walmart,Stock
2012-02-09,15.501837730407717,20.65333366394043,0.0,20.719999313354492,20.52666664123535,20.52666664123535,0.0,19359300,0.5502703386178827,0.3027974455626392,WMT,Walmart,Stock
2012-02-10,15.486822128295898,20.63333320617676,0.0,20.63666725158691,20.459999084472656,20.559999465942383,0.0,16503000,-0.0969103107746773,0.0093916083344445,WMT,Walmart,Stock
2012-02-13,15.459295272827148,20.59666633605957,0.0,20.69333267211914,20.57666778564453,20.670000076293945,0.0,12525000,-0.1779018826300121,0.0316490798433026,WMT,Walmart,Stock
2012-02-14,15.566883087158203,20.739999771118164,0.0,20.746667861938477,20.59666633605957,20.63666725158691,0.0,15519300,0.6935320510203152,0.4809867057924451,WMT,Walmart,Stock
2012-02-15,15.45179557800293,20.586666107177734,0.0,20.81333351135254,20.530000686645508,20.773332595825195,0.0,17501100,-0.7420563493543092,0.5506476256170446,WMT,Walmart,Stock
2012-02-16,15.521848678588867,20.68000030517578,0.0,20.729999542236328,20.566667556762695,20.59000015258789,0.0,21769200,0.4523408317938819,0.204612228107981,WMT,Walmart,Stock
2012-02-17,15.631938934326172,20.82666778564453,0.0,20.856666564941406,20.63666725158691,20.773332595825195,0.0,24575400,0.706756528996612,0.4995047912793389,WMT,Walmart,Stock
2012-02-21,15.028971672058104,20.023332595825195,0.0,20.166667938232425,19.88999938964844,20.11000061035156,0.0,71684400,-3.933640577492972,15.473528192899243,WMT,Walmart,Stock
2012-02-22,14.661188125610352,19.53333282470703,0.0,19.96666717529297,19.456666946411133,19.86000061035156,0.0,85890600,-2.4776044487166935,6.138523804300751,WMT,Walmart,Stock
2012-02-23,14.646178245544434,19.51333236694336,0.0,19.63333320617676,19.40333366394043,19.530000686645508,0.0,44640900,-0.1024307758547914,0.0104920638422145,WMT,Walmart,Stock
2012-02-24,14.70872974395752,19.59666633605957,0.0,19.649999618530273,19.5,19.583332061767575,0.0,29777700,0.4261746833589419,0.1816248607360944,WMT,Walmart,Stock
2012-02-27,14.62617015838623,19.48666763305664,0.0,19.593332290649418,19.43000030517578,19.566667556762695,0.0,36776400,-0.5628776905655206,0.316831294536374,WMT,Walmart,Stock
2012-02-28,14.743755340576172,19.643333435058594,0.0,19.700000762939453,19.450000762939453,19.479999542236328,0.0,32285700,0.8007225653176806,0.6411566266089272,WMT,Walmart,Stock
2012-02-29,14.781283378601074,19.69333267211914,0.0,19.77666664123535,19.573333740234375,19.61333274841309,0.0,34453200,0.2542117461170421,0.0646236118638755,WMT,Walmart,Stock
2012-03-01,14.716233253479004,19.606666564941406,0.0,19.80666732788086,19.546667098999023,19.786666870117188,0.0,48851700,-0.4410556412942691,0.194530078717499,WMT,Walmart,Stock
2012-03-02,14.76377010345459,19.670000076293945,0.0,19.760000228881836,19.600000381469727,19.663333892822266,0.0,29544300,0.322502617125008,0.1040079380524795,WMT,Walmart,Stock
2012-03-05,14.861347198486328,19.799999237060547,0.0,19.86333274841309,19.583332061767575,19.65333366394043,0.0,28953000,0.6587480947289976,0.4339490523090845,WMT,Walmart,Stock
2012-03-06,14.753761291503906,19.656667709350582,0.0,19.739999771118164,19.583332061767575,19.68000030517578,0.0,27171300,-0.7265641475035248,0.5278954604375238,WMT,Walmart,Stock
2012-03-07,14.976433753967283,19.953332901000977,0.0,19.953332901000977,19.703332901000977,19.703332901000977,0.0,44750700,1.497982949623526,2.2439529173627992,WMT,Walmart,Stock
2012-03-08,15.054003715515137,19.92333221435547,0.132667,19.983333587646484,19.816667556762695,19.946666717529297,0.0,23386800,0.5166100836596966,0.2668859785388787,WMT,Walmart,Stock
2012-03-09,15.132083892822266,20.02666664123535,0.0,20.066667556762695,19.94333267211914,19.94333267211914,0.0,18878700,0.517326739764838,0.2676269556757164,WMT,Walmart,Stock
2012-03-12,15.28320598602295,20.226667404174805,0.0,20.299999237060547,20.030000686645508,20.05666732788086,0.0,22730400,0.993732674686544,0.9875046287396728,WMT,Walmart,Stock
2012-03-13,15.363802909851074,20.333332061767575,0.0,20.36000061035156,20.17333221435547,20.309999465942383,0.0,26203800,0.5259704782804169,0.2766449440225305,WMT,Walmart,Stock
2012-03-14,15.38394832611084,20.36000061035156,0.0,20.38333320617676,20.229999542236328,20.280000686645508,0.0,19125000,0.1310366991572532,0.0171706165260285,WMT,Walmart,Stock
2012-03-15,15.421730041503906,20.40999984741211,0.0,20.420000076293945,20.260000228881836,20.296667098999023,0.0,20265000,0.2452907148208654,0.0601675347773311,WMT,Walmart,Stock
2012-03-16,15.323508262634276,20.280000686645508,0.0,20.489999771118164,20.25666618347168,20.469999313354492,0.0,36231300,-0.6389419529218934,0.408246819203643,WMT,Walmart,Stock
2012-03-19,15.29831886291504,20.246667861938477,0.0,20.293333053588867,20.15333366394043,20.19333267211914,0.0,24755700,-0.1645192842187761,0.0270665948798584,WMT,Walmart,Stock
2012-03-20,15.263059616088867,20.200000762939453,0.0,20.286666870117188,20.09666633605957,20.11000061035156,0.0,23734500,-0.2307439273039202,0.0532427599876368,WMT,Walmart,Stock
2012-03-21,15.252982139587402,20.18666648864746,0.0,20.239999771118164,20.12333297729492,20.149999618530273,0.0,21908400,-0.0660470774583639,0.0043622164407911,WMT,Walmart,Stock
2012-03-22,15.275654792785645,20.21666717529297,0.0,20.25666618347168,20.07666778564453,20.07666778564453,0.0,17132400,0.1485337024177168,0.0220622607539148,WMT,Walmart,Stock
2012-03-23,15.3008451461792,20.25,0.0,20.28333282470703,20.13666725158691,20.203332901000977,0.0,20873100,0.1647694088135497,0.0271489580807666,WMT,Walmart,Stock
2012-03-26,15.414175987243652,20.399999618530273,0.0,20.440000534057617,20.253332138061523,20.299999237060547,0.0,18644400,0.7379539469120427,0.544576027763062,WMT,Walmart,Stock
2012-03-27,15.386468887329102,20.36333274841309,0.0,20.5,20.34000015258789,20.450000762939453,0.0,22054800,-0.1799125148257618,0.0323685129909299,WMT,Walmart,Stock
2012-03-28,15.411661148071287,20.39666748046875,0.0,20.49333381652832,20.32666778564453,20.38333320617676,0.0,21372000,0.1635960776311772,0.0267636766163061,WMT,Walmart,Stock
2012-03-29,15.318466186523438,20.273332595825195,0.0,20.316667556762695,20.206666946411133,20.25666618347168,0.0,20075100,-0.6065399355228386,0.3678906933840491,WMT,Walmart,Stock
2012-03-30,15.414175987243652,20.399999618530273,0.0,20.47333335876465,20.30666732788086,20.356666564941406,0.0,20824200,0.6228563727174147,0.387950061034695,WMT,Walmart,Stock
2012-04-02,15.454472541809082,20.453332901000977,0.0,20.496667861938477,20.323333740234375,20.36000061035156,0.0,19397700,0.2610841703523474,0.0681649440085735,WMT,Walmart,Stock
2012-04-03,15.275654792785645,20.21666717529297,0.0,20.469999313354492,20.079999923706055,20.3799991607666,0.0,33540300,-1.1638075260779277,1.354447957755626,WMT,Walmart,Stock
2012-04-04,15.17742156982422,20.086666107177734,0.0,20.196666717529297,20.00666618347168,20.176666259765625,0.0,32555100,-0.6451470617229436,0.4162147312497475,WMT,Walmart,Stock
2012-04-05,15.280685424804688,20.22333335876465,0.0,20.229999542236328,20.023332595825195,20.066667556762695,0.0,19586100,0.6780739896774662,0.4597843354771166,WMT,Walmart,Stock
2012-04-09,15.144680976867676,20.043333053588867,0.0,20.11333274841309,20.02666664123535,20.073333740234375,0.0,20495100,-0.8940260703751814,0.7992826145104889,WMT,Walmart,Stock
2012-04-10,15.09430694580078,19.976667404174805,0.0,20.1299991607666,19.850000381469727,20.010000228881836,0.0,28659300,-0.3331730400070418,0.1110042745875338,WMT,Walmart,Stock
2012-04-11,15.061566352844238,19.933332443237305,0.0,20.09666633605957,19.88666725158691,20.09666633605957,0.0,23243100,-0.217142481644341,0.0471508573346629,WMT,Walmart,Stock
2012-04-12,15.147196769714355,20.046667098999023,0.0,20.066667556762695,19.85333251953125,19.933332443237305,0.0,22103100,0.5669258676557599,0.3214049394172362,WMT,Walmart,Stock
2012-04-13,15.054003715515137,19.92333221435547,0.0,20.06999969482422,19.916667938232425,20.0,0.0,20077800,-0.6171499708084164,0.3808740864688292,WMT,Walmart,Stock
2012-04-16,15.258018493652344,20.19333267211914,0.0,20.270000457763672,19.956666946411133,19.979999542236328,0.0,20533800,1.346118430518736,1.8120348289822248,WMT,Walmart,Stock
2012-04-17,15.582928657531738,20.62333297729492,0.0,20.649999618530273,20.36333274841309,20.3700008392334,0.0,32029200,2.107083049878058,4.4397989790834185,WMT,Walmart,Stock
2012-04-18,15.63078498840332,20.68666648864746,0.0,20.75,20.516666412353516,20.516666412353516,0.0,23871900,0.3066368129874253,0.0940261350790852,WMT,Walmart,Stock
2012-04-19,15.552700996398926,20.583332061767575,0.0,20.683332443237305,20.489999771118164,20.65333366394043,0.0,19138800,-0.5008045299444369,0.2508051772128684,WMT,Walmart,Stock
2012-04-20,15.729007720947266,20.816667556762695,0.0,20.829999923706055,20.553333282470703,20.566667556762695,0.0,26993100,1.1272312072565045,1.2706501946129567,WMT,Walmart,Stock
2012-04-23,14.996078491210938,19.84666633605957,0.0,20.079999923706055,19.709999084472656,19.71666717529297,0.0,114021900,-4.77179001286219,22.769979926851335,WMT,Walmart,Stock
2012-04-24,14.550274848937988,19.25666618347168,0.0,19.78333282470703,19.21666717529297,19.753332138061523,0.0,90271800,-3.017884960267265,9.10762963340735,WMT,Walmart,Stock
2012-04-25,14.44701099395752,19.1200008392334,0.0,19.476667404174805,19.059999465942383,19.303333282470703,0.0,84035400,-0.7122341868007396,0.5072775368477108,WMT,Walmart,Stock
2012-04-26,14.847475051879885,19.649999618530273,0.0,19.809999465942383,19.190000534057617,19.196666717529297,0.0,75278700,2.7342279083045757,7.476002254551616,WMT,Walmart,Stock
2012-04-27,14.867631912231444,19.676666259765625,0.0,19.81999969482422,19.64666748046875,19.726667404174805,0.0,27083700,0.1356674466464083,0.018405656079556,WMT,Walmart,Stock
2012-04-30,14.837406158447266,19.63666725158691,0.0,19.663333892822266,19.510000228881836,19.606666564941406,0.0,22447800,-0.2035059786413633,0.041414683342779,WMT,Walmart,Stock
2012-05-01,14.877704620361328,19.690000534057617,0.0,19.75666618347168,19.49333381652832,19.649999618530273,0.0,29747100,0.2712322825872894,0.0735669511175112,WMT,Walmart,Stock
2012-05-02,14.862587928771973,19.670000076293945,0.0,19.773332595825195,19.606666564941406,19.65333366394043,0.0,22043100,-0.1016579972522044,0.0103343484053292,WMT,Walmart,Stock
2012-05-03,14.857549667358398,19.663333892822266,0.0,19.733333587646484,19.60333251953125,19.733333587646484,0.0,20675700,-0.0339046980892448,0.0011495285525228,WMT,Walmart,Stock
2012-05-04,14.78450870513916,19.566667556762695,0.0,19.726667404174805,19.559999465942383,19.6200008392334,0.0,20833500,-0.4928207692700178,0.2428723106238921,WMT,Walmart,Stock
2012-05-07,14.907925605773926,19.729999542236328,0.0,19.786666870117188,19.516666412353516,19.516666412353516,0.0,25974600,0.8313067907486492,0.6910709803448185,WMT,Walmart,Stock
2012-05-08,14.872666358947754,19.683332443237305,0.0,19.790000915527344,19.543333053588867,19.68666648864746,0.0,30819900,-0.2367935690678863,0.0560711943519078,WMT,Walmart,Stock
2012-05-09,14.968517303466797,19.676666259765625,0.132667,19.746667861938477,19.42333221435547,19.49333381652832,0.0,33472800,0.6424093309591388,0.4126897485033683,WMT,Walmart,Stock
2012-05-10,15.00908660888672,19.729999542236328,0.0,19.8700008392334,19.696666717529297,19.78333282470703,0.0,23222100,0.2706642619323706,0.0732591426873949,WMT,Walmart,Stock
2012-05-11,15.067412376403809,19.80666732788086,0.0,19.88333320617676,19.60333251953125,19.69333267211914,0.0,22420800,0.3878499333358356,0.1504275707886121,WMT,Walmart,Stock
2012-05-14,14.978659629821776,19.690000534057617,0.0,19.850000381469727,19.63999938964844,19.696666717529297,0.0,18603000,-0.5907794183618539,0.3490203211599704,WMT,Walmart,Stock
2012-05-15,15.049656867980955,19.78333282470703,0.0,19.88333320617676,19.649999618530273,19.649999618530273,0.0,31684200,0.4728694694497506,0.2236055351376887,WMT,Walmart,Stock
2012-05-16,15.00908660888672,19.729999542236328,0.0,19.88666725158691,19.71666717529297,19.843332290649418,0.0,32514300,-0.2699399844237242,0.0728675951906804,WMT,Walmart,Stock
2012-05-17,15.64049243927002,20.559999465942383,0.0,20.833332061767575,20.416667938232425,20.446666717529297,0.0,87877200,4.120742888729295,16.980521955013057,WMT,Walmart,Stock
2012-05-18,15.83067226409912,20.809999465942383,0.0,20.87666702270508,20.586666107177734,20.62333297729492,0.0,49892100,1.208612020864915,1.4607430169791735,WMT,Walmart,Stock
2012-05-21,15.985360145568848,21.01333236694336,0.0,21.03333282470703,20.713333129882812,20.793333053588867,0.0,33449700,0.9723971761163648,0.9455562681190806,WMT,Walmart,Stock
2012-05-22,16.16031837463379,21.24333381652832,0.0,21.316667556762695,20.96666717529297,20.996667861938477,0.0,36223200,1.088544182134754,1.1849284364594204,WMT,Walmart,Stock
2012-05-23,16.37586212158203,21.52666664123535,0.0,21.56333351135254,21.09666633605957,21.1299991607666,0.0,47046600,1.3249674482170226,1.7555387388347286,WMT,Walmart,Stock
2012-05-24,16.500106811523438,21.690000534057617,0.0,21.726667404174805,21.48666763305664,21.56999969482422,0.0,33908100,0.7558425529590048,0.571297964863586,WMT,Walmart,Stock
2012-05-25,16.56096649169922,21.770000457763672,0.0,21.833332061767575,21.600000381469727,21.6200008392334,0.0,30539700,0.3681655968128441,0.1355459066765577,WMT,Walmart,Stock
2012-05-29,16.65478515625,21.893333435058594,0.0,21.920000076293945,21.73666763305664,21.799999237060547,0.0,30110700,0.5649061628309695,0.3191189728044098,WMT,Walmart,Stock
2012-05-30,16.593929290771484,21.81333351135254,0.0,21.983333587646484,21.77666664123535,21.803333282470703,0.0,29939100,-0.3660648806916061,0.1340034968757598,WMT,Walmart,Stock
2012-05-31,16.69029426574707,21.940000534057617,0.0,22.219999313354492,21.793333053588867,21.799999237060547,0.0,50296500,0.5790445678606322,0.3352926115689063,WMT,Walmart,Stock
2012-06-01,16.6218318939209,21.850000381469727,0.0,21.959999084472656,21.709999084472656,21.809999465942383,0.0,45902100,-0.4110363168523059,0.1689508537715092,WMT,Walmart,Stock
2012-06-04,16.7333984375,21.996667861938477,0.0,22.043333053588867,21.799999237060547,21.96666717529297,0.0,41630400,0.6689623098405552,0.4475105719872109,WMT,Walmart,Stock
2012-06-05,16.609140396118164,21.833332061767575,0.0,21.96666717529297,21.809999465942383,21.913333892822266,0.0,28023000,-0.7453458613600831,0.5555404530466042,WMT,Walmart,Stock
2012-06-06,16.718185424804688,21.976667404174805,0.0,21.989999771118164,21.81999969482422,21.86666679382324,0.0,32540700,0.6543904446794907,0.4282268540878216,WMT,Walmart,Stock
2012-06-07,16.702966690063477,21.956666946411133,0.0,22.02666664123535,21.926666259765625,22.02666664123535,0.0,37640100,-0.0910724785357348,0.0082941963466418,WMT,Walmart,Stock
2012-06-08,17.298864364624023,22.739999771118164,0.0,22.74333381652832,22.02666664123535,22.06333351135254,0.0,54037800,3.505450592864972,12.288183859017384,WMT,Walmart,Stock
2012-06-11,17.1239070892334,22.510000228881836,0.0,22.82666778564453,22.489999771118164,22.796667098999023,0.0,31474200,-1.016529318082008,1.0333318545202723,WMT,Walmart,Stock
2012-06-12,17.17208480834961,22.573333740234375,0.0,22.61666679382324,22.433332443237305,22.55666732788086,0.0,26963400,0.2809526603034963,0.0789343973316117,WMT,Walmart,Stock
2012-06-13,17.007251739501953,22.356666564941406,0.0,22.583332061767575,22.31999969482422,22.530000686645508,0.0,32246700,-0.9645263096220864,0.9303110019532008,WMT,Walmart,Stock
2012-06-14,17.149253845214844,22.543333053588867,0.0,22.59666633605957,22.36333274841309,22.36666679382324,0.0,29983200,0.8314839086083085,0.6913654902745499,WMT,Walmart,Stock
2012-06-15,17.179691314697266,22.583332061767575,0.0,22.68666648864746,22.530000686645508,22.683332443237305,0.0,38226000,0.1773283584252832,0.0314453467018057,WMT,Walmart,Stock
2012-06-18,17.27351188659668,22.706666946411133,0.0,22.760000228881836,22.476667404174805,22.489999771118164,0.0,22660500,0.5446274661850375,0.2966190769231342,WMT,Walmart,Stock
2012-06-19,17.194900512695312,22.60333251953125,0.0,22.75,22.566667556762695,22.696666717529297,0.0,23718000,-0.45613653039793,0.2080605343634617,WMT,Walmart,Stock
2012-06-20,17.374935150146484,22.84000015258789,0.0,22.84666633605957,22.593332290649418,22.6200008392334,0.0,26969400,1.0415801038277006,1.0848891126897235,WMT,Walmart,Stock
2012-06-21,17.167011260986328,22.566667556762695,0.0,22.88666725158691,22.559999465942383,22.829999923706055,0.0,29530800,-1.203906682259466,1.4493912995889948,WMT,Walmart,Stock
2012-06-22,17.065574645996094,22.433332443237305,0.0,22.78333282470703,22.39666748046875,22.696666717529297,0.0,34202100,-0.5926336511604826,0.3512146444878046,WMT,Walmart,Stock
2012-06-25,17.288724899291992,22.726667404174805,0.0,22.74333381652832,22.35333251953125,22.35333251953125,0.0,35491800,1.2991293359604832,1.687737031553126,WMT,Walmart,Stock
2012-06-26,17.390151977539062,22.86000061035156,0.0,22.97333335876465,22.75,22.82666778564453,0.0,32435400,0.5849518588326191,0.3421686771517364,WMT,Walmart,Stock
2012-06-27,17.392690658569336,22.86333274841309,0.0,22.916667938232425,22.753332138061523,22.86333274841309,0.0,26393400,0.0145973177715168,0.0002130816861226,WMT,Walmart,Stock
2012-06-28,17.31915283203125,22.766666412353516,0.0,22.78333282470703,22.496667861938477,22.63999938964844,0.0,25735200,-0.4237051631917558,0.1795260653153524,WMT,Walmart,Stock
2012-06-29,17.67923355102539,23.239999771118164,0.0,23.239999771118164,22.85333251953125,22.979999542236328,0.0,31990200,2.057771584571123,4.23442389426835,WMT,Walmart,Stock
2012-07-02,17.585411071777344,23.11666679382324,0.0,23.316667556762695,23.049999237060547,23.200000762939453,0.0,31275600,-0.5321063156789696,0.2831371311854472,WMT,Walmart,Stock
2012-07-03,17.940412521362305,23.583332061767575,0.0,23.59000015258789,23.100000381469727,23.21666717529297,0.0,28184100,1.9986208941410195,3.994485478497048,WMT,Walmart,Stock
2012-07-05,18.024091720581055,23.69333267211914,0.0,23.766666412353516,23.456666946411133,23.456666946411133,0.0,37321500,0.4653441051680045,0.2165451362146108,WMT,Walmart,Stock
2012-07-06,18.09509658813477,23.786666870117188,0.0,23.786666870117188,23.57666778564453,23.57666778564453,0.0,24027600,0.3931702917275206,0.1545828782971037,WMT,Walmart,Stock
2012-07-09,18.196523666381836,23.920000076293945,0.0,23.920000076293945,23.67333221435547,23.753332138061523,0.0,33451200,0.5589573659830169,0.3124333369866723,WMT,Walmart,Stock
2012-07-10,18.285276412963867,24.036666870117188,0.0,24.19333267211914,23.8799991607666,23.976667404174805,0.0,39984600,0.4865599914684466,0.2367406252977748,WMT,Walmart,Stock
2012-07-11,18.323301315307617,24.086666107177734,0.0,24.14666748046875,23.926666259765625,24.043333053588867,0.0,36731700,0.2077377400492568,0.0431549686407726,WMT,Walmart,Stock
2012-07-12,18.33599090576172,24.10333251953125,0.0,24.206666946411133,23.8799991607666,24.023332595825195,0.0,30587400,0.0692298742943357,0.0047927754948095,WMT,Walmart,Stock
2012-07-13,18.556594848632812,24.393333435058594,0.0,24.413333892822266,24.049999237060547,24.09000015258789,0.0,24540300,1.1959398763616491,1.4302721878719171,WMT,Walmart,Stock
2012-07-16,18.505882263183594,24.32666778564453,0.0,24.393333435058594,24.19333267211914,24.30666732788086,0.0,24241800,-0.2736601600861523,0.0748898832183785,WMT,Walmart,Stock
2012-07-17,18.53631591796875,24.36666679382324,0.0,24.36666679382324,24.10333251953125,24.299999237060547,0.0,36528900,0.1643188748360426,0.027000692627383,WMT,Walmart,Stock
2012-07-18,18.47291374206543,24.28333282470703,0.0,24.48666763305664,24.239999771118164,24.296667098999023,0.0,28485300,-0.3426293306370557,0.1173948582127968,WMT,Walmart,Stock
2012-07-19,18.138202667236328,23.843332290649418,0.0,24.286666870117188,23.40999984741211,24.28333282470703,0.0,50634000,-1.828517857034289,3.3434775534932686,WMT,Walmart,Stock
2012-07-20,18.320772171020508,24.083332061767575,0.0,24.163333892822266,23.770000457763672,23.81999969482422,0.0,33156000,1.0015148841519517,1.003032063177897,WMT,Walmart,Stock
2012-07-23,18.219343185424805,23.950000762939453,0.0,23.996667861938477,23.753332138061523,23.87333297729492,0.0,19969500,-0.5551665347409749,0.308209881296302,WMT,Walmart,Stock
2012-07-24,18.29288101196289,24.046667098999023,0.0,24.079999923706055,23.816667556762695,23.893333435058594,0.0,22427100,0.4028126337891248,0.1622580179401315,WMT,Walmart,Stock
2012-07-25,18.277666091918945,24.02666664123535,0.0,24.15333366394043,23.956666946411133,24.086666107177734,0.0,20945700,-0.08320860433717,0.0069236718357397,WMT,Walmart,Stock
2012-07-26,18.680850982666016,24.55666732788086,0.0,24.649999618530273,24.229999542236328,24.233333587646484,0.0,24577200,2.1819105202281808,4.760733518282411,WMT,Walmart,Stock
2012-07-27,18.896387100219727,24.84000015258789,0.0,24.933332443237305,24.59666633605957,24.61333274841309,0.0,32584500,1.1471757493606678,1.3160121999212098,WMT,Walmart,Stock
2012-07-30,19.013036727905273,24.99333381652832,0.0,25.079999923706055,24.816667556762695,24.81999969482422,0.0,27436800,0.6154142377614854,0.3787346840395501,WMT,Walmart,Stock
2012-07-31,18.87356185913086,24.809999465942383,0.0,24.99333381652832,24.809999465942383,24.920000076293945,0.0,24968700,-0.7362788112988837,0.5421064879676972,WMT,Walmart,Stock
2012-08-01,18.668169021606445,24.540000915527344,0.0,24.93000030517578,24.47333335876465,24.899999618530273,0.0,29097000,-1.0942217209755318,1.1973211746546546,WMT,Walmart,Stock
2012-08-02,18.77720832824707,24.683332443237305,0.0,24.719999313354492,24.31333351135254,24.350000381469727,0.0,24279000,0.5823929283589457,0.3391815230025081,WMT,Walmart,Stock
2012-08-03,18.90399742126465,24.850000381469727,0.0,24.98666763305664,24.75,24.913333892822266,0.0,26220000,0.6729592060076477,0.4528740929504436,WMT,Walmart,Stock
2012-08-06,18.835529327392575,24.760000228881836,0.0,24.97333335876465,24.760000228881836,24.97333335876465,0.0,18352500,-0.3628459331106224,0.1316571711749182,WMT,Walmart,Stock
2012-08-07,18.76199531555176,24.663333892822266,0.0,24.86666679382324,24.656667709350582,24.803333282470703,0.0,22843500,-0.3911646115055509,0.1530097532942885,WMT,Walmart,Stock
2012-08-08,18.945045471191406,24.770000457763672,0.132667,24.836666107177734,24.476667404174805,24.549999237060547,0.0,19734900,0.9709146609857962,0.9426752789171636,WMT,Walmart,Stock
2012-08-09,18.82777404785156,24.61666679382324,0.0,24.84000015258789,24.586666107177734,24.760000228881836,0.0,15854100,-0.6209322026937222,0.3855568003420777,WMT,Walmart,Stock
2012-08-10,18.7844295501709,24.559999465942383,0.0,24.75,24.476667404174805,24.61666679382324,0.0,16932600,-0.2304811349615667,0.0531215535731719,WMT,Walmart,Stock
2012-08-13,18.71304702758789,24.46666717529297,0.0,24.56333351135254,24.393333435058594,24.469999313354492,0.0,18903000,-0.3807328669894332,0.1449575160059935,WMT,Walmart,Stock
2012-08-14,18.868558883666992,24.670000076293945,0.0,24.75666618347168,24.523332595825195,24.61333274841309,0.0,21726000,0.8276003109505263,0.6849222746854079,WMT,Walmart,Stock
2012-08-15,18.980743408203125,24.816667556762695,0.0,24.84000015258789,24.606666564941406,24.63666725158691,0.0,23323200,0.5927974692520663,0.3514088395516545,WMT,Walmart,Stock
2012-08-16,18.394367218017575,24.049999237060547,0.0,24.25,23.926666259765625,24.19333267211914,0.0,53439600,-3.1380472099532417,9.847340291895325,WMT,Walmart,Stock
2012-08-17,18.353565216064453,23.996667861938477,0.0,24.229999542236328,23.946666717529297,24.13666725158691,0.0,29204700,-0.2220642959622534,0.0493125515412112,WMT,Walmart,Stock
2012-08-20,18.43260383605957,24.100000381469727,0.0,24.13666725158691,23.88666725158691,24.003332138061523,0.0,16646100,0.4297198847197708,0.1846591793235731,WMT,Walmart,Stock
2012-08-21,18.21080017089844,23.809999465942383,0.0,24.11333274841309,23.809999465942383,24.100000381469727,0.0,22902600,-1.210621011522136,1.4656032335388791,WMT,Walmart,Stock
2012-08-22,18.297483444213867,23.92333221435547,0.0,23.950000762939453,23.78333282470703,23.78333282470703,0.0,19983000,0.4748699616920557,0.2255014805174145,WMT,Walmart,Stock
2012-08-23,18.24394416809082,23.85333251953125,0.0,23.979999542236328,23.799999237060547,23.933332443237305,0.0,18015300,-0.2930335125506715,0.0858686394777845,WMT,Walmart,Stock
2012-08-24,18.384166717529297,24.036666870117188,0.0,24.066667556762695,23.78333282470703,23.796667098999023,0.0,15570300,0.7656591130371346,0.5862338773768117,WMT,Walmart,Stock
2012-08-27,18.48360061645508,24.166667938232425,0.0,24.26333236694336,24.023332595825195,24.05666732788086,0.0,17300700,0.5394096101410817,0.2909627275125537,WMT,Walmart,Stock
2012-08-28,18.46065139770508,24.13666725158691,0.0,24.23666763305664,24.053333282470703,24.059999465942383,0.0,14468100,-0.1242370352660899,0.0154348409317076,WMT,Walmart,Stock
2012-08-29,18.552427291870117,24.25666618347168,0.0,24.34000015258789,24.143333435058594,24.203332901000977,0.0,12692400,0.4959116371835291,0.2459283518940482,WMT,Walmart,Stock
2012-08-30,18.419857025146484,24.083332061767575,0.0,24.25,24.049999237060547,24.209999084472656,0.0,15711600,-0.7171362945461042,0.5142844649553167,WMT,Walmart,Stock
2012-08-31,18.509092330932617,24.200000762939453,0.0,24.316667556762695,24.1200008392334,24.196666717529297,0.0,17655300,0.4832819835104369,0.2335614755857822,WMT,Walmart,Stock
2012-09-04,18.741086959838867,24.503332138061523,0.0,24.61333274841309,24.190000534057617,24.25666618347168,0.0,25572300,1.2456188557537216,1.5515663338092105,WMT,Walmart,Stock
2012-09-05,18.75128746032715,24.516666412353516,0.0,24.649999618530273,24.456666946411133,24.6200008392334,0.0,23892300,0.0544137355807358,0.0029608546198502,WMT,Walmart,Stock
2012-09-06,19.072525024414062,24.93666648864746,0.0,24.93666648864746,24.61333274841309,24.65999984741211,0.0,19525500,1.6986404439337472,2.885379357767438,WMT,Walmart,Stock
2012-09-07,18.82012176513672,24.606666564941406,0.0,24.933332443237305,24.5,24.899999618530273,0.0,19864200,-1.332221492692233,1.774814105591121,WMT,Walmart,Stock
2012-09-10,18.741086959838867,24.503332138061523,0.0,24.706666946411133,24.5,24.6299991607666,0.0,19500300,-0.420832686822264,0.1771001502980457,WMT,Walmart,Stock
2012-09-11,18.881311416625977,24.68666648864746,0.0,24.80666732788086,24.516666412353516,24.573333740234375,0.0,15874200,0.7454341677361741,0.5556720984285225,WMT,Walmart,Stock
2012-09-12,18.88386344909668,24.690000534057617,0.0,24.78333282470703,24.583332061767575,24.68666648864746,0.0,12893400,0.0135152689410841,0.0001826624945498,WMT,Walmart,Stock
2012-09-13,19.156654357910156,25.046667098999023,0.0,25.06333351135254,24.649999618530273,24.649999618530273,0.0,22222200,1.434236969924463,2.057035685898105,WMT,Walmart,Stock
2012-09-14,18.993492126464844,24.833332061767575,0.0,24.996667861938477,24.753332138061523,24.946666717529297,0.0,25607100,-0.8553740486669948,0.7316647631329665,WMT,Walmart,Stock
2012-09-17,18.863468170166016,24.663333892822266,0.0,24.893333435058594,24.62333297729492,24.786666870117188,0.0,20563800,-0.68692502811621,0.4718659942524559,WMT,Walmart,Stock
2012-09-18,18.853261947631836,24.649999618530273,0.0,24.72333335876465,24.559999465942383,24.61666679382324,0.0,15912300,-0.0541204009542781,0.0029290177994518,WMT,Walmart,Stock
2012-09-19,18.960351943969727,24.790000915527344,0.0,24.87666702270508,24.663333892822266,24.75,0.0,16967700,0.5664112557522792,0.3208217106428739,WMT,Walmart,Stock
2012-09-20,19.05722427368164,24.916667938232425,0.0,24.940000534057617,24.773332595825195,24.773332595825195,0.0,13569600,0.5096197548997822,0.259712294584114,WMT,Walmart,Stock
2012-09-21,18.980743408203125,24.816667556762695,0.0,25.030000686645508,24.77666664123535,24.98666763305664,0.0,31686900,-0.4021296257535198,0.1617082359086659,WMT,Walmart,Stock
2012-09-24,19.054668426513672,24.913333892822266,0.0,24.98666763305664,24.726667404174805,24.733333587646484,0.0,13241100,0.3887172917510854,0.1511011329062984,WMT,Walmart,Stock
2012-09-25,18.93230628967285,24.753332138061523,0.0,25.016666412353516,24.753332138061523,24.969999313354492,0.0,19274100,-0.6442342985319109,0.4150378314049033,WMT,Walmart,Stock
2012-09-26,18.91445541381836,24.729999542236328,0.0,24.946666717529297,24.713333129882812,24.719999313354492,0.0,14414700,-0.0943323886892895,0.0088985995558272,WMT,Walmart,Stock
2012-09-27,18.860916137695312,24.65999984741211,0.0,24.833332061767575,24.61000061035156,24.790000915527344,0.0,16170300,-0.2834614711821945,0.080350405644774,WMT,Walmart,Stock
2012-09-28,18.81502914428711,24.600000381469727,0.0,24.68666648864746,24.47333335876465,24.6200008392334,0.0,18063000,-0.2435878688855143,0.0593350498681865,WMT,Walmart,Stock
2012-10-01,18.87876319885254,24.683332443237305,0.0,24.829999923706055,24.600000381469727,24.600000381469727,0.0,13986900,0.3381676999883309,0.1143573933153978,WMT,Walmart,Stock
2012-10-02,18.802274703979492,24.583332061767575,0.0,24.786666870117188,24.543333053588867,24.65999984741211,0.0,12709500,-0.4059792627085948,0.1648191617494142,WMT,Walmart,Stock
2012-10-03,18.917001724243164,24.733333587646484,0.0,24.916667938232425,24.583332061767575,24.676666259765625,0.0,24494100,0.608322242219622,0.3700559503791084,WMT,Walmart,Stock
2012-10-04,19.04956817626953,24.906667709350582,0.0,25.003332138061523,24.836666107177734,24.836666107177734,0.0,15002700,0.6983353572094168,0.4876722711288037,WMT,Walmart,Stock
2012-10-05,19.154102325439453,25.043333053588867,0.0,25.166667938232425,24.963333129882812,24.979999542236328,0.0,15615300,0.5472479930839454,0.299480365934406,WMT,Walmart,Stock
2012-10-08,19.1846981048584,25.083332061767575,0.0,25.183332443237305,25.020000457763672,25.053333282470703,0.0,13637700,0.1596074241794812,0.0254745298532088,WMT,Walmart,Stock
2012-10-09,18.901704788208008,24.713333129882812,0.0,25.12666702270508,24.709999084472656,25.053333282470703,0.0,24921900,-1.4860869143994304,2.20845431714922,WMT,Walmart,Stock
2012-10-10,19.228038787841797,25.13999938964844,0.0,25.60333251953125,24.8799991607666,24.88333320617676,0.0,58094400,1.711744885587002,2.930070553333259,WMT,Walmart,Stock
2012-10-11,19.123504638671875,25.003332138061523,0.0,25.536666870117188,24.983333587646484,25.53333282470703,0.0,24976500,-0.5451379459858798,0.297175380153704,WMT,Walmart,Stock
2012-10-12,19.327468872070312,25.270000457763672,0.0,25.34666633605957,25.100000381469727,25.13999938964844,0.0,24087900,1.0609153831845484,1.125541450277617,WMT,Walmart,Stock
2012-10-15,19.669090270996097,25.71666717529297,0.0,25.78333282470703,25.18666648864746,25.290000915527344,0.0,29008800,1.752104010343008,3.0698684630600517,WMT,Walmart,Stock
2012-10-16,19.60789680480957,25.63666725158691,0.0,25.86666679382324,25.56333351135254,25.86666679382324,0.0,18930300,-0.311599846400138,0.0970944642765896,WMT,Walmart,Stock
2012-10-17,19.63850212097168,25.676666259765625,0.0,25.833332061767575,25.49333381652832,25.77666664123535,0.0,22483500,0.1559649965540024,0.02432508015009,WMT,Walmart,Stock
2012-10-18,19.51868057250977,25.520000457763672,0.0,25.74333381652832,25.38999938964844,25.67333221435547,0.0,21977100,-0.6120048185924996,0.3745498979804383,WMT,Walmart,Stock
2012-10-19,19.279024124145508,25.206666946411133,0.0,25.56999969482422,25.143333435058594,25.52666664123535,0.0,20827500,-1.235431314515706,1.5262905328860057,WMT,Walmart,Stock
2012-10-22,19.28667640686035,25.21666717529297,0.0,25.260000228881836,25.030000686645508,25.226667404174805,0.0,16276200,0.0396843968080912,0.001574851350022,WMT,Walmart,Stock
2012-10-23,19.059770584106445,24.920000076293945,0.0,25.163333892822266,24.836666107177734,25.016666412353516,0.0,17501700,-1.1834654258955368,1.4005904142901044,WMT,Walmart,Stock
2012-10-24,19.0750675201416,24.940000534057617,0.0,25.0,24.84000015258789,24.976667404174805,0.0,13749600,0.080225524040683,0.0064361347076022,WMT,Walmart,Stock
2012-10-25,19.202539443969727,25.106666564941406,0.0,25.166667938232425,24.963333129882812,25.100000381469727,0.0,13298700,0.6660416111208121,0.443611427744407,WMT,Walmart,Stock
2012-10-26,19.149005889892575,25.036666870117188,0.0,25.13999938964844,24.893333435058594,25.066667556762695,0.0,13340700,-0.2791730470315389,0.0779375901888738,WMT,Walmart,Stock
2012-10-31,19.12606430053711,25.00666618347168,0.0,25.226667404174805,24.709999084472656,25.083332061767575,0.0,19653600,-0.1198774658737393,0.0143706068243095,WMT,Walmart,Stock
2012-11-01,18.725791931152344,24.483333587646484,0.0,25.053333282470703,24.38333320617676,25.043333053588867,0.0,38830800,-2.1150206638111477,4.473312408348148,WMT,Walmart,Stock
2012-11-02,18.552427291870117,24.25666618347168,0.0,24.523332595825195,24.23666763305664,24.48666763305664,0.0,25690500,-0.9301189420476952,0.8651212463559239,WMT,Walmart,Stock
2012-11-05,18.646753311157227,24.3799991607666,0.0,24.399999618530273,24.21666717529297,24.219999313354492,0.0,14303100,0.5071413935685889,0.2571923930706903,WMT,Walmart,Stock
2012-11-06,18.804826736450195,24.586666107177734,0.0,24.760000228881836,24.37666702270508,24.38999938964844,0.0,16003200,0.8441532441441558,0.7125946995991027,WMT,Walmart,Stock
2012-11-07,18.639110565185547,24.3700008392334,0.0,24.63333320617676,24.286666870117188,24.47333335876465,0.0,20429700,-0.885148652506234,0.7834881370336018,WMT,Walmart,Stock
2012-11-08,18.478496551513672,24.15999984741211,0.0,24.65999984741211,24.15999984741211,24.336666107177734,0.0,21411300,-0.8654384192542645,0.74898365752132,WMT,Walmart,Stock
2012-11-09,18.435155868530273,24.10333251953125,0.0,24.200000762939453,23.97333335876465,24.043333053588867,0.0,20674200,-0.2348220783236069,0.0551414084682181,WMT,Walmart,Stock
2012-11-12,18.478496551513672,24.15999984741211,0.0,24.200000762939453,23.96666717529297,24.09000015258789,0.0,13148400,0.2348220783236115,0.0551414084682203,WMT,Walmart,Stock
2012-11-13,18.30767822265625,23.93666648864746,0.0,24.100000381469727,23.726667404174805,23.989999771118164,0.0,26932200,-0.9287160607500184,0.8625135214950319,WMT,Walmart,Stock
2012-11-14,18.180206298828125,23.770000457763672,0.0,24.0,23.69333267211914,23.953332901000977,0.0,27333900,-0.69871106036795,0.4881971458805051,WMT,Walmart,Stock
2012-11-15,17.519899368286133,22.906667709350582,0.0,23.229999542236328,22.61666679382324,23.219999313354492,0.0,69146700,-3.699609458278858,13.687110143786386,WMT,Walmart,Stock
2012-11-16,17.343990325927734,22.676666259765625,0.0,22.89666748046875,22.62666702270508,22.86333274841309,0.0,36771300,-1.0091274191691653,1.01833814811902,WMT,Walmart,Stock
2012-11-19,17.596376419067383,23.00666618347168,0.0,23.043333053588867,22.549999237060547,22.71666717529297,0.0,38507100,1.4446928085786594,2.0871373111588953,WMT,Walmart,Stock
2012-11-20,17.591285705566406,23.0,0.0,23.079999923706055,22.816667556762695,23.079999923706055,0.0,28183800,-0.0289346505514465,0.0008372140025343,WMT,Walmart,Stock
2012-11-21,17.5632381439209,22.963333129882812,0.0,23.020000457763672,22.893333435058594,22.953332901000977,0.0,21118800,-0.1595673303200181,0.0254617329054577,WMT,Walmart,Stock
2012-11-23,17.897216796875,23.399999618530273,0.0,23.413333892822266,22.959999084472656,23.11333274841309,0.0,15404700,1.883723879152992,3.548415652891195,WMT,Walmart,Stock
2012-11-26,17.823284149169922,23.303333282470703,0.0,23.40999984741211,23.149999618530273,23.37666702270508,0.0,27219600,-0.4139513798528277,0.1713557448820601,WMT,Walmart,Stock
2012-11-27,17.718751907348633,23.166667938232425,0.0,23.38999938964844,23.149999618530273,23.299999237060547,0.0,22146900,-0.5882192177048959,0.3460018480773598,WMT,Walmart,Stock
2012-11-28,17.988998413085938,23.520000457763672,0.0,23.60333251953125,23.09666633605957,23.15333366394043,0.0,31489200,1.513686319094535,2.291246272613962,WMT,Walmart,Stock
2012-11-29,18.057830810546875,23.61000061035156,0.0,23.68000030517578,23.37666702270508,23.49333381652832,0.0,28861500,0.3819058852313193,0.1458521051743176,WMT,Walmart,Stock
2012-11-30,18.36121940612793,24.00666618347168,0.0,24.040000915527344,23.61666679382324,23.656667709350582,0.0,37455600,1.6661368825582432,2.776012111420901,WMT,Walmart,Stock
2012-12-03,18.18786239624023,23.780000686645508,0.0,24.11333274841309,23.780000686645508,24.036666870117188,0.0,27260400,-0.9486329142965684,0.8999044060868002,WMT,Walmart,Stock
2012-12-04,18.386720657348633,24.040000915527344,0.0,24.200000762939453,23.816667556762695,23.823333740234375,0.0,38461500,1.0874230357029817,1.1824888585774878,WMT,Walmart,Stock
2012-12-05,18.36825942993164,23.88333320617676,0.132667,24.00666618347168,23.74333381652832,23.979999542236328,0.0,28539600,-0.1004556602976864,0.0100913396858441,WMT,Walmart,Stock
2012-12-06,18.352876663208008,23.86333274841309,0.0,23.950000762939453,23.700000762939453,23.88999938964844,0.0,21498300,-0.0837815452355505,0.0070193473220566,WMT,Walmart,Stock
2012-12-07,18.532331466674805,24.09666633605957,0.0,24.196666717529297,23.950000762939453,23.96666717529297,0.0,21849000,0.973052497237648,0.9468311623804232,WMT,Walmart,Stock
2012-12-10,18.496435165405273,24.049999237060547,0.0,24.11333274841309,23.93000030517578,24.02666664123535,0.0,17704800,-0.1938833819173326,0.0375907657837022,WMT,Walmart,Stock
2012-12-11,18.173418045043945,23.6299991607666,0.0,24.233333587646484,23.606666564941406,24.083332061767575,0.0,43785000,-1.7618040285849494,3.1039534351381572,WMT,Walmart,Stock
2012-12-12,17.67351722717285,22.979999542236328,0.0,23.450000762939453,22.969999313354492,23.399999618530273,0.0,70205700,-2.789266217130709,7.780006030026655,WMT,Walmart,Stock
2012-12-13,17.69915771484375,23.01333236694336,0.0,23.1200008392334,23.0,23.01333236694336,0.0,42730500,0.1449734418090225,0.021017298829954,WMT,Walmart,Stock
2012-12-14,17.624814987182617,22.916667938232425,0.0,23.100000381469727,22.913333892822266,23.016666412353516,0.0,31506900,-0.4209200253399032,0.1771736677321448,WMT,Walmart,Stock
2012-12-17,17.740177154541016,23.066667556762695,0.0,23.170000076293945,22.963333129882812,22.98666763305664,0.0,31595100,0.6524111532993168,0.4256403129493445,WMT,Walmart,Stock
2012-12-18,17.817081451416016,23.166667938232425,0.0,23.219999313354492,22.969999313354492,23.036666870117188,0.0,34769400,0.4325666252436683,0.1871138852746962,WMT,Walmart,Stock
2012-12-19,17.565847396850586,22.84000015258789,0.0,23.166667938232425,22.84000015258789,23.143333435058594,0.0,29919600,-1.4201101206346207,2.0167127547288772,WMT,Walmart,Stock
2012-12-20,17.688901901245117,23.0,0.0,23.020000457763672,22.72333335876465,22.77666664123535,0.0,29058900,0.6980903655754181,0.4873301585092209,WMT,Walmart,Stock
2012-12-21,17.59917640686035,22.88333320617676,0.0,23.053333282470703,22.75666618347168,22.956666946411133,0.0,39693000,-0.5085325812516177,0.2586053861944332,WMT,Walmart,Stock
2012-12-24,17.57866668701172,22.856666564941406,0.0,22.93666648864746,22.770000457763672,22.836666107177734,0.0,8714400,-0.1166059108161605,0.0135969384372663,WMT,Walmart,Stock
2012-12-26,17.42997169494629,22.663333892822266,0.0,22.88333320617676,22.57666778564453,22.85333251953125,0.0,18278700,-0.8494811173007641,0.7216181686505546,WMT,Walmart,Stock
2012-12-27,17.481250762939453,22.729999542236328,0.0,22.80666732788086,22.59666633605957,22.676666259765625,0.0,22152600,0.2937686008171669,0.0862999908260759,WMT,Walmart,Stock
2012-12-28,17.332563400268555,22.536666870117188,0.0,22.78333282470703,22.51333236694336,22.63666725158691,0.0,16540200,-0.8541911899953261,0.7296425890656312,WMT,Walmart,Stock
2012-12-31,17.491504669189453,22.74333381652832,0.0,22.766666412353516,22.456666946411133,22.496667861938477,0.0,21037500,0.9128305875327906,0.8332596815354596,WMT,Walmart,Stock
2013-01-02,17.750431060791016,23.079999923706055,0.0,23.079999923706055,22.816667556762695,22.976667404174805,0.0,31172400,1.4694485154725672,2.1592789396245315,WMT,Walmart,Stock
2013-01-03,17.63762664794922,22.933332443237305,0.0,23.11666679382324,22.793333053588867,23.083332061767575,0.0,26730300,-0.6375302981763321,0.4064448810928029,WMT,Walmart,Stock
2013-01-04,17.70427894592285,23.020000457763672,0.0,23.059999465942383,22.780000686645508,22.90999984741211,0.0,19314000,0.3771860960811583,0.1422693510769447,WMT,Walmart,Stock
2013-01-07,17.535091400146484,22.799999237060547,0.0,22.97333335876465,22.709999084472656,22.94333267211914,0.0,18604200,-0.9602262701392345,0.9220344898655058,WMT,Walmart,Stock
2013-01-08,17.58379364013672,22.86333274841309,0.0,22.963333129882812,22.73666763305664,22.760000228881836,0.0,17600700,0.2773565912198575,0.0769266786930991,WMT,Walmart,Stock
2013-01-09,17.57866668701172,22.856666564941406,0.0,22.90333366394043,22.739999771118164,22.88666725158691,0.0,15165600,-0.0291615155119003,0.0008503939869508,WMT,Walmart,Stock
2013-01-10,17.524831771850586,22.786666870117188,0.0,23.010000228881836,22.573333740234375,22.88666725158691,0.0,34361400,-0.3067213225478193,0.0940779697054834,WMT,Walmart,Stock
2013-01-11,17.594043731689453,22.87666702270508,0.0,22.93000030517578,22.73666763305664,22.86666679382324,0.0,18673500,0.3941586879050448,0.1553610712510265,WMT,Walmart,Stock
2013-01-14,17.509450912475586,22.766666412353516,0.0,22.88999938964844,22.703332901000977,22.829999923706055,0.0,16471200,-0.4819633134586119,0.2322886355200042,WMT,Walmart,Stock
2013-01-15,17.68377685546875,22.99333381652832,0.0,23.079999923706055,22.700000762939453,22.729999542236328,0.0,18421200,0.9906870146963648,0.9814607610879952,WMT,Walmart,Stock
2013-01-16,17.742734909057617,23.06999969482422,0.0,23.12333297729492,22.963333129882812,22.979999542236328,0.0,14753700,0.332847379456805,0.1107873780112623,WMT,Walmart,Stock
2013-01-17,17.650453567504883,22.950000762939453,0.0,23.106666564941406,22.90333366394043,23.100000381469727,0.0,21697800,-0.5214650312034638,0.2719257787680294,WMT,Walmart,Stock
2013-01-18,17.740177154541016,23.066667556762695,0.0,23.066667556762695,22.950000762939453,22.950000762939453,0.0,23440200,0.5070482070349841,0.2570978842573921,WMT,Walmart,Stock
2013-01-22,17.837594985961914,23.19333267211914,0.0,23.21666717529297,22.98666763305664,23.016666412353516,0.0,17243700,0.5476344865120807,0.2999035308173503,WMT,Walmart,Stock
2013-01-23,17.814525604248047,23.163333892822266,0.0,23.213333129882812,23.049999237060547,23.1299991607666,0.0,19096200,-0.1294138163546259,0.0167479358634688,WMT,Walmart,Stock
2013-01-24,17.891422271728516,23.26333236694336,0.0,23.329999923706055,23.11666679382324,23.21666717529297,0.0,27417000,0.4307225598996113,0.1855219236064742,WMT,Walmart,Stock
2013-01-25,17.688901901245117,23.0,0.0,23.333332061767575,22.976667404174805,23.303333282470703,0.0,23903100,-1.138396359872592,1.295946272171168,WMT,Walmart,Stock
2013-01-28,17.778621673583984,23.11666679382324,0.0,23.166667938232425,22.933332443237305,23.02666664123535,0.0,21164400,0.5059274213136331,0.2559625556370624,WMT,Walmart,Stock
2013-01-29,17.917062759399414,23.296667098999023,0.0,23.399999618530273,23.066667556762695,23.06999969482422,0.0,28682700,0.7756779686575177,0.601676311060653,WMT,Walmart,Stock
2013-01-30,17.88117218017578,23.25,0.0,23.37333297729492,23.166667938232425,23.37333297729492,0.0,21061800,-0.2005159824753816,0.0402066592280675,WMT,Walmart,Stock
2013-01-31,17.93244171142578,23.316667556762695,0.0,23.479999542236328,23.229999542236328,23.229999542236328,0.0,21048600,0.2863132797980069,0.0819752941886917,WMT,Walmart,Stock
2013-02-01,18.07087516784668,23.496667861938477,0.0,23.51333236694336,23.316667556762695,23.3700008392334,0.0,19349400,0.769007695037135,0.5913728350263272,WMT,Walmart,Stock
2013-02-04,17.850406646728516,23.209999084472656,0.0,23.299999237060547,23.043333053588867,23.14666748046875,0.0,32277900,-1.2275246224769425,1.5068166987871596,WMT,Walmart,Stock
2013-02-05,18.142658233642575,23.59000015258789,0.0,23.690000534057617,23.253332138061523,23.290000915527344,0.0,31576500,1.6239684547676865,2.6372735420805467,WMT,Walmart,Stock
2013-02-06,18.281091690063477,23.770000457763672,0.0,23.773332595825195,23.433332443237305,23.49333381652832,0.0,29273400,0.7601310862636252,0.5777992683043189,WMT,Walmart,Stock
2013-02-07,18.260591506958008,23.74333381652832,0.0,23.8799991607666,23.63333320617676,23.81333351135254,0.0,24920700,-0.1122016473385451,0.0125892096654832,WMT,Walmart,Stock
2013-02-08,18.324684143066406,23.82666778564453,0.0,23.8799991607666,23.690000534057617,23.733333587646484,0.0,17719800,0.3503742997014025,0.1227621498912482,WMT,Walmart,Stock
2013-02-11,18.304170608520508,23.799999237060547,0.0,23.836666107177734,23.510000228881836,23.75,0.0,18607800,-0.1120075242846451,0.0125456854963753,WMT,Walmart,Stock
2013-02-12,18.304170608520508,23.799999237060547,0.0,23.88666725158691,23.700000762939453,23.829999923706055,0.0,14286000,0.0,0.0,WMT,Walmart,Stock
2013-02-13,18.301607131958008,23.796667098999023,0.0,23.899999618530273,23.73666763305664,23.76333236694336,0.0,11905800,-0.0140058576810725,0.0001961640493824,WMT,Walmart,Stock
2013-02-14,18.155473709106445,23.606666564941406,0.0,23.74333381652832,23.583332061767575,23.700000762939453,0.0,20463000,-0.801678039660129,0.6426876792733073,WMT,Walmart,Stock
2013-02-15,17.765811920166016,23.100000381469727,0.0,23.333332061767575,22.709999084472656,23.18000030517578,0.0,77051100,-2.1696165225918222,4.7072358551034315,WMT,Walmart,Stock
2013-02-19,17.62737274169922,22.920000076293945,0.0,23.149999618530273,22.84666633605957,23.06333351135254,0.0,44046900,-0.7822968507359226,0.6119883626713424,WMT,Walmart,Stock
2013-02-20,17.742734909057617,23.06999969482422,0.0,23.28333282470703,22.766666412353516,22.906667709350582,0.0,35920800,0.6523167956894508,0.4255172019385527,WMT,Walmart,Stock
2013-02-21,18.011917114257812,23.420000076293945,0.0,23.823333740234375,23.239999771118164,23.333332061767575,0.0,61239300,1.50574694962932,2.267273876318002,WMT,Walmart,Stock
2013-02-22,18.04780387878418,23.46666717529297,0.0,23.51333236694336,23.296667098999023,23.406667709350582,0.0,27495600,0.1990407878146133,0.0396172352138619,WMT,Walmart,Stock
2013-02-25,18.058059692382812,23.479999542236328,0.0,23.780000686645508,23.479999542236328,23.5,0.0,35452800,0.0568096860735337,0.0032273404317734,WMT,Walmart,Stock
2013-02-26,18.229822158813477,23.703332901000977,0.0,23.796667098999023,23.536666870117188,23.56333351135254,0.0,31672800,0.946672775761302,0.8961893443676084,WMT,Walmart,Stock
2013-02-27,18.370820999145508,23.88666725158691,0.0,23.98666763305664,23.52666664123535,23.63999938964844,0.0,26457000,0.770475738558487,0.5936328637072461,WMT,Walmart,Stock
2013-02-28,18.145227432250977,23.593332290649418,0.0,23.959999084472656,23.593332290649418,23.86333274841309,0.0,56650800,-1.2356015873208528,1.526711282589811,WMT,Walmart,Stock
2013-03-01,18.391334533691406,23.913333892822266,0.0,23.96666717529297,23.593332290649418,23.593332290649418,0.0,26706900,1.34720296856568,1.814955838512181,WMT,Walmart,Stock
2013-03-04,18.780994415283203,24.420000076293945,0.0,24.420000076293945,23.836666107177734,23.84000015258789,0.0,31701600,2.096581871122163,4.395655542318109,WMT,Walmart,Stock
2013-03-05,18.898929595947266,24.573333740234375,0.0,24.68000030517578,24.329999923706055,24.489999771118164,0.0,27426000,0.6259862187872871,0.3918587461116052,WMT,Walmart,Stock
2013-03-06,18.8117618560791,24.459999084472656,0.0,24.709999084472656,24.416667938232425,24.583332061767575,0.0,21448800,-0.4622980473554515,0.2137194845886632,WMT,Walmart,Stock
2013-03-07,18.796384811401367,24.440000534057617,0.0,24.536666870117188,24.399999618530273,24.496667861938477,0.0,20040000,-0.0817750774618049,0.0066871632938841,WMT,Walmart,Stock
2013-03-08,18.842817306518555,24.343332290649418,0.156667,24.463333129882812,24.280000686645508,24.433332443237305,0.0,17233800,0.2467242452467768,0.0608728531925916,WMT,Walmart,Stock
2013-03-11,18.829919815063477,24.32666778564453,0.0,24.413333892822266,24.270000457763672,24.36333274841309,0.0,15446100,-0.068471223194365,0.0046883084057325,WMT,Walmart,Stock
2013-03-12,18.989892959594727,24.53333282470703,0.0,24.63333320617676,24.280000686645508,24.316667556762695,0.0,24460200,0.845980383704522,0.7156828096128502,WMT,Walmart,Stock
2013-03-13,19.00279235839844,24.549999237060547,0.0,24.733333587646484,24.51333236694336,24.6299991607666,0.0,15978300,0.0679046463360543,0.0046110409940246,WMT,Walmart,Stock
2013-03-14,18.891841888427734,24.406667709350582,0.0,24.666667938232425,24.37666702270508,24.62333297729492,0.0,19059600,-0.5855751834797367,0.3428982955073273,WMT,Walmart,Stock
2013-03-15,18.706069946289062,24.166667938232425,0.0,24.5,24.143333435058594,24.336666107177734,0.0,51585300,-0.9882115515784788,0.9765620706731446,WMT,Walmart,Stock
2013-03-18,18.64156913757324,24.083332061767575,0.0,24.24333381652832,24.003332138061523,24.09666633605957,0.0,17313000,-0.3454080334188463,0.1193067095502748,WMT,Walmart,Stock
2013-03-19,18.693172454833984,24.149999618530273,0.0,24.290000915527344,24.06333351135254,24.13999938964844,0.0,17258400,0.2764360910033348,0.076416912409204,WMT,Walmart,Stock
2013-03-20,18.832500457763672,24.329999923706055,0.0,24.459999084472656,24.246667861938477,24.270000457763672,0.0,18960900,0.7425777200102296,0.551421670255591,WMT,Walmart,Stock
2013-03-21,18.868621826171875,24.37666702270508,0.0,24.489999771118164,24.28333282470703,24.290000915527344,0.0,16520100,0.1916196509415644,0.036718090626967,WMT,Walmart,Stock
2013-03-22,19.165342330932617,24.760000228881836,0.0,24.76333236694336,24.43000030517578,24.450000762939453,0.0,21971400,1.5603239436303933,2.4346108090663026,WMT,Walmart,Stock
2013-03-25,19.312410354614254,24.950000762939453,0.0,25.036666870117188,24.706666946411133,24.713333129882812,0.0,31316100,0.7644351844376143,0.5843611512061694,WMT,Walmart,Stock
2013-03-26,19.29176902770996,24.92333221435547,0.0,25.030000686645508,24.809999465942383,24.976667404174805,0.0,19927200,-0.1069383118701032,0.0114358025456274,WMT,Walmart,Stock
2013-03-27,19.294347763061523,24.926666259765625,0.0,24.98666763305664,24.746667861938477,24.770000457763672,0.0,17910900,0.0133661304628438,0.0001786534435497,WMT,Walmart,Stock
2013-03-28,19.30724334716797,24.94333267211914,0.0,24.989999771118164,24.793333053588867,24.946666717529297,0.0,22104900,0.0668137463522876,0.0044640767016278,WMT,Walmart,Stock
2013-04-01,19.46205711364746,25.143333435058594,0.0,25.309999465942383,24.96666717529297,25.0,0.0,25246200,0.7986452554873267,0.6378342441124173,WMT,Walmart,Stock
2013-04-02,19.614286422729492,25.34000015258789,0.0,25.350000381469727,25.13999938964844,25.183332443237305,0.0,19928400,0.7791418818133299,0.6070620719956169,WMT,Walmart,Stock
2013-04-03,19.609121322631836,25.333332061767575,0.0,25.559999465942383,25.239999771118164,25.43666648864746,0.0,22361700,-0.0263368249951341,0.0006936283508243,WMT,Walmart,Stock
2013-04-04,19.66073226928711,25.399999618530273,0.0,25.52666664123535,25.31999969482422,25.31999969482422,0.0,22524600,0.2628529095489393,0.0690916520583429,WMT,Walmart,Stock
2013-04-05,19.70975685119629,25.463333129882812,0.0,25.469999313354492,25.143333435058594,25.183332443237305,0.0,17640900,0.2490424088842576,0.0620221214228737,WMT,Walmart,Stock
2013-04-08,19.941965103149418,25.76333236694336,0.0,25.816667556762695,25.27666664123535,25.36666679382324,0.0,24225300,1.1712525716023643,1.371832586485152,WMT,Walmart,Stock
2013-04-09,20.15611267089844,26.040000915527344,0.0,26.15333366394043,25.67333221435547,25.746667861938477,0.0,26009700,1.0681290258310938,1.1408996158228817,WMT,Walmart,Stock
2013-04-10,19.962608337402344,25.790000915527344,0.0,26.12666702270508,25.790000915527344,26.093332290649418,0.0,25797000,-0.9646660173859064,0.930580525099186,WMT,Walmart,Stock
2013-04-11,20.070972442626953,25.93000030517578,0.0,26.12333297729492,25.75666618347168,25.786666870117188,0.0,21387300,0.54136736096591,0.2930786195191939,WMT,Walmart,Stock
2013-04-12,20.269641876220703,26.18666648864746,0.0,26.28333282470703,25.86000061035156,25.87666702270508,0.0,19010400,0.9849678450594136,0.970161655800985,WMT,Walmart,Stock
2013-04-15,20.246421813964844,26.156667709350582,0.0,26.426666259765625,26.143333435058594,26.14666748046875,0.0,25636500,-0.1146215238264233,0.0131380937242913,WMT,Walmart,Stock
2013-04-16,20.30060577392578,26.226667404174805,0.0,26.286666870117188,26.010000228881836,26.07666778564453,0.0,20563200,0.2672649288371584,0.0714305421863313,WMT,Walmart,Stock
2013-04-17,20.256744384765625,26.170000076293945,0.0,26.356666564941406,26.036666870117188,26.176666259765625,0.0,21745800,-0.21629325430868,0.0467827718594393,WMT,Walmart,Stock
2013-04-18,19.908424377441406,25.719999313354492,0.0,26.350000381469727,25.536666870117188,26.253332138061523,0.0,42656700,-1.73448164404532,3.0084265735301567,WMT,Walmart,Stock
2013-04-19,20.199979782104492,26.09666633605957,0.0,26.14666748046875,25.799999237060547,25.833332061767575,0.0,23521500,1.4538625821688582,2.1137164078307,WMT,Walmart,Stock
2013-04-22,20.117406845092773,25.989999771118164,0.0,26.14666748046875,25.833332061767575,26.09666633605957,0.0,15464700,-0.4096151034245459,0.1677845329535014,WMT,Walmart,Stock
2013-04-23,20.40639305114746,26.36333274841309,0.0,26.406667709350582,26.016666412353516,26.036666870117188,0.0,19960800,1.426278412906539,2.034270111123195,WMT,Walmart,Stock
2013-04-24,20.132898330688477,26.010000228881836,0.0,26.5,25.97333335876465,26.40999984741211,0.0,24250800,-1.3493026667949235,1.8206176866198924,WMT,Walmart,Stock
2013-04-25,20.292865753173828,26.21666717529297,0.0,26.27666664123535,25.959999084472656,26.059999465942383,0.0,17187300,0.7914173600009569,0.6263414377108841,WMT,Walmart,Stock
2013-04-26,20.39348793029785,26.34666633605957,0.0,26.38333320617676,26.190000534057617,26.19333267211914,0.0,17770800,0.4946247238238619,0.2446536174178316,WMT,Walmart,Stock
2013-04-29,20.22577857971191,26.1299991607666,0.0,26.416667938232425,26.049999237060547,26.36000061035156,0.0,18470400,-0.8257672675607894,0.6818915801748124,WMT,Walmart,Stock
2013-04-30,20.052907943725582,25.906667709350582,0.0,26.100000381469727,25.790000915527344,26.093332290649418,0.0,23897400,-0.8583780274395651,0.7368128379910389,WMT,Walmart,Stock
2013-05-01,20.14063835144043,26.020000457763672,0.0,26.219999313354492,25.89666748046875,25.950000762939453,0.0,18780900,0.4365404654367449,0.1905675779637299,WMT,Walmart,Stock
2013-05-02,20.243846893310547,26.15333366394043,0.0,26.163333892822266,25.933332443237305,25.969999313354492,0.0,13558800,0.5111307767927998,0.261254670984811,WMT,Walmart,Stock
2013-05-03,20.44767951965332,26.416667938232425,0.0,26.446666717529297,26.299999237060547,26.30666732788086,0.0,16812300,1.0018514870747997,1.0037064021539874,WMT,Walmart,Stock
2013-05-06,20.33930778503418,26.27666664123535,0.0,26.38666725158691,26.25666618347168,26.36666679382324,0.0,14417100,-0.5314047288471364,0.2823909858410985,WMT,Walmart,Stock
2013-05-07,20.33930778503418,26.27666664123535,0.0,26.3799991607666,26.25666618347168,26.36666679382324,0.0,19713300,0.0,0.0,WMT,Walmart,Stock
2013-05-08,20.31075859069824,26.083332061767575,0.156667,26.219999313354492,25.926666259765625,26.18666648864746,0.0,24025500,-0.1404632345049523,0.0197299202475932,WMT,Walmart,Stock
2013-05-09,20.34969139099121,26.13333320617676,0.0,26.31999969482422,25.96666717529297,26.10333251953125,0.0,19550400,0.1915021216376513,0.0366730625917217,WMT,Walmart,Stock
2013-05-10,20.476871490478516,26.296667098999023,0.0,26.303333282470703,26.093332290649418,26.156667709350582,0.0,17493600,0.6230282536688786,0.3881642048696925,WMT,Walmart,Stock
2013-05-13,20.375648498535156,26.166667938232425,0.0,26.31333351135254,25.97333335876465,26.266666412353516,0.0,23141700,-0.4955542479058746,0.245574012617557,WMT,Walmart,Stock
2013-05-14,20.44832420349121,26.260000228881836,0.0,26.286666870117188,25.88999938964844,25.99333381652832,0.0,30041100,0.3560446322114622,0.1267677801265954,WMT,Walmart,Stock
2013-05-15,20.728649139404297,26.6200008392334,0.0,26.65333366394043,26.21666717529297,26.266666412353516,0.0,24003300,1.3615826708251295,1.8539073694912935,WMT,Walmart,Stock
2013-05-16,20.375648498535156,26.166667938232425,0.0,26.286666870117188,25.780000686645508,26.03333282470703,0.0,36385800,-1.7176273030366005,2.950243552136785,WMT,Walmart,Stock
2013-05-17,20.21212577819824,25.956666946411133,0.0,26.196666717529297,25.799999237060547,26.100000381469727,0.0,32007900,-0.8057776412409303,0.6492776071237975,WMT,Walmart,Stock
2013-05-20,20.090124130249023,25.799999237060547,0.0,25.96666717529297,25.786666870117188,25.959999084472656,0.0,16747800,-0.6054352840958128,0.3665518832281775,WMT,Walmart,Stock
2013-05-21,20.08753204345703,25.796667098999023,0.0,26.059999465942383,25.75,25.87333297729492,0.0,22452900,-0.0129031259781874,0.0001664906600089,WMT,Walmart,Stock
2013-05-22,19.994091033935547,25.676666259765625,0.0,25.933332443237305,25.583332061767575,25.729999542236328,0.0,27093900,-0.4662544658917034,0.2173932269639576,WMT,Walmart,Stock
2013-05-23,19.812395095825195,25.44333267211914,0.0,25.64666748046875,25.416667938232425,25.61000061035156,0.0,24144600,-0.912902482177804,0.8333909419663955,WMT,Walmart,Stock
2013-05-24,20.0667724609375,25.770000457763672,0.0,25.803333282470703,25.38333320617676,25.440000534057617,0.0,22768800,1.2757578996968555,1.6275582186389326,WMT,Walmart,Stock
2013-05-28,20.06936264038086,25.773332595825195,0.0,26.01333236694336,25.68666648864746,25.84000015258789,0.0,18177600,0.0129069699432605,0.0001665898731162,WMT,Walmart,Stock
2013-05-29,19.78644371032715,25.40999984741211,0.0,25.683332443237305,25.35333251953125,25.683332443237305,0.0,17646900,-1.419736335348485,2.0156512619087463,WMT,Walmart,Stock
2013-05-30,19.63070297241211,25.209999084472656,0.0,25.51333236694336,25.203332901000977,25.496667861938477,0.0,18684000,-0.7902223344846881,0.6244513379184303,WMT,Walmart,Stock
2013-05-31,19.42564392089844,24.946666717529297,0.0,25.209999084472656,24.940000534057617,25.1200008392334,0.0,29237100,-1.0500773988318124,1.1026625435373851,WMT,Walmart,Stock
2013-06-03,19.646278381347656,25.229999542236328,0.0,25.266666412353516,24.8799991607666,25.020000457763672,0.0,25321500,1.1293880241148453,1.2755173090140344,WMT,Walmart,Stock
2013-06-04,19.71116065979004,25.31333351135254,0.0,25.459999084472656,25.156667709350582,25.25666618347168,0.0,28032000,0.3297081253234695,0.1087074479043167,WMT,Walmart,Stock
2013-06-05,19.532062530517575,25.083332061767575,0.0,25.316667556762695,25.023332595825195,25.239999771118164,0.0,20335800,-0.9127658645822208,0.8331415235465292,WMT,Walmart,Stock
2013-06-06,19.63070297241211,25.209999084472656,0.0,25.246667861938477,24.946666717529297,25.09000015258789,0.0,28275300,0.5037471139757348,0.2537611548388819,WMT,Walmart,Stock
2013-06-07,19.812395095825195,25.44333267211914,0.0,25.62333297729492,25.39666748046875,25.459999084472656,0.0,25041600,0.9212938001930678,0.8487822662741844,WMT,Walmart,Stock
2013-06-10,19.661848068237305,25.25,0.0,25.549999237060547,25.219999313354492,25.426666259765625,0.0,20194500,-0.7627645038097638,0.5818096882721552,WMT,Walmart,Stock
2013-06-11,19.532062530517575,25.083332061767575,0.0,25.27666664123535,24.996667861938477,25.13999938964844,0.0,18019200,-0.6622764103590415,0.4386100437180575,WMT,Walmart,Stock
2013-06-12,19.42564392089844,24.946666717529297,0.0,25.23666763305664,24.88333320617676,25.156667709350582,0.0,14193300,-0.5463302848560762,0.2984767801509213,WMT,Walmart,Stock
2013-06-13,19.46717834472656,25.0,0.0,25.11000061035156,24.85333251953125,24.926666259765625,0.0,21718500,0.2135840867182376,0.0456181620992636,WMT,Walmart,Stock
2013-06-14,19.43343734741211,24.956666946411133,0.0,25.09000015258789,24.933332443237305,24.946666717529297,0.0,19054500,-0.1734728624494358,0.0300928340064008,WMT,Walmart,Stock
2013-06-17,19.454200744628903,24.983333587646484,0.0,25.149999618530273,24.836666107177734,25.0,0.0,19441800,0.1067866304493019,0.0114033844427157,WMT,Walmart,Stock
2013-06-18,19.656658172607425,25.24333381652832,0.0,25.293333053588867,24.933332443237305,25.0,0.0,20219100,1.0353095890695547,1.0718659452193702,WMT,Walmart,Stock
2013-06-19,19.3270206451416,24.81999969482422,0.0,25.31999969482422,24.780000686645508,25.246667861938477,0.0,24987300,-1.6911969018329338,2.8601469607693137,WMT,Walmart,Stock
2013-06-20,18.95584297180176,24.343332290649418,0.0,24.88666725158691,24.336666107177734,24.833332061767575,0.0,27209100,-1.9391929959418344,3.760469475509868,WMT,Walmart,Stock
2013-06-21,19.080432891845703,24.503332138061523,0.0,24.733333587646484,24.416667938232425,24.50666618347168,0.0,43693500,0.6551133769215323,0.4291735366215336,WMT,Walmart,Stock
2013-06-24,19.2595272064209,24.733333587646484,0.0,24.93000030517578,24.299999237060547,24.350000381469727,0.0,29091900,0.9342504100811946,0.8728238287368802,WMT,Walmart,Stock
2013-06-25,19.303661346435547,24.790000915527344,0.0,24.916667938232425,24.61333274841309,24.75666618347168,0.0,21653400,0.2288926872479415,0.0523918622755839,WMT,Walmart,Stock
2013-06-26,19.469776153564453,25.003332138061523,0.0,25.059999465942383,24.84666633605957,24.87333297729492,0.0,16435200,0.8568537338021595,0.7341983211307019,WMT,Walmart,Stock
2013-06-27,19.534669876098633,25.086666107177734,0.0,25.3700008392334,25.079999923706055,25.15999984741211,0.0,21263400,0.3327506939169199,0.1107230243021917,WMT,Walmart,Stock
2013-06-28,19.33480453491211,24.829999923706055,0.0,25.219999313354492,24.816667556762695,25.036666870117188,0.0,43644900,-1.0284013648626866,1.0576093672514366,WMT,Walmart,Stock
2013-07-01,19.36075782775879,24.86333274841309,0.0,25.093332290649418,24.700000762939453,24.996667861938477,0.0,20093100,0.1341409461637253,0.0179937934376994,WMT,Walmart,Stock
2013-07-02,19.391904830932617,24.90333366394043,0.0,25.226667404174805,24.73666763305664,24.770000457763672,0.0,20179200,0.1607477150929999,0.0258398279076202,WMT,Walmart,Stock
2013-07-03,19.404882431030273,24.920000076293945,0.0,25.040000915527344,24.696666717529297,24.803333282470703,0.0,6949200,0.0669003878803577,0.0044756618985423,WMT,Walmart,Stock
2013-07-05,19.52168846130371,25.06999969482422,0.0,25.086666107177734,24.803333282470703,25.049999237060547,0.0,16331700,0.6001370178454815,0.3601644401884677,WMT,Walmart,Stock
2013-07-08,19.911033630371097,25.56999969482422,0.0,25.59000015258789,25.226667404174805,25.226667404174805,0.0,20140200,1.974795557891232,3.899817495466943,WMT,Walmart,Stock
2013-07-09,19.994091033935547,25.676666259765625,0.0,25.81333351135254,25.579999923706055,25.65333366394043,0.0,15819300,0.4162749732089379,0.173284853320102,WMT,Walmart,Stock
2013-07-10,19.926605224609375,25.59000015258789,0.0,25.833332061767575,25.483333587646484,25.65333366394043,0.0,15432900,-0.3380996823088008,0.114311395177312,WMT,Walmart,Stock
2013-07-11,20.149826049804688,25.87666702270508,0.0,25.916667938232425,25.77666664123535,25.816667556762695,0.0,14042100,1.1139870817162154,1.24096721823061,WMT,Walmart,Stock
2013-07-12,20.149826049804688,25.87666702270508,0.0,25.88999938964844,25.77666664123535,25.8700008392334,0.0,13373100,0.0,0.0,WMT,Walmart,Stock
2013-07-15,19.994091033935547,25.676666259765625,0.0,25.766666412353516,25.566667556762695,25.766666412353516,0.0,14661600,-0.7758873994074188,0.6020012565592074,WMT,Walmart,Stock
2013-07-16,20.082340240478516,25.790000915527344,0.0,25.816667556762695,25.63333320617676,25.65999984741211,0.0,14122800,0.4404052275833202,0.1939567644827161,WMT,Walmart,Stock
2013-07-17,20.038217544555664,25.733333587646484,0.0,25.93000030517578,25.696666717529297,25.87333297729492,0.0,16053900,-0.2199506494771609,0.0483782882054249,WMT,Walmart,Stock
2013-07-18,20.074556350708008,25.780000686645508,0.0,25.850000381469727,25.670000076293945,25.739999771118164,0.0,12449700,0.1811832619111368,0.0328273743967596,WMT,Walmart,Stock
2013-07-19,20.266632080078125,26.02666664123535,0.0,26.05666732788086,25.780000686645508,25.816667556762695,0.0,20477700,0.9522633729969974,0.9068055315516186,WMT,Walmart,Stock
2013-07-22,20.21212577819824,25.956666946411133,0.0,26.083332061767575,25.90999984741211,25.963333129882812,0.0,12474600,-0.2693083370485909,0.0725269804038774,WMT,Walmart,Stock
2013-07-23,20.388626098632812,26.183332443237305,0.0,26.209999084472656,25.933332443237305,25.98666763305664,0.0,15758700,0.8694490822972569,0.7559417067075422,WMT,Walmart,Stock
2013-07-24,20.305570602416992,26.07666778564453,0.0,26.229999542236328,25.906667709350582,26.226667404174805,0.0,14790000,-0.4081938864651911,0.1666222489475573,WMT,Walmart,Stock
2013-07-25,20.248462677001953,26.003332138061523,0.0,26.15333366394043,25.87666702270508,26.016666412353516,0.0,17760600,-0.2816388829693709,0.079320460400235,WMT,Walmart,Stock
2013-07-26,20.245868682861328,26.0,0.0,26.010000228881836,25.700000762939453,25.976667404174805,0.0,16047300,-0.0128116408250851,0.0001641381406309,WMT,Walmart,Stock
2013-07-29,20.24326515197754,25.996667861938477,0.0,26.083332061767575,25.926666259765625,25.94333267211914,0.0,10395000,-0.0128603931019993,0.0001653897107379,WMT,Walmart,Stock
2013-07-30,20.217313766479492,25.963333129882812,0.0,26.1200008392334,25.89666748046875,26.06999969482422,0.0,13601100,-0.1282798701871694,0.016455725095237,WMT,Walmart,Stock
2013-07-31,20.230287551879883,25.979999542236328,0.0,26.15999984741211,25.90999984741211,25.97333335876465,0.0,18122400,0.0641510765654877,0.004115360624511,WMT,Walmart,Stock
2013-08-01,20.302974700927734,26.073333740234375,0.0,26.22333335876465,26.036666870117188,26.13999938964844,0.0,15506100,0.3586547093643082,0.1286332005491964,WMT,Walmart,Stock
2013-08-02,20.44053649902344,26.25,0.0,26.25,26.0,26.083332061767575,0.0,18371700,0.6752600193323575,0.4559760937087357,WMT,Walmart,Stock
2013-08-05,20.445728302001953,26.25666618347168,0.0,26.333332061767575,26.143333435058594,26.206666946411133,0.0,11718300,0.0253963184540703,0.0006449729910205,WMT,Walmart,Stock
2013-08-06,20.21212577819824,25.956666946411133,0.0,26.190000534057617,25.85333251953125,26.18666648864746,0.0,20102700,-1.1491265324646591,1.3204917876142512,WMT,Walmart,Stock
2013-08-07,20.204286575317383,25.790000915527344,0.156667,25.87666702270508,25.540000915527344,25.719999313354492,0.0,17459100,-0.0387921763594327,0.0015048329467013,WMT,Walmart,Stock
2013-08-08,20.172948837280273,25.75,0.0,25.963333129882812,25.643333435058594,25.836666107177734,0.0,13424100,-0.1552248142259992,0.0240947429514959,WMT,Walmart,Stock
2013-08-09,20.081554412841797,25.63333320617676,0.0,25.773332595825195,25.59000015258789,25.73666763305664,0.0,17293800,-0.454083762557354,0.2061920634182434,WMT,Walmart,Stock
2013-08-12,20.128559112548828,25.69333267211914,0.0,25.796667098999023,25.496667861938477,25.520000457763672,0.0,17361000,0.2337955155889908,0.054660343109522,WMT,Walmart,Stock
2013-08-13,20.071107864379883,25.6200008392334,0.0,25.75,25.406667709350582,25.72333335876465,0.0,19143000,-0.285829667772954,0.0816985989791972,WMT,Walmart,Stock
2013-08-14,19.950984954833984,25.46666717529297,0.0,25.739999771118164,25.40999984741211,25.60333251953125,0.0,20460300,-0.6002848016930076,0.3603418431436134,WMT,Walmart,Stock
2013-08-15,19.431324005126953,24.803333282470703,0.0,25.02666664123535,24.676666259765625,24.81999969482422,0.0,39664500,-2.6392109906766192,6.965434653308262,WMT,Walmart,Stock
2013-08-16,19.35297584533691,24.703332901000977,0.0,24.833332061767575,24.566667556762695,24.706666946411133,0.0,21763500,-0.4040205272074591,0.1632325864049932,WMT,Walmart,Stock
2013-08-19,19.21457290649414,24.52666664123535,0.0,24.643333435058594,24.40333366394043,24.62666702270508,0.0,16094700,-0.7177201426674307,0.515122203190557,WMT,Walmart,Stock
2013-08-20,19.12317276000977,24.40999984741211,0.0,24.540000915527344,24.399999618530273,24.516666412353516,0.0,19989300,-0.4768163493362536,0.2273538309943522,WMT,Walmart,Stock
2013-08-21,19.206737518310547,24.516666412353516,0.0,24.709999084472656,24.309999465942383,24.38666725158691,0.0,24233700,0.4360296702480972,0.1901218733366644,WMT,Walmart,Stock
2013-08-22,19.18323135375977,24.48666763305664,0.0,24.676666259765625,24.413333892822266,24.60333251953125,0.0,11842200,-0.1224599455481965,0.0149964382636672,WMT,Walmart,Stock
2013-08-23,19.17801094055176,24.479999542236328,0.0,24.583332061767575,24.343332290649418,24.549999237060547,0.0,16422300,-0.0272171229501999,0.0007407717816863,WMT,Walmart,Stock
2013-08-26,19.070947647094727,24.343332290649418,0.0,24.583332061767575,24.343332290649418,24.546667098999023,0.0,16044600,-0.5598247744631107,0.3134037781026728,WMT,Walmart,Stock
2013-08-27,19.026548385620117,24.286666870117188,0.0,24.3700008392334,24.170000076293945,24.226667404174805,0.0,17362800,-0.2330824132761288,0.0543274113786241,WMT,Walmart,Stock
2013-08-28,18.901208877563477,24.12666702270508,0.0,24.286666870117188,24.09000015258789,24.219999313354492,0.0,16825800,-0.6609405532031695,0.4368424148685116,WMT,Walmart,Stock
2013-08-29,18.914270401000977,24.143333435058594,0.0,24.293333053588867,24.07666778564453,24.11666679382324,0.0,12264600,0.0690803036540033,0.0047720883529293,WMT,Walmart,Stock
2013-08-30,19.05789375305176,24.32666778564453,0.0,24.356666564941406,24.19333267211914,24.213333129882812,0.0,18198600,0.7564701151494012,0.5722470351141483,WMT,Walmart,Stock
2013-09-03,18.979551315307617,24.226667404174805,0.0,24.52666664123535,24.18000030517578,24.49333381652832,0.0,21471000,-0.411923294953408,0.1696808009252723,WMT,Walmart,Stock
2013-09-04,19.039609909057617,24.303333282470703,0.0,24.37333297729492,24.149999618530273,24.233333587646484,0.0,14002500,0.3159388149200388,0.0998173347730785,WMT,Walmart,Stock
2013-09-05,18.97693634033203,24.22333335876465,0.0,24.49333381652832,24.206666946411133,24.280000686645508,0.0,14041500,-0.3297176187095101,0.1087137080874699,WMT,Walmart,Stock
2013-09-06,18.95604705810547,24.196666717529297,0.0,24.38666725158691,24.06333351135254,24.233333587646484,0.0,17370600,-0.1101378402999031,0.0121303438659269,WMT,Walmart,Stock
2013-09-09,19.19629669189453,24.503332138061523,0.0,24.549999237060547,24.233333587646484,24.28333282470703,0.0,16569000,1.2594393205800856,1.5861874022232276,WMT,Walmart,Stock
2013-09-10,19.313806533813477,24.65333366394043,0.0,24.73666763305664,24.523332595825195,24.553333282470703,0.0,20535900,0.6102824806569717,0.372444706196827,WMT,Walmart,Stock
2013-09-11,19.337308883666992,24.683332443237305,0.0,24.746667861938477,24.553333282470703,24.666667938232425,0.0,16007400,0.1216128046824168,0.0147896742627236,WMT,Walmart,Stock
2013-09-12,19.30075454711914,24.63666725158691,0.0,24.84000015258789,24.59000015258789,24.726667404174805,0.0,15785400,-0.18921418004978,0.0358020059319105,WMT,Walmart,Stock
2013-09-13,19.41826629638672,24.786666870117188,0.0,24.799999237060547,24.65999984741211,24.709999084472656,0.0,12061200,0.6069993895281796,0.3684482588875826,WMT,Walmart,Stock
2013-09-16,19.527936935424805,24.926666259765625,0.0,25.06333351135254,24.89666748046875,24.96666717529297,0.0,12601800,0.563191889425532,0.3171851043147006,WMT,Walmart,Stock
2013-09-17,19.62456512451172,25.049999237060547,0.0,25.156667709350582,24.93000030517578,24.946666717529297,0.0,12875400,0.4936000520587845,0.2436410113924348,WMT,Walmart,Stock
2013-09-18,19.956207275390625,25.47333335876465,0.0,25.510000228881836,24.96666717529297,25.053333282470703,0.0,20645100,1.675813240254307,2.8083500162116386,WMT,Walmart,Stock
2013-09-19,19.9013614654541,25.40333366394043,0.0,25.510000228881836,25.206666946411133,25.5,0.0,21328500,-0.2752091825270092,0.0757400941471846,WMT,Walmart,Stock
2013-09-20,19.802133560180664,25.27666664123535,0.0,25.483333587646484,25.27666664123535,25.440000534057617,0.0,26542800,-0.4998457279720026,0.2498457517718612,WMT,Walmart,Stock
2013-09-23,19.956207275390625,25.47333335876465,0.0,25.476667404174805,25.066667556762695,25.1299991607666,0.0,16814100,0.7750549104990002,0.6007101142886132,WMT,Walmart,Stock
2013-09-24,19.7812442779541,25.25,0.0,25.57666778564453,25.229999542236328,25.46666717529297,0.0,20624400,-0.8806006486681358,0.7754575024347415,WMT,Walmart,Stock
2013-09-25,19.493986129760746,24.88333320617676,0.0,25.31333351135254,24.520000457763672,25.303333282470703,0.0,44916900,-1.4628215676747356,2.139846938854371,WMT,Walmart,Stock
2013-09-26,19.48615264892578,24.87333297729492,0.0,24.99333381652832,24.739999771118164,24.926666259765625,0.0,15234300,-0.0401921654763121,0.0016154101656752,WMT,Walmart,Stock
2013-09-27,19.41826629638672,24.786666870117188,0.0,24.81999969482422,24.690000534057617,24.793333053588867,0.0,12643800,-0.3489907999194406,0.121794578428411,WMT,Walmart,Stock
2013-09-30,19.313806533813477,24.65333366394043,0.0,24.86666679382324,24.579999923706055,24.760000228881836,0.0,20257500,-0.5393980141608087,0.2909502176806239,WMT,Walmart,Stock
2013-10-01,19.217180252075195,24.530000686645508,0.0,24.6299991607666,24.440000534057617,24.62333297729492,0.0,17026500,-0.5015520875787641,0.2515544965546162,WMT,Walmart,Stock
2013-10-02,19.25113868713379,24.573333740234375,0.0,24.573333740234375,24.34666633605957,24.463333129882812,0.0,22128300,0.176552783256322,0.0311708852755538,WMT,Walmart,Stock
2013-10-03,19.10489273071289,24.38666725158691,0.0,24.510000228881836,24.316667556762695,24.510000228881836,0.0,21538800,-0.7625745402845958,0.5815199294902627,WMT,Walmart,Stock
2013-10-04,19.010883331298828,24.266666412353516,0.0,24.459999084472656,24.26333236694336,24.336666107177734,0.0,17243100,-0.4932844074233836,0.2433295066070387,WMT,Walmart,Stock
2013-10-07,18.76802635192871,23.956666946411133,0.0,24.13999938964844,23.836666107177734,24.13999938964844,0.0,20659200,-1.2856926087240244,1.6530054841275872,WMT,Walmart,Stock
2013-10-08,19.037004470825195,24.299999237060547,0.0,24.39666748046875,23.933332443237305,23.950000762939453,0.0,27672600,1.422999277446811,2.024926943614146,WMT,Walmart,Stock
2013-10-09,19.0631160736084,24.333332061767575,0.0,24.446666717529297,24.190000534057617,24.27666664123535,0.0,19402200,0.1370683688042456,0.0187877377266566,WMT,Walmart,Stock
2013-10-10,19.53055000305176,24.93000030517578,0.0,24.956666946411133,24.42333221435547,24.49333381652832,0.0,23040600,2.422453398974467,5.868280470202949,WMT,Walmart,Stock
2013-10-11,19.53838539123535,24.940000534057617,0.0,24.94333267211914,24.61000061035156,24.8700008392334,0.0,19587600,0.0401105799764778,0.0016088586260494,WMT,Walmart,Stock
2013-10-14,19.501821517944336,24.893333435058594,0.0,24.90333366394043,24.583332061767575,24.780000686645508,0.0,17712000,-0.1873139866645871,0.0350865296001811,WMT,Walmart,Stock
2013-10-15,19.420873641967773,24.790000915527344,0.0,25.12333297729492,24.663333892822266,24.809999465942383,0.0,26979900,-0.4159423819406817,0.1730080650944879,WMT,Walmart,Stock
2013-10-16,19.74208068847656,25.200000762939453,0.0,25.206666946411133,24.856666564941406,24.93666648864746,0.0,17743500,1.6403984571007053,2.6909070980583745,WMT,Walmart,Stock
2013-10-17,19.789079666137695,25.260000228881836,0.0,25.37333297729492,23.89666748046875,25.163333892822266,0.0,19185300,0.2377820402133149,0.0565402986480065,WMT,Walmart,Stock
2013-10-18,19.77079963684082,25.23666763305664,0.0,25.309999465942383,25.15999984741211,25.266666412353516,0.0,20365500,-0.0924170190608556,0.0085409054120945,WMT,Walmart,Stock
2013-10-21,19.62456512451172,25.049999237060547,0.0,25.273332595825195,24.940000534057617,25.239999771118164,0.0,16092300,-0.742397918450358,0.5511546693194244,WMT,Walmart,Stock
2013-10-22,19.930095672607425,25.440000534057617,0.0,25.496667861938477,25.06999969482422,25.143333435058594,0.0,20845500,1.5448830482661196,2.3866636328200173,WMT,Walmart,Stock
2013-10-23,19.820411682128903,25.299999237060547,0.0,25.450000762939453,25.270000457763672,25.393333435058594,0.0,17610300,-0.5518634913079166,0.3045533130385629,WMT,Walmart,Stock
2013-10-24,19.956207275390625,25.47333335876465,0.0,25.503332138061523,25.273332595825195,25.343332290649418,0.0,17592900,0.6827936832961118,0.466207213949071,WMT,Walmart,Stock
2013-10-25,19.86741828918457,25.36000061035156,0.0,25.586666107177734,25.260000228881836,25.456666946411133,0.0,19376400,-0.4459118529197867,0.1988373805743575,WMT,Walmart,Stock
2013-10-28,20.14423370361328,25.713333129882812,0.0,25.73666763305664,25.350000381469727,25.38666725158691,0.0,21097200,1.383696084773753,1.914614855018213,WMT,Walmart,Stock
2013-10-29,20.123334884643555,25.68666648864746,0.0,25.87666702270508,25.583332061767575,25.75,0.0,22312800,-0.1037997653141363,0.0107743912792697,WMT,Walmart,Stock
2013-10-30,20.084156036376953,25.63666725158691,0.0,25.843332290649418,25.520000457763672,25.75666618347168,0.0,13938000,-0.1948833899808013,0.037979535690409,WMT,Walmart,Stock
2013-10-31,20.042377471923828,25.583332061767575,0.0,25.71666717529297,25.53333282470703,25.62666702270508,0.0,13837200,-0.208234182705979,0.043361474847227,WMT,Walmart,Stock
2013-11-01,20.12594985961914,25.690000534057617,0.0,25.799999237060547,25.530000686645508,25.656667709350582,0.0,15348300,0.4161114680858246,0.1731487538725402,WMT,Walmart,Stock
2013-11-04,20.193843841552734,25.77666664123535,0.0,25.88333320617676,25.733333587646484,25.739999771118164,0.0,14112300,0.3367777454789606,0.1134192498498915,WMT,Walmart,Stock
2013-11-05,20.21735191345215,25.80666732788086,0.0,25.8700008392334,25.573333740234375,25.60333251953125,0.0,15256500,0.1163443650301581,0.0135360112742706,WMT,Walmart,Stock
2013-11-06,20.410587310791016,26.053333282470703,0.0,26.093332290649418,25.766666412353516,25.8799991607666,0.0,14487600,0.9512510757269408,0.9048786090716618,WMT,Walmart,Stock
2013-11-07,20.24084854125977,25.836666107177734,0.0,26.073333740234375,25.746667861938477,26.06333351135254,0.0,25042800,-0.8350984530930595,0.6973894263584209,WMT,Walmart,Stock
2013-11-08,20.358360290527344,25.98666763305664,0.0,25.98666763305664,25.59666633605957,25.829999923706055,0.0,17381400,0.578888509465766,0.3351119063914962,WMT,Walmart,Stock
2013-11-11,20.632551193237305,26.336666107177734,0.0,26.356666564941406,25.93000030517578,25.953332901000977,0.0,22351500,1.3378331065303857,1.7897974209287415,WMT,Walmart,Stock
2013-11-12,20.554216384887695,26.23666763305664,0.0,26.323333740234375,26.083332061767575,26.28333282470703,0.0,15798300,-0.3803886899199842,0.1446955554190419,WMT,Walmart,Stock
2013-11-13,20.60382843017578,26.299999237060547,0.0,26.329999923706055,26.11666679382324,26.13999938964844,0.0,24860100,0.241080787679561,0.0581199461881975,WMT,Walmart,Stock
2013-11-14,20.650835037231445,26.36000061035156,0.0,26.510000228881836,25.893333435058594,25.916667938232425,0.0,27906300,0.2278851574467535,0.0519316449845316,WMT,Walmart,Stock
2013-11-15,20.68739128112793,26.406667709350582,0.0,26.43000030517578,26.25,26.309999465942383,0.0,17733300,0.1768641602773711,0.0312809311906196,WMT,Walmart,Stock
2013-11-18,20.68739128112793,26.406667709350582,0.0,26.440000534057617,26.303333282470703,26.40999984741211,0.0,17888100,0.0,0.0,WMT,Walmart,Stock
2013-11-19,20.695234298706055,26.416667938232425,0.0,26.450000762939453,26.293333053588867,26.433332443237305,0.0,13365000,0.0379048818780321,0.0014367800701875,WMT,Walmart,Stock
2013-11-20,20.60382843017578,26.299999237060547,0.0,26.463333129882812,26.163333892822266,26.43666648864746,0.0,13533900,-0.442654199602151,0.1959427404254209,WMT,Walmart,Stock
2013-11-21,20.5933837890625,26.286666870117188,0.0,26.399999618530273,26.183332443237305,26.246667861938477,0.0,11523000,-0.050705573384332,0.0025710551722338,WMT,Walmart,Stock
2013-11-22,20.841466903686523,26.60333251953125,0.0,26.62333297729492,26.25,26.290000915527344,0.0,14436300,1.1974754341029266,1.4339474152799925,WMT,Walmart,Stock
2013-11-25,21.003372192382812,26.809999465942383,0.0,26.856666564941406,26.63666725158691,26.68666648864746,0.0,17011200,0.7738402160890487,0.5988286800367456,WMT,Walmart,Stock
2013-11-26,21.068649291992188,26.893333435058594,0.0,26.893333435058594,26.703332901000977,26.81333351135254,0.0,16613400,0.3103114596705741,0.0962932020028823,WMT,Walmart,Stock
2013-11-27,21.133943557739254,26.976667404174805,0.0,27.0,26.793333053588867,26.850000381469727,0.0,14439900,0.3094327311982111,0.0957486151367843,WMT,Walmart,Stock
2013-11-29,21.154830932617188,27.003332138061523,0.0,27.11666679382324,26.940000534057617,27.05666732788086,0.0,10341600,0.0987844969650214,0.0097583768406323,WMT,Walmart,Stock
2013-12-02,21.180946350097656,27.036666870117188,0.0,27.093332290649418,26.790000915527344,26.963333129882812,0.0,18535200,0.1233728183071508,0.0152208522970492,WMT,Walmart,Stock
2013-12-03,21.20706558227539,27.06999969482422,0.0,27.11000061035156,26.899999618530273,27.06999969482422,0.0,22519200,0.123238785179109,0.0151877981724225,WMT,Walmart,Stock
2013-12-04,21.070472717285156,26.739999771118164,0.156667,27.12333297729492,26.63666725158691,26.8799991607666,0.0,22923600,-0.6461745208467762,0.4175415113915607,WMT,Walmart,Stock
2013-12-05,20.8656063079834,26.479999542236328,0.0,26.59000015258789,26.290000915527344,26.573333740234375,0.0,19350000,-0.977049089069842,0.9546249224522084,WMT,Walmart,Stock
2013-12-06,20.996936798095703,26.64666748046875,0.0,26.74333381652832,26.546667098999023,26.56999969482422,0.0,15264300,0.6274388091053167,0.393679459171498,WMT,Walmart,Stock
2013-12-09,20.999557495117188,26.649999618530273,0.0,26.809999465942383,26.566667556762695,26.746667861938477,0.0,13474800,0.0124805513840638,0.0001557641628502,WMT,Walmart,Stock
2013-12-10,20.771045684814453,26.36000061035156,0.0,26.600000381469727,26.350000381469727,26.573333740234375,0.0,18857100,-1.0941383296919824,1.1971386845011611,WMT,Walmart,Stock
2013-12-11,20.7736759185791,26.36333274841309,0.0,26.573333740234375,26.350000381469727,26.36666679382324,0.0,17996400,0.0126621802561196,0.0001603308088384,WMT,Walmart,Stock
2013-12-12,20.618711471557617,26.166667938232425,0.0,26.420000076293945,26.13333320617676,26.3700008392334,0.0,17074800,-0.7487616964896143,0.5606440781300053,WMT,Walmart,Stock
2013-12-13,20.508390426635746,26.02666664123535,0.0,26.25666618347168,25.976667404174805,26.24333381652832,0.0,14943600,-0.5364895868464307,0.2878210767946538,WMT,Walmart,Stock
2013-12-16,20.41908836364746,25.913333892822266,0.0,26.166667938232425,25.86666679382324,26.083332061767575,0.0,18440700,-0.4363924060260966,0.1904383320372455,WMT,Walmart,Stock
2013-12-17,20.290380477905273,25.75,0.0,25.963333129882812,25.739999771118164,25.913333892822266,0.0,17296200,-0.6323261799050512,0.3998363977933152,WMT,Walmart,Stock
2013-12-18,20.471614837646484,25.979999542236328,0.0,25.99333381652832,25.60333251953125,25.760000228881836,0.0,31901100,0.8892378922402194,0.7907440289958281,WMT,Walmart,Stock
2013-12-19,20.28776741027832,25.746667861938477,0.0,25.94333267211914,25.733333587646484,25.88999938964844,0.0,17866200,-0.9021170785341154,0.8138152233829273,WMT,Walmart,Stock
2013-12-20,20.337663650512695,25.809999465942383,0.0,25.959999084472656,25.75,25.760000228881836,0.0,28706400,0.2456405459373632,0.0603392778084058,WMT,Walmart,Stock
2013-12-23,20.45323181152344,25.956666946411133,0.0,25.996667861938477,25.790000915527344,25.90999984741211,0.0,13475700,0.5666385546220365,0.3210792515841506,WMT,Walmart,Stock
2013-12-24,20.489999771118164,26.003332138061523,0.0,26.079999923706055,25.87666702270508,25.983333587646484,0.0,6284700,0.1796046284441397,0.0322578225585574,WMT,Walmart,Stock
2013-12-26,20.589807510375977,26.1299991607666,0.0,26.17333221435547,25.989999771118164,26.020000457763672,0.0,8334600,0.4859221220899653,0.2361203087364151,WMT,Walmart,Stock
2013-12-27,20.610828399658203,26.156667709350582,0.0,26.309999465942383,26.100000381469727,26.200000762939453,0.0,9150000,0.1020415857275935,0.0104124852178018,WMT,Walmart,Stock
2013-12-30,20.65285301208496,26.209999084472656,0.0,26.293333053588867,26.143333435058594,26.203332901000977,0.0,9259500,0.2036882096730094,0.0414888867597958,WMT,Walmart,Stock
2013-12-31,20.66861343383789,26.229999542236328,0.0,26.290000915527344,26.11666679382324,26.219999313354492,0.0,11577300,0.076282009680343,0.0058189450008719,WMT,Walmart,Stock
2014-01-02,20.726394653320312,26.303333282470703,0.0,26.489999771118164,26.166667938232425,26.239999771118164,0.0,20634000,0.2791701689620375,0.0779359832382926,WMT,Walmart,Stock
2014-01-03,20.658109664916992,26.21666717529297,0.0,26.37666702270508,26.17333221435547,26.270000457763672,0.0,14872200,-0.330002987823475,0.1089019719724206,WMT,Walmart,Stock
2014-01-06,20.542537689208984,26.06999969482422,0.0,26.303333282470703,25.93000030517578,26.286666870117188,0.0,21840600,-0.5610216647599282,0.3147453083300012,WMT,Walmart,Stock
2014-01-07,20.605566024780273,26.149999618530273,0.0,26.28333282470703,25.97333335876465,26.05666732788086,0.0,15036900,0.3063489161134032,0.0938496584038569,WMT,Walmart,Stock
2014-01-08,20.442724227905273,25.94333267211914,0.0,26.170000076293945,25.86666679382324,26.166667938232425,0.0,17865600,-0.7934198970682463,0.6295151330637866,WMT,Walmart,Stock
2014-01-09,20.51102066040039,26.030000686645508,0.0,26.13333320617676,25.829999923706055,26.1299991607666,0.0,17748900,0.3335299176835793,0.1112422059900151,WMT,Walmart,Stock
2014-01-10,20.497886657714844,26.01333236694336,0.0,26.239999771118164,25.84666633605957,26.10333251953125,0.0,15543900,-0.0640543920506545,0.0041029651409789,WMT,Walmart,Stock
2014-01-13,20.35342025756836,25.829999923706055,0.0,25.989999771118164,25.746667861938477,25.86666679382324,0.0,18473700,-0.7072821571536696,0.5002480498279481,WMT,Walmart,Stock
2014-01-14,20.476865768432617,25.98666763305664,0.0,26.0,25.793333053588867,25.81999969482422,0.0,12264600,0.6046780417815061,0.3656355342127168,WMT,Walmart,Stock
2014-01-15,20.398069381713867,25.88666725158691,0.0,26.03333282470703,25.856666564941406,25.98666763305664,0.0,14977200,-0.3855491588529369,0.1486481538922071,WMT,Walmart,Stock
2014-01-16,20.161678314208984,25.586666107177734,0.0,25.823333740234375,25.450000762939453,25.796667098999023,0.0,21604500,-1.165656876956724,1.3587559547965031,WMT,Walmart,Stock
2014-01-17,20.01197052001953,25.39666748046875,0.0,25.606666564941406,25.343332290649418,25.57666778564453,0.0,34322100,-0.7453068941130891,0.5554823664124995,WMT,Walmart,Stock
2014-01-21,19.920034408569336,25.280000686645508,0.0,25.463333129882812,24.953332901000977,25.416667938232425,0.0,26913300,-0.4604641016940859,0.2120271889489415,WMT,Walmart,Stock
2014-01-22,19.79132843017578,25.11666679382324,0.0,25.36000061035156,25.010000228881836,25.36000061035156,0.0,17561100,-0.6482095795865823,0.4201756590678138,WMT,Walmart,Stock
2014-01-23,19.688892364501953,24.98666763305664,0.0,25.040000915527344,24.823333740234375,24.946666717529297,0.0,18018900,-0.518924633554398,0.2692827753095662,WMT,Walmart,Stock
2014-01-24,19.54705810546875,24.80666732788086,0.0,25.040000915527344,24.74333381652832,24.90999984741211,0.0,27998400,-0.7229842792008886,0.5227062679716284,WMT,Walmart,Stock
2014-01-27,19.476139068603516,24.71666717529297,0.0,24.790000915527344,24.61000061035156,24.709999084472656,0.0,27266100,-0.3634715762819397,0.1321115867648779,WMT,Walmart,Stock
2014-01-28,19.61272430419922,24.88999938964844,0.0,25.13333320617676,24.700000762939453,24.753332138061523,0.0,18070200,0.698847598513176,0.4883879659476332,WMT,Walmart,Stock
2014-01-29,19.4630069732666,24.700000762939453,0.0,25.12333297729492,24.690000534057617,25.09666633605957,0.0,25301100,-0.7662969248063285,0.5872109769676359,WMT,Walmart,Stock
2014-01-30,19.63373565673828,24.916667938232425,0.0,25.030000686645508,24.786666870117188,24.84666633605957,0.0,20198700,0.8733708090109161,0.7627765700323821,WMT,Walmart,Stock
2014-01-31,19.61534309387207,24.893333435058594,0.0,25.06333351135254,24.546667098999023,24.63999938964844,0.0,31634400,-0.0937222722061464,0.008783864307483,WMT,Walmart,Stock
2014-02-03,19.084775924682617,24.219999313354492,0.0,24.833332061767575,24.18000030517578,24.729999542236328,0.0,31292100,-2.742112569601013,7.519181344363871,WMT,Walmart,Stock
2014-02-04,19.103166580200195,24.24333381652832,0.0,24.36666679382324,24.100000381469727,24.22333335876465,0.0,23266500,0.096316563464813,0.0092768803976713,WMT,Walmart,Stock
2014-02-05,19.139936447143555,24.290000915527344,0.0,24.38666725158691,24.09000015258789,24.09000015258789,0.0,14322900,0.1922954748079148,0.0369775496316014,WMT,Walmart,Stock
2014-02-06,19.126802444458008,24.273332595825195,0.0,24.40333366394043,24.166667938232425,24.323333740234375,0.0,22059300,-0.0686444864742089,0.0047120655233078,WMT,Walmart,Stock
2014-02-07,19.371074676513672,24.583332061767575,0.0,24.600000381469727,24.166667938232425,24.350000381469727,0.0,21862800,1.2690336638935604,1.6104464400951142,WMT,Walmart,Stock
2014-02-10,19.373703002929688,24.586666107177734,0.0,24.586666107177734,24.31999969482422,24.530000686645508,0.0,18612300,0.0135673841868063,0.0001840739136724,WMT,Walmart,Stock
2014-02-11,19.646869659423828,24.933332443237305,0.0,24.950000762939453,24.55666732788086,24.63333320617676,0.0,19533600,1.4001389546540126,1.9603890923396312,WMT,Walmart,Stock
2014-02-12,19.688892364501953,24.98666763305664,0.0,25.059999465942383,24.739999771118164,24.739999771118164,0.0,16019400,0.2136616600393304,0.0456513049707624,WMT,Walmart,Stock
2014-02-13,19.793960571289062,25.1200008392334,0.0,25.163333892822266,24.85333251953125,24.893333435058594,0.0,15750600,0.5322232158487603,0.2832615514883961,WMT,Walmart,Stock
2014-02-14,19.90689468383789,25.26333236694336,0.0,25.329999923706055,25.03333282470703,25.13333320617676,0.0,14726700,0.5689268729440853,0.3236777867579353,WMT,Walmart,Stock
2014-02-18,19.78607940673828,25.11000061035156,0.0,25.21666717529297,24.953332901000977,25.163333892822266,0.0,17981400,-0.6087508077320101,0.3705775459143747,WMT,Walmart,Stock
2014-02-19,19.659996032714844,24.950000762939453,0.0,25.106666564941406,24.803333282470703,25.003332138061523,0.0,24390900,-0.6392717247745746,0.4086683380962594,WMT,Walmart,Stock
2014-02-20,19.310667037963867,24.50666618347168,0.0,24.666667938232425,24.270000457763672,24.350000381469727,0.0,39237300,-1.792827342616094,3.2142298804318856,WMT,Walmart,Stock
2014-02-21,19.205604553222656,24.37333297729492,0.0,24.46666717529297,24.273332595825195,24.39666748046875,0.0,26913000,-0.5455499246283585,0.2976247202620076,WMT,Walmart,Stock
2014-02-24,19.26601791381836,24.450000762939453,0.0,24.606666564941406,24.3799991607666,24.413333892822266,0.0,21964500,0.3140673898346222,0.0986383253575325,WMT,Walmart,Stock
2014-02-25,19.26601791381836,24.450000762939453,0.0,24.579999923706055,24.36333274841309,24.393333435058594,0.0,28448100,0.0,0.0,WMT,Walmart,Stock
2014-02-26,19.641613006591797,24.926666259765625,0.0,25.03333282470703,24.59666633605957,24.64666748046875,0.0,27066600,1.9307614049017836,3.7278396026583094,WMT,Walmart,Stock
2014-02-27,19.583829879760746,24.85333251953125,0.0,24.926666259765625,24.696666717529297,24.926666259765625,0.0,16344600,-0.2946208602188316,0.0868014512760843,WMT,Walmart,Stock
2014-02-28,19.62060546875,24.899999618530273,0.0,25.06333351135254,24.733333587646484,24.82666778564453,0.0,22333800,0.187609383729208,0.0351972808632532,WMT,Walmart,Stock
2014-03-03,19.468263626098633,24.706666946411133,0.0,24.88999938964844,24.61000061035156,24.829999923706055,0.0,16042800,-0.7794680045659196,0.6075703701419765,WMT,Walmart,Stock
2014-03-04,19.733539581298828,25.043333053588867,0.0,25.163333892822266,24.88666725158691,24.92333221435547,0.0,22631400,1.353407153364375,1.831710922777861,WMT,Walmart,Stock
2014-03-05,19.646869659423828,24.933332443237305,0.0,25.11000061035156,24.86000061035156,25.106666564941406,0.0,16574400,-0.4401684161263999,0.1937482345552235,WMT,Walmart,Stock
2014-03-06,19.667888641357425,24.959999084472656,0.0,25.036666870117188,24.836666107177734,24.953332901000977,0.0,15319800,0.1069266852688006,0.0114333160225731,WMT,Walmart,Stock
2014-03-07,19.71546936035156,24.86000061035156,0.16,24.98666763305664,24.786666870117188,24.98666763305664,0.0,15163800,0.2416286703731143,0.0583844143462791,WMT,Walmart,Stock
2014-03-10,19.67580795288086,24.809999465942383,0.0,24.86666679382324,24.683332443237305,24.84000015258789,0.0,14481000,-0.2013715907597706,0.0405505175651205,WMT,Walmart,Stock
2014-03-11,19.805343627929688,24.97333335876465,0.0,24.989999771118164,24.733333587646484,24.906667709350582,0.0,27016800,0.6561923078051989,0.4305883448227128,WMT,Walmart,Stock
2014-03-12,19.966596603393555,25.176666259765625,0.0,25.25,24.940000534057617,24.950000762939453,0.0,25882800,0.8108925947279697,0.6575468001846593,WMT,Walmart,Stock
2014-03-13,19.807981491088867,24.976667404174805,0.0,25.393333435058594,24.969999313354492,25.23666763305664,0.0,17473500,-0.7975745349329146,0.6361251387734551,WMT,Walmart,Stock
2014-03-14,19.636159896850582,24.760000228881836,0.0,25.023332595825195,24.75666618347168,24.88999938964844,0.0,19857000,-0.8712202877181705,0.7590247897317318,WMT,Walmart,Stock
2014-03-17,19.741893768310547,24.893333435058594,0.0,24.950000762939453,24.670000076293945,24.766666412353516,0.0,17341200,0.5370205773236622,0.2883911004690394,WMT,Walmart,Stock
2014-03-18,19.76569175720215,24.92333221435547,0.0,24.996667861938477,24.816667556762695,24.88666725158691,0.0,11831400,0.120473025386741,0.0145137498458343,WMT,Walmart,Stock
2014-03-19,19.662595748901367,24.793333053588867,0.0,25.036666870117188,24.67333221435547,24.85333251953125,0.0,17283300,-0.522955724327758,0.2734826896071701,WMT,Walmart,Stock
2014-03-20,19.92695045471191,25.12666702270508,0.0,25.226667404174805,24.6200008392334,24.67333221435547,0.0,25912500,1.3354971715368682,1.7835526951829752,WMT,Walmart,Stock
2014-03-21,20.117277145385746,25.36666679382324,0.0,25.67333221435547,25.149999618530273,25.296667098999023,0.0,51480600,0.9505895619458796,0.9036205152804596,WMT,Walmart,Stock
2014-03-24,20.29175567626953,25.586666107177734,0.0,25.600000381469727,25.3700008392334,25.40333366394043,0.0,21838500,0.8635673907954886,0.7457486384453281,WMT,Walmart,Stock
2014-03-25,20.32083511352539,25.62333297729492,0.0,25.713333129882812,25.38666725158691,25.62666702270508,0.0,22146600,0.1432040737115285,0.0205074067275769,WMT,Walmart,Stock
2014-03-26,20.151649475097656,25.40999984741211,0.0,25.843332290649418,25.40999984741211,25.69333267211914,0.0,23183400,-0.8360575123645434,0.6989921639811887,WMT,Walmart,Stock
2014-03-27,20.127853393554688,25.3799991607666,0.0,25.606666564941406,25.34666633605957,25.459999084472656,0.0,16789800,-0.1181548063736202,0.0139605582691876,WMT,Walmart,Stock
2014-03-28,20.093486785888672,25.336666107177734,0.0,25.53333282470703,25.25666618347168,25.420000076293945,0.0,17613300,-0.1708874735449317,0.0292025286145697,WMT,Walmart,Stock
2014-03-31,20.20451545715332,25.476667404174805,0.0,25.593332290649418,25.34000015258789,25.450000762939453,0.0,14086800,0.5510394859705611,0.3036445150987001,WMT,Walmart,Stock
2014-04-01,20.294395446777344,25.59000015258789,0.0,25.75,25.51333236694336,25.586666107177734,0.0,17310000,0.4438644654020481,0.1970156636466459,WMT,Walmart,Stock
2014-04-02,20.402786254882812,25.726667404174805,0.0,25.729999542236328,25.446666717529297,25.52666664123535,0.0,18234300,0.5326711082288204,0.2837385095417196,WMT,Walmart,Stock
2014-04-03,20.476802825927734,25.81999969482422,0.0,25.850000381469727,25.666667938232425,25.733333587646484,0.0,18121500,0.3621203323785687,0.1311311351219651,WMT,Walmart,Stock
2014-04-04,20.437145233154297,25.770000457763672,0.0,25.96666717529297,25.75,25.86000061035156,0.0,20280600,-0.1938586084920915,0.03758116008649,WMT,Walmart,Stock
2014-04-07,20.437145233154297,25.770000457763672,0.0,25.906667709350582,25.696666717529297,25.74333381652832,0.0,23027100,0.0,0.0,WMT,Walmart,Stock
2014-04-08,20.66712951660156,26.059999465942383,0.0,26.10333251953125,25.600000381469727,25.696666717529297,0.0,22496100,1.1190402206397938,1.2522510154095583,WMT,Walmart,Stock
2014-04-09,20.61162757873535,25.989999771118164,0.0,26.073333740234375,25.760000228881836,26.066667556762695,0.0,20633400,-0.268912996505716,0.0723141996896832,WMT,Walmart,Stock
2014-04-10,20.32612037658691,25.6299991607666,0.0,26.046667098999023,25.549999237060547,25.983333587646484,0.0,22798800,-1.3948585131770506,1.945630271782492,WMT,Walmart,Stock
2014-04-11,20.2230281829834,25.5,0.0,25.74333381652832,25.43000030517578,25.593332290649418,0.0,23937000,-0.508481284510587,0.2585532166975365,WMT,Walmart,Stock
2014-04-14,20.45565414428711,25.793333053588867,0.0,25.850000381469727,25.59666633605957,25.64666748046875,0.0,16127700,1.1437366397878963,1.308133501193308,WMT,Walmart,Stock
2014-04-15,20.323476791381836,25.62666702270508,0.0,25.770000457763672,25.479999542236328,25.676666259765625,0.0,20785800,-0.6482620534636726,0.4202436899609375,WMT,Walmart,Stock
2014-04-16,20.413358688354492,25.739999771118164,0.0,25.823333740234375,25.676666259765625,25.770000457763672,0.0,15110400,0.4412814189881668,0.19472929074421,WMT,Walmart,Stock
2014-04-17,20.529674530029297,25.88666725158691,0.0,25.916667938232425,25.69333267211914,25.69333267211914,0.0,20894100,0.568185331933515,0.3228345714243986,WMT,Walmart,Stock
2014-04-21,20.513813018798828,25.86666679382324,0.0,25.90999984741211,25.726667404174805,25.803333282470703,0.0,13785300,-0.0772912487089684,0.0059739371269916,WMT,Walmart,Stock
2014-04-22,20.503232955932617,25.85333251953125,0.0,25.94333267211914,25.796667098999023,25.84000015258789,0.0,19396500,-0.0515886156568947,0.0026613852653948,WMT,Walmart,Stock
2014-04-23,20.630130767822266,26.01333236694336,0.0,26.093332290649418,25.856666564941406,25.940000534057617,0.0,17418600,0.6170086906805872,0.3806997243753725,WMT,Walmart,Stock
2014-04-24,20.70149803161621,26.10333251953125,0.0,26.156667709350582,25.899999618530273,26.05666732788086,0.0,13042500,0.3453400545488223,0.1192597532757835,WMT,Walmart,Stock
2014-04-25,20.783447265625,26.206666946411133,0.0,26.260000228881836,26.00666618347168,26.10333251953125,0.0,16177800,0.3950799019537407,0.1560881289277774,WMT,Walmart,Stock
2014-04-28,21.08481216430664,26.586666107177734,0.0,26.663333892822266,26.27666664123535,26.286666870117188,0.0,28796100,1.4396113310738268,2.0724807845561553,WMT,Walmart,Stock
2014-04-29,21.061019897460938,26.55666732788086,0.0,26.62333297729492,26.523332595825195,26.61333274841309,0.0,14087100,-0.1129044947469653,0.0127474249340675,WMT,Walmart,Stock
2014-04-30,21.071598052978516,26.56999969482422,0.0,26.643333435058594,26.503332138061523,26.530000686645508,0.0,18335100,0.0502136171660955,0.0025214073489032,WMT,Walmart,Stock
2014-05-01,21.068952560424805,26.566667556762695,0.0,26.57666778564453,26.38666725158691,26.57666778564453,0.0,15294000,-0.0125555671137547,0.000157642265548,WMT,Walmart,Stock
2014-05-02,20.915626525878903,26.37333297729492,0.0,26.586666107177734,26.336666107177734,26.53333282470703,0.0,16860000,-0.7303953952391622,0.5334774333865719,WMT,Walmart,Stock
2014-05-05,20.783447265625,26.206666946411133,0.0,26.316667556762695,26.170000076293945,26.286666870117188,0.0,13773000,-0.6339694911400441,0.4019173156963664,WMT,Walmart,Stock
2014-05-06,20.6221923828125,26.003332138061523,0.0,26.1299991607666,25.989999771118164,26.11000061035156,0.0,16916700,-0.7789069288787246,0.6066960038552865,WMT,Walmart,Stock
2014-05-07,20.7365665435791,25.98666763305664,0.16,26.03333282470703,25.843332290649418,25.950000762939453,0.0,18258600,0.553084547489483,0.3059025166716461,WMT,Walmart,Stock
2014-05-08,20.93074607849121,26.229999542236328,0.0,26.27666664123535,26.0,26.0,0.0,14461800,0.9320540655426616,0.868724781094604,WMT,Walmart,Stock
2014-05-09,21.066408157348633,26.399999618530273,0.0,26.426666259765625,26.17333221435547,26.17333221435547,0.0,14689200,0.646055920646026,0.4173882526017842,WMT,Walmart,Stock
2014-05-12,21.0531005859375,26.38333320617676,0.0,26.40999984741211,26.21666717529297,26.316667556762695,0.0,17999400,-0.0631895872055047,0.003992923931202,WMT,Walmart,Stock
2014-05-13,21.050443649291992,26.3799991607666,0.0,26.456666946411133,26.329999923706055,26.38999938964844,0.0,13091100,-0.0126209643263748,0.0001592887405276,WMT,Walmart,Stock
2014-05-14,20.944046020507812,26.246667861938477,0.0,26.350000381469727,26.023332595825195,26.350000381469727,0.0,16824900,-0.506722940477941,0.2567681384066109,WMT,Walmart,Stock
2014-05-15,20.43600082397461,25.61000061035156,0.0,25.81333351135254,25.416667938232425,25.426666259765625,0.0,39107400,-2.45563146890719,6.030125911087283,WMT,Walmart,Stock
2014-05-16,20.483882904052734,25.670000076293945,0.0,25.793333053588867,25.549999237060547,25.666667938232425,0.0,21731400,0.2340285336600338,0.0547693545670655,WMT,Walmart,Stock
2014-05-19,20.377485275268555,25.536666870117188,0.0,25.709999084472656,25.5,25.703332901000977,0.0,18393900,-0.520774873623992,0.2712064689980848,WMT,Walmart,Stock
2014-05-20,20.13277244567871,25.229999542236328,0.0,25.456666946411133,25.17333221435547,25.453332901000977,0.0,22310100,-1.2081671162412937,1.4596677807668037,WMT,Walmart,Stock
2014-05-21,20.12479591369629,25.219999313354492,0.0,25.31999969482422,25.09000015258789,25.31333351135254,0.0,17112300,-0.039627490739624,0.0015703380223189,WMT,Walmart,Stock
2014-05-22,20.052974700927734,25.1299991607666,0.0,25.30666732788086,25.079999923706055,25.26333236694336,0.0,15731100,-0.3575175435106683,0.1278187939179025,WMT,Walmart,Stock
2014-05-23,20.111492156982425,25.203332901000977,0.0,25.25,25.143333435058594,25.18666648864746,0.0,11110800,0.2913893898633896,0.0849077765249584,WMT,Walmart,Stock
2014-05-27,20.106176376342773,25.196666717529297,0.0,25.270000457763672,25.09666633605957,25.23666763305664,0.0,16112400,-0.0264350513814562,0.0006988119415402,WMT,Walmart,Stock
2014-05-28,20.090211868286133,25.176666259765625,0.0,25.31333351135254,25.11333274841309,25.12666702270508,0.0,15110700,-0.0794325539841416,0.0063095306324435,WMT,Walmart,Stock
2014-05-29,20.209915161132812,25.32666778564453,0.0,25.39666748046875,25.190000534057617,25.22333335876465,0.0,12010500,0.5940608812217157,0.3529083305979215,WMT,Walmart,Stock
2014-05-30,20.42004013061523,25.59000015258789,0.0,25.60333251953125,25.336666107177734,25.35333251953125,0.0,17894400,1.0343444453934103,1.0698684317162015,WMT,Walmart,Stock
2014-06-02,20.41738510131836,25.586666107177734,0.0,25.703332901000977,25.489999771118164,25.52666664123535,0.0,13171200,-0.0130029221261431,0.0001690759838185,WMT,Walmart,Stock
2014-06-03,20.40408706665039,25.56999969482422,0.0,25.656667709350582,25.453332901000977,25.579999923706055,0.0,21640800,-0.0651521585681548,0.0042448037660899,WMT,Walmart,Stock
2014-06-04,20.51580047607422,25.709999084472656,0.0,25.766666412353516,25.510000228881836,25.53333282470703,0.0,18599700,0.5460117007827427,0.2981287773916634,WMT,Walmart,Stock
2014-06-05,20.56633758544922,25.773332595825195,0.0,25.81333351135254,25.62333297729492,25.683332443237305,0.0,14087400,0.2460297211958006,0.0605306237116833,WMT,Walmart,Stock
2014-06-06,20.537086486816406,25.73666763305664,0.0,25.86333274841309,25.690000534057617,25.81999969482422,0.0,12566700,-0.1423292790370277,0.0202576236712,WMT,Walmart,Stock
2014-06-09,20.483882904052734,25.670000076293945,0.0,25.920000076293945,25.566667556762695,25.690000534057617,0.0,16642800,-0.2593971492445423,0.0672868810361953,WMT,Walmart,Stock
2014-06-10,20.380144119262695,25.540000915527344,0.0,25.64666748046875,25.503332138061523,25.60333251953125,0.0,10097100,-0.5077277752651803,0.2577874937757294,WMT,Walmart,Stock
2014-06-11,20.257789611816406,25.38666725158691,0.0,25.579999923706055,25.350000381469727,25.516666412353516,0.0,13389900,-0.6021707598624342,0.3626096240333014,WMT,Walmart,Stock
2014-06-12,20.14340591430664,25.24333381652832,0.0,25.39666748046875,25.19333267211914,25.350000381469727,0.0,16009800,-0.5662406849219705,0.3206285132609023,WMT,Walmart,Stock
2014-06-13,20.02371597290039,25.093332290649418,0.0,25.253332138061523,25.040000915527344,25.22333335876465,0.0,14944500,-0.5959615229320269,0.3551701368154608,WMT,Walmart,Stock
2014-06-16,20.03968048095703,25.11333274841309,0.0,25.15999984741211,25.00666618347168,25.036666870117188,0.0,11540700,0.0796962330441166,0.0063514895614221,WMT,Walmart,Stock
2014-06-17,19.94658088684082,24.996667861938477,0.0,25.13999938964844,24.97333335876465,25.09666633605957,0.0,19632600,-0.4656587495854078,0.2168380710654456,WMT,Walmart,Stock
2014-06-18,20.135440826416016,25.233333587646484,0.0,25.31999969482422,24.97333335876465,25.01333236694336,0.0,20222100,0.9423743073485512,0.8880693351506619,WMT,Walmart,Stock
2014-06-19,20.180654525756836,25.290000915527344,0.0,25.426666259765625,25.266666412353516,25.293333053588867,0.0,15765900,0.2242961174748535,0.0503087483142932,WMT,Walmart,Stock
2014-06-20,20.130117416381836,25.226667404174805,0.0,25.38999938964844,25.040000915527344,25.38666725158691,0.0,33992100,-0.2507376238018942,0.0628693559898202,WMT,Walmart,Stock
2014-06-23,20.159366607666016,25.26333236694336,0.0,25.31333351135254,25.100000381469727,25.18666648864746,0.0,12802200,0.1451951899172048,0.0210816431750931,WMT,Walmart,Stock
2014-06-24,20.20725440979004,25.323333740234375,0.0,25.40333366394043,25.226667404174805,25.343332290649418,0.0,16956900,0.2372644694161998,0.0562944284473508,WMT,Walmart,Stock
2014-06-25,20.11415672302246,25.206666946411133,0.0,25.280000686645508,25.093332290649418,25.253332138061523,0.0,12954600,-0.4617787403082312,0.2132396050006568,WMT,Walmart,Stock
2014-06-26,19.9252986907959,24.969999313354492,0.0,25.203332901000977,24.899999618530273,25.17333221435547,0.0,20766300,-0.9433666411103282,0.8899406195597828,WMT,Walmart,Stock
2014-06-27,20.03968048095703,25.11333274841309,0.0,25.12666702270508,24.88999938964844,24.933332443237305,0.0,41882400,0.5724116706490502,0.3276551206952367,WMT,Walmart,Stock
2014-06-30,19.967859268188477,25.023332595825195,0.0,25.229999542236328,24.979999542236328,25.13333320617676,0.0,19961400,-0.3590387730518475,0.128908840554576,WMT,Walmart,Stock
2014-07-01,20.02371597290039,25.093332290649418,0.0,25.13999938964844,24.916667938232425,25.09000015258789,0.0,19813500,0.2793425400077447,0.0780322546579784,WMT,Walmart,Stock
2014-07-02,20.11415672302246,25.206666946411133,0.0,25.299999237060547,25.083332061767575,25.086666107177734,0.0,13100400,0.4506512035053856,0.2030865072208524,WMT,Walmart,Stock
2014-07-03,20.148731231689453,25.25,0.0,25.350000381469727,25.17333221435547,25.203332901000977,0.0,8622000,0.1717438510833284,0.0294959503849325,WMT,Walmart,Stock
2014-07-07,20.233848571777344,25.356666564941406,0.0,25.40333366394043,25.183332443237305,25.229999542236328,0.0,15084000,0.4215553664626036,0.17770892699342,WMT,Walmart,Stock
2014-07-08,20.38813018798828,25.549999237060547,0.0,25.65999984741211,25.343332290649418,25.36333274841309,0.0,23881500,0.7596004072120044,0.5769927786366429,WMT,Walmart,Stock
2014-07-09,20.537086486816406,25.73666763305664,0.0,25.77666664123535,25.540000915527344,25.59000015258789,0.0,18720300,0.7279470639628326,0.5299069279321083,WMT,Walmart,Stock
2014-07-10,20.497180938720703,25.68666648864746,0.0,25.856666564941406,25.63666725158691,25.63666725158691,0.0,16117500,-0.1944987113429436,0.0378297487140657,WMT,Walmart,Stock
2014-07-11,20.433351516723633,25.606666564941406,0.0,25.656667709350582,25.520000457763672,25.62333297729492,0.0,13642500,-0.311891734167114,0.0972764538417697,WMT,Walmart,Stock
2014-07-14,20.361515045166016,25.516666412353516,0.0,25.75,25.49333381652832,25.709999084472656,0.0,14468700,-0.3521842421023132,0.1240337403851807,WMT,Walmart,Stock
2014-07-15,20.438657760620117,25.61333274841309,0.0,25.643333435058594,25.520000457763672,25.520000457763672,0.0,13970700,0.3781494149436615,0.1429969800222335,WMT,Walmart,Stock
2014-07-16,20.443986892700195,25.6200008392334,0.0,25.683332443237305,25.566667556762695,25.63333320617676,0.0,11172600,0.0260703883295768,0.0006796651476549,WMT,Walmart,Stock
2014-07-17,20.377485275268555,25.536666870117188,0.0,25.683332443237305,25.479999542236328,25.52666664123535,0.0,13890900,-0.3258171385294039,0.1061568077594888,WMT,Walmart,Stock
2014-07-18,20.505163192749023,25.696666717529297,0.0,25.700000762939453,25.503332138061523,25.540000915527344,0.0,14739900,0.6246089104443684,0.390136291006501,WMT,Walmart,Stock
2014-07-21,20.42004013061523,25.59000015258789,0.0,25.63666725158691,25.49333381652832,25.586666107177734,0.0,10372800,-0.415993949823053,0.1730509662893847,WMT,Walmart,Stock
2014-07-22,20.385467529296875,25.546667098999023,0.0,25.6299991607666,25.46666717529297,25.61333274841309,0.0,13149600,-0.1694507019935356,0.028713540406102,WMT,Walmart,Stock
2014-07-23,20.478561401367188,25.663333892822266,0.0,25.68666648864746,25.530000686645508,25.543333053588867,0.0,11982900,0.4556282655260228,0.2075971163462519,WMT,Walmart,Stock
2014-07-24,20.308324813842773,25.450000762939453,0.0,25.59666633605957,25.39666748046875,25.559999465942383,0.0,21684900,-0.8347662294262975,0.6968346577905979,WMT,Walmart,Stock
2014-07-25,20.20725440979004,25.323333740234375,0.0,25.453332901000977,25.266666412353516,25.39666748046875,0.0,11845200,-0.4989222202714987,0.2489233818806418,WMT,Walmart,Stock
2014-07-28,20.138092041015625,25.23666763305664,0.0,25.309999465942383,25.1200008392334,25.143333435058594,0.0,16529700,-0.3428521136019288,0.1175475718013099,WMT,Walmart,Stock
2014-07-29,20.066282272338867,25.14666748046875,0.0,25.336666107177734,25.049999237060547,25.06999969482422,0.0,18880500,-0.3572240397533306,0.1276090145776891,WMT,Walmart,Stock
2014-07-30,19.890722274780273,24.926666259765625,0.0,25.30666732788086,24.88999938964844,25.293333053588867,0.0,29931600,-0.8787501930054706,0.7722019017071519,WMT,Walmart,Stock
2014-07-31,19.571531295776367,24.52666664123535,0.0,24.75,24.51333236694336,24.663333892822266,0.0,28894800,-1.617738022128275,2.617076308239504,WMT,Walmart,Stock
2014-08-01,19.56089782714844,24.51333236694336,0.0,24.62666702270508,24.406667709350582,24.440000534057617,0.0,24671700,-0.0543460711638583,0.0029534954509471,WMT,Walmart,Stock
2014-08-04,19.56089782714844,24.51333236694336,0.0,24.543333053588867,24.35333251953125,24.459999084472656,0.0,16206300,0.0,0.0,WMT,Walmart,Stock
2014-08-05,19.5076961517334,24.446666717529297,0.0,24.50666618347168,24.25666618347168,24.43666648864746,0.0,31739700,-0.2723502582607831,0.0741746631747152,WMT,Walmart,Stock
2014-08-06,19.866472244262695,24.733333587646484,0.16,24.76333236694336,24.393333435058594,24.39666748046875,0.0,23804400,1.822443683859739,3.321300980840258,WMT,Walmart,Stock
2014-08-07,19.79953384399414,24.649999618530273,0.0,24.93666648864746,24.586666107177734,24.780000686645508,0.0,21147000,-0.3375104801967505,0.1139133242426411,WMT,Walmart,Stock
2014-08-08,19.992319107055664,24.88999938964844,0.0,24.90999984741211,24.61666679382324,24.68666648864746,0.0,14988900,0.9689760952018114,0.9389146730725498,WMT,Walmart,Stock
2014-08-11,19.90931510925293,24.786666870117188,0.0,24.86666679382324,24.67333221435547,24.76333236694336,0.0,14164200,-0.4160436992666105,0.1730923596994459,WMT,Walmart,Stock
2014-08-12,19.871828079223633,24.739999771118164,0.0,24.81333351135254,24.670000076293945,24.770000457763672,0.0,11784600,-0.1884663844260017,0.0355195780586094,WMT,Walmart,Stock
2014-08-13,19.820951461791992,24.676666259765625,0.0,24.803333282470703,24.503332138061523,24.75666618347168,0.0,19857300,-0.2563521420361825,0.065716420726539,WMT,Walmart,Stock
2014-08-14,19.917346954345703,24.796667098999023,0.0,24.809999465942383,24.536666870117188,24.6299991607666,0.0,18408900,0.4851525378279099,0.2353729849608615,WMT,Walmart,Stock
2014-08-15,19.78614616394043,24.63333320617676,0.0,24.88333320617676,24.496667861938477,24.88333320617676,0.0,20828100,-0.6609054149493301,0.4367959675093462,WMT,Walmart,Stock
2014-08-18,19.944120407104492,24.829999923706055,0.0,24.893333435058594,24.683332443237305,24.71666717529297,0.0,12047100,0.7952379348343919,0.6324033729996685,WMT,Walmart,Stock
2014-08-19,20.048538208007812,24.959999084472656,0.0,24.979999542236328,24.713333129882812,24.93666648864746,0.0,15143700,0.5221860300844445,0.2726782500153524,WMT,Walmart,Stock
2014-08-20,20.06995964050293,24.98666763305664,0.0,25.016666412353516,24.836666107177734,24.94333267211914,0.0,14694900,0.1067908106220886,0.0114042772333228,WMT,Walmart,Stock
2014-08-21,20.227924346923828,25.183332443237305,0.0,25.303333282470703,25.0,25.020000457763672,0.0,15781800,0.7839891323485597,0.6146389596406475,WMT,Walmart,Stock
2014-08-22,20.276119232177734,25.24333381652832,0.0,25.399999618530273,25.213333129882812,25.260000228881836,0.0,12413400,0.237975785823677,0.0566324746383965,WMT,Walmart,Stock
2014-08-25,20.26540756225586,25.229999542236328,0.0,25.34000015258789,25.170000076293945,25.309999465942383,0.0,10180800,-0.0528429539688878,0.002792377784158,WMT,Walmart,Stock
2014-08-26,20.219892501831055,25.17333221435547,0.0,25.38333320617676,25.14666748046875,25.27666664123535,0.0,12668700,-0.2248474361231842,0.0505563695311694,WMT,Walmart,Stock
2014-08-27,20.308246612548828,25.28333282470703,0.0,25.286666870117188,25.14666748046875,25.170000076293945,0.0,9601200,0.436014347672249,0.1901085113760569,WMT,Walmart,Stock
2014-08-28,20.321636199951172,25.299999237060547,0.0,25.31333351135254,25.156667709350582,25.156667709350582,0.0,8771100,0.0659100492553917,0.0043441345928481,WMT,Walmart,Stock
2014-08-29,20.21454429626465,25.166667938232425,0.0,25.293333053588867,25.09666633605957,25.25,0.0,15241500,-0.5283781132205155,0.2791834305304719,WMT,Walmart,Stock
2014-09-02,20.281475067138672,25.25,0.0,25.31333351135254,25.13666725158691,25.13999938964844,0.0,13597200,0.3305551156403,0.1092666844759721,WMT,Walmart,Stock
2014-09-03,20.351091384887695,25.336666107177734,0.0,25.44333267211914,25.293333053588867,25.316667556762695,0.0,14128200,0.3426630013615785,0.1174179325021251,WMT,Walmart,Stock
2014-09-04,20.49834251403809,25.520000457763672,0.0,25.53333282470703,25.3700008392334,25.38666725158691,0.0,15846900,0.7209488744291559,0.5197672795406668,WMT,Walmart,Stock
2014-09-05,20.752704620361328,25.836666107177734,0.0,25.90999984741211,25.49333381652832,25.50666618347168,0.0,23525400,1.2332551430887784,1.5209182479549233,WMT,Walmart,Stock
2014-09-08,20.49031639099121,25.510000228881836,0.0,25.773332595825195,25.476667404174805,25.709999084472656,0.0,17816700,-1.272417796192676,1.619047048067826,WMT,Walmart,Stock
2014-09-09,20.54654312133789,25.579999923706055,0.0,25.666667938232425,25.38999938964844,25.520000457763672,0.0,16896000,0.2740305481463171,0.075092741317371,WMT,Walmart,Stock
2014-09-10,20.484949111938477,25.503332138061523,0.0,25.69333267211914,25.456666946411133,25.59666633605957,0.0,20091300,-0.3002282018652417,0.0901369731952363,WMT,Walmart,Stock
2014-09-11,20.37518310546875,25.36666679382324,0.0,25.479999542236328,25.36333274841309,25.450000762939453,0.0,14859900,-0.5372780975586712,0.288667754116265,WMT,Walmart,Stock
2014-09-12,20.28683280944824,25.25666618347168,0.0,25.350000381469727,25.219999313354492,25.323333740234375,0.0,16956900,-0.4345600338214064,0.1888424229948618,WMT,Walmart,Stock
2014-09-15,20.29754066467285,25.270000457763672,0.0,25.296667098999023,25.203332901000977,25.260000228881836,0.0,11245500,0.0527683665236627,0.0027845005055756,WMT,Walmart,Stock
2014-09-16,20.4340877532959,25.440000534057617,0.0,25.523332595825195,25.200000762939453,25.213333129882812,0.0,12328500,0.6704745449664276,0.4495361154479381,WMT,Walmart,Stock
2014-09-17,20.412668228149418,25.413333892822266,0.0,25.489999771118164,25.336666107177734,25.453332901000977,0.0,12717000,-0.1048774944063743,0.010999288832959,WMT,Walmart,Stock
2014-09-18,20.40730857849121,25.406667709350582,0.0,25.52666664123535,25.303333282470703,25.43666648864746,0.0,14255100,-0.026259935003835,0.0006895841864056,WMT,Walmart,Stock
2014-09-19,20.57330894470215,25.61333274841309,0.0,25.690000534057617,25.459999084472656,25.483333587646484,0.0,39970500,0.8101453036848609,0.6563354130826355,WMT,Walmart,Stock
2014-09-22,20.431413650512695,25.43666648864746,0.0,25.6200008392334,25.416667938232425,25.59666633605957,0.0,13352100,-0.69209521051259,0.4789957804144663,WMT,Walmart,Stock
2014-09-23,20.24131965637207,25.200000762939453,0.0,25.406667709350582,25.190000534057617,25.333332061767575,0.0,20124000,-0.9347558564875228,0.8737685112377225,WMT,Walmart,Stock
2014-09-24,20.6375732421875,25.69333267211914,0.0,25.770000457763672,25.233333587646484,25.24333381652832,0.0,25303800,1.9387315517962127,3.758680029930151,WMT,Walmart,Stock
2014-09-25,20.380537033081055,25.37333297729492,0.0,25.683332443237305,25.37333297729492,25.643333435058594,0.0,14890500,-1.2532979792683066,1.5707558248380205,WMT,Walmart,Stock
2014-09-26,20.47960662841797,25.496667861938477,0.0,25.523332595825195,25.286666870117188,25.416667938232425,0.0,11258700,0.4849213957330835,0.2351487600397218,WMT,Walmart,Stock
2014-09-29,20.369827270507812,25.36000061035156,0.0,25.416667938232425,25.21666717529297,25.35333251953125,0.0,14877900,-0.537484178927038,0.2888892425968722,WMT,Walmart,Stock
2014-09-30,20.47424697875977,25.489999771118164,0.0,25.573333740234375,25.25666618347168,25.34666633605957,0.0,16922100,0.511310086788062,0.2614380048512155,WMT,Walmart,Stock
2014-10-01,20.380537033081055,25.37333297729492,0.0,25.6200008392334,25.303333282470703,25.503332138061523,0.0,19574700,-0.4587473035941061,0.210449088554863,WMT,Walmart,Stock
2014-10-02,20.409990310668945,25.40999984741211,0.0,25.63666725158691,25.31999969482422,25.40333366394043,0.0,14763600,0.1444123654416138,0.0208549312924422,WMT,Walmart,Stock
2014-10-03,20.701831817626953,25.773332595825195,0.0,25.82666778564453,25.510000228881836,25.523332595825195,0.0,17459100,1.4197687874016849,2.01574340968005,WMT,Walmart,Stock
2014-10-06,20.70986557006836,25.78333282470703,0.0,25.97333335876465,25.663333892822266,25.683332443237305,0.0,16289100,0.0387994361447069,0.0015053962451471,WMT,Walmart,Stock
2014-10-07,20.69647789001465,25.766666412353516,0.0,25.89666748046875,25.573333740234375,25.676666259765625,0.0,21179700,-0.0646648769318539,0.0041815463086118,WMT,Walmart,Stock
2014-10-08,20.948148727416992,26.079999923706055,0.0,26.163333892822266,25.60333251953125,25.803333282470703,0.0,24321300,1.2086740677251364,1.4608930019912276,WMT,Walmart,Stock
2014-10-09,20.84640884399414,25.953332901000977,0.0,26.27666664123535,25.88666725158691,26.036666870117188,0.0,21218100,-0.4868580518470006,0.2370307626482567,WMT,Walmart,Stock
2014-10-10,20.961538314819336,26.09666633605957,0.0,26.456666946411133,25.976667404174805,25.976667404174805,0.0,30234000,0.5507553930245548,0.3033315029456318,WMT,Walmart,Stock
2014-10-13,20.76608657836914,25.85333251953125,0.0,26.19333267211914,25.816667556762695,26.010000228881836,0.0,24603600,-0.9368046533054786,0.8776029584547979,WMT,Walmart,Stock
2014-10-14,20.878541946411133,25.99333381652832,0.0,26.209999084472656,25.88999938964844,25.94333267211914,0.0,23703300,0.5400727314213182,0.2916785552248833,WMT,Walmart,Stock
2014-10-15,20.13421630859375,25.066667556762695,0.0,25.89666748046875,24.786666870117188,25.86000061035156,0.0,63173100,-3.6301258725372634,13.177813850464428,WMT,Walmart,Stock
2014-10-16,19.76473617553711,24.606666564941406,0.0,24.690000534057617,24.203332901000977,24.40999984741211,0.0,43039800,-1.852132310142388,3.4303940942733786,WMT,Walmart,Stock
2014-10-17,19.839702606201172,24.700000762939453,0.0,24.833332061767575,24.343332290649418,24.726667404174805,0.0,34386900,0.3785763540906411,0.1433200558765625,WMT,Walmart,Stock
2014-10-20,20.118148803710938,25.046667098999023,0.0,25.073333740234375,24.63999938964844,24.713333129882812,0.0,21122100,1.3937221093132346,1.942461317988532,WMT,Walmart,Stock
2014-10-21,20.353759765625,25.34000015258789,0.0,25.399999618530273,25.003332138061523,25.059999465942383,0.0,24899100,1.1643316660337817,1.3556682285290018,WMT,Walmart,Stock
2014-10-22,20.356441497802734,25.343332290649418,0.0,25.553333282470703,25.336666107177734,25.489999771118164,0.0,17782800,0.0131747429311851,0.0001735738513028,WMT,Walmart,Stock
2014-10-23,20.415346145629883,25.416667938232425,0.0,25.549999237060547,25.260000228881836,25.456666946411133,0.0,19101300,0.2889482763215747,0.083491106389209,WMT,Walmart,Stock
2014-10-24,20.45015335083008,25.459999084472656,0.0,25.5,25.166667938232425,25.37666702270508,0.0,13438800,0.170350119520794,0.0290191632207488,WMT,Walmart,Stock
2014-10-27,20.50638008117676,25.530000686645508,0.0,25.65999984741211,25.43666648864746,25.44333267211914,0.0,12322200,0.274567991762924,0.0753875821007251,WMT,Walmart,Stock
2014-10-28,20.442115783691406,25.450000762939453,0.0,25.600000381469727,25.333332061767575,25.543333053588867,0.0,14938800,-0.313878929562621,0.0985199824233767,WMT,Walmart,Stock
2014-10-29,20.452823638916016,25.463333129882812,0.0,25.546667098999023,25.323333740234375,25.516666412353516,0.0,17279100,0.0523676309122816,0.0027423687673649,WMT,Walmart,Stock
2014-10-30,20.46888732910156,25.483333587646484,0.0,25.53333282470703,25.32666778564453,25.38999938964844,0.0,14617200,0.0785093811116681,0.0061637229225371,WMT,Walmart,Stock
2014-10-31,20.420692443847656,25.42333221435547,0.0,25.799999237060547,25.336666107177734,25.6299991607666,0.0,22712100,-0.2357319778759906,0.0555695653933265,WMT,Walmart,Stock
2014-11-03,20.423376083374023,25.426666259765625,0.0,25.459999084472656,25.196666717529297,25.450000762939453,0.0,20683200,0.0131409021040156,0.0001726833081073,WMT,Walmart,Stock
2014-11-04,20.685768127441406,25.753332138061523,0.0,25.790000915527344,25.426666259765625,25.496667861938477,0.0,20714700,1.2765802475525354,1.6296571284412926,WMT,Walmart,Stock
2014-11-05,20.80356788635254,25.899999618530273,0.0,26.07666778564453,25.766666412353516,25.956666946411133,0.0,17021400,0.5678571256048439,0.3224617151001955,WMT,Walmart,Stock
2014-11-06,20.833024978637695,25.93666648864746,0.0,26.059999465942383,25.72333335876465,26.049999237060547,0.0,13865700,0.1414961944431165,0.0200211730418842,WMT,Walmart,Stock
2014-11-07,21.090049743652344,26.25666618347168,0.0,26.36000061035156,25.8700008392334,25.946666717529297,0.0,28496400,1.2261886185488255,1.5035385282586773,WMT,Walmart,Stock
2014-11-10,21.269441604614254,26.479999542236328,0.0,26.709999084472656,26.13999938964844,26.200000762939453,0.0,37921500,0.8470023021256134,0.7174128998060889,WMT,Walmart,Stock
2014-11-11,21.154312133789062,26.336666107177734,0.0,26.47333335876465,26.28333282470703,26.46666717529297,0.0,16807200,-0.5427608040889346,0.2945892904552668,WMT,Walmart,Stock
2014-11-12,21.20518493652344,26.399999618530273,0.0,26.479999542236328,26.21666717529297,26.27666664123535,0.0,20373600,0.2401956147340227,0.057693933337455,WMT,Walmart,Stock
2014-11-13,22.206544876098633,27.64666748046875,0.0,27.68666648864746,26.953332901000977,26.98666763305664,0.0,68437200,4.614133541521802,21.29022833899653,WMT,Walmart,Stock
2014-11-14,22.211896896362305,27.65333366394043,0.0,27.71666717529297,27.36666679382324,27.52666664123535,0.0,31909800,0.0240981901931011,0.0005807227705828,WMT,Walmart,Stock
2014-11-17,22.375226974487305,27.856666564941406,0.0,27.906667709350582,27.510000228881836,27.52666664123535,0.0,23980200,0.732636665096863,0.5367564830442529,WMT,Walmart,Stock
2014-11-18,22.434118270874023,27.93000030517578,0.0,27.97333335876465,27.780000686645508,27.833332061767575,0.0,18289200,0.2628528936172489,0.0690916436829608,WMT,Walmart,Stock
2014-11-19,22.755420684814453,28.329999923706055,0.0,28.546667098999023,27.97333335876465,27.98666763305664,0.0,36569400,1.4220451717899465,2.0222124706110987,WMT,Walmart,Stock
2014-11-20,22.64563751220703,28.19333267211914,0.0,28.43000030517578,28.01333236694336,28.270000457763672,0.0,23438100,-0.4836159813825063,0.2338844174485647,WMT,Walmart,Stock
2014-11-21,22.664384841918945,28.21666717529297,0.0,28.479999542236328,28.19333267211914,28.446666717529297,0.0,19948800,0.0827513640810235,0.0068477882572701,WMT,Walmart,Stock
2014-11-24,22.86518669128418,28.46666717529297,0.0,28.536666870117188,28.25666618347168,28.28333282470703,0.0,23986500,0.8820779311982003,0.7780614767068971,WMT,Walmart,Stock
2014-11-25,22.744705200195312,28.316667556762695,0.0,28.503332138061523,28.1299991607666,28.5,0.0,20026500,-0.5283142157461997,0.279115910559522,WMT,Walmart,Stock
2014-11-26,22.75273704528809,28.32666778564453,0.0,28.3700008392334,28.15999984741211,28.299999237060547,0.0,11828400,0.0353067987113335,0.0012465700352426,WMT,Walmart,Stock
2014-11-28,23.43815040588379,29.18000030517578,0.0,29.36333274841309,28.63333320617676,28.726667404174805,0.0,23461800,2.967960615330636,8.808790214153808,WMT,Walmart,Stock
2014-12-01,23.084733963012695,28.739999771118164,0.0,29.023332595825195,28.583332061767575,28.906667709350582,0.0,27422700,-1.5193522340048573,2.3084312109755505,WMT,Walmart,Stock
2014-12-02,23.1329288482666,28.799999237060547,0.0,28.899999618530273,28.643333435058594,28.75666618347168,0.0,20298900,0.2085562089957482,0.0434956923106782,WMT,Walmart,Stock
2014-12-03,22.86907958984375,28.31333351135254,0.16,28.666667938232425,28.226667404174805,28.649999618530273,0.0,19122900,-1.1471331828063325,1.3159145390953866,WMT,Walmart,Stock
2014-12-04,22.820613861083984,28.253332138061523,0.0,28.273332595825195,27.88333320617676,28.043333053588867,0.0,20704200,-0.2121517711203243,0.0450083739894904,WMT,Walmart,Stock
2014-12-05,22.64830207824707,28.040000915527344,0.0,28.273332595825195,27.836666107177734,28.270000457763672,0.0,19710300,-0.7579358520927324,0.5744667558875364,WMT,Walmart,Stock
2014-12-08,22.67792320251465,28.07666778564453,0.0,28.22333335876465,27.950000762939453,28.049999237060547,0.0,18798000,0.1307019426431794,0.0170829978107009,WMT,Walmart,Stock
2014-12-09,22.497522354125977,27.85333251953125,0.0,28.06999969482422,27.549999237060547,27.88333320617676,0.0,19900800,-0.7986719560189913,0.6378768933312016,WMT,Walmart,Stock
2014-12-10,22.34136962890625,27.65999984741211,0.0,28.10333251953125,27.63333320617676,27.976667404174805,0.0,20920800,-0.6965085424373291,0.4851241496881726,WMT,Walmart,Stock
2014-12-11,22.57021713256836,27.94333267211914,0.0,28.166667938232425,27.719999313354492,27.733333587646484,0.0,24098400,1.0191111061174785,1.0385874466119904,WMT,Walmart,Stock
2014-12-12,22.564838409423828,27.93666648864746,0.0,28.333332061767575,27.84000015258789,27.84000015258789,0.0,21852300,-0.0238339051781541,0.0005680550360412,WMT,Walmart,Stock
2014-12-15,22.59984016418457,27.979999542236328,0.0,28.233333587646484,27.683332443237305,28.086666107177734,0.0,18953100,0.1549961734411381,0.0240238137813953,WMT,Walmart,Stock
2014-12-16,22.33598518371582,27.65333366394043,0.0,28.253332138061523,27.64666748046875,27.87333297729492,0.0,22312200,-1.1743770628780337,1.379161485814037,WMT,Walmart,Stock
2014-12-17,22.67792320251465,28.07666778564453,0.0,28.086666107177734,27.649999618530273,27.760000228881836,0.0,19923000,1.5192841869539195,2.308224440728232,WMT,Walmart,Stock
2014-12-18,23.138317108154297,28.64666748046875,0.0,28.649999618530273,28.093332290649418,28.266666412353516,0.0,25937700,2.0098087480580484,4.03933120377066,WMT,Walmart,Stock
2014-12-19,22.928316116333008,28.38666725158691,0.0,28.780000686645508,28.38666725158691,28.753332138061523,0.0,36206400,-0.91173342537971,0.8312578389546195,WMT,Walmart,Stock
2014-12-22,23.256778717041016,28.793333053588867,0.0,28.799999237060547,28.43000030517578,28.440000534057617,0.0,13727400,1.422398892130724,2.023218608334711,WMT,Walmart,Stock
2014-12-23,23.332162857055664,28.88666725158691,0.0,29.02666664123535,28.786666870117188,28.89666748046875,0.0,16657800,0.3236141593121001,0.1047261241072773,WMT,Walmart,Stock
2014-12-24,23.27022933959961,28.809999465942383,0.0,29.023332595825195,28.796667098999023,28.989999771118164,0.0,7475400,-0.2657955997480325,0.0706473008454163,WMT,Walmart,Stock
2014-12-26,23.399473190307617,28.969999313354492,0.0,29.046667098999023,28.670000076293945,28.726667404174805,0.0,9747900,0.5538676019004725,0.3067693204349802,WMT,Walmart,Stock
2014-12-29,23.3267822265625,28.8799991607666,0.0,29.023332595825195,28.799999237060547,28.81999969482422,0.0,10816800,-0.311135663396273,0.0968054010370389,WMT,Walmart,Stock
2014-12-30,23.367170333862305,28.93000030517578,0.0,29.043333053588867,28.82666778564453,28.84000015258789,0.0,9796200,0.1729907842759595,0.0299258114444115,WMT,Walmart,Stock
2014-12-31,23.122169494628903,28.62666702270508,0.0,29.14666748046875,28.6200008392334,29.02666664123535,0.0,12454200,-1.0540184409603104,1.1109548738844033,WMT,Walmart,Stock
2015-01-02,23.127544403076172,28.63333320617676,0.0,28.906667709350582,28.516666412353516,28.75666618347168,0.0,13505400,0.0232429912252164,0.0005402366410954,WMT,Walmart,Stock
2015-01-05,23.060237884521484,28.549999237060547,0.0,28.773332595825195,28.503332138061523,28.573333740234375,0.0,20937000,-0.2914474904999766,0.0849416397187339,WMT,Walmart,Stock
2015-01-06,23.237932205200195,28.770000457763672,0.0,28.916667938232425,28.59666633605957,28.65999984741211,0.0,24615300,0.767612166332812,0.5892284379021527,WMT,Walmart,Stock
2015-01-07,23.854488372802734,29.53333282470703,0.0,29.559999465942383,28.88999938964844,28.926666259765625,0.0,25495200,2.6186439014992393,6.857295882859158,WMT,Walmart,Stock
2015-01-08,24.35796165466309,30.156667709350582,0.0,30.22333335876465,29.690000534057617,29.73666763305664,0.0,38140800,2.088637206344254,4.36240537972553,WMT,Walmart,Stock
2015-01-09,24.056413650512695,29.78333282470703,0.0,30.1299991607666,29.75,30.106666564941406,0.0,25567500,-1.2457122569704888,1.5517990271665092,WMT,Walmart,Stock
2015-01-12,24.236799240112305,30.00666618347168,0.0,30.10333251953125,29.739999771118164,29.786666870117188,0.0,22117500,0.7470467078626272,0.5580787837283894,WMT,Walmart,Stock
2015-01-13,24.045642852783203,29.770000457763672,0.0,30.323333740234375,29.643333435058594,30.266666412353516,0.0,24646200,-0.7918298156649325,0.626994456975961,WMT,Walmart,Stock
2015-01-14,23.318702697753903,28.8700008392334,0.0,29.50666618347168,28.833332061767575,29.21666717529297,0.0,35862900,-3.069808029765446,9.42372133961241,WMT,Walmart,Stock
2015-01-15,23.52601623535156,29.12666702270508,0.0,29.260000228881836,28.899999618530273,29.0,0.0,28238100,0.885115316217931,0.783429123003568,WMT,Walmart,Stock
2015-01-16,23.361780166625977,28.92333221435547,0.0,29.15333366394043,28.74333381652832,29.066667556762695,0.0,25226700,-0.7005521820904818,0.4907733598317355,WMT,Walmart,Stock
2015-01-20,23.340246200561523,28.89666748046875,0.0,29.233333587646484,28.516666412353516,28.940000534057617,0.0,23559300,-0.0922185578040388,0.0085042624034568,WMT,Walmart,Stock
2015-01-21,23.3267822265625,28.8799991607666,0.0,28.969999313354492,28.56999969482422,28.700000762939453,0.0,24521400,-0.0577023000023374,0.0033295554255597,WMT,Walmart,Stock
2015-01-22,23.77371597290039,29.433332443237305,0.0,29.46666717529297,28.953332901000977,29.07666778564453,0.0,21371400,1.897844728246532,3.6018146125331523,WMT,Walmart,Stock
2015-01-23,23.83025360107422,29.503332138061523,0.0,29.753332138061523,29.296667098999023,29.47333335876465,0.0,22697400,0.2375333622926863,0.0564220982020685,WMT,Walmart,Stock
2015-01-26,23.862565994262695,29.543333053588867,0.0,29.719999313354492,29.37333297729492,29.43666648864746,0.0,14000100,0.1355021506661255,0.0183608328351453,WMT,Walmart,Stock
2015-01-27,23.56640625,29.176666259765625,0.0,29.48666763305664,29.086666107177734,29.426666259765625,0.0,18061500,-1.2488720692403268,1.5596814453286156,WMT,Walmart,Stock
2015-01-28,23.375234603881836,28.940000534057617,0.0,29.40999984741211,28.92333221435547,29.34000015258789,0.0,17810400,-0.8145122307109969,0.6634301739778042,WMT,Walmart,Stock
2015-01-29,23.61755752563477,29.239999771118164,0.0,29.239999771118164,28.75666618347168,29.023332595825195,0.0,19568400,1.0313286724844604,1.0636388306885594,WMT,Walmart,Stock
2015-01-30,22.879844665527344,28.32666778564453,0.0,29.1200008392334,28.299999237060547,28.926666259765625,0.0,30840600,-3.173402098446748,10.070480878426222,WMT,Walmart,Stock
2015-02-02,23.076396942138672,28.56999969482422,0.0,28.62333297729492,27.976667404174805,28.26333236694336,0.0,20781600,0.8553940366301875,0.7316989579024866,WMT,Walmart,Stock
2015-02-03,23.20562744140625,28.729999542236328,0.0,28.843332290649418,28.553333282470703,28.61000061035156,0.0,24850500,0.5584493627638732,0.3118656907713761,WMT,Walmart,Stock
2015-02-04,23.329469680786133,28.88333320617676,0.0,29.01333236694336,28.666667938232425,28.703332901000977,0.0,26796900,0.5322543172948919,0.2832946582790515,WMT,Walmart,Stock
2015-02-05,23.499094009399418,29.093332290649418,0.0,29.1200008392334,28.85333251953125,29.036666870117188,0.0,15272400,0.7244513054065267,0.5248296939052206,WMT,Walmart,Stock
2015-02-06,23.51255226135254,29.11000061035156,0.0,29.333332061767575,28.926666259765625,29.086666107177734,0.0,16852800,0.0572549714309652,0.0032781317535606,WMT,Walmart,Stock
2015-02-09,23.130237579345703,28.63666725158691,0.0,29.06333351135254,28.546667098999023,28.989999771118164,0.0,16368600,-1.6393669658559114,2.687524048739617,WMT,Walmart,Stock
2015-02-10,23.501785278320312,29.09666633605957,0.0,29.13666725158691,28.80666732788086,28.87333297729492,0.0,17196300,1.59356398836473,2.539446185012905,WMT,Walmart,Stock
2015-02-11,23.246009826660156,28.780000686645508,0.0,29.040000915527344,28.63999938964844,28.87666702270508,0.0,17559300,-1.0942890608615534,1.1974685487212606,WMT,Walmart,Stock
2015-02-12,23.124853134155273,28.6299991607666,0.0,28.893333435058594,28.40999984741211,28.85333251953125,0.0,20824800,-0.5225564523329549,0.2730652458748037,WMT,Walmart,Stock
2015-02-13,23.103309631347656,28.60333251953125,0.0,28.719999313354492,28.440000534057617,28.61333274841309,0.0,16791000,-0.0932051073563295,0.0086871920373049,WMT,Walmart,Stock
2015-02-17,23.143699645996097,28.65333366394043,0.0,28.656667709350582,28.323333740234375,28.476667404174805,0.0,15261600,0.1746708621755278,0.0305099100931422,WMT,Walmart,Stock
2015-02-18,23.232542037963867,28.76333236694336,0.0,28.766666412353516,28.50666618347168,28.65333366394043,0.0,18098100,0.3831379923070563,0.1467947211490819,WMT,Walmart,Stock
2015-02-19,22.486757278442383,27.84000015258789,0.0,28.266666412353516,27.796667098999023,28.166667938232425,0.0,55940400,-3.262739935893097,10.645471889271692,WMT,Walmart,Stock
2015-02-20,22.696762084960938,28.100000381469727,0.0,28.12666702270508,27.516666412353516,27.57666778564453,0.0,41521200,0.9295704349146888,0.8641011934674837,WMT,Walmart,Stock
2015-02-23,22.77753639221191,28.200000762939453,0.0,28.286666870117188,28.07666778564453,28.1299991607666,0.0,20191200,0.3552529446596486,0.1262046546893513,WMT,Walmart,Stock
2015-02-24,22.76945686340332,28.190000534057617,0.0,28.273332595825195,27.97333335876465,28.17333221435547,0.0,15593100,-0.035477770609343,0.0012586722074091,WMT,Walmart,Stock
2015-02-25,22.500221252441406,27.856666564941406,0.0,28.239999771118164,27.84000015258789,28.209999084472656,0.0,20425200,-1.1894884020988958,1.4148826587277843,WMT,Walmart,Stock
2015-02-26,22.5621395111084,27.933332443237305,0.0,27.953332901000977,27.75666618347168,27.950000762939453,0.0,17664300,0.2748116014597601,0.075521416296878,WMT,Walmart,Stock
2015-02-27,22.597143173217773,27.976667404174805,0.0,28.053333282470703,27.799999237060547,27.906667709350582,0.0,17632200,0.155023140487751,0.0240321740866849,WMT,Walmart,Stock
2015-03-02,22.605226516723633,27.98666763305664,0.0,28.0,27.733333587646484,27.976667404174805,0.0,18184500,0.0357651319940525,0.001279144666552,WMT,Walmart,Stock
2015-03-03,22.44637107849121,27.790000915527344,0.0,27.940000534057617,27.72333335876465,27.88666725158691,0.0,19382400,-0.7052184831553701,0.4973331089839609,WMT,Walmart,Stock
2015-03-04,22.233671188354492,27.52666664123535,0.0,27.73666763305664,27.399999618530273,27.73666763305664,0.0,18643200,-0.9521096495703348,0.9065127848049458,WMT,Walmart,Stock
2015-03-05,22.500221252441406,27.856666564941406,0.0,27.956666946411133,27.65333366394043,27.71666717529297,0.0,17992500,1.1917282587841516,1.4202162427847058,WMT,Walmart,Stock
2015-03-06,22.23637008666992,27.530000686645508,0.0,27.700000762939453,27.459999084472656,27.60333251953125,0.0,17193000,-1.1795902070020343,1.3914330564551027,WMT,Walmart,Stock
2015-03-09,22.31444549560547,27.62666702270508,0.0,27.780000686645508,27.51333236694336,27.530000686645508,0.0,14014500,0.3505008285272939,0.1228508307983194,WMT,Walmart,Stock
2015-03-10,22.096363067626953,27.356666564941406,0.0,27.5,27.356666564941406,27.42333221435547,0.0,18933300,-0.9821220913762648,0.9645638023692884,WMT,Walmart,Stock
2015-03-11,21.855304718017575,26.89666748046875,0.163333,27.323333740234375,26.84666633605957,27.273332595825195,0.0,18482700,-1.096935697313537,1.2032679240407351,WMT,Walmart,Stock
2015-03-12,22.183032989501953,27.299999237060547,0.0,27.37333297729492,26.926666259765625,26.93666648864746,0.0,15677400,1.4884045983181835,2.2153482482947138,WMT,Walmart,Stock
2015-03-13,22.183032989501953,27.299999237060547,0.0,27.416667938232425,27.09666633605957,27.316667556762695,0.0,14286600,0.0,0.0,WMT,Walmart,Stock
2015-03-16,22.559520721435547,27.76333236694336,0.0,27.790000915527344,27.479999542236328,27.483333587646484,0.0,19557300,1.6829464871566426,2.8323088786328836,WMT,Walmart,Stock
2015-03-17,22.37804794311523,27.540000915527344,0.0,27.670000076293945,27.413333892822266,27.65999984741211,0.0,14406000,-0.807670598192625,0.6523317951848326,WMT,Walmart,Stock
2015-03-18,22.353673934936523,27.510000228881836,0.0,27.65333366394043,27.053333282470703,27.32666778564453,0.0,30756900,-0.1089786378330966,0.0118763435039572,WMT,Walmart,Stock
2015-03-19,22.080108642578125,27.17333221435547,0.0,27.479999542236328,27.12333297729492,27.44333267211914,0.0,21638700,-1.2313547623304733,1.5162345507139363,WMT,Walmart,Stock
2015-03-20,22.545982360839844,27.746667861938477,0.0,27.829999923706055,27.23666763305664,27.27666664123535,0.0,37095900,2.0879742455450585,4.359636450059456,WMT,Walmart,Stock
2015-03-23,22.56494140625,27.770000457763672,0.0,27.96666717529297,27.706666946411133,27.726667404174805,0.0,19517100,0.0840552351545789,0.0070652825568915,WMT,Walmart,Stock
2015-03-24,22.494518280029297,27.683332443237305,0.0,27.90333366394043,27.65333366394043,27.729999542236328,0.0,16077300,-0.3125789081823897,0.0977055738404948,WMT,Walmart,Stock
2015-03-25,22.02594566345215,27.106666564941406,0.0,27.75,27.10333251953125,27.696666717529297,0.0,19937700,-2.10505407164947,4.431252644568011,WMT,Walmart,Stock
2015-03-26,22.180328369140625,27.296667098999023,0.0,27.43666648864746,26.88333320617676,26.976667404174805,0.0,24801600,0.6984679740881612,0.4878575108268202,WMT,Walmart,Stock
2015-03-27,22.0340633392334,27.11666679382324,0.0,27.393333435058594,27.083332061767575,27.28333282470703,0.0,17152200,-0.661619702574605,0.4377406308349088,WMT,Walmart,Stock
2015-03-30,22.353673934936523,27.510000228881836,0.0,27.600000381469727,27.143333435058594,27.233333587646484,0.0,17105100,1.4401099899491592,2.0739167831513674,WMT,Walmart,Stock
2015-03-31,22.27783966064453,27.416667938232425,0.0,27.68000030517578,27.416667938232425,27.463333129882812,0.0,16763100,-0.339824223562309,0.1154805029197262,WMT,Walmart,Stock
2015-04-01,21.8607177734375,26.90333366394043,0.0,27.426666259765625,26.809999465942383,27.426666259765625,0.0,24920100,-1.8901129966314691,3.572527140035192,WMT,Walmart,Stock
2015-04-02,21.866134643554688,26.90999984741211,0.0,27.106666564941406,26.850000381469727,26.90999984741211,0.0,17387100,0.0247759435929114,0.0006138473809191,WMT,Walmart,Stock
2015-04-06,21.93655776977539,26.996667861938477,0.0,27.11000061035156,26.71666717529297,26.81999969482422,0.0,19142100,0.3215472977465572,0.1033926646881131,WMT,Walmart,Stock
2015-04-07,21.803834915161133,26.833332061767575,0.0,27.09666633605957,26.81999969482422,27.030000686645508,0.0,19818300,-0.6068681774596556,0.368288984813204,WMT,Walmart,Stock
2015-04-08,21.94739151000977,27.010000228881836,0.0,27.07666778564453,26.786666870117188,26.796667098999023,0.0,20084100,0.6562426783068555,0.4306544528313549,WMT,Walmart,Stock
2015-04-09,21.895933151245117,26.946666717529297,0.0,27.1299991607666,26.86000061035156,26.946666717529297,0.0,11770800,-0.2347375925112172,0.0551017373379622,WMT,Walmart,Stock
2015-04-10,21.844465255737305,26.88333320617676,0.0,27.0,26.850000381469727,26.953332901000977,0.0,16440900,-0.235333564098659,0.0553818863913776,WMT,Walmart,Stock
2015-04-13,21.746957778930664,26.76333236694336,0.0,26.97333335876465,26.75666618347168,26.799999237060547,0.0,14094300,-0.4473707561955058,0.2001405934989387,WMT,Walmart,Stock
2015-04-14,21.70903587341309,26.71666717529297,0.0,26.80666732788086,26.559999465942383,26.76333236694336,0.0,16595100,-0.1745301946012447,0.0304607888275483,WMT,Walmart,Stock
2015-04-15,21.59798240661621,26.579999923706055,0.0,26.99333381652832,26.549999237060547,26.86000061035156,0.0,18601200,-0.5128670346271607,0.2630325952072572,WMT,Walmart,Stock
2015-04-16,21.46256446838379,26.413333892822266,0.0,26.6299991607666,26.37666702270508,26.5,0.0,24045300,-0.6289673238610614,0.3955998944849452,WMT,Walmart,Stock
2015-04-17,21.09419631958008,25.959999084472656,0.0,26.38333320617676,25.850000381469727,26.31333351135254,0.0,35468400,-1.731228328456792,2.997151525251298,WMT,Walmart,Stock
2015-04-20,21.164615631103516,26.046667098999023,0.0,26.27666664123535,26.00666618347168,26.1299991607666,0.0,26542800,0.333276651442533,0.1110733263967476,WMT,Walmart,Stock
2015-04-21,21.134828567504883,26.010000228881836,0.0,26.280000686645508,25.969999313354492,26.203332901000977,0.0,18600600,-0.1408390539718955,0.0198356391236985,WMT,Walmart,Stock
2015-04-22,21.243167877197266,26.143333435058594,0.0,26.213333129882812,25.850000381469727,25.90999984741211,0.0,22784100,0.5113009335334769,0.261428644632205,WMT,Walmart,Stock
2015-04-23,21.446313858032227,26.393333435058594,0.0,26.51333236694336,26.066667556762695,26.12666702270508,0.0,22406700,0.951745048289632,0.905818636943834,WMT,Walmart,Stock
2015-04-24,21.625070571899418,26.61333274841309,0.0,26.976667404174805,26.413333892822266,26.459999084472656,0.0,20603400,0.8300533756991451,0.6889886065095461,WMT,Walmart,Stock
2015-04-27,21.49776840209961,26.456666946411133,0.0,26.6200008392334,26.43000030517578,26.59000015258789,0.0,19349400,-0.5904181757716989,0.3485936222815807,WMT,Walmart,Stock
2015-04-28,21.424636840820312,26.36666679382324,0.0,26.49333381652832,26.25666618347168,26.48666763305664,0.0,14687700,-0.3407620408577656,0.1161187684895495,WMT,Walmart,Stock
2015-04-29,21.09419631958008,25.959999084472656,0.0,26.26333236694336,25.93000030517578,26.233333587646484,0.0,21325200,-1.5543567383634145,2.4160248700957516,WMT,Walmart,Stock
2015-04-30,21.14024353027344,26.016666412353516,0.0,26.15999984741211,25.86333274841309,25.94333267211914,0.0,26387700,0.2180553553098009,0.0475481379792835,WMT,Walmart,Stock
2015-05-01,21.289213180541992,26.200000762939453,0.0,26.253332138061523,26.05666732788086,26.066667556762695,0.0,14999100,0.7022020734759645,0.4930877519939439,WMT,Walmart,Stock
2015-05-04,21.446313858032227,26.393333435058594,0.0,26.516666412353516,26.15333366394043,26.32666778564453,0.0,20007600,0.7352261505079636,0.5405574923907587,WMT,Walmart,Stock
2015-05-05,21.16191291809082,26.043333053588867,0.0,26.336666107177734,26.020000457763672,26.336666107177734,0.0,17566200,-1.3349777035751067,1.7821654690426654,WMT,Walmart,Stock
2015-05-06,21.164640426635746,25.88333320617676,0.163333,26.040000915527344,25.72333335876465,25.97333335876465,0.0,16440300,0.01288793125433,0.0001660987720163,WMT,Walmart,Stock
2015-05-07,21.268211364746097,26.010000228881836,0.0,26.11333274841309,25.766666412353516,25.90999984741211,0.0,16614300,0.4881648977937088,0.2383049674379422,WMT,Walmart,Stock
2015-05-08,21.40449333190918,26.176666259765625,0.0,26.416667938232425,26.13333320617676,26.200000762939453,0.0,16042200,0.638733501745813,0.4079804862524685,WMT,Walmart,Stock
2015-05-11,21.287288665771484,26.03333282470703,0.0,26.203332901000977,26.010000228881836,26.106666564941406,0.0,11234700,-0.5490750449556351,0.3014834049930326,WMT,Walmart,Stock
2015-05-12,21.52169418334961,26.31999969482422,0.0,26.49333381652832,25.956666946411133,26.00666618347168,0.0,25347000,1.0951339868244676,1.1993184490980533,WMT,Walmart,Stock
2015-05-13,21.30364418029785,26.053333282470703,0.0,26.476667404174805,25.99333381652832,26.393333435058594,0.0,25263600,-1.0183311828593846,1.0369983979837931,WMT,Walmart,Stock
2015-05-14,21.456281661987305,26.239999771118164,0.0,26.25666618347168,26.00666618347168,26.12333297729492,0.0,18510600,0.7139307517787917,0.5096971183354307,WMT,Walmart,Stock
2015-05-15,21.5980167388916,26.413333892822266,0.0,26.416667938232425,26.190000534057617,26.23666763305664,0.0,19851600,0.6584038954582465,0.4334956895545936,WMT,Walmart,Stock
2015-05-18,21.78336524963379,26.63999938964844,0.0,26.64666748046875,26.38666725158691,26.456666946411133,0.0,24900900,0.8545123740974585,0.7301913974856749,WMT,Walmart,Stock
2015-05-19,20.83211326599121,25.476667404174805,0.0,26.1200008392334,25.40999984741211,26.059999465942383,0.0,67375800,-4.46509134447574,19.937040714512168,WMT,Walmart,Stock
2015-05-20,20.68764877319336,25.299999237060547,0.0,25.5,25.27666664123535,25.49333381652832,0.0,31625700,-0.6958858562052506,0.4842571248665147,WMT,Walmart,Stock
2015-05-21,20.744890213012695,25.3700008392334,0.0,25.47333335876465,25.18666648864746,25.266666412353516,0.0,20268600,0.276311699156901,0.0763481550909738,WMT,Walmart,Stock
2015-05-22,20.6767520904541,25.286666870117188,0.0,25.459999084472656,25.286666870117188,25.399999618530273,0.0,20445000,-0.3289979838065539,0.1082396733487775,WMT,Walmart,Stock
2015-05-26,20.415082931518555,24.96666717529297,0.0,25.27666664123535,24.940000534057617,25.25666618347168,0.0,31720800,-1.2735994671550062,1.6220556027375157,WMT,Walmart,Stock
2015-05-27,20.49412727355957,25.06333351135254,0.0,25.170000076293945,25.0,25.003332138061523,0.0,20961300,0.3864383595374743,0.1493346057220143,WMT,Walmart,Stock
2015-05-28,20.39872932434082,24.946666717529297,0.0,25.053333282470703,24.88333320617676,25.023332595825195,0.0,15076500,-0.4665759754524527,0.2176931408694077,WMT,Walmart,Stock
2015-05-29,20.243370056152344,24.75666618347168,0.0,24.959999084472656,24.71666717529297,24.940000534057617,0.0,19125300,-0.7645275578185312,0.5845023866639676,WMT,Walmart,Stock
2015-06-01,20.368745803833008,24.90999984741211,0.0,25.02666664123535,24.803333282470703,24.89666748046875,0.0,16938000,0.6174322284176618,0.3812225566887997,WMT,Walmart,Stock
2015-06-02,20.314237594604492,24.843332290649418,0.0,25.0,24.80666732788086,24.84666633605957,0.0,17393400,-0.2679658043331204,0.0718056722918961,WMT,Walmart,Stock
2015-06-03,20.412355422973633,24.963333129882812,0.0,25.066667556762695,24.823333740234375,24.899999618530273,0.0,18281400,0.4818375951954382,0.232167468143723,WMT,Walmart,Stock
2015-06-04,20.210655212402344,24.71666717529297,0.0,24.99333381652832,24.649999618530273,24.81999969482422,0.0,26948400,-0.9930424404357066,0.9861332885065038,WMT,Walmart,Stock
2015-06-05,19.91356658935547,24.35333251953125,0.0,24.75666618347168,24.32666778564453,24.72333335876465,0.0,31905300,-1.4808713486822855,2.192979951348091,WMT,Walmart,Stock
2015-06-08,19.790912628173828,24.203332901000977,0.0,24.496667861938477,24.200000762939453,24.476667404174805,0.0,28779000,-0.6178363437205259,0.3817217476219477,WMT,Walmart,Stock
2015-06-09,19.752756118774418,24.156667709350582,0.0,24.28333282470703,24.1200008392334,24.233333587646484,0.0,25006800,-0.1929842245328855,0.0372429109185591,WMT,Walmart,Stock
2015-06-10,19.87813377380371,24.309999465942383,0.0,24.44333267211914,24.11333274841309,24.23666763305664,0.0,33647400,0.6327290336195551,0.4003460299851361,WMT,Walmart,Stock
2015-06-11,19.880857467651367,24.31333351135254,0.0,24.55666732788086,24.280000686645508,24.40999984741211,0.0,22260000,0.013701020910596,0.0001877179739925,WMT,Walmart,Stock
2015-06-12,19.741846084594727,24.143333435058594,0.0,24.299999237060547,24.13333320617676,24.246667861938477,0.0,21739800,-0.7016782851669479,0.4923524158748286,WMT,Walmart,Stock
2015-06-15,19.60557556152344,23.976667404174805,0.0,24.13333320617676,23.899999618530273,24.066667556762695,0.0,22700400,-0.6926556414264664,0.4797718375999096,WMT,Walmart,Stock
2015-06-16,19.720048904418945,24.11666679382324,0.0,24.19333267211914,23.906667709350582,24.073333740234375,0.0,18646800,0.5821835903572574,0.3389377328812669,WMT,Walmart,Stock
2015-06-17,19.823617935180664,24.24333381652832,0.0,24.299999237060547,24.11333274841309,24.209999084472656,0.0,17111700,0.5238222747563722,0.2743897755309403,WMT,Walmart,Stock
2015-06-18,19.891767501831055,24.32666778564453,0.0,24.49333381652832,24.246667861938477,24.246667861938477,0.0,25129800,0.3431900901324141,0.1177794379650945,WMT,Walmart,Stock
2015-06-19,19.82634162902832,24.246667861938477,0.0,24.406667709350582,24.233333587646484,24.266666412353516,0.0,43652100,-0.3294513933878173,0.1085382206051743,WMT,Walmart,Stock
2015-06-22,19.83997344970703,24.26333236694336,0.0,24.39666748046875,24.229999542236328,24.32666778564453,0.0,19468500,0.0687324808886881,0.0047241539291138,WMT,Walmart,Stock
2015-06-23,19.78000831604004,24.190000534057617,0.0,24.31333351135254,24.11333274841309,24.296667098999023,0.0,23628900,-0.3027017014246357,0.0916283200453693,WMT,Walmart,Stock
2015-06-24,19.728225708007812,24.12666702270508,0.0,24.21666717529297,24.046667098999023,24.18666648864746,0.0,22015200,-0.2621359266669608,0.0687152440495462,WMT,Walmart,Stock
2015-06-25,19.586488723754883,23.953332901000977,0.0,24.209999084472656,23.94333267211914,24.149999618530273,0.0,15879600,-0.7210409658397942,0.5199000744191832,WMT,Walmart,Stock
2015-06-26,19.65735244750977,24.040000915527344,0.0,24.15333366394043,23.956666946411133,23.98666763305664,0.0,20693400,0.3611460991624403,0.1304265049402471,WMT,Walmart,Stock
2015-06-29,19.46656036376953,23.80666732788086,0.0,24.0,23.803333282470703,23.933332443237305,0.0,24563400,-0.9753298301832312,0.9512682776452506,WMT,Walmart,Stock
2015-06-30,19.33300018310547,23.643333435058594,0.0,23.93666648864746,23.593332290649418,23.93666648864746,0.0,33307800,-0.6884650564397112,0.4739841339385348,WMT,Walmart,Stock
2015-07-01,19.591941833496097,23.959999084472656,0.0,23.983333587646484,23.453332901000977,23.86666679382324,0.0,32321700,1.330486093339592,1.7701932445700492,WMT,Walmart,Stock
2015-07-02,19.586488723754883,23.953332901000977,0.0,24.18666648864746,23.88666725158691,24.00666618347168,0.0,19758300,-0.0278373058790985,0.0007749155986064,WMT,Walmart,Stock
2015-07-06,19.769105911254883,24.176666259765625,0.0,24.229999542236328,23.793333053588867,23.793333053588867,0.0,31609500,0.928043394453353,0.8612645419885018,WMT,Walmart,Stock
2015-07-07,20.11253547668457,24.59666633605957,0.0,24.6200008392334,24.0,24.219999313354492,0.0,37263900,1.7222864588529083,2.966270646348091,WMT,Walmart,Stock
2015-07-08,19.91356658935547,24.35333251953125,0.0,24.530000686645508,24.299999237060547,24.433332443237305,0.0,23373000,-0.9942038618051084,0.9884413188281912,WMT,Walmart,Stock
2015-07-09,19.837247848510746,24.260000228881836,0.0,24.57666778564453,24.23666763305664,24.55666732788086,0.0,26087400,-0.3839862689493203,0.1474454547416197,WMT,Walmart,Stock
2015-07-10,19.92992401123047,24.37333297729492,0.0,24.516666412353516,24.36000061035156,24.36000061035156,0.0,16737900,0.466094651259301,0.2172442239325294,WMT,Walmart,Stock
2015-07-13,20.13707160949707,24.62666702270508,0.0,24.703332901000977,24.503332138061523,24.503332138061523,0.0,18253500,1.0340153571191195,1.0691877587581806,WMT,Walmart,Stock
2015-07-14,20.11253547668457,24.59666633605957,0.0,24.696666717529297,24.49333381652832,24.65999984741211,0.0,16554600,-0.1219198776239753,0.0148644565598451,WMT,Walmart,Stock
2015-07-15,20.074378967285156,24.549999237060547,0.0,24.63333320617676,24.39666748046875,24.530000686645508,0.0,13700100,-0.1898952501999617,0.036060206048506,WMT,Walmart,Stock
2015-07-16,20.123437881469727,24.61000061035156,0.0,24.713333129882812,24.586666107177734,24.656667709350582,0.0,15695100,0.2440875768273288,0.0595787451614371,WMT,Walmart,Stock
2015-07-17,20.003517150878903,24.463333129882812,0.0,24.690000534057617,24.43666648864746,24.579999923706055,0.0,17041800,-0.5977083858630746,0.3572553145310421,WMT,Walmart,Stock
2015-07-20,19.92447280883789,24.36666679382324,0.0,24.479999542236328,24.35333251953125,24.450000762939453,0.0,15256800,-0.3959350089096937,0.1567645312803192,WMT,Walmart,Stock
2015-07-21,19.82634162902832,24.246667861938477,0.0,24.43000030517578,24.176666259765625,24.36666679382324,0.0,19323300,-0.4937326721181322,0.2437719515169111,WMT,Walmart,Stock
2015-07-22,19.94082260131836,24.38666725158691,0.0,24.606666564941406,24.260000228881836,24.260000228881836,0.0,20884800,0.5757578683643882,0.3314971229835042,WMT,Walmart,Stock
2015-07-23,19.763656616210938,24.170000076293945,0.0,24.406667709350582,24.13999938964844,24.356666564941406,0.0,12758700,-0.8924290882679313,0.7964296775867311,WMT,Walmart,Stock
2015-07-24,19.51017189025879,23.86000061035156,0.0,24.18666648864746,23.833332061767575,24.176666259765625,0.0,17853300,-1.2908761664359365,1.6663612770723395,WMT,Walmart,Stock
2015-07-27,19.455656051635746,23.793333053588867,0.0,23.88333320617676,23.670000076293945,23.793333053588867,0.0,18592800,-0.2798137602721334,0.0782957404376309,WMT,Walmart,Stock
2015-07-28,19.651899337768555,24.03333282470703,0.0,24.1299991607666,23.74333381652832,23.843332290649418,0.0,25776900,1.0036164694343943,1.007246017719959,WMT,Walmart,Stock
2015-07-29,19.687335968017575,24.07666778564453,0.0,24.209999084472656,24.030000686645508,24.083332061767575,0.0,14819100,0.1801592713147697,0.0324573630406688,WMT,Walmart,Stock
2015-07-30,19.668258666992188,24.053333282470703,0.0,24.176666259765625,23.926666259765625,24.010000228881836,0.0,13813500,-0.0969483637411301,0.0093989852320824,WMT,Walmart,Stock
2015-07-31,19.619197845458984,23.99333381652832,0.0,24.163333892822266,23.88666725158691,24.14666748046875,0.0,23785200,-0.2497532362256331,0.0623766790051769,WMT,Walmart,Stock
2015-08-03,19.6737117767334,24.059999465942383,0.0,24.12666702270508,23.946666717529297,23.946666717529297,0.0,15395400,0.2774748257374537,0.0769922789180302,WMT,Walmart,Stock
2015-08-04,19.692785263061523,24.083332061767575,0.0,24.266666412353516,23.976667404174805,24.13999938964844,0.0,17620200,0.0969021338187471,0.0093900235386263,WMT,Walmart,Stock
2015-08-05,20.17302894592285,24.503332138061523,0.163333,24.56333351135254,24.083332061767575,24.1299991607666,0.0,26147400,2.4094173171774287,5.805291808314478,WMT,Walmart,Stock
2015-08-06,19.97545051574707,24.26333236694336,0.0,24.459999084472656,24.219999313354492,24.450000762939453,0.0,19103100,-0.9842466157747308,0.9687414006640108,WMT,Walmart,Stock
2015-08-07,19.552827835083008,23.75,0.0,24.27666664123535,23.72333335876465,24.23666763305664,0.0,23392500,-2.138412311091541,4.5728072122278665,WMT,Walmart,Stock
2015-08-10,19.615947723388672,23.82666778564453,0.0,23.916667938232425,23.780000686645508,23.833332061767575,0.0,18060300,0.3222972484797347,0.1038755163776078,WMT,Walmart,Stock
2015-08-11,19.739439010620117,23.976667404174805,0.0,24.12333297729492,23.71666717529297,23.75,0.0,20487600,0.62757199349115,0.393846607014456,WMT,Walmart,Stock
2015-08-12,19.917823791503903,24.19333267211914,0.0,24.219999313354492,23.75666618347168,23.843332290649418,0.0,26524200,0.8996384087433286,0.8093492664862283,WMT,Walmart,Stock
2015-08-13,19.78884506225586,24.036666870117188,0.0,24.25666618347168,23.989999771118164,24.13333320617676,0.0,22957200,-0.6496600526248919,0.4220581839765773,WMT,Walmart,Stock
2015-08-14,19.862932205200195,24.12666702270508,0.0,24.200000762939453,24.01333236694336,24.100000381469727,0.0,17737500,0.3736893237325464,0.1396437106716878,WMT,Walmart,Stock
2015-08-17,19.733951568603516,23.969999313354492,0.0,24.07666778564453,23.920000076293945,23.94333267211914,0.0,22813200,-0.6514709263997667,0.4244143679441702,WMT,Walmart,Stock
2015-08-18,19.06709861755371,23.15999984741211,0.0,23.5,23.079999923706055,23.333332061767575,0.0,63945000,-3.43763179933049,11.81731238776818,WMT,Walmart,Stock
2015-08-19,18.817373275756836,22.856666564941406,0.0,23.1299991607666,22.59000015258789,22.956666946411133,0.0,49000200,-1.318371070648121,1.738102279921873,WMT,Walmart,Stock
2015-08-20,18.77894592285156,22.809999465942383,0.0,23.100000381469727,22.64666748046875,22.69333267211914,0.0,29580300,-0.2044208960133949,0.0417879027269192,WMT,Walmart,Stock
2015-08-21,18.26028823852539,22.18000030517578,0.0,22.770000457763672,22.18000030517578,22.63666725158691,0.0,47239500,-2.800768427662376,7.844303785390378,WMT,Walmart,Stock
2015-08-24,17.54952621459961,21.316667556762695,0.0,22.053333282470703,20.5,21.246667861938477,0.0,66718800,-3.970170705623408,15.762255431790267,WMT,Walmart,Stock
2015-08-25,17.316261291503906,21.03333282470703,0.0,21.90333366394043,21.0,21.816667556762695,0.0,44403000,-1.338093416302966,1.7904939907533424,WMT,Walmart,Stock
2015-08-26,17.791027069091797,21.61000061035156,0.0,21.61666679382324,21.00666618347168,21.40999984741211,0.0,41784900,2.7048213890947936,7.316058746904689,WMT,Walmart,Stock
2015-08-27,18.13404655456543,22.02666664123535,0.0,22.059999465942383,21.649999618530273,21.773332595825195,0.0,41738400,1.9096963517267629,3.646940155798508,WMT,Walmart,Stock
2015-08-28,17.821208953857422,21.64666748046875,0.0,22.040000915527344,21.483333587646484,22.030000686645508,0.0,42909000,-1.7401934203605096,3.0282731402660095,WMT,Walmart,Stock
2015-08-31,17.76357650756836,21.57666778564453,0.0,21.666667938232425,21.43000030517578,21.606666564941406,0.0,24525600,-0.32391650494794,0.1049219021776888,WMT,Walmart,Stock
2015-09-01,17.51384925842285,21.273332595825195,0.0,21.440000534057617,21.09000015258789,21.266666412353516,0.0,40181700,-1.4158143076338872,2.004530153700823,WMT,Walmart,Stock
2015-09-02,17.683990478515625,21.479999542236328,0.0,21.64666748046875,21.35333251953125,21.530000686645508,0.0,28543800,0.9667783396051242,0.9346603579296408,WMT,Walmart,Stock
2015-09-03,17.799253463745117,21.6200008392334,0.0,21.670000076293945,21.463333129882812,21.573333740234375,0.0,25571400,0.6496778639313772,0.422081326882437,WMT,Walmart,Stock
2015-09-04,17.533056259155273,21.296667098999023,0.0,21.433332443237305,21.170000076293945,21.356666564941406,0.0,27697200,-1.50684879385696,2.2705932875481754,WMT,Walmart,Stock
2015-09-08,18.21636962890625,22.12666702270508,0.0,22.166667938232425,21.726667404174805,21.74333381652832,0.0,53120400,3.8232591756587735,14.617310724259005,WMT,Walmart,Stock
2015-09-09,17.870607376098633,21.706666946411133,0.0,22.336666107177734,21.670000076293945,22.286666870117188,0.0,28392600,-1.916330281402647,3.672321747420749,WMT,Walmart,Stock
2015-09-10,17.59617805480957,21.37333297729492,0.0,21.549999237060547,21.27666664123535,21.356666564941406,0.0,43574400,-1.5475594697872508,2.3949403125281967,WMT,Walmart,Stock
2015-09-11,17.741621017456055,21.549999237060547,0.0,21.559999465942383,21.329999923706055,21.393333435058594,0.0,24187200,0.8231626628027271,0.6775967694324762,WMT,Walmart,Stock
2015-09-14,17.64008331298828,21.426666259765625,0.0,21.55666732788086,21.273332595825195,21.549999237060547,0.0,20870100,-0.5739575587619902,0.3294272792600234,WMT,Walmart,Stock
2015-09-15,17.65106201171875,21.440000534057617,0.0,21.566667556762695,21.350000381469727,21.49333381652832,0.0,20582400,0.0622178678737386,0.003871063082754,WMT,Walmart,Stock
2015-09-16,17.752595901489258,21.56333351135254,0.0,21.59000015258789,21.350000381469727,21.53333282470703,0.0,16876200,0.5735800994709686,0.3289941305091262,WMT,Walmart,Stock
2015-09-17,17.692224502563477,21.489999771118164,0.0,21.76333236694336,21.38666725158691,21.566667556762695,0.0,21399300,-0.3406503777875398,0.1160426798867935,WMT,Walmart,Stock
2015-09-18,17.382118225097656,21.11333274841309,0.0,21.40999984741211,21.086666107177734,21.25,0.0,38655600,-1.7683259847483843,3.1269767883363433,WMT,Walmart,Stock
2015-09-21,17.48641014099121,21.239999771118164,0.0,21.333332061767575,21.12333297729492,21.25,0.0,21358800,0.5982026301909682,0.3578463867673923,WMT,Walmart,Stock
2015-09-22,17.450727462768555,21.196666717529297,0.0,21.273332595825195,20.97333335876465,21.07666778564453,0.0,26402400,-0.2042679685705003,0.0417254029839189,WMT,Walmart,Stock
2015-09-23,17.48641014099121,21.239999771118164,0.0,21.309999465942383,21.040000915527344,21.239999771118164,0.0,17629800,0.2042679685704996,0.0417254029839186,WMT,Walmart,Stock
2015-09-24,17.5165958404541,21.27666664123535,0.0,21.32666778564453,21.100000381469727,21.1200008392334,0.0,20868600,0.1724749409340735,0.0297476052502121,WMT,Walmart,Stock
2015-09-25,17.502872467041016,21.260000228881836,0.0,21.48666763305664,21.206666946411133,21.356666564941406,0.0,21489000,-0.0783756851764825,0.0061427480268831,WMT,Walmart,Stock
2015-09-28,17.469934463500977,21.219999313354492,0.0,21.316667556762695,21.15999984741211,21.200000762939453,0.0,28183200,-0.1883635668383958,0.0354808333120828,WMT,Walmart,Stock
2015-09-29,17.502872467041016,21.260000228881836,0.0,21.34666633605957,21.07666778564453,21.25,0.0,22920300,0.1883635668383975,0.0354808333120834,WMT,Walmart,Stock
2015-09-30,17.79376792907715,21.61333274841309,0.0,21.64666748046875,21.309999465942383,21.476667404174805,0.0,23937600,1.6483271215437283,2.7169822996166326,WMT,Walmart,Stock
2015-10-01,17.637338638305664,21.42333221435547,0.0,21.64666748046875,21.293333053588867,21.586666107177734,0.0,23511600,-0.883011129687778,0.7797086551524858,WMT,Walmart,Stock
2015-10-02,17.832183837890625,21.65999984741211,0.0,21.65999984741211,21.13666725158691,21.253332138061523,0.0,21252000,1.0986737115844454,1.207083924526741,WMT,Walmart,Stock
2015-10-05,18.076419830322266,21.956666946411133,0.0,21.97333335876465,21.713333129882812,21.73666763305664,0.0,18900900,1.3603411653454405,1.850528086133391,WMT,Walmart,Stock
2015-10-06,18.02427864074707,21.893333435058594,0.0,21.983333587646484,21.726667404174805,21.84666633605957,0.0,22232700,-0.2888654682063817,0.0834432587220921,WMT,Walmart,Stock
2015-10-07,18.210891723632812,22.1200008392334,0.0,22.1200008392334,21.92333221435547,21.946666717529297,0.0,21408000,1.0300198999212524,1.0609409942337868,WMT,Walmart,Stock
2015-10-08,18.35359001159668,22.293333053588867,0.0,22.329999923706055,22.049999237060547,22.07666778564453,0.0,17923500,0.7805334885737786,0.6092325267851529,WMT,Walmart,Stock
2015-10-09,18.301454544067383,22.229999542236328,0.0,22.34000015258789,22.170000076293945,22.31333351135254,0.0,20262000,-0.2844656353212501,0.0809206976787224,WMT,Walmart,Stock
2015-10-12,18.367307662963867,22.309999465942383,0.0,22.333332061767575,22.19333267211914,22.22333335876465,0.0,16931700,0.3591786890535575,0.1290093306702321,WMT,Walmart,Stock
2015-10-13,18.31243133544922,22.24333381652832,0.0,22.31333351135254,22.086666107177734,22.206666946411133,0.0,26575200,-0.2992189691439229,0.0895319914955518,WMT,Walmart,Stock
2015-10-14,16.473772048950195,20.010000228881836,0.0,22.649999618530273,20.00666618347168,22.203332901000977,0.0,242694300,-10.58105937658162,111.9588175307458,WMT,Walmart,Stock
2015-10-15,16.28167724609375,19.77666664123535,0.0,20.156667709350582,19.536666870117188,19.899999618530273,0.0,138760500,-1.1729163192374774,1.375732691933592,WMT,Walmart,Stock
2015-10-16,16.160926818847656,19.6299991607666,0.0,19.829999923706055,19.456666946411133,19.823333740234375,0.0,78585300,-0.7443976112209953,0.5541278035915241,WMT,Walmart,Stock
2015-10-19,16.14995002746582,19.61666679382324,0.0,19.766666412353516,19.5,19.59666633605957,0.0,53417400,-0.0679448710496704,0.0046165055019563,WMT,Walmart,Stock
2015-10-20,16.12251091003418,19.583332061767575,0.0,19.666667938232425,19.523332595825195,19.6200008392334,0.0,31271100,-0.1700466790968574,0.0289158730718695,WMT,Walmart,Stock
2015-10-21,16.092334747314453,19.546667098999023,0.0,19.68000030517578,19.523332595825195,19.600000381469727,0.0,39352800,-0.187343263205991,0.0350974982686692,WMT,Walmart,Stock
2015-10-22,16.163667678833008,19.63333320617676,0.0,19.98666763305664,19.546667098999023,19.64666748046875,0.0,43765500,0.4422931698888461,0.1956232481303237,WMT,Walmart,Stock
2015-10-23,15.999018669128418,19.433332443237305,0.0,19.760000228881836,19.406667709350582,19.729999542236328,0.0,39121800,-1.0238600485825045,1.0482893990833684,WMT,Walmart,Stock
2015-10-26,15.922174453735352,19.34000015258789,0.0,19.483333587646484,19.323333740234375,19.46666717529297,0.0,32519400,-0.4814629800263076,0.2318066011358126,WMT,Walmart,Stock
2015-10-27,15.773988723754885,19.15999984741211,0.0,19.34666633605957,19.12666702270508,19.336666107177734,0.0,31534200,-0.9350457266300624,0.8743105108891415,WMT,Walmart,Stock
2015-10-28,15.817900657653809,19.213333129882812,0.0,19.239999771118164,19.053333282470703,19.219999313354492,0.0,35504100,0.2779951629263986,0.0772813106104749,WMT,Walmart,Stock
2015-10-29,15.905709266662598,19.31999969482422,0.0,19.37333297729492,19.15999984741211,19.239999771118164,0.0,38566500,0.5535866407724269,0.3064581688417,WMT,Walmart,Stock
2015-10-30,15.708125114440918,19.079999923706055,0.0,19.37333297729492,19.079999923706055,19.24333381652832,0.0,47416500,-1.2500016451669094,1.56250411291998,WMT,Walmart,Stock
2015-11-02,15.809664726257324,19.203332901000977,0.0,19.203332901000977,18.92333221435547,19.09666633605957,0.0,32157600,0.6443342863077376,0.4151666725117016,WMT,Walmart,Stock
2015-11-03,15.946879386901855,19.3700008392334,0.0,19.44333267211914,19.176666259765625,19.190000534057617,0.0,30761700,0.8641715803743881,0.7467925203267676,WMT,Walmart,Stock
2015-11-04,16.018232345581055,19.456666946411133,0.0,19.586666107177734,19.39666748046875,19.52666664123535,0.0,30169500,0.4464434711737453,0.1993117729536627,WMT,Walmart,Stock
2015-11-05,16.084091186523438,19.536666870117188,0.0,19.65999984741211,19.47333335876465,19.503332138061523,0.0,26581500,0.4103063335690651,0.1683512873668889,WMT,Walmart,Stock
2015-11-06,16.1307430267334,19.593332290649418,0.0,19.733333587646484,19.43666648864746,19.63999938964844,0.0,29931900,0.2896297557383789,0.083885395409073,WMT,Walmart,Stock
2015-11-09,16.051162719726562,19.496667861938477,0.0,19.593332290649418,19.34000015258789,19.5,0.0,25321200,-0.4945665420955102,0.2445960645603101,WMT,Walmart,Stock
2015-11-10,16.103300094604492,19.559999465942383,0.0,19.56999969482422,19.43666648864746,19.43666648864746,0.0,22844700,0.3242935257318961,0.1051662908316239,WMT,Walmart,Stock
2015-11-11,15.801434516906738,19.19333267211914,0.0,19.57666778564453,19.156667709350582,19.5,0.0,26069700,-1.8923497685258708,3.5809876464399166,WMT,Walmart,Stock
2015-11-12,15.628543853759766,18.983333587646484,0.0,19.25666618347168,18.97333335876465,19.213333129882812,0.0,28654500,-1.1001751574492644,1.2103853770685138,WMT,Walmart,Stock
2015-11-13,15.483102798461914,18.80666732788086,0.0,19.020000457763672,18.766666412353516,18.913333892822266,0.0,37544700,-0.9349689292893222,0.8741668987364215,WMT,Walmart,Stock
2015-11-16,15.881011962890623,19.290000915527344,0.0,19.343332290649418,18.786666870117188,18.796667098999023,0.0,39964800,2.537489215797437,6.438851520288292,WMT,Walmart,Stock
2015-11-17,16.443593978881836,19.97333335876465,0.0,20.299999237060547,19.733333587646484,19.780000686645508,0.0,74037900,3.481179817863705,12.118612924301576,WMT,Walmart,Stock
2015-11-18,16.72075843811035,20.309999465942383,0.0,20.356666564941406,19.850000381469727,20.01333236694336,0.0,44633100,1.6714990168701636,2.7939089633979233,WMT,Walmart,Stock
2015-11-19,16.657638549804688,20.233333587646484,0.0,20.453332901000977,20.143333435058594,20.37333297729492,0.0,34698300,-0.3782084775867235,0.1430416525184671,WMT,Walmart,Stock
2015-11-20,16.484745025634766,20.023332595825195,0.0,20.489999771118164,20.00666618347168,20.32666778564453,0.0,37113300,-1.043347363161641,1.0885737202163492,WMT,Walmart,Stock
2015-11-23,16.536895751953125,20.086666107177734,0.0,20.246667861938477,19.959999084472656,20.09666633605957,0.0,31731000,0.3158581369533184,0.0997663626796212,WMT,Walmart,Stock
2015-11-24,16.443593978881836,19.97333335876465,0.0,20.13999938964844,19.953332901000977,19.983333587646484,0.0,37361700,-0.5658013130751341,0.320131125877546,WMT,Walmart,Stock
2015-11-25,16.531404495239258,20.079999923706055,0.0,20.23666763305664,19.959999084472656,20.0,0.0,23460600,0.5325897072575193,0.2836517962766501,WMT,Walmart,Stock
2015-11-27,16.43535041809082,19.963333129882812,0.0,20.229999542236328,19.956666946411133,20.14666748046875,0.0,16022700,-0.5827346320107137,0.3395796513446619,WMT,Walmart,Stock
2015-11-30,16.147212982177734,19.61333274841309,0.0,20.020000457763672,19.57666778564453,19.956666946411133,0.0,44827800,-1.7687064328909274,3.128322445749749,WMT,Walmart,Stock
2015-12-01,16.188371658325195,19.663333892822266,0.0,19.76333236694336,19.549999237060547,19.709999084472656,0.0,36612300,0.254572161494083,0.0648069854077695,WMT,Walmart,Stock
2015-12-02,16.146869659423828,19.450000762939453,0.163333,19.76333236694336,19.440000534057617,19.536666870117188,0.0,40760700,-0.2566983885043441,0.0658940626607271,WMT,Walmart,Stock
2015-12-03,16.337797164916992,19.68000030517578,0.0,19.88666725158691,19.53333282470703,19.56333351135254,0.0,47532300,1.1755066171736872,1.3818158070191255,WMT,Walmart,Stock
2015-12-04,16.50937271118164,19.88666725158691,0.0,19.950000762939453,19.676666259765625,19.683332443237305,0.0,31305900,1.0446994817777115,1.091397007226619,WMT,Walmart,Stock
2015-12-07,16.741823196411133,20.166667938232425,0.0,20.24333381652832,19.856666564941406,19.856666564941406,0.0,34787700,1.3981708967107618,1.9548818564089756,WMT,Walmart,Stock
2015-12-08,16.49553680419922,19.8700008392334,0.0,20.163333892822266,19.833332061767575,20.023332595825195,0.0,31132800,-1.4820124099647822,2.196360783289622,WMT,Walmart,Stock
2015-12-09,16.36271095275879,19.709999084472656,0.0,20.036666870117188,19.63333320617676,19.753332138061523,0.0,26945100,-0.8084823994798891,0.653643790268759,WMT,Walmart,Stock
2015-12-10,16.48169708251953,19.85333251953125,0.0,20.030000686645508,19.696666717529297,19.709999084472656,0.0,34078200,0.7245473881945421,0.5249689177395325,WMT,Walmart,Stock
2015-12-11,16.426355361938477,19.786666870117188,0.0,19.843332290649418,19.60333251953125,19.683332443237305,0.0,29235000,-0.336341829076231,0.1131258259863445,WMT,Walmart,Stock
2015-12-14,16.71137809753418,20.1299991607666,0.0,20.14666748046875,19.690000534057617,19.766666412353516,0.0,43574700,1.7202731436178105,2.9593396886527032,WMT,Walmart,Stock
2015-12-15,16.503835678100586,19.8799991607666,0.0,20.280000686645508,19.856666564941406,20.213333129882812,0.0,43846200,-1.2496991402979394,1.5617479412614088,WMT,Walmart,Stock
2015-12-16,16.68648338317871,20.100000381469727,0.0,20.21666717529297,19.899999618530273,20.036666870117188,0.0,29881500,1.1006194216428753,1.2113631112974974,WMT,Walmart,Stock
2015-12-17,16.321189880371094,19.65999984741211,0.0,20.11000061035156,19.656667709350582,20.11000061035156,0.0,38928300,-2.2134757231844264,4.8994747771268194,WMT,Walmart,Stock
2015-12-18,16.285228729248047,19.61666679382324,0.0,19.799999237060547,19.583332061767575,19.643333435058594,0.0,48770100,-0.2205772190692486,0.0486543095723233,WMT,Walmart,Stock
2015-12-21,16.47893524169922,19.850000381469727,0.0,19.86000061035156,19.55666732788086,19.606666564941406,0.0,28936500,1.1824429249897463,1.398171270858307,WMT,Walmart,Stock
2015-12-22,16.75288963317871,20.18000030517578,0.0,20.233333587646484,19.8700008392334,19.93000030517578,0.0,27798900,1.64878455317835,2.7184905027995314,WMT,Walmart,Stock
2015-12-23,16.905088424682617,20.36333274841309,0.0,20.37333297729492,20.14666748046875,20.333332061767575,0.0,22559400,0.9043908022713923,0.8179227232330929,WMT,Walmart,Stock
2015-12-24,16.8331356048584,20.27666664123535,0.0,20.36666679382324,20.226667404174805,20.260000228881836,0.0,7448400,-0.4265365530189882,0.1819334310613201,WMT,Walmart,Stock
2015-12-28,16.81100082397461,20.25,0.0,20.323333740234375,20.166667938232425,20.19333267211914,0.0,16265100,-0.1315818233245485,0.0173137762294127,WMT,Walmart,Stock
2015-12-29,17.048982620239258,20.536666870117188,0.0,20.583332061767575,20.32666778564453,20.333332061767575,0.0,23650800,1.4057048517043964,1.9760061301052791,WMT,Walmart,Stock
2015-12-30,17.068357467651367,20.559999465942383,0.0,20.62333297729492,20.496667861938477,20.553333282470703,0.0,17150100,0.1135777258424927,0.0128998998075524,WMT,Walmart,Stock
2015-12-31,16.963197708129883,20.433332443237305,0.0,20.573333740234375,20.38999938964844,20.44333267211914,0.0,19725300,-0.6180152137422992,0.3819428044169397,WMT,Walmart,Stock
2016-01-04,17.007478713989258,20.48666763305664,0.0,20.496667861938477,20.1200008392334,20.166667938232425,0.0,35967600,0.2607014967196393,0.0679652703918601,WMT,Walmart,Stock
2016-01-05,17.4114990234375,20.97333335876465,0.0,21.016666412353516,20.61666679382324,20.676666259765625,0.0,39978000,2.3477679692187183,5.512014437289385,WMT,Walmart,Stock
2016-01-06,17.585824966430664,21.183332443237305,0.0,21.316667556762695,20.823333740234375,20.82666778564453,0.0,49693800,0.9962326538582584,0.9924795006134683,WMT,Walmart,Stock
2016-01-07,17.995380401611328,21.676666259765625,0.0,21.74333381652832,20.97333335876465,20.989999771118164,0.0,79290000,2.3021902701492283,5.300080039969776,WMT,Walmart,Stock
2016-01-08,17.583059310913086,21.18000030517578,0.0,21.803333282470703,21.13666725158691,21.69333267211914,0.0,53303700,-2.317918124928291,5.372744433871084,WMT,Walmart,Stock
2016-01-11,17.7712345123291,21.406667709350582,0.0,21.489999771118164,21.209999084472656,21.253332138061523,0.0,37961400,1.0645212112741085,1.1332054092524946,WMT,Walmart,Stock
2016-01-12,17.60520362854004,21.206666946411133,0.0,21.57666778564453,21.143333435058594,21.459999084472656,0.0,36587700,-0.9386592408305406,0.8810811703965669,WMT,Walmart,Stock
2016-01-13,17.134763717651367,20.63999938964844,0.0,21.24333381652832,20.61000061035156,21.24333381652832,0.0,41177100,-2.7085153283267824,7.336055283781138,WMT,Walmart,Stock
2016-01-14,17.450233459472656,21.020000457763672,0.0,21.206666946411133,20.606666564941406,20.666667938232425,0.0,38804700,1.8243661550957355,3.328311867858798,WMT,Walmart,Stock
2016-01-15,17.137537002563477,20.643333435058594,0.0,20.823333740234375,20.420000076293945,20.516666412353516,0.0,45523200,-1.8081823281574636,3.2695233318609453,WMT,Walmart,Stock
2016-01-19,17.311872482299805,20.85333251953125,0.0,20.933332443237305,20.670000076293945,20.75,0.0,39153900,1.0121332737170026,1.0244137637650967,WMT,Walmart,Stock
2016-01-20,16.83590316772461,20.280000686645508,0.0,20.77666664123535,20.066667556762695,20.600000381469727,0.0,52107300,-2.7878837390364333,7.772295742383764,WMT,Walmart,Stock
2016-01-21,17.123708724975586,20.62666702270508,0.0,20.93000030517578,20.303333282470703,20.32666778564453,0.0,36267600,1.6950278993698324,2.8731195796421067,WMT,Walmart,Stock
2016-01-22,17.347843170166016,20.89666748046875,0.0,21.086666107177734,20.709999084472656,20.81333351135254,0.0,27592500,1.3004207322428645,1.6910940808470678,WMT,Walmart,Stock
2016-01-25,17.558151245117188,21.149999618530273,0.0,21.273332595825195,20.850000381469727,20.926666259765625,0.0,38470200,1.20501147890482,1.452052664292381,WMT,Walmart,Stock
2016-01-26,17.710359573364258,21.333332061767575,0.0,21.489999771118164,21.086666107177734,21.1200008392334,0.0,28323600,0.863145450142623,0.7450200681019113,WMT,Walmart,Stock
2016-01-27,17.696521759033203,21.316667556762695,0.0,21.726667404174805,21.296667098999023,21.36666679382324,0.0,30642900,-0.0781645517191199,0.0061096971454509,WMT,Walmart,Stock
2016-01-28,17.7712345123291,21.406667709350582,0.0,21.503332138061523,21.143333435058594,21.343332290649418,0.0,33834900,0.4213001985974525,0.1774938573382529,WMT,Walmart,Stock
2016-01-29,18.363428115844727,22.1200008392334,0.0,22.176666259765625,21.579999923706055,21.583332061767575,0.0,49317300,3.2779972846357723,10.745266198079497,WMT,Walmart,Stock
2016-02-01,18.67888641357422,22.5,0.0,22.643333435058594,21.963333129882812,21.969999313354492,0.0,44185200,1.7032732877108645,2.901139892629377,WMT,Walmart,Stock
2016-02-02,18.501789093017575,22.286666870117188,0.0,22.61333274841309,22.093332290649418,22.433332443237305,0.0,40757700,-0.9526382050296828,0.907519549682176,WMT,Walmart,Stock
2016-02-03,18.338525772094727,22.09000015258789,0.0,22.5,21.690000534057617,22.43666648864746,0.0,36946800,-0.8863354742593581,0.7855905729305612,WMT,Walmart,Stock
2016-02-04,18.380027770996097,22.13999938964844,0.0,22.183332443237305,21.670000076293945,21.920000076293945,0.0,38500200,0.2260547465512445,0.0511007484383473,WMT,Walmart,Stock
2016-02-05,18.54053497314453,22.333332061767575,0.0,22.510000228881836,21.959999084472656,22.286666870117188,0.0,42589500,0.8694786937336975,0.7559931988568569,WMT,Walmart,Stock
2016-02-08,18.512855529785156,22.299999237060547,0.0,22.38333320617676,21.719999313354492,22.166667938232425,0.0,62230800,-0.1494030539842623,0.0223212725398244,WMT,Walmart,Stock
2016-02-09,18.21122169494629,21.93666648864746,0.0,22.13666725158691,21.559999465942383,21.829999923706055,0.0,43927200,-1.6427403536612828,2.6985958695471965,WMT,Walmart,Stock
2016-02-10,18.205699920654297,21.93000030517578,0.0,22.196666717529297,21.88333320617676,22.06333351135254,0.0,29127900,-0.0303253217973481,0.0009196251421127,WMT,Walmart,Stock
2016-02-11,18.075634002685547,21.773332595825195,0.0,21.920000076293945,21.593332290649418,21.67333221435547,0.0,33560100,-0.7169883854722121,0.5140723449020494,WMT,Walmart,Stock
2016-02-12,18.31361389160156,22.059999465942383,0.0,22.083332061767575,21.62333297729492,21.84000015258789,0.0,29086500,1.307986812237237,1.7108295009865289,WMT,Walmart,Stock
2016-02-16,18.23612594604492,21.96666717529297,0.0,22.266666412353516,21.833332061767575,22.203332901000977,0.0,34081500,-0.4240142993953503,0.1797881260917298,WMT,Walmart,Stock
2016-02-17,18.294246673583984,22.036666870117188,0.0,22.203332901000977,21.93666648864746,22.03333282470703,0.0,37280100,0.3182052216428775,0.1012545630807928,WMT,Walmart,Stock
2016-02-18,17.74356460571289,21.37333297729492,0.0,21.593332290649418,20.78333282470703,21.246667861938477,0.0,83683800,-3.05637282380545,9.3414148380965,WMT,Walmart,Stock
2016-02-19,17.892988204956055,21.553333282470703,0.0,21.59000015258789,21.14666748046875,21.296667098999023,0.0,46686900,0.8386022953752124,0.7032538098085749,WMT,Walmart,Stock
2016-02-22,18.161415100097656,21.87666702270508,0.0,22.046667098999023,21.553333282470703,21.553333282470703,0.0,31761900,1.4890378440699226,2.217233701072403,WMT,Walmart,Stock
2016-02-23,18.396629333496097,22.15999984741211,0.0,22.200000762939453,21.760000228881836,21.946666717529297,0.0,34296000,1.2868165285527713,1.6558967781566052,WMT,Walmart,Stock
2016-02-24,18.573732376098633,22.37333297729492,0.0,22.44333267211914,21.906667709350582,22.06333351135254,0.0,30873600,0.9580885290328366,0.9179336294643046,WMT,Walmart,Stock
2016-02-25,18.828323364257812,22.68000030517578,0.0,22.709999084472656,22.44333267211914,22.483333587646484,0.0,28743900,1.3613953311357734,1.853397247638282,WMT,Walmart,Stock
2016-02-26,18.40493392944336,22.170000076293945,0.0,22.733333587646484,22.100000381469727,22.69333267211914,0.0,32952900,-2.274352102971817,5.172677488292326,WMT,Walmart,Stock
2016-02-29,18.357887268066406,22.11333274841309,0.0,22.316667556762695,22.073333740234375,22.209999084472656,0.0,28035600,-0.255947098332429,0.06550891714479,WMT,Walmart,Stock
2016-03-01,18.39109992980957,22.15333366394043,0.0,22.296667098999023,22.0,22.21666717529297,0.0,31288500,0.1807542102156648,0.0326720845106887,WMT,Walmart,Stock
2016-03-02,18.321916580200195,22.06999969482422,0.0,22.22333335876465,22.0,22.06999969482422,0.0,27496800,-0.3768877530564178,0.1420443784039153,WMT,Walmart,Stock
2016-03-03,18.30254173278809,22.046667098999023,0.0,22.066667556762695,21.62666702270508,21.983333587646484,0.0,35540400,-0.105802789239479,0.0111942302108536,WMT,Walmart,Stock
2016-03-04,18.479646682739254,22.260000228881836,0.0,22.426666259765625,22.030000686645508,22.046667098999023,0.0,30031500,0.9630004426592776,0.9273698525619648,WMT,Walmart,Stock
2016-03-07,18.78681373596191,22.6299991607666,0.0,22.82666778564453,22.09000015258789,22.206666946411133,0.0,38476200,1.6485279587250428,2.717644430698156,WMT,Walmart,Stock
2016-03-08,18.828323364257812,22.68000030517578,0.0,22.823333740234375,22.496667861938477,22.57666778564453,0.0,30203700,0.2207071320001686,0.0487116381157398,WMT,Walmart,Stock
2016-03-09,18.825531005859375,22.510000228881836,0.166667,22.663333892822266,22.37333297729492,22.59666633605957,0.0,23474400,-0.0148317267927381,0.0002199801196544,WMT,Walmart,Stock
2016-03-10,18.792081832885746,22.469999313354492,0.0,22.68000030517578,22.13333320617676,22.516666412353516,0.0,30677400,-0.1778378757452539,0.0316263100495843,WMT,Walmart,Stock
2016-03-11,18.725173950195312,22.38999938964844,0.0,22.64666748046875,22.266666412353516,22.59000015258789,0.0,24872700,-0.3566782923060269,0.1272194042023435,WMT,Walmart,Stock
2016-03-14,18.77814483642578,22.453332901000977,0.0,22.55666732788086,22.31999969482422,22.38333320617676,0.0,20137500,0.2824865807578144,0.0797986683082412,WMT,Walmart,Stock
2016-03-15,18.98164749145508,22.696666717529297,0.0,22.78333282470703,22.333332061767575,22.333332061767575,0.0,22700700,1.0778905963512224,1.161848137702394,WMT,Walmart,Stock
2016-03-16,18.95377540588379,22.663333892822266,0.0,22.780000686645508,22.416667938232425,22.64666748046875,0.0,24654000,-0.146944931453758,0.0215928128799496,WMT,Walmart,Stock
2016-03-17,18.803234100341797,22.483333587646484,0.0,22.97333335876465,22.420000076293945,22.606666564941406,0.0,35514300,-0.7974259891795723,0.6358882082190194,WMT,Walmart,Stock
2016-03-18,18.663848876953125,22.316667556762695,0.0,22.676666259765625,22.25,22.49333381652832,0.0,69459300,-0.7440444002830263,0.5536020695925283,WMT,Walmart,Stock
2016-03-21,18.94819068908691,22.656667709350582,0.0,22.793333053588867,22.323333740234375,22.343332290649418,0.0,28247400,1.5120011169541692,2.2861473776706553,WMT,Walmart,Stock
2016-03-22,18.920320510864254,22.62333297729492,0.0,22.893333435058594,22.59666633605957,22.666667938232425,0.0,22543500,-0.1471945020891361,0.0216662214452686,WMT,Walmart,Stock
2016-03-23,18.8060245513916,22.48666763305664,0.0,22.700000762939453,22.479999542236328,22.670000076293945,0.0,18331800,-0.6059230438301076,0.3671427350443425,WMT,Walmart,Stock
2016-03-24,18.956562042236328,22.666667938232425,0.0,22.68000030517578,22.459999084472656,22.476667404174805,0.0,18914100,0.7972880136432143,0.6356681766991423,WMT,Walmart,Stock
2016-03-28,18.99001121520996,22.706666946411133,0.0,22.86000061035156,22.643333435058594,22.643333435058594,0.0,16810500,0.1762961910164094,0.0310803469668943,WMT,Walmart,Stock
2016-03-29,18.96492576599121,22.676666259765625,0.0,22.73666763305664,22.476667404174805,22.71666717529297,0.0,19473000,-0.1321854539441001,0.0174729942344078,WMT,Walmart,Stock
2016-03-30,19.17956924438477,22.933332443237305,0.0,23.0,22.76333236694336,22.77666664123535,0.0,21625500,1.1254349750822303,1.2666038831383404,WMT,Walmart,Stock
2016-03-31,19.09315490722656,22.829999923706055,0.0,23.06333351135254,22.823333740234375,22.916667938232425,0.0,18850500,-0.4515721622570671,0.2039174177255229,WMT,Walmart,Stock
2016-04-01,19.25206184387207,23.020000457763672,0.0,23.066667556762695,22.67333221435547,22.67333221435547,0.0,19807200,0.8288274772760014,0.6869549870877005,WMT,Walmart,Stock
2016-04-04,19.263208389282227,23.03333282470703,0.0,23.12333297729492,22.97333335876465,23.0,0.0,20470200,0.0578811762393141,0.0033502305628465,WMT,Walmart,Stock
2016-04-05,19.134971618652344,22.8799991607666,0.0,23.083332061767575,22.75666618347168,23.010000228881836,0.0,17337000,-0.6679339872957143,0.4461358113847514,WMT,Walmart,Stock
2016-04-06,19.24648094177246,23.01333236694336,0.0,23.020000457763672,22.84000015258789,22.899999618530273,0.0,16088100,0.5810600142652266,0.3376307401779053,WMT,Walmart,Stock
2016-04-07,19.017885208129883,22.739999771118164,0.0,22.976667404174805,22.64666748046875,22.94333267211914,0.0,18331500,-1.1948372662783018,1.4276360928874057,WMT,Walmart,Stock
2016-04-08,18.973278045654297,22.68666648864746,0.0,22.796667098999023,22.6200008392334,22.770000457763672,0.0,19548000,-0.2348292558265327,0.0551447793920431,WMT,Walmart,Stock
2016-04-11,18.789295196533203,22.46666717529297,0.0,22.790000915527344,22.459999084472656,22.670000076293945,0.0,23596200,-0.9744267357764828,0.9495074633960112,WMT,Walmart,Stock
2016-04-12,19.17956924438477,22.933332443237305,0.0,22.956666946411133,22.483333587646484,22.523332595825195,0.0,23203800,2.055830739653567,4.226440030104532,WMT,Walmart,Stock
2016-04-13,19.27715301513672,23.049999237060547,0.0,23.13999938964844,22.956666946411133,23.003332138061523,0.0,18788100,0.5075002468373837,0.2575565005400054,WMT,Walmart,Stock
2016-04-14,19.17956924438477,22.933332443237305,0.0,23.079999923706055,22.71666717529297,23.049999237060547,0.0,20931300,-0.5075002468373757,0.2575565005399973,WMT,Walmart,Stock
2016-04-15,19.25206184387207,23.020000457763672,0.0,23.13666725158691,22.979999542236328,22.979999542236328,0.0,22753500,0.3772553150189293,0.1423215727100315,WMT,Walmart,Stock
2016-04-18,19.47507667541504,23.286666870117188,0.0,23.299999237060547,22.950000762939453,23.016666412353516,0.0,19868700,1.1517365098584376,1.3264969881408948,WMT,Walmart,Stock
2016-04-19,19.449989318847656,23.25666618347168,0.0,23.36000061035156,23.166667938232425,23.26333236694336,0.0,24598200,-0.1289007964416607,0.0166154153232944,WMT,Walmart,Stock
2016-04-20,19.293872833251953,23.06999969482422,0.0,23.329999923706055,23.043333053588867,23.253332138061523,0.0,16237500,-0.8058945177851303,0.6494659737961277,WMT,Walmart,Stock
2016-04-21,19.087587356567383,22.823333740234375,0.0,23.226667404174805,22.746667861938477,23.156667709350582,0.0,19852800,-1.074932855521867,1.1554806438803948,WMT,Walmart,Stock
2016-04-22,19.15727806091309,22.906667709350582,0.0,22.979999542236328,22.760000228881836,22.940000534057617,0.0,18645300,0.3644451652325107,0.132820278461352,WMT,Walmart,Stock
2016-04-25,19.36635398864746,23.156667709350582,0.0,23.166667938232425,22.68666648864746,22.850000381469727,0.0,17688600,1.08545310708623,1.1782084476831505,WMT,Walmart,Stock
2016-04-26,19.31896209716797,23.100000381469727,0.0,23.296667098999023,23.03333282470703,23.233333587646484,0.0,19945200,-0.2450124232284137,0.0600310875362593,WMT,Walmart,Stock
2016-04-27,19.35241317749023,23.13999938964844,0.0,23.260000228881836,22.996667861938477,23.163333892822266,0.0,15441900,0.1730018052258896,0.0299296246114166,WMT,Walmart,Stock
2016-04-28,19.21024703979492,22.969999313354492,0.0,23.206666946411133,22.916667938232425,23.023332595825195,0.0,14330700,-0.7373287059025764,0.543653620547968,WMT,Walmart,Stock
2016-04-29,18.641542434692383,22.290000915527344,0.0,22.940000534057617,22.1200008392334,22.90999984741211,0.0,36297000,-3.0051282179607086,9.030795606383704,WMT,Walmart,Stock
2016-05-02,18.842262268066406,22.530000686645508,0.0,22.566667556762695,22.176666259765625,22.206666946411133,0.0,22829100,1.070978538602536,1.146995030147224,WMT,Walmart,Stock
2016-05-03,18.677783966064453,22.333332061767575,0.0,22.5,22.25,22.286666870117188,0.0,17767800,-0.876754546584553,0.768698534956685,WMT,Walmart,Stock
2016-05-04,18.73075485229492,22.39666748046875,0.0,22.496667861938477,22.14666748046875,22.28333282470703,0.0,18088500,0.2832023025087485,0.0802035441462567,WMT,Walmart,Stock
2016-05-05,18.736331939697266,22.40333366394043,0.0,22.416667938232425,22.19333267211914,22.323333740234375,0.0,24273000,0.0297705955869963,0.0008862883616044,WMT,Walmart,Stock
2016-05-06,19.026254653930664,22.75,0.0,22.753332138061523,22.266666412353516,22.303333282470703,0.0,29476200,1.5355325840089145,2.357860316553094,WMT,Walmart,Stock
2016-05-09,19.22139358520508,22.983333587646484,0.0,23.03333282470703,22.719999313354492,22.75,0.0,25968600,1.020405873075538,1.0412281458070511,WMT,Walmart,Stock
2016-05-10,19.176786422729492,22.93000030517578,0.0,23.043333053588867,22.816667556762695,22.97333335876465,0.0,19208700,-0.2323400876440873,0.0539819163264622,WMT,Walmart,Stock
2016-05-11,18.64885902404785,22.13666725158691,0.166667,22.5,21.8700008392334,22.489999771118164,0.0,43792500,-2.791554118868297,7.792774398570555,WMT,Walmart,Stock
2016-05-12,18.772415161132812,22.28333282470703,0.0,22.350000381469727,22.12666702270508,22.183332443237305,0.0,28600500,0.6603547782167993,0.4360684331137582,WMT,Walmart,Stock
2016-05-13,18.236061096191406,21.64666748046875,0.0,22.183332443237305,21.549999237060547,22.15999984741211,0.0,41234100,-2.898750101308977,8.402752149838804,WMT,Walmart,Stock
2016-05-16,18.53933334350586,22.00666618347168,0.0,22.11666679382324,21.559999465942383,21.6200008392334,0.0,30545400,1.6493589099312185,2.7203848137694964,WMT,Walmart,Stock
2016-05-17,18.28099822998047,21.700000762939453,0.0,22.09000015258789,21.62666702270508,22.020000457763672,0.0,27758100,-1.4032429449470318,1.9690907625436187,WMT,Walmart,Stock
2016-05-18,17.7333984375,21.049999237060547,0.0,21.260000228881836,20.906667709350582,21.00666618347168,0.0,66767700,-3.041239334169439,9.249136687699371,WMT,Walmart,Stock
2016-05-19,19.432329177856445,23.066667556762695,0.0,23.11000061035156,22.5,22.700000762939453,0.0,105230100,9.148835258454309,83.70118658633669,WMT,Walmart,Stock
2016-05-20,19.6176700592041,23.286666870117188,0.0,23.3799991607666,22.950000762939453,23.11000061035156,0.0,50239800,0.9492562187080756,0.9010873687559536,WMT,Walmart,Stock
2016-05-23,19.516572952270508,23.166667938232425,0.0,23.35333251953125,23.14666748046875,23.200000762939453,0.0,30299400,-0.5166694130278704,0.2669472823585641,WMT,Walmart,Stock
2016-05-24,19.724382400512695,23.413333892822266,0.0,23.47333335876465,23.183332443237305,23.21666717529297,0.0,26484000,1.0591556146412269,1.1218106160260346,WMT,Walmart,Stock
2016-05-25,19.791770935058594,23.49333381652832,0.0,23.666667938232425,23.413333892822266,23.416667938232425,0.0,21791700,0.3410686222414227,0.1163278050776623,WMT,Walmart,Stock
2016-05-26,19.895673751831055,23.61666679382324,0.0,23.793333053588867,23.53333282470703,23.56333351135254,0.0,26081700,0.5236066719780201,0.274163946939898,WMT,Walmart,Stock
2016-05-27,19.86758804321289,23.583332061767575,0.0,23.6299991607666,23.496667861938477,23.6200008392334,0.0,17321100,-0.1412646348456583,0.0199556970580771,WMT,Walmart,Stock
2016-05-31,19.87601661682129,23.593332290649418,0.0,23.666667938232425,23.49333381652832,23.52666664123535,0.0,25170600,0.0424147422301397,0.0017990103584492,WMT,Walmart,Stock
2016-06-01,19.79738998413086,23.5,0.0,23.63666725158691,23.469999313354492,23.5,0.0,21662700,-0.3963699735826615,0.1571091559579198,WMT,Walmart,Stock
2016-06-02,19.923755645751953,23.649999618530273,0.0,23.666667938232425,23.38333320617676,23.5,0.0,19526100,0.6362660790709453,0.4048345233763145,WMT,Walmart,Stock
2016-06-03,19.901288986206055,23.62333297729492,0.0,23.683332443237305,23.50666618347168,23.523332595825195,0.0,19123500,-0.1128268010084657,0.0127298870258039,WMT,Walmart,Stock
2016-06-06,19.951831817626953,23.683332443237305,0.0,23.850000381469727,23.666667938232425,23.84000015258789,0.0,27054000,0.2536456744124538,0.0643361281481485,WMT,Walmart,Stock
2016-06-07,19.94622230529785,23.676666259765625,0.0,23.770000457763672,23.61666679382324,23.700000762939453,0.0,22090200,-0.0281192278138643,0.000790690972848,WMT,Walmart,Stock
2016-06-08,20.016420364379883,23.760000228881836,0.0,23.816667556762695,23.600000381469727,23.61666679382324,0.0,18417000,0.35131876469638,0.1234248744277904,WMT,Walmart,Stock
2016-06-09,19.96306610107422,23.696666717529297,0.0,23.86333274841309,23.61666679382324,23.786666870117188,0.0,18209700,-0.2669083557461047,0.0712400703670892,WMT,Walmart,Stock
2016-06-10,19.97710418701172,23.713333129882812,0.0,23.803333282470703,23.559999465942383,23.666667938232425,0.0,22534200,0.0702955766803989,0.0049414681008298,WMT,Walmart,Stock
2016-06-13,19.805818557739254,23.510000228881836,0.0,23.726667404174805,23.496667861938477,23.666667938232425,0.0,23722800,-0.861106604857219,0.7415045849287267,WMT,Walmart,Stock
2016-06-14,19.923755645751953,23.649999618530273,0.0,23.72333335876465,23.399999618530273,23.553333282470703,0.0,27199200,0.5937009736364125,0.3524808460968242,WMT,Walmart,Stock
2016-06-15,19.97148895263672,23.706666946411133,0.0,23.8700008392334,23.666667938232425,23.733333587646484,0.0,24051000,0.2392933300323757,0.0572612977979834,WMT,Walmart,Stock
2016-06-16,20.022035598754883,23.766666412353516,0.0,23.81999969482422,23.600000381469727,23.666667938232425,0.0,20115600,0.2527742858328246,0.0638948395782945,WMT,Walmart,Stock
2016-06-17,19.923755645751953,23.649999618530273,0.0,23.770000457763672,23.46666717529297,23.683332443237305,0.0,54177900,-0.4920676158651922,0.2421305385832543,WMT,Walmart,Stock
2016-06-20,19.965879440307617,23.700000762939453,0.0,23.926666259765625,23.683332443237305,23.770000457763672,0.0,21427500,0.2112017827336114,0.0446061930298555,WMT,Walmart,Stock
2016-06-21,20.06696891784668,23.81999969482422,0.0,23.906667709350582,23.649999618530273,23.649999618530273,0.0,20024400,0.5050337238033357,0.2550590621786639,WMT,Walmart,Stock
2016-06-22,20.148408889770508,23.916667938232425,0.0,24.083332061767575,23.856666564941406,23.86666679382324,0.0,25372500,0.405019610371111,0.1640408847851666,WMT,Walmart,Stock
2016-06-23,20.24668884277344,24.03333282470703,0.0,24.079999923706055,23.93000030517578,24.066667556762695,0.0,20910600,0.4865944257468597,0.2367741351679162,WMT,Walmart,Stock
2016-06-24,20.20737648010254,23.98666763305664,0.0,24.239999771118164,23.503332138061523,23.516666412353516,0.0,45361200,-0.1943556215280051,0.0377741076195371,WMT,Walmart,Stock
2016-06-27,20.078201293945312,23.833332061767575,0.0,23.92333221435547,23.62666702270508,23.8799991607666,0.0,33910200,-0.64129962137782,0.4112652043793353,WMT,Walmart,Stock
2016-06-28,20.08101272583008,23.836666107177734,0.0,23.956666946411133,23.55666732788086,23.920000076293945,0.0,25683600,0.0140014288525474,0.0001960400099129,WMT,Walmart,Stock
2016-06-29,20.34778213500977,24.15333366394043,0.0,24.163333892822266,23.85333251953125,23.87666702270508,0.0,21044100,1.319719184955304,1.741658727139092,WMT,Walmart,Stock
2016-06-30,20.505043029785156,24.34000015258789,0.0,24.39666748046875,24.106666564941406,24.190000534057617,0.0,26140800,0.7698937389308184,0.592736369244875,WMT,Walmart,Stock
2016-07-01,20.44606590270996,24.270000457763672,0.0,24.38999938964844,24.13999938964844,24.37666702270508,0.0,22916400,-0.2880369757403567,0.0829652993936508,WMT,Walmart,Stock
2016-07-05,20.538726806640625,24.3799991607666,0.0,24.540000915527344,24.226667404174805,24.25,0.0,32245800,0.4521728947940209,0.2044603267864047,WMT,Walmart,Stock
2016-07-06,20.729690551757812,24.606666564941406,0.0,24.65999984741211,24.38999938964844,24.420000076293945,0.0,33188100,0.9254782245529264,0.8565099441216371,WMT,Walmart,Stock
2016-07-07,20.648256301879883,24.510000228881836,0.0,24.643333435058594,24.38333320617676,24.57666778564453,0.0,23378400,-0.3936123525162739,0.1549306840533954,WMT,Walmart,Stock
2016-07-08,20.735305786132812,24.61333274841309,0.0,24.61666679382324,24.413333892822266,24.606666564941406,0.0,27382800,0.4206965676628019,0.1769856020432625,WMT,Walmart,Stock
2016-07-11,20.797080993652344,24.68666648864746,0.0,24.78333282470703,24.5,24.55666732788086,0.0,27120300,0.2974799084066696,0.0884942959056405,WMT,Walmart,Stock
2016-07-12,20.57523536682129,24.42333221435547,0.0,24.57666778564453,24.333332061767575,24.520000457763672,0.0,37083600,-1.0724454061110569,1.1501391490887096,WMT,Walmart,Stock
2016-07-13,20.67352867126465,24.540000915527344,0.0,24.543333053588867,24.31333351135254,24.416667938232425,0.0,19197000,0.4765887792555673,0.2271368645123118,WMT,Walmart,Stock
2016-07-14,20.69599342346191,24.566667556762695,0.0,24.703332901000977,24.536666870117188,24.59666633605957,0.0,19939200,0.10860533681752,0.0117951191852469,WMT,Walmart,Stock
2016-07-15,20.687570571899418,24.55666732788086,0.0,24.670000076293945,24.479999542236328,24.65999984741211,0.0,17984400,-0.0407062653170747,0.001657000036064,WMT,Walmart,Stock
2016-07-18,20.735305786132812,24.61333274841309,0.0,24.726667404174805,24.510000228881836,24.546667098999023,0.0,16371900,0.2304776469483642,0.0531199457428548,WMT,Walmart,Stock
2016-07-19,20.684757232666016,24.553333282470703,0.0,24.65333366394043,24.52666664123535,24.546667098999023,0.0,14394300,-0.2440777482094125,0.0595739471709774,WMT,Walmart,Stock
2016-07-20,20.721263885498047,24.59666633605957,0.0,24.703332901000977,24.543333053588867,24.62666702270508,0.0,15846000,0.1763350416469277,0.0310940469126237,WMT,Walmart,Stock
2016-07-21,20.645442962646484,24.50666618347168,0.0,24.553333282470703,24.3799991607666,24.476667404174805,0.0,13175700,-0.3665798587118706,0.134380792813215,WMT,Walmart,Stock
2016-07-22,20.653873443603516,24.516666412353516,0.0,24.63666725158691,24.47333335876465,24.586666107177734,0.0,12949800,0.0408262499611443,0.0016667826858898,WMT,Walmart,Stock
2016-07-25,20.710039138793945,24.583332061767575,0.0,24.61000061035156,24.469999313354492,24.516666412353516,0.0,14202000,0.2715687477428496,0.0737495847506195,WMT,Walmart,Stock
2016-07-26,20.704418182373047,24.57666778564453,0.0,24.690000534057617,24.469999313354492,24.56999969482422,0.0,15744900,-0.0271448997234084,0.0007368455809939,WMT,Walmart,Stock
2016-07-27,20.58928680419922,24.440000534057617,0.0,24.606666564941406,24.3799991607666,24.553333282470703,0.0,17333700,-0.557623378863085,0.3109438326546836,WMT,Walmart,Stock
2016-07-28,20.566814422607425,24.413333892822266,0.0,24.440000534057617,24.156667709350582,24.3799991607666,0.0,13809600,-0.109205600896489,0.0119258632671632,WMT,Walmart,Stock
2016-07-29,20.49099349975586,24.323333740234375,0.0,24.416667938232425,24.253332138061523,24.38999938964844,0.0,18906600,-0.3693378330602698,0.1364104349296557,WMT,Walmart,Stock
2016-08-01,20.71845245361328,24.593332290649418,0.0,24.663333892822266,24.270000457763672,24.270000457763672,0.0,17605200,1.103927793948147,1.2186565742512228,WMT,Walmart,Stock
2016-08-02,20.535926818847656,24.37666702270508,0.0,24.573333740234375,24.209999084472656,24.566667556762695,0.0,19539300,-0.884884606164793,0.7830207662274209,WMT,Walmart,Stock
2016-08-03,20.482566833496097,24.31333351135254,0.0,24.46666717529297,24.170000076293945,24.333332061767575,0.0,19704300,-0.2601754023628854,0.0676912399946893,WMT,Walmart,Stock
2016-08-04,20.583667755126953,24.433332443237305,0.0,24.496667861938477,24.196666717529297,24.266666412353516,0.0,14834700,0.49238079361372,0.2424388459196768,WMT,Walmart,Stock
2016-08-05,20.71283912658691,24.586666107177734,0.0,24.649999618530273,24.48666763305664,24.48666763305664,0.0,16246200,0.6255821737809483,0.3913530561524965,WMT,Walmart,Stock
2016-08-08,20.594898223876953,24.446666717529297,0.0,24.690000534057617,24.34666633605957,24.666667938232425,0.0,19731600,-0.5710369570574427,0.3260832063254237,WMT,Walmart,Stock
2016-08-09,20.651060104370117,24.51333236694336,0.0,24.62666702270508,24.36000061035156,24.453332901000977,0.0,19283700,0.2723268774853036,0.0741619282008955,WMT,Walmart,Stock
2016-08-10,20.908355712890625,24.649999618530273,0.166667,24.836666107177734,24.463333129882812,24.523332595825195,0.0,24156900,1.2382219086511874,1.5331934950637895,WMT,Walmart,Stock
2016-08-11,20.865947723388672,24.600000381469727,0.0,24.933332443237305,24.510000228881836,24.833332061767575,0.0,18870900,-0.2030339255555238,0.041222774926486,WMT,Walmart,Stock
2016-08-12,20.891386032104492,24.6299991607666,0.0,24.706666946411133,24.520000457763672,24.600000381469727,0.0,29982600,0.1218387745330437,0.0148446869797138,WMT,Walmart,Stock
2016-08-15,20.730228424072266,24.440000534057617,0.0,24.670000076293945,24.3700008392334,24.60333251953125,0.0,28908300,-0.7743977042276661,0.5996918043130798,WMT,Walmart,Stock
2016-08-16,20.608657836914062,24.296667098999023,0.0,24.43666648864746,24.06999969482422,24.196666717529297,0.0,29289900,-0.5881674550165236,0.3459409551406143,WMT,Walmart,Stock
2016-08-17,20.61996078491211,24.309999465942383,0.0,24.316667556762695,23.996667861938477,23.996667861938477,0.0,43029900,0.0548305941797305,0.0030063940581023,WMT,Walmart,Stock
2016-08-18,21.007308959960938,24.766666412353516,0.0,25.06333351135254,24.309999465942383,24.309999465942383,0.0,80574900,1.8610846093621003,3.4636359232044813,WMT,Walmart,Stock
2016-08-19,20.586030960083008,24.270000457763672,0.0,24.76333236694336,24.22333335876465,24.700000762939453,0.0,46039200,-2.0257685840007635,4.103738355924459,WMT,Walmart,Stock
2016-08-22,20.554931640625,24.233333587646484,0.0,24.3799991607666,24.149999618530273,24.35333251953125,0.0,30936300,-0.151184237876973,0.0228566737824411,WMT,Walmart,Stock
2016-08-23,20.34853744506836,23.989999771118164,0.0,24.356666564941406,23.98666763305664,24.296667098999023,0.0,28174200,-1.0091855378592756,1.0184554498243152,WMT,Walmart,Stock
2016-08-24,20.422042846679688,24.07666778564453,0.0,24.25,23.920000076293945,23.989999771118164,0.0,30152100,0.3605809911342675,0.1300186511673707,WMT,Walmart,Stock
2016-08-25,20.1364803314209,23.739999771118164,0.0,24.19333267211914,23.683332443237305,24.12333297729492,0.0,31542600,-1.408173728607061,1.9829532499391127,WMT,Walmart,Stock
2016-08-26,20.113862991333008,23.713333129882812,0.0,23.89666748046875,23.6299991607666,23.803333282470703,0.0,30115500,-0.1123833517990536,0.0126300177615898,WMT,Walmart,Stock
2016-08-29,20.187376022338867,23.799999237060547,0.0,23.88666725158691,23.700000762939453,23.713333129882812,0.0,22404300,0.3648181263825045,0.133092265337241,WMT,Walmart,Stock
2016-08-30,20.16192626953125,23.770000457763672,0.0,23.920000076293945,23.71666717529297,23.799999237060547,0.0,17322600,-0.1261471933189666,0.0159131143822527,WMT,Walmart,Stock
2016-08-31,20.198692321777344,23.81333351135254,0.0,23.8799991607666,23.71666717529297,23.81999969482422,0.0,18934800,0.1821878043446246,0.0331923960519152,WMT,Walmart,Stock
2016-09-01,20.59451484680176,24.280000686645508,0.0,24.286666870117188,23.803333282470703,23.856666564941406,0.0,35284200,1.9406905000786088,3.766279617095361,WMT,Walmart,Stock
2016-09-02,20.498388290405273,24.166667938232425,0.0,24.39666748046875,24.13999938964844,24.329999923706055,0.0,24248700,-0.467850769334912,0.218884342367269,WMT,Walmart,Stock
2016-09-06,20.63975524902344,24.333332061767575,0.0,24.36000061035156,24.066667556762695,24.253332138061523,0.0,28712700,0.6872819379685164,0.4723564622577597,WMT,Walmart,Stock
2016-09-07,20.37398338317871,24.020000457763672,0.0,24.350000381469727,24.003332138061523,24.333332061767575,0.0,28854900,-1.296031987510259,1.6796989126497923,WMT,Walmart,Stock
2016-09-08,20.3089542388916,23.94333267211914,0.0,24.106666564941406,23.90333366394043,23.963333129882812,0.0,28983600,-0.3196878272386267,0.102200306884554,WMT,Walmart,Stock
2016-09-09,19.87636375427246,23.433332443237305,0.0,23.836666107177734,23.433332443237305,23.773332595825195,0.0,36517800,-2.1530609552061217,4.635671476833097,WMT,Walmart,Stock
2016-09-12,20.34005355834961,23.979999542236328,0.0,24.079999923706055,23.573333740234375,23.59666633605957,0.0,32592000,2.306074901725743,5.317981452369396,WMT,Walmart,Stock
2016-09-13,20.204336166381836,23.81999969482422,0.0,23.969999313354492,23.71666717529297,23.946666717529297,0.0,22523700,-0.6694780698108296,0.448200885957634,WMT,Walmart,Stock
2016-09-14,20.22130584716797,23.84000015258789,0.0,24.020000457763672,23.799999237060547,23.87333297729492,0.0,20941500,0.0839550391169848,0.0070484485931344,WMT,Walmart,Stock
2016-09-15,20.47010803222656,24.13333320617676,0.0,24.18666648864746,23.753332138061523,23.82666778564453,0.0,21886800,1.2228883783408175,1.4954559858810346,WMT,Walmart,Stock
2016-09-16,20.602996826171875,24.290000915527344,0.0,24.31999969482422,24.073333740234375,24.106666564941406,0.0,41807100,0.6470864966136021,0.4187209340996652,WMT,Walmart,Stock
2016-09-19,20.382463455200195,24.030000686645508,0.0,24.290000915527344,24.030000686645508,24.213333129882812,0.0,20762100,-1.076164560992108,1.1581301623353366,WMT,Walmart,Stock
2016-09-20,20.34853744506836,23.989999771118164,0.0,24.183332443237305,23.96666717529297,24.049999237060547,0.0,17731800,-0.166585731887723,0.0277508060685683,WMT,Walmart,Stock
2016-09-21,20.410737991333008,24.06333351135254,0.0,24.18000030517578,23.836666107177734,24.059999465942383,0.0,20027700,0.3052095204506183,0.0931528513736963,WMT,Walmart,Stock
2016-09-22,20.433359146118164,24.09000015258789,0.0,24.18000030517578,23.996667861938477,24.143333435058594,0.0,17615700,0.1107683052558241,0.0122696174492474,WMT,Walmart,Stock
2016-09-23,20.455974578857425,24.11666679382324,0.0,24.25666618347168,24.11333274841309,24.200000762939453,0.0,23089200,0.1106177723385966,0.0122362915571536,WMT,Walmart,Stock
2016-09-26,20.24958038330078,23.87333297729492,0.0,24.11000061035156,23.84000015258789,24.10333251953125,0.0,17846100,-1.014092373952852,1.028383342909331,WMT,Walmart,Stock
2016-09-27,20.450319290161133,24.11000061035156,0.0,24.163333892822266,23.86000061035156,23.976667404174805,0.0,19033200,0.986442405219779,0.9730686188157828,WMT,Walmart,Stock
2016-09-28,20.297643661499023,23.93000030517578,0.0,24.106666564941406,23.793333053588867,24.073333740234375,0.0,18554700,-0.7493692055538655,0.5615542062324316,WMT,Walmart,Stock
2016-09-29,19.997943878173828,23.57666778564453,0.0,23.90333366394043,23.540000915527344,23.856666564941406,0.0,23990400,-1.48753413444265,2.212757801132044,WMT,Walmart,Stock
2016-09-30,20.390945434570312,24.040000915527344,0.0,24.15333366394043,23.799999237060547,23.833332061767575,0.0,29947800,1.946148889472247,3.78749549999406,WMT,Walmart,Stock
2016-10-03,20.359846115112305,24.003332138061523,0.0,24.049999237060547,23.86666679382324,23.94333267211914,0.0,17573100,-0.1526317615579227,0.0232964546362745,WMT,Walmart,Stock
2016-10-04,20.286338806152344,23.916667938232425,0.0,24.190000534057617,23.850000381469727,24.0,0.0,19707900,-0.3616939166078027,0.1308224893110921,WMT,Walmart,Stock
2016-10-05,20.263717651367188,23.88999938964844,0.0,24.09000015258789,23.86666679382324,23.956666946411133,0.0,19393200,-0.1115715197854833,0.0124482040272424,WMT,Walmart,Stock
2016-10-06,19.610593795776367,23.1200008392334,0.0,23.88999938964844,22.963333129882812,23.88999938964844,0.0,60330900,-3.2762059089400073,10.73352515777342,WMT,Walmart,Stock
2016-10-07,19.423988342285156,22.899999618530273,0.0,23.156667709350582,22.72333335876465,23.086666107177734,0.0,37961400,-0.9561105297333528,0.9141473450669924,WMT,Walmart,Stock
2016-10-10,19.22041702270508,22.65999984741211,0.0,22.98666763305664,22.583332061767575,22.916667938232425,0.0,26965200,-1.053571406831829,1.1100127092935992,WMT,Walmart,Stock
2016-10-11,19.053598403930664,22.463333129882812,0.0,22.65333366394043,22.433332443237305,22.649999618530273,0.0,25774500,-0.8717124308396723,0.7598825620804105,WMT,Walmart,Stock
2016-10-12,19.073392868041992,22.48666763305664,0.0,22.63666725158691,22.456666946411133,22.579999923706055,0.0,26822100,0.1038343977818402,0.0107815821627174,WMT,Walmart,Stock
2016-10-13,19.291105270385746,22.74333381652832,0.0,22.84666633605957,22.356666564941406,22.39666748046875,0.0,27581400,1.1349802552341364,1.2881801797713452,WMT,Walmart,Stock
2016-10-14,19.353302001953125,22.816667556762695,0.0,22.93666648864746,22.73666763305664,22.80666732788086,0.0,19248000,0.3218928153475417,0.1036149845723666,WMT,Walmart,Stock
2016-10-17,19.28826904296875,22.739999771118164,0.0,22.88333320617676,22.600000381469727,22.88333320617676,0.0,22480200,-0.3365961508607931,0.1132969687743018,WMT,Walmart,Stock
2016-10-18,19.4720516204834,22.956666946411133,0.0,22.99333381652832,22.74333381652832,22.856666564941406,0.0,23573100,0.9483097747951068,0.8992914289719461,WMT,Walmart,Stock
2016-10-19,19.477710723876953,22.963333129882812,0.0,23.11333274841309,22.89666748046875,23.073333740234375,0.0,21369900,0.0290584747775384,0.0008443949563968,WMT,Walmart,Stock
2016-10-20,19.432472229003903,22.90999984741211,0.0,23.02666664123535,22.856666564941406,22.99333381652832,0.0,18882000,-0.2325278979605214,0.0540692233299386,WMT,Walmart,Stock
2016-10-21,19.322206497192383,22.780000686645508,0.0,22.87666702270508,22.663333892822266,22.780000686645508,0.0,23533800,-0.5690462828328984,0.3238136720059389,WMT,Walmart,Stock
2016-10-24,19.562530517578125,23.06333351135254,0.0,23.12333297729492,22.796667098999023,22.87333297729492,0.0,21490800,1.236099811079361,1.5279427429504322,WMT,Walmart,Stock
2016-10-25,19.610593795776367,23.1200008392334,0.0,23.290000915527344,23.0,23.003332138061523,0.0,22889100,0.2453891700435333,0.0602158447746541,WMT,Walmart,Stock
2016-10-26,19.675626754760746,23.196666717529297,0.0,23.270000457763672,23.046667098999023,23.100000381469727,0.0,15151500,0.3310729180604256,0.1096092770730453,WMT,Walmart,Stock
2016-10-27,19.743478775024418,23.27666664123535,0.0,23.333332061767575,23.1299991607666,23.200000762939453,0.0,21394800,0.3442599032323228,0.1185148809735283,WMT,Walmart,Stock
2016-10-28,19.788713455200195,23.329999923706055,0.0,23.40333366394043,23.24333381652832,23.266666412353516,0.0,20858700,0.2288499441385834,0.0523722969322327,WMT,Walmart,Stock
2016-10-31,19.797197341918945,23.34000015258789,0.0,23.38999938964844,23.28333282470703,23.35333251953125,0.0,19167000,0.0428631635741497,0.0018372507915843,WMT,Walmart,Stock
2016-11-01,19.593629837036133,23.100000381469727,0.0,23.35333251953125,23.046667098999023,23.32666778564453,0.0,26515800,-1.033587419829909,1.0683029544306488,WMT,Walmart,Stock
2016-11-02,19.63603782653809,23.149999618530273,0.0,23.323333740234375,23.066667556762695,23.066667556762695,0.0,22935900,0.216203748576113,0.046744060898363,WMT,Walmart,Stock
2016-11-03,19.686933517456055,23.209999084472656,0.0,23.36000061035156,23.11666679382324,23.209999084472656,0.0,20411700,0.2588599874261548,0.067008493090269,WMT,Walmart,Stock
2016-11-04,19.554044723510746,23.053333282470703,0.0,23.31333351135254,23.043333053588867,23.23666763305664,0.0,21786300,-0.6772986194855574,0.4587334199570418,WMT,Walmart,Stock
2016-11-07,19.72934341430664,23.260000228881836,0.0,23.280000686645508,23.053333282470703,23.206666946411133,0.0,29266200,0.8924884675248055,0.7965356646647758,WMT,Walmart,Stock
2016-11-08,19.732166290283203,23.26333236694336,0.0,23.34666633605957,23.156667709350582,23.23666763305664,0.0,22863900,0.0143069842107451,0.0002046897972065,WMT,Walmart,Stock
2016-11-09,20.102554321289062,23.700000762939453,0.0,23.833332061767575,23.09666633605957,23.100000381469727,0.0,50338500,1.8596776874251777,3.458401101107056,WMT,Walmart,Stock
2016-11-10,20.184555053710938,23.796667098999023,0.0,24.030000686645508,23.666667938232425,23.75,0.0,42963900,0.4070822996946266,0.1657159987246658,WMT,Walmart,Stock
2016-11-11,20.139312744140625,23.74333381652832,0.0,23.760000228881836,23.53333282470703,23.703332901000977,0.0,24671700,-0.22439478663691,0.0503530202698243,WMT,Walmart,Stock
2016-11-14,19.930089950561523,23.496667861938477,0.0,23.770000457763672,23.39666748046875,23.719999313354492,0.0,38752500,-1.0443115243460537,1.0905865598819782,WMT,Walmart,Stock
2016-11-15,20.19303321838379,23.80666732788086,0.0,23.80666732788086,23.450000762939453,23.59666633605957,0.0,29175300,1.310700720061152,1.7179363775688223,WMT,Walmart,Stock
2016-11-16,20.184555053710938,23.796667098999023,0.0,24.020000457763672,23.77666664123535,23.916667938232425,0.0,33577200,-0.0419944090782013,0.0017635303938273,WMT,Walmart,Stock
2016-11-17,19.562530517578125,23.06333351135254,0.0,23.17333221435547,22.706666946411133,23.02666664123535,0.0,70320900,-3.1301682345911797,9.797953176843665,WMT,Walmart,Stock
2016-11-18,19.378746032714844,22.84666633605957,0.0,23.13333320617676,22.81333351135254,22.976667404174805,0.0,33405900,-0.9439128128215768,0.8909713982087413,WMT,Walmart,Stock
2016-11-21,19.61341857910156,23.12333297729492,0.0,23.13333320617676,22.80666732788086,22.84666633605957,0.0,25068000,1.2037053197959815,1.4489064969051462,WMT,Walmart,Stock
2016-11-22,19.825469970703125,23.37333297729492,0.0,23.47333335876465,23.24333381652832,23.24333381652832,0.0,32952000,1.075351982936369,1.1563818872051808,WMT,Walmart,Stock
2016-11-23,20.026214599609375,23.61000061035156,0.0,23.6299991607666,23.393333435058594,23.406667709350582,0.0,22196700,1.007467207554238,1.014990174297134,WMT,Walmart,Stock
2016-11-25,20.139312744140625,23.74333381652832,0.0,23.88333320617676,23.65999984741211,23.703332901000977,0.0,12703200,0.5631617504892774,0.3171511572141471,WMT,Walmart,Stock
2016-11-28,20.128000259399418,23.729999542236328,0.0,23.84000015258789,23.600000381469727,23.643333435058594,0.0,21297600,-0.0561869377170783,0.0031569719700228,WMT,Walmart,Stock
2016-11-29,20.17888832092285,23.790000915527344,0.0,23.93000030517578,23.733333587646484,23.793333053588867,0.0,21930300,0.2525031842119956,0.063757858037197,WMT,Walmart,Stock
2016-11-30,19.91311836242676,23.476667404174805,0.0,23.719999313354492,23.38999938964844,23.63999938964844,0.0,27978300,-1.325819651112745,1.7577977472767206,WMT,Walmart,Stock
2016-12-01,19.980981826782227,23.55666732788086,0.0,23.57666778564453,23.350000381469727,23.416667938232425,0.0,20549400,0.3402183756131297,0.1157485431048366,WMT,Walmart,Stock
2016-12-02,20.040355682373047,23.62666702270508,0.0,23.649999618530273,23.483333587646484,23.52666664123535,0.0,20022600,0.2967112187924072,0.0880375473572757,WMT,Walmart,Stock
2016-12-05,19.77458381652832,23.31333351135254,0.0,23.663333892822266,23.270000457763672,23.63333320617676,0.0,31583700,-1.335055718873364,1.7823737724964748,WMT,Walmart,Stock
2016-12-06,19.893335342407227,23.453332901000977,0.0,23.463333129882812,23.166667938232425,23.336666107177734,0.0,23334000,0.5987300727875965,0.3584777000602406,WMT,Walmart,Stock
2016-12-07,20.10405158996582,23.53333282470703,0.166667,23.549999237060547,23.299999237060547,23.309999465942383,0.0,20898600,1.053659817257622,1.1101990105033652,WMT,Walmart,Stock
2016-12-08,20.03001594543457,23.446666717529297,0.0,23.63333320617676,23.440000534057617,23.49333381652832,0.0,20532600,-0.3689420637265072,0.136118246386774,WMT,Walmart,Stock
2016-12-09,19.95598602294922,23.36000061035156,0.0,23.476667404174805,23.246667861938477,23.42333221435547,0.0,32270100,-0.3702796149881041,0.1371069932757386,WMT,Walmart,Stock
2016-12-12,20.40874481201172,23.88999938964844,0.0,23.926666259765625,23.34000015258789,23.356666564941406,0.0,27252300,2.243432664894628,5.032990121916213,WMT,Walmart,Stock
2016-12-13,20.44576072692871,23.933332443237305,0.0,24.07666778564453,23.8700008392334,23.88999938964844,0.0,26662500,0.1812085328540367,0.0328365323791125,WMT,Walmart,Stock
2016-12-14,20.314773559570312,23.780000686645508,0.0,24.15999984741211,23.726667404174805,23.96666717529297,0.0,26008200,-0.6427178669725933,0.4130862565258,WMT,Walmart,Stock
2016-12-15,20.240732192993164,23.69333267211914,0.0,23.933332443237305,23.676666259765625,23.739999771118164,0.0,21408900,-0.3651363604815714,0.1333245617457281,WMT,Walmart,Stock
2016-12-16,20.21225929260254,23.65999984741211,0.0,23.8799991607666,23.53333282470703,23.690000534057617,0.0,53534400,-0.1407703314236028,0.0198162862091109,WMT,Walmart,Stock
2016-12-19,20.383115768432617,23.86000061035156,0.0,23.916667938232425,23.61333274841309,23.61333274841309,0.0,17667900,0.8417583747828434,0.708557161517054,WMT,Walmart,Stock
2016-12-20,20.451459884643555,23.940000534057617,0.0,23.976667404174805,23.836666107177734,23.90999984741211,0.0,18324300,0.3347368201260048,0.1120487387480693,WMT,Walmart,Stock
2016-12-21,20.286300659179688,23.746667861938477,0.0,24.0,23.746667861938477,23.88666725158691,0.0,15303000,-0.8108454080543676,0.6574702757628539,WMT,Walmart,Stock
2016-12-22,19.816442489624023,23.196666717529297,0.0,23.746667861938477,23.06999969482422,23.746667861938477,0.0,36320400,-2.3433792008212793,5.491426078841777,WMT,Walmart,Stock
2016-12-23,19.802207946777344,23.18000030517578,0.0,23.25,23.1200008392334,23.143333435058594,0.0,14411700,-0.0718577907242723,0.0051635420877733,WMT,Walmart,Stock
2016-12-27,19.847768783569336,23.233333587646484,0.0,23.273332595825195,23.083332061767575,23.100000381469727,0.0,13307100,0.229815301806276,0.0528150729443097,WMT,Walmart,Stock
2016-12-28,19.73670959472656,23.10333251953125,0.0,23.333332061767575,23.086666107177734,23.31333351135254,0.0,14627100,-0.5611264050757148,0.3148628424731951,WMT,Walmart,Stock
2016-12-29,19.722475051879883,23.086666107177734,0.0,23.17333221435547,23.040000915527344,23.06999969482422,0.0,12895200,-0.0721481885225384,0.0052053611070837,WMT,Walmart,Stock
2016-12-30,19.682607650756836,23.040000915527344,0.0,23.143333435058594,22.94333267211914,23.040000915527344,0.0,20668500,-0.2023465603495857,0.0409441304853085,WMT,Walmart,Stock
2017-01-03,19.551612854003903,22.88666725158691,0.0,23.079999923706055,22.683332443237305,23.079999923706055,0.0,31419600,-0.6677603470966975,0.4459038811547019,WMT,Walmart,Stock
2017-01-04,19.665525436401367,23.020000457763672,0.0,23.209999084472656,22.86666679382324,22.88666725158691,0.0,23754000,0.5809342941767895,0.3374846541506847,WMT,Walmart,Stock
2017-01-05,19.70823860168457,23.06999969482422,0.0,23.11000061035156,22.706666946411133,22.809999465942383,0.0,21297600,0.2169626556258001,0.0470727939361995,WMT,Walmart,Stock
2017-01-06,19.43771171569824,22.753332138061523,0.0,22.833332061767575,22.670000076293945,22.803333282470703,0.0,28473300,-1.3821669446493818,1.9103854628814072,WMT,Walmart,Stock
2017-01-09,19.565860748291016,22.90333366394043,0.0,22.933332443237305,22.773332595825195,22.77666664123535,0.0,26055600,0.6571166978932995,0.4318023546501938,WMT,Walmart,Stock
2017-01-10,19.42917251586914,22.74333381652832,0.0,23.09000015258789,22.739999771118164,22.8799991607666,0.0,30769500,-0.7010574466068741,0.4914815434429501,WMT,Walmart,Stock
2017-01-11,19.51459503173828,22.843332290649418,0.0,22.87333297729492,22.729999542236328,22.733333587646484,0.0,20092800,0.4386974257942368,0.1924554313984899,WMT,Walmart,Stock
2017-01-12,19.355131149291992,22.656667709350582,0.0,22.85333251953125,22.63999938964844,22.786666870117188,0.0,19634700,-0.8205088779954419,0.673234818869339,WMT,Walmart,Stock
2017-01-13,19.115938186645508,22.37666702270508,0.0,22.67333221435547,22.36000061035156,22.65999984741211,0.0,30037500,-1.243511287877087,1.5463203230777318,WMT,Walmart,Stock
2017-01-17,19.4832763671875,22.80666732788086,0.0,23.09666633605957,22.68666648864746,22.700000762939453,0.0,39502500,1.903402828770295,3.6229423285707623,WMT,Walmart,Stock
2017-01-18,19.39499855041504,22.703332901000977,0.0,22.703332901000977,22.51333236694336,22.62666702270508,0.0,21964500,-0.4541249254082453,0.2062294478770444,WMT,Walmart,Stock
2017-01-19,19.255468368530273,22.540000915527344,0.0,22.729999542236328,22.49333381652832,22.709999084472656,0.0,20463300,-0.7220134666068829,0.5213034459616884,WMT,Walmart,Stock
2017-01-20,19.130170822143555,22.393333435058594,0.0,22.61000061035156,22.34000015258789,22.579999923706055,0.0,36164100,-0.6528378531161999,0.426197262461369,WMT,Walmart,Stock
2017-01-23,18.979257583618164,22.21666717529297,0.0,22.393333435058594,22.18666648864746,22.336666107177734,0.0,23854200,-0.7920036258673068,0.6272697433869608,WMT,Walmart,Stock
2017-01-24,19.19281959533691,22.46666717529297,0.0,22.469999313354492,22.219999313354492,22.296667098999023,0.0,32131800,1.118955298057429,1.25206095905079,WMT,Walmart,Stock
2017-01-25,19.047592163085938,22.296667098999023,0.0,22.57666778564453,22.26333236694336,22.50666618347168,0.0,26168700,-0.7595531730886264,0.5769210227490008,WMT,Walmart,Stock
2017-01-26,19.002031326293945,22.24333381652832,0.0,22.406667709350582,22.206666946411133,22.37666702270508,0.0,19512300,-0.2394812583597499,0.0573512731055693,WMT,Walmart,Stock
2017-01-27,18.69734001159668,21.88666725158691,0.0,22.323333740234375,21.760000228881836,22.286666870117188,0.0,40300800,-1.616461698842978,2.612948423826326,WMT,Walmart,Stock
2017-01-30,18.91375160217285,22.13999938964844,0.0,22.15999984741211,21.87666702270508,21.87666702270508,0.0,25924500,1.1507987119515648,1.3243376754293803,WMT,Walmart,Stock
2017-01-31,19.004878997802734,22.246667861938477,0.0,22.296667098999023,21.959999084472656,22.06999969482422,0.0,27962700,0.4806480066672091,0.2310225063131614,WMT,Walmart,Stock
2017-02-01,18.859647750854492,22.07666778564453,0.0,22.23666763305664,22.01333236694336,22.15333366394043,0.0,27150000,-0.767113557791443,0.5884632105474455,WMT,Walmart,Stock
2017-02-02,18.993478775024418,22.233333587646484,0.0,22.3799991607666,22.11333274841309,22.11333274841309,0.0,26996100,0.7071097903206252,0.5000042555672785,WMT,Walmart,Stock
2017-02-03,18.936538696289062,22.166667938232425,0.0,22.309999465942383,22.14666748046875,22.273332595825195,0.0,22875900,-0.3002377815997105,0.0901427254999154,WMT,Walmart,Stock
2017-02-06,18.90805435180664,22.13333320617676,0.0,22.286666870117188,22.12333297729492,22.12333297729492,0.0,27291600,-0.1505332601942749,0.0226602624247172,WMT,Walmart,Stock
2017-02-07,19.047592163085938,22.296667098999023,0.0,22.333332061767575,22.170000076293945,22.18666648864746,0.0,17417100,0.7352710478487744,0.5406235138046347,WMT,Walmart,Stock
2017-02-08,19.309572219848633,22.60333251953125,0.0,22.606666564941406,22.296667098999023,22.296667098999023,0.0,22982400,1.366024495317008,1.8660229218060864,WMT,Walmart,Stock
2017-02-09,19.67121696472168,23.02666664123535,0.0,23.046667098999023,22.583332061767575,22.60333251953125,0.0,33241500,1.8555556664245731,3.443086831200342,WMT,Walmart,Stock
2017-02-10,19.369369506835938,22.67333221435547,0.0,22.86666679382324,22.586666107177734,22.75,0.0,37336800,-1.5463572656505105,2.3912207930301235,WMT,Walmart,Stock
2017-02-13,19.298179626464844,22.59000015258789,0.0,22.88333320617676,22.520000457763672,22.773332595825195,0.0,25122900,-0.3682155316332367,0.1355826777359471,WMT,Walmart,Stock
2017-02-14,19.551612854003903,22.88666725158691,0.0,22.893333435058594,22.56999969482422,22.62666702270508,0.0,25386900,1.3047010364403355,1.7022447944884858,WMT,Walmart,Stock
2017-02-15,19.560161590576172,22.89666748046875,0.0,22.90333366394043,22.586666107177734,22.600000381469727,0.0,25689900,0.0437143894890954,0.0019109478484043,WMT,Walmart,Stock
2017-02-16,19.611417770385746,22.956666946411133,0.0,23.079999923706055,22.8700008392334,22.88999938964844,0.0,25241400,0.2617010082264429,0.0684874177067367,WMT,Walmart,Stock
2017-02-17,19.753793716430664,23.12333297729492,0.0,23.26333236694336,22.89666748046875,22.94333267211914,0.0,38512200,0.723362387697284,0.5232531439351158,WMT,Walmart,Stock
2017-02-21,20.346099853515625,23.816667556762695,0.0,24.093332290649418,23.566667556762695,23.73666763305664,0.0,67238700,2.95436803221659,8.728290469783326,WMT,Walmart,Stock
2017-02-22,20.420135498046875,23.90333366394043,0.0,24.12333297729492,23.82666778564453,24.083332061767575,0.0,45728100,0.3632208139328293,0.131929359674027,WMT,Walmart,Stock
2017-02-23,20.306228637695312,23.770000457763672,0.0,24.166667938232425,23.719999313354492,24.0,0.0,38399100,-0.5593779841845427,0.3129037291903624,WMT,Walmart,Stock
2017-02-24,20.61377716064453,24.1299991607666,0.0,24.266666412353516,23.766666412353516,23.780000686645508,0.0,41669700,1.503197803006611,2.2596036349639026,WMT,Walmart,Stock
2017-02-27,20.42867851257324,23.913333892822266,0.0,24.13999938964844,23.843332290649418,24.093332290649418,0.0,27764100,-0.9019923393329606,0.8135901802153468,WMT,Walmart,Stock
2017-02-28,20.19802474975586,23.643333435058594,0.0,23.666667938232425,23.333332061767575,23.62333297729492,0.0,47857800,-1.135490810469458,1.2893393806605864,WMT,Walmart,Stock
2017-03-01,20.061338424682617,23.483333587646484,0.0,23.69333267211914,23.38333320617676,23.656667709350582,0.0,40568100,-0.6790313581419513,0.4610835853401028,WMT,Walmart,Stock
2017-03-02,20.14961051940918,23.586666107177734,0.0,23.63333320617676,23.38999938964844,23.47333335876465,0.0,26748900,0.4390457765348201,0.1927611938930631,WMT,Walmart,Stock
2017-03-03,19.941740036010746,23.343332290649418,0.0,23.67333221435547,23.293333053588867,23.586666107177734,0.0,27893700,-1.0369934826546436,1.0753554830682066,WMT,Walmart,Stock
2017-03-06,19.89902687072754,23.293333053588867,0.0,23.479999542236328,23.260000228881836,23.333332061767575,0.0,27547800,-0.2144194751467668,0.0459757113222149,WMT,Walmart,Stock
2017-03-07,19.896177291870117,23.290000915527344,0.0,23.40333366394043,23.286666870117188,23.299999237060547,0.0,21848700,-0.0143212174544867,0.0002050972693786,WMT,Walmart,Stock
2017-03-08,20.022396087646484,23.266666412353516,0.17,23.343332290649418,23.18000030517578,23.229999542236328,0.0,23939400,0.6323834031314034,0.399908768556055,WMT,Walmart,Stock
2017-03-09,20.039608001708984,23.286666870117188,0.0,23.34666633605957,23.18666648864746,23.25,0.0,22693500,0.0859263809325309,0.0073833429401624,WMT,Walmart,Stock
2017-03-10,20.108444213867188,23.36666679382324,0.0,23.453332901000977,23.266666412353516,23.333332061767575,0.0,21296400,0.3429121753733474,0.1175887600192813,WMT,Walmart,Stock
2017-03-13,20.06542205810547,23.316667556762695,0.0,23.483333587646484,23.23666763305664,23.329999923706055,0.0,20407500,-0.2141798945452064,0.0458730272273957,WMT,Walmart,Stock
2017-03-14,20.28630256652832,23.573333740234375,0.0,23.73666763305664,23.573333740234375,23.606666564941406,0.0,29875200,1.0947869843235083,1.1985585410441617,WMT,Walmart,Stock
2017-03-15,20.246137619018555,23.52666664123535,0.0,23.566667556762695,23.34000015258789,23.5,0.0,26441400,-0.1981867386841282,0.0392779833902509,WMT,Walmart,Stock
2017-03-16,20.20598602294922,23.479999542236328,0.0,23.566667556762695,23.356666564941406,23.3700008392334,0.0,21183000,-0.1985142219501655,0.0394078963164795,WMT,Walmart,Stock
2017-03-17,20.04821014404297,23.296667098999023,0.0,23.583332061767575,23.270000457763672,23.52666664123535,0.0,42235200,-0.783901813354191,0.6145020529799888,WMT,Walmart,Stock
2017-03-20,20.07402610778809,23.32666778564453,0.0,23.483333587646484,23.23666763305664,23.3799991607666,0.0,22398600,0.1286865824015102,0.0165602364901806,WMT,Walmart,Stock
2017-03-21,20.05107307434082,23.299999237060547,0.0,23.46666717529297,23.229999542236328,23.38999938964844,0.0,26240400,-0.1144073730344762,0.0130890470046497,WMT,Walmart,Stock
2017-03-22,20.15148162841797,23.416667938232425,0.0,23.446666717529297,23.239999771118164,23.343332290649418,0.0,19366800,0.4995143398112686,0.2495145756770875,WMT,Walmart,Stock
2017-03-23,20.039608001708984,23.286666870117188,0.0,23.43666648864746,23.25,23.399999618530273,0.0,20696400,-0.5567100403414805,0.3099260690170128,WMT,Walmart,Stock
2017-03-24,19.967884063720703,23.203332901000977,0.0,23.38999938964844,23.176666259765625,23.329999923706055,0.0,17577000,-0.3585529165953577,0.1285601939990375,WMT,Walmart,Stock
2017-03-27,19.98222923278809,23.219999313354492,0.0,23.356666564941406,23.1200008392334,23.17333221435547,0.0,17377800,0.0718154142765669,0.0051574537277149,WMT,Walmart,Stock
2017-03-28,20.171552658081055,23.440000534057617,0.0,23.456666946411133,23.11000061035156,23.11000061035156,0.0,21756600,0.9429987380295828,0.8892466199253855,WMT,Walmart,Stock
2017-03-29,20.29203414916992,23.579999923706055,0.0,23.726667404174805,23.43666648864746,23.450000762939453,0.0,20973000,0.5955075001861716,0.3546291827779831,WMT,Walmart,Stock
2017-03-30,20.535860061645508,23.86333274841309,0.0,23.906667709350582,23.546667098999023,23.56333351135254,0.0,24424500,1.1944226659639174,1.426645504968352,WMT,Walmart,Stock
2017-03-31,20.67641258239746,24.02666664123535,0.0,24.18666648864746,23.74333381652832,23.773332595825195,0.0,29819400,0.6820932536322699,0.4652512066506561,WMT,Walmart,Stock
2017-04-03,20.60470390319824,23.94333267211914,0.0,24.176666259765625,23.926666259765625,24.02666664123535,0.0,24873900,-0.3474167243041438,0.1206983803262214,WMT,Walmart,Stock
2017-04-04,20.65633773803711,24.003332138061523,0.0,24.020000457763672,23.843332290649418,23.913333892822266,0.0,16701900,0.2502790028448798,0.0626395792650273,WMT,Walmart,Stock
2017-04-05,20.553075790405273,23.88333320617676,0.0,24.10333251953125,23.85333251953125,23.8799991607666,0.0,19063500,-0.5011581331400399,0.2511594744124099,WMT,Walmart,Stock
2017-04-06,20.489967346191406,23.809999465942383,0.0,24.03333282470703,23.793333053588867,23.899999618530273,0.0,17823300,-0.3075234637884775,0.094570680780463,WMT,Walmart,Stock
2017-04-07,20.911640167236328,24.299999237060547,0.0,24.329999923706055,23.933332443237305,24.03333282470703,0.0,32304000,2.0370581131357755,4.149605756292286,WMT,Walmart,Stock
2017-04-10,20.95753288269043,24.35333251953125,0.0,24.49333381652832,24.24333381652832,24.329999923706055,0.0,22487700,0.2192196811643047,0.0480572686097794,WMT,Walmart,Stock
2017-04-11,21.063674926757812,24.476667404174805,0.0,24.483333587646484,24.309999465942383,24.333332061767575,0.0,17431500,0.5051842883109356,0.2552111651562265,WMT,Walmart,Stock
2017-04-12,21.06654357910156,24.479999542236328,0.0,24.61000061035156,24.416667938232425,24.516666412353516,0.0,19881900,0.0136180273918349,0.0001854506700447,WMT,Walmart,Stock
2017-04-13,20.983354568481445,24.38333320617676,0.0,24.553333282470703,24.38333320617676,24.456666946411133,0.0,16009200,-0.3956685881027996,0.1565536316112628,WMT,Walmart,Stock
2017-04-17,21.080886840820312,24.496667861938477,0.0,24.52666664123535,24.38333320617676,24.38666725158691,0.0,16396200,0.4637309213437621,0.2150463674103344,WMT,Walmart,Stock
2017-04-18,21.195627212524418,24.6299991607666,0.0,24.700000762939453,24.49333381652832,24.51333236694336,0.0,19883700,0.5428103806667358,0.2946431093595666,WMT,Walmart,Stock
2017-04-19,21.247257232666016,24.690000534057617,0.0,24.793333053588867,24.6200008392334,24.700000762939453,0.0,17821800,0.2432918793499326,0.0591909385576221,WMT,Walmart,Stock
2017-04-20,21.456663131713867,24.933332443237305,0.0,25.036666870117188,24.703332901000977,24.713333129882812,0.0,23043900,0.9807417011897626,0.9618542844525896,WMT,Walmart,Stock
2017-04-21,21.496822357177734,24.979999542236328,0.0,25.036666870117188,24.86666679382324,24.913333892822266,0.0,17267100,0.1869894222002507,0.0349650440147836,WMT,Walmart,Stock
2017-04-24,21.450923919677734,24.926666259765625,0.0,25.13333320617676,24.80666732788086,25.02666664123535,0.0,23437500,-0.2137409245091012,0.0456851828100053,WMT,Walmart,Stock
2017-04-25,21.52837371826172,25.016666412353516,0.0,25.05666732788086,24.953332901000977,24.989999771118164,0.0,17161200,0.3604055285907431,0.1298921450387729,WMT,Walmart,Stock
2017-04-26,21.637380599975582,25.143333435058594,0.0,25.25666618347168,25.05666732788086,25.09000015258789,0.0,20845500,0.5050629377640516,0.2550885711028543,WMT,Walmart,Stock
2017-04-27,21.640247344970703,25.14666748046875,0.0,25.233333587646484,25.00666618347168,25.18000030517578,0.0,18156600,0.0132481613962692,0.0001755137803815,WMT,Walmart,Stock
2017-04-28,21.56566619873047,25.059999465942383,0.0,25.14666748046875,24.976667404174805,25.079999923706055,0.0,21991200,-0.3452361688465294,0.1191880122798293,WMT,Walmart,Stock
2017-05-01,21.58000946044922,25.07666778564453,0.0,25.239999771118164,25.030000686645508,25.030000686645508,0.0,18497700,0.0664876005671386,0.0044206010291753,WMT,Walmart,Stock
2017-05-02,21.663196563720703,25.17333221435547,0.0,25.23666763305664,25.083332061767575,25.100000381469727,0.0,21955200,0.3847411583694687,0.1480257589434806,WMT,Walmart,Stock
2017-05-03,21.732038497924805,25.253332138061523,0.0,25.293333053588867,25.059999465942383,25.13333320617676,0.0,16570800,0.3172790370032137,0.1006659873216866,WMT,Walmart,Stock
2017-05-04,21.898420333862305,25.446666717529297,0.0,25.46666717529297,25.27666664123535,25.309999465942383,0.0,16502400,0.762690317373536,0.581696520215345,WMT,Walmart,Stock
2017-05-05,21.944313049316406,25.5,0.0,25.53333282470703,25.393333435058594,25.47333335876465,0.0,16793400,0.2093516013912345,0.0438280930050743,WMT,Walmart,Stock
2017-05-08,21.83530616760254,25.37333297729492,0.0,25.50666618347168,25.356666564941406,25.5,0.0,19536600,-0.4979810648468995,0.2479851409460519,WMT,Walmart,Stock
2017-05-09,22.007417678833008,25.573333740234375,0.0,25.683332443237305,25.44333267211914,25.479999542236328,0.0,24765900,0.7851355037429971,0.6164377592377699,WMT,Walmart,Stock
2017-05-10,22.1489200592041,25.566667556762695,0.17,25.593332290649418,25.39666748046875,25.44333267211914,0.0,22535700,0.6409175760498138,0.4107753392895689,WMT,Walmart,Stock
2017-05-11,21.98432350158691,25.37666702270508,0.0,25.573333740234375,25.309999465942383,25.450000762939453,0.0,25048200,-0.7459108259095274,0.5563829602090333,WMT,Walmart,Stock
2017-05-12,21.863025665283203,25.23666763305664,0.0,25.416667938232425,25.12333297729492,25.316667556762695,0.0,17678700,-0.5532747043180628,0.3061128984382398,WMT,Walmart,Stock
2017-05-15,22.0305233001709,25.43000030517578,0.0,25.489999771118164,25.266666412353516,25.266666412353516,0.0,26531700,0.763203030361803,0.5824788655534392,WMT,Walmart,Stock
2017-05-16,21.68976593017578,25.036666870117188,0.0,25.42333221435547,25.02666664123535,25.39666748046875,0.0,25115400,-1.5588381332123404,2.429976325556934,WMT,Walmart,Stock
2017-05-17,21.692655563354492,25.040000915527344,0.0,25.24333381652832,24.98666763305664,25.036666870117188,0.0,32913000,0.013321677691123,0.0001774670965061,WMT,Walmart,Stock
2017-05-18,22.3914852142334,25.84666633605957,0.0,25.88666725158691,25.37666702270508,25.6299991607666,0.0,57500400,3.170701227430145,10.05334627362703,WMT,Walmart,Stock
2017-05-19,22.746681213378903,26.25666618347168,0.0,26.479999542236328,25.92333221435547,25.989999771118164,0.0,55745100,1.5738491793899605,2.4770012394664516,WMT,Walmart,Stock
2017-05-22,22.68315696716309,26.183332443237305,0.0,26.333332061767575,26.100000381469727,26.21666717529297,0.0,26692800,-0.2796588769029227,0.078209087430604,WMT,Walmart,Stock
2017-05-23,22.66582489013672,26.163333892822266,0.0,26.323333740234375,26.14666748046875,26.19333267211914,0.0,22754700,-0.0764386637160449,0.0058428693106946,WMT,Walmart,Stock
2017-05-24,22.567636489868164,26.049999237060547,0.0,26.203332901000977,26.046667098999023,26.18666648864746,0.0,22281000,-0.434141237451368,0.1884786140558051,WMT,Walmart,Stock
2017-05-25,22.613842010498047,26.10333251953125,0.0,26.28333282470703,26.049999237060547,26.1200008392334,0.0,18405000,0.2045330886524071,0.0418337843536934,WMT,Walmart,Stock
2017-05-26,22.56186294555664,26.043333053588867,0.0,26.18000030517578,25.93000030517578,26.12333297729492,0.0,18377400,-0.2301196536054975,0.0529550549755141,WMT,Walmart,Stock
2017-05-30,22.567636489868164,26.049999237060547,0.0,26.13333320617676,25.976667404174805,26.0,0.0,16231200,0.0255865649530694,0.0006546723060976,WMT,Walmart,Stock
2017-05-31,22.697586059570312,26.200000762939453,0.0,26.30666732788086,26.073333740234375,26.11666679382324,0.0,24605100,0.5741711600631539,0.3296725210482679,WMT,Walmart,Stock
2017-06-01,23.0470027923584,26.60333251953125,0.0,26.60333251953125,26.200000762939453,26.213333129882812,0.0,24459300,1.5277152442985469,2.3339138676621687,WMT,Walmart,Stock
2017-06-02,22.992137908935547,26.540000915527344,0.0,26.643333435058594,26.406667709350582,26.600000381469727,0.0,23989500,-0.2383402841985247,0.0568060910718335,WMT,Walmart,Stock
2017-06-05,23.17695426940918,26.753332138061523,0.0,26.823333740234375,26.49333381652832,26.53333282470703,0.0,30437100,0.8006107070565818,0.6409775042536398,WMT,Walmart,Stock
2017-06-06,22.792882919311523,26.309999465942383,0.0,26.520000457763672,26.086666107177734,26.476667404174805,0.0,34577700,-1.6710099947390458,2.7922744025177857,WMT,Walmart,Stock
2017-06-07,22.85641098022461,26.38333320617676,0.0,26.5,26.24333381652832,26.36000061035156,0.0,25533600,0.2783311481864882,0.0774682280508088,WMT,Walmart,Stock
2017-06-08,22.792882919311523,26.309999465942383,0.0,26.709999084472656,26.07666778564453,26.38333320617676,0.0,32799000,-0.2783311481864826,0.0774682280508057,WMT,Walmart,Stock
2017-06-09,22.93438148498535,26.47333335876465,0.0,26.520000457763672,26.239999771118164,26.343332290649418,0.0,28215300,0.6188824945094574,0.3830155420102486,WMT,Walmart,Stock
2017-06-12,22.882408142089844,26.413333892822266,0.0,26.790000915527344,26.280000686645508,26.46666717529297,0.0,31231800,-0.2268747575363082,0.0514721556071586,WMT,Walmart,Stock
2017-06-13,22.96326065063477,26.50666618347168,0.0,26.523332595825195,26.296667098999023,26.40333366394043,0.0,16584000,0.3527163830176052,0.1244088468490219,WMT,Walmart,Stock
2017-06-14,23.072999954223633,26.63333320617676,0.0,26.68000030517578,26.420000076293945,26.50666618347168,0.0,15019500,0.4767524990302331,0.2272929453315724,WMT,Walmart,Stock
2017-06-15,22.7871036529541,26.303333282470703,0.0,26.433332443237305,25.920000076293945,26.393333435058594,0.0,33891600,-1.2468354083625826,1.554598535546688,WMT,Walmart,Stock
2017-06-16,21.727313995361328,25.079999923706055,0.0,25.166667938232425,24.43000030517578,24.649999618530273,0.0,168699000,-4.76245681759898,22.680994939495005,WMT,Walmart,Stock
2017-06-19,21.80239486694336,25.166667938232425,0.0,25.336666107177734,24.84000015258789,25.12666702270508,0.0,48285300,0.3449641543658445,0.1190002677973422,WMT,Walmart,Stock
2017-06-20,21.81393814086914,25.18000030517578,0.0,25.30666732788086,25.106666564941406,25.293333053588867,0.0,30057600,0.0529309705757112,0.0028016876460868,WMT,Walmart,Stock
2017-06-21,22.01608085632324,25.413333892822266,0.0,25.536666870117188,25.19333267211914,25.200000762939453,0.0,27034200,0.9224004611768912,0.8508226107793414,WMT,Walmart,Stock
2017-06-22,21.80816650390625,25.17333221435547,0.0,25.35333251953125,25.100000381469727,25.343332290649418,0.0,24333900,-0.9488624443552371,0.9003399383077955,WMT,Walmart,Stock
2017-06-23,21.611801147460938,24.946666717529297,0.0,25.260000228881836,24.850000381469727,25.200000762939453,0.0,39240900,-0.904499500196098,0.8181193458549914,WMT,Walmart,Stock
2017-06-26,21.80239486694336,25.166667938232425,0.0,25.309999465942383,24.97333335876465,24.983333587646484,0.0,25762500,0.8780305127987248,0.7709375814055917,WMT,Walmart,Stock
2017-06-27,21.94966506958008,25.336666107177734,0.0,25.456666946411133,25.149999618530273,25.166667938232425,0.0,19363200,0.6732060572611945,0.4532063955331627,WMT,Walmart,Stock
2017-06-28,22.094051361083984,25.503332138061523,0.0,25.600000381469727,25.3799991607666,25.416667938232425,0.0,20966700,0.6556522493759512,0.4298798721117445,WMT,Walmart,Stock
2017-06-29,21.92656135559082,25.309999465942383,0.0,25.440000534057617,25.163333892822266,25.416667938232425,0.0,21190500,-0.7609653904866353,0.5790683255184773,WMT,Walmart,Stock
2017-06-30,21.8543758392334,25.226667404174805,0.0,25.42333221435547,25.22333335876465,25.36000061035156,0.0,20889900,-0.3297580471999337,0.1087403696931137,WMT,Walmart,Stock
2017-07-03,21.761966705322266,25.1200008392334,0.0,25.446666717529297,25.02666664123535,25.280000686645508,0.0,14545800,-0.4237369150618129,0.179552973186102,WMT,Walmart,Stock
2017-07-05,21.750411987304688,25.106666564941406,0.0,25.316667556762695,25.05666732788086,25.183332443237305,0.0,18110700,-0.0531100281637168,0.0028206750915507,WMT,Walmart,Stock
2017-07-06,21.793725967407227,25.156667709350582,0.0,25.323333740234375,25.079999923706055,25.11666679382324,0.0,18485400,0.1989429412214593,0.039578293861845,WMT,Walmart,Stock
2017-07-07,21.75330352783203,25.11000061035156,0.0,25.273332595825195,25.016666412353516,25.21666717529297,0.0,15921300,-0.1856496374318303,0.03446578787857,WMT,Walmart,Stock
2017-07-10,21.146873474121097,24.40999984741211,0.0,25.10333251953125,24.37666702270508,25.049999237060547,0.0,45200100,-2.8273564056021607,7.99394424429957,WMT,Walmart,Stock
2017-07-11,21.216184616088867,24.489999771118164,0.0,24.683332443237305,24.44333267211914,24.459999084472656,0.0,22597800,0.3272247422106287,0.1070760319148124,WMT,Walmart,Stock
2017-07-12,21.35190773010254,24.64666748046875,0.0,24.73666763305664,24.553333282470703,24.553333282470703,0.0,17100600,0.637677501832065,0.4066325963427832,WMT,Walmart,Stock
2017-07-13,21.67244529724121,25.016666412353516,0.0,25.083332061767575,24.836666107177734,24.88999938964844,0.0,24481500,1.4900560971673835,2.2202671727056953,WMT,Walmart,Stock
2017-07-14,22.04496192932129,25.446666717529297,0.0,25.520000457763672,25.303333282470703,25.42333221435547,0.0,27455700,1.7042440161102543,2.904447666447609,WMT,Walmart,Stock
2017-07-17,22.053621292114254,25.456666946411133,0.0,25.62333297729492,25.39666748046875,25.43000030517578,0.0,26506800,0.0392727487900645,0.0015423487975275,WMT,Walmart,Stock
2017-07-18,22.00453186035156,25.399999618530273,0.0,25.51333236694336,25.333332061767575,25.416667938232425,0.0,12944700,-0.2228393546437955,0.0496573779780632,WMT,Walmart,Stock
2017-07-19,21.909236907958984,25.290000915527344,0.0,25.406667709350582,25.200000762939453,25.36000061035156,0.0,15940800,-0.4340101278048981,0.188364791037224,WMT,Walmart,Stock
2017-07-20,21.952552795410156,25.34000015258789,0.0,25.416667938232425,25.233333587646484,25.32666778564453,0.0,14896200,0.1975108714239923,0.0390105443306648,WMT,Walmart,Stock
2017-07-21,21.990093231201172,25.38333320617676,0.0,25.40999984741211,25.183332443237305,25.280000686645508,0.0,21459900,0.1708611033622799,0.0291935166421757,WMT,Walmart,Stock
2017-07-24,22.203786849975582,25.6299991607666,0.0,25.719999313354492,25.343332290649418,25.343332290649418,0.0,22164000,0.9670808892354588,0.9352454463244456,WMT,Walmart,Stock
2017-07-25,22.67448616027832,26.17333221435547,0.0,26.286666870117188,25.796667098999023,25.8700008392334,0.0,34512000,2.097748151717486,4.400547308034128,WMT,Walmart,Stock
2017-07-26,22.78422164916992,26.299999237060547,0.0,26.38999938964844,25.979999542236328,26.183332443237305,0.0,20148300,0.4827928787707641,0.2330889637917617,WMT,Walmart,Stock
2017-07-27,23.03833770751953,26.593332290649418,0.0,26.6200008392334,26.15999984741211,26.239999771118164,0.0,24157500,1.109142164982764,1.2301963421426527,WMT,Walmart,Stock
2017-07-28,23.0470027923584,26.60333251953125,0.0,26.65333366394043,26.51333236694336,26.600000381469727,0.0,14925600,0.037604517388779,0.0014140997280429,WMT,Walmart,Stock
2017-07-31,23.098987579345703,26.663333892822266,0.0,26.780000686645508,26.56333351135254,26.606666564941406,0.0,18789600,0.22530585456858,0.0507627281028781,WMT,Walmart,Stock
2017-08-01,23.24625587463379,26.833332061767575,0.0,26.90999984741211,26.666667938232425,26.75,0.0,17179500,0.6355292581918779,0.4038974380179186,WMT,Walmart,Stock
2017-08-02,23.254911422729492,26.843332290649418,0.0,27.036666870117188,26.766666412353516,26.780000686645508,0.0,26019000,0.037227229760989,0.0013858666356774,WMT,Walmart,Stock
2017-08-03,23.353105545043945,26.956666946411133,0.0,27.253332138061523,26.88999938964844,27.11333274841309,0.0,29840700,0.4213621346106989,0.1775460484836847,WMT,Walmart,Stock
2017-08-04,23.240482330322266,26.82666778564453,0.0,27.13333320617676,26.73666763305664,27.020000457763672,0.0,21425400,-0.4834288973832454,0.2337034988251804,WMT,Walmart,Stock
2017-08-07,23.471500396728516,27.093332290649418,0.0,27.149999618530273,26.84666633605957,26.856666564941406,0.0,16453500,0.9891250014339942,0.978368268461799,WMT,Walmart,Stock
2017-08-08,23.561019897460938,27.196666717529297,0.0,27.286666870117188,26.96666717529297,27.05666732788086,0.0,22144200,0.3806711112867304,0.1449104949682743,WMT,Walmart,Stock
2017-08-09,23.71503257751465,27.203332901000977,0.17,27.329999923706055,26.96666717529297,27.036666870117188,0.0,19819500,0.651548582549986,0.424515555422896,WMT,Walmart,Stock
2017-08-10,23.4389705657959,26.88666725158691,0.0,27.13333320617676,26.850000381469727,27.023332595825195,0.0,24135000,-1.1709087134919112,1.3710272153312826,WMT,Walmart,Stock
2017-08-11,23.363420486450195,26.799999237060547,0.0,27.083332061767575,26.786666870117188,26.90999984741211,0.0,23716500,-0.3228473728325639,0.1042304261448885,WMT,Walmart,Stock
2017-08-14,23.450592041015625,26.899999618530273,0.0,27.079999923706055,26.833332061767575,26.86333274841309,0.0,23376000,0.3724169350617585,0.138694373520794,WMT,Walmart,Stock
2017-08-15,23.470932006835938,26.92333221435547,0.0,27.13333320617676,26.84666633605957,26.94333267211914,0.0,21198300,0.0866978108964127,0.0075165104142301,WMT,Walmart,Stock
2017-08-16,23.531957626342773,26.99333381652832,0.0,27.14666748046875,26.84666633605957,27.09000015258789,0.0,34608000,0.2596676684052024,0.0674272980149941,WMT,Walmart,Stock
2017-08-17,23.16000747680664,26.566667556762695,0.0,26.60333251953125,26.11000061035156,26.28333282470703,0.0,51881100,-1.5932420780732366,2.538420319343125,WMT,Walmart,Stock
2017-08-18,23.04667091369629,26.43666648864746,0.0,26.78333282470703,26.426666259765625,26.540000915527344,0.0,29259000,-0.4905645432585813,0.2406535711025004,WMT,Walmart,Stock
2017-08-21,23.16290855407715,26.56999969482422,0.0,26.690000534057617,26.26333236694336,26.37333297729492,0.0,28841700,0.5030899951207497,0.2530995431905959,WMT,Walmart,Stock
2017-08-22,23.253000259399418,26.67333221435547,0.0,26.719999313354492,26.56999969482422,26.600000381469727,0.0,19638300,0.3881937066888116,0.1506943539127991,WMT,Walmart,Stock
2017-08-23,23.235557556152344,26.65333366394043,0.0,26.85333251953125,26.62666702270508,26.78333282470703,0.0,23397900,-0.0750408482654761,0.0056311289084022,WMT,Walmart,Stock
2017-08-24,22.76480484008789,26.11333274841309,0.0,26.959999084472656,25.950000762939453,26.8700008392334,0.0,57384000,-2.046806269563127,4.1894159051229245,WMT,Walmart,Stock
2017-08-25,22.849075317382812,26.209999084472656,0.0,26.36333274841309,26.15999984741211,26.166667938232425,0.0,29706600,0.3694953066060135,0.1365267816038719,WMT,Walmart,Stock
2017-08-28,22.674724578857425,26.010000228881836,0.0,26.15333366394043,25.953332901000977,26.13666725158691,0.0,25864500,-0.765979955049945,0.5867252915383158,WMT,Walmart,Stock
2017-08-29,22.88974952697754,26.25666618347168,0.0,26.32666778564453,25.833332061767575,25.88999938964844,0.0,22995600,0.9438341979383232,0.8908229931978779,WMT,Walmart,Stock
2017-08-30,22.822919845581055,26.18000030517578,0.0,26.36666679382324,26.17333221435547,26.273332595825195,0.0,17489400,-0.2923904025975331,0.0854921475311474,WMT,Walmart,Stock
2017-08-31,22.686342239379883,26.023332595825195,0.0,26.25,26.020000457763672,26.200000762939453,0.0,24584400,-0.6002207461870681,0.3602649441533608,WMT,Walmart,Stock
2017-09-01,22.77351951599121,26.12333297729492,0.0,26.166667938232425,26.06999969482422,26.10333251953125,0.0,19423200,0.3835356294963029,0.1470995790931253,WMT,Walmart,Stock
2017-09-05,23.189058303833008,26.600000381469727,0.0,26.6299991607666,25.96666717529297,25.983333587646484,0.0,36205500,1.8082106340723625,3.2696256971723745,WMT,Walmart,Stock
2017-09-06,23.270431518554688,26.69333267211914,0.0,26.799999237060547,26.573333740234375,26.62666702270508,0.0,25278300,0.3502978540775441,0.1227085865713323,WMT,Walmart,Stock
2017-09-07,23.282060623168945,26.706666946411133,0.0,26.920000076293945,26.666667938232425,26.773332595825195,0.0,20462400,0.0499612558689818,0.0024961270880058,WMT,Walmart,Stock
2017-09-08,22.921724319458008,26.293333053588867,0.0,26.62666702270508,25.90999984741211,26.579999923706055,0.0,29998800,-1.5598012582179674,2.4329799651383546,WMT,Walmart,Stock
2017-09-11,22.979841232299805,26.36000061035156,0.0,26.450000762939453,26.219999313354492,26.38333320617676,0.0,21000600,0.2532242340679284,0.064122512719289,WMT,Walmart,Stock
2017-09-12,23.133852005004883,26.536666870117188,0.0,26.63666725158691,26.38999938964844,26.433332443237305,0.0,18015000,0.6679636113459637,0.4461753860823416,WMT,Walmart,Stock
2017-09-13,23.20650100708008,26.6200008392334,0.0,26.893333435058594,26.530000686645508,26.536666870117188,0.0,26471100,0.3135455682628523,0.098310823377275,WMT,Walmart,Stock
2017-09-14,23.15419578552246,26.559999465942383,0.0,26.606666564941406,26.406667709350582,26.59666633605957,0.0,20817900,-0.2256447696829059,0.0509155620852516,WMT,Walmart,Stock
2017-09-15,23.357603073120117,26.793333053588867,0.0,26.916667938232425,26.42333221435547,26.60333251953125,0.0,39953400,0.8746536979488498,0.7650190913355979,WMT,Walmart,Stock
2017-09-18,23.24718856811523,26.666667938232425,0.0,27.040000915527344,26.649999618530273,26.73666763305664,0.0,24528300,-0.4738341603980389,0.2245188115601145,WMT,Walmart,Stock
2017-09-19,23.261714935302734,26.683332443237305,0.0,26.81999969482422,26.566667556762695,26.726667404174805,0.0,18523200,0.0624670399240759,0.0039021310768761,WMT,Walmart,Stock
2017-09-20,23.392475128173828,26.833332061767575,0.0,26.85333251953125,26.62333297729492,26.72333335876465,0.0,15954600,0.5605521608549168,0.3142187250391164,WMT,Walmart,Stock
2017-09-21,23.250089645385746,26.670000076293945,0.0,26.856666564941406,26.573333740234375,26.856666564941406,0.0,19290900,-0.6105407186581667,0.3727599691396307,WMT,Walmart,Stock
2017-09-22,23.110605239868164,26.510000228881836,0.0,26.69333267211914,26.416667938232425,26.6299991607666,0.0,17265900,-0.6017374275460092,0.3620879317096887,WMT,Walmart,Stock
2017-09-25,23.00018310546875,26.38333320617676,0.0,26.700000762939453,26.286666870117188,26.30666732788086,0.0,25643400,-0.4789436461190644,0.2293870161578236,WMT,Walmart,Stock
2017-09-26,23.069923400878903,26.463333129882812,0.0,26.51333236694336,26.30666732788086,26.34666633605957,0.0,17505900,0.3027574884018184,0.0916620967833772,WMT,Walmart,Stock
2017-09-27,23.040864944458008,26.43000030517578,0.0,26.523332595825195,26.22333335876465,26.47333335876465,0.0,18943800,-0.1260375773669163,0.0158854709085214,WMT,Walmart,Stock
2017-09-28,22.942066192626953,26.316667556762695,0.0,26.36000061035156,26.040000915527344,26.333332061767575,0.0,37118400,-0.4297199044167845,0.1846591962519704,WMT,Walmart,Stock
2017-09-29,22.70668601989746,26.046667098999023,0.0,26.333332061767575,25.99333381652832,26.28333282470703,0.0,31060200,-1.0312757630043123,1.0635296993601266,WMT,Walmart,Stock
2017-10-02,22.79676628112793,26.149999618530273,0.0,26.27666664123535,25.833332061767575,25.96666717529297,0.0,23127600,0.3959276685575628,0.1567587187294273,WMT,Walmart,Stock
2017-10-03,23.020519256591797,26.406667709350582,0.0,26.553333282470703,26.25,26.27666664123535,0.0,23810100,0.9767263671809394,0.9539943963464752,WMT,Walmart,Stock
2017-10-04,22.98274803161621,26.36333274841309,0.0,26.593332290649418,26.356666564941406,26.42333221435547,0.0,18520200,-0.1642110906016694,0.0269652822765896,WMT,Walmart,Stock
2017-10-05,23.07573127746582,26.469999313354492,0.0,26.60333251953125,26.36000061035156,26.38999938964844,0.0,15416100,0.4037622325582702,0.1630239404404387,WMT,Walmart,Stock
2017-10-06,22.956592559814453,26.333332061767575,0.0,26.38999938964844,26.083332061767575,26.260000228881836,0.0,18740100,-0.5176318453615373,0.2679427273323904,WMT,Walmart,Stock
2017-10-09,23.40118980407715,26.843332290649418,0.0,27.12666702270508,26.46666717529297,26.5,0.0,40479000,1.9181714634837512,3.6793817633233967,WMT,Walmart,Stock
2017-10-10,24.44731903076172,28.043333053588867,0.0,28.293333053588867,27.536666870117188,27.559999465942383,0.0,75372000,4.37336914160619,19.126357648753263,WMT,Walmart,Stock
2017-10-11,24.912260055541992,28.57666778564453,0.0,28.76333236694336,28.03333282470703,28.19333267211914,0.0,55683000,1.8839495188829816,3.5492657896994184,WMT,Walmart,Stock
2017-10-12,25.01978302001953,28.700000762939453,0.0,28.790000915527344,28.35333251953125,28.566667556762695,0.0,38631000,0.4306778735751327,0.185483430787198,WMT,Walmart,Stock
2017-10-13,25.170883178710938,28.87333297729492,0.0,28.983333587646484,28.746667861938477,28.746667861938477,0.0,28167000,0.6021064338207207,0.3625321576483059,WMT,Walmart,Stock
2017-10-16,24.91516494750977,28.579999923706055,0.0,28.87333297729492,28.34000015258789,28.86000061035156,0.0,27900900,-1.021124495672138,1.042695235661678,WMT,Walmart,Stock
2017-10-17,24.98491096496582,28.65999984741211,0.0,28.786666870117188,28.440000534057617,28.5,0.0,17554500,0.2795429129091053,0.0781442401577076,WMT,Walmart,Stock
2017-10-18,25.05465316772461,28.739999771118164,0.0,28.790000915527344,28.670000076293945,28.71666717529297,0.0,16416300,0.2787484228772346,0.0777006832565456,WMT,Walmart,Stock
2017-10-19,25.10695457458496,28.799999237060547,0.0,28.88666725158691,28.59000015258789,28.71666717529297,0.0,21087000,0.2085316965196155,0.043485468453349,WMT,Walmart,Stock
2017-10-20,25.409175872802734,29.14666748046875,0.0,29.149999618530273,28.760000228881836,28.86666679382324,0.0,22853400,1.196548117813092,1.4317273982420529,WMT,Walmart,Stock
2017-10-23,25.76078987121582,29.549999237060547,0.0,29.63999938964844,29.086666107177734,29.11333274841309,0.0,31758000,1.3743199846112004,1.8887554201017305,WMT,Walmart,Stock
2017-10-24,25.56609535217285,29.32666778564453,0.0,29.600000381469727,29.303333282470703,29.56333351135254,0.0,23102700,-0.7586490081974118,0.5755483176389166,WMT,Walmart,Stock
2017-10-25,25.711387634277344,29.49333381652832,0.0,29.53333282470703,29.143333435058594,29.28333282470703,0.0,19224000,0.5666918985422362,0.3211397078734042,WMT,Walmart,Stock
2017-10-26,25.75206756591797,29.540000915527344,0.0,29.703332901000977,29.34000015258789,29.553333282470703,0.0,19454700,0.1580925336438178,0.0249932491939216,WMT,Walmart,Stock
2017-10-27,25.62129592895508,29.38999938964844,0.0,29.463333129882812,29.049999237060547,29.3799991607666,0.0,19851000,-0.5091039812031717,0.2591868636769194,WMT,Walmart,Stock
2017-10-30,25.26678466796875,28.983333587646484,0.0,29.316667556762695,28.796667098999023,29.31333351135254,0.0,21156000,-1.393320369085311,1.941341650908028,WMT,Walmart,Stock
2017-10-31,25.37138938903809,29.10333251953125,0.0,29.15333366394043,28.86666679382324,28.953332901000977,0.0,18020700,0.4131462945046606,0.1706898606629318,WMT,Walmart,Stock
2017-11-01,25.554460525512695,29.31333351135254,0.0,29.46666717529297,29.0,29.023332595825195,0.0,18528300,0.718974451666665,0.5169242621493816,WMT,Walmart,Stock
2017-11-02,25.80436897277832,29.600000381469727,0.0,29.72333335876465,29.266666412353516,29.426666259765625,0.0,15549300,0.973193595408054,0.947105774143255,WMT,Walmart,Stock
2017-11-03,26.060094833374023,29.893333435058594,0.0,29.959999084472656,29.586666107177734,29.67333221435547,0.0,19536300,0.9861393108421662,0.9724707403882624,WMT,Walmart,Stock
2017-11-06,25.77530860900879,29.566667556762695,0.0,29.893333435058594,29.559999465942383,29.80666732788086,0.0,15772200,-1.0988207706993147,1.207407086120236,WMT,Walmart,Stock
2017-11-07,25.847959518432617,29.649999618530273,0.0,29.68666648864746,29.43666648864746,29.62333297729492,0.0,16047900,0.2814659358955764,0.0792230730695727,WMT,Walmart,Stock
2017-11-08,26.228628158569336,30.086666107177734,0.0,30.13999938964844,29.700000762939453,29.703332901000977,0.0,20302500,1.4619829655435856,2.137394191539617,WMT,Walmart,Stock
2017-11-09,26.240257263183594,30.100000381469727,0.0,30.190000534057617,29.78333282470703,29.979999542236328,0.0,20713500,0.0443276227852021,0.0019649381417871,WMT,Walmart,Stock
2017-11-10,26.420427322387695,30.30666732788086,0.0,30.56333351135254,30.066667556762695,30.079999923706055,0.0,22943400,0.6842704899268357,0.4682261033847117,WMT,Walmart,Stock
2017-11-13,26.44076156616211,30.329999923706055,0.0,30.65999984741211,30.290000915527344,30.34666633605957,0.0,25474800,0.0769344965746418,0.0059189167631935,WMT,Walmart,Stock
2017-11-14,26.469823837280273,30.36333274841309,0.0,30.399999618530273,30.059999465942383,30.233333587646484,0.0,29502300,0.1098542902871117,0.012067965094485,WMT,Walmart,Stock
2017-11-15,26.103673934936523,29.94333267211914,0.0,30.28333282470703,29.88333320617676,30.11333274841309,0.0,25300200,-1.3929292819866208,1.9402519846157629,WMT,Walmart,Stock
2017-11-16,28.94855308532715,33.206668853759766,0.0,33.22666549682617,31.573333740234375,31.706666946411133,0.0,114367200,10.34441547755013,107.0069315721787,WMT,Walmart,Stock
2017-11-17,28.323793411254883,32.4900016784668,0.0,33.37666702270508,32.19333267211914,33.08000183105469,0.0,70726500,-2.1818014995728228,4.7602577835382185,WMT,Walmart,Stock
2017-11-20,28.32669448852539,32.49333190917969,0.0,32.54666519165039,31.920000076293945,32.14666748046875,0.0,49182900,0.0102420204329959,0.0001048989825499,WMT,Walmart,Stock
2017-11-21,28.047731399536133,32.17333221435547,0.0,32.63999938964844,32.106666564941406,32.58000183105469,0.0,38239500,-0.9896876521031548,0.9794816487254552,WMT,Walmart,Stock
2017-11-22,28.015764236450195,32.13666534423828,0.0,32.27000045776367,32.03666687011719,32.21666717529297,0.0,26754600,-0.1140391486036451,0.0130049274142442,WMT,Walmart,Stock
2017-11-24,28.076793670654297,32.206668853759766,0.0,32.40999984741211,32.176666259765625,32.290000915527344,0.0,13488300,0.2176026929876952,0.0473509319954971,WMT,Walmart,Stock
2017-11-27,28.076793670654297,32.206668853759766,0.0,32.54999923706055,32.099998474121094,32.28333282470703,0.0,26714700,0.0,0.0,WMT,Walmart,Stock
2017-11-28,28.12037467956543,32.25666809082031,0.0,32.29666519165039,31.940000534057617,32.1966667175293,0.0,26128800,0.1551004042628162,0.024056135402489,WMT,Walmart,Stock
2017-11-29,28.349943161010746,32.52000045776367,0.0,32.753334045410156,32.293331146240234,32.40666580200195,0.0,34272000,0.8130634106565504,0.6610721097484623,WMT,Walmart,Stock
2017-11-30,28.254047393798828,32.40999984741211,0.0,32.813331604003906,32.16999816894531,32.6966667175293,0.0,38564100,-0.3388307361981199,0.1148062677925599,WMT,Walmart,Stock
2017-12-01,28.288915634155273,32.45000076293945,0.0,32.56999969482422,32.07666778564453,32.53666687011719,0.0,24888600,0.1233336313100445,0.0152111846121219,WMT,Walmart,Stock
2017-12-04,28.190114974975582,32.336666107177734,0.0,32.6533317565918,32.22666549682617,32.57666778564453,0.0,26869500,-0.3498670529451036,0.1224069547364919,WMT,Walmart,Stock
2017-12-05,28.428394317626953,32.61000061035156,0.0,32.64666748046875,32.30666732788086,32.33333206176758,0.0,27030300,0.8417061925749335,0.7084693146189911,WMT,Walmart,Stock
2017-12-06,28.268571853637695,32.426666259765625,0.0,32.71333312988281,32.413333892822266,32.663333892822266,0.0,21423000,-0.5637793275646735,0.3178471301892754,WMT,Walmart,Stock
2017-12-07,28.2714900970459,32.2599983215332,0.17,32.526668548583984,32.21666717529297,32.35333251953125,0.0,22507800,0.0103227457137953,0.0001065590790716,WMT,Walmart,Stock
2017-12-08,28.20430374145508,32.18333435058594,0.0,32.233333587646484,32.04666519165039,32.099998474121094,0.0,17463300,-0.2379298553233416,0.0566106160541862,WMT,Walmart,Stock
2017-12-11,28.315317153930664,32.310001373291016,0.0,32.42333221435547,32.0966682434082,32.31999969482422,0.0,26786700,0.3928319174023516,0.154316915330008,WMT,Walmart,Stock
2017-12-12,28.24812126159668,32.233333587646484,0.0,32.413333892822266,32.20000076293945,32.28333282470703,0.0,23431800,-0.2375949052147919,0.0564513389840259,WMT,Walmart,Stock
2017-12-13,28.55777359008789,32.586666107177734,0.0,32.63666534423828,32.18333435058594,32.220001220703125,0.0,23638200,1.0902227536874929,1.1885856526579393,WMT,Walmart,Stock
2017-12-14,28.373735427856445,32.37666702270508,0.0,32.856666564941406,32.366668701171875,32.66666793823242,0.0,28157400,-0.6465270514259696,0.4179972282255583,WMT,Walmart,Stock
2017-12-15,28.36789321899414,32.369998931884766,0.0,32.83000183105469,32.3033332824707,32.56999969482422,0.0,48428400,-0.0205923200382939,0.0004240436445595,WMT,Walmart,Stock
2017-12-18,28.598669052124023,32.633331298828125,0.0,32.723331451416016,32.45333480834961,32.459999084472656,0.0,23893200,0.810219491500849,0.6564556244078944,WMT,Walmart,Stock
2017-12-19,28.861583709716797,32.93333435058594,0.0,33.3033332824707,32.76333236694336,33.3033332824707,0.0,36036600,0.9151247332753246,0.8374532774522341,WMT,Walmart,Stock
2017-12-20,28.84697723388672,32.91666793823242,0.0,33.21666717529297,32.81666564941406,33.150001525878906,0.0,32189400,-0.0506215227105219,0.0025625385615318,WMT,Walmart,Stock
2017-12-21,28.645408630371097,32.686668395996094,0.0,33.11000061035156,32.65999984741211,33.0,0.0,22107300,-0.7012039121015237,0.4916869263464813,WMT,Walmart,Stock
2017-12-22,28.689224243164062,32.73666763305664,0.0,32.80666732788086,32.560001373291016,32.76333236694336,0.0,16436100,0.1528417262887908,0.0233605932949376,WMT,Walmart,Stock
2017-12-26,28.96674346923828,33.0533332824707,0.0,33.14666748046875,32.78333282470703,32.78333282470703,0.0,12887700,0.9626804660415998,0.926753679698072,WMT,Walmart,Stock
2017-12-27,28.995952606201172,33.086666107177734,0.0,33.20000076293945,32.94333267211914,33.186668395996094,0.0,15422400,0.1007859931062736,0.0101578164064178,WMT,Walmart,Stock
2017-12-28,29.036849975585938,33.133331298828125,0.0,33.206668853759766,33.040000915527344,33.17333221435547,0.0,29291700,0.140945721508399,0.0198656964115231,WMT,Walmart,Stock
2017-12-29,28.84697723388672,32.91666793823242,0.0,33.22999954223633,32.91666793823242,33.133331298828125,0.0,21432900,-0.6560499948435234,0.4304015957341871,WMT,Walmart,Stock
2018-01-02,28.800233840942383,32.86333465576172,0.0,33.26333236694336,32.84000015258789,33.099998474121094,0.0,30451500,-0.1621705623468131,0.0262992912918816,WMT,Walmart,Stock
2018-01-03,29.05146217346191,33.150001525878906,0.0,33.33333206176758,32.92333221435547,32.95000076293945,0.0,26710800,0.8685308438679427,0.7543458267499605,WMT,Walmart,Stock
2018-01-04,29.0777530670166,33.18000030517578,0.0,33.2599983215332,32.970001220703125,33.18000030517578,0.0,20491200,0.090456735872359,0.0081824210646817,WMT,Walmart,Stock
2018-01-05,29.250099182128903,33.37666702270508,0.0,33.459999084472656,33.20333480834961,33.21333312988281,0.0,21852000,0.5909582130623748,0.3492316095858752,WMT,Walmart,Stock
2018-01-08,29.682437896728516,33.869998931884766,0.0,33.91666793823242,33.4033317565918,33.41666793823242,0.0,26531700,1.467258978944055,2.152848911291952,WMT,Walmart,Stock
2018-01-09,29.3260555267334,33.46333312988281,0.0,34.116668701171875,33.436668395996094,34.0099983215332,0.0,21938100,-1.2079166320298265,1.4590625899342793,WMT,Walmart,Stock
2018-01-10,29.1157283782959,33.223331451416016,0.0,33.29666519165039,32.84333419799805,33.25,0.0,23791200,-0.719786572063552,0.518092709322999,WMT,Walmart,Stock
2018-01-11,29.21796989440918,33.34000015258789,0.0,33.483333587646484,32.926666259765625,33.233333587646484,0.0,19613100,0.3505405068934589,0.1228786469731231,WMT,Walmart,Stock
2018-01-12,29.46626663208008,33.62333297729492,0.0,33.813331604003906,33.43333435058594,33.46333312988281,0.0,20853600,0.8462177717377203,0.7160845172047524,WMT,Walmart,Stock
2018-01-16,29.413684844970703,33.563331604003906,0.0,33.970001220703125,33.4466667175293,33.779998779296875,0.0,21512100,-0.1786068084924755,0.0319003920398678,WMT,Walmart,Stock
2018-01-17,30.000856399536133,34.233333587646484,0.0,34.313331604003906,33.56666564941406,33.71666717529297,0.0,26045700,1.976589094188757,3.906904447265931,WMT,Walmart,Stock
2018-01-18,30.46824073791504,34.766666412353516,0.0,34.97999954223633,34.540000915527344,34.913333892822266,0.0,36923700,1.5458925909735803,2.389783902827009,WMT,Walmart,Stock
2018-01-19,30.552955627441406,34.86333465576172,0.0,34.97666549682617,34.5533332824707,34.880001068115234,0.0,25135800,0.2776574338004546,0.0770936505446538,WMT,Walmart,Stock
2018-01-22,30.80419158935547,35.150001525878906,0.0,35.150001525878906,34.68000030517578,34.83333206176758,0.0,21924900,0.8189343129885164,0.6706534089899733,WMT,Walmart,Stock
2018-01-23,30.935646057128903,35.29999923706055,0.0,35.383331298828125,34.856666564941406,35.0966682434082,0.0,24863400,0.4258341823635214,0.1813347508692088,WMT,Walmart,Stock
2018-01-24,30.90351676940918,35.26333236694336,0.0,35.47999954223633,34.939998626708984,35.45000076293945,0.0,20469300,-0.103912437174791,0.0107977945996048,WMT,Walmart,Stock
2018-01-25,31.140125274658203,35.53333282470703,0.0,35.60333251953125,35.28333282470703,35.28333282470703,0.0,17571300,0.7627200612181394,0.5817418917846023,WMT,Walmart,Stock
2018-01-26,31.66301918029785,36.130001068115234,0.0,36.13666534423828,35.560001373291016,35.66666793823242,0.0,20358900,1.6652223170595977,2.7729653652333353,WMT,Walmart,Stock
2018-01-29,32.001895904541016,36.51666641235352,0.0,36.65999984741211,35.996665954589844,36.03666687011719,0.0,25065600,1.064573554339589,1.1333168525992257,WMT,Walmart,Stock
2018-01-30,31.47021484375,35.90999984741211,0.0,36.45333480834961,35.71666717529297,36.380001068115234,0.0,27541500,-1.675361007023206,2.8068345038538114,WMT,Walmart,Stock
2018-01-31,31.140125274658203,35.53333282470703,0.0,36.060001373291016,35.356666564941406,35.92333221435547,0.0,29438400,-1.054434864375985,1.111832883211602,WMT,Walmart,Stock
2018-02-01,30.82463264465332,35.17333221435547,0.0,35.52000045776367,35.060001373291016,35.31999969482422,0.0,19160400,-1.0183057816603445,1.0369466649628851,WMT,Walmart,Stock
2018-02-02,30.52083396911621,34.82666778564453,0.0,35.4900016784668,34.71666717529297,35.04999923706055,0.0,27759300,-0.9904600156614854,0.98101104262415,WMT,Walmart,Stock
2018-02-05,29.23842430114746,33.36333465576172,0.0,34.869998931884766,32.36333465576172,34.46666717529297,0.0,37684800,-4.2925786414495,18.42623139302844,WMT,Walmart,Stock
2018-02-06,29.47502899169922,33.633331298828125,0.0,33.69333267211914,32.41666793823242,32.54666519165039,0.0,49241400,0.8059685066084944,0.6495852336447266,WMT,Walmart,Stock
2018-02-07,30.0446720123291,34.28333282470703,0.0,34.86333465576172,33.336666107177734,33.5,0.0,33495600,1.9141911152785471,3.664127625811329,WMT,Walmart,Stock
2018-02-08,29.21796989440918,33.34000015258789,0.0,34.49333190917969,33.33333206176758,34.40999984741211,0.0,41925300,-2.790141384719144,7.784888946722462,WMT,Walmart,Stock
2018-02-09,29.02808952331543,33.12333297729492,0.0,33.70000076293945,32.143333435058594,33.5099983215332,0.0,42553800,-0.6519961887247284,0.4250990301115717,WMT,Walmart,Stock
2018-02-12,29.08067321777344,33.18333435058594,0.0,33.483333587646484,32.93333435058594,33.37666702270508,0.0,27405300,0.180983749543979,0.0327551175989977,WMT,Walmart,Stock
2018-02-13,29.498403549194336,33.65999984741211,0.0,33.7400016784668,33.11000061035156,33.11000061035156,0.0,19868400,1.4262341965170275,2.0341439833145714,WMT,Walmart,Stock
2018-02-14,29.708738327026367,33.900001525878906,0.0,34.08333206176758,33.4033317565918,33.619998931884766,0.0,21922800,0.710507739476964,0.5048212478566654,WMT,Walmart,Stock
2018-02-15,30.155685424804688,34.40999984741211,0.0,34.54666519165039,33.94333267211914,34.18333435058594,0.0,22484700,1.4932254399794809,2.2297222146019138,WMT,Walmart,Stock
2018-02-16,30.608470916748047,34.926666259765625,0.0,34.97999954223633,33.99333190917969,34.36333465576172,0.0,48192900,1.4903321293923977,2.221089855899278,WMT,Walmart,Stock
2018-02-20,27.49153709411621,31.3700008392334,0.0,32.64666748046875,31.36666679382324,32.33000183105469,0.0,156265500,-10.739858271533151,115.3445556926191,WMT,Walmart,Stock
2018-02-21,26.73493766784668,30.50666618347168,0.0,31.780000686645508,30.413333892822266,31.703332901000977,0.0,148511100,-2.7906978361443064,7.787994412660514,WMT,Walmart,Stock
2018-02-22,27.100086212158203,30.92333221435547,0.0,31.1299991607666,30.43666648864746,30.476667404174805,0.0,61095000,1.3565672224397016,1.840274628997767,WMT,Walmart,Stock
2018-02-23,27.135141372680664,30.963333129882812,0.0,31.163333892822266,30.586666107177734,30.959999084472656,0.0,38374500,0.1292708336084055,0.016710948421812,WMT,Walmart,Stock
2018-02-26,27.20233726501465,31.040000915527344,0.0,31.266666412353516,30.739999771118164,30.96666717529297,0.0,44097900,0.2473280993981877,0.0611711887519198,WMT,Walmart,Stock
2018-02-27,26.73493766784668,30.50666618347168,0.0,31.239999771118164,30.503332138061523,31.209999084472656,0.0,40128300,-1.7331661554462814,3.0038649223844436,WMT,Walmart,Stock
2018-02-28,26.293832778930664,30.003332138061523,0.0,30.700000762939453,30.0,30.666667938232425,0.0,42431100,-1.6636820328897215,2.7678379065600764,WMT,Walmart,Stock
2018-03-01,26.02216339111328,29.69333267211914,0.0,30.059999465942383,29.23666763305664,30.05666732788086,0.0,56728800,-1.038580356555848,1.0786491570236725,WMT,Walmart,Stock
2018-03-02,25.93160629272461,29.59000015258789,0.0,29.63333320617676,29.079999923706055,29.09000015258789,0.0,57130200,-0.348606811975155,0.121526709355481,WMT,Walmart,Stock
2018-03-05,26.28506851196289,29.99333381652832,0.0,30.166667938232425,29.356666564941406,29.3799991607666,0.0,40149600,1.3538495869773104,1.8329087041586336,WMT,Walmart,Stock
2018-03-06,26.01630973815918,29.68666648864746,0.0,30.166667938232425,29.543333053588867,30.11666679382324,0.0,33164100,-1.0277401798135928,1.056249877203276,WMT,Walmart,Stock
2018-03-07,25.630718231201172,29.246667861938477,0.0,29.510000228881836,29.11333274841309,29.32666778564453,0.0,34359000,-1.4932075923972947,2.2296689139929255,WMT,Walmart,Stock
2018-03-08,25.83642578125,29.30666732788086,0.173333,29.37666702270508,29.11333274841309,29.25666618347168,0.0,28766100,0.7993785137986167,0.6390060083228852,WMT,Walmart,Stock
2018-03-09,26.071516036987305,29.573333740234375,0.0,29.573333740234375,29.176666259765625,29.413333892822266,0.0,29263200,0.9058030616862558,0.8204791865601949,WMT,Walmart,Stock
2018-03-12,25.880502700805664,29.356666564941406,0.0,29.81333351135254,29.293333053588867,29.566667556762695,0.0,25422000,-0.7353485063930332,0.5407374258544647,WMT,Walmart,Stock
2018-03-13,25.948095321655273,29.433332443237305,0.0,29.63333320617676,29.32666778564453,29.463333129882812,0.0,21519000,0.260831516767751,0.0680330801393655,WMT,Walmart,Stock
2018-03-14,25.762954711914062,29.22333335876465,0.0,29.663333892822266,29.166667938232425,29.503332138061523,0.0,33121800,-0.716061270080914,0.5127437425098917,WMT,Walmart,Stock
2018-03-15,25.715940475463867,29.170000076293945,0.0,29.59666633605957,28.63333320617676,29.226667404174805,0.0,49845600,-0.1826544619889922,0.0333626524844882,WMT,Walmart,Stock
2018-03-16,26.20375061035156,29.72333335876465,0.0,30.030000686645508,29.166667938232425,29.239999771118164,0.0,85188000,1.8791502000480145,3.531205474340493,WMT,Walmart,Stock
2018-03-19,25.698312759399418,29.149999618530273,0.0,29.69333267211914,29.03333282470703,29.63666725158691,0.0,36160200,-1.9477215227691391,3.793619130258135,WMT,Walmart,Stock
2018-03-20,25.84523582458496,29.316667556762695,0.0,29.38333320617676,29.12333297729492,29.286666870117188,0.0,24774000,0.5700944818419666,0.3250077182266604,WMT,Walmart,Stock
2018-03-21,25.91282844543457,29.393333435058594,0.0,29.893333435058594,29.226667404174805,29.296667098999023,0.0,35508000,0.2611869675906371,0.0682186320391925,WMT,Walmart,Stock
2018-03-22,25.607213973999023,29.046667098999023,0.0,29.42333221435547,28.996667861938477,29.176666259765625,0.0,36744600,-1.1864045207258989,1.4075556867988497,WMT,Walmart,Stock
2018-03-23,25.101762771606445,28.47333335876465,0.0,29.229999542236328,28.426666259765625,29.11666679382324,0.0,30375300,-1.9936034031646916,3.97445452910984,WMT,Walmart,Stock
2018-03-26,25.713003158569336,29.166667938232425,0.0,29.229999542236328,28.703332901000977,28.739999771118164,0.0,27599400,2.4058749808030857,5.788234423254248,WMT,Walmart,Stock
2018-03-27,25.286901473999023,28.683332443237305,0.0,29.34666633605957,28.49333381652832,29.31999969482422,0.0,19637400,-1.6710290058773316,2.7923379384833833,WMT,Walmart,Stock
2018-03-28,25.79234313964844,29.25666618347168,0.0,29.413333892822266,28.729999542236328,28.753332138061523,0.0,34728900,1.979113698193,3.916891030375173,WMT,Walmart,Stock
2018-03-29,26.14497947692871,29.656667709350582,0.0,29.780000686645508,29.25666618347168,29.299999237060547,0.0,27823800,1.357951232121551,1.8440315488204384,WMT,Walmart,Stock
2018-04-02,25.139968872070312,28.516666412353516,0.0,29.413333892822266,28.280000686645508,29.333332061767575,0.0,57386700,-3.919821769063984,15.365002701227905,WMT,Walmart,Stock
2018-04-03,25.50729751586914,28.933332443237305,0.0,28.983333587646484,28.516666412353516,28.75,0.0,29086500,1.450562333846034,2.1041310843728533,WMT,Walmart,Stock
2018-04-04,25.630718231201172,29.073333740234375,0.0,29.166667938232425,28.479999542236328,28.53333282470703,0.0,19609800,0.4826974733670995,0.2329968507949817,WMT,Walmart,Stock
2018-04-05,25.804105758666992,29.270000457763672,0.0,29.450000762939453,29.016666412353516,29.200000762939453,0.0,19142700,0.6742054149197942,0.4545529415071719,WMT,Walmart,Stock
2018-04-06,25.4749698638916,28.89666748046875,0.0,29.299999237060547,28.709999084472656,28.94333267211914,0.0,19050000,-1.2837221059159452,1.647942445217269,WMT,Walmart,Stock
2018-04-09,25.3544864654541,28.760000228881836,0.0,29.149999618530273,28.746667861938477,28.950000762939453,0.0,25104300,-0.4740700876457617,0.2247424480004601,WMT,Walmart,Stock
2018-04-10,25.404447555541992,28.816667556762695,0.0,29.03333282470703,28.553333282470703,28.946666717529297,0.0,27382200,0.1968564044371259,0.0387524439679132,WMT,Walmart,Stock
2018-04-11,25.24575424194336,28.63666725158691,0.0,28.953332901000977,28.600000381469727,28.666667938232425,0.0,18837000,-0.6266266559215192,0.392660965911386,WMT,Walmart,Stock
2018-04-12,25.10470199584961,28.476667404174805,0.0,28.94333267211914,28.469999313354492,28.729999542236328,0.0,20568900,-0.5602833643336872,0.3139174483490752,WMT,Walmart,Stock
2018-04-13,25.27808952331543,28.67333221435547,0.0,28.75666618347168,28.39666748046875,28.6299991607666,0.0,22677600,0.6882834663732547,0.4737341300827832,WMT,Walmart,Stock
2018-04-16,25.51905632019043,28.946666717529297,0.0,29.21666717529297,28.706666946411133,28.733333587646484,0.0,21062100,0.948748597468178,0.9001239011978348,WMT,Walmart,Stock
2018-04-17,25.83054542541504,29.299999237060547,0.0,29.38999938964844,29.13666725158691,29.15999984741211,0.0,20405700,1.213224310740372,1.4719132281714506,WMT,Walmart,Stock
2018-04-18,25.733570098876953,29.190000534057617,0.0,29.520000457763672,29.170000076293945,29.399999618530273,0.0,17562000,-0.3761353797468925,0.141477823897339,WMT,Walmart,Stock
2018-04-19,25.827608108520508,29.296667098999023,0.0,29.34666633605957,28.86000061035156,29.13666725158691,0.0,19764900,0.3647632469982171,0.1330522263606823,WMT,Walmart,Stock
2018-04-20,25.560192108154297,28.99333381652832,0.0,29.459999084472656,28.88999938964844,29.290000915527344,0.0,24974700,-1.0407856074269548,1.0832346806270954,WMT,Walmart,Stock
2018-04-23,25.30159568786621,28.700000762939453,0.0,29.02666664123535,28.67333221435547,28.963333129882812,0.0,22081500,-1.016868103831494,1.034020740589858,WMT,Walmart,Stock
2018-04-24,25.427953720092773,28.843332290649418,0.0,28.969999313354492,28.523332595825195,28.92333221435547,0.0,25409100,0.4981644624002403,0.2481678315985205,WMT,Walmart,Stock
2018-04-25,25.616024017333984,29.05666732788086,0.0,29.233333587646484,28.6299991607666,28.773332595825195,0.0,20281200,0.7368984809779,0.5430193712675364,WMT,Walmart,Stock
2018-04-26,25.842302322387695,29.31333351135254,0.0,29.440000534057617,28.96666717529297,29.05666732788086,0.0,17347500,0.8794680263883159,0.7734640094393594,WMT,Walmart,Stock
2018-04-27,25.651287078857425,29.09666633605957,0.0,29.299999237060547,29.02666664123535,29.290000915527344,0.0,16953300,-0.7419025238077945,0.5504193548323751,WMT,Walmart,Stock
2018-04-30,25.99510955810547,29.48666763305664,0.0,29.88666725158691,29.30666732788086,29.31333351135254,0.0,26057700,1.3314677539742863,1.7728063798733311,WMT,Walmart,Stock
2018-05-01,25.68655586242676,29.13666725158691,0.0,29.336666107177734,28.78333282470703,29.22333335876465,0.0,20873100,-1.1940689576977588,1.425800675737412,WMT,Walmart,Stock
2018-05-02,25.372114181518555,28.780000686645508,0.0,29.083332061767575,28.719999313354492,29.043333053588867,0.0,18249000,-1.2317032775747132,1.517092963988291,WMT,Walmart,Stock
2018-05-03,25.339797973632812,28.74333381652832,0.0,28.76333236694336,28.37333297729492,28.729999542236328,0.0,20628300,-0.1274501823606564,0.0162435489837645,WMT,Walmart,Stock
2018-05-04,25.72181510925293,29.176666259765625,0.0,29.36666679382324,28.453332901000977,28.666667938232425,0.0,20914500,1.496326654450285,2.2389934568183816,WMT,Walmart,Stock
2018-05-07,25.1164608001709,28.489999771118164,0.0,29.166667938232425,28.42333221435547,29.163333892822266,0.0,32350800,-2.381602881786713,5.672032286534776,WMT,Walmart,Stock
2018-05-08,25.19580078125,28.579999923706055,0.0,28.61666679382324,28.30666732788086,28.50666618347168,0.0,19654200,0.3153905006544028,0.0994711679030348,WMT,Walmart,Stock
2018-05-09,24.408252716064453,27.68666648864746,0.0,27.893333435058594,27.333332061767575,27.520000457763672,0.0,96795600,-3.1756043785601213,10.084463169130215,WMT,Walmart,Stock
2018-05-10,24.45260429382324,27.56333351135254,0.173333,27.92333221435547,27.336666107177734,27.546667098999023,0.0,47572800,0.18154241515185,0.0329576484991666,WMT,Walmart,Stock
2018-05-11,24.656644821166992,27.793333053588867,0.0,27.84000015258789,27.316667556762695,27.56333351135254,0.0,29804400,0.8309705610377499,0.6905120733113929,WMT,Walmart,Stock
2018-05-14,24.9553165435791,28.1299991607666,0.0,28.26333236694336,27.88333320617676,27.963333129882812,0.0,28497600,1.204045647279898,1.4497259207336683,WMT,Walmart,Stock
2018-05-15,24.99376106262207,28.17333221435547,0.0,28.293333053588867,27.933332443237305,28.020000457763672,0.0,27968700,0.1539348811906273,0.0236959476471725,WMT,Walmart,Stock
2018-05-16,25.469865798950195,28.709999084472656,0.0,28.709999084472656,28.246667861938477,28.290000915527344,0.0,41200800,1.8869783763981391,3.5606873929941583,WMT,Walmart,Stock
2018-05-17,24.984891891479492,28.163333892822266,0.0,29.196666717529297,27.950000762939453,29.01333236694336,0.0,89162100,-1.9224702142587096,3.6958917247119296,WMT,Walmart,Stock
2018-05-18,24.73353576660156,27.8799991607666,0.0,28.14666748046875,27.829999923706055,28.079999923706055,0.0,36129300,-1.0111271744607142,1.0223781629329076,WMT,Walmart,Stock
2018-05-21,24.990806579589844,28.170000076293945,0.0,28.18000030517578,27.940000534057617,28.046667098999023,0.0,32147100,1.0347974314812924,1.0708057242002802,WMT,Walmart,Stock
2018-05-22,24.65369415283203,27.790000915527344,0.0,28.270000457763672,27.76333236694336,28.166667938232425,0.0,24201900,-1.3581266947597752,1.8445081190191115,WMT,Walmart,Stock
2018-05-23,24.5472354888916,27.670000076293945,0.0,27.67333221435547,27.38999938964844,27.649999618530273,0.0,28197600,-0.4327512949713974,0.1872736832994214,WMT,Walmart,Stock
2018-05-24,24.49991798400879,27.61666679382324,0.0,27.666667938232425,27.260000228881836,27.666667938232425,0.0,25728600,-0.1929470569118605,0.0372285667709487,WMT,Walmart,Stock
2018-05-25,24.384597778320312,27.48666763305664,0.0,27.780000686645508,27.440000534057617,27.61666679382324,0.0,17740500,-0.4718075562835978,0.2226023701663002,WMT,Walmart,Stock
2018-05-29,24.366846084594727,27.46666717529297,0.0,27.50666618347168,27.270000457763672,27.31999969482422,0.0,25284600,-0.0728253077388064,0.0053035254472518,WMT,Walmart,Stock
2018-05-30,24.87547492980957,28.040000915527344,0.0,28.07666778564453,27.420000076293945,27.483333587646484,0.0,27942300,2.065893420467905,4.26791562473258,WMT,Walmart,Stock
2018-05-31,24.408248901367188,27.51333236694336,0.0,28.10333251953125,27.503332138061523,27.979999542236328,0.0,34406100,-1.8961230623429888,3.5952826675489535,WMT,Walmart,Stock
2018-06-01,24.54132080078125,27.663333892822266,0.0,27.80666732788086,27.61666679382324,27.68000030517578,0.0,15713700,0.5437115302492909,0.2956222281260255,WMT,Walmart,Stock
2018-06-04,25.25990295410156,28.47333335876465,0.0,28.50666618347168,27.766666412353516,27.833332061767575,0.0,32766000,2.8860014837465413,8.329004564187239,WMT,Walmart,Stock
2018-06-05,25.023338317871097,28.206666946411133,0.0,28.489999771118164,28.083332061767575,28.483333587646484,0.0,24844200,-0.9409352922207476,0.8853592241465434,WMT,Walmart,Stock
2018-06-06,25.00559425354004,28.18666648864746,0.0,28.38333320617676,28.11666679382324,28.316667556762695,0.0,22088400,-0.070935213537754,0.0050318045196467,WMT,Walmart,Stock
2018-06-07,25.12092399597168,28.316667556762695,0.0,28.586666107177734,28.229999542236328,28.260000228881836,0.0,23117100,0.4601554225638548,0.2117430129149198,WMT,Walmart,Stock
2018-06-08,24.946453094482425,28.1200008392334,0.0,28.39666748046875,28.046667098999023,28.260000228881836,0.0,22807200,-0.6969472652663751,0.485735490562279,WMT,Walmart,Stock
2018-06-11,24.928709030151367,28.100000381469727,0.0,28.18000030517578,27.93000030517578,28.13666725158691,0.0,18756900,-0.071153914388679,0.0050628795328314,WMT,Walmart,Stock
2018-06-12,24.869565963745117,28.03333282470703,0.0,28.196666717529297,27.823333740234375,28.106666564941406,0.0,24185100,-0.237530694470856,0.0564208308158071,WMT,Walmart,Stock
2018-06-13,24.86660385131836,28.030000686645508,0.0,28.12333297729492,27.950000762939453,27.963333129882812,0.0,19075200,-0.0119113009356161,0.0001418790899788,WMT,Walmart,Stock
2018-06-14,24.77789878845215,27.93000030517578,0.0,28.270000457763672,27.88999938964844,28.073333740234375,0.0,22552200,-0.3573614501172475,0.127707206029902,WMT,Walmart,Stock
2018-06-15,24.751277923583984,27.899999618530273,0.0,27.996667861938477,27.68666648864746,27.833332061767575,0.0,37509000,-0.10749569929812,0.0115553253675918,WMT,Walmart,Stock
2018-06-18,24.544273376464844,27.666667938232425,0.0,27.856666564941406,27.606666564941406,27.683332443237305,0.0,25506900,-0.8398557615330583,0.7053577001802733,WMT,Walmart,Stock
2018-06-19,24.724668502807617,27.8700008392334,0.0,27.87333297729492,27.456666946411133,27.53333282470703,0.0,28057500,0.7322906707607096,0.5362496264831701,WMT,Walmart,Stock
2018-06-20,24.724668502807617,27.8700008392334,0.0,27.940000534057617,27.719999313354492,27.90333366394043,0.0,23899800,0.0,0.0,WMT,Walmart,Stock
2018-06-21,24.902097702026367,28.06999969482422,0.0,28.183332443237305,27.63333320617676,27.799999237060547,0.0,24276000,0.7150574933401197,0.5113072187818554,WMT,Walmart,Stock
2018-06-22,25.082473754882812,28.273332595825195,0.0,28.28333282470703,28.03333282470703,28.15333366394043,0.0,32439000,0.7217300481810683,0.5208942624474472,WMT,Walmart,Stock
2018-06-25,25.570405960083008,28.823333740234375,0.0,28.86666679382324,28.15999984741211,28.196666717529297,0.0,47818500,1.9266320132632837,3.711910914530933,WMT,Walmart,Stock
2018-06-26,25.425508499145508,28.65999984741211,0.0,29.016666412353516,28.586666107177734,28.843332290649418,0.0,30378600,-0.5682723896970866,0.3229335088920375,WMT,Walmart,Stock
2018-06-27,25.694602966308594,28.963333129882812,0.0,29.163333892822266,28.516666412353516,28.63333320617676,0.0,30899100,1.0528026835843047,1.1083934905623136,WMT,Walmart,Stock
2018-06-28,25.3900203704834,28.6200008392334,0.0,29.09666633605957,28.56333351135254,28.950000762939453,0.0,25401000,-1.1924770517193497,1.4220015188772726,WMT,Walmart,Stock
2018-06-29,25.32792282104492,28.549999237060547,0.0,28.733333587646484,28.50666618347168,28.63333320617676,0.0,24766800,-0.2448742064866251,0.0599633770024543,WMT,Walmart,Stock
2018-07-02,24.839994430541992,28.0,0.0,28.64666748046875,27.799999237060547,28.549999237060547,0.0,24375300,-1.9452423102834293,3.7839676457168134,WMT,Walmart,Stock
2018-07-03,24.970102310180664,28.14666748046875,0.0,28.350000381469727,28.030000686645508,28.030000686645508,0.0,13188600,0.5224168755335574,0.2729193918422444,WMT,Walmart,Stock
2018-07-05,25.0085506439209,28.190000534057617,0.0,28.52666664123535,28.09000015258789,28.31333351135254,0.0,16102500,0.1538590540257813,0.0236726085057082,WMT,Walmart,Stock
2018-07-06,24.990806579589844,28.170000076293945,0.0,28.290000915527344,27.940000534057617,28.066667556762695,0.0,16841100,-0.0709771727530539,0.0050377590520168,WMT,Walmart,Stock
2018-07-09,25.410720825195312,28.643333435058594,0.0,28.823333740234375,28.25666618347168,28.333332061767575,0.0,19726200,1.6663144285965898,2.7766037749491796,WMT,Walmart,Stock
2018-07-10,25.789234161376953,29.06999969482422,0.0,29.11000061035156,28.62666702270508,28.643333435058594,0.0,18145200,1.4785959569027862,2.186246003769266,WMT,Walmart,Stock
2018-07-11,25.58814811706543,28.843332290649418,0.0,29.049999237060547,28.796667098999023,29.020000457763672,0.0,16787700,-0.7827844167641951,0.6127514431288611,WMT,Walmart,Stock
2018-07-12,25.58519172668457,28.84000015258789,0.0,29.13666725158691,28.739999771118164,28.979999542236328,0.0,14665800,-0.0115544163940685,0.0001335045382075,WMT,Walmart,Stock
2018-07-13,25.93413543701172,29.233333587646484,0.0,29.329999923706055,28.833332061767575,28.84000015258789,0.0,19165800,1.3546335542241572,1.8350320662299728,WMT,Walmart,Stock
2018-07-16,25.916391372680664,29.213333129882812,0.0,29.239999771118164,28.94333267211914,29.206666946411133,0.0,13341600,-0.0684431426853504,0.0046844637806472,WMT,Walmart,Stock
2018-07-17,26.079038619995117,29.39666748046875,0.0,29.566667556762695,29.13333320617676,29.13333320617676,0.0,17734500,0.6256233589926707,0.3914045873172722,WMT,Walmart,Stock
2018-07-18,26.043548583984375,29.356666564941406,0.0,29.729999542236328,29.31333351135254,29.44333267211914,0.0,15136500,-0.1361791246335141,0.0185447539859501,WMT,Walmart,Stock
2018-07-19,25.94005012512207,29.239999771118164,0.0,29.49333381652832,29.13666725158691,29.286666870117188,0.0,14649300,-0.3981971167414248,0.1585609437811839,WMT,Walmart,Stock
2018-07-20,26.040592193603516,29.35333251953125,0.0,29.38999938964844,29.066667556762695,29.13333320617676,0.0,14445300,0.386844753661624,0.1496488634355225,WMT,Walmart,Stock
2018-07-23,25.91343688964844,29.209999084472656,0.0,29.38333320617676,29.12666702270508,29.21666717529297,0.0,12450000,-0.4894925767591174,0.2396029827022804,WMT,Walmart,Stock
2018-07-24,26.01101303100586,29.31999969482422,0.0,29.5,29.203332901000977,29.37333297729492,0.0,16768500,0.3758393449174223,0.1412552131879571,WMT,Walmart,Stock
2018-07-25,25.993276596069336,29.299999237060547,0.0,29.34000015258789,29.036666870117188,29.09000015258789,0.0,17427300,-0.0682114331391272,0.0046527996108936,WMT,Walmart,Stock
2018-07-26,26.09086799621582,29.40999984741211,0.0,29.809999465942383,29.393333435058594,29.5,0.0,19644900,0.374745578026451,0.1404342482503788,WMT,Walmart,Stock
2018-07-27,26.06129264831543,29.37666702270508,0.0,29.62666702270508,29.343332290649418,29.546667098999023,0.0,14038200,-0.1134194660598918,0.0128639752813109,WMT,Walmart,Stock
2018-07-30,26.2830753326416,29.62666702270508,0.0,29.64666748046875,29.296667098999023,29.333332061767575,0.0,18032100,0.8474035318428499,0.7180927457797359,WMT,Walmart,Stock
2018-07-31,26.386577606201172,29.74333381652832,0.0,29.88666725158691,29.600000381469727,29.666667938232425,0.0,20124300,0.393024829351884,0.1544685164870775,WMT,Walmart,Stock
2018-08-01,26.093820571899418,29.413333892822266,0.0,29.709999084472656,29.293333053588867,29.6200008392334,0.0,15150000,-1.1156930254122883,1.2447709269536251,WMT,Walmart,Stock
2018-08-02,26.24759101867676,29.586666107177734,0.0,29.61333274841309,29.206666946411133,29.31333351135254,0.0,12918300,0.587568751006153,0.3452370371589306,WMT,Walmart,Stock
2018-08-03,26.495994567871097,29.86666679382324,0.0,30.093332290649418,29.666667938232425,29.729999542236328,0.0,17241600,0.9419359076518864,0.8872432541239829,WMT,Walmart,Stock
2018-08-06,26.516693115234375,29.88999938964844,0.0,29.99333381652832,29.709999084472656,29.770000457763672,0.0,13954800,0.0780890361146166,0.0060978975613098,WMT,Walmart,Stock
2018-08-07,26.5462589263916,29.92333221435547,0.0,30.1200008392334,29.88333320617676,29.94333267211914,0.0,13580100,0.1114367485383786,0.0124181489248058,WMT,Walmart,Stock
2018-08-08,26.629064559936523,30.016666412353516,0.0,30.07666778564453,29.790000915527344,29.989999771118164,0.0,15123300,0.3114440874025853,0.0969974195780291,WMT,Walmart,Stock
2018-08-09,26.474403381347656,29.670000076293945,0.173333,29.87666702270508,29.586666107177734,29.81999969482422,0.0,14183700,-0.5824915843896662,0.3392964458847836,WMT,Walmart,Stock
2018-08-10,26.8223934173584,30.059999465942383,0.0,30.12333297729492,29.549999237060547,29.566667556762695,0.0,24734700,1.305875783015409,1.7053115606661078,WMT,Walmart,Stock
2018-08-13,26.661781311035156,29.8799991607666,0.0,30.18000030517578,29.790000915527344,30.066667556762695,0.0,17637600,-0.6005985506431641,0.3607186190346694,WMT,Walmart,Stock
2018-08-14,27.021671295166016,30.28333282470703,0.0,30.37333297729492,29.87666702270508,29.8799991607666,0.0,17510400,1.34080562360889,1.797759720301224,WMT,Walmart,Stock
2018-08-15,26.834291458129883,30.073333740234375,0.0,30.13666725158691,29.88999938964844,30.083332061767575,0.0,25850700,-0.6958582989253498,0.4842187721832814,WMT,Walmart,Stock
2018-08-16,29.338668823242188,32.880001068115234,0.0,33.4033317565918,32.63666534423828,33.369998931884766,0.0,127893900,8.922579933814243,79.61243267530458,WMT,Walmart,Stock
2018-08-17,29.103700637817383,32.616668701171875,0.0,33.223331451416016,32.53666687011719,32.59000015258789,0.0,49389900,-0.8041065194730995,0.6465872946591422,WMT,Walmart,Stock
2018-08-20,28.553447723388672,32.0,0.0,32.76333236694336,31.983333587646484,32.55666732788086,0.0,38037900,-1.9087646076233669,3.6433823273155856,WMT,Walmart,Stock
2018-08-21,28.577239990234375,32.026668548583984,0.0,32.119998931884766,31.786666870117188,31.98666763305664,0.0,31593900,0.0832906767740083,0.0069373368374723,WMT,Walmart,Stock
2018-08-22,28.455286026000977,31.88999938964844,0.0,32.28333282470703,31.74333381652832,32.06666564941406,0.0,23297100,-0.4276652592042865,0.1828975739302695,WMT,Walmart,Stock
2018-08-23,28.309553146362305,31.726667404174805,0.0,31.953332901000977,31.68666648864746,31.833332061767575,0.0,18289200,-0.5134629180441068,0.2636441682063691,WMT,Walmart,Stock
2018-08-24,28.241138458251953,31.649999618530273,0.0,31.88666725158691,31.450000762939453,31.696666717529297,0.0,25782900,-0.2419589205592714,0.0585441192382078,WMT,Walmart,Stock
2018-08-27,28.11919403076172,31.51333236694336,0.0,31.8700008392334,31.43000030517578,31.753332138061523,0.0,21120900,-0.4327320737691687,0.1872570476685652,WMT,Walmart,Stock
2018-08-28,28.57426643371582,32.02333450317383,0.0,32.116668701171875,31.510000228881836,31.59000015258789,0.0,29949000,1.605413298810579,2.577351859997865,WMT,Walmart,Stock
2018-08-29,28.44637107849121,31.8799991607666,0.0,32.276668548583984,31.843332290649418,32.09333419799805,0.0,23588400,-0.4485939662599825,0.2012365465648623,WMT,Walmart,Stock
2018-08-30,28.58319091796875,32.03333282470703,0.0,32.16666793823242,31.816667556762695,31.833332061767575,0.0,21176100,0.4798216826034168,0.2302288470963741,WMT,Walmart,Stock
2018-08-31,28.511798858642575,31.953332901000977,0.0,32.14666748046875,31.703332901000977,32.063331604003906,0.0,18974100,-0.250081826139931,0.0625409197654826,WMT,Walmart,Stock
2018-09-04,28.36308860778809,31.786666870117188,0.0,32.09000015258789,31.746667861938477,31.933332443237305,0.0,24842100,-0.5229393722665849,0.2734655870665699,WMT,Walmart,Stock
2018-09-05,28.737857818603516,32.206668853759766,0.0,32.276668548583984,31.786666870117188,31.88999938964844,0.0,28423800,1.3126738370125437,1.7231126023772336,WMT,Walmart,Stock
2018-09-06,28.687292098999023,32.150001525878906,0.0,32.2400016784668,32.003334045410156,32.176666259765625,0.0,18452400,-0.1761100589064988,0.0310147528480504,WMT,Walmart,Stock
2018-09-07,28.502880096435547,31.94333267211914,0.0,32.15999984741211,31.8799991607666,31.933332443237305,0.0,20017200,-0.6449102516715541,0.4159092327110673,WMT,Walmart,Stock
2018-09-10,28.821130752563477,32.29999923706055,0.0,32.39666748046875,32.029998779296875,32.03666687011719,0.0,24997800,1.110368661289462,1.232918563973752,WMT,Walmart,Stock
2018-09-11,28.743799209594727,32.21333312988281,0.0,32.5533332824707,32.163333892822266,32.42333221435547,0.0,19390500,-0.2686760482081619,0.0721868188807545,WMT,Walmart,Stock
2018-09-12,28.544523239135746,31.989999771118164,0.0,32.246665954589844,31.976667404174805,32.086666107177734,0.0,17700000,-0.6956977117816524,0.4839953061782271,WMT,Walmart,Stock
2018-09-13,28.291704177856445,31.706666946411133,0.0,31.87333297729492,31.63666725158691,31.773332595825195,0.0,22958700,-0.8896464113036893,0.7914707371455331,WMT,Walmart,Stock
2018-09-14,28.13406562805176,31.530000686645508,0.0,31.61333274841309,31.450000762939453,31.510000228881836,0.0,18958200,-0.5587481055870367,0.3121994454971023,WMT,Walmart,Stock
2018-09-17,28.202476501464844,31.606666564941406,0.0,31.82666778564453,31.456666946411133,31.583332061767575,0.0,15989400,0.2428651260907278,0.0589834694710651,WMT,Walmart,Stock
2018-09-18,28.383913040161133,31.809999465942383,0.0,31.86333274841309,31.38333320617676,31.48666763305664,0.0,20279400,0.6412749141226161,0.4112335154829686,WMT,Walmart,Stock
2018-09-19,28.3273983001709,31.746667861938477,0.0,31.963333129882812,31.62666702270508,31.856666564941406,0.0,17025300,-0.1993068309035358,0.0397232128448106,WMT,Walmart,Stock
2018-09-20,28.479089736938477,31.916667938232425,0.0,31.93000030517578,31.649999618530273,31.78333282470703,0.0,16656900,0.5340650427834641,0.2852254699233033,WMT,Walmart,Stock
2018-09-21,28.523706436157227,31.96666717529297,0.0,32.0966682434082,31.87666702270508,31.97333335876465,0.0,28590300,0.1565421745085538,0.0245054523998665,WMT,Walmart,Stock
2018-09-24,28.23221969604492,31.63999938964844,0.0,32.0,31.6200008392334,31.81333351135254,0.0,16011000,-1.0271678142020002,1.0550737185325147,WMT,Walmart,Stock
2018-09-25,28.28576278686523,31.700000762939453,0.0,32.17333221435547,31.663333892822266,31.996667861938477,0.0,18579600,0.1894728172747123,0.0358999484860165,WMT,Walmart,Stock
2018-09-26,28.13406562805176,31.530000686645508,0.0,31.86333274841309,31.50666618347168,31.700000762939453,0.0,17755800,-0.5377454296745289,0.2891701471358436,WMT,Walmart,Stock
2018-09-27,27.997249603271484,31.37666702270508,0.0,31.65333366394043,31.273332595825195,31.39666748046875,0.0,16090200,-0.487486513227776,0.2376431005789746,WMT,Walmart,Stock
2018-09-28,27.93181037902832,31.303333282470703,0.0,31.456666946411133,31.229999542236328,31.426666259765625,0.0,18918900,-0.2340080599453925,0.0547597721194064,WMT,Walmart,Stock
2018-10-01,28.077552795410156,31.46666717529297,0.0,31.553333282470703,31.34666633605957,31.43000030517578,0.0,14982900,0.5204227902690739,0.2708398806314485,WMT,Walmart,Stock
2018-10-02,28.30063247680664,31.71666717529297,0.0,31.8700008392334,31.28333282470703,31.309999465942383,0.0,23263800,0.791372920410446,0.6262710991589582,WMT,Walmart,Stock
2018-10-03,27.979402542114254,31.356666564941406,0.0,31.84666633605957,31.34666633605957,31.833332061767575,0.0,18982200,-1.141553742766975,1.3031449476252892,WMT,Walmart,Stock
2018-10-04,28.02103805541992,31.40333366394043,0.0,31.5,31.066667556762695,31.356666564941406,0.0,18135900,0.1486971192834957,0.0221108332832101,WMT,Walmart,Stock
2018-10-05,27.753358840942383,31.10333251953125,0.0,31.39666748046875,30.963333129882812,31.286666870117188,0.0,20080200,-0.9598714987374084,0.9213532940883984,WMT,Walmart,Stock
2018-10-08,28.1638126373291,31.56333351135254,0.0,31.643333435058594,31.00666618347168,31.083332061767575,0.0,17287800,1.4681041894770068,2.155329911159939,WMT,Walmart,Stock
2018-10-09,28.874671936035156,32.36000061035156,0.0,32.58000183105469,31.729999542236328,31.8799991607666,0.0,34796700,2.4926893179037126,6.213500035591276,WMT,Walmart,Stock
2018-10-10,28.48207092285156,31.920000076293945,0.0,32.616668701171875,31.899999618530273,32.20000076293945,0.0,27008400,-1.3690008366889097,1.8741632908549344,WMT,Walmart,Stock
2018-10-11,27.934789657592773,31.30666732788086,0.0,32.0966682434082,31.200000762939453,31.93666648864746,0.0,29779500,-1.9401945713680313,3.7643549747659786,WMT,Walmart,Stock
2018-10-12,28.199501037597656,31.60333251953125,0.0,31.72333335876465,31.22333335876465,31.586666107177734,0.0,25661700,0.9431430911068072,0.8895188903025034,WMT,Walmart,Stock
2018-10-15,27.90504264831543,31.273332595825195,0.0,31.663333892822266,31.273332595825195,31.5,0.0,24916500,-1.049687150653244,1.1018431142465264,WMT,Walmart,Stock
2018-10-16,28.496931076049805,31.93666648864746,0.0,32.02333450317383,31.446666717529297,31.566667556762695,0.0,33725100,2.098898735562986,4.405375902147901,WMT,Walmart,Stock
2018-10-17,28.72000312805176,32.186668395996094,0.0,32.206668853759766,31.63333320617676,31.726667404174805,0.0,28618200,0.7797453161049502,0.6080027579876087,WMT,Walmart,Stock
2018-10-18,28.60401153564453,32.05666732788086,0.0,32.41666793823242,31.913333892822266,32.133331298828125,0.0,34195200,-0.4046881621589937,0.163772508591624,WMT,Walmart,Stock
2018-10-19,28.895488739013672,32.383331298828125,0.0,32.54999923706055,32.0,32.0,0.0,26852100,1.0138512463724791,1.0278943497710291,WMT,Walmart,Stock
2018-10-22,28.89251708984375,32.380001068115234,0.0,32.526668548583984,32.246665954589844,32.4466667175293,0.0,21368700,-0.0102846572741797,0.0001057741752473,WMT,Walmart,Stock
2018-10-23,29.08881950378418,32.599998474121094,0.0,32.663333892822266,32.03666687011719,32.16666793823242,0.0,28217400,0.677125349325496,0.4584987386991749,WMT,Walmart,Stock
2018-10-24,29.017438888549805,32.52000045776367,0.0,33.05666732788086,32.426666259765625,32.5,0.0,31094100,-0.2456900620205205,0.0603636065756472,WMT,Walmart,Stock
2018-10-25,29.499277114868164,33.060001373291016,0.0,33.15999984741211,32.33333206176758,32.66999816894531,0.0,32211300,1.6468768226880397,2.7122032691070523,WMT,Walmart,Stock
2018-10-26,29.42789649963379,32.97999954223633,0.0,33.223331451416016,32.67333221435547,32.936668395996094,0.0,44776800,-0.2422673471986713,0.0586934675186815,WMT,Walmart,Stock
2018-10-29,29.683679580688477,33.266666412353516,0.0,33.90999984741211,33.029998779296875,33.16999816894531,0.0,38118300,0.8654300712680193,0.7489692082549689,WMT,Walmart,Stock
2018-10-30,30.46295166015625,34.13999938964844,0.0,34.20000076293945,33.35333251953125,33.4033317565918,0.0,38125500,2.59138598952592,6.715281346711232,WMT,Walmart,Stock
2018-10-31,29.826452255249023,33.426666259765625,0.0,34.163333892822266,33.37333297729492,34.163333892822266,0.0,37064700,-2.1115586254043266,4.45867982851941,WMT,Walmart,Stock
2018-11-01,29.91568946838379,33.526668548583984,0.0,33.723331451416016,33.2400016784668,33.31999969482422,0.0,23205300,0.2987414810641325,0.0892464725083914,WMT,Walmart,Stock
2018-11-02,30.141735076904297,33.779998779296875,0.0,33.856666564941406,33.436668395996094,33.62666702270508,0.0,21909600,0.7527684633721001,0.5666603594475929,WMT,Walmart,Stock
2018-11-05,30.608692169189453,34.3033332824707,0.0,34.38999938964844,33.543331146240234,33.72999954223633,0.0,22850400,1.53732676471369,2.3633735815050616,WMT,Walmart,Stock
2018-11-06,30.733619689941406,34.44333267211914,0.0,34.47999954223633,34.016666412353516,34.18000030517578,0.0,19106100,0.4073132872962885,0.1659041140081088,WMT,Walmart,Stock
2018-11-07,31.028079986572266,34.77333450317383,0.0,34.823333740234375,34.349998474121094,34.5533332824707,0.0,26017800,0.9535441197736276,0.9092463883548624,WMT,Walmart,Stock
2018-11-08,31.194643020629883,34.959999084472656,0.0,35.086666107177734,34.676666259765625,34.776668548583984,0.0,17884200,0.5353781508003439,0.2866297643543958,WMT,Walmart,Stock
2018-11-09,31.396886825561523,35.186668395996094,0.0,35.29999923706055,34.936668395996094,35.0,0.0,25351200,0.646236029929229,0.4176210063786914,WMT,Walmart,Stock
2018-11-12,30.89423561096191,34.62333297729492,0.0,35.4033317565918,34.54999923706055,35.16666793823242,0.0,26829300,-1.613912562213316,2.604713758469951,WMT,Walmart,Stock
2018-11-13,30.61762428283691,34.313331604003906,0.0,34.71666717529297,34.18000030517578,34.55666732788086,0.0,23870100,-0.8993816579820617,0.8088873667145622,WMT,Walmart,Stock
2018-11-14,30.198244094848633,33.84333419799805,0.0,34.383331298828125,33.66999816894531,34.33333206176758,0.0,31445700,-1.379201997844264,1.9021981508576091,WMT,Walmart,Stock
2018-11-15,29.606355667114254,33.18000030517578,0.0,34.266666412353516,32.87333297729492,34.106666564941406,0.0,48247800,-1.9794723370908969,3.918310733308096,WMT,Walmart,Stock
2018-11-16,29.05609893798828,32.563331604003906,0.0,33.13999938964844,32.30666732788086,32.939998626708984,0.0,42705600,-1.876064927236217,3.5196196112058327,WMT,Walmart,Stock
2018-11-19,28.78544235229492,32.2599983215332,0.0,32.75,32.143333435058594,32.64666748046875,0.0,27643200,-0.9358622024263814,0.8758380619303573,WMT,Walmart,Stock
2018-11-20,28.006174087524418,31.38666725158691,0.0,31.733333587646484,31.200000762939453,31.65999984741211,0.0,37861800,-2.744479647442945,7.532168535228553,WMT,Walmart,Stock
2018-11-21,28.009145736694336,31.38999938964844,0.0,31.63999938964844,31.10333251953125,31.453332901000977,0.0,28052700,0.0106101301645252,0.0001125748621081,WMT,Walmart,Stock
2018-11-23,28.28576278686523,31.700000762939453,0.0,31.850000381469727,31.37666702270508,31.37666702270508,0.0,14670000,0.9827506029426616,0.9657987475841648,WMT,Walmart,Stock
2018-11-26,28.30063247680664,31.71666717529297,0.0,32.02333450317383,31.579999923706055,31.89666748046875,0.0,30103800,0.0525557078318394,0.0027621024257056,WMT,Walmart,Stock
2018-11-27,28.267913818359375,31.68000030517578,0.0,31.84666633605957,31.469999313354492,31.663333892822266,0.0,27126900,-0.1156779314251882,0.0133813838188105,WMT,Walmart,Stock
2018-11-28,28.987695693969727,32.48666763305664,0.0,32.540000915527344,31.683332443237305,31.816667556762695,0.0,30212400,2.5144079447715044,6.3222473127300605,WMT,Walmart,Stock
2018-11-29,28.9371337890625,32.43000030517578,0.0,32.61000061035156,32.246665954589844,32.34000015258789,0.0,18723900,-0.1745777007894535,0.0304773736129319,WMT,Walmart,Stock
2018-11-30,29.044204711914062,32.54999923706055,0.0,32.810001373291016,32.356666564941406,32.46666717529297,0.0,31992000,0.3693293301857456,0.1364041541354514,WMT,Walmart,Stock
2018-12-03,29.37137985229492,32.91666793823242,0.0,33.1966667175293,32.55666732788086,32.67333221435547,0.0,27246300,1.120175596830251,1.2547933677340088,WMT,Walmart,Stock
2018-12-04,28.496931076049805,31.93666648864746,0.0,32.98666763305664,31.8700008392334,32.75,0.0,31278900,-3.0224325864534363,9.135098739655607,WMT,Walmart,Stock
2018-12-06,28.34142684936523,31.59000015258789,0.173333,31.803333282470703,31.03333282470703,31.64666748046875,0.0,31101600,-0.5471819396399293,0.2994080750681153,WMT,Walmart,Stock
2018-12-07,27.868921279907227,31.06333351135254,0.0,31.709999084472656,30.816667556762695,31.5,0.0,25489500,-1.6812445214578218,2.82658314093194,WMT,Walmart,Stock
2018-12-10,28.09321403503418,31.31333351135254,0.0,31.416667938232425,30.780000686645508,31.18666648864746,0.0,21830700,0.8015918436874478,0.6425494838662418,WMT,Walmart,Stock
2018-12-11,28.06629180908203,31.28333282470703,0.0,31.496667861938477,31.083332061767575,31.416667938232425,0.0,19357500,-0.095877724028553,0.0091925379648953,WMT,Walmart,Stock
2018-12-12,27.844993591308594,31.036666870117188,0.0,31.433332443237305,31.020000457763672,31.433332443237305,0.0,28917600,-0.7916089634338423,0.6266447509888023,WMT,Walmart,Stock
2018-12-13,27.800132751464844,30.98666763305664,0.0,31.226667404174805,30.809999465942383,31.083332061767575,0.0,24126900,-0.1612390967953808,0.0259980463353901,WMT,Walmart,Stock
2018-12-14,27.468189239501953,30.61666679382324,0.0,30.85333251953125,30.523332595825195,30.683332443237305,0.0,34480800,-1.201221572978751,1.4429332673895447,WMT,Walmart,Stock
2018-12-17,27.14520835876465,30.25666618347168,0.0,30.670000076293945,30.053333282470703,30.406667709350582,0.0,27005400,-1.1828037090437007,1.399024614127535,WMT,Walmart,Stock
2018-12-18,27.23791122436523,30.36000061035156,0.0,30.420000076293945,30.093332290649418,30.266666412353516,0.0,28820100,0.3409254787212172,0.1162301820412911,WMT,Walmart,Stock
2018-12-19,27.07941436767578,30.183332443237305,0.0,31.0,30.083332061767575,30.43000030517578,0.0,36694500,-0.5835976083515628,0.3405861684736641,WMT,Walmart,Stock
2018-12-20,26.101505279541016,29.093332290649418,0.0,30.036666870117188,28.713333129882812,30.036666870117188,0.0,49121400,-3.67808355899848,13.528298666974928,WMT,Walmart,Stock
2018-12-21,26.0566463470459,29.043333053588867,0.0,29.823333740234375,28.933332443237305,28.956666946411133,0.0,44764500,-0.1720112471658914,0.0295878691515653,WMT,Walmart,Stock
2018-12-24,25.66489028930664,28.606666564941406,0.0,29.190000534057617,28.593332290649418,28.84666633605957,0.0,18330900,-1.5148952456614382,2.294907605327629,WMT,Walmart,Stock
2018-12-26,27.03754997253418,30.13666725158691,0.0,30.13999938964844,28.766666412353516,28.80666732788086,0.0,30084900,5.210271826207778,27.146932502974536,WMT,Walmart,Stock
2018-12-27,27.39043235778809,30.530000686645508,0.0,30.536666870117188,29.479999542236328,29.916667938232425,0.0,29644500,1.2967128847725502,1.681464305535149,WMT,Walmart,Stock
2018-12-28,27.551925659179688,30.709999084472656,0.0,31.156667709350582,30.549999237060547,30.690000534057617,0.0,29622000,0.5878661648419744,0.3455866277660114,WMT,Walmart,Stock
2018-12-31,27.856956481933594,31.049999237060547,0.0,31.1299991607666,30.75,30.88999938964844,0.0,21017400,1.101028905275018,1.2122646502511043,WMT,Walmart,Stock
2019-01-02,27.913780212402344,31.11333274841309,0.0,31.21666717529297,30.546667098999023,30.546667098999023,0.0,24458100,0.2037762220837973,0.0415247486867451,WMT,Walmart,Stock
2019-01-03,27.77022361755371,30.953332901000977,0.0,31.56999969482422,30.899999618530273,31.06999969482422,0.0,24831900,-0.5156127541846338,0.2658565122778636,WMT,Walmart,Stock
2019-01-04,27.94368553161621,31.14666748046875,0.0,31.219999313354492,30.89666748046875,31.06999969482422,0.0,24087300,0.6226900147544431,0.3877428544748885,WMT,Walmart,Stock
2019-01-07,28.27263832092285,31.51333236694336,0.0,31.72333335876465,31.059999465942383,31.206666946411133,0.0,23369100,1.170323925015191,1.3696580894629622,WMT,Walmart,Stock
2019-01-08,28.47001838684082,31.733333587646484,0.0,31.920000076293945,31.303333282470703,31.68666648864746,0.0,21602700,0.6957053951257177,0.484005996807031,WMT,Walmart,Stock
2019-01-09,28.3773136138916,31.6299991607666,0.0,32.04666519165039,31.59000015258789,31.90333366394043,0.0,18816900,-0.3261537590820031,0.1063762745633213,WMT,Walmart,Stock
2019-01-10,28.39824485778809,31.65333366394043,0.0,31.65999984741211,31.040000915527344,31.293333053588867,0.0,28188900,0.0737332944253217,0.0054365987068111,WMT,Walmart,Stock
2019-01-11,28.36236000061035,31.61333274841309,0.0,31.76333236694336,31.516666412353516,31.663333892822266,0.0,16183800,-0.1264428455202429,0.015987793183256,WMT,Walmart,Stock
2019-01-14,28.39525032043457,31.649999618530273,0.0,31.816667556762695,31.426666259765625,31.49333381652832,0.0,21255300,0.1158974922297244,0.013432228705139,WMT,Walmart,Stock
2019-01-15,28.784025192260746,32.08333206176758,0.0,32.20000076293945,31.793333053588867,31.823333740234375,0.0,21174600,1.3598663482903668,1.849236485212577,WMT,Walmart,Stock
2019-01-16,28.81393241882324,32.116668701171875,0.0,32.28666687011719,31.94333267211914,31.976667404174805,0.0,16230000,0.1038482282730087,0.0107844545154429,WMT,Walmart,Stock
2019-01-17,28.930561065673828,32.246665954589844,0.0,32.4033317565918,32.0533332824707,32.106666564941406,0.0,16843500,0.4039477997027496,0.1631738248846927,WMT,Walmart,Stock
2019-01-18,29.226625442504883,32.57666778564453,0.0,32.733333587646484,32.28333282470703,32.31666564941406,0.0,18361800,1.0181611327305131,1.0366520922030815,WMT,Walmart,Stock
2019-01-22,29.15485191345215,32.496665954589844,0.0,32.810001373291016,32.2599983215332,32.383331298828125,0.0,24189600,-0.2458778655928099,0.0604559247884759,WMT,Walmart,Stock
2019-01-23,29.519699096679688,32.9033317565918,0.0,33.116668701171875,32.5099983215332,32.956668853759766,0.0,25037400,1.2436461101976604,1.5466556474097712,WMT,Walmart,Stock
2019-01-24,29.415035247802734,32.78666687011719,0.0,32.81999969482422,32.143333435058594,32.733333587646484,0.0,22829100,-0.3551859869231095,0.1261570853065433,WMT,Walmart,Stock
2019-01-25,28.99037170410156,32.313331604003906,0.0,32.970001220703125,32.25,32.91666793823242,0.0,21654600,-1.4542181953692233,2.1147505597429204,WMT,Walmart,Stock
2019-01-28,29.026269912719727,32.35333251953125,0.0,32.356666564941406,32.026668548583984,32.176666259765625,0.0,17627400,0.1237514347576034,0.0153144176045653,WMT,Walmart,Stock
2019-01-29,28.92158889770508,32.23666763305664,0.0,32.38666534423828,32.16999816894531,32.25666809082031,0.0,15760200,-0.3612942083914301,0.1305335050171901,WMT,Walmart,Stock
2019-01-30,28.350399017333984,31.600000381469727,0.0,32.266666412353516,31.420000076293945,32.22666549682617,0.0,35547900,-1.9947232158935784,3.97892070802482,WMT,Walmart,Stock
2019-01-31,28.658424377441406,31.94333267211914,0.0,32.290000915527344,31.543333053588867,31.543333053588867,0.0,44169000,1.0806339765728468,1.167769791323644,WMT,Walmart,Stock
2019-02-01,28.069292068481445,31.286666870117188,0.0,32.0,31.036666870117188,31.97333335876465,0.0,37775700,-2.0771274688162897,4.314458521711167,WMT,Walmart,Stock
2019-02-04,28.34142684936523,31.59000015258789,0.0,31.59000015258789,31.11666679382324,31.286666870117188,0.0,21805800,0.9648410700238772,0.93091829040482,WMT,Walmart,Stock
2019-02-05,28.589645385742188,31.86666679382324,0.0,31.979999542236328,31.67333221435547,31.75,0.0,18299700,0.8720022282487648,0.760387886070811,WMT,Walmart,Stock
2019-02-06,28.60160255432129,31.8799991607666,0.0,32.003334045410156,31.739999771118164,31.809999465942383,0.0,12794700,0.0418146803366048,0.0017484674916524,WMT,Walmart,Stock
2019-02-07,28.927568435668945,32.24333190917969,0.0,32.27333450317383,31.666667938232425,31.703332901000977,0.0,21030300,1.1332315906749424,1.28421383810366,WMT,Walmart,Stock
2019-02-08,28.583662033081055,31.86000061035156,0.0,32.22999954223633,31.713333129882812,32.11333465576172,0.0,18507600,-1.1959768519175715,1.4303606303226648,WMT,Walmart,Stock
2019-02-11,28.769073486328125,32.06666564941406,0.0,32.116668701171875,31.8799991607666,31.88333320617676,0.0,16628400,0.6465675873837711,0.4180496450552704,WMT,Walmart,Stock
2019-02-12,28.999343872070312,32.323333740234375,0.0,32.38999938964844,32.16666793823242,32.27333450317383,0.0,17643900,0.7972231744213678,0.6355647898344826,WMT,Walmart,Stock
2019-02-13,29.289426803588867,32.64666748046875,0.0,32.66666793823242,32.36333465576172,32.43333435058594,0.0,16375500,0.9953386322132224,0.9906989927760886,WMT,Walmart,Stock
2019-02-14,29.4628849029541,32.84000015258789,0.0,33.06666564941406,32.34000015258789,32.560001373291016,0.0,21602400,0.5904741390038268,0.3486597088323106,WMT,Walmart,Stock
2019-02-15,29.90249252319336,33.33000183105469,0.0,33.33333206176758,32.95333480834961,32.99333190917969,0.0,28443000,1.481050656026578,2.193511045716757,WMT,Walmart,Stock
2019-02-19,30.563396453857425,34.06666564941406,0.0,34.72666549682617,34.02333450317383,34.12666702270508,0.0,62091900,2.186125972654198,4.779146768313264,WMT,Walmart,Stock
2019-02-20,29.86959457397461,33.293331146240234,0.0,34.11333465576172,32.883331298828125,33.936668395996094,0.0,52895400,-2.2962039509827235,5.272552584508669,WMT,Walmart,Stock
2019-02-21,29.723060607910156,33.130001068115234,0.0,33.30666732788086,32.970001220703125,33.220001220703125,0.0,19239600,-0.491786314768839,0.2418537793939156,WMT,Walmart,Stock
2019-02-22,29.770904541015625,33.18333435058594,0.0,33.38666534423828,33.04666519165039,33.27333450317383,0.0,24260700,0.1608362908721379,0.0258683124615069,WMT,Walmart,Stock
2019-02-25,29.64232063293457,33.040000915527344,0.0,33.37666702270508,33.016666412353516,33.37333297729492,0.0,27705000,-0.432846755795248,0.187356314002471,WMT,Walmart,Stock
2019-02-26,29.51372528076172,32.89666748046875,0.0,33.02000045776367,32.62333297729492,33.00666809082031,0.0,25464300,-0.4347672422942082,0.1890225549721107,WMT,Walmart,Stock
2019-02-27,29.340267181396484,32.70333480834961,0.0,32.79666519165039,32.529998779296875,32.706668853759766,0.0,23706900,-0.5894539838350503,0.3474559990590117,WMT,Walmart,Stock
2019-02-28,29.60344696044922,32.996665954589844,0.0,33.15666580200195,32.59000015258789,32.70333480834961,0.0,34127700,0.8929926856170651,0.7974359365655785,WMT,Walmart,Stock
2019-03-01,29.286439895629883,32.643333435058594,0.0,33.186668395996094,32.37333297729492,33.15666580200195,0.0,31057500,-1.07661992165091,1.1591104556956116,WMT,Walmart,Stock
2019-03-04,29.26251983642578,32.616668701171875,0.0,32.86333465576172,32.456668853759766,32.706668853759766,0.0,23051400,-0.0817096004588804,0.0066764588071498,WMT,Walmart,Stock
2019-03-05,29.409048080444336,32.779998779296875,0.0,33.063331604003906,32.6966667175293,32.709999084472656,0.0,18357900,0.499487413963898,0.2494876767083424,WMT,Walmart,Stock
2019-03-06,29.3851261138916,32.753334045410156,0.0,33.0,32.619998931884766,32.75666809082031,0.0,14089800,-0.0813753001912944,0.0066219394812232,WMT,Walmart,Stock
2019-03-07,29.142898559570312,32.483333587646484,0.0,32.733333587646484,32.413333892822266,32.56999969482422,0.0,18379800,-0.8277365883616697,0.6851478597126163,WMT,Walmart,Stock
2019-03-08,29.184757232666016,32.529998779296875,0.0,32.80666732788086,32.33333206176758,32.516666412353516,0.0,16977000,0.1435294448684432,0.0206007015442434,WMT,Walmart,Stock
2019-03-11,29.450916290283203,32.82666778564453,0.0,32.86000061035156,32.606666564941406,32.68000030517578,0.0,16035900,0.9078462637459216,0.8241848385974292,WMT,Walmart,Stock
2019-03-12,29.41802978515625,32.790000915527344,0.0,32.913333892822266,32.68333435058594,32.84333419799805,0.0,15211500,-0.1117278658458104,0.0124831160064594,WMT,Walmart,Stock
2019-03-13,29.615402221679688,33.0099983215332,0.0,33.116668701171875,32.79666519165039,32.900001525878906,0.0,16446900,0.6686826947040683,0.4471365461966942,WMT,Walmart,Stock
2019-03-14,29.53121566772461,32.7400016784668,0.176667,32.810001373291016,32.529998779296875,32.8033332824707,0.0,14777400,-0.2846709205410249,0.0810375330016745,WMT,Walmart,Stock
2019-03-15,29.591346740722656,32.80666732788086,0.0,32.836666107177734,32.53333282470703,32.7599983215332,0.0,43800000,0.203411663100726,0.0413763046854032,WMT,Walmart,Stock
2019-03-18,29.96417236328125,33.220001220703125,0.0,33.25666809082031,32.753334045410156,32.766666412353516,0.0,17310300,1.252043466467181,1.567612841923154,WMT,Walmart,Stock
2019-03-19,30.02129364013672,33.28333282470703,0.0,33.496665954589844,33.189998626708984,33.33000183105469,0.0,16243200,0.1904504471725621,0.0362713728282288,WMT,Walmart,Stock
2019-03-20,29.657499313354492,32.880001068115234,0.0,33.18333435058594,32.8466682434082,33.06666564941406,0.0,18969300,-1.2191896485727425,1.486423399186927,WMT,Walmart,Stock
2019-03-21,29.783767700195312,33.02000045776367,0.0,33.043331146240234,32.70000076293945,32.75,0.0,19653000,0.424851565628549,0.1804988528170292,WMT,Walmart,Stock
2019-03-22,29.549253463745117,32.7599983215332,0.0,33.176666259765625,32.64666748046875,32.86000061035156,0.0,20124300,-0.7905057018161736,0.6248992646038812,WMT,Walmart,Stock
2019-03-25,29.516183853149418,32.723331451416016,0.0,32.87333297729492,32.543331146240234,32.599998474121094,0.0,16222200,-0.1119761930270209,0.0125386678048246,WMT,Walmart,Stock
2019-03-26,29.561279296875,32.77333450317383,0.0,32.95000076293945,32.676666259765625,32.78666687011719,0.0,14837700,0.1526655007837393,0.0233067551295499,WMT,Walmart,Stock
2019-03-27,29.2275390625,32.4033317565918,0.0,32.95333480834961,31.666667938232425,32.71333312988281,0.0,25413600,-1.1353989720199045,1.2891308256638558,WMT,Walmart,Stock
2019-03-28,29.20348739624023,32.37666702270508,0.0,32.62333297729492,32.176666259765625,32.529998779296875,0.0,24162900,-0.0823249875137737,0.006777403569143,WMT,Walmart,Stock
2019-03-29,29.32375717163086,32.5099983215332,0.0,32.55666732788086,32.3466682434082,32.529998779296875,0.0,22319700,0.4109878931405544,0.1689110483081118,WMT,Walmart,Stock
2019-04-01,29.410953521728516,32.606666564941406,0.0,32.78666687011719,32.52000045776367,32.65666580200195,0.0,25517400,0.2969161272030056,0.0881591865932314,WMT,Walmart,Stock
2019-04-02,29.146360397338867,32.313331604003906,0.0,32.77000045776367,32.29999923706055,32.586666107177734,0.0,18822000,-0.903712644750006,0.8166965442810503,WMT,Walmart,Stock
2019-04-03,29.221529006958008,32.39666748046875,0.0,32.46666717529297,32.26333236694336,32.37333297729492,0.0,17062500,0.2575685087913427,0.066341536720996,WMT,Walmart,Stock
2019-04-04,29.498138427734375,32.70333480834961,0.0,32.7599983215332,32.413333892822266,32.41666793823242,0.0,12078900,0.9421424845210288,0.8876324611394567,WMT,Walmart,Stock
2019-04-05,29.71461296081543,32.94333267211914,0.0,33.06666564941406,32.720001220703125,32.75,0.0,13968000,0.7311786479699994,0.5346222152472363,WMT,Walmart,Stock
2019-04-08,29.83488655090332,33.07666778564453,0.0,33.08333206176758,32.753334045410156,32.81666564941406,0.0,16267200,0.4039454726505047,0.1631719448748396,WMT,Walmart,Stock
2019-04-09,29.672529220581055,32.89666748046875,0.0,33.07666778564453,32.71666717529297,32.93333435058594,0.0,13102500,-0.5456722698421134,0.2977582260746442,WMT,Walmart,Stock
2019-04-10,29.946130752563477,33.20000076293945,0.0,33.2400016784668,32.83333206176758,32.836666107177734,0.0,12273300,0.917845026626796,0.8424394929035437,WMT,Walmart,Stock
2019-04-11,30.30693244934082,33.599998474121094,0.0,33.61000061035156,33.15666580200195,33.233333587646484,0.0,16820700,1.197635406957429,1.4343305679980871,WMT,Walmart,Stock
2019-04-12,30.535436630249023,33.85333251953125,0.0,34.00666809082031,33.66666793823242,33.66666793823242,0.0,15486000,0.751138585600557,0.5642091747780054,WMT,Walmart,Stock
2019-04-15,30.79700469970703,34.143333435058594,0.0,34.3033332824707,33.753334045410156,33.766666412353516,0.0,15335700,0.8529569331269804,0.7275355297693841,WMT,Walmart,Stock
2019-04-16,30.947338104248047,34.310001373291016,0.0,34.46333312988281,34.18000030517578,34.29666519165039,0.0,14485200,0.4869553866140597,0.2371255485524483,WMT,Walmart,Stock
2019-04-17,31.016490936279297,34.38666534423828,0.0,34.46666717529297,34.13666534423828,34.33333206176758,0.0,11187600,0.2232039620920591,0.0498200086935933,WMT,Walmart,Stock
2019-04-18,31.022506713867188,34.393333435058594,0.0,34.599998474121094,34.29666519165039,34.369998931884766,0.0,11183400,0.01939353579073,0.0003761092304663,WMT,Walmart,Stock
2019-04-22,30.778966903686523,34.12333297729492,0.0,34.51333236694336,34.05666732788086,34.2599983215332,0.0,15238200,-0.7881400121272112,0.6211646787158805,WMT,Walmart,Stock
2019-04-23,30.989439010620117,34.356666564941406,0.0,34.43000030517578,33.97999954223633,34.176666259765625,0.0,15152400,0.6814905400132867,0.4644293561276011,WMT,Walmart,Stock
2019-04-24,31.12773704528809,34.5099983215332,0.0,34.616668701171875,34.36333465576172,34.380001068115234,0.0,14093400,0.4452818751876316,0.1982759483706135,WMT,Walmart,Stock
2019-04-25,31.12473487854004,34.50666809082031,0.0,34.71666717529297,34.276668548583984,34.413333892822266,0.0,11883300,-0.0096451326593047,9.302858401558702e-05,WMT,Walmart,Stock
2019-04-26,30.526412963867188,33.84333419799805,0.0,34.11333465576172,33.220001220703125,33.483333587646484,0.0,24323100,-1.941052912198534,3.76768640795441,WMT,Walmart,Stock
2019-04-29,30.535436630249023,33.85333251953125,0.0,34.0,33.59333419799805,33.959999084472656,0.0,19139100,0.0295558241602709,0.0008735467417928,WMT,Walmart,Stock
2019-04-30,30.92028427124023,34.279998779296875,0.0,34.30666732788086,33.81666564941406,33.92333221435547,0.0,18400800,1.2524551533155563,1.5686439110666937,WMT,Walmart,Stock
2019-05-01,30.475303649902344,33.78666687011719,0.0,34.27000045776367,33.7599983215332,34.25666809082031,0.0,16011600,-1.449577822348225,2.101275863043822,WMT,Walmart,Stock
2019-05-02,30.412158966064453,33.71666717529297,0.0,34.02000045776367,33.413333892822266,33.810001373291016,0.0,15021000,-0.2074144783267877,0.0430207658195735,WMT,Walmart,Stock
2019-05-03,30.69177627563477,34.026668548583984,0.0,34.25,33.93333435058594,34.106666564941406,0.0,15950700,0.9152250514679068,0.8376368948344328,WMT,Walmart,Stock
2019-05-06,30.8060245513916,34.1533317565918,0.0,34.18333435058594,33.51333236694336,33.58333206176758,0.0,13841100,0.3715528219056184,0.1380514994660282,WMT,Walmart,Stock
2019-05-07,30.45725440979004,33.766666412353516,0.0,34.05666732788086,33.586666107177734,33.93333435058594,0.0,13726800,-1.1386067329762823,1.296425292378923,WMT,Walmart,Stock
2019-05-08,30.15659523010254,33.43333435058594,0.0,33.68000030517578,33.28666687011719,33.41666793823242,0.0,17646000,-0.992055932145386,0.9841749725048504,WMT,Walmart,Stock
2019-05-09,30.08707618713379,33.18000030517578,0.176667,33.313331604003906,32.95000076293945,33.09000015258789,0.0,18720300,-0.2307929519941176,0.0532653866901591,WMT,Walmart,Stock
2019-05-10,30.803438186645508,33.970001220703125,0.0,34.03666687011719,33.233333587646484,33.253334045410156,0.0,26228100,2.353059618732837,5.536889569311124,WMT,Walmart,Stock
2019-05-13,30.192861557006836,33.29666519165039,0.0,33.71666717529297,33.003334045410156,33.483333587646484,0.0,22084500,-2.0020789030018693,4.0083199338451685,WMT,Walmart,Stock
2019-05-14,30.313770294189453,33.43000030517578,0.0,33.62333297729492,33.29666519165039,33.380001068115234,0.0,19061100,0.3996550276129189,0.1597241410962829,WMT,Walmart,Stock
2019-05-15,30.18984031677246,33.293331146240234,0.0,33.45333480834961,33.043331146240234,33.400001525878906,0.0,20220900,-0.4096620002827281,0.1678229544756459,WMT,Walmart,Stock
2019-05-16,30.622074127197266,33.77000045776367,0.0,34.6533317565918,33.61333465576172,34.276668548583984,0.0,51366000,1.4215671167762964,2.0208530674996723,WMT,Walmart,Stock
2019-05-17,30.48605728149414,33.619998931884766,0.0,33.983333587646484,33.3033332824707,33.413333892822266,0.0,37113900,-0.4451684814889657,0.1981749769111916,WMT,Walmart,Stock
2019-05-20,30.685550689697266,33.84000015258789,0.0,33.99333190917969,33.41666793823242,33.46333312988281,0.0,21582300,0.6522441441722038,0.4254224236069305,WMT,Walmart,Stock
2019-05-21,30.564651489257812,33.706668853759766,0.0,33.883331298828125,33.46666717529297,33.836666107177734,0.0,20667300,-0.3947721089931967,0.1558450180389364,WMT,Walmart,Stock
2019-05-22,30.900156021118164,34.07666778564453,0.0,34.143333435058594,33.686668395996094,33.866668701171875,0.0,22022700,1.091707198416165,1.191824607073672,WMT,Walmart,Stock
2019-05-23,30.7883243560791,33.95333480834961,0.0,33.97666549682617,33.54999923706055,33.939998626708984,0.0,19363800,-0.3625694355369111,0.1314565955855543,WMT,Walmart,Stock
2019-05-24,31.033143997192383,34.223331451416016,0.0,34.29666519165039,34.026668548583984,34.060001373291016,0.0,13449600,0.792025577641834,0.6273045156388808,WMT,Walmart,Stock
2019-05-28,30.957578659057617,34.13999938964844,0.0,34.52333450317383,34.133331298828125,34.186668395996094,0.0,30815100,-0.2437957562828612,0.0594363707815322,WMT,Walmart,Stock
2019-05-29,30.866907119750977,34.040000915527344,0.0,34.293331146240234,33.823333740234375,34.03666687011719,0.0,19560600,-0.2933193965889332,0.0860362684152958,WMT,Walmart,Stock
2019-05-30,30.888063430786133,34.063331604003906,0.0,34.496665954589844,33.970001220703125,34.163333892822266,0.0,15058800,0.0685169523172397,0.0046945727548429,WMT,Walmart,Stock
2019-05-31,30.6613712310791,33.813331604003906,0.0,34.00666809082031,33.53333282470703,33.78333282470703,0.0,17782500,-0.7366216310503635,0.5426114273312979,WMT,Walmart,Stock
2019-06-03,30.818544387817383,33.98666763305664,0.0,34.22666549682617,33.79999923706055,33.87666702270508,0.0,19844100,0.5113003086231576,0.2614280055981361,WMT,Walmart,Stock
2019-06-04,30.999902725219727,34.186668395996094,0.0,34.21666717529297,33.813331604003906,34.20333480834961,0.0,17894700,0.5867467274775813,0.344271722205651,WMT,Walmart,Stock
2019-06-05,31.562108993530273,34.80666732788086,0.0,34.926666259765625,34.20000076293945,34.25,0.0,20708700,1.7973252050964204,3.2303778928748894,WMT,Walmart,Stock
2019-06-06,31.770666122436523,35.03666687011719,0.0,35.220001220703125,34.733333587646484,34.83000183105469,0.0,24191100,0.6586096453215731,0.4337666649106083,WMT,Walmart,Stock
2019-06-07,32.05781555175781,35.35333251953125,0.0,35.45333480834961,35.016666412353516,35.07666778564453,0.0,20428200,0.8997593519666323,0.809566891451414,WMT,Walmart,Stock
2019-06-10,32.499114990234375,35.84000015258789,0.0,35.926666259765625,35.456668853759766,35.49333190917969,0.0,18977100,1.367184928727667,1.869194629340076,WMT,Walmart,Stock
2019-06-11,32.62607192993164,35.97999954223633,0.0,36.323333740234375,35.91666793823242,36.0,0.0,20241900,0.3898863297758833,0.1520113501461088,WMT,Walmart,Stock
2019-06-12,32.892051696777344,36.27333450317383,0.0,36.3033332824707,35.973331451416016,35.973331451416016,0.0,13905300,0.8119317627245026,0.6592331873209181,WMT,Walmart,Stock
2019-06-13,32.84066390991211,36.21666717529297,0.0,36.526668548583984,36.05666732788086,36.33333206176758,0.0,16455000,-0.1563537938748096,0.0244465088590464,WMT,Walmart,Stock
2019-06-14,32.967628479003906,36.356666564941406,0.0,36.529998779296875,36.1533317565918,36.2599983215332,0.0,13577700,0.3858623951902037,0.148889788021921,WMT,Walmart,Stock
2019-06-17,32.99482345581055,36.38666534423828,0.0,36.51666641235352,36.086666107177734,36.37333297729492,0.0,12441000,0.0824559353079677,0.0067989812675117,WMT,Walmart,Stock
2019-06-18,33.142940521240234,36.54999923706055,0.0,36.6533317565918,36.3033332824707,36.599998474121094,0.0,14733600,0.4479054148463028,0.2006192606486386,WMT,Walmart,Stock
2019-06-19,33.133872985839844,36.540000915527344,0.0,36.61333465576172,36.290000915527344,36.599998474121094,0.0,11773800,-0.0273626174136999,0.0007487128317285,WMT,Walmart,Stock
2019-06-20,33.34545135498047,36.77333450317383,0.0,36.83000183105469,36.426666259765625,36.606666564941406,0.0,15004500,0.6365259743733552,0.4051653160519493,WMT,Walmart,Stock
2019-06-21,33.59028625488281,37.043331146240234,0.0,37.39666748046875,36.75333404541016,36.779998779296875,0.0,39535800,0.7315553710261655,0.5351732608772307,WMT,Walmart,Stock
2019-06-24,33.62353515625,37.08000183105469,0.0,37.40666580200195,37.0099983215332,37.163333892822266,0.0,18098400,0.0989347231898415,0.0097880794526505,WMT,Walmart,Stock
2019-06-25,33.46635055541992,36.90666580200195,0.0,37.143333435058594,36.79999923706055,36.959999084472656,0.0,18315000,-0.4685799856937024,0.2195672029927104,WMT,Walmart,Stock
2019-06-26,33.29708480834961,36.720001220703125,0.0,37.026668548583984,36.70000076293945,36.95000076293945,0.0,12485100,-0.5070623128272073,0.2571121890896766,WMT,Walmart,Stock
2019-06-27,33.2789421081543,36.70000076293945,0.0,36.836666107177734,36.28666687011719,36.686668395996094,0.0,16443900,-0.0545022029240986,0.0029704901235796,WMT,Walmart,Stock
2019-06-28,33.39682388305664,36.83000183105469,0.0,37.16999816894531,36.74666595458984,36.849998474121094,0.0,19520100,0.3535974307125879,0.1250311430065434,WMT,Walmart,Stock
2019-07-01,33.43613052368164,36.87333297729492,0.0,37.323333740234375,36.67333221435547,37.099998474121094,0.0,16544100,0.1176265377042651,0.0138360023722929,WMT,Walmart,Stock
2019-07-02,33.73234558105469,37.20000076293945,0.0,37.20333480834961,36.779998779296875,36.94333267211914,0.0,12188700,0.8820119046138648,0.7779449998805773,WMT,Walmart,Stock
2019-07-03,33.94997024536133,37.439998626708984,0.0,37.46666717529297,37.0,37.060001373291016,0.0,9621900,0.6430791016506789,0.4135507309798442,WMT,Walmart,Stock
2019-07-05,33.847198486328125,37.32666778564453,0.0,37.413333892822266,37.06999969482422,37.33333206176758,0.0,10738200,-0.3031744235768031,0.0919147311111268,WMT,Walmart,Stock
2019-07-08,34.07087326049805,37.573333740234375,0.0,37.643333435058594,37.23333358764648,37.30666732788086,0.0,14147100,0.6586629362981284,0.4338368636528724,WMT,Walmart,Stock
2019-07-09,34.119239807128906,37.62666702270508,0.0,37.793331146240234,37.53333282470703,37.630001068115234,0.0,16270200,0.1418579690396936,0.0201236833800666,WMT,Walmart,Stock
2019-07-10,34.14945983886719,37.65999984741211,0.0,37.869998931884766,37.46333312988281,37.706668853759766,0.0,13737000,0.0885326185173014,0.00783802454153,WMT,Walmart,Stock
2019-07-11,34.433589935302734,37.973331451416016,0.0,37.97999954223633,37.67333221435547,37.779998779296875,0.0,11689800,0.8285770986415195,0.6865400083931984,WMT,Walmart,Stock
2019-07-12,34.63912582397461,38.20000076293945,0.0,38.25666809082031,37.87333297729492,38.029998779296875,0.0,11229900,0.5951307779126596,0.3541806428189273,WMT,Walmart,Stock
2019-07-15,34.75398254394531,38.32666778564453,0.0,38.36000061035156,38.150001525878906,38.223331451416016,0.0,10038000,0.3310323677889329,0.1095824285239473,WMT,Walmart,Stock
2019-07-16,34.68748092651367,38.25333404541016,0.0,38.49666595458984,38.01333236694336,38.44333267211914,0.0,10464600,-0.1915329385013763,0.036684866530972,WMT,Walmart,Stock
2019-07-17,34.63912582397461,38.20000076293945,0.0,38.38999938964844,38.06666564941406,38.27000045776367,0.0,8065500,-0.1394994292875704,0.0194600907715578,WMT,Walmart,Stock
2019-07-18,34.6754035949707,38.2400016784668,0.0,38.2599983215332,37.913333892822266,38.116668701171875,0.0,9670800,0.1046758150496837,0.0109570262563155,WMT,Walmart,Stock
2019-07-19,34.42753982543945,37.96666717529297,0.0,38.436668395996094,37.95333480834961,38.33333206176758,0.0,11388900,-0.7173785087873239,0.5146319248699246,WMT,Walmart,Stock
2019-07-22,34.10110092163086,37.606666564941406,0.0,38.11333465576172,37.439998626708984,38.03333282470703,0.0,13550700,-0.9527151549844556,0.907666166537055,WMT,Walmart,Stock
2019-07-23,33.88044738769531,37.36333465576172,0.0,37.73333358764648,37.189998626708984,37.706668853759766,0.0,17262600,-0.6491594095717026,0.4214079390354815,WMT,Walmart,Stock
2019-07-24,33.85325241088867,37.33333206176758,0.0,37.5966682434082,37.189998626708984,37.34333419799805,0.0,12531900,-0.0802996982264226,0.0064480415352545,WMT,Walmart,Stock
2019-07-25,33.91974639892578,37.40666580200195,0.0,37.46333312988281,37.220001220703125,37.393333435058594,0.0,11554500,0.1962256666838512,0.0385045122655218,WMT,Walmart,Stock
2019-07-26,34.16154861450195,37.67333221435547,0.0,37.779998779296875,37.27333450317383,37.37333297729492,0.0,14187000,0.7103367592001368,0.5045783114709532,WMT,Walmart,Stock
2019-07-29,33.93485641479492,37.42333221435547,0.0,37.65999984741211,37.25333404541016,37.61333465576172,0.0,11239800,-0.6658003077514951,0.4432900498019856,WMT,Walmart,Stock
2019-07-30,33.871376037597656,37.35333251953125,0.0,37.46666717529297,37.223331451416016,37.35333251953125,0.0,9105600,-0.1872405926348307,0.0350590395302426,WMT,Walmart,Stock
2019-07-31,33.36357879638672,36.793331146240234,0.0,37.4466667175293,36.543331146240234,37.3033332824707,0.0,18633900,-1.510544323131622,2.28174415214517,WMT,Walmart,Stock
2019-08-01,33.06132507324219,36.459999084472656,0.0,37.38999938964844,36.439998626708984,36.77333450317383,0.0,22365000,-0.9100677355829564,0.8282232833490898,WMT,Walmart,Stock
2019-08-02,33.067359924316406,36.46666717529297,0.0,36.71333312988281,36.04999923706055,36.58000183105469,0.0,16970100,0.0182518406080318,0.000333129685581,WMT,Walmart,Stock
2019-08-05,31.985271453857425,35.27333450317383,0.0,36.0,35.1966667175293,36.0,0.0,22710000,-3.3271161078691063,11.069701595242073,WMT,Walmart,Stock
2019-08-06,32.423561096191406,35.75666809082031,0.0,35.9466667175293,35.1966667175293,35.39666748046875,0.0,21049200,1.3609823070126048,1.852272840001352,WMT,Walmart,Stock
2019-08-07,32.70465087890625,36.06666564941406,0.0,36.21333312988281,35.30666732788086,35.67333221435547,0.0,21835500,0.863194365489511,0.7451045126128395,WMT,Walmart,Stock
2019-08-08,32.96283721923828,36.17333221435547,0.176667,36.279998779296875,35.92333221435547,36.003334045410156,0.0,13123200,0.7863485514922164,0.6183440444339069,WMT,Walmart,Stock
2019-08-09,32.58618927001953,35.7599983215332,0.0,36.1533317565918,35.56999969482422,36.02000045776367,0.0,12580500,-1.1492225430227978,1.3207124533917864,WMT,Walmart,Stock
2019-08-12,31.960477828979492,35.073333740234375,0.0,35.61333465576172,34.9466667175293,35.573333740234375,0.0,17605200,-1.9388484956611336,3.75913348912744,WMT,Walmart,Stock
2019-08-13,32.62568283081055,35.8033332824707,0.0,36.03666687011719,34.95000076293945,35.08333206176758,0.0,20025900,2.0599723473375984,4.243486071795575,WMT,Walmart,Stock
2019-08-14,32.25814437866211,35.400001525878906,0.0,36.02000045776367,35.04666519165039,35.15999984741211,0.0,27938400,-1.132924487139995,1.2835178935614209,WMT,Walmart,Stock
2019-08-15,34.22947311401367,37.563331604003906,0.0,37.880001068115234,36.720001220703125,37.5099983215332,0.0,59438700,5.931650967039543,35.184483194781144,WMT,Walmart,Stock
2019-08-16,34.32060623168945,37.663333892822266,0.0,38.310001373291016,37.35333251953125,38.026668548583984,0.0,32895600,0.2658878654421673,0.070696356989392,WMT,Walmart,Stock
2019-08-19,34.569671630859375,37.936668395996094,0.0,38.2599983215332,37.866668701171875,38.116668701171875,0.0,21534300,0.7230816657717369,0.5228470953752299,WMT,Walmart,Stock
2019-08-20,34.035072326660156,37.349998474121094,0.0,38.01333236694336,37.336666107177734,37.95333480834961,0.0,18336900,-1.5585223250188045,2.428991837582019,WMT,Walmart,Stock
2019-08-21,34.025962829589844,37.34000015258789,0.0,38.02333450317383,37.293331146240234,37.99333190917969,0.0,24469200,-0.026768611743255,0.0007165585746611,WMT,Walmart,Stock
2019-08-22,33.9925537109375,37.3033332824707,0.0,37.5966682434082,37.116668701171875,37.400001525878906,0.0,17986200,-0.098235371890655,0.0096501882904952,WMT,Walmart,Stock
2019-08-23,33.66450500488281,36.94333267211914,0.0,37.3033332824707,36.709999084472656,37.206668853759766,0.0,18710100,-0.9697473792474814,0.9404099795573586,WMT,Walmart,Stock
2019-08-26,34.016849517822266,37.33000183105469,0.0,37.42333221435547,37.073333740234375,37.186668395996094,0.0,17807100,1.041195757750682,1.084088605958017,WMT,Walmart,Stock
2019-08-27,34.147464752197266,37.473331451416016,0.0,37.60333251953125,37.16999816894531,37.473331451416016,0.0,17201100,0.3832368758827749,0.1468705030363894,WMT,Walmart,Stock
2019-08-28,34.23859405517578,37.573333740234375,0.0,37.69333267211914,37.22666549682617,37.426666259765625,0.0,16113000,0.2665144285507387,0.0710299406257268,WMT,Walmart,Stock
2019-08-29,34.65168380737305,38.026668548583984,0.0,38.1966667175293,37.77000045776367,38.06666564941406,0.0,15811500,1.1992830226781528,1.4382797684840467,WMT,Walmart,Stock
2019-08-30,34.706356048583984,38.086666107177734,0.0,38.459999084472656,37.96666717529297,38.33333206176758,0.0,17115900,0.1576522423301433,0.0248542295117222,WMT,Walmart,Stock
2019-09-03,34.821781158447266,38.21333312988281,0.0,38.436668395996094,37.83000183105469,37.893333435058594,0.0,17828100,0.3320244739392527,0.1102402512946375,WMT,Walmart,Stock
2019-09-04,35.20755386352539,38.63666534423828,0.0,38.6533317565918,38.27333450317383,38.563331604003906,0.0,17348700,1.1017571629415726,1.213868846093063,WMT,Walmart,Stock
2019-09-05,35.064788818359375,38.47999954223633,0.0,39.31999969482422,38.42333221435547,39.223331451416016,0.0,17479200,-0.4063198582355149,0.1650958271965289,WMT,Walmart,Stock
2019-09-06,34.849124908447266,38.24333190917969,0.0,38.58333206176758,38.206668853759766,38.47999954223633,0.0,13039200,-0.6169432734164574,0.3806190026138137,WMT,Walmart,Stock
2019-09-09,35.335113525390625,38.776668548583984,0.0,38.869998931884766,38.133331298828125,38.16666793823242,0.0,17921100,1.3849160308663984,1.9179924125507388,WMT,Walmart,Stock
2019-09-10,35.25008010864258,38.68333435058594,0.0,38.98666763305664,38.49333190917969,38.663333892822266,0.0,14572200,-0.2409385127561053,0.0580513669291239,WMT,Walmart,Stock
2019-09-11,35.24095916748047,38.67333221435547,0.0,38.900001525878906,38.40666580200195,38.66666793823242,0.0,15852300,-0.0258782997290886,0.0006696863968685,WMT,Walmart,Stock
2019-09-12,35.51432800292969,38.973331451416016,0.0,39.02333450317383,38.633331298828125,38.883331298828125,0.0,13422900,0.7727201926811436,0.5970964961771836,WMT,Walmart,Stock
2019-09-13,35.669246673583984,39.143333435058594,0.0,39.39666748046875,38.98333358764648,39.0533332824707,0.0,16915800,0.4352659049348352,0.189456407998741,WMT,Walmart,Stock
2019-09-16,35.104278564453125,38.52333450317383,0.0,39.05666732788086,38.459999084472656,38.8466682434082,0.0,18270900,-1.5965860353948556,2.5490869684178628,WMT,Walmart,Stock
2019-09-17,35.38980484008789,38.836666107177734,0.0,38.89666748046875,38.41666793823242,38.439998626708984,0.0,13813500,0.8100760326296116,0.6562231786409315,WMT,Walmart,Stock
2019-09-18,35.587242126464844,39.0533332824707,0.0,39.07666778564453,38.72666549682617,38.970001220703125,0.0,11868000,0.5563426602451593,0.3095171556086608,WMT,Walmart,Stock
2019-09-19,35.57204818725586,39.03666687011719,0.0,39.27000045776367,38.92333221435547,39.133331298828125,0.0,10141800,-0.0427040218442327,0.0018236334816727,WMT,Walmart,Stock
2019-09-20,35.532569885253906,38.99333190917969,0.0,39.21333312988281,38.93333435058594,39.116668701171875,0.0,33997200,-0.1110428749318733,0.0123305200731356,WMT,Walmart,Stock
2019-09-23,35.726959228515625,39.206668853759766,0.0,39.470001220703125,38.85333251953125,38.869998931884766,0.0,15487500,0.5455826830812925,0.2976604640781821,WMT,Walmart,Stock
2019-09-24,35.963890075683594,39.46666717529297,0.0,39.95333480834961,39.336666107177734,39.41666793823242,0.0,21819300,0.6609817350091823,0.4368968540157489,WMT,Walmart,Stock
2019-09-25,35.98514938354492,39.4900016784668,0.0,39.573333740234375,39.27000045776367,39.4900016784668,0.0,13840800,0.0590954615650401,0.0034922735775851,WMT,Walmart,Stock
2019-09-26,35.933502197265625,39.43333435058594,0.0,39.849998474121094,39.39666748046875,39.599998474121094,0.0,11960700,-0.1436267060699431,0.0206286306965018,WMT,Walmart,Stock
2019-09-27,35.979068756103516,39.48333358764648,0.0,39.74333190917969,39.25,39.73666763305664,0.0,10304100,0.1267276759322714,0.0160599038471948,WMT,Walmart,Stock
2019-09-30,36.04893112182617,39.560001373291016,0.0,39.813331604003906,39.52000045776367,39.55666732788086,0.0,10204200,0.1939867489010588,0.0376308587492024,WMT,Walmart,Stock
2019-10-01,35.79682540893555,39.28333282470703,0.0,39.70333480834961,39.2400016784668,39.616668701171875,0.0,11187900,-0.7017999664724051,0.4925231929406689,WMT,Walmart,Stock
2019-10-02,35.271339416503906,38.706668853759766,0.0,39.18333435058594,38.53666687011719,39.133331298828125,0.0,17833500,-1.4788494135183257,2.1869955878634957,WMT,Walmart,Stock
2019-10-03,35.329044342041016,38.77000045776367,0.0,38.93333435058594,38.19333267211914,38.62666702270508,0.0,15619500,0.163469191851628,0.0267221766846243,WMT,Walmart,Stock
2019-10-04,35.89096450805664,39.38666534423828,0.0,39.43333435058594,38.72999954223633,38.79999923706055,0.0,13881000,1.5780167273889751,2.490136791919411,WMT,Walmart,Stock
2019-10-07,35.608489990234375,39.07666778564453,0.0,39.43333435058594,38.959999084472656,39.366668701171875,0.0,14085000,-0.7901486506678043,0.6243348901521518,WMT,Walmart,Stock
2019-10-08,35.714813232421875,39.19333267211914,0.0,39.55666732788086,38.88666534423828,38.936668395996094,0.0,15375300,0.2981446908445492,0.0888902566787918,WMT,Walmart,Stock
2019-10-09,36.12486267089844,39.643333435058594,0.0,39.76666641235352,39.34000015258789,39.393333435058594,0.0,11710200,1.1415805722086698,1.303206202844274,WMT,Walmart,Stock
2019-10-10,36.331417083740234,39.869998931884766,0.0,39.959999084472656,39.53333282470703,39.633331298828125,0.0,13024500,0.5701506427950055,0.3250717554795579,WMT,Walmart,Stock
2019-10-11,36.52278137207031,40.08000183105469,0.0,40.23666763305664,39.573333740234375,39.973331451416016,0.0,18383700,0.5253361713913383,0.2759780929721095,WMT,Walmart,Stock
2019-10-14,36.1977653503418,39.723331451416016,0.0,40.1533317565918,39.70000076293945,39.95000076293945,0.0,13719900,-0.8938826796844238,0.7990262450398062,WMT,Walmart,Stock
2019-10-15,36.30712127685547,39.84333419799805,0.0,39.99666595458984,39.62333297729492,39.776668548583984,0.0,13550100,0.3016514183335806,0.0909935781826608,WMT,Walmart,Stock
2019-10-16,36.27370834350586,39.80666732788086,0.0,40.03666687011719,39.70000076293945,39.77000045776367,0.0,11344800,-0.092070966630555,0.0084770628962847,WMT,Walmart,Stock
2019-10-17,36.40127944946289,39.9466667175293,0.0,40.08333206176758,39.78666687011719,39.88999938964844,0.0,11732700,0.3510732945678347,0.1232524581587136,WMT,Walmart,Stock
2019-10-18,36.18865585327149,39.71333312988281,0.0,40.20000076293945,39.709999084472656,40.150001525878906,0.0,16776900,-0.5858228234732917,0.3431883805022195,WMT,Walmart,Stock
2019-10-21,36.37090301513672,39.913333892822266,0.0,39.94333267211914,39.606666564941406,39.76666641235352,0.0,10230300,0.5023391761189141,0.2523446478638294,WMT,Walmart,Stock
2019-10-22,36.32231903076172,39.86000061035156,0.0,40.05666732788086,39.79666519165039,39.91666793823242,0.0,7634100,-0.1336685601257006,0.017867283966078,WMT,Walmart,Stock
2019-10-23,36.252437591552734,39.78333282470703,0.0,39.95000076293945,39.563331604003906,39.723331451416016,0.0,8520000,-0.1925778715859847,0.037086236624588,WMT,Walmart,Stock
2019-10-24,36.176513671875,39.70000076293945,0.0,39.856666564941406,39.50333404541016,39.71666717529297,0.0,8700900,-0.2096508265346134,0.0439534690666465,WMT,Walmart,Stock
2019-10-25,36.15828704833984,39.68000030517578,0.0,39.776668548583984,39.400001525878906,39.66666793823242,0.0,7692900,-0.0503951728336253,0.0025396734449309,WMT,Walmart,Stock
2019-10-28,36.212947845458984,39.7400016784668,0.0,39.900001525878906,39.5099983215332,39.75,0.0,10213800,0.1510567218955466,0.0228181332298285,WMT,Walmart,Stock
2019-10-29,35.584197998046875,39.04999923706055,0.0,39.57666778564453,39.026668548583984,39.5,0.0,14373300,-1.751506731377973,3.067775830062351,WMT,Walmart,Stock
2019-10-30,35.87275695800781,39.366668701171875,0.0,39.456668853759766,39.01666641235352,39.060001373291016,0.0,8988600,0.8076485450181982,0.6522961722700125,WMT,Walmart,Stock
2019-10-31,35.61760330200195,39.086666107177734,0.0,39.426666259765625,38.94333267211914,39.310001373291016,0.0,14643900,-0.7138157885537727,0.5095329799886443,WMT,Walmart,Stock
2019-11-01,35.726959228515625,39.206668853759766,0.0,39.323333740234375,39.07666778564453,39.30666732788086,0.0,11287800,0.306557383706595,0.0939774295050325,WMT,Walmart,Stock
2019-11-04,35.71177291870117,39.189998626708984,0.0,39.70333480834961,39.05666732788086,39.46666717529297,0.0,13938000,-0.0425156202714049,0.0018075779670622,WMT,Walmart,Stock
2019-11-05,36.103607177734375,39.619998931884766,0.0,39.71333312988281,39.026668548583984,39.22666549682617,0.0,12651300,1.0912374112573215,1.1907990877275807,WMT,Walmart,Stock
2019-11-06,36.29800796508789,39.83333206176758,0.0,39.87333297729492,39.56999969482422,39.61000061035156,0.0,10843200,0.5370080602304296,0.2883776567524487,WMT,Walmart,Stock
2019-11-07,36.519744873046875,40.07666778564453,0.0,40.30666732788086,39.8466682434082,40.0,0.0,13324200,0.6090206980563102,0.3709062106609954,WMT,Walmart,Stock
2019-11-08,36.27978515625,39.813331604003906,0.0,40.293331146240234,39.64666748046875,40.10333251953125,0.0,11498100,-0.6592366344663749,0.4345929402225528,WMT,Walmart,Stock
2019-11-11,36.15828704833984,39.68000030517578,0.0,39.87666702270508,39.426666259765625,39.56666564941406,0.0,13317000,-0.3354540454948725,0.112529416638876,WMT,Walmart,Stock
2019-11-12,36.182579040527344,39.706668853759766,0.0,40.0,39.60333251953125,39.866668701171875,0.0,15189300,0.0671598072124844,0.004510439704818,WMT,Walmart,Stock
2019-11-13,36.74756622314453,40.32666778564453,0.0,40.45333480834961,39.5533332824707,39.720001220703125,0.0,23135400,1.5494237222042522,2.4007138709292795,WMT,Walmart,Stock
2019-11-14,36.64732360839844,40.21666717529297,0.0,41.793331146240234,39.836666107177734,41.53333282470703,0.0,67512600,-0.2731598270867733,0.0746162911340758,WMT,Walmart,Stock
2019-11-15,36.10664367675781,39.62333297729492,0.0,40.33333206176758,39.459999084472656,40.22666549682617,0.0,30413100,-1.486351620077735,2.209241138507707,WMT,Walmart,Stock
2019-11-18,36.52581024169922,40.08333206176758,0.0,40.290000915527344,39.413333892822266,39.48333358764648,0.0,19644000,1.154225682580231,1.3322369263278002,WMT,Walmart,Stock
2019-11-19,36.41646957397461,39.96333312988281,0.0,40.119998931884766,39.9033317565918,40.03666687011719,0.0,11146200,-0.2998007462818728,0.0898804874711678,WMT,Walmart,Stock
2019-11-20,36.18561172485352,39.709999084472656,0.0,40.15999984741211,39.46666717529297,40.06999969482422,0.0,15227700,-0.6359559479795175,0.4044399677705267,WMT,Walmart,Stock
2019-11-21,36.40735626220703,39.95333480834961,0.0,40.0,39.55666732788086,39.61000061035156,0.0,12908400,0.6109275682960659,0.3732324937041442,WMT,Walmart,Stock
2019-11-22,36.25547409057617,39.78666687011719,0.0,40.099998474121094,39.75666809082031,40.04999923706055,0.0,11529300,-0.418047004468833,0.1747632979453644,WMT,Walmart,Stock
2019-11-25,36.1218376159668,39.63999938964844,0.0,40.00666809082031,39.29999923706055,40.0,0.0,17644500,-0.369277673681607,0.1363660002796994,WMT,Walmart,Stock
2019-11-26,36.2038459777832,39.72999954223633,0.0,39.76666641235352,39.48333358764648,39.6533317565918,0.0,18877500,0.2267753110290269,0.0514270416923119,WMT,Walmart,Stock
2019-11-27,36.07322692871094,39.586666107177734,0.0,39.93333435058594,39.57666778564453,39.79666519165039,0.0,10302300,-0.3614401801820019,0.130639003849998,WMT,Walmart,Stock
2019-11-29,36.1734619140625,39.6966667175293,0.0,39.9900016784668,39.66666793823242,39.71333312988281,0.0,9471900,0.2774799821845949,0.0769951405131631,WMT,Walmart,Stock
2019-12-02,36.23119354248047,39.7599983215332,0.0,39.793331146240234,39.279998779296875,39.71666717529297,0.0,17012700,0.1594694161265741,0.0254304946797504,WMT,Walmart,Stock
2019-12-03,36.0458869934082,39.55666732788086,0.0,39.6533317565918,39.25666809082031,39.46666717529297,0.0,19784400,-0.5127682350260847,0.262931262851766,WMT,Walmart,Stock
2019-12-04,36.051963806152344,39.563331604003906,0.0,39.73333358764648,39.43333435058594,39.706668853759766,0.0,16669800,0.0168571259507402,0.0002841626953191,WMT,Walmart,Stock
2019-12-05,36.20452499389648,39.5533332824707,0.176667,39.59333419799805,39.13999938964844,39.45333480834961,0.0,13058400,0.4222774092162084,0.1783182103343531,WMT,Walmart,Stock
2019-12-06,36.54624557495117,39.926666259765625,0.0,39.93333435058594,39.63999938964844,39.69333267211914,0.0,13022400,0.9394349820835532,0.8825380855623258,WMT,Walmart,Stock
2019-12-09,36.418094635009766,39.78666687011719,0.0,39.95333480834961,39.72666549682617,39.856666564941406,0.0,14448000,-0.3512704187957708,0.1233909071209562,WMT,Walmart,Stock
2019-12-10,36.35097122192383,39.71333312988281,0.0,39.85333251953125,39.67333221435547,39.78333282470703,0.0,12846900,-0.1844834239188897,0.0340341337008367,WMT,Walmart,Stock
2019-12-11,36.30826568603515,39.66666793823242,0.0,39.883331298828125,39.5099983215332,39.79999923706055,0.0,10519200,-0.1175502045537016,0.0138180505906171,WMT,Walmart,Stock
2019-12-12,36.5401496887207,39.91999816894531,0.0,40.03666687011719,39.560001373291016,39.66666793823242,0.0,12447000,0.6366227313473606,0.4052885020681736,WMT,Walmart,Stock
2019-12-13,36.70185470581055,40.0966682434082,0.0,40.21666717529297,39.67333221435547,39.720001220703125,0.0,16098900,0.4415643213725352,0.1949790499091875,WMT,Walmart,Stock
2019-12-16,36.77812576293945,40.18000030517578,0.0,40.45000076293945,40.13999938964844,40.13999938964844,0.0,16052100,0.2075969101628272,0.0430964771091529,WMT,Walmart,Stock
2019-12-17,37.003910064697266,40.426666259765625,0.0,40.56666564941406,40.23333358764648,40.31666564941406,0.0,13727400,0.6120324656738093,0.3745837390387626,WMT,Walmart,Stock
2019-12-18,36.57065963745117,39.95333480834961,0.0,40.560001373291016,39.9466667175293,40.50333404541016,0.0,15309000,-1.1777314820244282,1.387051443751456,WMT,Walmart,Stock
2019-12-19,36.63778305053711,40.026668548583984,0.0,40.16999816894531,39.926666259765625,39.97999954223633,0.0,13392300,0.1833762047953321,0.0336268324851395,WMT,Walmart,Stock
2019-12-20,36.70185470581055,40.0966682434082,0.0,40.706668853759766,40.00666809082031,40.49333190917969,0.0,23863200,0.1747259013924716,0.0305291406174117,WMT,Walmart,Stock
2019-12-23,36.317413330078125,39.676666259765625,0.0,40.22999954223633,39.66999816894531,40.06666564941406,0.0,13457400,-1.0529958415249896,1.108800242268921,WMT,Walmart,Stock
2019-12-24,36.4638671875,39.836666107177734,0.0,39.866668701171875,39.66999816894531,39.709999084472656,0.0,6682200,0.4024497894275459,0.161965833010276,WMT,Walmart,Stock
2019-12-26,36.466922760009766,39.84000015258789,0.0,39.95000076293945,39.650001525878906,39.869998931884766,0.0,12671400,0.0083793758815761,7.021394016474055e-05,WMT,Walmart,Stock
2019-12-27,36.48828125,39.86333465576172,0.0,39.97999954223633,39.75,39.97999954223633,0.0,10632000,0.058552342880195,0.0034283768567599,WMT,Walmart,Stock
2019-12-30,36.43030548095703,39.79999923706055,0.0,39.936668395996094,39.709999084472656,39.93333435058594,0.0,8837400,-0.1590150985049771,0.0252858015525475,WMT,Walmart,Stock
2019-12-31,36.25944137573242,39.61333465576172,0.0,39.93333435058594,39.39666748046875,39.83333206176758,0.0,14736000,-0.4701197274877475,0.221012558173154,WMT,Walmart,Stock
2020-01-02,36.28995513916016,39.64666748046875,0.0,39.96333312988281,39.56666564941406,39.619998931884766,0.0,20294700,0.0841185914503086,0.0070759374275839,WMT,Walmart,Stock
2020-01-03,35.9695930480957,39.29666519165039,0.0,39.5966682434082,39.1966667175293,39.42333221435547,0.0,16197600,-0.8867041051932761,0.7862441701666085,WMT,Walmart,Stock
2020-01-06,35.8963623046875,39.21666717529297,0.0,39.36333465576172,38.92333221435547,39.133331298828125,0.0,19336500,-0.2037982196018235,0.041533714312873,WMT,Walmart,Stock
2020-01-07,35.56378936767578,38.85333251953125,0.0,39.17333221435547,38.73333358764648,39.086666107177734,0.0,20540700,-0.9307994186051992,0.8663875576757767,WMT,Walmart,Stock
2020-01-08,35.44173812866211,38.720001220703125,0.0,38.90999984741211,38.560001373291016,38.76666641235352,0.0,17627400,-0.34377988171346,0.1181846070709205,WMT,Walmart,Stock
2020-01-09,35.80788040161133,39.119998931884766,0.0,39.12333297729492,38.69333267211914,38.71666717529297,0.0,16691100,1.0277823336465357,1.0563365253559185,WMT,Walmart,Stock
2020-01-10,35.508880615234375,38.793331146240234,0.0,39.11333465576172,38.65999984741211,39.08000183105469,0.0,18164400,-0.8385168760542742,0.703110551427819,WMT,Walmart,Stock
2020-01-13,35.356319427490234,38.62666702270508,0.0,38.849998474121094,38.456668853759766,38.793331146240234,0.0,18337800,-0.4305679609874614,0.1853887690289,WMT,Walmart,Stock
2020-01-14,35.447837829589844,38.72666549682617,0.0,38.73666763305664,38.37666702270508,38.4900016784668,0.0,19757400,0.2585115242148053,0.0668282081518618,WMT,Walmart,Stock
2020-01-15,35.17325210571289,38.426666259765625,0.0,38.62333297729492,38.17333221435547,38.209999084472656,0.0,22362600,-0.7776348619000369,0.6047159784422895,WMT,Walmart,Stock
2020-01-16,35.3624153137207,38.633331298828125,0.0,38.643333435058594,38.426666259765625,38.5,0.0,16108200,0.5363631434251925,0.2876854216249536,WMT,Walmart,Stock
2020-01-17,35.07562255859375,38.31999969482422,0.0,38.76666641235352,38.21333312988281,38.68333435058594,0.0,30135000,-0.8143166635102476,0.6631116284704618,WMT,Walmart,Stock
2020-01-21,35.26782989501953,38.529998779296875,0.0,38.563331604003906,38.17333221435547,38.1966667175293,0.0,22061100,0.5464838817790575,0.2986446330443069,WMT,Walmart,Stock
2020-01-22,35.423439025878906,38.70000076293945,0.0,38.84333419799805,38.393333435058594,38.40666580200195,0.0,14778300,0.4402506407655772,0.1938206266945012,WMT,Walmart,Stock
2020-01-23,35.334957122802734,38.60333251953125,0.0,38.77000045776367,38.3466682434082,38.73666763305664,0.0,12915300,-0.2500959716779223,0.0625479950495241,WMT,Walmart,Stock
2020-01-24,34.895599365234375,38.12333297729492,0.0,38.676666259765625,38.04999923706055,38.66666793823242,0.0,13150200,-1.251203212240033,1.565509478319777,WMT,Walmart,Stock
2020-01-27,35.35021209716797,38.619998931884766,0.0,38.74333190917969,37.560001373291016,37.72999954223633,0.0,21055200,1.2943663673132084,1.6753842928315916,WMT,Walmart,Stock
2020-01-28,35.575992584228516,38.866668701171875,0.0,38.96666717529297,38.650001525878906,38.65999984741211,0.0,15810600,0.6366652515190379,0.4053426424917997,WMT,Walmart,Stock
2020-01-29,35.359378814697266,38.630001068115234,0.0,39.040000915527344,38.630001068115234,38.85333251953125,0.0,11326500,-0.6107374602182066,0.3730002453137855,WMT,Walmart,Stock
2020-01-30,35.56990051269531,38.86000061035156,0.0,38.90666580200195,38.44333267211914,38.53666687011719,0.0,13744500,0.5936118854789991,0.3523750705819323,WMT,Walmart,Stock
2020-01-31,34.93220901489258,38.163333892822266,0.0,38.75333404541016,37.96666717529297,38.599998474121094,0.0,23327400,-1.8090490999562268,3.272658646052434,WMT,Walmart,Stock
2020-02-03,34.865089416503906,38.09000015258789,0.0,38.46333312988281,38.03333282470703,38.29999923706055,0.0,13041300,-0.192327269354509,0.0369897785373618,WMT,Walmart,Stock
2020-02-04,35.170196533203125,38.42333221435547,0.0,38.74666595458984,38.29666519165039,38.413333892822266,0.0,15696600,0.8713009243331349,0.7591653007437752,WMT,Walmart,Stock
2020-02-05,35.64007568359375,38.936668395996094,0.0,38.98333358764648,38.28333282470703,38.53333282470703,0.0,17048700,1.3271691595488178,1.7613779780575154,WMT,Walmart,Stock
2020-02-06,35.487510681152344,38.77000045776367,0.0,39.07666778564453,38.686668395996094,38.94333267211914,0.0,16058700,-0.4289903375423485,0.1840327097046981,WMT,Walmart,Stock
2020-02-07,35.53023147583008,38.81666564941406,0.0,38.91999816894531,38.586666107177734,38.70333480834961,0.0,11068800,0.1203102169492691,0.0144745483023802,WMT,Walmart,Stock
2020-02-10,35.16410827636719,38.41666793823242,0.0,38.99333190917969,38.349998474121094,38.58333206176758,0.0,18434700,-1.03580137855339,1.072884495813103,WMT,Walmart,Stock
2020-02-11,35.20985794067383,38.46666717529297,0.0,38.5,38.14666748046875,38.47666549682617,0.0,17390400,0.1300187362197974,0.0169048717681932,WMT,Walmart,Stock
2020-02-12,35.347164154052734,38.616668701171875,0.0,38.80666732788086,38.470001220703125,38.5,0.0,14206800,0.3892068645499372,0.1514819834127932,WMT,Walmart,Stock
2020-02-13,35.83229446411133,39.14666748046875,0.0,39.18000030517578,38.526668548583984,38.616668701171875,0.0,15999600,1.3631399605910233,1.8581505521600965,WMT,Walmart,Stock
2020-02-14,35.9695930480957,39.29666519165039,0.0,39.52333450317383,39.0533332824707,39.223331451416016,0.0,24391800,0.382437721580762,0.1462586108878844,WMT,Walmart,Stock
2020-02-18,36.500484466552734,39.87666702270508,0.0,39.98333358764648,39.119998931884766,39.4900016784668,0.0,34539600,1.465158956066949,2.1466907665431907,WMT,Walmart,Stock
2020-02-19,35.905517578125,39.22666549682617,0.0,39.97999954223633,39.22666549682617,39.83333206176758,0.0,21563400,-1.643455688793911,2.7009466010290675,WMT,Walmart,Stock
2020-02-20,35.9085693359375,39.22999954223633,0.0,39.369998931884766,38.95333480834961,39.06999969482422,0.0,15068700,0.0084990506611471,7.223386214074531e-05,WMT,Walmart,Stock
2020-02-21,36.180118560791016,39.526668548583984,0.0,39.58333206176758,39.10333251953125,39.14666748046875,0.0,18726300,0.7533789756962227,0.5675798810210897,WMT,Walmart,Stock
2020-02-24,35.49056625366211,38.77333450317383,0.0,39.48666763305664,38.650001525878906,39.1533317565918,0.0,19848000,-1.9242835099278373,3.702867026580197,WMT,Walmart,Stock
2020-02-25,34.90169143676758,38.130001068115234,0.0,39.02333450317383,38.01666641235352,38.78333282470703,0.0,23292900,-1.673162856208206,2.7994739433948017,WMT,Walmart,Stock
2020-02-26,34.7155876159668,37.926666259765625,0.0,38.38999938964844,37.883331298828125,38.23333358764648,0.0,20019900,-0.5346496348263371,0.2858502320199356,WMT,Walmart,Stock
2020-02-27,33.68429946899414,36.79999923706055,0.0,38.02333450317383,36.78333282470703,37.52000045776367,0.0,28476900,-3.0156959253055216,9.094421913904323,WMT,Walmart,Stock
2020-02-28,32.85439682006836,35.893333435058594,0.0,36.17333221435547,34.790000915527344,35.89666748046875,0.0,52369200,-2.4946256335658648,6.223157051643892,WMT,Walmart,Stock
2020-03-02,35.356319427490234,38.62666702270508,0.0,38.79999923706055,35.76333236694336,35.866668701171875,0.0,51222600,7.339156242887658,53.86321435751689,WMT,Walmart,Stock
2020-03-03,34.450138092041016,37.63666534423828,0.0,39.176666259765625,37.4466667175293,38.69333267211914,0.0,33340800,-2.5964137833896026,6.74136453457551,WMT,Walmart,Stock
2020-03-04,35.627864837646484,38.92333221435547,0.0,38.9466667175293,37.823333740234375,38.08000183105469,0.0,24625200,3.361504592204503,11.29971312341196,WMT,Walmart,Stock
2020-03-05,35.3685302734375,38.63999938964844,0.0,39.08333206176758,37.970001220703125,38.133331298828125,0.0,25638300,-0.7305602410717845,0.5337182658348639,WMT,Walmart,Stock
2020-03-06,35.768211364746094,39.07666778564453,0.0,39.3033332824707,37.66999816894531,37.956668853759766,0.0,29411100,1.1237098799281395,1.2627238942481138,WMT,Walmart,Stock
2020-03-09,35.74686050415039,39.0533332824707,0.0,40.209999084472656,37.57666778564453,37.939998626708984,0.0,59243400,-0.0597101021423718,0.0035652962978524,WMT,Walmart,Stock
2020-03-10,36.5493049621582,39.93000030517578,0.0,40.22666549682617,38.30666732788086,39.366668701171875,0.0,37797300,2.2199722713695422,4.928276885649645,WMT,Walmart,Stock
2020-03-11,34.91390609741211,38.143333435058594,0.0,39.676666259765625,37.599998474121094,39.16999816894531,0.0,31620000,-4.5776964572451355,20.955304854674665,WMT,Walmart,Stock
2020-03-12,31.746856689453125,34.68333435058594,0.0,37.163333892822266,34.32666778564453,35.34000015258789,0.0,56323200,-9.50914868286051,90.42390867274776,WMT,Walmart,Stock
2020-03-13,34.8132209777832,38.03333282470703,0.0,38.1966667175293,34.62666702270508,36.08000183105469,0.0,42962100,9.220350925568852,85.01487119063842,WMT,Walmart,Stock
2020-03-16,32.573699951171875,35.586666107177734,0.0,37.11000061035156,34.0,35.06666564941406,0.0,36753900,-6.64920149756611,44.21188055523539,WMT,Walmart,Stock
2020-03-17,36.38758850097656,39.75333404541016,0.0,39.75666809082031,36.81999969482422,37.59000015258789,0.0,52806000,11.072252843879316,122.5947830387936,WMT,Walmart,Stock
2020-03-18,37.400577545166016,40.86000061035156,0.0,42.69333267211914,38.16666793823242,38.33333206176758,0.0,77355900,2.74584054358511,7.539640290795773,WMT,Walmart,Stock
2020-03-19,36.60683059692383,39.81666564941406,0.18,42.33333206176758,39.209999084472656,41.48666763305664,0.0,57100500,-2.1451295359699736,4.601580726090754,WMT,Walmart,Stock
2020-03-20,34.92741394042969,37.9900016784668,0.0,40.93000030517578,37.29666519165039,39.83333206176758,0.0,55423500,-4.696283073496266,22.055074706407535,WMT,Walmart,Stock
2020-03-23,35.02241516113281,38.09333419799805,0.0,39.18000030517578,37.4033317565918,38.05666732788086,0.0,39366000,0.2716269084118256,0.0737811773733663,WMT,Walmart,Stock
2020-03-24,35.25226974487305,38.34333419799805,0.0,39.12333297729492,37.10333251953125,38.62333297729492,0.0,42705000,0.6541627435984231,0.4279288951122162,WMT,Walmart,Stock
2020-03-25,33.526885986328125,36.46666717529297,0.0,38.0,36.016666412353516,37.65666580200195,0.0,53287500,-5.018223340821567,25.182565498366372,WMT,Walmart,Stock
2020-03-26,33.655601501464844,36.606666564941406,0.0,36.956668853759766,35.616668701171875,36.46666717529297,0.0,58250700,0.3831822173977695,0.1468286117298715,WMT,Walmart,Stock
2020-03-27,33.58204650878906,36.526668548583984,0.0,37.426666259765625,36.20000076293945,36.70333480834961,0.0,36160500,-0.2187911808176809,0.0478695808035951,WMT,Walmart,Stock
2020-03-30,35.301300048828125,38.39666748046875,0.0,38.599998474121094,36.97999954223633,37.28666687011719,0.0,29212500,4.992819777139889,24.928249326999214,WMT,Walmart,Stock
2020-03-31,34.82015609741211,37.87333297729492,0.0,38.72999954223633,37.54666519165039,38.10333251953125,0.0,26258400,-1.3723374528408463,1.883310084469702,WMT,Walmart,Stock
2020-04-01,34.97951889038086,38.04666519165039,0.0,38.5099983215332,37.26666641235352,37.383331298828125,0.0,28269600,0.4566298336023,0.2085108049356642,WMT,Walmart,Stock
2020-04-02,36.36165618896485,39.54999923706055,0.0,39.70333480834961,37.4466667175293,37.72666549682617,0.0,29515500,3.8752102376017423,15.017254385613352,WMT,Walmart,Stock
2020-04-03,36.61602020263672,39.82666778564453,0.0,39.970001220703125,39.0099983215332,39.06999969482422,0.0,28625100,0.6971037071171151,0.4859535784764246,WMT,Walmart,Stock
2020-04-06,38.63560104370117,42.02333450317383,0.0,42.130001068115234,39.64666748046875,39.686668395996094,0.0,47768700,5.3688303144215865,28.82433894505219,WMT,Walmart,Stock
2020-04-07,37.38523483276367,40.663333892822266,0.0,42.163333892822266,40.54666519165039,41.32666778564453,0.0,41369700,-3.2898322336458117,10.82299612553499,WMT,Walmart,Stock
2020-04-08,37.33927154541016,40.61333465576172,0.0,41.27000045776367,40.1966667175293,41.22999954223633,0.0,27876600,-0.1230206671896024,0.0151340845557749,WMT,Walmart,Stock
2020-04-09,37.32701110839844,40.599998474121094,0.0,40.956668853759766,39.220001220703125,39.40666580200195,0.0,32828700,-0.0328406254768443,0.0010785066817103,WMT,Walmart,Stock
2020-04-13,38.39963150024414,41.76666641235352,0.0,41.88999938964844,40.38999938964844,40.42333221435547,0.0,24194100,2.83306402241345,8.026251755093478,WMT,Walmart,Stock
2020-04-14,39.53353500366211,43.0,0.0,43.26333236694336,42.01333236694336,42.366668701171875,0.0,34098900,2.91014359557488,8.468935746865492,WMT,Walmart,Stock
2020-04-15,39.45996856689453,42.91999816894531,0.0,43.293331146240234,42.37333297729492,43.0,0.0,22435200,-0.1862595142910569,0.0346926066639404,WMT,Walmart,Stock
2020-04-16,40.55405044555664,44.11000061035156,0.0,44.30666732788086,42.75,43.0,0.0,31882200,2.7348959243585225,7.479655717072857,WMT,Walmart,Stock
2020-04-17,40.48970031738281,44.040000915527344,0.0,44.323333740234375,43.24333190917969,43.82666778564453,0.0,30915300,-0.1588034637871727,0.0252185401108038,WMT,Walmart,Stock
2020-04-20,39.79402923583984,43.28333282470703,0.0,44.459999084472656,43.25333404541016,44.130001068115234,0.0,24401700,-1.7330746781996416,3.003547840216791,WMT,Walmart,Stock
2020-04-21,39.5978889465332,43.06999969482422,0.0,43.676666259765625,42.720001220703125,43.356666564941406,0.0,27900600,-0.4941074427925376,0.2441421650229808,WMT,Walmart,Stock
2020-04-22,40.32727813720703,43.86333465576172,0.0,44.12666702270508,42.96666717529297,43.33333206176758,0.0,19448100,1.8252309420136017,3.33146799168386,WMT,Walmart,Stock
2020-04-23,39.38949966430664,42.84333419799805,0.0,43.6966667175293,42.57666778564453,43.28333282470703,0.0,28839900,-2.35288420257998,5.536064070750427,WMT,Walmart,Stock
2020-04-24,39.66837310791016,43.14666748046875,0.0,43.29666519165039,42.85333251953125,43.116668701171875,0.0,17343600,0.7054948242460174,0.497722947037919,WMT,Walmart,Stock
2020-04-27,39.31900787353515,42.76666641235352,0.0,43.436668395996094,42.723331451416016,43.33333206176758,0.0,17923800,-0.8846160192070021,0.782545501437643,WMT,Walmart,Stock
2020-04-28,39.22706604003906,42.66666793823242,0.0,43.413333892822266,42.56666564941406,42.7599983215332,0.0,20732100,-0.2341094109670097,0.0548072163033202,WMT,Walmart,Stock
2020-04-29,37.87864685058594,41.20000076293945,0.0,41.91999816894531,40.849998474121094,41.856666564941406,0.0,44612100,-3.4979423065108683,12.235600379678573,WMT,Walmart,Stock
2020-04-30,37.25039291381836,40.51666641235352,0.0,41.14666748046875,40.3466682434082,41.026668548583984,0.0,40497900,-1.672505288649651,2.7972739405610523,WMT,Walmart,Stock
2020-05-01,37.67024230957031,40.973331451416016,0.0,41.22999954223633,40.2599983215332,40.49333190917969,0.0,31143900,1.120796131955429,1.256183969406251,WMT,Walmart,Stock
2020-05-04,37.909297943115234,41.23333358764648,0.0,41.46666717529297,40.56999969482422,41.279998779296875,0.0,17807700,0.6325956203234626,0.4001772188524264,WMT,Walmart,Stock
2020-05-05,38.22495651245117,41.57666778564453,0.0,41.75333404541016,41.086666107177734,41.26666641235352,0.0,19337400,0.8292203826823824,0.6876064430559167,WMT,Walmart,Stock
2020-05-06,37.78670501708984,41.099998474121094,0.0,41.83000183105469,40.95000076293945,41.73666763305664,0.0,17309100,-1.1531292508264332,1.3297070691115311,WMT,Walmart,Stock
2020-05-07,37.51891326904297,40.630001068115234,0.18,41.32666778564453,40.5,41.1533317565918,0.0,27345600,-0.7112161959395349,0.5058284773667029,WMT,Walmart,Stock
2020-05-08,37.84210205078125,40.97999954223633,0.0,41.00333404541016,40.540000915527344,40.91666793823242,0.0,20830800,0.8577133991790011,0.7356722751311966,WMT,Walmart,Stock
2020-05-11,38.06681442260742,41.223331451416016,0.0,41.436668395996094,41.00333404541016,41.01333236694336,0.0,25341900,0.592059638518944,0.3505346155631827,WMT,Walmart,Stock
2020-05-12,38.10066223144531,41.2599983215332,0.0,41.88666534423828,41.2599983215332,41.49333190917969,0.0,19100100,0.0888773333524211,0.0078991803838374,WMT,Walmart,Stock
2020-05-13,38.079132080078125,41.23666763305664,0.0,42.08000183105469,41.029998779296875,41.16666793823242,0.0,29175300,-0.0565245735697033,0.0031950274172368,WMT,Walmart,Stock
2020-05-14,37.98986053466797,41.13999938964844,0.0,41.709999084472656,40.43333435058594,41.616668701171875,0.0,22233000,-0.2347121562269099,0.0550897962806853,WMT,Walmart,Stock
2020-05-15,38.765533447265625,41.97999954223633,0.0,41.97999954223633,41.029998779296875,41.15666580200195,0.0,31770000,2.02122425440301,4.085347486587003,WMT,Walmart,Stock
2020-05-18,39.29497146606445,42.5533332824707,0.0,42.85333251953125,42.03333282470703,42.5,0.0,38633700,1.3565019540721346,1.8400975514015192,WMT,Walmart,Stock
2020-05-19,38.46080780029297,41.650001525878906,0.0,43.99666595458984,41.60333251953125,43.91666793823242,0.0,74746200,-2.145681458332662,4.60394892063258,WMT,Walmart,Stock
2020-05-20,38.61470031738281,41.81666564941406,0.0,42.1966667175293,41.543331146240234,42.163333892822266,0.0,32246400,0.3993297620764242,0.1594642588800135,WMT,Walmart,Stock
2020-05-21,38.473114013671875,41.663333892822266,0.0,42.04666519165039,41.41666793823242,41.630001068115234,0.0,22448100,-0.3673381173150422,0.1349372924325597,WMT,Walmart,Stock
2020-05-22,38.269962310791016,41.44333267211914,0.0,41.78333282470703,41.25666809082031,41.70000076293945,0.0,22359600,-0.5294345422167552,0.2803009344922652,WMT,Walmart,Stock
2020-05-26,38.125301361083984,41.28666687011719,0.0,41.836666107177734,41.209999084472656,41.4466667175293,0.0,23730600,-0.3787175163912097,0.1434269572215262,WMT,Walmart,Stock
2020-05-27,37.70050430297851,40.82666778564453,0.0,41.49666595458984,40.34333419799805,41.323333740234375,0.0,31073700,-1.1204668348029423,1.255445927893324,WMT,Walmart,Stock
2020-05-28,38.072959899902344,41.22999954223633,0.0,41.650001525878906,41.0533332824707,41.2400016784668,0.0,24424800,0.9830845151860688,0.9664551639986276,WMT,Walmart,Stock
2020-05-29,38.18685531616211,41.35333251953125,0.0,41.56999969482422,40.643333435058594,41.413333892822266,0.0,29311200,0.2987038471627174,0.089223988309808,WMT,Walmart,Stock
2020-06-01,38.15607070922851,41.31999969482422,0.0,41.470001220703125,40.78666687011719,41.14666748046875,0.0,20550300,-0.0806482282115183,0.0065041367136571,WMT,Walmart,Stock
2020-06-02,38.14990997314453,41.313331604003906,0.0,41.383331298828125,40.936668395996094,41.1966667175293,0.0,19187700,-0.0161474527744124,0.0002607402311018,WMT,Walmart,Stock
2020-06-03,38.005245208740234,41.15666580200195,0.0,41.33000183105469,40.88666534423828,41.29999923706055,0.0,20262900,-0.3799215905130688,0.1443404149379799,WMT,Walmart,Stock
2020-06-04,37.58663558959961,40.70333480834961,0.0,41.29666519165039,40.606666564941406,40.93333435058594,0.0,24015000,-1.107563124330165,1.2266960743759958,WMT,Walmart,Stock
2020-06-05,37.41733169555664,40.52000045776367,0.0,40.893333435058594,39.970001220703125,40.856666564941406,0.0,39337200,-0.4514539369595719,0.2038106571962971,WMT,Walmart,Stock
2020-06-08,37.31882858276367,40.413333892822266,0.0,40.413333892822266,39.81999969482422,39.86000061035156,0.0,28344300,-0.2636024367978236,0.0694862446857506,WMT,Walmart,Stock
2020-06-09,37.35268020629883,40.45000076293945,0.0,40.66666793823242,40.186668395996094,40.53333282470703,0.0,20746200,0.0906681180095615,0.0082207076233957,WMT,Walmart,Stock
2020-06-10,37.29420471191406,40.38666534423828,0.0,40.83333206176758,40.37666702270508,40.52000045776367,0.0,28141500,-0.1566723284169242,0.0245462184915805,WMT,Walmart,Stock
2020-06-11,36.96485137939453,40.029998779296875,0.0,40.86000061035156,39.82666778564453,40.33000183105469,0.0,34162800,-0.8870446500264257,0.7868482111405041,WMT,Walmart,Stock
2020-06-12,36.24150085449219,39.24666595458984,0.0,40.25,39.02000045776367,40.16999816894531,0.0,32359200,-1.9762603800202752,3.9056050896378824,WMT,Walmart,Stock
2020-06-15,36.34615707397461,39.36000061035156,0.0,39.560001373291016,39.00333404541016,39.46666717529297,0.0,32703300,0.2883583655614445,0.0831505469892677,WMT,Walmart,Stock
2020-06-16,36.82940673828125,39.883331298828125,0.0,40.07666778564453,39.51333236694336,39.93333435058594,0.0,25167600,1.3208143936467722,1.7445506624644906,WMT,Walmart,Stock
2020-06-17,36.63856887817383,39.676666259765625,0.0,40.043331146240234,39.46666717529297,39.95333480834961,0.0,20166900,-0.5195142175190728,0.2698950222044545,WMT,Walmart,Stock
2020-06-18,36.318450927734375,39.33000183105469,0.0,39.686668395996094,39.220001220703125,39.51333236694336,0.0,20070000,-0.8775577885880363,0.7701076723115247,WMT,Walmart,Stock
2020-06-19,36.89097595214844,39.95000076293945,0.0,40.099998474121094,39.25,39.630001068115234,0.0,40078800,1.5641064840501813,2.44642909344782,WMT,Walmart,Stock
2020-06-22,37.45427703857422,40.560001373291016,0.0,40.6966667175293,40.133331298828125,40.323333740234375,0.0,27338400,1.5153943083720551,2.2964199098464193,WMT,Walmart,Stock
2020-06-23,37.266510009765625,40.356666564941406,0.0,40.95000076293945,40.31999969482422,40.91666793823242,0.0,19727700,-0.5025841709141301,0.2525908488534435,WMT,Walmart,Stock
2020-06-24,37.02949523925781,40.099998474121094,0.0,40.37333297729492,39.86000061035156,40.24666595458984,0.0,20614800,-0.6380304667838635,0.4070828765444348,WMT,Walmart,Stock
2020-06-25,36.847869873046875,39.9033317565918,0.0,40.0533332824707,39.459999084472656,39.91999816894531,0.0,20569800,-0.4916952082835842,0.2417641778490373,WMT,Walmart,Stock
2020-06-26,36.420021057128906,39.439998626708984,0.0,40.279998779296875,39.34000015258789,39.866668701171875,0.0,26991600,-1.1679159145658382,1.3640275834961584,WMT,Walmart,Stock
2020-06-29,36.647804260253906,39.686668395996094,0.0,39.893333435058594,39.40666580200195,39.5,0.0,16511400,0.6234863020204084,0.388735168807084,WMT,Walmart,Stock
2020-06-30,36.86942672729492,39.926666259765625,0.0,40.043331146240234,39.51333236694336,39.7400016784668,0.0,20509200,0.6029148144089376,0.3635062734337636,WMT,Walmart,Stock
2020-07-01,36.84172821044922,39.89666748046875,0.0,39.973331451416016,39.5533332824707,39.81666564941406,0.0,19733700,-0.0751542101675329,0.0056481553059057,WMT,Walmart,Stock
2020-07-02,36.69397735595703,39.73666763305664,0.0,40.293331146240234,39.619998931884766,40.029998779296875,0.0,17695800,-0.4018484685233808,0.1614821916545865,WMT,Walmart,Stock
2020-07-06,36.595489501953125,39.630001068115234,0.0,39.956668853759766,39.40666580200195,39.93333435058594,0.0,21695100,-0.2687641690169544,0.072234178547374,WMT,Walmart,Stock
2020-07-07,39.0764274597168,42.31666564941406,0.0,42.51666641235352,39.40666580200195,39.48333358764648,0.0,93458100,6.559441175764702,43.02626853831742,WMT,Walmart,Stock
2020-07-08,38.30381774902344,41.47999954223633,0.0,42.709999084472656,41.46666717529297,42.66666793823242,0.0,52217100,-1.9969835569003769,3.987943326530481,WMT,Walmart,Stock
2020-07-09,39.322662353515625,42.58333206176758,0.0,42.72666549682617,41.650001525878906,41.869998931884766,0.0,42771600,2.625143154302486,6.8913765805812055,WMT,Walmart,Stock
2020-07-10,40.22455596923828,43.560001373291016,0.0,43.790000915527344,42.41999816894531,42.913333892822266,0.0,44236800,2.26766512479812,5.142305118225672,WMT,Walmart,Stock
2020-07-13,39.86748504638672,43.17333221435547,0.0,44.543331146240234,42.96333312988281,43.776668548583984,0.0,42338400,-0.8916573583906477,0.7950528447721881,WMT,Walmart,Stock
2020-07-14,40.63393783569336,44.00333404541016,0.0,44.16666793823242,43.0099983215332,43.09333419799805,0.0,26455800,1.904254415772771,3.6261848799900975,WMT,Walmart,Stock
2020-07-15,40.6308479309082,44.0,0.0,44.709999084472656,43.599998474121094,44.09000015258789,0.0,31731300,-0.0076045356115711,5.782896186765434e-05,WMT,Walmart,Stock
2020-07-16,40.692420959472656,44.06666564941406,0.0,44.24333190917969,43.74666595458984,44.01666641235352,0.0,17676600,0.1514278537259215,0.0229303948840391,WMT,Walmart,Stock
2020-07-17,40.55084228515625,43.913333892822266,0.0,44.456668853759766,43.823333740234375,44.456668853759766,0.0,18189600,-0.3485306029801212,0.1214735812136868,WMT,Walmart,Stock
2020-07-20,40.46773147583008,43.823333740234375,0.0,44.24666595458984,43.71333312988281,43.98666763305664,0.0,18342600,-0.2051649013824893,0.0420926367592865,WMT,Walmart,Stock
2020-07-21,40.732444763183594,44.11000061035156,0.0,44.663333892822266,43.81666564941406,43.85333251953125,0.0,21712500,0.6520040654616424,0.4251093013785096,WMT,Walmart,Stock
2020-07-22,40.834014892578125,44.220001220703125,0.0,44.34333419799805,43.72999954223633,44.189998626708984,0.0,16164600,0.2490488917198095,0.0620253504668654,WMT,Walmart,Stock
2020-07-23,40.52005386352539,43.880001068115234,0.0,44.383331298828125,43.77000045776367,44.33333206176758,0.0,16796400,-0.7718423737444913,0.595740649907531,WMT,Walmart,Stock
2020-07-24,40.396915435791016,43.74666595458984,0.0,44.133331298828125,43.50333404541016,43.650001525878906,0.0,13037400,-0.3043577233724253,0.0926336237764457,WMT,Walmart,Stock
2020-07-27,40.387699127197266,43.73666763305664,0.0,43.99333190917969,43.619998931884766,43.619998931884766,0.0,14045700,-0.0228169898032995,0.0005206150236838,WMT,Walmart,Stock
2020-07-28,40.55698776245117,43.91999816894531,0.0,44.12666702270508,43.63999938964844,43.83333206176758,0.0,14414100,0.4182828758316291,0.1749605642139781,WMT,Walmart,Stock
2020-07-29,40.22762298583984,43.563331604003906,0.0,43.95333480834961,43.28333282470703,43.85333251953125,0.0,14223300,-0.8154191708963034,0.6649084242652149,WMT,Walmart,Stock
2020-07-30,40.05217742919922,43.37333297729492,0.0,43.473331451416016,42.90666580200195,43.13999938964844,0.0,13788300,-0.4370858797574675,0.1910440662833593,WMT,Walmart,Stock
2020-07-31,39.830562591552734,43.133331298828125,0.0,43.36333465576172,42.540000915527344,43.21666717529297,0.0,21631500,-0.5548517893663333,0.3078605081630218,WMT,Walmart,Stock
2020-08-03,39.79977798461914,43.099998474121094,0.0,43.37333297729492,42.75666809082031,43.3033332824707,0.0,14971500,-0.0773187914166538,0.005978195506132,WMT,Walmart,Stock
2020-08-04,40.52005386352539,43.880001068115234,0.0,43.9033317565918,42.97999954223633,43.21666717529297,0.0,18219600,1.7935674687808711,3.2168842650690213,WMT,Walmart,Stock
2020-08-05,39.95676040649414,43.27000045776367,0.0,43.58333206176758,42.94333267211914,43.48333358764648,0.0,25483500,-1.3999129101367045,1.959756155967416,WMT,Walmart,Stock
2020-08-06,39.815181732177734,43.116668701171875,0.0,43.40999984741211,43.0099983215332,43.043331146240234,0.0,14496300,-0.354958947152066,0.1259958541633031,WMT,Walmart,Stock
2020-08-07,40.006004333496094,43.323333740234375,0.0,43.48666763305664,43.03666687011719,43.19333267211914,0.0,16558500,0.4781261072356037,0.228604574420272,WMT,Walmart,Stock
2020-08-10,40.59392547607422,43.959999084472656,0.0,44.11333465576172,43.21666717529297,43.413333892822266,0.0,17683200,1.4588885411559858,2.128355775516241,WMT,Walmart,Stock
2020-08-11,40.07680130004883,43.400001525878906,0.0,44.290000915527344,43.24333190917969,44.1966667175293,0.0,25360200,-1.2820790888991829,1.643726790192559,WMT,Walmart,Stock
2020-08-12,40.597015380859375,43.96333312988281,0.0,44.07666778564453,43.026668548583984,43.4900016784668,0.0,19094400,1.2896905409997232,1.6633016915441587,WMT,Walmart,Stock
2020-08-13,40.75154495239258,43.95000076293945,0.18,43.98666763305664,43.57666778564453,43.73666763305664,0.0,19867200,0.3799200791568746,0.1443392665465659,WMT,Walmart,Stock
2020-08-14,40.98334503173828,44.20000076293945,0.0,44.323333740234375,43.87666702270508,44.11333465576172,0.0,20106300,0.5672013526691347,0.3217173744696961,WMT,Walmart,Stock
2020-08-17,41.91057205200195,45.20000076293945,0.0,45.37666702270508,44.616668701171875,44.78333282470703,0.0,39465000,2.2372345941555087,5.005218629286164,WMT,Walmart,Stock
2020-08-18,41.635494232177734,44.9033317565918,0.0,45.87666702270508,44.38999938964844,45.38999938964844,0.0,80232600,-0.6585081167345275,0.4336329398052541,WMT,Walmart,Stock
2020-08-19,40.92462158203125,44.13666534423828,0.0,44.88666534423828,43.95000076293945,44.73666763305664,0.0,38155200,-1.722115361790204,2.9656813193138056,WMT,Walmart,Stock
2020-08-20,40.355926513671875,43.52333450317383,0.0,44.02333450317383,43.349998474121094,43.73666763305664,0.0,26810700,-1.39936150006004,1.958212607850285,WMT,Walmart,Stock
2020-08-21,40.68354415893555,43.87666702270508,0.0,44.223331451416016,43.366668701171875,43.51666641235352,0.0,24864000,0.8085428676993572,0.6537415689075003,WMT,Walmart,Stock
2020-08-24,40.5908203125,43.776668548583984,0.0,44.15999984741211,43.44333267211914,44.08333206176758,0.0,19813800,-0.2281749904000421,0.0520638262440593,WMT,Walmart,Stock
2020-08-25,40.37446212768555,43.543331146240234,0.0,43.74666595458984,43.223331451416016,43.599998474121094,0.0,21722400,-0.5344480826561294,0.2856347530548129,WMT,Walmart,Stock
2020-08-26,40.3961067199707,43.56666564941406,0.0,43.62666702270508,43.23333358764648,43.4033317565918,0.0,18814800,0.0535952466648766,0.0028724504650689,WMT,Walmart,Stock
2020-08-27,42.22891998291016,45.543331146240234,0.0,46.45000076293945,43.633331298828125,43.69333267211914,0.0,119018700,4.437188197198287,19.688639097355782,WMT,Walmart,Stock
2020-08-28,43.363224029541016,46.76666641235352,0.0,47.02333450317383,45.9466667175293,47.0,0.0,64050900,2.650641531423365,7.025900528106402,WMT,Walmart,Stock
2020-08-31,42.915061950683594,46.28333282470703,0.0,46.29666519165039,45.176666259765625,45.82666778564453,0.0,45236400,-1.038885055576308,1.0792821586997887,WMT,Walmart,Stock
2020-09-01,45.61638259887695,49.1966667175293,0.0,49.86333465576172,46.68333435058594,47.06666564941406,0.0,106798200,6.104406078217351,37.26377356777694,WMT,Walmart,Stock
2020-09-02,45.64419174194336,49.22666549682617,0.0,50.44333267211914,48.53666687011719,50.41666793823242,0.0,51666000,0.0609444858922336,0.0037142303606686,WMT,Walmart,Stock
2020-09-03,44.67369842529297,48.18000030517578,0.0,49.866668701171875,47.27000045776367,48.900001525878906,0.0,48015000,-2.1491438053036003,4.618819095874839,WMT,Walmart,Stock
2020-09-04,44.14518737792969,47.61000061035156,0.0,48.3466682434082,46.70000076293945,48.00666809082031,0.0,33982200,-1.1901011378378443,1.4163407182829322,WMT,Walmart,Stock
2020-09-08,42.79143142700195,46.150001525878906,0.0,47.29999923706055,46.086666107177734,47.13666534423828,0.0,33966900,-3.1146032704655013,9.700753532394398,WMT,Walmart,Stock
2020-09-09,43.23650741577149,46.630001068115234,0.0,47.53666687011719,46.48333358764648,46.6966667175293,0.0,33669000,1.0347335199276255,1.0706734572618142,WMT,Walmart,Stock
2020-09-10,42.2845458984375,45.60333251953125,0.0,46.8466682434082,45.529998779296875,46.686668395996094,0.0,33709200,-2.226354333376309,4.956653617743469,WMT,Walmart,Stock
2020-09-11,42.25054931640625,45.56666564941406,0.0,46.14666748046875,45.18333435058594,45.68333435058594,0.0,28879800,-0.0804318816407037,0.0064692875842641,WMT,Walmart,Stock
2020-09-14,42.44218063354492,45.77333450317383,0.0,47.03333282470703,45.293331146240234,45.380001068115234,0.0,45733800,0.4525338698650285,0.2047869033750185,WMT,Walmart,Stock
2020-09-15,42.45454406738281,45.78666687011719,0.0,46.36000061035156,45.560001373291016,46.07666778564453,0.0,30427800,0.0291258207400778,0.0008483134337831,WMT,Walmart,Stock
2020-09-16,42.114559173583984,45.41999816894531,0.0,46.22666549682617,45.349998474121094,46.13666534423828,0.0,27860400,-0.8040447690753048,0.6464879906773602,WMT,Walmart,Stock
2020-09-17,42.247467041015625,45.563331604003906,0.0,45.856666564941406,45.00666809082031,45.143333435058594,0.0,37245000,0.3150895808363866,0.0992814439516498,WMT,Walmart,Stock
2020-09-18,41.81476211547851,45.0966682434082,0.0,45.84333419799805,44.91666793823242,45.47999954223633,0.0,54709200,-1.0294962472525613,1.0598625231071068,WMT,Walmart,Stock
2020-09-21,42.36491775512695,45.689998626708984,0.0,45.74666595458984,45.0966682434082,45.5,0.0,47275500,1.3071170466904978,1.708554973748889,WMT,Walmart,Stock
2020-09-22,42.748165130615234,46.10333251953125,0.0,46.33000183105469,45.52333450317383,45.689998626708984,0.0,33102000,0.9005665231909243,0.8110200626921896,WMT,Walmart,Stock
2020-09-23,42.03112030029297,45.33000183105469,0.0,46.413333892822266,45.27333450317383,46.33333206176758,0.0,23133300,-1.6915970101193485,2.8615004446447183,WMT,Walmart,Stock
2020-09-24,42.25054931640625,45.56666564941406,0.0,45.93000030517578,45.02333450317383,45.24333190917969,0.0,29453100,0.520705185124316,0.2711338898153481,WMT,Walmart,Stock
2020-09-25,42.426727294921875,45.75666809082031,0.0,45.8466682434082,45.31999969482422,45.50666809082031,0.0,22618800,0.4161169082921075,0.1731532813665822,WMT,Walmart,Stock
2020-09-28,42.420536041259766,45.75,0.0,46.01666641235352,45.573333740234375,45.720001220703125,0.0,21197100,-0.0145938794715534,0.0002129813180302,WMT,Walmart,Stock
2020-09-29,42.38654708862305,45.71333312988281,0.0,46.04666519165039,45.46333312988281,45.75,0.0,27702900,-0.0801559332125173,0.0064249736291695,WMT,Walmart,Stock
2020-09-30,43.2426872253418,46.63666534423828,0.0,47.24666595458984,45.73333358764648,45.79666519165039,0.0,34826400,1.999711134052444,3.998844619653312,WMT,Walmart,Stock
2020-10-01,44.22245788574219,47.69333267211914,0.0,48.12666702270508,46.75333404541016,46.93333435058594,0.0,43290900,2.24046194215773,5.019669714257187,WMT,Walmart,Stock
2020-10-02,43.42504119873047,46.83333206176758,0.0,47.70000076293945,46.709999084472656,47.4466667175293,0.0,24585000,-1.8196496148873664,3.3111247209597403,WMT,Walmart,Stock
2020-10-05,43.82683181762695,47.26666641235352,0.0,47.39666748046875,47.02333450317383,47.0966682434082,0.0,14259000,0.9209967536729464,0.848235020276106,WMT,Walmart,Stock
2020-10-06,43.46522903442383,46.87666702270508,0.0,47.64666748046875,46.75,47.290000915527344,0.0,21475500,-0.828494248038774,0.6864027190333336,WMT,Walmart,Stock
2020-10-07,43.54558563232422,46.96333312988281,0.0,47.18333435058594,46.75,47.086666107177734,0.0,16949100,0.1847049037604551,0.0341159014731589,WMT,Walmart,Stock
2020-10-08,43.69083786010742,47.119998931884766,0.0,47.36333465576172,47.040000915527344,47.16999816894531,0.0,14676900,0.3330085214385348,0.1108946753506791,WMT,Walmart,Stock
2020-10-09,44.129730224609375,47.59333419799805,0.0,47.779998779296875,47.186668395996094,47.220001220703125,0.0,14494800,0.999528989756216,0.999058201363082,WMT,Walmart,Stock
2020-10-12,44.584075927734375,48.08333206176758,0.0,48.46333312988281,47.67333221435547,47.67333221435547,0.0,18402300,1.0243043226694082,1.049199345439235,WMT,Walmart,Stock
2020-10-13,45.19603729248047,48.74333190917969,0.0,48.866668701171875,48.119998931884766,48.22666549682617,0.0,23800200,1.3632659182251874,1.8584939637943632,WMT,Walmart,Stock
2020-10-14,44.48825454711914,47.97999954223633,0.0,48.84333419799805,47.91999816894531,48.79999923706055,0.0,19710900,-1.5784200902751406,2.4914099813841832,WMT,Walmart,Stock
2020-10-15,44.67060852050781,48.176666259765625,0.0,48.31999969482422,47.61333465576172,47.6966667175293,0.0,13692600,0.4090546276283428,0.1673256883841622,WMT,Walmart,Stock
2020-10-16,44.72624588012695,48.23666763305664,0.0,48.71666717529297,48.15666580200195,48.46666717529297,0.0,16935000,0.1244727617668978,0.0154934684218788,WMT,Walmart,Stock
2020-10-19,44.182273864746094,47.650001525878906,0.0,48.456668853759766,47.58333206176758,48.366668701171875,0.0,14643300,-1.2236820605696404,1.497397785359961,WMT,Walmart,Stock
2020-10-20,44.47589111328125,47.96666717529297,0.0,48.5099983215332,47.87333297729492,48.03666687011719,0.0,14523000,0.6623604765003468,0.4387214008297664,WMT,Walmart,Stock
2020-10-21,44.63043212890625,48.133331298828125,0.0,48.57666778564453,47.9466667175293,47.9466667175293,0.0,13114200,0.3468691445291664,0.1203182034263957,WMT,Walmart,Stock
2020-10-22,44.36771774291992,47.849998474121094,0.0,48.186668395996094,47.563331604003906,48.063331604003906,0.0,13344000,-0.5903833943641759,0.348552552340966,WMT,Walmart,Stock
2020-10-23,44.46043395996094,47.95000076293945,0.0,48.04666519165039,47.616668701171875,47.9900016784668,0.0,10540500,0.2087542044582347,0.0435783178789904,WMT,Walmart,Stock
2020-10-26,43.9380989074707,47.38666534423828,0.0,47.706668853759766,46.97999954223633,47.61333465576172,0.0,16111800,-1.1817868797821014,1.396620229225115,WMT,Walmart,Stock
2020-10-27,44.15755462646485,47.62333297729492,0.0,47.900001525878906,47.323333740234375,47.349998474121094,0.0,11831100,0.4982224755592055,0.2482256351523432,WMT,Walmart,Stock
2020-10-28,43.28286361694336,46.68000030517578,0.0,47.37666702270508,46.62666702270508,46.98666763305664,0.0,16849200,-2.0007227877994,4.0028916736198035,WMT,Walmart,Stock
2020-10-29,43.24577331542969,46.63999938964844,0.0,47.03666687011719,46.23333358764648,46.66666793823242,0.0,15153900,-0.0857295459636154,0.0073495550511276,WMT,Walmart,Stock
2020-10-30,42.884151458740234,46.25,0.0,46.6966667175293,45.790000915527344,46.393333435058594,0.0,18601800,-0.8397173979685966,0.7051253084511504,WMT,Walmart,Stock
2020-11-02,43.39412689208984,46.79999923706055,0.0,46.936668395996094,46.34333419799805,46.86333465576172,0.0,16575600,1.1821779070289633,1.3975446038673802,WMT,Walmart,Stock
2020-11-03,44.129730224609375,47.59333419799805,0.0,48.0533332824707,47.189998626708984,47.21666717529297,0.0,15413100,1.6809603183569322,2.8256275918906386,WMT,Walmart,Stock
2020-11-04,43.87629318237305,47.31999969482422,0.0,48.130001068115234,47.11333465576172,47.189998626708984,0.0,17927400,-0.5759554471817503,0.3317246771383299,WMT,Walmart,Stock
2020-11-05,44.342987060546875,47.823333740234375,0.0,48.07666778564453,47.64666748046875,48.0,0.0,14202600,1.0580413500471844,1.1194514984096684,WMT,Walmart,Stock
2020-11-06,45.05385971069336,48.59000015258789,0.0,48.7400016784668,47.849998474121094,48.119998931884766,0.0,16198500,1.5904087443105135,2.529399973979345,WMT,Walmart,Stock
2020-11-09,44.3646354675293,47.8466682434082,0.0,49.400001525878906,47.82666778564453,49.33333206176758,0.0,28198500,-1.5416002951711247,2.376531470071699,WMT,Walmart,Stock
2020-11-10,44.98894882202149,48.52000045776367,0.0,48.813331604003906,47.84333419799805,47.91666793823242,0.0,18199200,1.3974224291672648,1.9527894455397392,WMT,Walmart,Stock
2020-11-11,45.73691940307617,49.32666778564453,0.0,49.6533317565918,48.79999923706055,48.973331451416016,0.0,18805800,1.648895827594183,2.718857450257506,WMT,Walmart,Stock
2020-11-12,45.8141975402832,49.40999984741211,0.0,49.56999969482422,49.03333282470703,49.49333190917969,0.0,12564300,0.1688196892419178,0.0285000874757377,WMT,Walmart,Stock
2020-11-13,46.52814865112305,50.18000030517578,0.0,50.313331604003906,49.17333221435547,49.64666748046875,0.0,19738200,1.546344373480704,2.3911809213954305,WMT,Walmart,Stock
2020-11-16,47.11539840698242,50.813331604003906,0.0,51.133331298828125,49.7599983215332,50.176666259765625,0.0,34560300,1.2542400896429258,1.5731182024674946,WMT,Walmart,Stock
2020-11-17,46.16654586791992,49.790000915527344,0.0,51.08000183105469,49.72666549682617,50.16666793823242,0.0,42711600,-2.0344457300420995,4.138969428486531,WMT,Walmart,Stock
2020-11-18,46.07999038696289,49.6966667175293,0.0,50.55666732788086,49.68333435058594,49.95333480834961,0.0,24936900,-0.1876612605151069,0.0352167486981188,WMT,Walmart,Stock
2020-11-19,47.01649475097656,50.706668853759766,0.0,50.81666564941406,49.77333450317383,49.81999969482422,0.0,18590700,2.011968451783835,4.048017050973443,WMT,Walmart,Stock
2020-11-20,46.43543243408203,50.08000183105469,0.0,50.91999816894531,49.936668395996094,50.38999938964844,0.0,21937200,-1.2435694429190367,1.5464649593619633,WMT,Walmart,Stock
2020-11-23,46.64870071411133,50.310001373291016,0.0,50.46666717529297,49.790000915527344,50.12333297729492,0.0,18557100,0.458227725794064,0.2099726486863999,WMT,Walmart,Stock
2020-11-24,46.78160095214844,50.45333480834961,0.0,50.65999984741211,50.09000015258789,50.58000183105469,0.0,17155200,0.2844908456948868,0.0809350412841919,WMT,Walmart,Stock
2020-11-25,46.92686462402344,50.61000061035156,0.0,50.79666519165039,50.4033317565918,50.41666793823242,0.0,13833300,0.3100334368702131,0.0961207319775564,WMT,Walmart,Stock
2020-11-27,46.855770111083984,50.53333282470703,0.0,50.90666580200195,50.366668701171875,50.71666717529297,0.0,10999500,-0.1516155453707837,0.0229872735980801,WMT,Walmart,Stock
2020-11-30,47.22356796264648,50.93000030517578,0.0,50.98333358764648,50.03333282470703,50.53333282470703,0.0,32695500,0.7818926724760745,0.6113561512717779,WMT,Walmart,Stock
2020-12-01,47.177207946777344,50.880001068115234,0.0,51.220001220703125,50.5533332824707,51.20000076293945,0.0,22935300,-0.0982195731963336,0.0096470845588699,WMT,Walmart,Stock
2020-12-02,46.52197265625,50.17333221435547,0.0,50.87333297729492,49.84333419799805,50.66666793823242,0.0,23547000,-1.3986162254698142,1.9561273461474304,WMT,Walmart,Stock
2020-12-03,46.144901275634766,49.76666641235352,0.0,50.09333419799805,49.46333312988281,50.09333419799805,0.0,25725900,-0.8138257950709448,0.6623124247228553,WMT,Walmart,Stock
2020-12-04,46.02436065673828,49.63666534423828,0.0,49.836666107177734,49.19333267211914,49.836666107177734,0.0,20889300,-0.2615637471606017,0.0684155938286951,WMT,Walmart,Stock
2020-12-07,45.777095794677734,49.369998931884766,0.0,49.663333892822266,49.0533332824707,49.48666763305664,0.0,18479100,-0.5386961592416332,0.290193551981687,WMT,Walmart,Stock
2020-12-08,46.191261291503906,49.81666564941406,0.0,49.95000076293945,49.060001373291016,49.119998931884766,0.0,20716500,0.9006756448859664,0.8112166172907515,WMT,Walmart,Stock
2020-12-09,45.82655334472656,49.42333221435547,0.0,50.0,49.29666519165039,50.0,0.0,20139600,-0.7926940190029156,0.6283638077629947,WMT,Walmart,Stock
2020-12-10,45.61250686645508,49.01333236694336,0.18,49.383331298828125,48.856666564941406,49.25,0.0,20652300,-0.4681738170643482,0.2191867229846018,WMT,Walmart,Stock
2020-12-11,45.60009765625,49.0,0.0,49.16999816894531,48.64666748046875,48.973331451416016,0.0,16860900,-0.0272094198966717,0.0007403525311133,WMT,Walmart,Stock
2020-12-14,45.18132400512695,48.54999923706055,0.0,49.2400016784668,48.46666717529297,49.23333358764648,0.0,25088100,-0.9226042376314644,0.8511985792955358,WMT,Walmart,Stock
2020-12-15,45.15961456298828,48.526668548583984,0.0,48.78666687011719,48.28666687011719,48.50666809082031,0.0,31871400,-0.0480611401666746,0.0023098731941207,WMT,Walmart,Stock
2020-12-16,45.11307144165039,48.47666549682617,0.0,48.96333312988281,48.36000061035156,48.74666595458984,0.0,25650900,-0.1031167400062371,0.0106330620695139,WMT,Walmart,Stock
2020-12-17,45.32091522216797,48.70000076293945,0.0,48.813331604003906,48.383331298828125,48.686668395996094,0.0,30679500,0.4596593695363088,0.2112867360025169,WMT,Walmart,Stock
2020-12-18,45.27438735961914,48.650001525878906,0.0,49.060001373291016,48.38666534423828,48.87333297729492,0.0,41384100,-0.1027158479825406,0.0105505454267723,WMT,Walmart,Stock
2020-12-21,45.28059387207031,48.65666580200195,0.0,48.88999938964844,48.35333251953125,48.5,0.0,25553100,0.013707721820419,0.0001879016375059,WMT,Walmart,Stock
2020-12-22,44.73152923583984,48.06666564941406,0.0,48.74333190917969,47.71333312988281,48.383331298828125,0.0,37599000,-1.2199944350271588,1.4883864214972362,WMT,Walmart,Stock
2020-12-23,44.427528381347656,47.7400016784668,0.0,48.073333740234375,47.43333435058594,47.8466682434082,0.0,20430600,-0.6819319106729721,0.4650311307940904,WMT,Walmart,Stock
2020-12-24,44.51438903808594,47.83333206176758,0.0,48.130001068115234,47.72666549682617,47.8466682434082,0.0,9054600,0.1953200175414354,0.0381499092523866,WMT,Walmart,Stock
2020-12-28,45.04793548583984,48.40666580200195,0.0,48.43333435058594,47.776668548583984,48.01333236694336,0.0,19344900,1.1914669754295104,1.4195935535391455,WMT,Walmart,Stock
2020-12-29,44.76255416870117,48.099998474121094,0.0,48.616668701171875,47.86333465576172,48.54666519165039,0.0,17938200,-0.6355210371322145,0.4038869886376056,WMT,Walmart,Stock
2020-12-30,44.72532653808594,48.060001373291016,0.0,48.383331298828125,47.97999954223633,48.293331146240234,0.0,18751200,-0.0832015072181167,0.0069224908033663,WMT,Walmart,Stock
2020-12-31,44.71601867675781,48.04999923706055,0.0,48.09000015258789,47.616668701171875,48.06666564941406,0.0,17814000,-0.0208133304331912,0.0004331947237212,WMT,Walmart,Stock
2021-01-04,45.45431137084961,48.84333419799805,0.0,48.96333312988281,48.09333419799805,48.099998474121094,0.0,32182200,1.6375878686203782,2.681694027452633,WMT,Walmart,Stock
2021-01-05,45.21235275268555,48.58333206176758,0.0,49.02333450317383,48.163333892822266,48.866668701171875,0.0,26498100,-0.5337335279628138,0.2848714788716318,WMT,Walmart,Stock
2021-01-06,45.494632720947266,48.88666534423828,0.0,49.366668701171875,48.336666107177734,48.36333465576172,0.0,21918900,0.6224016332212778,0.387383793036514,WMT,Walmart,Stock
2021-01-07,45.49153518676758,48.883331298828125,0.0,49.25333404541016,48.68000030517578,49.206668853759766,0.0,20538000,-0.0068088023753837,4.6359789787030834e-05,WMT,Walmart,Stock
2021-01-08,45.485328674316406,48.87666702270508,0.0,49.0,48.60333251953125,48.959999084472656,0.0,24478200,-0.0136441556619897,0.0001861629837286,WMT,Walmart,Stock
2021-01-11,45.69007110595703,49.0966682434082,0.0,49.33000183105469,48.66666793823242,48.66666793823242,0.0,26264400,0.4491184602084327,0.2017073912999935,WMT,Walmart,Stock
2021-01-12,46.21120071411133,49.65666580200195,0.0,49.97666549682617,49.439998626708984,49.66666793823242,0.0,23373300,1.134119655977034,1.2862273940734656,WMT,Walmart,Stock
2021-01-13,45.73970413208008,49.150001525878906,0.0,49.689998626708984,49.143333435058594,49.58333206176758,0.0,16069500,-1.0255488301836009,1.0517504030909517,WMT,Walmart,Stock
2021-01-14,45.59079360961914,48.9900016784668,0.0,49.33333206176758,48.68000030517578,49.27333450317383,0.0,23017200,-0.3260918490480793,0.1063358940155953,WMT,Walmart,Stock
2021-01-15,44.868019104003906,48.21333312988281,0.0,48.633331298828125,47.88999938964844,48.380001068115234,0.0,35920500,-1.5980530045732877,2.5537734054257117,WMT,Walmart,Stock
2021-01-19,44.48025894165039,47.79666519165039,0.0,48.356666564941406,47.55666732788086,48.21333312988281,0.0,24123600,-0.8679800109976343,0.7533892994914534,WMT,Walmart,Stock
2021-01-20,45.137901306152344,48.50333404541016,0.0,48.5533332824707,47.630001068115234,47.86333465576172,0.0,23775600,1.467680585708296,2.1540863016650467,WMT,Walmart,Stock
2021-01-21,44.933162689208984,48.28333282470703,0.0,48.57666778564453,48.06999969482422,48.45333480834961,0.0,14325900,-0.4546165227390142,0.2066761827473126,WMT,Walmart,Stock
2021-01-22,45.39226913452149,48.776668548583984,0.0,49.11333465576172,48.37333297729492,48.53333282470703,0.0,19219500,1.01656950818727,1.0334135649761085,WMT,Walmart,Stock
2021-01-25,45.35193634033203,48.73333358764648,0.0,48.75,48.09000015258789,48.45333480834961,0.0,19031100,-0.0888933825235888,0.007902033456485,WMT,Walmart,Stock
2021-01-26,45.758304595947266,49.16999816894531,0.0,49.27000045776367,48.4900016784668,48.543331146240234,0.0,15031500,0.8920423129816337,0.795739488149623,WMT,Walmart,Stock
2021-01-27,44.61985397338867,47.9466667175293,0.0,49.28666687011719,47.849998474121094,48.98666763305664,0.0,29910300,-2.5194380144108,6.3475679084582355,WMT,Walmart,Stock
2021-01-28,44.59194564819336,47.91666793823242,0.0,48.75333404541016,47.87666702270508,48.1533317565918,0.0,22301700,-0.0625664457484393,0.0039145601335924,WMT,Walmart,Stock
2021-01-29,43.5806770324707,46.83000183105469,0.0,47.91666793823242,46.78333282470703,47.72666549682617,0.0,32509200,-2.2939387080040268,5.262154796079184,WMT,Walmart,Stock
2021-02-01,43.20221710205078,46.42333221435547,0.0,47.163333892822266,46.39666748046875,46.970001220703125,0.0,25945200,-0.87220490499282,0.7607413962935341,WMT,Walmart,Stock
2021-02-02,43.66752624511719,46.92333221435547,0.0,47.383331298828125,46.47999954223633,46.586666107177734,0.0,27002400,1.071290360210165,1.1476630358792257,WMT,Walmart,Stock
2021-02-03,43.80092239379883,47.06666564941406,0.0,47.349998474121094,46.87666702270508,46.88666534423828,0.0,14966700,0.3050157037831011,0.0930345795543005,WMT,Walmart,Stock
2021-02-04,44.21348571777344,47.5099983215332,0.0,47.72666549682617,47.086666107177734,47.26333236694336,0.0,17346300,0.9374972905203433,0.8789011697329847,WMT,Walmart,Stock
2021-02-05,44.78116607666016,48.119998931884766,0.0,48.28333282470703,47.5099983215332,47.81999969482422,0.0,20451600,1.2757801668490787,1.6276150341254632,WMT,Walmart,Stock
2021-02-08,44.98899459838867,48.34333419799805,0.0,48.526668548583984,48.1533317565918,48.27000045776367,0.0,15825300,0.4630244425795111,0.214391634426067,WMT,Walmart,Stock
2021-02-09,45.23716735839844,48.61000061035156,0.0,48.77333450317383,48.19333267211914,48.19333267211914,0.0,15906900,0.5501140256634306,0.3026254412316256,WMT,Walmart,Stock
2021-02-10,44.70981216430664,48.043331146240234,0.0,48.633331298828125,47.8466682434082,48.61000061035156,0.0,18576900,-1.1726046599793818,1.3750016886053615,WMT,Walmart,Stock
2021-02-11,44.67569351196289,48.00666809082031,0.0,48.31666564941406,47.9033317565918,48.04666519165039,0.0,12791400,-0.0763404620080298,0.0058278661395994,WMT,Walmart,Stock
2021-02-12,44.81528091430664,48.15666580200195,0.0,48.20333480834961,47.88999938964844,48.0533332824707,0.0,13423500,0.3119588683486439,0.0973183355413665,WMT,Walmart,Stock
2021-02-16,45.18443298339844,48.5533332824707,0.0,48.79666519165039,48.310001373291016,48.64666748046875,0.0,27891000,0.8203451396140633,0.672966148088417,WMT,Walmart,Stock
2021-02-17,45.66214370727539,49.06666564941406,0.0,49.16666793823242,48.16666793823242,48.21666717529297,0.0,25571100,1.0516964852878588,1.106065497166835,WMT,Walmart,Stock
2021-02-18,42.702789306640625,45.88666534423828,0.0,46.900001525878906,45.83333206176758,46.33333206176758,0.0,96927300,-6.700534790693218,44.897166481290206,WMT,Walmart,Stock
2021-02-19,42.91373443603515,46.11333465576172,0.0,46.473331451416016,45.88999938964844,45.93333435058594,0.0,36606000,0.492768327938498,0.2428206250193031,WMT,Walmart,Stock
2021-02-22,42.71208953857422,45.89666748046875,0.0,46.11333465576172,45.41666793823242,45.913333892822266,0.0,32106600,-0.4709917192349966,0.2218331995879378,WMT,Walmart,Stock
2021-02-23,42.0234489440918,45.15666580200195,0.0,45.79666519165039,45.02000045776367,45.70333480834961,0.0,31300200,-1.6254236848670685,2.642002155326839,WMT,Walmart,Stock
2021-02-24,41.322383880615234,44.4033317565918,0.0,45.38666534423828,44.349998474121094,45.290000915527344,0.0,46565700,-1.6823434951039495,2.830279635518573,WMT,Walmart,Stock
2021-02-25,40.9315185546875,43.98333358764648,0.0,44.66999816894531,43.82666778564453,44.366668701171875,0.0,33324600,-0.9503944650053489,0.9032496391128032,WMT,Walmart,Stock
2021-02-26,40.30180358886719,43.30666732788086,0.0,43.936668395996094,43.28666687011719,43.82666778564453,0.0,42470700,-1.5504169061516293,2.40379258288079,WMT,Walmart,Stock
2021-03-01,40.75159454345703,43.790000915527344,0.0,44.189998626708984,43.709999084472656,43.86000061035156,0.0,34634400,1.1098746804715995,1.2318218063519353,WMT,Walmart,Stock
2021-03-02,40.360748291015625,43.369998931884766,0.0,44.25,43.336666107177734,43.836666107177734,0.0,29230800,-0.9637233096880826,0.928762617636152,WMT,Walmart,Stock
2021-03-03,39.57902908325195,42.529998779296875,0.0,43.310001373291016,42.51666641235352,43.16666793823242,0.0,41837400,-1.9558326340514,3.825281292420438,WMT,Walmart,Stock
2021-03-04,39.56041717529297,42.5099983215332,0.0,43.19333267211914,42.09333419799805,42.619998931884766,0.0,45348000,-0.0470357304278167,0.0022123599368782,WMT,Walmart,Stock
2021-03-05,40.05364227294922,43.040000915527344,0.0,43.25,42.25,42.276668548583984,0.0,34073700,1.2390560443660497,1.535259881080042,WMT,Walmart,Stock
2021-03-08,39.66897964477539,42.62666702270508,0.0,43.279998779296875,42.60333251953125,43.11000061035156,0.0,40988400,-0.9650099408165778,0.931244185874815,WMT,Walmart,Stock
2021-03-09,39.9822998046875,42.96333312988281,0.0,43.293331146240234,42.77333450317383,42.93333435058594,0.0,31988700,0.7867338181021439,0.6189501005455773,WMT,Walmart,Stock
2021-03-10,41.002872467041016,44.060001373291016,0.0,44.349998474121094,42.823333740234375,42.95333480834961,0.0,44929200,2.5205273124994414,6.3530579330556565,WMT,Walmart,Stock
2021-03-11,40.98735427856445,44.043331146240234,0.0,44.49666595458984,43.84333419799805,44.45333480834961,0.0,35489700,-0.0378537522771162,0.0014329065614572,WMT,Walmart,Stock
2021-03-12,41.60467147827149,44.706668853759766,0.0,44.84000015258789,44.026668548583984,44.17333221435547,0.0,28437600,1.4948869214176492,2.234686907825537,WMT,Walmart,Stock
2021-03-15,41.390628814697266,44.47666549682617,0.0,44.91666793823242,44.27333450317383,44.913333892822266,0.0,25071900,-0.5157958037636045,0.2660453111801427,WMT,Walmart,Stock
2021-03-16,41.37821960449219,44.46333312988281,0.0,44.7599983215332,44.27333450317383,44.27333450317383,0.0,19881000,-0.0299852191617045,0.0008991133681754,WMT,Walmart,Stock
2021-03-17,41.03389358520508,44.09333419799805,0.0,44.380001068115234,43.99333190917969,44.16666793823242,0.0,24156300,-0.8356247875676382,0.6982687855974605,WMT,Walmart,Stock
2021-03-18,40.49810791015625,43.336666107177734,0.183333,43.98333358764648,43.310001373291016,43.720001220703125,0.0,29815500,-1.314314325500224,1.7274221462151085,WMT,Walmart,Stock
2021-03-19,41.03700256347656,43.913333892822266,0.0,44.16666793823242,43.29999923706055,43.37666702270508,0.0,57703500,1.3218906489446287,1.7473948877672516,WMT,Walmart,Stock
2021-03-22,41.23326110839844,44.12333297729492,0.0,44.150001525878906,43.663333892822266,43.66666793823242,0.0,24654000,0.4771077870701997,0.227631840483023,WMT,Walmart,Stock
2021-03-23,41.72230529785156,44.64666748046875,0.0,44.76666641235352,43.87666702270508,43.9033317565918,0.0,29154900,1.1790645912649165,1.390193310374704,WMT,Walmart,Stock
2021-03-24,41.46375274658203,44.369998931884766,0.0,44.810001373291016,44.349998474121094,44.810001373291016,0.0,23547300,-0.6216267243069317,0.386419784372566,WMT,Walmart,Stock
2021-03-25,41.74410629272461,44.66999816894531,0.0,44.84333419799805,44.290000915527344,44.41999816894531,0.0,28125900,0.6738656907447319,0.4540949691628747,WMT,Walmart,Stock
2021-03-26,42.092987060546875,45.043331146240234,0.0,45.06666564941406,44.473331451416016,44.66666793823242,0.0,28653600,0.8322873987789214,0.6927023141661834,WMT,Walmart,Stock
2021-03-29,42.57270050048828,45.55666732788086,0.0,45.66999816894531,44.866668701171875,45.0,0.0,30146400,1.133206585363606,1.2841571651114436,WMT,Walmart,Stock
2021-03-30,42.28301239013672,45.24666595458984,0.0,45.86333465576172,45.15666580200195,45.44333267211914,0.0,27230100,-0.6827807483914865,0.4661895503740384,WMT,Walmart,Stock
2021-03-31,42.31103515625,45.276668548583984,0.0,45.619998931884766,44.98666763305664,45.18333435058594,0.0,24546000,0.0662523379625196,0.0043893722854999,WMT,Walmart,Stock
2021-04-01,42.245628356933594,45.206668853759766,0.0,45.630001068115234,45.11000061035156,45.313331604003906,0.0,25595100,-0.1547052819827583,0.0239337242733647,WMT,Walmart,Stock
2021-04-05,43.43244171142578,46.47666549682617,0.0,46.720001220703125,45.400001525878906,45.573333740234375,0.0,40043100,2.7705789127405107,7.676107511722391,WMT,Walmart,Stock
2021-04-06,43.64114761352539,46.70000076293945,0.0,46.98333358764648,46.17333221435547,46.369998931884766,0.0,31044600,0.4793791168982941,0.2298043377181883,WMT,Walmart,Stock
2021-04-07,43.54768753051758,46.599998474121094,0.0,46.91666793823242,46.54999923706055,46.76666641235352,0.0,20361600,-0.2143855200026754,0.0459611511868175,WMT,Walmart,Stock
2021-04-08,43.519657135009766,46.56999969482422,0.0,47.040000915527344,46.5533332824707,46.81666564941406,0.0,19095600,-0.0643878519182948,0.0041457954746522,WMT,Walmart,Stock
2021-04-09,43.541473388671875,46.59333419799805,0.0,46.6966667175293,46.23666763305664,46.543331146240234,0.0,20676600,0.0501170935583344,0.0025117230667348,WMT,Walmart,Stock
2021-04-12,43.54768753051758,46.599998474121094,0.0,46.793331146240234,46.4466667175293,46.689998626708984,0.0,18723000,0.0142707583599574,0.0002036545441682,WMT,Walmart,Stock
2021-04-13,43.41375350952149,46.456668853759766,0.0,46.66666793823242,46.290000915527344,46.599998474121094,0.0,17397900,-0.308031065941229,0.0948831375848897,WMT,Walmart,Stock
2021-04-14,43.39817428588867,46.439998626708984,0.0,46.48666763305664,46.13999938964844,46.37333297729492,0.0,21924600,-0.0358918968756848,0.0012882282613347,WMT,Walmart,Stock
2021-04-15,43.65983581542969,46.720001220703125,0.0,46.823333740234375,46.400001525878906,46.46666717529297,0.0,21710400,0.6011217512519362,0.3613473598281947,WMT,Walmart,Stock
2021-04-16,43.80001449584961,46.869998931884766,0.0,46.98666763305664,46.56999969482422,46.96333312988281,0.0,26488500,0.3205557749207169,0.1027560048350213,WMT,Walmart,Stock
2021-04-19,43.519657135009766,46.56999969482422,0.0,46.856666564941406,46.53666687011719,46.76333236694336,0.0,19281000,-0.6421424152740365,0.4123468814939731,WMT,Walmart,Stock
2021-04-20,43.856075286865234,46.93000030517578,0.0,47.25666809082031,46.27333450317383,46.473331451416016,0.0,24452100,0.7700532057235935,0.592981939645183,WMT,Walmart,Stock
2021-04-21,43.98379135131836,47.06666564941406,0.0,47.23333358764648,46.84333419799805,46.92333221435547,0.0,17335200,0.2907931428838157,0.0845606519482472,WMT,Walmart,Stock
2021-04-22,43.507205963134766,46.55666732788086,0.0,47.150001525878906,46.473331451416016,47.026668548583984,0.0,19705200,-1.0894608970737016,1.1869250462526346,WMT,Walmart,Stock
2021-04-23,43.57883834838867,46.633331298828125,0.0,46.779998779296875,46.34333419799805,46.366668701171875,0.0,22971000,0.16450948478675,0.0270633705848019,WMT,Walmart,Stock
2021-04-26,42.95895767211914,45.970001220703125,0.0,46.66666793823242,45.880001068115234,46.63666534423828,0.0,22846200,-1.4326486395295337,2.0524821243458233,WMT,Walmart,Stock
2021-04-27,43.10535430908203,46.12666702270508,0.0,46.31666564941406,45.849998474121094,46.0,0.0,16151400,0.340203214991674,0.1157382274906712,WMT,Walmart,Stock
2021-04-28,42.95272445678711,45.96333312988281,0.0,46.1966667175293,45.956668853759766,46.116668701171875,0.0,14286600,-0.3547139664715886,0.1258219980100072,WMT,Walmart,Stock
2021-04-29,43.4947395324707,46.543331146240234,0.0,46.66666793823242,45.96666717529297,45.96666717529297,0.0,19596000,1.253992085576579,1.572496150688698,WMT,Walmart,Stock
2021-04-30,43.58196258544922,46.63666534423828,0.0,46.663333892822266,46.369998931884766,46.56999969482422,0.0,19680000,0.2003362094089782,0.040134596800358,WMT,Walmart,Stock
2021-05-03,44.2703742980957,47.37333297729492,0.0,47.58000183105469,46.560001373291016,46.560001373291016,0.0,27139500,1.5672339012872487,2.4562221013440495,WMT,Walmart,Stock
2021-05-04,43.83427810668945,46.90666580200195,0.0,47.34333419799805,46.70000076293945,47.18000030517578,0.0,19084200,-0.9899585118705126,0.98001785522488,WMT,Walmart,Stock
2021-05-05,43.796897888183594,46.866668701171875,0.0,47.06666564941406,46.75,46.9033317565918,0.0,18351000,-0.0853126078673964,0.0072782410611361,WMT,Walmart,Stock
2021-05-06,44.109615325927734,47.01666641235352,0.183333,47.119998931884766,46.48333358764648,46.66666793823242,0.0,16302000,0.7114802884712047,0.5062042008830686,WMT,Walmart,Stock
2021-05-07,43.84380340576172,46.73333358764648,0.0,47.2400016784668,46.439998626708984,47.209999084472656,0.0,23408400,-0.6044397893328572,0.3653474589287488,WMT,Walmart,Stock
2021-05-10,44.03768539428711,46.939998626708984,0.0,47.36000061035156,46.77000045776367,46.81666564941406,0.0,26307600,0.4412358182102425,0.1946890472716621,WMT,Walmart,Stock
2021-05-11,43.64052963256836,46.51666641235352,0.0,46.956668853759766,46.106666564941406,46.956668853759766,0.0,26464200,-0.9059456284138124,0.8207374816420977,WMT,Walmart,Stock
2021-05-12,42.5115966796875,45.313331604003906,0.0,46.32666778564453,45.3033332824707,46.290000915527344,0.0,25998300,-2.620939553139277,6.869324141209913,WMT,Walmart,Stock
2021-05-13,43.23086929321289,46.08000183105469,0.0,46.32666778564453,45.25333404541016,45.40999984741211,0.0,21475200,1.6777905279671943,2.814981055736437,WMT,Walmart,Stock
2021-05-14,43.63115692138672,46.50666809082031,0.0,46.74666595458984,46.143333435058594,46.27000045776367,0.0,16091700,0.9216696391586678,0.849474923746869,WMT,Walmart,Stock
2021-05-17,43.43413543701172,46.29666519165039,0.0,46.79999923706055,46.25666809082031,46.66666793823242,0.0,19675800,-0.4525840672927464,0.2048323379672452,WMT,Walmart,Stock
2021-05-18,44.378562927246094,47.3033332824707,0.0,48.19333267211914,47.06999969482422,47.836666107177734,0.0,58183800,2.1510873130805455,4.6271766284960805,WMT,Walmart,Stock
2021-05-19,44.38167953491211,47.30666732788086,0.0,47.90666580200195,46.83333206176758,46.9033317565918,0.0,34874700,0.007022530765676,4.931593835486686e-05,WMT,Walmart,Stock
2021-05-20,44.53805160522461,47.473331451416016,0.0,47.62333297729492,46.900001525878906,47.16666793823242,0.0,30540900,0.3517154843045922,0.1237037818996138,WMT,Walmart,Stock
2021-05-21,44.328521728515625,47.25,0.0,47.69333267211914,47.20000076293945,47.50666809082031,0.0,22927500,-0.4715614817253535,0.2223702310470109,WMT,Walmart,Stock
2021-05-24,44.33164978027344,47.25333404541016,0.0,47.473331451416016,47.119998931884766,47.25333404541016,0.0,18945900,0.0070562727454247,4.979098505782351e-05,WMT,Walmart,Stock
2021-05-25,44.513031005859375,47.4466667175293,0.0,47.54666519165039,47.02333450317383,47.26666641235352,0.0,21505200,0.4083113946207824,0.1667181949771683,WMT,Walmart,Stock
2021-05-26,44.45987319946289,47.38999938964844,0.0,47.62666702270508,47.25333404541016,47.46333312988281,0.0,19294200,-0.1194921379634223,0.0142783710350695,WMT,Walmart,Stock
2021-05-27,44.30976104736328,47.22999954223633,0.0,47.893333435058594,47.22999954223633,47.78333282470703,0.0,56577000,-0.3382064068633246,0.1143835736434006,WMT,Walmart,Stock
2021-05-28,44.41608047485352,47.34333419799805,0.0,47.48333358764648,47.21333312988281,47.310001373291016,0.0,21186300,0.2396584277011806,0.057436161968202,WMT,Walmart,Stock
2021-06-01,44.30037689208984,47.220001220703125,0.0,47.599998474121094,47.09000015258789,47.4033317565918,0.0,20767500,-0.2608391989464181,0.068037087707009,WMT,Walmart,Stock
2021-06-02,44.20343017578125,47.116668701171875,0.0,47.23666763305664,46.6966667175293,47.130001068115234,0.0,23298000,-0.2190792877632584,0.0479957343268566,WMT,Walmart,Stock
2021-06-03,44.281612396240234,47.20000076293945,0.0,47.28333282470703,46.91666793823242,47.130001068115234,0.0,18374400,0.1767128963985333,0.0312274477535587,WMT,Walmart,Stock
2021-06-04,44.35979080200195,47.28333282470703,0.0,47.43000030517578,47.08333206176758,47.1533317565918,0.0,13635900,0.1763925732480825,0.0311143398970801,WMT,Walmart,Stock
2021-06-07,44.06270980834961,46.96666717529297,0.0,47.323333740234375,46.79666519165039,47.28333282470703,0.0,16630800,-0.6719604386766009,0.45153083114645,WMT,Walmart,Stock
2021-06-08,43.72809600830078,46.61000061035156,0.0,46.96666717529297,46.60333251953125,46.836666107177734,0.0,20120700,-0.762301740627426,0.5811039437636034,WMT,Walmart,Stock
2021-06-09,43.49355697631836,46.36000061035156,0.0,46.66999816894531,46.34333419799805,46.4466667175293,0.0,17085300,-0.5378013125288998,0.2892302517578074,WMT,Walmart,Stock
2021-06-10,43.74372863769531,46.62666702270508,0.0,46.72999954223633,46.36000061035156,46.36000061035156,0.0,16378500,0.5735445467056937,0.3289533470558396,WMT,Walmart,Stock
2021-06-11,44.01580047607422,46.91666793823242,0.0,46.95000076293945,46.619998931884766,46.74333190917969,0.0,25232400,0.6200414081047451,0.384451347764515,WMT,Walmart,Stock
2021-06-14,43.95638275146485,46.85333251953125,0.0,46.97666549682617,46.676666259765625,46.97666549682617,0.0,15140700,-0.135083003432707,0.0182474178164007,WMT,Walmart,Stock
2021-06-15,43.78126525878906,46.66666793823242,0.0,46.970001220703125,46.5533332824707,46.9466667175293,0.0,19327200,-0.3991849090703531,0.159348591629506,WMT,Walmart,Stock
2021-06-16,42.88999557495117,45.71666717529297,0.0,46.68000030517578,45.65666580200195,46.616668701171875,0.0,28794900,-2.056739670385289,4.230178071736587,WMT,Walmart,Stock
2021-06-17,43.0682487487793,45.90666580200195,0.0,46.116668701171875,45.56999969482422,45.66666793823242,0.0,19341900,0.4147442301681209,0.1720127764577472,WMT,Walmart,Stock
2021-06-18,42.27080535888672,45.05666732788086,0.0,45.46333312988281,44.79999923706055,45.14666748046875,0.0,44812800,-1.8689370531472265,3.492925708626638,WMT,Walmart,Stock
2021-06-21,42.65545272827149,45.46666717529297,0.0,45.58333206176758,45.116668701171875,45.220001220703125,0.0,20775000,0.9058446898433248,0.8205546021173494,WMT,Walmart,Stock
2021-06-22,42.85247421264648,45.676666259765625,0.0,45.90666580200195,45.40999984741211,45.40999984741211,0.0,19107000,0.4608270603401649,0.212361579541758,WMT,Walmart,Stock
2021-06-23,42.51784896850586,45.31999969482422,0.0,45.663333892822266,45.310001373291016,45.5,0.0,19390500,-0.7839421133988814,0.6145652371603046,WMT,Walmart,Stock
2021-06-24,42.81494903564453,45.63666534423828,0.0,45.74666595458984,45.366668701171875,45.38999938964844,0.0,23444100,0.696335464385475,0.4848830789609351,WMT,Walmart,Stock
2021-06-25,43.32155227661133,46.176666259765625,0.0,46.28666687011719,45.63999938964844,45.709999084472656,0.0,28640700,1.1762936145586538,1.3836666676514628,WMT,Walmart,Stock
2021-06-28,43.18709182739258,46.03333282470703,0.0,46.21333312988281,45.53333282470703,46.01333236694336,0.0,15549000,-0.3108603975714821,0.0966341867782999,WMT,Walmart,Stock
2021-06-29,42.9369010925293,45.76666641235352,0.0,46.15666580200195,45.74333190917969,45.96666717529297,0.0,35962500,-0.5810028777720635,0.3375643439794193,WMT,Walmart,Stock
2021-06-30,44.10023498535156,47.00666809082031,0.0,47.526668548583984,46.22999954223633,46.52000045776367,0.0,45511200,2.6733489373822015,7.146794541002546,WMT,Walmart,Stock
2021-07-01,43.568599700927734,46.439998626708984,0.0,47.08333206176758,46.336666107177734,46.8033332824707,0.0,26348700,-1.2128410356980404,1.4709833778730952,WMT,Walmart,Stock
2021-07-02,43.8156623840332,46.70333480834961,0.0,47.026668548583984,46.45000076293945,46.45000076293945,0.0,26280600,0.5654641591718725,0.3197497153079528,WMT,Walmart,Stock
2021-07-06,43.76249313354492,46.64666748046875,0.0,46.91666793823242,46.50333404541016,46.633331298828125,0.0,18279300,-0.1214212761307804,0.0147431262972272,WMT,Walmart,Stock
2021-07-07,43.69056701660156,46.56999969482422,0.0,47.063331604003906,46.45333480834961,46.586666107177734,0.0,25607400,-0.1644908320819264,0.0270572338390045,WMT,Walmart,Stock
2021-07-08,43.65304183959961,46.529998779296875,0.0,46.883331298828125,46.073333740234375,46.11333465576172,0.0,21267000,-0.0859254152699974,0.0073831769893215,WMT,Walmart,Stock
2021-07-09,43.87507247924805,46.76666641235352,0.0,46.9466667175293,46.643333435058594,46.8033332824707,0.0,15185400,0.507336682880165,0.2573905097958491,WMT,Walmart,Stock
2021-07-12,43.79689407348633,46.68333435058594,0.0,46.93000030517578,46.44333267211914,46.89666748046875,0.0,19515000,-0.1783430429521361,0.0318062409694274,WMT,Walmart,Stock
2021-07-13,43.962642669677734,46.86000061035156,0.0,47.060001373291016,46.64666748046875,46.663333892822266,0.0,18947700,0.3777339749538579,0.1426829558344418,WMT,Walmart,Stock
2021-07-14,44.26598358154297,47.18333435058594,0.0,47.26666641235352,46.61000061035156,46.9033317565918,0.0,18812100,0.6876274061963885,0.472831449752373,WMT,Walmart,Stock
2021-07-15,44.30037689208984,47.220001220703125,0.0,47.54666519165039,47.029998779296875,47.33333206176758,0.0,17974800,0.077666762169798,0.0060321259459399,WMT,Walmart,Stock
2021-07-16,44.269100189208984,47.186668395996094,0.0,47.37666702270508,46.98333358764648,47.23333358764648,0.0,18095400,-0.0706263720000107,0.0049880844218839,WMT,Walmart,Stock
2021-07-19,44.165916442871094,47.07666778564453,0.0,47.65999984741211,46.59000015258789,47.13666534423828,0.0,27383100,-0.2333550602262747,0.0544545841332083,WMT,Walmart,Stock
2021-07-20,44.36605453491211,47.290000915527344,0.0,47.4900016784668,46.926666259765625,46.9900016784668,0.0,19020300,0.4521269113601202,0.2044187439760419,WMT,Walmart,Stock
2021-07-21,44.14714813232422,47.05666732788086,0.0,47.51333236694336,46.9033317565918,47.5,0.0,18591900,-0.4946309529075649,0.2446597795742457,WMT,Walmart,Stock
2021-07-22,44.17841339111328,47.09000015258789,0.0,47.37333297729492,46.93333435058594,47.043331146240234,0.0,13013400,0.070795496922172,0.0050120023844572,WMT,Walmart,Stock
2021-07-23,44.54117965698242,47.47666549682617,0.0,47.573333740234375,47.00333404541016,47.17333221435547,0.0,15947400,0.8177861848615372,0.6687742441503883,WMT,Walmart,Stock
2021-07-26,44.60371780395508,47.543331146240234,0.0,47.95333480834961,47.1533317565918,47.45333480834961,0.0,18517200,0.1403067567819708,0.0196859859986751,WMT,Walmart,Stock
2021-07-27,44.60685348510742,47.54666519165039,0.0,47.66666793823242,47.31999969482422,47.66666793823242,0.0,15395700,0.0070298421102459,4.9418680094986926e-05,WMT,Walmart,Stock
2021-07-28,44.42546463012695,47.35333251953125,0.0,47.75,47.220001220703125,47.49333190917969,0.0,14071500,-0.4074680066456071,0.1660301764397445,WMT,Walmart,Stock
2021-07-29,44.481746673583984,47.413333892822266,0.0,47.616668701171875,47.34000015258789,47.54666519165039,0.0,11063100,0.1266085172393429,0.016029716637545,WMT,Walmart,Stock
2021-07-30,44.57870101928711,47.51666641235352,0.0,47.6533317565918,47.06666564941406,47.06666564941406,0.0,16332300,0.2177271426673539,0.0474051086540903,WMT,Walmart,Stock
2021-08-02,44.47549819946289,47.40666580200195,0.0,47.62333297729492,47.223331451416016,47.61000061035156,0.0,19958400,-0.2317754062804691,0.0537198389564765,WMT,Walmart,Stock
2021-08-03,44.975852966308594,47.939998626708984,0.0,47.96666717529297,47.45333480834961,47.47999954223633,0.0,18915300,1.118730972407027,1.2515589886227716,WMT,Walmart,Stock
2021-08-04,44.66939163208008,47.61333465576172,0.0,47.97999954223633,47.58000183105469,47.793331146240234,0.0,15301500,-0.6837228889587008,0.4674769888860319,WMT,Walmart,Stock
2021-08-05,45.498104095458984,48.49666595458984,0.0,48.51333236694336,47.99666595458984,48.07666778564453,0.0,27005400,1.8382140746759916,3.379030984336912,WMT,Walmart,Stock
2021-08-06,45.41680145263672,48.40999984741211,0.0,48.823333740234375,48.31666564941406,48.73666763305664,0.0,19263600,-0.1788544221770961,0.0319889043323029,WMT,Walmart,Stock
2021-08-09,45.52625274658203,48.526668548583984,0.0,48.82666778564453,48.46666717529297,48.63666534423828,0.0,15811800,0.2407030372004325,0.0579379521175128,WMT,Walmart,Stock
2021-08-10,46.49570083618164,49.560001373291016,0.0,49.650001525878906,48.75,48.9900016784668,0.0,38262000,2.107071017587004,4.439748273155133,WMT,Walmart,Stock
2021-08-11,46.91162109375,50.00333404541016,0.0,50.526668548583984,49.720001220703125,49.836666107177734,0.0,41455800,0.8905576090453887,0.7930928550286395,WMT,Walmart,Stock
2021-08-12,46.786075592041016,49.686668395996094,0.183333,50.06999969482422,49.60333251953125,49.66666793823242,0.0,18269100,-0.2679800705496019,0.0718133182117696,WMT,Walmart,Stock
2021-08-13,46.9335823059082,49.84333419799805,0.0,50.119998931884766,49.720001220703125,49.793331146240234,0.0,15981300,0.3147831286996502,0.0990884181139405,WMT,Walmart,Stock
2021-08-16,47.3165168762207,50.25,0.0,50.57666778564453,49.68000030517578,49.893333435058594,0.0,47791500,0.8125968689142692,0.660313671369274,WMT,Walmart,Stock
2021-08-17,47.30081558227539,50.23333358764648,0.0,50.83333206176758,49.70000076293945,50.133331298828125,0.0,50950200,-0.0331890440820176,0.0011015126470781,WMT,Walmart,Stock
2021-08-18,46.79862594604492,49.70000076293945,0.0,50.856666564941406,49.67333221435547,50.18333435058594,0.0,28211700,-1.067369573813051,1.1392778071018543,WMT,Walmart,Stock
2021-08-19,47.115631103515625,50.03666687011719,0.0,50.220001220703125,49.33333206176758,49.44333267211914,0.0,22630500,0.6750974163143327,0.4557565215142874,WMT,Walmart,Stock
2021-08-20,47.53623580932617,50.48333358764648,0.0,50.573333740234375,49.91666793823242,50.15999984741211,0.0,19400400,0.8887462826684105,0.7898699549569183,WMT,Walmart,Stock
2021-08-23,47.22235107421875,50.150001525878906,0.0,50.5966682434082,50.13666534423828,50.5099983215332,0.0,16166100,-0.6624959140176727,0.4389008360901116,WMT,Walmart,Stock
2021-08-24,46.73584747314453,49.633331298828125,0.0,50.16666793823242,49.56666564941406,50.16666793823242,0.0,18828900,-1.0355838158793855,1.0724338397113091,WMT,Walmart,Stock
2021-08-25,46.75468063354492,49.6533317565918,0.0,49.7599983215332,49.34333419799805,49.470001220703125,0.0,21921300,0.040288917041194,0.0016231968363522,WMT,Walmart,Stock
2021-08-26,46.24934768676758,49.116668701171875,0.0,49.42333221435547,48.88999938964844,49.15666580200195,0.0,23466900,-1.0867011437526903,1.1809193758334051,WMT,Walmart,Stock
2021-08-27,45.98882293701172,48.84000015258789,0.0,49.22999954223633,48.72666549682617,49.16999816894531,0.0,23088600,-0.56489724544987,0.3191088979168506,WMT,Walmart,Stock
2021-08-30,46.35919570922851,49.23333358764648,0.0,49.33333206176758,48.67333221435547,48.80666732788086,0.0,16440600,0.8021282177773268,0.6434096777546306,WMT,Walmart,Stock
2021-08-31,46.4847526550293,49.366668701171875,0.0,49.47999954223633,49.08000183105469,49.33000183105469,0.0,25078500,0.2704689418188098,0.0731534484885867,WMT,Walmart,Stock
2021-09-01,46.384307861328125,49.2599983215332,0.0,49.310001373291016,48.856666564941406,49.186668395996094,0.0,19056600,-0.2163149542153184,0.0467921594171753,WMT,Walmart,Stock
2021-09-02,46.629127502441406,49.52000045776367,0.0,49.5966682434082,49.22999954223633,49.37333297729492,0.0,20018100,0.526419017896807,0.2771169824034388,WMT,Walmart,Stock
2021-09-03,46.84571075439453,49.75,0.0,49.883331298828125,49.29999923706055,49.400001525878906,0.0,17211900,0.4634052191490502,0.2147443971345793,WMT,Walmart,Stock
2021-09-07,46.2242317199707,49.09000015258789,0.0,49.723331451416016,49.02000045776367,49.65666580200195,0.0,25345200,-1.335529506789814,1.783639063506244,WMT,Walmart,Stock
2021-09-08,46.28386688232422,49.1533317565918,0.0,49.439998626708984,48.90999984741211,48.98333358764648,0.0,19508400,0.1289296213313747,0.0166228472566516,WMT,Walmart,Stock
2021-09-09,45.95743942260742,48.80666732788086,0.0,49.20333480834961,48.61333465576172,49.1533317565918,0.0,22328700,-0.7077714647908293,0.5009404463721562,WMT,Walmart,Stock
2021-09-10,45.79108810424805,48.630001068115234,0.0,49.08000183105469,48.47666549682617,49.06666564941406,0.0,15775200,-0.3626248946601301,0.1314968142272705,WMT,Walmart,Stock
2021-09-13,45.53056716918945,48.35333251953125,0.0,49.04999923706055,48.21333312988281,48.84000015258789,0.0,19529400,-0.570558299717673,0.325536773376722,WMT,Walmart,Stock
2021-09-14,45.292030334472656,48.099998474121094,0.0,48.62666702270508,47.973331451416016,48.49333190917969,0.0,16533900,-0.525282010757268,0.2759211908251986,WMT,Walmart,Stock
2021-09-15,45.37050247192383,48.18333435058594,0.0,48.25,47.93000030517578,48.02333450317383,0.0,14850000,0.1731082391330257,0.0299664624557368,WMT,Walmart,Stock
2021-09-16,45.52115249633789,48.34333419799805,0.0,48.436668395996094,47.89666748046875,48.14666748046875,0.0,18428400,0.3314939362083013,0.1098882297428733,WMT,Walmart,Stock
2021-09-17,45.42699432373047,48.24333190917969,0.0,48.720001220703125,48.00666809082031,48.04666519165039,0.0,73032600,-0.2070590980472284,0.0428734700841317,WMT,Walmart,Stock
2021-09-20,44.8023796081543,47.58000183105469,0.0,48.39666748046875,47.206668853759766,47.83333206176758,0.0,25054500,-1.3845262714181,1.916912996246906,WMT,Walmart,Stock
2021-09-21,44.89027404785156,47.67333221435547,0.0,48.19333267211914,47.55666732788086,47.56666564941406,0.0,17437500,0.1959903386726144,0.0384122128530061,WMT,Walmart,Stock
2021-09-22,44.78668212890625,47.563331604003906,0.0,47.866668701171875,47.43000030517578,47.823333740234375,0.0,15044400,-0.2310336332541742,0.0533765396946243,WMT,Walmart,Stock
2021-09-23,44.811805725097656,47.59000015258789,0.0,47.87666702270508,47.48333358764648,47.7400016784668,0.0,15585300,0.0560804037023322,0.0031450116794165,WMT,Walmart,Stock
2021-09-24,44.93733978271485,47.723331451416016,0.0,47.89666748046875,47.49666595458984,47.5,0.0,13360500,0.2797444783966489,0.0782569731934132,WMT,Walmart,Stock
2021-09-27,44.648590087890625,47.41666793823242,0.0,47.849998474121094,47.279998779296875,47.62333297729492,0.0,21250800,-0.6446340293928102,0.4155530318512105,WMT,Walmart,Stock
2021-09-28,44.09930038452149,46.83333206176758,0.0,47.356666564941406,46.663333892822266,47.293331146240234,0.0,20580900,-1.2378811814615358,1.5323498194166076,WMT,Walmart,Stock
2021-09-29,44.080474853515625,46.813331604003906,0.0,47.276668548583984,46.77333450317383,46.883331298828125,0.0,21375600,-0.0426980704839674,0.0018231252230538,WMT,Walmart,Stock
2021-09-30,43.747764587402344,46.459999084472656,0.0,47.24333190917969,46.41666793823242,46.880001068115234,0.0,22457700,-0.7576420972423632,0.5740215475138065,WMT,Walmart,Stock
2021-10-01,43.016448974609375,45.68333435058594,0.0,46.543331146240234,45.30666732788086,46.41999816894531,0.0,30014400,-1.6857939513918068,2.8419012465492015,WMT,Walmart,Stock
2021-10-04,42.60212707519531,45.24333190917969,0.0,46.07666778564453,44.9033317565918,45.6966667175293,0.0,29970300,-0.9678393467804972,0.9367130011764996,WMT,Walmart,Stock
2021-10-05,42.88147735595703,45.540000915527344,0.0,45.9033317565918,45.29999923706055,45.31666564941406,0.0,20597400,0.6535786061559984,0.4271649944248176,WMT,Walmart,Stock
2021-10-06,43.195350646972656,45.87333297729492,0.0,45.93000030517578,45.37666702270508,45.413333892822266,0.0,19376700,0.7292896112555916,0.5318633370853318,WMT,Walmart,Stock
2021-10-07,43.703819274902344,46.413333892822266,0.0,46.900001525878906,46.25333404541016,46.2599983215332,0.0,21068100,1.1702630332090658,1.3695155668956829,WMT,Walmart,Stock
2021-10-08,43.835655212402344,46.5533332824707,0.0,46.6966667175293,46.336666107177734,46.5533332824707,0.0,13847400,0.3012036294347636,0.0907236263846744,WMT,Walmart,Stock
2021-10-11,43.79484558105469,46.5099983215332,0.0,46.926666259765625,46.47999954223633,46.50666809082031,0.0,13048200,-0.0931402512330196,0.00867510639975,WMT,Walmart,Stock
2021-10-12,43.747764587402344,46.459999084472656,0.0,46.8033332824707,46.356666564941406,46.4466667175293,0.0,15789300,-0.1075613306501172,0.0115694398512238,WMT,Walmart,Stock
2021-10-13,43.43075180053711,46.12333297729492,0.0,46.66999816894531,46.043331146240234,46.5,0.0,17937900,-0.7272759329079809,0.5289302825871739,WMT,Walmart,Stock
2021-10-14,43.90156555175781,46.62333297729492,0.0,46.689998626708984,46.16666793823242,46.16666793823242,0.0,19783500,1.0782224192455436,1.1625635853637128,WMT,Walmart,Stock
2021-10-15,44.11499786376953,46.849998474121094,0.0,47.03333282470703,46.6533317565918,46.87333297729492,0.0,20737200,0.4849831033429147,0.2352086105281243,WMT,Walmart,Stock
2021-10-18,44.469669342041016,47.22666549682617,0.0,47.336666107177734,46.61000061035156,46.66666793823242,0.0,19887000,0.800755671637585,0.6412096456597598,WMT,Walmart,Stock
2021-10-19,45.4144401550293,48.22999954223633,0.0,48.53666687011719,47.88666534423828,48.209999084472656,0.0,33444300,2.1022750597762925,4.419560426957414,WMT,Walmart,Stock
2021-10-20,45.82561111450195,48.66666793823242,0.0,48.83000183105469,48.29666519165039,48.29666519165039,0.0,17453700,0.9013009904783252,0.81234347543721,WMT,Walmart,Stock
2021-10-21,46.07986068725586,48.936668395996094,0.0,48.973331451416016,48.60333251953125,48.86000061035156,0.0,13954500,0.5532863634168631,0.3061257999430571,WMT,Walmart,Stock
2021-10-22,46.56007385253906,49.4466667175293,0.0,49.89666748046875,49.03333282470703,49.03333282470703,0.0,21195600,1.0367396498859136,1.0748291016455669,WMT,Walmart,Stock
2021-10-25,47.09993743896485,50.02000045776367,0.0,50.17333221435547,49.336666107177734,49.59333419799805,0.0,19287900,1.152828315983301,1.329013126132894,WMT,Walmart,Stock
2021-10-26,46.68876647949219,49.58333206176758,0.0,50.18333435058594,49.48666763305664,50.0,0.0,17418600,-0.8768083500496219,0.7687928827167403,WMT,Walmart,Stock
2021-10-27,46.30583572387695,49.176666259765625,0.0,49.67333221435547,49.130001068115234,49.6533317565918,0.0,14565600,-0.8235594559186673,0.6782501774330513,WMT,Walmart,Stock
2021-10-28,46.59461212158203,49.48333358764648,0.0,49.65999984741211,49.23666763305664,49.4466667175293,0.0,12598500,0.6216920036549054,0.3865009474084509,WMT,Walmart,Stock
2021-10-29,46.89906311035156,49.80666732788086,0.0,50.03333282470703,49.186668395996094,49.3033332824707,0.0,22022700,0.6512784188991317,0.4241635789237529,WMT,Walmart,Stock
2021-11-01,47.015193939208984,49.93000030517578,0.0,50.25,49.78333282470703,49.99333190917969,0.0,12549600,0.2473125842597963,0.0611635143332588,WMT,Walmart,Stock
2021-11-02,46.99323272705078,49.90666580200195,0.0,50.060001373291016,49.7599983215332,49.9900016784668,0.0,13638900,-0.0467217957719125,0.0021829262001523,WMT,Walmart,Stock
2021-11-03,47.13761138916016,50.060001373291016,0.0,50.0966682434082,49.676666259765625,49.866668701171875,0.0,14209500,0.306761883812455,0.0941028533601661,WMT,Walmart,Stock
2021-11-04,47.48286819458008,50.426666259765625,0.0,50.616668701171875,49.94333267211914,50.060001373291016,0.0,15149100,0.7297750745307809,0.5325716594064068,WMT,Walmart,Stock
2021-11-05,47.153297424316406,50.07666778564453,0.0,50.66666793823242,49.87333297729492,50.66666793823242,0.0,15081900,-0.6965034993633764,0.4851171246254289,WMT,Walmart,Stock
2021-11-08,46.85197830200195,49.75666809082031,0.0,50.16999816894531,49.57666778564453,50.073333740234375,0.0,15373200,-0.6410707312595496,0.4109716824776537,WMT,Walmart,Stock
2021-11-09,47.015193939208984,49.93000030517578,0.0,49.956668853759766,49.62333297729492,49.84000015258789,0.0,15001800,0.347759068051605,0.1209363694121208,WMT,Walmart,Stock
2021-11-10,46.59146499633789,49.47999954223633,0.0,49.87333297729492,49.32666778564453,49.57666778564453,0.0,16803600,-0.9053454998448514,0.8196504740893238,WMT,Walmart,Stock
2021-11-11,46.61029815673828,49.5,0.0,49.663333892822266,49.39666748046875,49.59000015258789,0.0,13603200,0.0404137433018025,0.0016332706476639,WMT,Walmart,Stock
2021-11-12,46.378028869628906,49.25333404541016,0.0,49.74666595458984,49.18000030517578,49.66666793823242,0.0,18313800,-0.4995675857272931,0.2495677727093963,WMT,Walmart,Stock
2021-11-15,46.11124420166016,48.970001220703125,0.0,49.48333358764648,48.79999923706055,49.383331298828125,0.0,28896000,-0.5769002156095027,0.3328138587702907,WMT,Walmart,Stock
2021-11-16,44.93733978271485,47.723331451416016,0.0,48.893333435058594,47.43333435058594,48.366668701171875,0.0,73986600,-2.578775905243763,6.650085169465789,WMT,Walmart,Stock
2021-11-17,44.55128479003906,47.313331604003906,0.0,48.2400016784668,47.27333450317383,47.720001220703125,0.0,33116100,-0.8628077355382606,0.7444371885046611,WMT,Walmart,Stock
2021-11-18,44.93421173095703,47.720001220703125,0.0,47.76333236694336,46.95333480834961,47.380001068115234,0.0,24394200,0.8558465744001797,0.7324733589125224,WMT,Walmart,Stock
2021-11-19,44.69252395629883,47.46333312988281,0.0,48.0,47.313331604003906,47.87333297729492,0.0,28119300,-0.5393220195561993,0.2908682407781774,WMT,Walmart,Stock
2021-11-22,45.44268798828125,48.2599983215332,0.0,48.45333480834961,47.33333206176758,47.5533332824707,0.0,29126400,1.6645689003012856,2.770789623850231,WMT,Walmart,Stock
2021-11-23,45.7659797668457,48.60333251953125,0.0,48.65999984741211,47.75,48.08333206176758,0.0,29907900,0.7089087922100223,0.5025516756726727,WMT,Walmart,Stock
2021-11-24,45.99510955810547,48.8466682434082,0.0,49.02000045776367,48.54666519165039,48.57666778564453,0.0,18089400,0.4994061626027042,0.2494065152455586,WMT,Walmart,Stock
2021-11-26,45.4803466796875,48.29999923706055,0.0,49.293331146240234,48.13999938964844,48.813331604003906,0.0,21039600,-1.125478534543256,1.2667019317176351,WMT,Walmart,Stock
2021-11-29,44.76785659790039,47.543331146240234,0.0,48.41666793823242,47.40999984741211,48.33333206176758,0.0,33039600,-1.5789896287507468,2.4932082477024213,WMT,Walmart,Stock
2021-11-30,44.140106201171875,46.87666702270508,0.0,47.5,46.66999816894531,47.15999984741211,0.0,64818900,-1.4121588416982522,1.9941925941865497,WMT,Walmart,Stock
2021-12-01,43.0446891784668,45.71333312988281,0.0,46.90666580200195,45.68000030517578,46.836666107177734,0.0,36621300,-2.5129947600411486,6.31514266399427,WMT,Walmart,Stock
2021-12-02,42.52052307128906,45.15666580200195,0.0,46.14666748046875,45.08000183105469,45.87666702270508,0.0,39805800,-1.2252004064048092,1.5011160358545097,WMT,Walmart,Stock
2021-12-03,43.16081619262695,45.836666107177734,0.0,45.959999084472656,45.0966682434082,45.28666687011719,0.0,44142600,1.494619590027061,2.23388771889266,WMT,Walmart,Stock
2021-12-06,43.62849426269531,46.33333206176758,0.0,46.45333480834961,45.70000076293945,45.85333251953125,0.0,32589300,1.07774239581287,1.1615286717324649,WMT,Walmart,Stock
2021-12-07,43.48725891113281,46.18333435058594,0.0,46.61000061035156,46.029998779296875,46.53333282470703,0.0,37739100,-0.3242478430334924,0.1051366637118723,WMT,Walmart,Stock
2021-12-08,43.04782485961914,45.71666717529297,0.0,46.16666793823242,45.336666107177734,46.02000045776367,0.0,34496400,-1.015629290851926,1.0315028564363862,WMT,Walmart,Stock
2021-12-09,43.646602630615234,46.16666793823242,0.183333,46.189998626708984,45.23666763305664,45.543331146240234,0.0,32351700,1.38137435090236,1.9081950973309163,WMT,Walmart,Stock
2021-12-10,44.443885803222656,47.0099983215332,0.0,47.099998474121094,45.856666564941406,46.11333465576172,0.0,38575500,1.8101953067952752,3.2768070487436405,WMT,Walmart,Stock
2021-12-13,45.244327545166016,47.856666564941406,0.0,47.91666793823242,46.66999816894531,46.74666595458984,0.0,54039300,1.78499039047949,3.186190694104122,WMT,Walmart,Stock
2021-12-14,45.67607116699219,48.313331604003906,0.0,48.426666259765625,47.383331298828125,47.76666641235352,0.0,46721400,0.949724975096492,0.9019775283220324,WMT,Walmart,Stock
2021-12-15,45.93763732910156,48.59000015258789,0.0,48.823333740234375,47.79999923706055,48.4033317565918,0.0,33489900,0.5710212524591471,0.326065270760013,WMT,Walmart,Stock
2021-12-16,45.17185592651367,47.779998779296875,0.0,48.84333419799805,47.630001068115234,48.59000015258789,0.0,39069600,-1.6810530031562645,2.825939199420696,WMT,Walmart,Stock
2021-12-17,43.725364685058594,46.25,0.0,47.98333358764648,46.130001068115234,47.58333206176758,0.0,78581100,-3.2545875119741643,10.59233987309818,WMT,Walmart,Stock
2021-12-20,43.8671760559082,46.400001525878906,0.0,46.58333206176758,45.866668701171875,46.040000915527344,0.0,31017900,0.3237981078114741,0.104845214622291,WMT,Walmart,Stock
2021-12-21,43.99953842163086,46.540000915527344,0.0,46.619998931884766,46.00333404541016,46.29999923706055,0.0,24620400,0.3012801073317686,0.090769703073842,WMT,Walmart,Stock
2021-12-22,44.05626678466797,46.599998474121094,0.0,46.663333892822266,46.176666259765625,46.633331298828125,0.0,17028000,0.1288464076895153,0.0166013967744927,WMT,Walmart,Stock
2021-12-23,43.95856857299805,46.49666595458984,0.0,46.720001220703125,46.28333282470703,46.599998474121094,0.0,17592600,-0.2220040551096292,0.0492858004851192,WMT,Walmart,Stock
2021-12-27,44.358795166015625,46.91999816894531,0.0,46.956668853759766,46.52333450317383,46.53333282470703,0.0,16040700,0.906343477241178,0.8214584987376295,WMT,Walmart,Stock
2021-12-28,44.99537658691406,47.59333419799805,0.0,47.65666580200195,46.866668701171875,46.866668701171875,0.0,15783000,1.424874023495884,2.03026598283335,WMT,Walmart,Stock
2021-12-29,44.97331237792969,47.56999969482422,0.0,47.84333419799805,47.439998626708984,47.5533332824707,0.0,13045200,-0.0490486405450298,0.0024057691393155,WMT,Walmart,Stock
2021-12-30,45.11827087402344,47.723331451416016,0.0,47.900001525878906,47.49333190917969,47.75333404541016,0.0,14949000,0.3218028054495312,0.1035570455951888,WMT,Walmart,Stock
2021-12-31,45.597293853759766,48.22999954223633,0.0,48.3466682434082,47.63999938964844,47.73333358764648,0.0,17947800,1.0561085819081348,1.1153653367800116,WMT,Walmart,Stock
2022-01-03,45.58469009399414,48.21666717529297,0.0,48.26333236694336,47.66999816894531,48.0,0.0,20706600,-0.0276452853956758,0.0007642618046083,WMT,Walmart,Stock
2022-01-04,44.74957656860352,47.33333206176758,0.0,48.380001068115234,47.25333404541016,48.01333236694336,0.0,33930000,-1.8489934071108536,3.4187766195394036,WMT,Walmart,Stock
2022-01-05,45.354637145996094,47.973331451416016,0.0,48.650001525878906,47.58000183105469,47.616668701171875,0.0,35418000,1.3430441204156232,1.8037675093829748,WMT,Walmart,Stock
2022-01-06,45.22857666015625,47.84000015258789,0.0,48.21333312988281,47.46666717529297,47.87333297729492,0.0,21828900,-0.2783309664640103,0.07746812689279,WMT,Walmart,Stock
2022-01-07,45.66031646728515,48.29666519165039,0.0,48.45333480834961,47.6533317565918,47.83333206176758,0.0,19723500,0.9500457968496686,0.9025870161117218,WMT,Walmart,Stock
2022-01-10,45.572078704833984,48.20333480834961,0.0,48.529998779296875,47.706668853759766,48.47999954223633,0.0,22731600,-0.1934352151954493,0.0374171824777097,WMT,Walmart,Stock
2022-01-11,45.44287109375,48.06666564941406,0.0,48.206668853759766,47.72666549682617,48.06999969482422,0.0,21668700,-0.2839263179721453,0.0806141540372197,WMT,Walmart,Stock
2022-01-12,45.203369140625,47.813331604003906,0.0,47.98666763305664,47.66666793823242,47.893333435058594,0.0,18946800,-0.5284334128591816,0.2792418718260022,WMT,Walmart,Stock
2022-01-13,45.84310150146485,48.4900016784668,0.0,48.560001373291016,47.70333480834961,47.810001373291016,0.0,24252600,1.4053106829486046,1.9748981156094736,WMT,Walmart,Stock
2022-01-14,45.71389389038086,48.35333251953125,0.0,48.87666702270508,48.073333740234375,48.073333740234375,0.0,26867400,-0.2822453845409746,0.0796624570946826,WMT,Walmart,Stock
2022-01-18,44.91344451904297,47.50666809082031,0.0,48.23333358764648,47.37666702270508,48.13666534423828,0.0,21123900,-1.766509313117271,3.120555153330053,WMT,Walmart,Stock
2022-01-19,45.360931396484375,47.97999954223633,0.0,48.33000183105469,47.30666732788086,47.51333236694336,0.0,22674000,0.991401021824872,0.9828759860754004,WMT,Walmart,Stock
2022-01-20,44.50376892089844,47.073333740234375,0.0,48.1533317565918,47.02333450317383,47.45000076293945,0.0,22387200,-1.9077312203445445,3.6394384090772847,WMT,Walmart,Stock
2022-01-21,44.17916488647461,46.72999954223633,0.0,47.41999816894531,46.686668395996094,47.073333740234375,0.0,27508200,-0.7320585148463277,0.535909669159011,WMT,Walmart,Stock
2022-01-24,44.18231964111328,46.73333358764648,0.0,46.84333419799805,45.77000045776367,46.356666564941406,0.0,28699200,0.0071405650479431,5.0987669203907104e-05,WMT,Walmart,Stock
2022-01-25,43.22115707397461,45.71666717529297,0.0,46.790000915527344,45.60333251953125,46.663333892822266,0.0,29479500,-2.199457849360556,4.837614831113762,WMT,Walmart,Stock
2022-01-26,42.77995681762695,45.25,0.0,46.26333236694336,45.0533332824707,45.779998779296875,0.0,26185500,-1.0260428197733371,1.0527638680084208,WMT,Walmart,Stock
2022-01-27,42.808319091796875,45.279998779296875,0.0,46.36000061035156,45.12333297729492,45.63999938964844,0.0,27759000,0.0662760755646484,0.0043925181922509,WMT,Walmart,Stock
2022-01-28,43.3377571105957,45.84000015258789,0.0,45.856666564941406,44.650001525878906,45.33333206176758,0.0,25131900,1.2291788740763536,1.5108807044756123,WMT,Walmart,Stock
2022-01-31,44.05941390991211,46.60333251953125,0.0,46.68000030517578,45.56666564941406,45.6966667175293,0.0,20193600,1.6514795451141369,2.7273846879303965,WMT,Walmart,Stock
2022-02-01,44.40607452392578,46.970001220703125,0.0,47.04999923706055,46.33000183105469,46.4033317565918,0.0,20323200,0.7837234486316772,0.6142224439351291,WMT,Walmart,Stock
2022-02-02,44.38716125488281,46.95000076293945,0.0,47.21333312988281,46.71666717529297,47.0,0.0,18149700,-0.0426006984949172,0.0018148195122548,WMT,Walmart,Stock
2022-02-03,44.4312858581543,46.99666595458984,0.0,47.33000183105469,46.59000015258789,46.75333404541016,0.0,20741100,0.0993591046359897,0.0098722316740655,WMT,Walmart,Stock
2022-02-04,43.90814208984375,46.44333267211914,0.0,47.0,46.116668701171875,46.96333312988281,0.0,22036500,-1.1844085842578826,1.402823694463762,WMT,Walmart,Stock
2022-02-07,43.476417541503906,45.98666763305664,0.0,46.689998626708984,45.869998931884766,46.686668395996094,0.0,20010300,-0.988110629199748,0.9763626155375216,WMT,Walmart,Stock
2022-02-08,43.48586654663086,45.99666595458984,0.0,46.413333892822266,45.836666107177734,46.106666564941406,0.0,19458900,0.0217312718110289,0.0004722481745248,WMT,Walmart,Stock
2022-02-09,43.391326904296875,45.89666748046875,0.0,46.26333236694336,45.823333740234375,46.16666793823242,0.0,21473700,-0.2176398106244332,0.0473670871686391,WMT,Walmart,Stock
2022-02-10,42.88396453857422,45.36000061035156,0.0,45.66999816894531,45.1533317565918,45.51666641235352,0.0,27810600,-1.1761611142100958,1.383354966579934,WMT,Walmart,Stock
2022-02-11,42.64760208129883,45.11000061035156,0.0,45.72666549682617,44.723331451416016,45.606666564941406,0.0,23733300,-0.5526919903216553,0.3054684361657127,WMT,Walmart,Stock
2022-02-14,42.21271514892578,44.650001525878906,0.0,45.31999969482422,44.23666763305664,45.11000061035156,0.0,29363400,-1.024956667060997,1.0505361693527877,WMT,Walmart,Stock
2022-02-15,42.345069885253906,44.790000915527344,0.0,45.223331451416016,44.5966682434082,44.913333892822266,0.0,21824400,0.3130518245384555,0.0980014448468559,WMT,Walmart,Stock
2022-02-16,42.08034896850586,44.5099983215332,0.0,44.959999084472656,44.23333358764648,44.776668548583984,0.0,28490700,-0.6271139377272597,0.3932718908917893,WMT,Walmart,Stock
2022-02-17,43.76633834838867,46.293331146240234,0.0,46.4900016784668,44.59333419799805,44.66666793823242,0.0,53831400,3.9284129679589697,15.4324284468282,WMT,Walmart,Stock
2022-02-18,43.48586654663086,45.99666595458984,0.0,46.529998779296875,45.720001220703125,46.03333282470703,0.0,31103400,-0.6429012725529726,0.4133220462502315,WMT,Walmart,Stock
2022-02-22,43.00055694580078,45.48333358764648,0.0,46.08000183105469,45.313331604003906,45.92333221435547,0.0,25380900,-1.1222910489320403,1.2595371985129793,WMT,Walmart,Stock
2022-02-23,42.559364318847656,45.01666641235352,0.0,45.72999954223633,44.9466667175293,45.619998931884766,0.0,21030900,-1.0313159033065444,1.0636124924129935,WMT,Walmart,Stock
2022-02-24,42.39549255371094,44.84333419799805,0.0,45.00333404541016,44.00333404541016,44.63666534423828,0.0,31717500,-0.3857859913190979,0.1488308310980591,WMT,Walmart,Stock
2022-02-25,42.978492736816406,45.459999084472656,0.0,45.59333419799805,44.6966667175293,44.936668395996094,0.0,24997800,1.3657772764769844,1.8653475689408892,WMT,Walmart,Stock
2022-02-28,42.59402847290039,45.0533332824707,0.0,45.356666564941406,44.59000015258789,45.0,0.0,26286600,-0.8985754898946801,0.8074379110394643,WMT,Walmart,Stock
2022-03-01,42.8556022644043,45.33000183105469,0.0,45.96333312988281,45.00666809082031,45.290000915527344,0.0,24024900,0.6122311033698481,0.3748269239334616,WMT,Walmart,Stock
2022-03-02,42.9091682434082,45.38666534423828,0.0,45.61000061035156,45.060001373291016,45.220001220703125,0.0,23863800,0.1249137277505831,0.0156034393805468,WMT,Walmart,Stock
2022-03-03,43.895545959472656,46.43000030517578,0.0,46.823333740234375,45.51666641235352,45.76333236694336,0.0,29885100,2.272734108351228,5.165320327263051,WMT,Walmart,Stock
2022-03-04,45.00799179077149,47.606666564941406,0.0,47.64666748046875,45.86333465576172,45.936668395996094,0.0,35576400,2.502721320071867,6.2636140059422685,WMT,Walmart,Stock
2022-03-07,44.64556884765625,47.223331451416016,0.0,47.87666702270508,46.81666564941406,47.099998474121094,0.0,45870000,-0.8085008888698906,0.6536736873034031,WMT,Walmart,Stock
2022-03-08,43.72222137451172,46.24666595458984,0.0,47.48666763305664,46.19333267211914,47.16666793823242,0.0,28305600,-2.089858933122283,4.367510360351009,WMT,Walmart,Stock
2022-03-09,43.94913101196289,46.48666763305664,0.0,46.74666595458984,46.04666519165039,46.66666793823242,0.0,22122900,0.5176380606504198,0.2679491618339277,WMT,Walmart,Stock
2022-03-10,44.9481086730957,47.543331146240234,0.0,47.66666793823242,46.336666107177734,46.49666595458984,0.0,27512700,2.2475832055069405,5.051630265676854,WMT,Walmart,Stock
2022-03-11,44.77162551879883,47.356666564941406,0.0,48.01666641235352,47.293331146240234,47.43333435058594,0.0,19162200,-0.39341039852182,0.1547717416650972,WMT,Walmart,Stock
2022-03-14,45.395599365234375,48.01666641235352,0.0,48.28333282470703,47.33000183105469,47.34000015258789,0.0,22646400,1.38405902590344,1.915619387184779,WMT,Walmart,Stock
2022-03-15,45.9407844543457,48.59333419799805,0.0,48.71666717529297,47.95000076293945,48.176666259765625,0.0,22872600,1.1938102674986906,1.4251829547852952,WMT,Walmart,Stock
2022-03-16,45.80529022216797,48.45000076293945,0.0,48.97999954223633,47.900001525878906,48.46333312988281,0.0,24615900,-0.2953681259114278,0.0872423298044291,WMT,Walmart,Stock
2022-03-17,45.874881744384766,48.336666107177734,0.186667,48.43333435058594,47.54999923706055,48.150001525878906,0.0,19023000,0.1518137108382609,0.023047402798483,WMT,Walmart,Stock
2022-03-18,46.01090621948242,48.47999954223633,0.0,48.52333450317383,48.03666687011719,48.393333435058594,0.0,31233300,0.2960731522838601,0.0876593115033018,WMT,Walmart,Stock
2022-03-21,45.62813186645508,48.07666778564453,0.0,49.0966682434082,47.87333297729492,48.47666549682617,0.0,21350700,-0.8354006920053081,0.6978943162029476,WMT,Walmart,Stock
2022-03-22,45.49209213256836,47.93333435058594,0.0,48.323333740234375,47.65999984741211,48.20333480834961,0.0,20235000,-0.2985941627271554,0.0891584740147309,WMT,Walmart,Stock
2022-03-23,44.90684127807617,47.31666564941406,0.0,47.90999984741211,47.17333221435547,47.71333312988281,0.0,19625400,-1.2948361431295123,1.676600637554511,WMT,Walmart,Stock
2022-03-24,45.18522644042969,47.61000061035156,0.0,47.970001220703125,47.293331146240234,47.46333312988281,0.0,13440900,0.6180034611907265,0.3819282780437177,WMT,Walmart,Stock
2022-03-25,45.38136672973633,47.81666564941406,0.0,47.97666549682617,47.41999816894531,47.81666564941406,0.0,14085300,0.4331411596527236,0.1876112641853062,WMT,Walmart,Stock
2022-03-28,46.188079833984375,48.66666793823242,0.0,48.686668395996094,47.76666641235352,47.83333206176758,0.0,20105700,1.762015620039889,3.104699045264555,WMT,Walmart,Stock
2022-03-29,46.57719039916992,49.07666778564453,0.0,49.366668701171875,48.75,48.866668701171875,0.0,19934400,0.8389192340867855,0.7037854813207588,WMT,Walmart,Stock
2022-03-30,47.41237258911133,49.956668853759766,0.0,50.060001373291016,49.01333236694336,49.043331146240234,0.0,24991500,1.777227484039372,3.1585375300249163,WMT,Walmart,Stock
2022-03-31,47.111839294433594,49.63999938964844,0.0,50.18000030517578,49.393333435058594,49.5966682434082,0.0,27163800,-0.6358885228894577,0.4043542135425364,WMT,Walmart,Stock
2022-04-01,47.77302551269531,50.336666107177734,0.0,50.42333221435547,49.61333465576172,49.88666534423828,0.0,20939700,1.3936825893210631,1.9423511597766632,WMT,Walmart,Stock
2022-04-04,47.78251266479492,50.3466682434082,0.0,51.06666564941406,50.026668548583984,50.3033332824707,0.0,25332600,0.0198568336523938,0.0003942938426988,WMT,Walmart,Stock
2022-04-05,47.91855239868164,50.4900016784668,0.0,51.11000061035156,50.293331146240234,50.293331146240234,0.0,18657900,0.2843015914767983,0.0808273949162403,WMT,Walmart,Stock
2022-04-06,49.03212356567383,51.663333892822266,0.0,51.80666732788086,50.16666793823242,50.34000015258789,0.0,28018500,2.297292164066451,5.277551287081119,WMT,Walmart,Stock
2022-04-07,49.5224723815918,52.18000030517578,0.0,52.51333236694336,51.47999954223633,51.70000076293945,0.0,27088200,0.9950887777481048,0.9902016756002172,WMT,Walmart,Stock
2022-04-08,49.797706604003906,52.470001220703125,0.0,52.8033332824707,52.06999969482422,52.3033332824707,0.0,23294400,0.5542376781339281,0.3071794038632877,WMT,Walmart,Stock
2022-04-11,48.81067657470703,51.43000030517578,0.0,52.74666595458984,51.209999084472656,52.323333740234375,0.0,24712800,-2.001985964340197,4.007947801415148,WMT,Walmart,Stock
2022-04-12,48.4753303527832,51.07666778564453,0.0,51.79999923706055,50.849998474121094,51.413333892822266,0.0,26761200,-0.6894055182411462,0.4752799685813433,WMT,Walmart,Stock
2022-04-13,49.73759841918945,52.40666580200195,0.0,52.5966682434082,51.116668701171875,51.150001525878906,0.0,29284500,2.570613850750675,6.6080555696712135,WMT,Walmart,Stock
2022-04-14,49.69330596923828,52.36000061035156,0.0,52.76333236694336,52.143333435058594,52.369998931884766,0.0,22360500,-0.0890919239914736,0.0079373709205025,WMT,Walmart,Stock
2022-04-18,49.31367874145508,51.959999084472656,0.0,52.65999984741211,51.73666763305664,52.25,0.0,14671800,-0.7668733460852012,0.5880947289359127,WMT,Walmart,Stock
2022-04-19,49.87363052368164,52.54999923706055,0.0,52.650001525878906,52.01333236694336,52.223331451416016,0.0,15855000,1.1290914838581896,1.2748475789210885,WMT,Walmart,Stock
2022-04-20,50.50001525878906,53.209999084472656,0.0,53.45000076293945,52.76333236694336,52.78333282470703,0.0,19821600,1.2481221774258908,1.557808969782347,WMT,Walmart,Stock
2022-04-21,50.57594299316406,53.290000915527344,0.0,53.59000015258789,53.02333450317383,53.30666732788086,0.0,18168300,0.1502389885190682,0.0225717536712327,WMT,Walmart,Stock
2022-04-22,49.62370681762695,52.28666687011719,0.0,53.45333480834961,52.220001220703125,53.41666793823242,0.0,21046200,-1.9007348743528447,3.612793062581124,WMT,Walmart,Stock
2022-04-25,49.64901351928711,52.313331604003906,0.0,52.4900016784668,51.45000076293945,52.12333297729492,0.0,18057600,0.0509842021503041,0.002599388868903,WMT,Walmart,Stock
2022-04-26,49.13019180297851,51.76666641235352,0.0,52.709999084472656,51.73333358764648,52.12333297729492,0.0,19601100,-1.0504771436757872,1.1035022293852403,WMT,Walmart,Stock
2022-04-27,48.79485702514648,51.413333892822266,0.0,52.06666564941406,51.34000015258789,51.84333419799805,0.0,17496900,-0.6848831685571701,0.4690649545729091,WMT,Walmart,Stock
2022-04-28,49.41807556152344,52.06999969482422,0.0,52.32666778564453,51.366668701171875,51.74333190917969,0.0,14955900,1.2691340846831936,1.6107013249046476,WMT,Walmart,Stock
2022-04-29,48.399410247802734,50.99666595458984,0.0,52.073333740234375,50.9033317565918,51.936668395996094,0.0,21088800,-2.082863063757988,4.338318542367312,WMT,Walmart,Stock
2022-05-02,48.079891204833984,50.65999984741211,0.0,51.663333892822266,50.106666564941406,51.6533317565918,0.0,20016000,-0.6623601255837536,0.4387209359633258,WMT,Walmart,Stock
2022-05-03,48.24755859375,50.836666107177734,0.0,51.426666259765625,50.59333419799805,50.810001373291016,0.0,17950500,0.3481199981795621,0.1211875331325383,WMT,Walmart,Stock
2022-05-04,48.915069580078125,51.540000915527344,0.0,51.606666564941406,50.50333404541016,50.676666259765625,0.0,20022600,1.3740292965969856,1.887956507906807,WMT,Walmart,Stock
2022-05-05,48.495967864990234,50.913333892822266,0.186667,51.276668548583984,50.46666717529297,51.21333312988281,0.0,23234400,-0.860486269446658,0.7404366199062264,WMT,Walmart,Stock
2022-05-06,47.486289978027344,49.85333251953125,0.0,51.31666564941406,49.42333221435547,50.56999969482422,0.0,34258200,-2.1039620346235512,4.426656243137273,WMT,Walmart,Stock
2022-05-09,48.04193115234375,50.436668395996094,0.0,51.03333282470703,49.39666748046875,49.4900016784668,0.0,28207200,1.163315790846988,1.353303629233953,WMT,Walmart,Stock
2022-05-10,47.36563491821289,49.72666549682617,0.0,50.76333236694336,49.52000045776367,50.47666549682617,0.0,24861300,-1.4177231210573915,2.009938847980712,WMT,Walmart,Stock
2022-05-11,46.870330810546875,49.206668853759766,0.0,50.25,48.970001220703125,49.79999923706055,0.0,27878700,-1.0512094080485663,1.1050412195698172,WMT,Walmart,Stock
2022-05-12,46.82587814331055,49.15999984741211,0.0,50.04999923706055,48.84000015258789,49.28666687011719,0.0,25244400,-0.0948868071993582,0.0090035061804881,WMT,Walmart,Stock
2022-05-13,47.006858825683594,49.349998474121094,0.0,49.459999084472656,48.71333312988281,49.23666763305664,0.0,19962300,0.3857521642067681,0.1488047321902054,WMT,Walmart,Stock
2022-05-16,47.057647705078125,49.4033317565918,0.0,49.90999984741211,48.81999969482422,49.793331146240234,0.0,21449100,0.1079873508153555,0.0116612679361186,WMT,Walmart,Stock
2022-05-17,41.704498291015625,43.78333282470703,0.0,45.813331604003906,43.54666519165039,45.47666549682617,0.0,132940200,-12.07644013593175,145.84040635674324,WMT,Walmart,Stock
2022-05-18,38.87233352661133,40.810001373291016,0.0,42.75666809082031,40.5099983215332,42.676666259765625,0.0,104253000,-7.032621848154655,49.45777005914219,WMT,Walmart,Stock
2022-05-19,37.80550765991211,39.689998626708984,0.0,40.5966682434082,39.53333282470703,40.290000915527344,0.0,71008500,-2.782797989135787,7.74396464833818,WMT,Walmart,Stock
2022-05-20,37.846797943115234,39.73333358764648,0.0,40.279998779296875,39.09000015258789,39.880001068115234,0.0,49356000,0.1091580407865752,0.0119154778683636,WMT,Walmart,Stock
2022-05-23,38.92631149291992,40.866668701171875,0.0,41.25666809082031,39.95333480834961,39.973331451416016,0.0,43680900,2.812403226183595,7.9096119066478945,WMT,Walmart,Stock
2022-05-24,39.41209411621094,41.37666702270508,0.0,41.51666641235352,40.36000061035156,40.4033317565918,0.0,34584900,1.2402316496443448,1.538174544779533,WMT,Walmart,Stock
2022-05-25,39.17079544067383,41.12333297729492,0.0,41.55666732788086,40.866668701171875,41.33333206176758,0.0,27121800,-0.6141271599536997,0.377152168592797,WMT,Walmart,Stock
2022-05-26,40.00583267211914,42.0,0.0,42.133331298828125,41.46666717529297,41.76666641235352,0.0,28197600,2.1093805419832536,4.449486270897565,WMT,Walmart,Stock
2022-05-27,40.79324722290039,42.82666778564453,0.0,42.87333297729492,41.77000045776367,41.83000183105469,0.0,25299900,1.949129818263425,3.799107048443612,WMT,Walmart,Stock
2022-05-31,40.84086990356445,42.87666702270508,0.0,43.29999923706055,42.473331451416016,42.48666763305664,0.0,36912300,0.1166734883469548,0.013612702883047,WMT,Walmart,Stock
2022-06-01,39.831207275390625,41.81666564941406,0.0,42.973331451416016,41.560001373291016,42.83333206176758,0.0,28534800,-2.5032585913326204,6.266303575080575,WMT,Walmart,Stock
2022-06-02,40.48527145385742,42.50333404541016,0.0,42.5099983215332,41.44333267211914,41.856666564941406,0.0,23214300,1.628753272387503,2.6528372223129986,WMT,Walmart,Stock
2022-06-03,39.789920806884766,41.77333450317383,0.0,42.473331451416016,41.6966667175293,42.223331451416016,0.0,18302700,-1.7324606003308336,3.001419731698672,WMT,Walmart,Stock
2022-06-06,39.64705657958984,41.62333297729492,0.0,42.099998474121094,41.529998779296875,41.939998626708984,0.0,19855500,-0.3596923901815376,0.1293786155545075,WMT,Walmart,Stock
2022-06-07,39.17079544067383,41.12333297729492,0.0,41.163333892822266,40.293331146240234,40.413333892822266,0.0,47707800,-1.2085255391361407,1.4605339787442997,WMT,Walmart,Stock
2022-06-08,38.83106231689453,40.76666641235352,0.0,41.3033332824707,40.650001525878906,40.78333282470703,0.0,22522800,-0.8710953349299052,0.7588070825366438,WMT,Walmart,Stock
2022-06-09,38.42464828491211,40.34000015258789,0.0,41.45000076293945,40.33000183105469,40.66666793823242,0.0,19880100,-1.0521365422687423,1.1069913035772254,WMT,Walmart,Stock
2022-06-10,38.64055252075195,40.56666564941406,0.0,40.913333892822266,39.779998779296875,39.91666793823242,0.0,25238100,0.5603172338528694,0.313955402552531,WMT,Walmart,Stock
2022-06-13,37.91347885131836,39.8033332824707,0.0,40.413333892822266,39.6966667175293,39.913333892822266,0.0,24897900,-1.899561705582012,3.6083346733136414,WMT,Walmart,Stock
2022-06-14,37.929344177246094,39.81999969482422,0.0,40.0,39.38999938964844,39.709999084472656,0.0,21544200,0.0418373829602181,0.0017503666129599,WMT,Walmart,Stock
2022-06-15,37.9039421081543,39.793331146240234,0.0,40.13666534423828,39.29999923706055,39.9900016784668,0.0,25914000,-0.0669945120043657,0.0044882646387031,WMT,Walmart,Stock
2022-06-16,38.29766082763672,40.206668853759766,0.0,40.586666107177734,39.40999984741211,39.45000076293945,0.0,30706800,1.0333699237890173,1.0678533993917194,WMT,Walmart,Stock
2022-06-17,37.557857513427734,39.43000030517578,0.0,40.293331146240234,39.323333740234375,40.00666809082031,0.0,36838800,-1.950620832042124,3.804921630396707,WMT,Walmart,Stock
2022-06-21,38.7897834777832,40.723331451416016,0.0,40.926666259765625,39.40666580200195,39.43333435058594,0.0,23916600,3.2274288523560513,10.416296997020298,WMT,Walmart,Stock
2022-06-22,38.31986999511719,40.22999954223633,0.0,41.08333206176758,40.1966667175293,40.70000076293945,0.0,20235000,-1.2188339043015253,1.4855560862748998,WMT,Walmart,Stock
2022-06-23,39.25016403198242,41.206668853759766,0.0,41.31999969482422,40.400001525878906,40.58333206176758,0.0,18040800,2.398706289333211,5.753791862486702,WMT,Walmart,Stock
2022-06-24,39.28192901611328,41.2400016784668,0.0,41.77000045776367,41.0533332824707,41.36333465576172,0.0,31845900,0.0808968273486202,0.0065442966750724,WMT,Walmart,Stock
2022-06-27,39.40892028808594,41.37333297729492,0.0,41.58000183105469,40.93000030517578,41.2599983215332,0.0,19889100,0.3227602277493168,0.1041741646167908,WMT,Walmart,Stock
2022-06-28,38.85329055786133,40.790000915527344,0.0,41.856666564941406,40.76333236694336,41.5533332824707,0.0,15399000,-1.4199421658507314,2.016235754360866,WMT,Walmart,Stock
2022-06-29,38.71040344238281,40.63999938964844,0.0,41.116668701171875,40.323333740234375,40.96333312988281,0.0,19111500,-0.368438556099384,0.1357469696205989,WMT,Walmart,Stock
2022-06-30,38.60246276855469,40.526668548583984,0.0,40.686668395996094,39.96333312988281,40.293331146240234,0.0,19166100,-0.2792309980282545,0.077969950259855,WMT,Walmart,Stock
2022-07-01,38.93583679199219,40.87666702270508,0.0,40.973331451416016,40.38666534423828,40.64666748046875,0.0,17460900,0.8599004093300284,0.7394287139659504,WMT,Walmart,Stock
2022-07-05,39.450199127197266,41.41666793823242,0.0,41.50333404541016,40.53666687011719,40.73666763305664,0.0,18218100,1.3124014040390108,1.722397445323567,WMT,Walmart,Stock
2022-07-06,39.7296028137207,41.709999084472656,0.0,42.09333419799805,41.43333435058594,41.49333190917969,0.0,21300000,0.705747777551548,0.4980799255189493,WMT,Walmart,Stock
2022-07-07,39.789920806884766,41.77333450317383,0.0,41.84333419799805,41.37333297729492,41.72999954223633,0.0,17487300,0.1517061521148153,0.0230147565894834,WMT,Walmart,Stock
2022-07-08,39.81533432006836,41.79999923706055,0.0,42.20333480834961,41.71666717529297,41.939998626708984,0.0,14751000,0.0638488351212996,0.0040766737463469,WMT,Walmart,Stock
2022-07-11,39.831207275390625,41.81666564941406,0.0,42.11000061035156,41.540000915527344,41.67333221435547,0.0,11532900,0.0398584928220277,0.0015886994500436,WMT,Walmart,Stock
2022-07-12,39.7105598449707,41.689998626708984,0.0,42.37666702270508,41.573333740234375,41.70333480834961,0.0,13732200,-0.3033564058463833,0.0920251089680356,WMT,Walmart,Stock
2022-07-13,39.80580520629883,41.790000915527344,0.0,42.1533317565918,41.3033332824707,41.47999954223633,0.0,12689100,0.2395617727688661,0.0573898429721618,WMT,Walmart,Stock
2022-07-14,40.583702087402344,42.606666564941406,0.0,42.77333450317383,41.380001068115234,41.38666534423828,0.0,20905500,1.9353798487191312,3.745695158828088,WMT,Walmart,Stock
2022-07-15,40.98058319091797,43.02333450317383,0.0,43.42333221435547,42.68333435058594,42.93333435058594,0.0,21184200,0.9731814224356844,0.947082080973942,WMT,Walmart,Stock
2022-07-18,40.88532257080078,42.92333221435547,0.0,43.43333435058594,42.75333404541016,42.883331298828125,0.0,14243700,-0.2327236527229888,0.0541602985367303,WMT,Walmart,Stock
2022-07-19,41.13616180419922,43.186668395996094,0.0,43.31999969482422,42.866668701171875,43.130001068115234,0.0,16995300,0.6116446619318395,0.3741091924697142,WMT,Walmart,Stock
2022-07-20,41.47906875610352,43.54666519165039,0.0,43.77000045776367,43.16666793823242,43.50333404541016,0.0,18564900,0.8301348765546085,0.6891239132723351,WMT,Walmart,Stock
2022-07-21,42.08550262451172,44.18333435058594,0.0,44.186668395996094,43.5,43.560001373291016,0.0,18764700,1.4514392994118512,2.1066760398771653,WMT,Walmart,Stock
2022-07-22,41.97754669189453,44.06999969482422,0.0,44.46333312988281,43.74333190917969,44.18000030517578,0.0,13616400,-0.2568452913459575,0.0659695036865898,WMT,Walmart,Stock
2022-07-25,41.9172248840332,44.00666809082031,0.0,44.23333358764648,43.81999969482422,44.130001068115234,0.0,20535300,-0.1438035222538738,0.0206794530126203,WMT,Walmart,Stock
2022-07-26,38.72945785522461,40.65999984741211,0.0,40.89666748046875,40.02000045776367,40.37666702270508,0.0,95391600,-7.909634216501386,62.5623134388495,WMT,Walmart,Stock
2022-07-27,40.19316482543945,42.1966667175293,0.0,42.25666809082031,40.34333419799805,40.413333892822266,0.0,42159600,3.709645657947532,13.76147090752898,WMT,Walmart,Stock
2022-07-28,41.19649124145508,43.25,0.0,43.50333404541016,42.09000015258789,42.09000015258789,0.0,33262200,2.4656136736020144,6.079250787453221,WMT,Walmart,Stock
2022-07-29,41.92675018310547,44.01666641235352,0.0,44.086666107177734,42.66999816894531,42.77333450317383,0.0,30141900,1.757096372347008,3.087387661715016,WMT,Walmart,Stock
2022-08-01,42.082332611083984,44.18000030517578,0.0,44.74333190917969,43.66666793823242,43.686668395996094,0.0,24996300,0.370394725608816,0.1371922527588301,WMT,Walmart,Stock
2022-08-02,42.12678527832031,44.22666549682617,0.0,44.56999969482422,43.79999923706055,44.383331298828125,0.0,19695000,0.1055768602725354,0.0111464734250064,WMT,Walmart,Stock
2022-08-03,41.43461227416992,43.5,0.0,44.313331604003906,43.28666687011719,44.0533332824707,0.0,32003100,-1.6567191458853123,2.744718328342959,WMT,Walmart,Stock
2022-08-04,39.86930084228515,41.856666564941406,0.0,43.599998474121094,41.776668548583984,43.55666732788086,0.0,53106000,-3.850995150504701,14.83016364921072,WMT,Walmart,Stock
2022-08-05,40.18999099731445,42.19333267211914,0.0,42.27000045776367,41.706668853759766,41.836666107177734,0.0,32007000,0.8011359153112215,0.6418187548015487,WMT,Walmart,Stock
2022-08-08,40.51702499389648,42.53666687011719,0.0,42.73666763305664,42.20333480834961,42.21666717529297,0.0,18175200,0.8104271543391691,0.6567921724902834,WMT,Walmart,Stock
2022-08-09,40.917083740234375,42.956668853759766,0.0,42.9900016784668,42.4033317565918,42.630001068115234,0.0,19325100,0.9825415197234362,0.9653878379804396,WMT,Walmart,Stock
2022-08-10,41.00279998779297,43.04666519165039,0.0,43.383331298828125,42.79666519165039,43.33333206176758,0.0,25251000,0.2092685559096473,0.0437933284925092,WMT,Walmart,Stock
2022-08-11,41.398223876953125,43.27333450317383,0.186667,43.456668853759766,42.866668701171875,43.23333358764648,0.0,23854500,0.9597621630417288,0.921143409606538,WMT,Walmart,Stock
2022-08-12,42.16355895996094,44.073333740234375,0.0,44.279998779296875,43.27333450317383,43.33333206176758,0.0,26625000,1.831833784105927,3.35561501259184,WMT,Walmart,Stock
2022-08-15,42.28474044799805,44.20000076293945,0.0,44.52333450317383,43.78666687011719,43.87666702270508,0.0,26516100,0.2869958828401864,0.082366636767218,WMT,Walmart,Stock
2022-08-16,44.44362258911133,46.456668853759766,0.0,46.97666549682617,46.063331604003906,46.29999923706055,0.0,91773300,4.9795202798231415,24.79562221716994,WMT,Walmart,Stock
2022-08-17,44.49146270751953,46.50666809082031,0.0,47.573333740234375,46.133331298828125,46.189998626708984,0.0,41792100,0.107584364175231,0.0115743954149887,WMT,Walmart,Stock
2022-08-18,44.34796142578125,46.356666564941406,0.0,46.80666732788086,46.16666793823242,46.5099983215332,0.0,19197600,-0.323057939522238,0.1043664322883539,WMT,Walmart,Stock
2022-08-19,43.6942253112793,45.67333221435547,0.0,46.356666564941406,45.63666534423828,46.30666732788086,0.0,22918800,-1.4850792639206043,2.205460420126964,WMT,Walmart,Stock
2022-08-22,42.9129524230957,44.856666564941406,0.0,45.573333740234375,44.813331604003906,45.400001525878906,0.0,18667200,-1.8042247813922587,3.255227061789944,WMT,Walmart,Stock
2022-08-23,42.7311897277832,44.66666793823242,0.0,44.98666763305664,44.4033317565918,44.869998931884766,0.0,16955100,-0.4244609465276588,0.180167095127156,WMT,Walmart,Stock
2022-08-24,43.04050064086914,44.9900016784668,0.0,45.0966682434082,44.53333282470703,44.78333282470703,0.0,15766500,0.7212455592414213,0.5201951567254706,WMT,Walmart,Stock
2022-08-25,43.3275146484375,45.290000915527344,0.0,45.33000183105469,45.0099983215332,45.09333419799805,0.0,19414500,0.6646327651381175,0.44173671249514,WMT,Walmart,Stock
2022-08-26,41.965858459472656,43.866668701171875,0.0,45.61000061035156,43.836666107177734,45.369998931884766,0.0,21331800,-3.193148154376909,10.19619513580066,WMT,Walmart,Stock
2022-08-29,42.374019622802734,44.293331146240234,0.0,44.62333297729492,43.529998779296875,43.61000061035156,0.0,17381700,0.96790358039666,0.9368373409446736,WMT,Walmart,Stock
2022-08-30,42.2464714050293,44.15999984741211,0.0,44.54999923706055,43.913333892822266,44.4466667175293,0.0,14468100,-0.3014596413196714,0.0908779153445849,WMT,Walmart,Stock
2022-08-31,42.268795013427734,44.18333435058594,0.0,44.5966682434082,43.97666549682617,44.2599983215332,0.0,22460700,0.0528273999801799,0.0027907341886659,WMT,Walmart,Stock
2022-09-01,42.884254455566406,44.82666778564453,0.0,45.04666519165039,44.133331298828125,44.18000030517578,0.0,21741900,1.4455622280047846,2.089650155034157,WMT,Walmart,Stock
2022-09-02,42.41229248046875,44.33333206176758,0.0,45.223331451416016,44.14666748046875,44.95000076293945,0.0,17234400,-1.106649234227419,1.224672527616133,WMT,Walmart,Stock
2022-09-06,42.20183181762695,44.11333465576172,0.0,44.540000915527344,43.573333740234375,44.349998474121094,0.0,21899700,-0.497460911178455,0.2474673581504986,WMT,Walmart,Stock
2022-09-07,43.28605651855469,45.24666595458984,0.0,45.323333740234375,44.24666595458984,44.35333251953125,0.0,17058900,2.5366934691546112,6.434813756451657,WMT,Walmart,Stock
2022-09-08,43.50609588623047,45.47666549682617,0.0,45.62333297729492,44.959999084472656,45.133331298828125,0.0,16956000,0.5070500800194438,0.2570997836477244,WMT,Walmart,Stock
2022-09-09,43.6368293762207,45.61333465576172,0.0,45.83333206176758,45.37666702270508,45.43333435058594,0.0,16140600,0.3000440659420385,0.0900264415070303,WMT,Walmart,Stock
2022-09-12,44.02907180786133,46.02333450317383,0.0,46.08333206176758,45.65666580200195,45.69333267211914,0.0,14284500,0.8948634391255196,0.8007805746835525,WMT,Walmart,Stock
2022-09-13,43.1202278137207,45.073333740234375,0.0,45.98333358764648,44.936668395996094,45.619998931884766,0.0,17687400,-2.085792880658294,4.350531941004824,WMT,Walmart,Stock
2022-09-14,43.024559020996094,44.973331451416016,0.0,45.5099983215332,44.70000076293945,45.209999084472656,0.0,19934700,-0.2221117157997946,0.0493336142955287,WMT,Walmart,Stock
2022-09-15,42.56217575073242,44.4900016784668,0.0,45.04999923706055,44.323333740234375,45.01666641235352,0.0,20189400,-1.0805126988936091,1.1675076924703511,WMT,Walmart,Stock
2022-09-16,42.47288131713867,44.39666748046875,0.0,44.849998474121094,43.7599983215332,44.0,0.0,41874300,-0.2100180078524728,0.0441075636223213,WMT,Walmart,Stock
2022-09-19,42.8364143371582,44.776668548583984,0.0,44.91999816894531,44.15666580200195,44.27333450317383,0.0,16853100,0.8522757519829798,0.7263739574181537,WMT,Walmart,Stock
2022-09-20,42.58769226074219,44.51666641235352,0.0,44.62666702270508,44.18000030517578,44.49333190917969,0.0,13963500,-0.582324566617837,0.3391019008866517,WMT,Walmart,Stock
2022-09-21,42.97672271728515,44.92333221435547,0.0,45.81666564941406,44.87333297729492,45.14666748046875,0.0,24903600,0.909333949972234,0.8268882325721052,WMT,Walmart,Stock
2022-09-22,42.53666305541992,44.46333312988281,0.0,44.90666580200195,44.279998779296875,44.856666564941406,0.0,16744500,-1.0292272783748,1.059308790550798,WMT,Walmart,Stock
2022-09-23,41.474761962890625,43.35333251953125,0.0,44.393333435058594,42.92333221435547,44.290000915527344,0.0,27195300,-2.5281267411831636,6.391424819485403,WMT,Walmart,Stock
2022-09-26,41.87337875366211,43.77000045776367,0.0,44.04666519165039,42.75666809082031,42.91666793823242,0.0,23011200,0.95651762966039,0.9149259758511312,WMT,Walmart,Stock
2022-09-27,41.75857162475586,43.650001525878906,0.0,44.47666549682617,43.43333435058594,44.07666778564453,0.0,17171700,-0.2745534463907246,0.0753795949250245,WMT,Walmart,Stock
2022-09-28,42.4473762512207,44.369998931884766,0.0,44.54999923706055,43.2400016784668,43.8033332824707,0.0,16838400,1.6360364265128178,2.6766151888768306,WMT,Walmart,Stock
2022-09-29,42.17312240600586,44.08333206176758,0.0,44.706668853759766,43.87666702270508,44.5,0.0,15241500,-0.6481994548035439,0.4201625332076115,WMT,Walmart,Stock
2022-09-30,41.359962463378906,43.23333358764648,0.0,44.119998931884766,43.23333358764648,44.08000183105469,0.0,19602300,-1.9469785677237537,3.7907255431756393,WMT,Walmart,Stock
2022-10-03,42.26241683959961,44.176666259765625,0.0,44.26333236694336,43.336666107177734,43.413333892822266,0.0,17574900,2.1584877679506302,4.659069444392494,WMT,Walmart,Stock
2022-10-04,42.8109130859375,44.75,0.0,45.06666564941406,44.456668853759766,44.619998931884766,0.0,16134300,1.2894848408889896,1.6627711548825028,WMT,Walmart,Stock
2022-10-05,42.38678359985352,44.30666732788086,0.0,44.87333297729492,44.16999816894531,44.586666107177734,0.0,14553900,-0.9956442633229796,0.9913074990879588,WMT,Walmart,Stock
2022-10-06,41.99135971069336,43.893333435058594,0.0,44.82666778564453,43.86000061035156,44.36000061035156,0.0,14200500,-0.9372730150493764,0.8784807047397486,WMT,Walmart,Stock
2022-10-07,40.996429443359375,42.85333251953125,0.0,43.883331298828125,42.689998626708984,43.77000045776367,0.0,17080500,-2.3978899781192897,5.7498763471649275,WMT,Walmart,Stock
2022-10-10,41.23878479003906,43.106666564941406,0.0,43.310001373291016,42.7599983215332,43.176666259765625,0.0,11411700,0.5894215771022369,0.3474177955536881,WMT,Walmart,Stock
2022-10-11,42.30706405639648,44.223331451416016,0.0,44.599998474121094,43.1533317565918,43.16999816894531,0.0,21276000,2.5574879142913725,6.540744431746434,WMT,Walmart,Stock
2022-10-12,41.8287239074707,43.723331451416016,0.0,44.92333221435547,43.65666580200195,44.336666107177734,0.0,16947600,-1.137079272456559,1.2929492718503377,WMT,Walmart,Stock
2022-10-13,42.18269729614258,44.09333419799805,0.0,44.313331604003906,42.790000915527344,43.09333419799805,0.0,20545500,0.8426841928983113,0.7101166489606784,WMT,Walmart,Stock
2022-10-14,41.59275436401367,43.47666549682617,0.0,44.40666580200195,43.349998474121094,44.14666748046875,0.0,16641000,-1.4084142127862218,1.983630594778233,WMT,Walmart,Stock
2022-10-17,41.89250946044922,43.790000915527344,0.0,44.276668548583984,43.529998779296875,43.6533317565918,0.0,17812500,0.7181060964320589,0.5156763657328896,WMT,Walmart,Stock
2022-10-18,42.77582931518555,44.71333312988281,0.0,45.03333282470703,44.44333267211914,44.47666549682617,0.0,16842300,2.0866168318502796,4.353969802960898,WMT,Walmart,Stock
2022-10-19,42.65464782714844,44.586666107177734,0.0,44.90999984741211,44.323333740234375,44.776668548583984,0.0,11339400,-0.2836963420237827,0.0804836144776751,WMT,Walmart,Stock
2022-10-20,42.759883880615234,44.6966667175293,0.0,45.133331298828125,44.54999923706055,44.65999984741211,0.0,12754800,0.2464126527686925,0.0607191954445042,WMT,Walmart,Stock
2022-10-21,43.62406921386719,45.599998474121094,0.0,45.8033332824707,44.66666793823242,44.936668395996094,0.0,18134700,2.0008673677693216,4.0034702234041335,WMT,Walmart,Stock
2022-10-24,44.45637512207031,46.470001220703125,0.0,46.82666778564453,45.709999084472656,45.81666564941406,0.0,18806700,1.8899329771546696,3.5718466581367134,WMT,Walmart,Stock
2022-10-25,44.66684341430664,46.689998626708984,0.0,46.813331604003906,46.106666564941406,46.36333465576172,0.0,15051300,0.4723094316980074,0.2230761992708947,WMT,Walmart,Stock
2022-10-26,45.008052825927734,47.04666519165039,0.0,47.3466682434082,46.606666564941406,46.78666687011719,0.0,20754300,0.7609957135971072,0.5791144761131704,WMT,Walmart,Stock
2022-10-27,44.8773078918457,46.90999984741211,0.0,47.366668701171875,46.76333236694336,47.00333404541016,0.0,16602900,-0.290915061690896,0.0846315731186178,WMT,Walmart,Stock
2022-10-28,45.4449348449707,47.50333404541016,0.0,47.633331298828125,46.68000030517578,46.68333435058594,0.0,13648200,1.2569095027231365,1.5798214980357217,WMT,Walmart,Stock
2022-10-31,45.38753509521485,47.44333267211914,0.0,47.689998626708984,47.25666809082031,47.4466667175293,0.0,22572000,-0.1263859882578211,0.0159734180279061,WMT,Walmart,Stock
2022-11-01,45.18344497680664,47.22999954223633,0.0,47.849998474121094,47.16666793823242,47.65666580200195,0.0,14814300,-0.4506751802445468,0.2031081180884547,WMT,Walmart,Stock
2022-11-02,44.88369369506836,46.91666793823242,0.0,47.856666564941406,46.900001525878906,47.0533332824707,0.0,15522000,-0.6656198761587336,0.4430498195375679,WMT,Walmart,Stock
2022-11-03,44.87411117553711,46.90666580200195,0.0,47.23666763305664,46.36000061035156,46.50333404541016,0.0,10976400,-0.0213519472350516,0.0004559056507284,WMT,Walmart,Stock
2022-11-04,44.95384216308594,46.9900016784668,0.0,47.4033317565918,46.26333236694336,47.34333419799805,0.0,14669400,0.1775193701372143,0.0315131267739133,WMT,Walmart,Stock
2022-11-07,45.42580032348633,47.48333358764648,0.0,47.65666580200195,47.086666107177734,47.086666107177734,0.0,11364000,1.0443999055406172,1.09077116269325,WMT,Walmart,Stock
2022-11-08,45.53422927856445,47.5966682434082,0.0,48.02333450317383,47.16999816894531,47.526668548583984,0.0,15068400,0.2384102268021833,0.0568394362438685,WMT,Walmart,Stock
2022-11-09,44.47551345825195,46.4900016784668,0.0,47.720001220703125,46.4033317565918,47.586666107177734,0.0,15932100,-2.3525556604994837,5.534518135748162,WMT,Walmart,Stock
2022-11-10,45.39710998535156,47.45333480834961,0.0,47.563331604003906,46.83333206176758,47.50333404541016,0.0,20310600,2.0509667951984154,4.206464795006458,WMT,Walmart,Stock
2022-11-11,45.467262268066406,47.526668548583984,0.0,47.706668853759766,46.663333892822266,47.55666732788086,0.0,19270800,0.1544110082172285,0.023842759458661,WMT,Walmart,Stock
2022-11-14,44.13111877441406,46.130001068115234,0.0,47.77333450317383,46.09000015258789,47.21333312988281,0.0,37525800,-2.9827381644659376,8.896726957761631,WMT,Walmart,Stock
2022-11-15,47.01706314086914,49.14666748046875,0.0,50.09000015258789,48.18333435058594,48.53666687011719,0.0,76548600,6.334540662705293,40.12640540746681,WMT,Walmart,Stock
2022-11-16,47.35508346557617,49.5,0.0,50.06666564941406,49.040000915527344,49.293331146240234,0.0,32593200,0.7163591851577447,0.5131704821598679,WMT,Walmart,Stock
2022-11-17,47.19563293457031,49.33333206176758,0.0,49.57666778564453,48.9033317565918,49.00333404541016,0.0,24791400,-0.3372807488583654,0.1137583035504597,WMT,Walmart,Stock
2022-11-18,47.90675735473633,50.07666778564453,0.0,50.08000183105469,49.59000015258789,49.88999938964844,0.0,18987000,1.4955200852695287,2.2365803254445784,WMT,Walmart,Stock
2022-11-21,48.20013427734375,50.383331298828125,0.0,50.71333312988281,50.063331604003906,50.20333480834961,0.0,21157200,0.6105240298616625,0.3727395910385242,WMT,Walmart,Stock
2022-11-22,48.372344970703125,50.563331604003906,0.0,50.81666564941406,50.37333297729492,50.66666793823242,0.0,16898400,0.3566458627514389,0.1271962714177182,WMT,Walmart,Stock
2022-11-23,48.605133056640625,50.80666732788086,0.0,51.12333297729492,50.62666702270508,50.69333267211914,0.0,16920600,0.4800878261412221,0.2304843208090043,WMT,Walmart,Stock
2022-11-25,48.812400817871094,51.02333450317383,0.0,51.029998779296875,50.619998931884766,50.706668853759766,0.0,8777400,0.4255251919024372,0.181071688943606,WMT,Walmart,Stock
2022-11-28,48.95272445678711,51.16999816894531,0.0,51.54666519165039,50.90666580200195,50.90666580200195,0.0,17674800,0.2870629682790487,0.0824051477571781,WMT,Walmart,Stock
2022-11-29,48.780517578125,50.9900016784668,0.0,51.23666763305664,50.849998474121094,51.0099983215332,0.0,13841700,-0.352402219127217,0.124187324045787,WMT,Walmart,Stock
2022-11-30,48.605133056640625,50.80666732788086,0.0,50.92333221435547,50.400001525878906,50.869998931884766,0.0,31338000,-0.3601859410542899,0.1297339121331644,WMT,Walmart,Stock
2022-12-01,48.9080810546875,51.12333297729492,0.0,51.20333480834961,50.24333190917969,50.68333435058594,0.0,22732200,0.6213495790902775,0.3860752994356651,WMT,Walmart,Stock
2022-12-02,48.8602409362793,51.073333740234375,0.0,51.08000183105469,50.49333190917969,50.49333190917969,0.0,20733000,-0.097864259613313,0.0095774133096619,WMT,Walmart,Stock
2022-12-05,48.35957717895508,50.54999923706055,0.0,51.0,50.16999816894531,50.91666793823242,0.0,23608200,-1.0299714462793603,1.060841180150797,WMT,Walmart,Stock
2022-12-06,47.798336029052734,49.96333312988281,0.0,50.63666534423828,49.73666763305664,50.400001525878906,0.0,20625600,-1.1673454726777903,1.3626954525813335,WMT,Walmart,Stock
2022-12-07,47.54960250854492,49.70333480834961,0.0,50.4033317565918,49.606666564941406,50.16666793823242,0.0,17550300,-0.5217398269094424,0.2722124469834949,WMT,Walmart,Stock
2022-12-08,47.62322235107422,49.59333419799805,0.186667,49.7599983215332,49.380001068115234,49.720001220703125,0.0,13512600,0.1547077273826092,0.0239344809118917,WMT,Walmart,Stock
2022-12-09,46.512508392333984,48.436668395996094,0.0,49.2400016784668,48.40666580200195,49.15666580200195,0.0,27929400,-2.359923268401562,5.569237832743111,WMT,Walmart,Stock
2022-12-12,47.37995910644531,49.34000015258789,0.0,49.366668701171875,48.52000045776367,48.633331298828125,0.0,19432200,1.847806152834732,3.4143875784538924,WMT,Walmart,Stock
2022-12-13,47.21031188964844,49.163333892822266,0.0,50.06666564941406,48.913333892822266,50.0,0.0,23408100,-0.3586994664629586,0.1286653072408111,WMT,Walmart,Stock
2022-12-14,46.94783401489258,48.88999938964844,0.0,49.5099983215332,48.6533317565918,49.029998779296875,0.0,20334600,-0.5575270246270327,0.310836383189472,WMT,Walmart,Stock
2022-12-15,46.52851867675781,48.45333480834961,0.0,48.80666732788086,47.87666702270508,48.526668548583984,0.0,17514000,-0.8971641246721271,0.804903466598704,WMT,Walmart,Stock
2022-12-16,45.69307327270508,47.58333206176758,0.0,48.2400016784668,47.52333450317383,48.15999984741211,0.0,40343100,-1.8118712587963592,3.2828774584523033,WMT,Walmart,Stock
2022-12-19,45.709075927734375,47.599998474121094,0.0,47.85333251953125,47.24333190917969,47.66999816894531,0.0,15067500,0.0350159275964409,0.0012261151854391,WMT,Walmart,Stock
2022-12-20,46.10920333862305,48.01666641235352,0.0,48.21333312988281,47.41666793823242,47.63999938964844,0.0,17009400,0.8715692496068788,0.7596329568602977,WMT,Walmart,Stock
2022-12-21,46.47089385986328,48.393333435058594,0.0,48.64666748046875,48.086666107177734,48.106666564941406,0.0,13726500,0.7813609455141781,0.6105249271748104,WMT,Walmart,Stock
2022-12-22,45.92674255371094,47.82666778564453,0.0,48.32666778564453,47.310001373291016,48.25666809082031,0.0,13082400,-1.1778604266345762,1.387355184631786,WMT,Walmart,Stock
2022-12-23,46.019569396972656,47.92333221435547,0.0,47.93333435058594,47.426666259765625,47.68333435058594,0.0,9547500,0.2019153848156201,0.0407698226252399,WMT,Walmart,Stock
2022-12-27,46.03236770629883,47.936668395996094,0.0,48.150001525878906,47.72999954223633,48.01333236694336,0.0,10044600,0.0278067139299495,0.000773213339582,WMT,Walmart,Stock
2022-12-28,45.22574615478515,47.0966682434082,0.0,47.88999938964844,46.970001220703125,47.823333740234375,0.0,15246300,-1.7678264966484412,3.125210522252301,WMT,Walmart,Stock
2022-12-29,45.501014709472656,47.383331298828125,0.0,47.67333221435547,47.25,47.380001068115234,0.0,9171900,0.6068097146240556,0.3682180297621278,WMT,Walmart,Stock
2022-12-30,45.385780334472656,47.26333236694336,0.0,47.33000183105469,46.936668395996094,47.186668395996094,0.0,11505900,-0.2535779519838959,0.064301777732347,WMT,Walmart,Stock
2023-01-03,45.96515655517578,47.866668701171875,0.0,47.9033317565918,47.36333465576172,47.51666641235352,0.0,17249700,1.2684795779312663,1.6090404396286837,WMT,Walmart,Stock
2023-01-04,46.0163688659668,47.91999816894531,0.0,48.01666641235352,47.356666564941406,47.80666732788086,0.0,13338300,0.1113534828832206,0.0123995981502237,WMT,Walmart,Stock
2023-01-05,45.859527587890625,47.75666809082031,0.0,48.043331146240234,47.54999923706055,47.81999969482422,0.0,13274400,-0.3414201906812367,0.116567746604812,WMT,Walmart,Stock
2023-01-06,46.9830436706543,48.926666259765625,0.0,49.18333435058594,48.08000183105469,48.20000076293945,0.0,21231900,2.4203787454214485,5.858233271287905,WMT,Walmart,Stock
2023-01-09,46.397274017333984,48.31666564941406,0.0,49.28666687011719,48.26666641235352,48.77333450317383,0.0,17756700,-1.2546055771073747,1.5740351541089288,WMT,Walmart,Stock
2023-01-10,46.36846923828125,48.28666687011719,0.0,48.48333358764648,47.90999984741211,48.313331604003906,0.0,11970600,-0.0621021919678271,0.0038566822472088,WMT,Walmart,Stock
2023-01-11,46.77498245239258,48.709999084472656,0.0,48.72666549682617,48.24333190917969,48.58000183105469,0.0,14834700,0.8728811050524459,0.7619214235575791,WMT,Walmart,Stock
2023-01-12,46.35246276855469,48.27000045776367,0.0,48.80666732788086,48.130001068115234,48.8033332824707,0.0,12472800,-0.9074072245362078,0.8233878711405038,WMT,Walmart,Stock
2023-01-13,46.506107330322266,48.43000030517578,0.0,48.606666564941406,47.95333480834961,48.5099983215332,0.0,13699800,0.330921964050444,0.1095093462910033,WMT,Walmart,Stock
2023-01-17,46.22442626953125,48.13666534423828,0.0,48.56999969482422,48.06666564941406,48.43000030517578,0.0,15122400,-0.6075278901916593,0.3690901373607289,WMT,Walmart,Stock
2023-01-18,45.08169937133789,46.9466667175293,0.0,48.08333206176758,46.82666778564453,48.06666564941406,0.0,22674300,-2.5031980251971255,6.2660003533507895,WMT,Walmart,Stock
2023-01-19,44.43831634521485,46.276668548583984,0.0,47.176666259765625,46.26333236694336,47.130001068115234,0.0,17342100,-1.437430721959302,2.0662070804324397,WMT,Walmart,Stock
2023-01-20,44.98567199707031,46.8466682434082,0.0,46.926666259765625,46.05666732788086,46.46666717529297,0.0,29543100,1.2241960972684929,1.4986560845674093,WMT,Walmart,Stock
2023-01-23,45.657867431640625,47.54666519165039,0.0,47.66999816894531,46.73333358764648,46.81999969482422,0.0,13149900,1.4831895610247394,2.1998512739327594,WMT,Walmart,Stock
2023-01-24,45.77949523925781,47.67333221435547,0.0,48.849998474121094,47.0,48.849998474121094,0.0,13669200,0.2660354056576341,0.0707748370634219,WMT,Walmart,Stock
2023-01-25,45.56183624267578,47.4466667175293,0.0,47.61333465576172,46.79666519165039,47.413333892822266,0.0,12491700,-0.4765847071200262,0.2271329830606811,WMT,Walmart,Stock
2023-01-26,45.52023696899414,47.4033317565918,0.0,47.91666793823242,47.25333404541016,47.676666259765625,0.0,15819000,-0.0913445974762705,0.0083438354881018,WMT,Walmart,Stock
2023-01-27,45.86912155151367,47.76666641235352,0.0,48.15666580200195,47.25,47.53333282470703,0.0,18412800,0.7635161971557576,0.5829569833191897,WMT,Walmart,Stock
2023-01-30,45.501014709472656,47.383331298828125,0.0,47.48333358764648,47.09000015258789,47.37333297729492,0.0,15897600,-0.8057530582245422,0.6492379908382025,WMT,Walmart,Stock
2023-01-31,46.05158233642578,47.956668853759766,0.0,47.959999084472656,47.220001220703125,47.439998626708984,0.0,14103600,1.2027496364402066,1.4466066879570492,WMT,Walmart,Stock
2023-02-01,46.307647705078125,48.223331451416016,0.0,48.53666687011719,47.56666564941406,47.88666534423828,0.0,12849300,0.5545001287716841,0.3074703928078142,WMT,Walmart,Stock
2023-02-02,45.971553802490234,47.87333297729492,0.0,48.28666687011719,47.64666748046875,48.13666534423828,0.0,17806800,-0.7284315061809787,0.5306124591970892,WMT,Walmart,Stock
2023-02-03,45.36018753051758,47.23666763305664,0.0,47.98666763305664,46.95333480834961,47.78666687011719,0.0,17155500,-1.3388015924014458,1.792389703816647,WMT,Walmart,Stock
2023-02-06,45.030487060546875,46.893333435058594,0.0,47.366668701171875,46.676666259765625,47.27333450317383,0.0,17454000,-0.7295043069832516,0.5321765339071143,WMT,Walmart,Stock
2023-02-07,45.12651062011719,46.99333190917969,0.0,47.099998474121094,46.22999954223633,46.59000015258789,0.0,16341300,0.2130141827024102,0.0453750420323758,WMT,Walmart,Stock
2023-02-08,44.88325119018555,46.7400016784668,0.0,47.03333282470703,46.663333892822266,46.776668548583984,0.0,11691300,-0.540519199910094,0.2921610054714482,WMT,Walmart,Stock
2023-02-09,45.29936218261719,47.17333221435547,0.0,47.313331604003906,46.856666564941406,46.956668853759766,0.0,13064400,0.9228252096230026,0.8516063675157387,WMT,Walmart,Stock
2023-02-10,46.00355529785156,47.90666580200195,0.0,47.97999954223633,47.38999938964844,47.6966667175293,0.0,15002700,1.5425730050236226,2.37953147582761,WMT,Walmart,Stock
2023-02-13,46.70455551147461,48.63666534423828,0.0,48.706668853759766,48.16999816894531,48.23666763305664,0.0,16015800,1.5123025756716677,2.2870590803831594,WMT,Walmart,Stock
2023-02-14,46.57012176513672,48.49666595458984,0.0,49.043331146240234,48.186668395996094,48.57666778564453,0.0,13831200,-0.2882536682996443,0.0830901772882013,WMT,Walmart,Stock
2023-02-15,46.91582489013672,48.856666564941406,0.0,48.866668701171875,48.186668395996094,48.31999969482422,0.0,14674200,0.7395864579929092,0.5469881288464973,WMT,Walmart,Stock
2023-02-16,46.17961502075195,48.09000015258789,0.0,48.663333892822266,48.060001373291016,48.49333190917969,0.0,16312200,-1.581656884125432,2.50163849910137,WMT,Walmart,Stock
2023-02-17,46.87420654296875,48.813331604003906,0.0,48.89666748046875,48.189998626708984,48.369998931884766,0.0,24770700,1.4929089665404676,2.228777182376927,WMT,Walmart,Stock
2023-02-21,47.15909576416016,49.11000061035156,0.0,49.4466667175293,47.383331298828125,47.62666702270508,0.0,54393900,0.6059344633421414,0.3671565738657289,WMT,Walmart,Stock
2023-02-22,46.17001724243164,48.08000183105469,0.0,49.189998626708984,47.586666107177734,48.92333221435547,0.0,29844000,-2.119629172326082,4.492827828175752,WMT,Walmart,Stock
2023-02-23,45.481815338134766,47.36333465576172,0.0,48.12333297729492,46.9033317565918,48.12333297729492,0.0,22021200,-1.5018026801871496,2.255411290217306,WMT,Walmart,Stock
2023-02-24,45.60344696044922,47.4900016784668,0.0,47.58000183105469,46.5099983215332,46.9466667175293,0.0,20623500,0.2670721729122371,0.0713275455440638,WMT,Walmart,Stock
2023-02-27,45.27375793457031,47.14666748046875,0.0,47.6966667175293,46.88666534423828,47.56999969482422,0.0,16647300,-0.7255735311199685,0.5264569490618999,WMT,Walmart,Stock
2023-02-28,45.49461364746094,47.37666702270508,0.0,47.54999923706055,46.98333358764648,47.0,0.0,18054000,0.4866367984603235,0.2368153736157135,WMT,Walmart,Stock
2023-03-01,44.86083984375,46.71666717529297,0.0,47.09333419799805,46.456668853759766,47.02000045776367,0.0,14180100,-1.4028687219052525,1.9680406509000763,WMT,Walmart,Stock
2023-03-02,44.972869873046875,46.83333206176758,0.0,46.913333892822266,46.5,46.61333465576172,0.0,14785500,0.2494165892224873,0.0622086349793789,WMT,Walmart,Stock
2023-03-03,45.02728271484375,46.88999938964844,0.0,47.063331604003906,46.59000015258789,47.01333236694336,0.0,16888800,0.1209172359424086,0.0146209779479521,WMT,Walmart,Stock
2023-03-06,45.02088165283203,46.883331298828125,0.0,46.99333190917969,46.67333221435547,46.83333206176758,0.0,16720800,-0.0142169739215684,0.0002021223474865,WMT,Walmart,Stock
2023-03-07,44.57276153564453,46.41666793823242,0.0,47.22666549682617,46.26333236694336,47.060001373291016,0.0,17387400,-1.0003474312751532,1.0006949832587977,WMT,Walmart,Stock
2023-03-08,44.20465469360352,46.03333282470703,0.0,46.30666732788086,45.7599983215332,46.186668395996094,0.0,19090800,-0.8292851206423205,0.6877138113187481,WMT,Walmart,Stock
2023-03-09,43.906959533691406,45.723331451416016,0.0,46.32666778564453,45.63999938964844,46.276668548583984,0.0,15415800,-0.6757254313499275,0.4566048585730455,WMT,Walmart,Stock
2023-03-10,43.84294128417969,45.65666580200195,0.0,46.09333419799805,45.36333465576172,45.67333221435547,0.0,20065200,-0.1459107310046227,0.0212899414223033,WMT,Walmart,Stock
2023-03-13,43.97098159790039,45.790000915527344,0.0,46.16666793823242,45.526668548583984,45.560001373291016,0.0,28142100,0.2916175482363416,0.085040794439375,WMT,Walmart,Stock
2023-03-14,44.20465469360352,46.03333282470703,0.0,46.09000015258789,45.66666793823242,45.89666748046875,0.0,25542600,0.5300186141181888,0.2809197313117655,WMT,Walmart,Stock
2023-03-15,44.69758605957031,46.54666519165039,0.0,46.60333251953125,45.56999969482422,45.630001068115234,0.0,33133500,1.1089403670699196,1.229748737717168,WMT,Walmart,Stock
2023-03-16,44.44367980957031,46.09333419799805,0.19,46.54999923706055,45.959999084472656,46.47666549682617,0.0,28905600,-0.5696731680598044,0.3245275184072941,WMT,Walmart,Stock
2023-03-17,44.80365753173828,46.46666717529297,0.0,46.49666595458984,45.86333465576172,46.063331604003906,0.0,43081200,0.8067012082811794,0.6507668394423148,WMT,Walmart,Stock
2023-03-20,45.28575897216797,46.96666717529297,0.0,47.30666732788086,46.60333251953125,46.70000076293945,0.0,33928500,1.0702834166685582,1.1455065919957226,WMT,Walmart,Stock
2023-03-21,45.131492614746094,46.80666732788086,0.0,47.130001068115234,46.5099983215332,47.130001068115234,0.0,19013400,-0.3412324626187525,0.1164395935448583,WMT,Walmart,Stock
2023-03-22,44.84222412109375,46.50666809082031,0.0,47.073333740234375,46.48666763305664,46.880001068115234,0.0,18548400,-0.6430088715274981,0.4134604088630665,WMT,Walmart,Stock
2023-03-23,45.20540618896485,46.883331298828125,0.0,47.20333480834961,46.49666595458984,46.73333358764648,0.0,22044300,0.8066487389379746,0.6506821880302247,WMT,Walmart,Stock
2023-03-24,45.57502365112305,47.26666641235352,0.0,47.4900016784668,46.866668701171875,47.00333404541016,0.0,22752300,0.8143153877569214,0.6631095507377052,WMT,Walmart,Stock
2023-03-27,46.33675003051758,48.05666732788086,0.0,48.32666778564453,47.59333419799805,47.5966682434082,0.0,26775600,1.6575543895563225,2.747486554337433,WMT,Walmart,Stock
2023-03-28,46.15676498413086,47.869998931884766,0.0,48.13666534423828,47.68333435058594,47.883331298828125,0.0,21282900,-0.3891846331849376,0.1514646787072944,WMT,Walmart,Stock
2023-03-29,46.35603713989258,48.07666778564453,0.0,48.31999969482422,47.81666564941406,48.12333297729492,0.0,24216900,0.430799758249382,0.1855884317077259,WMT,Walmart,Stock
2023-03-30,46.8188591003418,48.55666732788086,0.0,48.866668701171875,48.34000015258789,48.5,0.0,21879000,0.9934559321332984,0.986954689090841,WMT,Walmart,Stock
2023-03-31,47.39094924926758,49.150001525878906,0.0,49.47999954223633,48.823333740234375,48.86000061035156,0.0,20868000,1.214517237898117,1.4750521211516714,WMT,Walmart,Stock
2023-04-03,47.789493560791016,49.563331604003906,0.0,49.650001525878906,49.16666793823242,49.24333190917969,0.0,19766700,0.8374548993797415,0.7013307084951329,WMT,Walmart,Stock
2023-04-04,47.32024765014648,49.07666778564453,0.0,49.5966682434082,49.00666809082031,49.5099983215332,0.0,18113700,-0.986754273833177,0.9736839969280404,WMT,Walmart,Stock
2023-04-05,48.104461669921875,49.88999938964844,0.0,49.959999084472656,49.04666519165039,49.05666732788086,0.0,26540700,1.6436658404302342,2.701637394997228,WMT,Walmart,Stock
2023-04-06,48.467655181884766,50.26666641235352,0.0,50.3466682434082,49.50666809082031,49.599998474121094,0.0,17891700,0.7521740977734467,0.5657658733612986,WMT,Walmart,Stock
2023-04-10,48.37443923950195,50.16999816894531,0.0,50.37333297729492,49.92333221435547,50.119998931884766,0.0,14519100,-0.192511266362851,0.0370605876766285,WMT,Walmart,Stock
2023-04-11,48.233028411865234,50.02333450317383,0.0,50.33333206176758,49.87333297729492,50.33333206176758,0.0,18370500,-0.2927536184747868,0.085704681130081,WMT,Walmart,Stock
2023-04-12,47.998409271240234,49.779998779296875,0.0,50.323333740234375,49.723331451416016,49.93000030517578,0.0,11209800,-0.4876152973482949,0.237768678208066,WMT,Walmart,Stock
2023-04-13,48.04661560058594,49.83000183105469,0.0,50.0,49.400001525878906,49.883331298828125,0.0,13272600,0.1003827808010659,0.0100767026813548,WMT,Walmart,Stock
2023-04-14,47.72199630737305,49.49333190917969,0.0,49.96333312988281,49.383331298828125,49.676666259765625,0.0,10464900,-0.6779267862303455,0.4595847274886045,WMT,Walmart,Stock
2023-04-17,48.05625915527344,49.84000015258789,0.0,49.88999938964844,49.5,49.54666519165039,0.0,16166700,0.6979960187988132,0.4871984422589932,WMT,Walmart,Stock
2023-04-18,48.16231918334961,49.95000076293945,0.0,50.11333465576172,49.813331604003906,49.926666259765625,0.0,13482300,0.2204565331617707,0.0486010830137069,WMT,Walmart,Stock
2023-04-19,48.2137451171875,50.00333404541016,0.0,50.470001220703125,49.92333221435547,50.279998779296875,0.0,12433500,0.1067193168591632,0.0113890125908864,WMT,Walmart,Stock
2023-04-20,48.52229309082031,50.323333740234375,0.0,50.46333312988281,49.866668701171875,50.06999969482422,0.0,13641600,0.637919488308011,0.4069412735631546,WMT,Walmart,Stock
2023-04-21,48.76655578613281,50.57666778564453,0.0,50.76666641235352,50.393333435058594,50.6533317565918,0.0,25335000,0.5021401966993785,0.2521447771412905,WMT,Walmart,Stock
2023-04-24,49.09759521484375,50.91999816894531,0.0,50.98333358764648,50.56999969482422,50.56999969482422,0.0,13579500,0.6765310646396847,0.4576942814225052,WMT,Walmart,Stock
2023-04-25,48.71513748168945,50.52333450317383,0.0,51.25,50.44333267211914,51.0966682434082,0.0,17246700,-0.7820243269912995,0.611562048006195,WMT,Walmart,Stock
2023-04-26,48.50300598144531,50.3033332824707,0.0,50.470001220703125,50.073333740234375,50.32666778564453,0.0,12910200,-0.4364038015019299,0.1904482779653358,WMT,Walmart,Stock
2023-04-27,48.65406799316406,50.459999084472656,0.0,50.64666748046875,50.2599983215332,50.2599983215332,0.0,12861000,0.3109647651345804,0.0966990851552047,WMT,Walmart,Stock
2023-04-28,48.52229309082031,50.323333740234375,0.0,50.723331451416016,50.060001373291016,50.43000030517578,0.0,14088600,-0.2712078979804119,0.0735537239269535,WMT,Walmart,Stock
2023-05-01,48.72156524658203,50.529998779296875,0.0,50.8466682434082,50.310001373291016,50.3466682434082,0.0,11409600,0.4098406585233956,0.1679693653788906,WMT,Walmart,Stock
2023-05-02,48.58978271484375,50.393333435058594,0.0,50.49666595458984,49.81999969482422,50.4900016784668,0.0,11329500,-0.2708473678767575,0.0733582966857676,WMT,Walmart,Stock
2023-05-03,48.4098014831543,50.206668853759766,0.0,50.70000076293945,50.09000015258789,50.52000045776367,0.0,12334500,-0.3710973396965081,0.1377132355298255,WMT,Walmart,Stock
2023-05-04,48.54530715942383,50.15666580200195,0.19,50.33000183105469,49.83000183105469,50.18333435058594,0.0,14011200,0.2795226912650099,0.078132934932034,WMT,Walmart,Stock
2023-05-05,48.9647102355957,50.59000015258789,0.0,50.66999816894531,49.94333267211914,50.099998474121094,0.0,14556000,0.8602309253601735,0.7399972449460205,WMT,Walmart,Stock
2023-05-08,49.27120590209961,50.90666580200195,0.0,50.98333358764648,50.35333251953125,50.42333221435547,0.0,14926200,0.6240012269946151,0.3893775312907852,WMT,Walmart,Stock
2023-05-09,49.3550910949707,50.99333190917969,0.0,51.060001373291016,50.779998779296875,50.90666580200195,0.0,15209700,0.1701071938276644,0.0289364573919226,WMT,Walmart,Stock
2023-05-10,49.21636199951172,50.849998474121094,0.0,51.45000076293945,50.40999984741211,51.22999954223633,0.0,15827700,-0.2814794399402072,0.0792306751090527,WMT,Walmart,Stock
2023-05-11,49.40024948120117,51.040000915527344,0.0,51.09000015258789,50.66666793823242,50.849998474121094,0.0,11926800,0.372934523006194,0.1390801584498574,WMT,Walmart,Stock
2023-05-12,49.38412094116211,51.02333450317383,0.0,51.356666564941406,50.9033317565918,51.20000076293945,0.0,16119300,-0.0326540324413978,0.0010662858346838,WMT,Walmart,Stock
2023-05-15,49.000205993652344,50.62666702270508,0.0,51.28333282470703,50.459999084472656,51.16666793823242,0.0,16113900,-0.7804432029576197,0.6090915930427484,WMT,Walmart,Stock
2023-05-16,48.32268905639648,49.926666259765625,0.0,50.5099983215332,49.856666564941406,50.28333282470703,0.0,15512100,-1.3923298974195817,1.938582543248423,WMT,Walmart,Stock
2023-05-17,48.242034912109375,49.84333419799805,0.0,50.383331298828125,49.56999969482422,50.380001068115234,0.0,26985900,-0.1670468463589758,0.0279046488784792,WMT,Walmart,Stock
2023-05-18,48.867923736572266,50.4900016784668,0.0,51.43000030517578,49.98333358764648,50.599998474121094,0.0,46768500,1.289049032395143,1.661647407918854,WMT,Walmart,Stock
2023-05-19,48.36463165283203,49.970001220703125,0.0,50.48666763305664,49.70333480834961,50.46666717529297,0.0,27594000,-1.0352429320640912,1.0717279283886567,WMT,Walmart,Stock
2023-05-22,47.93876647949219,49.529998779296875,0.0,50.026668548583984,49.43000030517578,49.900001525878906,0.0,16117800,-0.8844297451247035,0.782215974061348,WMT,Walmart,Stock
2023-05-23,47.84843063354492,49.436668395996094,0.0,49.619998931884766,49.026668548583984,49.336666107177734,0.0,16302300,-0.1886178434112606,0.0355766908531148,WMT,Walmart,Stock
2023-05-24,47.62904357910156,49.209999084472656,0.0,49.51333236694336,48.76666641235352,49.50333404541016,0.0,20515200,-0.4595585343301761,0.2111940464756996,WMT,Walmart,Stock
2023-05-25,47.1547966003418,48.720001220703125,0.0,49.14666748046875,48.36333465576172,48.959999084472656,0.0,21299100,-1.0006999831366978,1.0014004562497874,WMT,Walmart,Stock
2023-05-26,47.238670349121094,48.80666732788086,0.0,48.939998626708984,48.4900016784668,48.56666564941406,0.0,15720900,0.1777109657341112,0.0315811873421504,WMT,Walmart,Stock
2023-05-30,47.122528076171875,48.686668395996094,0.0,49.0966682434082,48.53333282470703,48.76666641235352,0.0,15742500,-0.2461654441375484,0.0605974258874364,WMT,Walmart,Stock
2023-05-31,47.38385772705078,48.956668853759766,0.0,49.10333251953125,48.336666107177734,48.473331451416016,0.0,30130800,0.5530426642282714,0.3058561884567045,WMT,Walmart,Stock
2023-06-01,47.558074951171875,49.13666534423828,0.0,49.29999923706055,48.64666748046875,48.73666763305664,0.0,20239200,0.366997836987503,0.1346874123535058,WMT,Walmart,Stock
2023-06-02,48.01297378540039,49.606666564941406,0.0,49.66999816894531,49.03333282470703,49.073333740234375,0.0,19178100,0.951966679523026,0.9062405589220957,WMT,Walmart,Stock
2023-06-05,48.32914733886719,49.93333435058594,0.0,50.41666793823242,49.790000915527344,49.790000915527344,0.0,15553200,0.656358163709368,0.4308060390679334,WMT,Walmart,Stock
2023-06-06,48.32268905639648,49.926666259765625,0.0,50.063331604003906,49.50333404541016,49.900001525878906,0.0,15015600,-0.0133640140139731,0.0001785968705656,WMT,Walmart,Stock
2023-06-07,48.39366912841797,50.0,0.0,50.119998931884766,49.68000030517578,49.75,0.0,24256500,0.1467798955567376,0.0215443377396468,WMT,Walmart,Stock
2023-06-08,49.09375762939453,50.723331451416016,0.0,50.810001373291016,49.93000030517578,50.130001068115234,0.0,18873000,1.436288882523146,2.062925754059588,WMT,Walmart,Stock
2023-06-09,49.39057540893555,51.029998779296875,0.0,51.2400016784668,50.53333282470703,50.720001220703125,0.0,15603900,0.6027733936711362,0.3633357641178186,WMT,Walmart,Stock
2023-06-12,49.716434478759766,51.366668701171875,0.0,51.43333435058594,51.05666732788086,51.143333435058594,0.0,14713500,0.6575927261815903,0.4324281935269359,WMT,Walmart,Stock
2023-06-13,50.10358047485352,51.76666641235352,0.0,51.836666107177734,51.356666564941406,51.50666809082031,0.0,15738900,0.7756920042139591,0.6016980854014687,WMT,Walmart,Stock
2023-06-14,50.6100959777832,52.290000915527344,0.0,52.44333267211914,51.869998931884766,51.970001220703125,0.0,21103200,1.0058609542388215,1.0117562592622324,WMT,Walmart,Stock
2023-06-15,50.88755416870117,52.57666778564453,0.0,52.74333190917969,52.32666778564453,52.33333206176758,0.0,18160500,0.5467296664506216,0.2989133281772079,WMT,Walmart,Stock
2023-06-16,50.17778778076172,51.84333419799805,0.0,52.71666717529297,51.7599983215332,52.69333267211914,0.0,34675800,-1.4045924017899378,1.972879815166026,WMT,Walmart,Stock
2023-06-20,49.73578643798828,51.38666534423828,0.0,51.81666564941406,51.293331146240234,51.56666564941406,0.0,19994400,-0.8847731244416082,0.7828234817341655,WMT,Walmart,Stock
2023-06-21,49.83258056640625,51.48666763305664,0.0,51.779998779296875,51.119998931884766,51.4033317565918,0.0,19251000,0.1944275311967486,0.0378020648872626,WMT,Walmart,Stock
2023-06-22,50.248756408691406,51.91666793823242,0.0,52.026668548583984,51.49333190917969,51.65999984741211,0.0,13307400,0.8316800189508249,0.6916916539220445,WMT,Walmart,Stock
2023-06-23,50.15519714355469,51.81999969482422,0.0,52.0966682434082,51.67333221435547,51.959999084472656,0.0,18975000,-0.1863657533512401,0.0347321940221752,WMT,Walmart,Stock
2023-06-26,50.02292251586914,51.68333435058594,0.0,51.926666259765625,51.439998626708984,51.883331298828125,0.0,14106300,-0.2640790324401053,0.0697377353745021,WMT,Walmart,Stock
2023-06-27,49.84225082397461,51.49666595458984,0.0,51.95000076293945,51.35333251953125,51.383331298828125,0.0,12093600,-0.3618316235143726,0.1309221237750467,WMT,Walmart,Stock
2023-06-28,50.11326217651367,51.776668548583984,0.0,51.893333435058594,51.54666519165039,51.57666778564453,0.0,18889800,0.5422652708146534,0.2940516239316894,WMT,Walmart,Stock
2023-06-29,49.77449798583984,51.426666259765625,0.0,51.58333206176758,51.04666519165039,51.50333404541016,0.0,21530400,-0.6782922931605443,0.4600804349609897,WMT,Walmart,Stock
2023-06-30,50.710113525390625,52.393333435058594,0.0,52.5099983215332,51.59333419799805,51.65666580200195,0.0,19073100,1.8622604291751377,3.468013906071567,WMT,Walmart,Stock
2023-07-03,51.039180755615234,52.73333358764648,0.0,52.813331604003906,52.11000061035156,52.27000045776367,0.0,8647500,0.6468219358929688,0.4183786167523278,WMT,Walmart,Stock
2023-07-05,51.01015853881836,52.70333480834961,0.0,53.040000915527344,52.4466667175293,52.720001220703125,0.0,17585400,-0.056878795649188,0.003235197394502,WMT,Walmart,Stock
2023-07-06,50.687530517578125,52.369998931884766,0.0,52.72666549682617,52.290000915527344,52.643333435058594,0.0,14427000,-0.6344865976367823,0.4025732425807,WMT,Walmart,Stock
2023-07-07,49.519630432128906,51.163333892822266,0.0,52.0966682434082,51.150001525878906,51.936668395996094,0.0,19774800,-2.3310768602259437,5.433919328280844,WMT,Walmart,Stock
2023-07-10,49.968074798583984,51.62666702270508,0.0,51.83333206176758,51.439998626708984,51.52000045776367,0.0,12967800,0.9015132123068126,0.8127260719637481,WMT,Walmart,Stock
2023-07-11,49.89387512207031,51.54999923706055,0.0,51.836666107177734,51.28666687011719,51.59000015258789,0.0,11460900,-0.1486045290071133,0.0220833060414259,WMT,Walmart,Stock
2023-07-12,50.01969528198242,51.68000030517578,0.0,51.96333312988281,51.606666564941406,51.77000045776367,0.0,16509900,0.2518581328089186,0.0634325190619949,WMT,Walmart,Stock
2023-07-13,49.726104736328125,51.37666702270508,0.0,51.866668701171875,51.22999954223633,51.810001373291016,0.0,11859600,-0.5886792094470836,0.3465432116352434,WMT,Walmart,Stock
2023-07-14,49.897098541259766,51.5533332824707,0.0,51.55666732788086,51.19333267211914,51.37333297729492,0.0,10427400,0.3432814188359415,0.117842132518017,WMT,Walmart,Stock
2023-07-17,49.958396911621094,51.616668701171875,0.0,51.65999984741211,51.27333450317383,51.46666717529297,0.0,10135200,0.1227741703812285,0.0150734969127989,WMT,Walmart,Stock
2023-07-18,49.868064880371094,51.52333450317383,0.0,51.88666534423828,51.28666687011719,51.55666732788086,0.0,13437300,-0.1809781780980543,0.032753100947691,WMT,Walmart,Stock
2023-07-19,49.88419723510742,51.540000915527344,0.0,51.73333358764648,51.25,51.599998474121094,0.0,12372900,0.0323448401767502,0.0010461886860595,WMT,Walmart,Stock
2023-07-20,50.80689239501953,52.49333190917969,0.0,52.51666641235352,51.633331298828125,51.643333435058594,0.0,14987700,1.8327758522626076,3.3590673246369276,WMT,Walmart,Stock
2023-07-21,51.09402847290039,52.790000915527344,0.0,52.926666259765625,52.47999954223633,52.633331298828125,0.0,16960500,0.5635608302461936,0.317600809387779,WMT,Walmart,Stock
2023-07-24,51.394073486328125,53.099998474121094,0.0,53.15999984741211,52.52000045776367,52.81666564941406,0.0,12529800,0.5855233240032345,0.3428375629517967,WMT,Walmart,Stock
2023-07-25,51.35213470458984,53.05666732788086,0.0,53.50333404541016,52.7599983215332,53.48666763305664,0.0,15553800,-0.0816356823397046,0.0066643846310691,WMT,Walmart,Stock
2023-07-26,51.53602981567383,53.24666595458984,0.0,53.563331604003906,52.97999954223633,53.08000183105469,0.0,15094200,0.3574663961835477,0.1277822244004531,WMT,Walmart,Stock
2023-07-27,51.348907470703125,53.0533332824707,0.0,53.54666519165039,53.043331146240234,53.36000061035156,0.0,13400400,-0.3637511111570837,0.1323148708680131,WMT,Walmart,Stock
2023-07-28,51.590877532958984,53.3033332824707,0.0,53.64666748046875,53.0966682434082,53.0966682434082,0.0,11020200,0.4701204843239944,0.2210132697810271,WMT,Walmart,Stock
2023-07-31,51.57474899291992,53.28666687011719,0.0,53.54666519165039,52.970001220703125,53.31999969482422,0.0,13033200,-0.0312672751837915,0.0009776424974189,WMT,Walmart,Stock
2023-08-01,51.3327751159668,53.03666687011719,0.0,53.48333358764648,52.98666763305664,53.31666564941406,0.0,11782500,-0.4702752787103057,0.2211588377660557,WMT,Walmart,Stock
2023-08-02,51.36826705932617,53.073333740234375,0.0,53.47666549682617,52.84333419799805,52.84333419799805,0.0,12660000,0.069117009955402,0.0047771610651751,WMT,Walmart,Stock
2023-08-03,51.38116836547851,53.086666107177734,0.0,53.16666793823242,52.836666107177734,53.00666809082031,0.0,13202700,0.0251121695546102,0.0006306210597394,WMT,Walmart,Stock
2023-08-04,51.084354400634766,52.779998779296875,0.0,53.41666793823242,52.6533317565918,53.25333404541016,0.0,14262000,-0.5793456901849556,0.3356414287358826,WMT,Walmart,Stock
2023-08-07,51.77799606323242,53.49666595458984,0.0,53.73666763305664,53.03666687011719,53.16666793823242,0.0,14268900,1.3486998378681136,1.818991252665476,WMT,Walmart,Stock
2023-08-08,51.82962417602539,53.54999923706055,0.0,53.87333297729492,53.16999816894531,53.663333892822266,0.0,11017500,0.0996608491671946,0.0099322848567263,WMT,Walmart,Stock
2023-08-09,51.91350173950195,53.63666534423828,0.0,54.03333282470703,53.56999969482422,53.63666534423828,0.0,13209600,0.1617024376565446,0.0261476783440687,WMT,Walmart,Stock
2023-08-10,51.887596130371094,53.41999816894531,0.19,53.91666793823242,53.34333419799805,53.5966682434082,0.0,15169500,-0.0499139415677093,0.0024914015628247,WMT,Walmart,Stock
2023-08-11,52.19194030761719,53.73333358764648,0.0,53.94333267211914,53.366668701171875,53.51666641235352,0.0,14195100,0.5848316683828619,0.3420280803434818,WMT,Walmart,Stock
2023-08-14,51.80341720581055,53.33333206176758,0.0,54.2599983215332,53.060001373291016,54.0,0.0,20813700,-0.7471966416725102,0.5583028213266776,WMT,Walmart,Stock
2023-08-15,51.53793716430664,53.060001373291016,0.0,53.5966682434082,52.973331451416016,53.18000030517578,0.0,14559300,-0.513793586589143,0.2639838496201351,WMT,Walmart,Stock
2023-08-16,51.56382751464844,53.086666107177734,0.0,53.65666580200195,52.790000915527344,53.293331146240234,0.0,26980800,0.0502229054306112,0.0025223402298921,WMT,Walmart,Stock
2023-08-17,50.40796661376953,51.89666748046875,0.0,53.71333312988281,51.67333221435547,53.633331298828125,0.0,53614200,-2.2671179182662726,5.1398236553239975,WMT,Walmart,Stock
2023-08-18,51.133209228515625,52.643333435058594,0.0,53.223331451416016,51.77000045776367,51.77000045776367,0.0,27954900,1.4284942860158811,2.040595925180022,WMT,Walmart,Stock
2023-08-21,50.99722671508789,52.50333404541016,0.0,52.9466667175293,52.3466682434082,52.543331146240234,0.0,15679200,-0.2662920069366445,0.0709114329583459,WMT,Walmart,Stock
2023-08-22,50.83534622192383,52.336666107177734,0.0,52.436668395996094,52.08000183105469,52.323333740234375,0.0,16670700,-0.3179348706528083,0.1010825819770179,WMT,Walmart,Stock
2023-08-23,51.18825149536133,52.70000076293945,0.0,52.79999923706055,52.16999816894531,52.20333480834961,0.0,14210400,0.6918138329858453,0.478606379510567,WMT,Walmart,Stock
2023-08-24,50.79648208618164,52.29666519165039,0.0,53.07666778564453,52.27333450317383,52.709999084472656,0.0,14033100,-0.7682940819069696,0.5902757962932733,WMT,Walmart,Stock
2023-08-25,51.09760284423828,52.606666564941406,0.0,52.68000030517578,52.18000030517578,52.393333435058594,0.0,12267000,0.5910483123131616,0.3493381074882365,WMT,Walmart,Stock
2023-08-28,51.38899230957031,52.90666580200195,0.0,52.94333267211914,52.619998931884766,52.619998931884766,0.0,11871000,0.5686407087150648,0.3233522556079711,WMT,Walmart,Stock
2023-08-29,51.819602966308594,53.349998474121094,0.0,53.40999984741211,52.95333480834961,53.0,0.0,12702300,0.8344521194960227,0.6963103397314045,WMT,Walmart,Stock
2023-08-30,52.19194030761719,53.73333358764648,0.0,53.76333236694336,53.30666732788086,53.46666717529297,0.0,10967700,0.7159569410677623,0.5125943414631072,WMT,Walmart,Stock
2023-08-31,52.648460388183594,54.20333480834961,0.0,54.33000183105469,53.6533317565918,53.706668853759766,0.0,19582800,0.8708913032311475,0.7584516620436464,WMT,Walmart,Stock
2023-09-01,52.31174087524414,53.856666564941406,0.0,54.31999969482422,53.383331298828125,54.290000915527344,0.0,12553500,-0.641615896373147,0.4116709584787169,WMT,Walmart,Stock
2023-09-05,51.89083480834961,53.42333221435547,0.0,54.26666641235352,53.393333435058594,53.95000076293945,0.0,15209400,-0.8078655509659832,0.6526467484375716,WMT,Walmart,Stock
2023-09-06,52.27936553955078,53.823333740234375,0.0,54.05666732788086,53.3033332824707,53.46666717529297,0.0,14594700,0.7459571577246069,0.5564520811605741,WMT,Walmart,Stock
2023-09-07,52.926910400390625,54.4900016784668,0.0,54.49333190917969,53.83000183105469,54.0,0.0,19120800,1.2310159873031885,1.5154003609960434,WMT,Walmart,Stock
2023-09-08,53.0240364074707,54.59000015258789,0.0,54.619998931884766,54.356666564941406,54.49333190917969,0.0,12667200,0.1833415126773983,0.0336141102708366,WMT,Walmart,Stock
2023-09-11,53.20858001708984,54.779998779296875,0.0,54.82666778564453,54.5533332824707,54.66666793823242,0.0,11912100,0.3474333993940514,0.1207099670145064,WMT,Walmart,Stock
2023-09-12,53.266868591308594,54.84000015258789,0.0,54.97666549682617,54.68000030517578,54.83333206176758,0.0,11757300,0.1094873622104175,0.0119874824837951,WMT,Walmart,Stock
2023-09-13,53.279815673828125,54.85333251953125,0.0,55.28333282470703,54.790000915527344,54.97666549682617,0.0,14364300,0.0243031168403765,0.0005906414881569,WMT,Walmart,Stock
2023-09-14,53.50321960449219,55.08333206176758,0.0,55.24666595458984,54.8033332824707,55.0,0.0,14923800,0.4184264963613125,0.1750807328572034,WMT,Walmart,Stock
2023-09-15,53.30570983886719,54.880001068115234,0.0,55.220001220703125,54.59000015258789,55.06999969482422,0.0,63925200,-0.3698379747511904,0.1367801275680621,WMT,Walmart,Stock
2023-09-18,52.91072082519531,54.473331451416016,0.0,55.06666564941406,54.41666793823242,54.893333435058594,0.0,12997800,-0.7437471433897778,0.5531598133004546,WMT,Walmart,Stock
2023-09-19,52.89776992797851,54.459999084472656,0.0,54.59333419799805,54.116668701171875,54.459999084472656,0.0,14019600,-0.0244798828322441,0.0005992646634804,WMT,Walmart,Stock
2023-09-20,53.06936264038086,54.63666534423828,0.0,54.9033317565918,54.31999969482422,54.53333282470703,0.0,10120800,0.3238605371750142,0.1048856475392887,WMT,Walmart,Stock
2023-09-21,52.4250602722168,53.973331451416016,0.0,54.83333206176758,53.93000030517578,54.75333404541016,0.0,18782400,-1.22150605045284,1.4920770312928964,WMT,Walmart,Stock
2023-09-22,52.56428146362305,54.116668701171875,0.0,54.40999984741211,53.973331451416016,54.07666778564453,0.0,13215000,0.2652102979353697,0.0703365021309676,WMT,Walmart,Stock
2023-09-25,52.79739761352539,54.356666564941406,0.0,54.369998931884766,53.956668853759766,54.12333297729492,0.0,10459500,0.4425072423607976,0.1958126595417577,WMT,Walmart,Stock
2023-09-26,52.61285400390625,54.16666793823242,0.0,54.51333236694336,54.116668701171875,54.313331604003906,0.0,14435700,-0.3501439287558331,0.1226007708445699,WMT,Walmart,Stock
2023-09-27,52.36030197143555,53.90666580200195,0.0,54.07666778564453,53.43000030517578,54.0,0.0,15711000,-0.4811754346178162,0.2315297988796443,WMT,Walmart,Stock
2023-09-28,52.62580108642578,54.18000030517578,0.0,54.276668548583984,53.86333465576172,54.0,0.0,11617200,0.5057806190412394,0.2558140345977393,WMT,Walmart,Stock
2023-09-29,51.78075408935547,53.310001373291016,0.0,54.37666702270508,53.063331604003906,54.34333419799805,0.0,18842400,-1.6187976881771031,2.6205059552475345,WMT,Walmart,Stock
2023-10-02,51.835792541503906,53.366668701171875,0.0,53.42333221435547,52.77000045776367,53.163333892822266,0.0,12992700,0.1062348806524365,0.0112858498672374,WMT,Walmart,Stock
2023-10-03,51.508785247802734,53.029998779296875,0.0,53.58333206176758,52.893333435058594,53.22999954223633,0.0,11253300,-0.6328505899044172,0.4004998691423688,WMT,Walmart,Stock
2023-10-04,52.127193450927734,53.66666793823242,0.0,53.68333435058594,53.00333404541016,53.21666717529297,0.0,15755700,1.193437936963934,1.424294109384731,WMT,Walmart,Stock
2023-10-05,51.505558013916016,53.026668548583984,0.0,53.6533317565918,53.0,53.48333358764648,0.0,14269500,-1.1997035380163383,1.4392885791289198,WMT,Walmart,Stock
2023-10-06,50.64107894897461,52.13666534423828,0.0,52.99666595458984,50.54999923706055,52.883331298828125,0.0,42616200,-1.6926640578458745,2.865111612723261,WMT,Walmart,Stock
2023-10-09,50.4565315246582,51.9466667175293,0.0,51.95000076293945,51.086666107177734,51.69333267211914,0.0,21022500,-0.3650880143193997,0.1332892581996821,WMT,Walmart,Stock
2023-10-10,51.026371002197266,52.53333282470703,0.0,52.69333267211914,51.88666534423828,52.07666778564453,0.0,16014300,1.1230373834649556,1.2612129646598138,WMT,Walmart,Stock
2023-10-11,51.23033905029297,52.74333190917969,0.0,53.163333892822266,52.3466682434082,52.75333404541016,0.0,12026100,0.3989338567621208,0.1591482220711003,WMT,Walmart,Stock
2023-10-12,51.46345901489258,52.98333358764648,0.0,53.10333251953125,52.59000015258789,52.84333419799805,0.0,13514100,0.4540106012727691,0.2061256260680613,WMT,Walmart,Stock
2023-10-13,51.74837875366211,53.276668548583984,0.0,53.48666763305664,52.96666717529297,53.086666107177734,0.0,13809000,0.5521081082960432,0.3048233632462353,WMT,Walmart,Stock
2023-10-16,52.195186614990234,53.73666763305664,0.0,54.026668548583984,53.439998626708984,53.51333236694336,0.0,14348100,0.8597176973066145,0.7391145190621876,WMT,Walmart,Stock
2023-10-17,52.26317596435547,53.80666732788086,0.0,53.9033317565918,53.46333312988281,53.58000183105469,0.0,10893000,0.1301750425478166,0.0169455417023258,WMT,Walmart,Stock
2023-10-18,52.30202865600586,53.8466682434082,0.0,54.119998931884766,53.573333740234375,53.959999084472656,0.0,10559100,0.0743128530747032,0.0055224001321024,WMT,Walmart,Stock
2023-10-19,52.05272674560547,53.59000015258789,0.0,53.939998626708984,53.40666580200195,53.810001373291016,0.0,11745900,-0.4777978420216481,0.2282907778405438,WMT,Walmart,Stock
2023-10-20,51.401947021484375,52.91999816894531,0.0,53.70000076293945,52.9033317565918,53.61000061035156,0.0,15056700,-1.258112919304345,1.5828481177205014,WMT,Walmart,Stock
2023-10-23,52.130428314208984,53.66999816894531,0.0,53.78333282470703,52.67333221435547,52.90999984741211,0.0,17097000,1.4072763478180907,1.980426719128224,WMT,Walmart,Stock
2023-10-24,52.855682373046875,54.41666793823242,0.0,54.49333190917969,53.79666519165039,53.79999923706055,0.0,17535000,1.3816410403730652,1.9089319644431664,WMT,Walmart,Stock
2023-10-25,52.69702911376953,54.25333404541016,0.0,54.776668548583984,54.15666580200195,54.38666534423828,0.0,16621800,-0.3006145015517618,0.0903690785432141,WMT,Walmart,Stock
2023-10-26,52.376495361328125,53.92333221435547,0.0,54.616668701171875,53.869998931884766,54.23666763305664,0.0,16220100,-0.610115151916859,0.372240498598532,WMT,Walmart,Stock
2023-10-27,52.18223190307617,53.723331451416016,0.0,53.9900016784668,53.51666641235352,53.82666778564453,0.0,13829700,-0.3715876940409905,0.1380774143627007,WMT,Walmart,Stock
2023-10-30,52.781211853027344,54.34000015258789,0.0,54.41999816894531,53.5966682434082,53.81999969482422,0.0,12653700,1.141323932468627,1.302620318825651,WMT,Walmart,Stock
2023-10-31,52.90747833251953,54.470001220703125,0.0,54.540000915527344,53.98333358764648,54.33333206176758,0.0,14168400,0.238940494663112,0.0570925599898526,WMT,Walmart,Stock
2023-11-01,53.38018798828125,54.956668853759766,0.0,55.12666702270508,54.32666778564453,54.73666763305664,0.0,14899500,0.8894969451717064,0.7912048154697977,WMT,Walmart,Stock
2023-11-02,53.59063720703125,55.17333221435547,0.0,55.39666748046875,54.543331146240234,54.793331146240234,0.0,15492300,0.3934708176346041,0.1548192843300438,WMT,Walmart,Stock
2023-11-03,53.31219100952149,54.88666534423828,0.0,55.43333435058594,54.83333206176758,55.293331146240234,0.0,17240100,-0.5209344445678447,0.2713726955372088,WMT,Walmart,Stock
2023-11-06,53.3834228515625,54.959999084472656,0.0,55.209999084472656,54.689998626708984,54.83333206176758,0.0,14529000,0.1335234880727959,0.017828521867126,WMT,Walmart,Stock
2023-11-07,53.63272476196289,55.21666717529297,0.0,55.53666687011719,55.11000061035156,55.25666809082031,0.0,15023400,0.4659154098535186,0.2170771691389722,WMT,Walmart,Stock
2023-11-08,53.19564056396485,54.76666641235352,0.0,55.426666259765625,54.526668548583984,55.279998779296875,0.0,15591900,-0.8182969675287595,0.6696099270667636,WMT,Walmart,Stock
2023-11-09,53.072601318359375,54.63999938964844,0.0,54.84000015258789,54.41666793823242,54.790000915527344,0.0,15080100,-0.2315636325695636,0.0536217159288118,WMT,Walmart,Stock
2023-11-10,53.80756759643555,55.39666748046875,0.0,55.47999954223633,54.633331298828125,54.849998474121094,0.0,14319900,1.3753306541689132,1.8915344082966907,WMT,Walmart,Stock
2023-11-13,54.28998947143555,55.893333435058594,0.0,55.956668853759766,55.349998474121094,55.459999084472656,0.0,15408900,0.892573506581076,0.7966874646504382,WMT,Walmart,Stock
2023-11-14,54.2802734375,55.883331298828125,0.0,56.383331298828125,55.75,56.05666732788086,0.0,19792500,-0.0178981494585428,0.0003203437540403,WMT,Walmart,Stock
2023-11-15,54.96990203857422,56.59333419799805,0.0,56.64666748046875,55.836666107177734,56.12666702270508,0.0,35769900,1.2624927291274208,1.5938878910996033,WMT,Walmart,Stock
2023-11-16,50.52128219604492,52.01333236694336,0.0,53.150001525878906,51.83333206176758,52.91666793823242,0.0,97658700,-8.439112265265727,71.21861582575843,WMT,Walmart,Stock
2023-11-17,50.297882080078125,51.78333282470703,0.0,52.51333236694336,51.66999816894531,51.98333358764648,0.0,42487800,-0.4431706674076336,0.1964002404505274,WMT,Walmart,Stock
2023-11-20,50.28169250488281,51.76666641235352,0.0,52.00333404541016,51.66999816894531,51.8466682434082,0.0,26663100,-0.0321925707121741,0.0010363616090583,WMT,Walmart,Stock
2023-11-21,50.4630012512207,51.95333480834961,0.0,52.28333282470703,51.37666702270508,51.81999969482422,0.0,29382300,0.3599374524323635,0.1295549696634999,WMT,Walmart,Stock
2023-11-22,50.07772064208984,51.55666732788086,0.0,52.01666641235352,51.459999084472656,51.90666580200195,0.0,26416500,-0.7664207851801078,0.587400819956093,WMT,Walmart,Stock
2023-11-24,50.52775955200195,52.02000045776367,0.0,52.043331146240234,51.56666564941406,51.71666717529297,0.0,13975200,0.8946667933136822,0.8004286710581868,WMT,Walmart,Stock
2023-11-27,50.75763702392578,52.25666809082031,0.0,52.45333480834961,51.98333358764648,51.98333358764648,0.0,23393700,0.453921047659143,0.206044317507974,WMT,Walmart,Stock
2023-11-28,51.363094329833984,52.880001068115234,0.0,52.973331451416016,52.220001220703125,52.220001220703125,0.0,23535000,1.1857815591403873,1.4060779059974078,WMT,Walmart,Stock
2023-11-29,50.534236907958984,52.026668548583984,0.0,52.92333221435547,51.869998931884766,52.92333221435547,0.0,29896500,-1.6268840277237204,2.646751639662555,WMT,Walmart,Stock
2023-11-30,50.40796661376953,51.89666748046875,0.0,52.116668701171875,51.50333404541016,52.00666809082031,0.0,29925900,-0.2501834825204999,0.0625917749260853,WMT,Walmart,Stock
2023-12-01,49.97087478637695,51.4466667175293,0.0,51.869998931884766,50.87666702270508,51.793331146240234,0.0,39273600,-0.8708898885298345,0.7584491979435076,WMT,Walmart,Stock
2023-12-04,49.95792770385742,51.43333435058594,0.0,51.643333435058594,51.10333251953125,51.106666564941406,0.0,24883200,-0.0259126143200674,0.0006714635809005,WMT,Walmart,Stock
2023-12-05,50.42091369628906,51.90999984741211,0.0,51.95000076293945,51.24666595458984,51.48333358764648,0.0,21883800,0.9224838008091186,0.8509763627552377,WMT,Walmart,Stock
2023-12-06,49.873741149902344,51.3466682434082,0.0,51.94333267211914,51.21666717529297,51.849998474121094,0.0,26447400,-1.0911408509767584,1.1905883566702844,WMT,Walmart,Stock
2023-12-07,49.54551696777344,50.81999969482422,0.19,51.51333236694336,50.74333190917969,51.45000076293945,0.0,25362600,-0.6602853025187975,0.4359766807223399,WMT,Walmart,Stock
2023-12-08,49.02555465698242,50.28666687011719,0.0,50.73666763305664,50.08000183105469,50.66666793823242,0.0,34069500,-1.055009598775631,1.113045253508718,WMT,Walmart,Stock
2023-12-11,49.149051666259766,50.413333892822266,0.0,50.48333358764648,49.8466682434082,50.380001068115234,0.0,31883400,0.2515865946252653,0.0632958145951375,WMT,Walmart,Stock
2023-12-12,49.18805313110352,50.45333480834961,0.0,50.56666564941406,50.07666778564453,50.40666580200195,0.0,21381900,0.0793219750959464,0.0062919757331219,WMT,Walmart,Stock
2023-12-13,50.062225341796875,51.349998474121094,0.0,51.349998474121094,50.21333312988281,50.51666641235352,0.0,35348700,1.7615967033798408,3.1032229453587226,WMT,Walmart,Stock
2023-12-14,49.45126724243164,50.723331451416016,0.0,51.313331604003906,50.643333435058594,51.17333221435547,0.0,30891300,-1.2279054024182912,1.5077516772880255,WMT,Walmart,Stock
2023-12-15,49.636512756347656,50.913333892822266,0.0,51.1533317565918,50.51333236694336,50.59333419799805,0.0,70003500,0.3739022707618568,0.1398029080808728,WMT,Walmart,Stock
2023-12-18,50.36119842529297,51.65666580200195,0.0,51.689998626708984,51.043331146240234,51.116668701171875,0.0,26316000,1.4494298868476474,2.100846996887184,WMT,Walmart,Stock
2023-12-19,50.543190002441406,51.84333419799805,0.0,51.89666748046875,51.36333465576172,51.61333465576172,0.0,24417000,0.3607212279334455,0.1301198042818127,WMT,Walmart,Stock
2023-12-20,49.95173263549805,51.23666763305664,0.0,52.04666519165039,51.206668853759766,51.80666732788086,0.0,21967800,-1.1771026448268227,1.3855706364583011,WMT,Walmart,Stock
2023-12-21,50.30595779418945,51.599998474121094,0.0,51.686668395996094,51.3033332824707,51.33333206176758,0.0,20087700,0.7066323413800124,0.4993292658841984,WMT,Walmart,Stock
2023-12-22,50.90716171264648,52.21666717529297,0.0,52.383331298828125,51.720001220703125,51.81666564941406,0.0,19405500,1.1880099978507783,1.4113677549934065,WMT,Walmart,Stock
2023-12-26,50.82916259765625,52.13666534423828,0.0,52.33000183105469,52.03666687011719,52.21666717529297,0.0,11679900,-0.1533358528560196,0.0235118837710828,WMT,Walmart,Stock
2023-12-27,51.3068733215332,52.62666702270508,0.0,52.650001525878906,52.0533332824707,52.10333251953125,0.0,19896000,0.9354469323635972,0.8750609632684646,WMT,Walmart,Stock
2023-12-28,51.20613479614258,52.52333450317383,0.0,52.776668548583984,52.5,52.59000015258789,0.0,16776000,-0.1965380972960275,0.0386272236887427,WMT,Walmart,Stock
2023-12-29,51.23213195800781,52.54999923706055,0.0,52.69333267211914,52.38666534423828,52.5099983215332,0.0,21948300,0.0507567401267098,0.0025762466682903,WMT,Walmart,Stock
2024-01-02,51.76509094238281,53.0966682434082,0.0,53.18000030517578,52.39666748046875,52.41666793823242,0.0,23539800,1.0349089542019527,1.0710365434873794,WMT,Walmart,Stock
2024-01-03,51.76833724975586,53.099998474121094,0.0,53.43333435058594,52.97666549682617,53.25666809082031,0.0,18756000,0.006271032324146,3.932584641048518e-05,WMT,Walmart,Stock
2024-01-04,51.267879486083984,52.586666107177734,0.0,53.18000030517578,52.49666595458984,53.06999969482422,0.0,19282500,-0.9714287171908664,0.9436737525830922,WMT,Walmart,Stock
2024-01-05,50.926658630371094,52.23666763305664,0.0,52.70000076293945,51.866668701171875,52.63999938964844,0.0,21709500,-0.6677893555605514,0.4459426233999765,WMT,Walmart,Stock
2024-01-08,51.427120208740234,52.75,0.0,52.76333236694336,52.22666549682617,52.23333358764648,0.0,20680800,0.9779132189553632,0.95631426380764,WMT,Walmart,Stock
2024-01-09,51.77159118652344,53.10333251953125,0.0,53.11333465576172,52.57666778564453,52.643333435058594,0.0,23322300,0.6675902295304139,0.4456767145644707,WMT,Walmart,Stock
2024-01-10,52.415035247802734,53.76333236694336,0.0,53.83333206176758,53.186668395996094,53.186668395996094,0.0,20121900,1.2351916251176078,1.525698350760677,WMT,Walmart,Stock
2024-01-11,52.35654067993164,53.70333480834961,0.0,53.96333312988281,53.38999938964844,53.78333282470703,0.0,14355300,-0.1116611512823481,0.0124682127056994,WMT,Walmart,Stock
2024-01-12,52.4247932434082,53.77333450317383,0.0,53.8466682434082,53.459999084472656,53.790000915527344,0.0,13629000,0.1302762058357062,0.0169718898069472,WMT,Walmart,Stock
2024-01-16,52.59052276611328,53.94333267211914,0.0,54.133331298828125,53.74333190917969,53.813331604003906,0.0,17032500,0.3156295035590666,0.0996219835169428,WMT,Walmart,Stock
2024-01-17,52.343544006347656,53.689998626708984,0.0,53.99666595458984,53.543331146240234,53.793331146240234,0.0,14827800,-0.47073219103456,0.2215887956761975,WMT,Walmart,Stock
2024-01-18,53.04874038696289,54.413333892822266,0.0,54.46333312988281,53.560001373291016,53.720001220703125,0.0,18190500,1.3382514843695812,1.7909170354173871,WMT,Walmart,Stock
2024-01-19,52.76926040649414,54.12666702270508,0.0,54.52333450317383,53.813331604003906,54.47666549682617,0.0,19175400,-0.5282288990980463,0.2790257698423339,WMT,Walmart,Stock
2024-01-22,52.77251052856445,54.130001068115234,0.0,54.31666564941406,53.83333206176758,54.26333236694336,0.0,13938300,0.0061589303316539,3.793242283016645e-05,WMT,Walmart,Stock
2024-01-23,52.90575408935547,54.26666641235352,0.0,54.28333282470703,53.92333221435547,54.040000915527344,0.0,12066600,0.2521684697975577,0.0635889371600417,WMT,Walmart,Stock
2024-01-24,52.15830993652344,53.5,0.0,54.356666564941406,53.439998626708984,54.29999923706055,0.0,22932900,-1.422859033483493,2.0245278291655797,WMT,Walmart,Stock
2024-01-25,52.91874694824219,54.279998779296875,0.0,54.290000915527344,53.473331451416016,53.79999923706055,0.0,16369500,1.4474145169955628,2.095008784009498,WMT,Walmart,Stock
2024-01-26,53.38345718383789,54.75666809082031,0.0,54.793331146240234,54.220001220703125,54.349998474121094,0.0,15746400,0.8743246666600825,0.7644436227302643,WMT,Walmart,Stock
2024-01-29,53.633689880371094,55.01333236694336,0.0,55.13666534423828,54.50666809082031,54.78333282470703,0.0,18240300,0.4676505764555047,0.2186970616591658,WMT,Walmart,Stock
2024-01-30,53.81243133544922,55.1966667175293,0.0,55.27000045776367,54.540000915527344,54.900001525878906,0.0,15270000,0.332709301997644,0.1106954796357595,WMT,Walmart,Stock
2024-01-31,53.70193099975586,55.08333206176758,0.0,55.93333435058594,55.03666687011719,55.93333435058594,0.0,26134800,-0.2055546295417893,0.0422527057260622,WMT,Walmart,Stock
2024-02-01,54.696346282958984,56.10333251953125,0.0,56.116668701171875,55.060001373291016,55.23333358764648,0.0,20792700,1.834795174325645,3.366473331728674,WMT,Walmart,Stock
2024-02-02,55.10582733154297,56.52333450317383,0.0,56.86000061035156,55.973331451416016,56.04999923706055,0.0,21670800,0.745855812124082,0.556300892479274,WMT,Walmart,Stock
2024-02-05,54.81009292602539,56.220001220703125,0.0,56.66999816894531,56.02333450317383,56.66999816894531,0.0,19145100,-0.5381115282322179,0.289564016816413,WMT,Walmart,Stock
2024-02-06,55.183815002441406,56.60333251953125,0.0,56.650001525878906,56.11333465576172,56.26333236694336,0.0,14181300,0.6795349334520745,0.4617677257817153,WMT,Walmart,Stock
2024-02-07,55.04407501220703,56.459999084472656,0.0,56.88666534423828,56.400001525878906,56.75666809082031,0.0,17082600,-0.253547564191359,0.0642863673073713,WMT,Walmart,Stock
2024-02-08,55.04082489013672,56.456668853759766,0.0,56.849998474121094,56.380001068115234,56.459999084472656,0.0,14427900,-0.0059047554644492,3.4866137094942686e-05,WMT,Walmart,Stock
2024-02-09,55.0115852355957,56.426666259765625,0.0,56.57666778564453,56.30666732788086,56.46333312988281,0.0,14329800,-0.0531376917518191,0.0028236142847113,WMT,Walmart,Stock
2024-02-12,55.34305191040039,56.76666641235352,0.0,56.78666687011719,56.349998474121094,56.40999984741211,0.0,14795100,0.6007317502980354,0.3608786358161411,WMT,Walmart,Stock
2024-02-13,54.966087341308594,56.380001068115234,0.0,57.02333450317383,56.09000015258789,56.87333297729492,0.0,18574200,-0.6834719935068317,0.4671339659082026,WMT,Walmart,Stock
2024-02-14,54.79059600830078,56.20000076293945,0.0,56.293331146240234,55.8466682434082,56.25,0.0,18484500,-0.3197827725864275,0.1022610216430628,WMT,Walmart,Stock
2024-02-15,55.01482772827149,56.43000030517578,0.0,56.616668701171875,55.9900016784668,56.599998474121094,0.0,16948800,0.4084170417647565,0.1668044800038749,WMT,Walmart,Stock
2024-02-16,55.362552642822266,56.78666687011719,0.0,57.310001373291016,56.43000030517578,56.76333236694336,0.0,22373400,0.6300676166221653,0.3969852015159358,WMT,Walmart,Stock
2024-02-20,57.149906158447266,58.619998931884766,0.0,60.45000076293945,58.40999984741211,59.49333190917969,0.0,71788500,3.177432809359515,10.0960792579943,WMT,Walmart,Stock
2024-02-21,56.447967529296875,57.900001525878906,0.0,58.526668548583984,57.599998474121094,58.33333206176758,0.0,40501500,-1.2358463065518144,1.5273160934177612,WMT,Walmart,Stock
2024-02-22,57.0036735534668,58.470001220703125,0.0,58.4900016784668,57.77000045776367,57.959999084472656,0.0,29512800,0.979642891224906,0.959700194327493,WMT,Walmart,Stock
2024-02-23,57.05241775512695,58.52000045776367,0.0,59.21666717529297,58.436668395996094,58.6966667175293,0.0,74365800,0.0854740927354893,0.007305820528955,WMT,Walmart,Stock
2024-02-26,58.10532760620117,59.599998474121094,0.0,59.84000015258789,58.18000030517578,59.119998931884766,3.0,32154800,1.828690184304183,3.3441077901704666,WMT,Walmart,Stock
2024-02-27,58.0955810546875,59.59000015258789,0.0,59.79999923706055,59.220001220703125,59.63999938964844,0.0,18012700,-0.0167753447866245,0.0002814121927101,WMT,Walmart,Stock
2024-02-28,58.12482070922851,59.619998931884766,0.0,59.7599983215332,59.310001373291016,59.54999923706055,0.0,14803300,0.0503175943537696,0.0025318603015505,WMT,Walmart,Stock
2024-02-29,57.140159606933594,58.61000061035156,0.0,59.4900016784668,58.59000015258789,59.45000076293945,0.0,29245100,-1.7085589270623665,2.9191736072445047,WMT,Walmart,Stock
2024-03-01,57.28639602661133,58.7599983215332,0.0,58.849998474121094,58.20000076293945,58.79999923706055,0.0,19030900,0.2555988834629622,0.0653307892275129,WMT,Walmart,Stock
2024-03-04,57.81284713745117,59.29999923706055,0.0,59.38999938964844,58.400001525878906,58.5,0.0,16033300,0.9147840899956304,0.8368299313091335,WMT,Walmart,Stock
2024-03-05,58.53429412841797,60.040000915527344,0.0,60.34000015258789,59.58000183105469,59.869998931884766,0.0,19676900,1.240178709848967,1.538043232362648,WMT,Walmart,Stock
2024-03-06,59.051002502441406,60.56999969482422,0.0,60.619998931884766,60.040000915527344,60.119998931884766,0.0,12698700,0.8788712785821505,0.7724147243166241,WMT,Walmart,Stock
2024-03-07,58.84626388549805,60.36000061035156,0.0,61.06999969482422,60.349998474121094,61.0,0.0,16195300,-0.3473173365733253,0.1206293322843885,WMT,Walmart,Stock
2024-03-08,58.61228942871094,60.119998931884766,0.0,60.279998779296875,59.72999954223633,60.0,0.0,12143600,-0.3983954504007395,0.1587189349000081,WMT,Walmart,Stock
2024-03-11,59.13874816894531,60.65999984741211,0.0,60.709999084472656,59.869998931884766,60.099998474121094,0.0,14154000,0.8941955143283569,0.7995856178449546,WMT,Walmart,Stock
2024-03-12,59.86993789672851,61.40999984741211,0.0,61.56999969482422,60.650001525878906,60.95000076293945,0.0,16613100,1.2288160682543152,1.509988929599994,WMT,Walmart,Stock
2024-03-13,59.743202209472656,61.279998779296875,0.0,61.459999084472656,60.880001068115234,61.2599983215332,0.0,15935200,-0.2119093848209377,0.0449055873751882,WMT,Walmart,Stock
2024-03-14,59.69232940673828,61.02000045776367,0.208,61.439998626708984,60.599998474121094,61.279998779296875,0.0,16584700,-0.0851887292207651,0.0072571195862488,WMT,Walmart,Stock
2024-03-15,59.3597297668457,60.68000030517578,0.0,61.150001525878906,60.459999084472656,60.68000030517578,0.0,50946300,-0.5587480090852349,0.3121993376567137,WMT,Walmart,Stock
2024-03-18,59.53581237792969,60.86000061035156,0.0,60.900001525878906,60.38999938964844,60.689998626708984,0.0,16801700,0.2961973790486733,0.0877328873553034,WMT,Walmart,Stock
2024-03-19,59.54558944702149,60.869998931884766,0.0,61.06999969482422,60.599998474121094,60.970001220703125,0.0,12353600,0.0164208162885632,0.0002696432075827,WMT,Walmart,Stock
2024-03-20,59.91732406616211,61.25,0.0,61.279998779296875,60.7400016784668,60.84000015258789,0.0,12007600,0.6223451413045528,0.3873134749053837,WMT,Walmart,Stock
2024-03-21,60.11297225952149,61.45000076293945,0.0,61.65999984741211,61.04999923706055,61.279998779296875,0.0,14265900,0.3259983064596451,0.1062748958145567,WMT,Walmart,Stock
2024-03-22,59.54558944702149,60.869998931884766,0.0,61.529998779296875,60.849998474121094,61.31999969482422,0.0,14029400,-0.9483434477641872,0.899355294917266,WMT,Walmart,Stock
2024-03-25,59.25211715698242,60.56999969482422,0.0,60.9900016784668,60.36000061035156,60.869998931884766,0.0,14186600,-0.4940716372668911,0.2441067827515864,WMT,Walmart,Stock
2024-03-26,59.19342803955078,60.5099983215332,0.0,60.83000183105469,60.22999954223633,60.459999084472656,0.0,13738300,-0.0990989101992468,0.0098205940026783,WMT,Walmart,Stock
2024-03-27,59.39885711669922,60.720001220703125,0.0,61.04999923706055,60.380001068115234,60.869998931884766,0.0,14363400,0.3464462841738,0.1200250278178334,WMT,Walmart,Stock
2024-03-28,58.86082077026367,60.16999816894531,0.0,60.77000045776367,60.15999984741211,60.65999984741211,0.0,17535100,-0.9099298566862278,0.8279723440890191,WMT,Walmart,Stock
2024-04-01,58.69451904296875,60.0,0.0,60.7599983215332,59.93000030517578,60.310001373291016,0.0,13837600,-0.2829337033915877,0.0800514805148789,WMT,Walmart,Stock
2024-04-02,57.872798919677734,59.15999984741211,0.0,60.099998474121094,58.880001068115234,59.900001525878906,0.0,19510100,-1.4098870065373188,1.9877813712027617,WMT,Walmart,Stock
2024-04-03,58.136924743652344,59.43000030517578,0.0,59.5,58.939998626708984,59.380001068115234,0.0,14615100,0.4553519688027023,0.2073454154924972,WMT,Walmart,Stock
2024-04-04,58.20539855957031,59.5,0.0,59.810001373291016,59.290000915527344,59.540000915527344,0.0,14436100,0.1177109445302585,0.0138558664622055,WMT,Walmart,Stock
2024-04-05,58.54778671264648,59.849998474121094,0.0,60.040000915527344,59.4900016784668,59.54999923706055,0.0,10335900,0.5865178475415498,0.3440031854847726,WMT,Walmart,Stock
2024-04-08,58.47930908203125,59.779998779296875,0.0,60.040000915527344,59.41999816894531,59.599998474121094,0.0,11070100,-0.1170286897502679,0.0136957142246644,WMT,Walmart,Stock
2024-04-09,58.48908996582031,59.790000915527344,0.0,59.970001220703125,59.29999923706055,59.869998931884766,0.0,10013500,0.0167239765466297,0.0002796913915322,WMT,Walmart,Stock
2024-04-10,59.3010368347168,60.619998931884766,0.0,60.7599983215332,59.38999938964844,59.619998931884766,0.0,15097600,1.3786549881586478,1.9006895763747216,WMT,Walmart,Stock
2024-04-11,58.78256607055664,60.09000015258789,0.0,60.88999938964844,60.06999969482422,60.75,0.0,10987600,-0.8781474873600212,0.7711430095567187,WMT,Walmart,Stock
2024-04-12,58.83147048950195,60.13999938964844,0.0,60.720001220703125,59.95000076293945,60.0,0.0,12280600,0.0831608593567003,0.0069157285289448,WMT,Walmart,Stock
2024-04-15,58.62604904174805,59.93000030517578,0.0,60.70000076293945,59.90999984741211,60.5099983215332,0.0,10557200,-0.3497803427342781,0.122346288163309,WMT,Walmart,Stock
2024-04-16,58.53800582885742,59.84000015258789,0.0,60.290000915527344,59.779998779296875,60.029998779296875,0.0,14726300,-0.1502905128368326,0.0225872382487581,WMT,Walmart,Stock
2024-04-17,58.35213851928711,59.650001525878906,0.0,60.43000030517578,59.56999969482422,60.150001525878906,0.0,15329700,-0.3180207660066483,0.1011372076114553,WMT,Walmart,Stock
2024-04-18,57.97062301635742,59.2599983215332,0.0,59.939998626708984,59.220001220703125,59.83000183105469,0.0,12061500,-0.6559625406090692,0.4302868546823047,WMT,Walmart,Stock
2024-04-19,58.2347412109375,59.529998779296875,0.0,59.66999816894531,58.970001220703125,59.45000076293945,0.0,14165800,0.454572215557641,0.2066358991569824,WMT,Walmart,Stock
2024-04-22,58.83147048950195,60.13999938964844,0.0,60.400001525878906,59.040000915527344,59.560001373291016,0.0,14910000,1.0194819466291904,1.0393434395028436,WMT,Walmart,Stock
2024-04-23,57.8043212890625,59.09000015258789,0.0,60.349998474121094,58.560001373291016,60.25,0.0,17963900,-1.7613388465718385,3.1023145324430144,WMT,Walmart,Stock
2024-04-24,58.567352294921875,59.869998931884766,0.0,60.040000915527344,58.810001373291016,58.97999954223633,0.0,18529100,1.3113877586167468,1.719737853449855,WMT,Walmart,Stock
2024-04-25,58.89994812011719,60.209999084472656,0.0,60.529998779296875,59.83000183105469,60.04999923706055,0.0,19263000,0.5662796587752319,0.3206726519425931,WMT,Walmart,Stock
2024-04-26,58.851043701171875,60.15999984741211,0.0,60.38999938964844,60.0,60.11000061035156,0.0,11045200,-0.0830641355979322,0.0068996506226316,WMT,Walmart,Stock
2024-04-29,58.92930221557617,60.2400016784668,0.0,60.38999938964844,59.939998626708984,60.18000030517578,0.0,9785100,0.1328889388324887,0.0176594700640249,WMT,Walmart,Stock
2024-04-30,58.05866241455078,59.349998474121094,0.0,60.29999923706055,59.15999984741211,60.20000076293945,0.0,14209200,-1.4884537531133253,2.215494575157144,WMT,Walmart,Stock
2024-05-01,57.56954574584961,58.849998474121094,0.0,59.40999984741211,58.720001220703125,59.310001373291016,0.0,15464300,-0.8460212155221605,0.7157518971135939,WMT,Walmart,Stock
2024-05-02,58.41082763671875,59.709999084472656,0.0,59.88999938964844,58.58000183105469,58.939998626708984,0.0,17574100,1.450756919698904,2.104695640054252,WMT,Walmart,Stock
2024-05-03,58.518428802490234,59.81999969482422,0.0,59.97999954223633,59.13999938964844,59.619998931884766,0.0,14207400,0.1840449506324086,0.0338725438532857,WMT,Walmart,Stock
2024-05-06,58.567352294921875,59.869998931884766,0.0,60.0,59.38999938964844,60.0,0.0,11119400,0.083568636294393,0.0069837169721045,WMT,Walmart,Stock
2024-05-07,59.3010368347168,60.619998931884766,0.0,60.79999923706055,60.04999923706055,60.16999816894531,0.0,14520200,1.2449377159584056,1.549869916615732,WMT,Walmart,Stock
2024-05-08,58.98799514770508,60.29999923706055,0.0,60.849998474121094,60.220001220703125,60.630001068115234,0.0,11015700,-0.5292839286360297,0.2801414771123898,WMT,Walmart,Stock
2024-05-09,59.32959747314453,60.439998626708984,0.208,60.58000183105469,59.95000076293945,60.20000076293945,0.0,14550500,0.5774344576223808,0.333430552849653,WMT,Walmart,Stock
2024-05-10,59.368865966796875,60.47999954223633,0.0,60.58000183105469,60.15999984741211,60.40999984741211,0.0,12356600,0.0661651279164123,0.0043778241521952,WMT,Walmart,Stock
2024-05-13,59.30015182495117,60.40999984741211,0.0,61.349998474121094,60.290000915527344,60.619998931884766,0.0,19260500,-0.1158080698804806,0.0134115090494422,WMT,Walmart,Stock
2024-05-14,58.760257720947266,59.86000061035156,0.0,60.54999923706055,59.439998626708984,60.52000045776367,0.0,18780100,-0.9146128997222662,0.8365167563383722,WMT,Walmart,Stock
2024-05-15,58.730812072753906,59.83000183105469,0.0,59.939998626708984,59.470001220703125,59.83000183105469,0.0,22240600,-0.0501240628101558,0.0025124216725964,WMT,Walmart,Stock
2024-05-16,62.834014892578125,64.01000213623047,0.0,64.41999816894531,62.939998626708984,64.22000122070312,0.0,60545600,6.753206859692791,45.60580288980177,WMT,Walmart,Stock
2024-05-17,63.462257385253906,64.6500015258789,0.0,64.87999725341797,63.630001068115234,64.23999786376953,0.0,29330400,0.9948792046026884,0.9897846317508776,WMT,Walmart,Stock
2024-05-20,63.00088882446289,64.18000030517578,0.0,64.76000213623047,63.869998931884766,64.41999816894531,0.0,15001400,-0.7296522687068396,0.5323924332290381,WMT,Walmart,Stock
2024-05-21,63.953067779541016,65.1500015258789,0.0,65.19000244140625,64.44999694824219,64.52999877929688,0.0,17131700,1.5000663790524014,2.250199141563382,WMT,Walmart,Stock
2024-05-22,64.05121612548828,65.25,0.0,65.69000244140625,64.7300033569336,64.9800033569336,0.0,14879400,0.1533516882208224,0.0235167402801763,WMT,Walmart,Stock
2024-05-23,63.64876556396485,64.83999633789062,0.0,65.5199966430664,64.55999755859375,65.16999816894531,0.0,16222900,-0.6303084598872908,0.3972887546054884,WMT,Walmart,Stock
2024-05-24,64.1788330078125,65.37999725341797,0.0,65.69000244140625,65.01000213623047,65.12999725341797,0.0,11795000,0.8293521712793045,0.6878250240056968,WMT,Walmart,Stock
2024-05-28,63.8450927734375,65.04000091552734,0.0,65.47000122070312,64.73999786376953,65.22000122070312,0.0,13349600,-0.5213728423685058,0.2718296407594148,WMT,Walmart,Stock
2024-05-29,63.727298736572266,64.91999816894531,0.0,65.20999908447266,64.6500015258789,64.75,0.0,11538600,-0.1846701609135255,0.0341030683318274,WMT,Walmart,Stock
2024-05-30,63.69784927368164,64.88999938964844,0.0,65.16999816894531,64.7699966430664,64.93000030517578,0.0,13051900,-0.0462223727024128,0.0021365077382407,WMT,Walmart,Stock
2024-05-31,64.55186462402344,65.76000213623047,0.0,65.9000015258789,64.16000366210938,64.66999816894531,0.0,27632200,1.3318204738764483,1.7737457746364873,WMT,Walmart,Stock
2024-06-03,64.61075592041016,65.81999969482422,0.0,65.83999633789062,65.16000366210938,65.51000213623047,0.0,11578700,0.0911893862472202,0.0083155041641447,WMT,Walmart,Stock
2024-06-04,65.37643432617188,66.5999984741211,0.0,66.63999938964844,65.83000183105469,65.98999786376953,0.0,14780800,1.1780964879229998,1.3879113348565069,WMT,Walmart,Stock
2024-06-05,65.85741424560547,67.08999633789062,0.0,67.1500015258789,66.27999877929688,66.56999969482422,0.0,14982700,0.7330152674777499,0.5373113823554773,WMT,Walmart,Stock
2024-06-06,65.91633605957031,67.1500015258789,0.0,67.44000244140625,66.7699966430664,67.05999755859375,0.0,13256000,0.089428763703372,0.0079975037775135,WMT,Walmart,Stock
2024-06-07,64.6696548461914,65.87999725341797,0.0,67.56999969482422,65.63999938964844,67.4000015258789,0.0,20213200,-1.9094224146564729,3.645893957592555,WMT,Walmart,Stock
2024-06-10,65.72980499267578,66.95999908447266,0.0,67.33000183105469,66.2699966430664,67.19000244140625,0.0,21659500,1.62603971884345,2.6440051672564864,WMT,Walmart,Stock
2024-06-11,65.50404357910156,66.7300033569336,0.0,66.95999908447266,66.3499984741211,66.94999694824219,0.0,13367500,-0.3440600709950457,0.1183773324531159,WMT,Walmart,Stock
2024-06-12,65.09175872802734,66.30999755859375,0.0,66.94000244140625,65.9000015258789,66.8499984741211,0.0,11704700,-0.6313927606520903,0.3986568182038677,WMT,Walmart,Stock
2024-06-13,65.4745864868164,66.69999694824219,0.0,66.76000213623047,65.94999694824219,66.30000305175781,0.0,11196600,0.586412762362321,0.3438799278614079,WMT,Walmart,Stock
2024-06-14,65.78870391845703,67.0199966430664,0.0,67.11000061035156,66.30000305175781,66.54000091552734,0.0,12590100,0.4786075837076023,0.2290652191824295,WMT,Walmart,Stock
2024-06-17,66.18136596679688,67.41999816894531,0.0,67.44000244140625,66.41000366210938,66.91999816894531,0.0,12103000,0.5950791833690419,0.3541192344791657,WMT,Walmart,Stock
2024-06-18,66.35806274414062,67.5999984741211,0.0,67.87000274658203,67.30000305175781,67.62999725341797,0.0,12093500,0.2666329314151825,0.0710931201150534,WMT,Walmart,Stock
2024-06-20,66.7605209350586,68.01000213623047,0.0,68.12999725341797,67.30000305175781,67.3499984741211,0.0,13860800,0.604663009488237,0.3656173550433718,WMT,Walmart,Stock
2024-06-21,66.66236114501953,67.91000366210938,0.0,68.55000305175781,67.83000183105469,68.26000213623047,0.0,25883000,-0.1471408895067558,0.0216504413648393,WMT,Walmart,Stock
2024-06-24,67.63418579101562,68.9000015258789,0.0,69.04000091552734,67.9000015258789,68.05000305175781,0.0,12470400,1.4473069220270491,2.094697326547411,WMT,Walmart,Stock
2024-06-25,66.18136596679688,67.41999816894531,0.0,67.58999633789062,66.55000305175781,67.16999816894531,0.0,20869200,-2.1714619734237037,4.715247102025166,WMT,Walmart,Stock
2024-06-26,67.0353775024414,68.29000091552734,0.0,68.5999984741211,67.20999908447266,67.4000015258789,0.0,14177500,1.2821560004984067,1.6439240096140704,WMT,Walmart,Stock
2024-06-27,66.63289642333984,67.87999725341797,0.0,68.58000183105469,67.66999816894531,68.29000091552734,0.0,12899200,-0.602210657229568,0.3626576756808682,WMT,Walmart,Stock
2024-06-28,66.4660415649414,67.70999908447266,0.0,68.0999984741211,67.31999969482422,67.87000274658203,0.0,18816700,-0.250723181307721,0.0628621136450643,WMT,Walmart,Stock
2024-07-01,66.24027252197266,67.4800033569336,0.0,68.23999786376953,67.25,67.88999938964844,0.0,8666000,-0.3402539846547922,0.1157727740734635,WMT,Walmart,Stock
2024-07-02,66.81941223144531,68.06999969482422,0.0,68.08000183105469,67.26000213623047,67.44000244140625,0.0,9436500,0.8705016364328971,0.7577730990323518,WMT,Walmart,Stock
2024-07-03,66.9863052368164,68.23999786376953,0.0,68.25,67.62000274658203,67.80999755859375,0.0,6287500,0.2494558454964817,0.0622282188523645,WMT,Walmart,Stock
2024-07-05,68.75323486328125,70.04000091552734,0.0,70.1500015258789,68.0999984741211,68.16000366210938,0.0,21586100,2.6035588948512016,6.77851891895881,WMT,Walmart,Stock
2024-07-08,68.39984893798828,69.68000030517578,0.0,70.13999938964844,69.3499984741211,69.9000015258789,0.0,12077700,-0.515317187943931,0.2655518041904407,WMT,Walmart,Stock
2024-07-09,68.61579895019531,69.9000015258789,0.0,70.25,69.66999816894531,69.9000015258789,0.0,9758400,0.3152197494933287,0.0993634904706369,WMT,Walmart,Stock
2024-07-10,69.1164321899414,70.41000366210938,0.0,70.44000244140625,69.72000122070312,70.0999984741211,0.0,10803400,0.7269691929133395,0.5284842074450722,WMT,Walmart,Stock
2024-07-11,68.51764678955078,69.80000305175781,0.0,70.44999694824219,69.26000213623047,70.18000030517578,0.0,15624800,-0.8701176084960569,0.7571046526148973,WMT,Walmart,Stock
2024-07-12,67.96792602539062,69.23999786376953,0.0,70.02999877929688,69.16999816894531,69.9000015258789,0.0,12145300,-0.8055411651480813,0.6488965687481284,WMT,Walmart,Stock
2024-07-15,68.33113861083984,69.61000061035156,0.0,69.97000122070312,69.30000305175781,69.30000305175781,0.0,10171100,0.5329654259611363,0.2840521452699354,WMT,Walmart,Stock
2024-07-16,68.70415496826172,69.98999786376953,0.0,70.23999786376953,69.58000183105469,69.81999969482422,0.0,9836800,0.544410522247098,0.2963828167333579,WMT,Walmart,Stock
2024-07-17,69.72504425048828,71.02999877929688,0.0,71.0999984741211,69.94999694824219,70.18000030517578,0.0,13533800,1.474989086959421,2.1755928066493873,WMT,Walmart,Stock
2024-07-18,69.5188980102539,70.81999969482422,0.0,71.19000244140625,70.43000030517578,70.68000030517578,0.0,10682700,-0.2960938730936823,0.0876715816836176,WMT,Walmart,Stock
2024-07-19,69.45018768310547,70.75,0.0,71.33000183105469,70.6500015258789,71.19999694824219,0.0,11665500,-0.0988857808261404,0.0097783976495954,WMT,Walmart,Stock
2024-07-22,69.08697509765625,70.37999725341797,0.0,71.26000213623047,70.2300033569336,70.86000061035156,0.0,12666100,-0.5243552132355938,0.2749483896473449,WMT,Walmart,Stock
2024-07-23,69.3520278930664,70.6500015258789,0.0,70.69999694824219,70.11000061035156,70.47000122070312,0.0,9263600,0.3829168276946936,0.1466252969317677,WMT,Walmart,Stock
2024-07-24,69.30294799804688,70.5999984741211,0.0,70.83999633789062,70.33999633789062,70.5199966430664,0.0,22490800,-0.07079428163892,0.0050118303127707,WMT,Walmart,Stock
2024-07-25,68.73359680175781,70.0199966430664,0.0,70.7699966430664,69.94999694824219,70.5999984741211,0.0,18821200,-0.8249328840772587,0.680514263232024,WMT,Walmart,Stock
2024-07-26,68.49800872802734,69.77999877929688,0.0,70.23999786376953,68.83000183105469,70.2300033569336,0.0,16789300,-0.3433440922841158,0.1178851657064034,WMT,Walmart,Stock
2024-07-29,68.3409423828125,69.62000274658203,0.0,69.9000015258789,69.12999725341797,69.8499984741211,0.0,10315300,-0.2295638967085769,0.0526995826720261,WMT,Walmart,Stock
2024-07-30,67.91886138916016,69.19000244140625,0.0,69.8499984741211,68.9800033569336,69.55000305175781,0.0,12522500,-0.6195258351562911,0.3838122604261,WMT,Walmart,Stock
2024-07-31,67.37894439697266,68.63999938964844,0.0,69.25,68.29000091552734,69.18000030517578,0.0,22908800,-0.7981206422250505,0.6369965595457271,WMT,Walmart,Stock
2024-08-01,68.50782012939453,69.79000091552734,0.0,69.80000305175781,68.5199966430664,68.91000366210938,0.0,17275500,1.6615329784138095,2.760691838356665,WMT,Walmart,Stock
2024-08-02,67.20225524902344,68.45999908447266,0.0,70.23999786376953,67.73999786376953,69.5999984741211,0.0,23578700,-1.924109400575721,3.702196985383861,WMT,Walmart,Stock
2024-08-05,66.3482437133789,67.58999633789062,0.0,68.58000183105469,66.91000366210938,68.0999984741211,0.0,20770500,-1.2789516823385365,1.6357174057565729,WMT,Walmart,Stock
2024-08-06,66.49549865722656,67.73999786376953,0.0,68.62999725341797,67.68000030517578,67.83999633789062,0.0,14815100,0.2216965609855099,0.0491493651528019,WMT,Walmart,Stock
2024-08-07,65.68074798583984,66.91000366210938,0.0,68.01000213623047,66.80999755859375,67.87000274658203,0.0,18499200,-1.2328402591484693,1.5198951045772648,WMT,Walmart,Stock
2024-08-08,66.41695404052734,67.66000366210938,0.0,67.91999816894531,66.66999816894531,66.83999633789062,0.0,12489800,1.114650241210876,1.2424451602314637,WMT,Walmart,Stock
2024-08-09,66.70162963867188,67.94999694824219,0.0,68.22000122070312,67.33000183105469,67.8499984741211,0.0,13805600,0.4277029160618913,0.1829297844078452,WMT,Walmart,Stock
2024-08-12,67.4378433227539,68.69999694824219,0.0,69.22000122070312,68.06999969482422,68.33999633789062,0.0,17385300,1.0976948995273983,1.2049340924484655,WMT,Walmart,Stock
2024-08-13,66.87831115722656,68.12999725341797,0.0,68.61000061035156,67.13999938964844,68.43000030517578,0.0,26557900,-0.83316173603968,0.6941584784006535,WMT,Walmart,Stock
2024-08-14,67.3985824584961,68.66000366210938,0.0,68.79000091552734,67.8499984741211,67.91999816894531,0.0,22928600,0.7749269302149453,0.6005117471723587,WMT,Walmart,Stock
2024-08-15,71.8355484008789,73.18000030517578,0.0,74.44000244140625,72.77999877929688,74.12000274658203,0.0,49567500,6.375547068336225,40.64760042057063,WMT,Walmart,Stock
2024-08-16,72.30609893798828,73.44999694824219,0.208,73.61000061035156,72.5199966430664,72.69999694824219,0.0,19872100,0.6529024988327896,0.4262816729821008,WMT,Walmart,Stock
2024-08-19,72.5718994140625,73.72000122070312,0.0,73.9800033569336,73.33999633789062,73.38999938964844,0.0,13709300,0.3669304895446197,0.1346379841574543,WMT,Walmart,Stock
2024-08-20,73.3791275024414,74.54000091552734,0.0,74.75,73.72000122070312,73.75,0.0,14434000,1.1061742237739862,1.223621413341981,WMT,Walmart,Stock
2024-08-21,74.06822204589844,75.23999786376953,0.0,75.58000183105469,74.58999633789062,75.30000305175781,0.0,14832000,0.9347059307617904,0.873675177001265,WMT,Walmart,Stock
2024-08-22,74.40292358398438,75.58000183105469,0.0,76.22000122070312,75.1500015258789,75.37000274658203,0.0,16511100,0.4508648514130037,0.2032791142396699,WMT,Walmart,Stock
2024-08-23,74.52105712890625,75.69999694824219,0.0,75.80999755859375,75.01000213623047,75.5999984741211,0.0,12299100,0.1586494923578399,0.0251696614254003,WMT,Walmart,Stock
2024-08-26,74.8459243774414,76.02999877929688,0.0,76.20999908447266,75.56999969482422,75.9000015258789,0.0,9508200,0.4349927373729885,0.1892186815672457,WMT,Walmart,Stock
2024-08-27,74.9443588256836,76.12999725341797,0.0,76.44999694824219,75.7699966430664,76.44999694824219,0.0,11557800,0.1314297033248266,0.0172737669160519,WMT,Walmart,Stock
2024-08-28,74.8951416015625,76.08000183105469,0.0,76.43000030517578,75.80999755859375,76.27999877929688,0.0,9814300,-0.0656932594553164,0.0043156043378635,WMT,Walmart,Stock
2024-08-29,75.2298355102539,76.41999816894531,0.0,76.47000122070312,75.66999816894531,75.98999786376953,0.0,11856800,0.445887779170226,0.1988159116133562,WMT,Walmart,Stock
2024-08-30,76.02723693847656,77.2300033569336,0.0,77.47000122070312,76.22000122070312,76.44000244140625,0.0,23230000,1.0543755774345118,1.1117078582903603,WMT,Walmart,Stock
2024-09-03,75.9681625366211,77.16999816894531,0.0,77.80999755859375,76.80000305175781,77.33000183105469,0.0,22666100,-0.0777318327186036,0.0060422378177929,WMT,Walmart,Stock
2024-09-04,76.03706359863281,77.23999786376953,0.0,77.4800033569336,76.7300033569336,77.33000183105469,0.0,18442800,0.090656181346418,0.0082185432163146,WMT,Walmart,Stock
2024-09-05,75.76142883300781,76.95999908447266,0.0,77.44999694824219,76.38999938964844,77.25,0.0,13082900,-0.3631591646829925,0.1318845788932488,WMT,Walmart,Stock
2024-09-06,75.44641876220703,76.63999938964844,0.0,77.31999969482422,76.30000305175781,76.9000015258789,0.0,14548600,-0.4166589651759715,0.1736046932615114,WMT,Walmart,Stock
2024-09-09,76.13551330566406,77.33999633789062,0.0,77.47000122070312,76.48999786376953,76.8499984741211,0.0,22260200,0.9092103275462218,0.8266634197167079,WMT,Walmart,Stock
2024-09-10,77.58262634277344,78.80999755859375,0.0,78.9000015258789,77.27999877929688,77.3499984741211,0.0,17686300,1.882869247140704,3.5451966018282026,WMT,Walmart,Stock
2024-09-11,77.6121597290039,78.83999633789062,0.0,78.91999816894531,77.56999969482422,78.37999725341797,0.0,19518800,0.0380597664838035,0.0014485458248016,WMT,Walmart,Stock
2024-09-12,78.41938781738281,79.66000366210938,0.0,79.91000366210938,78.62000274658203,78.98999786376953,0.0,14877700,1.034707792130295,1.0706202150951496,WMT,Walmart,Stock
2024-09-13,79.3447494506836,80.5999984741211,0.0,80.69000244140625,79.69000244140625,79.81999969482422,0.0,12994100,1.1731084916120889,1.3761835330923904,WMT,Walmart,Stock
2024-09-16,79.30537414550781,80.55999755859375,0.0,81.0199966430664,80.13999938964844,80.83999633789062,0.0,15346400,-0.0496379140359025,0.0024639225098356,WMT,Walmart,Stock
2024-09-17,77.37589263916016,78.5999984741211,0.0,80.26000213623047,78.26000213623047,79.76000213623047,0.0,21065900,-2.46306286789994,6.066678691227477,WMT,Walmart,Stock
2024-09-18,77.7991943359375,79.02999877929688,0.0,79.41000366210938,78.27999877929688,78.63999938964844,0.0,15684900,0.5455808081345336,0.2976584182047307,WMT,Walmart,Stock
2024-09-19,76.8246078491211,78.04000091552734,0.0,79.08999633789062,77.48999786376953,79.05000305175781,0.0,21525700,-1.2606072017621035,1.5891305171344807,WMT,Walmart,Stock
2024-09-20,77.8287353515625,79.05999755859375,0.0,79.61000061035156,78.11000061035156,78.2300033569336,0.0,39534300,1.2985708449707625,1.68628623940808,WMT,Walmart,Stock
2024-09-23,79.0789566040039,80.33000183105469,0.0,80.44000244140625,79.06999969482422,79.06999969482422,0.0,12147300,1.5936092048712238,2.539590297850294,WMT,Walmart,Stock
2024-09-24,79.41364288330078,80.66999816894531,0.0,80.91000366210938,80.23999786376953,80.4800033569336,0.0,14651100,0.4223374187306759,0.1783688952600902,WMT,Walmart,Stock
2024-09-25,80.13228607177734,81.4000015258789,0.0,81.5999984741211,80.68000030517578,80.88999938964844,0.0,14163800,0.9008666700116882,0.8115607571379478,WMT,Walmart,Stock
2024-09-26,78.67533874511719,79.91999816894531,0.0,81.19999694824219,79.26000213623047,81.04000091552734,0.0,17061100,-1.8349096352644243,3.3668933695862235,WMT,Walmart,Stock
2024-09-27,78.53750610351562,79.77999877929688,0.0,80.29000091552734,79.5999984741211,79.9000015258789,0.0,11899100,-0.1753453123366151,0.0307459785584251,WMT,Walmart,Stock
2024-09-30,79.4924087524414,80.75,0.0,80.94000244140625,79.86000061035156,79.88999938964844,0.0,18997000,1.2085234266671936,1.4605288728034156,WMT,Walmart,Stock
2024-10-01,80.00430297851562,81.2699966430664,0.0,81.52999877929688,80.44000244140625,80.68000030517578,0.0,16054200,0.6418890748444788,0.4120215844047009,WMT,Walmart,Stock
2024-10-02,79.17739868164062,80.43000030517578,0.0,80.98999786376953,80.12000274658203,80.98999786376953,0.0,16618300,-1.0389532545589035,1.0794238651585382,WMT,Walmart,Stock
2024-10-03,79.17739868164062,80.43000030517578,0.0,80.58000183105469,79.8499984741211,80.30000305175781,0.0,11640400,0.0,0.0,WMT,Walmart,Stock
2024-10-04,79.67945861816406,80.94000244140625,0.0,81.11000061035156,79.8499984741211,80.05000305175781,0.0,11583400,0.6320930889251535,0.399541673066942,WMT,Walmart,Stock
2024-10-07,77.86810302734375,79.0999984741211,0.0,80.94000244140625,78.9800033569336,80.69000244140625,0.0,16791600,-2.2995410273873813,5.287888936637813,WMT,Walmart,Stock
2024-10-08,78.4686050415039,79.70999908447266,0.0,79.81999969482422,79.06999969482422,79.62000274658203,0.0,15270000,0.7682200487065683,0.5901620432347222,WMT,Walmart,Stock
2024-10-09,79.14785766601562,80.4000015258789,0.0,80.5,79.75,79.81999969482422,0.0,12413000,0.8619110185889284,0.7428906039650041,WMT,Walmart,Stock
2024-10-10,78.37016296386719,79.61000061035156,0.0,80.31999969482422,79.45999908447266,80.30999755859375,0.0,10812700,-0.987443872252818,0.9750454008496394,WMT,Walmart,Stock
2024-10-11,78.85253143310547,80.0999984741211,0.0,80.12999725341797,79.37000274658203,79.69999694824219,0.0,9570700,0.6136136829431184,0.3765217518950178,WMT,Walmart,Stock
2024-10-14,79.0395736694336,80.29000091552734,0.0,80.51000213623047,79.76000213623047,80.05000305175781,0.0,9914500,0.2369242258192381,0.0561330887800453,WMT,Walmart,Stock
2024-10-15,80.37838745117188,81.6500015258789,0.0,81.81999969482422,80.51000213623047,80.66999816894531,0.0,13276200,1.679666768523033,2.8212804532806093,WMT,Walmart,Stock
2024-10-16,79.95508575439453,81.22000122070312,0.0,81.66000366210938,80.62000274658203,81.52999877929688,0.0,11123300,-0.5280278307853268,0.2788133900838577,WMT,Walmart,Stock
2024-10-17,79.6302261352539,80.88999938964844,0.0,81.5,80.6500015258789,81.2699966430664,0.0,9424700,-0.4071302853876785,0.1657550692798525,WMT,Walmart,Stock
2024-10-18,80.04368591308594,81.30999755859375,0.0,81.69000244140625,80.66000366210938,80.87000274658203,0.0,12324100,0.5178813453168233,0.2682010878271628,WMT,Walmart,Stock
2024-10-21,79.55147552490234,80.80999755859375,0.0,81.55000305175781,80.72000122070312,81.2300033569336,0.0,9750400,-0.6168256535569905,0.3804738868860084,WMT,Walmart,Stock
2024-10-22,80.74262237548828,82.0199966430664,0.0,82.2300033569336,80.83000183105469,81.11000061035156,0.0,12240100,1.4862291150016136,2.2088769822784795,WMT,Walmart,Stock
2024-10-23,81.97315216064453,83.2699966430664,0.0,83.33999633789062,81.80000305175781,81.88999938964844,0.0,13058200,1.512518682015481,2.287712763445848,WMT,Walmart,Stock
2024-10-24,81.74674987792969,83.04000091552734,0.0,83.31999969482422,82.58000183105469,82.95999908447266,0.0,11645900,-0.2765728835812476,0.0764925599324463,WMT,Walmart,Stock
2024-10-25,81.2249984741211,82.51000213623047,0.0,83.30000305175781,82.44000244140625,83.19999694824219,0.0,8959400,-0.6402989372806238,0.4099827290826962,WMT,Walmart,Stock
2024-10-28,81.46125793457031,82.75,0.0,83.08000183105469,82.47000122070312,82.75,0.0,7990200,0.290448169077479,0.0843601389204598,WMT,Walmart,Stock
2024-10-29,80.42761993408203,81.69999694824219,0.0,82.86000061035156,81.66999816894531,82.66999816894531,0.0,9682400,-1.276989575019816,1.6307023747092906,WMT,Walmart,Stock
2024-10-30,80.12244415283203,81.38999938964844,0.0,81.83000183105469,81.30000305175781,81.5999984741211,0.0,9268800,-0.3801632226424198,0.1445240758498701,WMT,Walmart,Stock
2024-10-31,80.67371368408203,81.94999694824219,0.0,82.44000244140625,81.22000122070312,81.29000091552734,0.0,15539000,0.6856776909475772,0.4701538958632013,WMT,Walmart,Stock
2024-11-01,80.90998840332031,82.19000244140625,0.0,82.52999877929688,81.54000091552734,82.52999877929688,0.0,12181800,0.2924489098635676,0.085526364880389,WMT,Walmart,Stock
2024-11-04,81.16592407226562,82.44999694824219,0.0,82.91000366210938,82.0,82.19999694824219,0.0,11731000,0.3158222314088524,0.0997436818520667,WMT,Walmart,Stock
2024-11-05,82.37678527832031,83.68000030517578,0.0,83.7699966430664,82.51000213623047,82.68000030517578,0.0,10612500,1.4808160356586353,2.1928161314637564,WMT,Walmart,Stock
2024-11-06,82.1405258178711,83.44000244140625,0.0,85.54000091552734,82.05999755859375,85.13999938964844,0.0,19974000,-0.2872155170651562,0.082492753243005,WMT,Walmart,Stock
2024-11-07,82.54412078857422,83.8499984741211,0.0,84.38999938964844,83.41999816894531,83.72000122070312,0.0,12665800,0.4901437833091286,0.240240928316586,WMT,Walmart,Stock
2024-11-08,83.50887298583984,84.83000183105469,0.0,85.41999816894531,84.2300033569336,84.27999877929688,0.0,14396500,1.1619941690021949,1.350230448795101,WMT,Walmart,Stock
2024-11-11,82.89852905273438,84.20999908447266,0.0,85.41000366210938,84.12000274658203,84.94999694824219,0.0,10433200,-0.7335571164991652,0.5381060431665698,WMT,Walmart,Stock
2024-11-12,83.66637420654297,84.98999786376953,0.0,85.52999877929688,84.5,84.5,0.0,12860200,0.9219836568493308,0.8500538634972646,WMT,Walmart,Stock
2024-11-13,84.1684341430664,85.5,0.0,85.79000091552734,84.7699966430664,84.98999786376953,0.0,12802600,0.598280462817698,0.3579395121893589,WMT,Walmart,Stock
2024-11-14,83.15447998046875,84.47000122070312,0.0,85.76000213623047,84.33999633789062,85.02999877929688,0.0,15740700,-1.2119877060981057,1.4689141997329476,WMT,Walmart,Stock
2024-11-15,82.93789672851562,84.25,0.0,84.77999877929688,83.94000244140625,84.52999877929688,0.0,17370600,-0.2607986940808356,0.0680159588342692,WMT,Walmart,Stock
2024-11-18,82.77054595947266,84.08000183105469,0.0,84.8499984741211,83.66000366210938,84.81999969482422,0.0,25093800,-0.2019822565744686,0.0407968319709144,WMT,Walmart,Stock
2024-11-19,85.25130462646484,86.5999984741211,0.0,88.29000091552734,85.91000366210938,86.2300033569336,0.0,36340900,2.9531146603892213,8.720886197405745,WMT,Walmart,Stock
2024-11-20,85.82227325439453,87.18000030517578,0.0,87.19999694824219,85.91000366210938,86.5999984741211,0.0,18183200,0.6675148261745072,0.4455760431627825,WMT,Walmart,Stock
2024-11-21,87.013427734375,88.38999938964844,0.0,88.63999938964844,86.93000030517578,87.44999694824219,0.0,18729200,1.3783880675024855,1.899953664633237,WMT,Walmart,Stock
2024-11-22,89.03150177001953,90.44000244140624,0.0,90.91000366210938,88.93000030517578,89.41000366210938,0.0,23990600,2.2927811058327743,5.2568451992637595,WMT,Walmart,Stock
2024-11-25,88.10614013671875,89.5,0.0,90.9499969482422,89.05999755859375,90.5,0.0,25078600,-1.0448033982387932,1.0916141409713302,WMT,Walmart,Stock
2024-11-26,89.887939453125,91.30999755859376,0.0,91.87999725341795,89.83999633789062,89.88999938964844,0.0,16657000,2.002155174483364,4.008625342710509,WMT,Walmart,Stock
2024-11-27,90.4490737915039,91.87999725341795,0.0,92.25,91.30999755859376,92.0,0.0,14358900,0.6223194443073983,0.387281490763069,WMT,Walmart,Stock
2024-11-29,91.05941009521484,92.5,0.0,92.63999938964844,91.81999969482422,92.26000213623048,0.0,11041200,0.67251799034356,0.4522804473357406,WMT,Walmart,Stock
2024-12-02,91.19723510742188,92.63999938964844,0.0,92.98999786376952,91.9499969482422,92.81999969482422,0.0,17173000,0.1512428129311556,0.0228743884633285,WMT,Walmart,Stock
2024-12-03,92.05369567871094,93.51000213623048,0.0,93.58999633789062,92.26000213623048,92.77999877929688,0.0,17775200,0.9347475657895284,0.8737530117494489,WMT,Walmart,Stock
2024-12-04,92.97903442382812,94.4499969482422,0.0,94.5199966430664,93.0500030517578,93.4499969482422,0.0,17312600,1.000197596171686,1.0003952313876192,WMT,Walmart,Stock
2024-12-05,93.8158187866211,95.3000030517578,0.0,95.5999984741211,94.33999633789062,94.88999938964844,0.0,21932300,0.8959454138274229,0.8027181845583921,WMT,Walmart,Stock
2024-12-06,94.20957946777344,95.6999969482422,0.0,96.18000030517578,95.33000183105467,95.54000091552734,0.0,18803500,0.4188383701761715,0.1754255803318317,WMT,Walmart,Stock
2024-12-09,92.3686981201172,93.83000183105467,0.0,95.94000244140624,93.5999984741211,95.66000366210938,0.0,20931100,-1.9733712955746312,3.8941942701978984,WMT,Walmart,Stock
2024-12-10,93.07749938964844,94.5500030517578,0.0,95.23999786376952,93.7699966430664,94.0500030517578,0.0,13164500,0.764431657965312,0.5843557596995957,WMT,Walmart,Stock
2024-12-11,93.48110961914062,94.95999908447266,0.0,95.69000244140624,94.5,94.54000091552734,0.0,19682100,0.4326906823971024,0.1872212266332701,WMT,Walmart,Stock
2024-12-12,92.62464904785156,94.08999633789062,0.0,95.72000122070312,94.08999633789062,95.68000030517578,0.0,14298600,-0.9204085071658686,0.8471518200633028,WMT,Walmart,Stock
2024-12-13,92.98771667480467,94.25,0.208,94.68000030517578,93.04000091552734,93.8000030517578,0.0,11495900,0.3912111012542097,0.1530461257445315,WMT,Walmart,Stock
2024-12-16,93.59943389892578,94.87000274658205,0.0,95.70999908447266,94.0999984741211,94.41999816894533,0.0,16742000,0.6556929712310176,0.42993327252176,WMT,Walmart,Stock
2024-12-17,94.14205169677734,95.41999816894533,0.0,95.48999786376952,94.31999969482422,95.13999938964844,0.0,23560800,0.5780494460811518,0.3341411621147264,WMT,Walmart,Stock
2024-12-18,92.29710388183594,93.5500030517578,0.0,95.9000015258789,93.12999725341795,95.33999633789062,0.0,24665600,-1.97920660493503,3.917258785018447,WMT,Walmart,Stock
2024-12-19,92.14911651611328,93.4000015258789,0.0,94.56999969482422,93.36000061035156,94.4800033569336,0.0,16606500,-0.160466717245225,0.025749567343459,WMT,Walmart,Stock
2024-12-20,91.00464630126952,92.23999786376952,0.0,93.75,91.62999725341795,93.01000213623048,0.0,49350600,-1.249753314673486,1.5618833475373657,WMT,Walmart,Stock
2024-12-23,89.13995361328125,90.3499984741211,0.0,91.5,88.91000366210938,91.5,0.0,26205400,-2.0702916331367436,4.286107446236005,WMT,Walmart,Stock
2024-12-24,91.43875885009766,92.68000030517578,0.0,92.68000030517578,90.3499984741211,90.37000274658205,0.0,8992400,2.5461798876288393,6.483032020165608,WMT,Walmart,Stock
2024-12-26,91.54727935791016,92.79000091552734,0.0,92.87999725341795,92.16999816894533,92.54000091552734,0.0,10994000,0.1186107110661762,0.0140685007796239,WMT,Walmart,Stock
2024-12-27,90.4324188232422,91.66000366210938,0.0,92.3499984741211,91.02999877929688,92.12999725341795,0.0,11384400,-1.22527347123291,1.501295079307145,WMT,Walmart,Stock
2024-12-30,89.35700988769531,90.56999969482422,0.0,91.06999969482422,90.12999725341795,90.7300033569336,0.0,9790200,-1.196312562919765,1.4311637481996569,WMT,Walmart,Stock
2024-12-31,89.13995361328125,90.3499984741211,0.0,90.94000244140624,90.05999755859375,90.56999969482422,0.0,11267700,-0.2432045645423317,0.0591484602142252,WMT,Walmart,Stock
2025-01-02,88.79463958740234,90.0,0.0,90.5999984741211,89.5199966430664,89.9800033569336,0.0,14820400,-0.3881363968409659,0.1506498625526878,WMT,Walmart,Stock
2025-01-03,89.56419372558594,90.77999877929688,0.0,91.3000030517578,90.13999938964844,90.1500015258789,0.0,10834600,0.862933334237025,0.7446539393374291,WMT,Walmart,Stock
2025-01-06,90.20549774169922,91.43000030517578,0.0,92.47000122070312,90.66999816894533,90.83000183105467,0.0,14519900,0.7134759272605565,0.509047898780311,WMT,Walmart,Stock
2025-01-07,89.59379577636719,90.80999755859376,0.0,91.94000244140624,90.4499969482422,91.6999969482422,0.0,11238000,-0.6804301768221486,0.4629852255302203,WMT,Walmart,Stock
2025-01-08,90.57054901123048,91.8000030517578,0.0,91.8499984741211,90.81999969482422,91.11000061035156,0.0,13453600,1.0843020086179225,1.175710845892861,WMT,Walmart,Stock
2025-01-10,91.75446319580078,93.0,0.0,93.58000183105467,92.1999969482422,92.48999786376952,0.0,18140900,1.2987036835093466,1.6866312575607452,WMT,Walmart,Stock
2025-01-13,90.3041534423828,91.52999877929688,0.0,92.43000030517578,91.0999984741211,92.12000274658205,0.0,18617100,-1.5932675532549443,2.5385014962549977,WMT,Walmart,Stock
2025-01-14,89.57406616210938,90.79000091552734,0.0,91.9800033569336,90.56999969482422,91.86000061035156,0.0,13549200,-0.8117617474861739,0.6589571346818068,WMT,Walmart,Stock
2025-01-15,90.11669921875,91.33999633789062,0.0,91.7300033569336,90.80999755859376,91.06999969482422,0.0,17348200,0.6039650451434131,0.364773775755085,WMT,Walmart,Stock
2025-01-16,90.0772476196289,91.3000030517578,0.0,91.72000122070312,90.12000274658205,91.5,0.0,13267700,-0.0437879301093797,0.0019173828232639,WMT,Walmart,Stock
2025-01-17,90.70866394042967,91.94000244140624,0.0,92.26000213623048,91.0500030517578,92.06999969482422,0.0,15868200,0.6985266526481786,0.4879394844598691,WMT,Walmart,Stock
2025-01-21,91.83340454101562,93.08000183105467,0.0,94.23999786376952,92.30999755859376,92.4800033569336,0.0,23247500,1.2323239719026398,1.518622371725898,WMT,Walmart,Stock
2025-01-22,91.9813995361328,93.2300033569336,0.0,94.0,92.5199966430664,93.7699966430664,0.0,15567100,0.1610262327224061,0.0259294476247704,WMT,Walmart,Stock
2025-01-23,92.55361938476562,93.80999755859376,0.0,93.80999755859376,92.31999969482422,92.95999908447266,0.0,14198400,0.6201767946639569,0.3846192566396598,WMT,Walmart,Stock
2025-01-24,93.49089813232422,94.76000213623048,0.0,95.01000213623048,93.45999908447266,93.54000091552734,0.0,14973800,1.0075939778162273,1.015245624131528,WMT,Walmart,Stock
2025-01-27,96.09554290771484,97.4000015258789,0.0,97.45999908447266,94.81999969482422,95.9000015258789,0.0,18880600,2.7478849790413915,7.550871858041309,WMT,Walmart,Stock
2025-01-28,95.98702239990234,97.29000091552734,0.0,97.83999633789062,96.7300033569336,97.2300033569336,0.0,14641600,-0.1129936172862852,0.0127675575474395,WMT,Walmart,Stock
2025-01-29,96.1942138671875,97.5,0.0,98.16999816894533,97.22000122070312,97.43000030517578,0.0,11261400,0.215620995663474,0.0464924137709078,WMT,Walmart,Stock
2025-01-30,97.32880401611328,98.6500015258789,0.0,98.93000030517578,97.41999816894533,97.69000244140624,0.0,11012200,1.1725769484370214,1.3749367000058772,WMT,Walmart,Stock
2025-01-31,96.84536743164062,98.16000366210938,0.0,99.0,97.6999969482422,99.0,0.0,16391200,-0.4979422131731354,0.2479464476597602,WMT,Walmart,Stock
2025-02-03,98.20687866210938,99.54000091552734,0.0,99.79000091552734,96.47000122070312,96.7699966430664,0.0,20484200,1.3960704078197077,1.949012583589885,WMT,Walmart,Stock
2025-02-04,99.42040252685548,100.7699966430664,0.0,100.9499969482422,99.69000244140624,99.97000122070312,0.0,15201200,1.2281089026776757,1.508251476836164,WMT,Walmart,Stock
2025-02-05,101.08777618408205,102.45999908447266,0.0,102.58000183105467,100.54000091552734,100.6500015258789,0.0,15926700,1.663186113748402,2.7661880489655117,WMT,Walmart,Stock
2025-02-06,101.47254943847656,102.8499984741211,0.0,103.0199966430664,101.94000244140624,102.52999877929688,0.0,13088500,0.3799102474817148,0.1443317961416177,WMT,Walmart,Stock
2025-02-07,99.79531860351562,101.1500015258789,0.0,103.11000061035156,101.11000061035156,103.0,0.0,12451100,-1.6667038585134302,2.7779017519835563,WMT,Walmart,Stock
2025-02-10,101.5416030883789,102.91999816894533,0.0,102.93000030517578,101.25,101.9499969482422,0.0,15274600,1.734732271021571,3.009296052123656,WMT,Walmart,Stock
2025-02-11,101.0976333618164,102.47000122070312,0.0,102.8499984741211,101.8499984741211,102.62000274658205,0.0,11953600,-0.4381880278702334,0.1920087477688044,WMT,Walmart,Stock
2025-02-12,102.2223663330078,103.61000061035156,0.0,103.9000015258789,102.04000091552734,102.12000274658205,0.0,15162100,1.106378561697425,1.2240735217836636,WMT,Walmart,Stock
2025-02-13,103.6430892944336,105.0500030517578,0.0,105.23999786376952,103.52999877929688,104.0,0.0,12604400,1.3802660699848712,1.9051344239514816,WMT,Walmart,Stock
2025-02-14,102.64661407470705,104.04000091552734,0.0,105.3000030517578,103.5999984741211,105.3000030517578,0.0,14109500,-0.9661005410771386,0.93335025546954,WMT,Walmart,Stock
2025-02-18,102.3900909423828,103.77999877929688,0.0,103.98999786376952,102.51000213623048,103.72000122070312,0.0,18247300,-0.2502217992098478,0.0626109487998134,WMT,Walmart,Stock
2025-02-19,102.60714721679688,104.0,0.0,104.1999969482422,102.5500030517578,103.8499984741211,0.0,18508000,0.2117651510605256,0.0448444792036872,WMT,Walmart,Stock
2025-02-20,95.90808868408205,97.20999908447266,0.0,100.12000274658205,96.68000030517578,98.77999877929688,0.0,55450900,-6.751726797511297,45.58581474823215,WMT,Walmart,Stock
2025-02-21,93.51063537597656,94.77999877929688,0.0,96.8499984741211,94.12000274658205,96.52999877929688,0.0,35014800,-2.5315146155217048,6.408566248600005,WMT,Walmart,Stock
2025-02-24,92.4155044555664,93.66999816894533,0.0,94.63999938964844,92.12000274658205,94.18000030517578,0.0,29755900,-1.1780415453113395,1.387781882479529,WMT,Walmart,Stock
2025-02-25,96.38166046142578,97.69000244140624,0.0,97.91000366210938,94.23999786376952,94.3499984741211,0.0,29331200,4.202117763226218,17.65779369602131,WMT,Walmart,Stock
2025-02-26,94.91160583496094,96.1999969482422,0.0,98.7300033569336,96.06999969482422,97.6999969482422,0.0,19069700,-1.536994578747663,2.362352335099707,WMT,Walmart,Stock
2025-02-27,95.49372100830078,96.79000091552734,0.0,98.04000091552734,95.80999755859376,95.9000015258789,0.0,16431500,0.611450316674656,0.3738714897615371,WMT,Walmart,Stock
2025-02-28,97.28933715820312,98.61000061035156,0.0,98.86000061035156,97.16999816894533,97.79000091552734,0.0,25451300,1.8628899191488248,3.4703588508663143,WMT,Walmart,Stock
2025-03-03,96.28299713134766,97.58999633789062,0.0,99.48999786376952,96.83000183105467,97.9800033569336,0.0,18372200,-1.0397654157752436,1.0811121198422653,WMT,Walmart,Stock
2025-03-04,93.69808197021484,94.97000122070312,0.0,97.0500030517578,94.45999908447266,95.76000213623048,0.0,25227700,-2.7214022621496645,7.406030272433312,WMT,Walmart,Stock
2025-03-05,94.69456481933594,95.9800033569336,0.0,96.38999938964844,94.75,94.97000122070312,0.0,17639000,1.0578885740528434,1.1191282351115583,WMT,Walmart,Stock
2025-03-06,93.37250518798828,94.63999938964844,0.0,96.19000244140624,94.18000030517578,94.8000030517578,0.0,19957800,-1.4059679978622608,1.976746011012814,WMT,Walmart,Stock
2025-03-07,90.49160766601562,91.72000122070312,0.0,93.9499969482422,90.76000213623048,93.94000244140624,0.0,35913200,-3.1339811461405644,9.821837824364524,WMT,Walmart,Stock
2025-03-10,86.64384460449219,87.81999969482422,0.0,90.2300033569336,86.61000061035156,89.76000213623047,0.0,35148800,-4.345113725074396,18.88001328382989,WMT,Walmart,Stock
2025-03-11,86.2689437866211,87.44000244140625,0.0,89.3499984741211,87.13999938964844,87.29000091552734,0.0,28687600,-0.433630628266206,0.1880355217705445,WMT,Walmart,Stock
2025-03-12,84.05892181396484,85.19999694824219,0.0,89.0999984741211,84.87999725341797,87.87999725341797,0.0,33301600,-2.595166679192469,6.734890092790867,WMT,Walmart,Stock
2025-03-13,83.3683090209961,84.5,0.0,85.44999694824219,83.87000274658203,84.94000244140625,0.0,31507800,-0.8249753715160528,0.6805843636080494,WMT,Walmart,Stock
2025-03-14,84.20692443847656,85.3499984741211,0.0,85.37000274658203,84.05999755859375,84.95999908447266,0.0,35500600,1.0008906460362437,1.0017820853228492,WMT,Walmart,Stock
2025-03-17,86.2886734008789,87.45999908447266,0.0,87.98999786376953,84.9800033569336,85.12999725341797,0.0,26297800,2.4421186818929113,5.96394365645037,WMT,Walmart,Stock
2025-03-18,84.44371032714844,85.58999633789062,0.0,87.68000030517578,85.5,87.44000244140625,0.0,17850900,-2.1613180260435847,4.6712956097009375,WMT,Walmart,Stock
2025-03-19,85.17379760742188,86.33000183105469,0.0,86.79000091552734,85.62000274658203,85.94999694824219,0.0,24555900,0.8608684304135977,0.7410944544827713,WMT,Walmart,Stock
2025-03-20,84.66077423095703,85.80999755859375,0.0,87.08000183105469,85.5199966430664,85.80999755859375,0.0,18185500,-0.6041466485033746,0.3649931728978601,WMT,Walmart,Stock
2025-03-21,85.06143951416016,85.9800033569336,0.235,86.2300033569336,84.77999877929688,85.27999877929688,0.0,26797200,0.4721432965807655,0.2229192925061526,WMT,Walmart,Stock
2025-03-24,86.55530548095703,87.48999786376953,0.0,87.6500015258789,86.3499984741211,86.47000122070312,0.0,17900700,1.7409766153157435,3.0309995750762626,WMT,Walmart,Stock
2025-03-25,83.85447692871094,84.76000213623047,0.0,87.30999755859375,84.62000274658203,86.76000213623047,0.0,27908600,-3.1700700392803456,10.049344053942892,WMT,Walmart,Stock
2025-03-26,84.2996597290039,85.20999908447266,0.0,85.55999755859375,84.56999969482422,85.19000244140625,0.0,27228800,0.5294949612953346,0.2803649140371478,WMT,Walmart,Stock
2025-03-27,84.71517181396484,85.62999725341797,0.0,86.11000061035156,84.77999877929688,84.77999877929688,0.0,16782800,0.4916881178722282,0.2417572052567342,WMT,Walmart,Stock
2025-03-28,84.24030303955078,85.1500015258789,0.0,85.83000183105469,84.69999694824219,85.43000030517578,0.0,14790600,-0.5621244594165521,0.3159839078743509,WMT,Walmart,Stock
2025-03-31,86.85210418701172,87.79000091552734,0.0,88.19999694824219,84.37000274658203,84.76000213623047,0.0,30269300,3.053325506850317,9.322796650782744,WMT,Walmart,Stock
2025-04-01,87.88098907470703,88.83000183105469,0.0,89.11000061035156,87.37000274658203,87.54000091552734,0.0,22080300,1.1776782062529778,1.386925957483231,WMT,Walmart,Stock
2025-04-02,88.8010482788086,89.76000213623047,0.0,90.1500015258789,88.12000274658203,88.19999694824219,0.0,19384100,1.041495258410417,1.0847123732913806,WMT,Walmart,Stock
2025-04-03,86.32776641845703,87.26000213623047,0.0,89.87999725341797,86.27999877929688,86.27999877929688,0.0,33012900,-2.824716555708096,7.979023620091409,WMT,Walmart,Stock
2025-04-04,82.3012466430664,83.19000244140625,0.0,87.38999938964844,82.6500015258789,85.63999938964844,0.0,36209000,-4.776503419823085,22.814984919581622,WMT,Walmart,Stock
2025-04-07,82.93441772460938,83.83000183105469,0.0,86.26000213623047,79.80999755859375,80.23999786376953,0.0,36884900,0.7663892454267157,0.5873524755057307,WMT,Walmart,Stock
2025-04-08,80.91619873046875,81.79000091552734,0.0,86.97000122070312,81.02999877929688,85.8499984741211,0.0,34351700,-2.463611202196093,6.069380155586079,WMT,Walmart,Stock
2025-04-09,88.64276123046875,89.5999984741211,0.0,90.8000030517578,83.0199966430664,83.33000183105469,0.0,46632800,9.120033803256764,83.17501657254606,WMT,Walmart,Stock
2025-04-10,89.64198303222656,90.61000061035156,0.0,91.87000274658205,88.16000366210938,88.7300033569336,0.0,34735300,1.120939728861433,1.2565058757399428,WMT,Walmart,Stock
2025-04-11,91.80857849121094,92.8000030517578,0.0,93.3499984741211,90.01000213623047,90.68000030517578,0.0,25508100,2.388197000900385,5.703484915109591,WMT,Walmart,Stock
2025-04-14,93.71795654296876,94.7300033569336,0.0,95.44000244140624,92.9000015258789,93.2699966430664,0.0,27742900,2.0584068672489564,4.237038831137663,WMT,Walmart,Stock
2025-04-15,92.96607971191406,93.97000122070312,0.0,96.02999877929688,93.87000274658205,94.81999969482422,0.0,21871200,-0.8055117208618503,0.6488491324458194,WMT,Walmart,Stock
2025-04-16,90.2157745361328,91.19000244140624,0.0,94.3000030517578,90.61000061035156,94.0,0.0,22229100,-3.003039657027775,9.018247181681495,WMT,Walmart,Stock
2025-04-17,92.22409057617188,93.22000122070312,0.0,93.87000274658205,91.62000274658205,91.83000183105467,0.0,21393900,2.20170867381448,4.847521084349917,WMT,Walmart,Stock
2025-04-21,91.42273712158205,92.41000366210938,0.0,94.08000183105467,91.33999633789062,93.0199966430664,0.0,18361200,-0.8727169979314584,0.7616349584784972,WMT,Walmart,Stock
2025-04-22,93.83667755126952,94.8499984741211,0.0,95.29000091552734,92.87999725341795,92.87999725341795,0.0,15407800,2.6061585724963563,6.792062504996245,WMT,Walmart,Stock
2025-04-23,93.94548797607422,94.95999908447266,0.0,96.5999984741211,94.16000366210938,95.0199966430664,0.0,18046900,0.1158900651478463,0.013430507199972,WMT,Walmart,Stock
2025-04-24,94.81610107421876,95.83999633789062,0.0,96.22000122070312,93.66000366210938,94.70999908447266,0.0,13444500,0.9224538488381768,0.8509211032363659,WMT,Walmart,Stock
2025-04-25,94.07410430908205,95.08999633789062,0.0,96.47000122070312,94.36000061035156,95.8000030517578,0.0,15317200,-0.7856421990457007,0.6172336649213643,WMT,Walmart,Stock
2025-04-28,94.20272064208984,95.22000122070312,0.0,96.0,94.33999633789062,95.0999984741211,0.0,12950000,0.13662473121456,0.0186663171794507,WMT,Walmart,Stock
2025-04-29,95.0139617919922,96.04000091552734,0.0,96.18000030517578,94.41999816894533,94.83999633789062,0.0,12679000,0.8574784317457819,0.7352692609092055,WMT,Walmart,Stock
2025-04-30,96.2110366821289,97.25,0.0,97.77999877929688,94.93000030517578,95.94000244140624,0.0,21639900,1.252023048298528,1.567561713470738,WMT,Walmart,Stock
2025-05-01,96.36933135986328,97.41000366210938,0.0,97.9000015258789,96.58999633789062,97.0199966430664,0.0,13171800,0.1643934062369042,0.0270251920141718,WMT,Walmart,Stock
2025-05-02,97.69501495361328,98.75,0.0,99.22000122070312,97.8499984741211,97.9499969482422,0.0,16031400,1.36625221518136,1.8666451154879735,WMT,Walmart,Stock
2025-05-05,98.2688217163086,99.33000183105467,0.0,99.73999786376952,98.52999877929688,98.94000244140624,0.0,12439100,0.5856268303164484,0.3429587843864902,WMT,Walmart,Stock
2025-05-06,97.49715423583984,98.5500030517578,0.0,99.47000122070312,98.41000366210938,98.73999786376952,0.0,10626000,-0.7883611780767819,0.6215133470986114,WMT,Walmart,Stock
2025-05-07,97.77416229248048,98.83000183105467,0.0,99.2300033569336,98.30999755859376,98.5500030517578,0.0,11301300,0.2837162645082355,0.080494918746507,WMT,Walmart,Stock
2025-05-08,96.3891143798828,97.43000030517578,0.0,99.33000183105467,97.36000061035156,98.75,0.0,14461100,-1.4267079028314409,2.035495440001688,WMT,Walmart,Stock
2025-05-09,95.91805267333984,96.72000122070312,0.235,97.1999969482422,96.29000091552734,96.75,0.0,13697800,-0.4899064927398079,0.2400083716286194,WMT,Walmart,Stock
2025-05-12,95.94780731201172,96.75,0.0,97.97000122070312,95.62000274658205,97.66999816894533,0.0,26783900,0.0310160847924483,0.0009619975158523,WMT,Walmart,Stock
2025-05-13,95.0850067138672,95.87999725341795,0.0,97.31999969482422,95.2300033569336,96.5,0.0,19746700,-0.9033070777071514,0.8159636766358336,WMT,Walmart,Stock
2025-05-14,96.02713775634766,96.83000183105467,0.0,97.33000183105467,95.83000183105467,96.02999877929688,0.0,25620100,0.985953746857881,0.9721047909430944,WMT,Walmart,Stock
2025-05-15,95.55111694335938,96.3499984741211,0.0,96.72000122070312,91.88999938964844,94.3000030517578,0.0,44026100,-0.496947624220425,0.2469569412183248,WMT,Walmart,Stock
2025-05-16,97.42544555664062,98.23999786376952,0.0,99.19000244140624,96.0,96.13999938964844,0.0,33746200,1.9426064304238773,3.7737197435241985,WMT,Walmart,Stock
2025-05-19,97.3064422607422,98.12000274658205,0.0,98.27999877929688,95.80999755859376,96.6500015258789,0.0,20041600,-0.1222227258684531,0.014938394718715,WMT,Walmart,Stock
2025-05-20,96.98909759521484,97.8000030517578,0.0,98.81999969482422,96.5199966430664,98.55999755859376,0.0,15609600,-0.3266621024407989,0.106708129171043,WMT,Walmart,Stock
2025-05-21,95.63044738769533,96.43000030517578,0.0,97.76000213623048,95.9800033569336,97.12999725341795,0.0,15742300,-1.41073195908433,1.9901646603819112,WMT,Walmart,Stock
2025-05-22,95.13459014892578,95.93000030517578,0.0,96.95999908447266,95.81999969482422,96.54000091552734,0.0,13712200,-0.5198629286737138,0.2702574646092108,WMT,Walmart,Stock
2025-05-23,95.54119873046876,96.33999633789062,0.0,96.54000091552734,95.0,95.33999633789062,0.0,13668600,0.4264927396078006,0.1818960569381672,WMT,Walmart,Stock
2025-05-27,96.77091217041016,97.58000183105467,0.0,97.8000030517578,96.58000183105467,97.3000030517578,0.0,17180900,1.2788900238432472,1.6355596930857814,WMT,Walmart,Stock
2025-05-28,96.43373107910156,97.23999786376952,0.0,98.23999786376952,97.05999755859376,97.5199966430664,0.0,11220100,-0.3490407145076242,0.1218294203839928,WMT,Walmart,Stock
2025-05-29,96.29489135742188,97.0999984741211,0.0,97.7699966430664,96.8499984741211,97.62999725341795,0.0,14338000,-0.1440779723758004,0.0207584621239219,WMT,Walmart,Stock
2025-05-30,97.9014663696289,98.72000122070312,0.0,98.93000030517578,96.5999984741211,96.95999908447266,0.0,29980100,1.6546259514643515,2.7377870392593104,WMT,Walmart,Stock
2025-06-02,98.9427490234375,99.7699966430664,0.0,99.91000366210938,98.0500030517578,98.83999633789062,0.0,16999200,1.057986250272107,1.1193349057648327,WMT,Walmart,Stock
2025-06-03,99.15100860595705,99.9800033569336,0.0,100.88999938964844,98.56999969482422,99.56999969482422,0.0,15598600,0.2102637273779219,0.044210835050857,WMT,Walmart,Stock
2025-06-04,98.52623748779295,99.3499984741211,0.0,100.12999725341795,99.31999969482422,99.79000091552734,0.0,11115600,-0.6321144297922765,0.3995686523516149,WMT,Walmart,Stock
2025-06-05,97.14776611328124,97.95999908447266,0.0,99.58999633789062,97.61000061035156,99.3000030517578,0.0,15817100,-1.4089701785048545,1.9851969639160016,WMT,Walmart,Stock
2025-06-06,96.66183471679688,97.47000122070312,0.0,98.55999755859376,96.97000122070312,98.37000274658205,0.0,15599300,-0.5014533982359869,0.2514555106024193,WMT,Walmart,Stock
2025-06-09,96.6419906616211,97.4499969482422,0.0,97.8499984741211,96.7699966430664,97.4000015258789,0.0,13655700,-0.0205314666759862,0.0004215411238671,WMT,Walmart,Stock
2025-06-10,96.51307678222656,97.31999969482422,0.0,98.08999633789062,96.4800033569336,97.29000091552734,0.0,17162500,-0.1334822847172327,0.0178175203333323,WMT,Walmart,Stock
2025-06-11,95.00567626953124,95.8000030517578,0.0,97.29000091552734,95.3499984741211,97.29000091552734,0.0,16389600,-1.5741869839682954,2.4780646604951984,WMT,Walmart,Stock
2025-06-12,94.04371643066406,94.83000183105467,0.0,95.26000213623048,93.43000030517578,94.88999938964844,0.0,17845700,-1.017689745063245,1.0356924172068924,WMT,Walmart,Stock
2025-06-13,93.6569595336914,94.44000244140624,0.0,95.31999969482422,94.01000213623048,94.5199966430664,0.0,18694700,-0.412100214697834,0.1698265869540008,WMT,Walmart,Stock
2025-06-16,93.50819396972656,94.29000091552734,0.0,95.77999877929688,94.0999984741211,94.75,0.0,14881700,-0.1589671928865518,0.0252705684142301,WMT,Walmart,Stock
2025-06-17,93.46852111816406,94.25,0.0,94.81999969482422,93.62000274658205,93.9499969482422,0.0,14935600,-0.0424361419968491,0.0018008261475767,WMT,Walmart,Stock
2025-06-18,94.30155181884766,95.08999633789062,0.0,95.48999786376952,94.08999633789062,94.56999969482422,0.0,11333700,0.8872938620679881,0.7872903976635259,WMT,Walmart,Stock
2025-06-20,95.32303619384766,96.12000274658205,0.0,96.30999755859376,95.1999969482422,95.23999786376952,0.0,20604900,1.0773858669989094,1.1607603064089915,WMT,Walmart,Stock
2025-06-23,97.05851745605467,97.87000274658205,0.0,97.93000030517578,95.66999816894533,95.91999816894533,0.0,20432400,1.8042564984980216,3.2553415123723415,WMT,Walmart,Stock
2025-06-24,97.18743133544922,98.0,0.0,99.11000061035156,97.25,97.7300033569336,0.0,22403700,0.1327326506660581,0.0176179565528378,WMT,Walmart,Stock
2025-06-25,96.45357513427734,97.26000213623048,0.0,98.55999755859376,97.1500015258789,98.30999755859376,0.0,11154700,-0.7579589962842463,0.5745018400482221,WMT,Walmart,Stock
2025-06-26,95.22384643554688,96.0199966430664,0.0,97.33999633789062,95.91999816894533,96.9000015258789,0.0,19361400,-1.2831407695337047,1.646450234439548,WMT,Walmart,Stock
2025-06-27,96.46348571777344,97.2699966430664,0.0,97.76000213623048,96.16000366210938,96.31999969482422,0.0,31431900,1.2934152195601023,1.6729229301897075,WMT,Walmart,Stock
2025-06-30,96.9692611694336,97.77999877929688,0.0,98.13999938964844,96.30999755859376,97.2300033569336,0.0,17803000,0.5229482726575767,0.2734748958755432,WMT,Walmart,Stock
2025-07-01,97.42544555664062,98.23999786376952,0.0,99.19000244140624,97.41999816894533,97.5999984741211,0.0,15635800,0.4693391422937227,0.2202792304890073,WMT,Walmart,Stock
2025-07-02,96.8006591796875,97.61000061035156,0.0,98.37999725341795,97.05999755859376,98.12999725341795,0.0,12502000,-0.6433620577099042,0.4139147373007221,WMT,Walmart,Stock
2025-07-03,97.54444122314452,98.36000061035156,0.0,98.4800033569336,97.41999816894533,97.6999969482422,0.0,7686200,0.7654277605162468,0.5858796565689169,WMT,Walmart,Stock
2025-07-07,98.52623748779295,99.3499984741211,0.0,99.3499984741211,97.62000274658205,98.2300033569336,0.0,12930900,1.0014801570160703,1.0029625048969328,WMT,Walmart,Stock
2025-07-08,96.28498077392578,97.08999633789062,0.0,99.16999816894533,96.51000213623048,98.81999969482422,0.0,16875000,-2.3010539389162834,5.294849229802143,WMT,Walmart,Stock
2025-07-09,96.00730895996094,96.80999755859376,0.0,97.29000091552734,96.37999725341795,97.1500015258789,0.0,13702600,-0.2888020183713875,0.0834066058153872,WMT,Walmart,Stock
2025-07-10,94.0734634399414,94.86000061035156,0.0,96.77999877929688,94.73999786376952,96.66000366210938,0.0,18894800,-2.0348320574869563,4.1405415021766,WMT,Walmart,Stock
2025-07-11,93.6172866821289,94.4000015258789,0.0,95.52999877929688,94.2300033569336,95.01000213623048,0.0,14595000,-0.486094978851281,0.2362883284644273,WMT,Walmart,Stock
2025-07-14,94.98583984375,95.77999877929688,0.0,95.83999633789062,94.37999725341795,94.51000213623048,0.0,13779100,1.4512773008607545,2.1062058039936766,WMT,Walmart,Stock
2025-07-15,94.5990753173828,95.38999938964844,0.0,95.77999877929688,94.94000244140624,95.5999984741211,0.0,10450800,-0.4080124862159081,0.1664741889080866,WMT,Walmart,Stock
2025-07-16,94.3610610961914,95.1500015258789,0.0,95.83000183105467,94.61000061035156,95.41999816894533,0.0,11181600,-0.2519201685458019,0.0634637713201452,WMT,Walmart,Stock
2025-07-17,94.30155181884766,95.08999633789062,0.0,95.62999725341795,94.88999938964844,95.08000183105467,0.0,11165100,-0.0630853971519578,0.0039797673338202,WMT,Walmart,Stock
2025-07-18,94.26189422607422,95.0500030517578,0.0,95.4800033569336,94.43000030517578,95.08999633789062,0.0,14636300,-0.0420628644522177,0.0017692845659256,WMT,Walmart,Stock
2025-07-21,94.87673950195312,95.66999816894533,0.0,96.63999938964844,95.0999984741211,95.26000213623048,0.0,13450400,0.6501553168285024,0.4227019360003702,WMT,Walmart,Stock
2025-07-22,95.05525970458984,95.8499984741211,0.0,96.66999816894533,95.73999786376952,95.83999633789062,0.0,9049100,0.1879833371452168,0.0353377350442522,WMT,Walmart,Stock
2025-07-23,94.88666534423828,95.68000030517578,0.0,96.29000091552734,95.29000091552734,96.01000213623048,0.0,9729700,-0.1775220553166716,0.0315140801238554,WMT,Walmart,Stock
2025-07-24,95.7990493774414,96.5999984741211,0.0,96.95999908447266,95.3499984741211,95.56999969482422,0.0,14991500,0.9569578898920488,0.9157684030266428,WMT,Walmart,Stock
2025-07-25,96.66183471679688,97.47000122070312,0.0,97.6500015258789,96.52999877929688,96.83999633789062,0.0,12868500,0.8965885438411049,0.8038710169471128,WMT,Walmart,Stock
2025-07-28,96.8006591796875,97.61000061035156,0.0,98.12999725341795,97.08000183105467,97.27999877929688,0.0,12293100,0.143515659208515,0.0205967444380546,WMT,Walmart,Stock
2025-07-29,97.5146942138672,98.33000183105467,0.0,98.72000122070312,97.33999633789062,97.77999877929688,0.0,14034300,0.7349272567164075,0.5401180726647042,WMT,Walmart,Stock
2025-07-30,96.78083038330078,97.58999633789062,0.0,98.87999725341795,97.29000091552734,98.61000061035156,0.0,13864100,-0.7554135093026649,0.5706495700369675,WMT,Walmart,Stock
2025-07-31,97.1676025390625,97.9800033569336,0.0,98.62999725341795,97.30999755859376,97.44000244140624,0.0,15651300,0.3988407254909701,0.1590739243101633,WMT,Walmart,Stock
2025-08-01,97.67337799072266,98.48999786376952,0.0,98.83000183105467,97.66999816894533,98.0,0.0,16750400,0.519168592073005,0.2695360269950663,WMT,Walmart,Stock
2025-08-04,98.76424407958984,99.58999633789062,0.0,99.91000366210938,98.1999969482422,98.1999969482422,0.0,19050200,1.1106602606398257,1.2335662145645256,WMT,Walmart,Stock
2025-08-05,98.486572265625,99.30999755859376,0.0,100.47000122070312,98.91000366210938,99.66999816894533,0.0,17977000,-0.2815420514101208,0.0792659267122191,WMT,Walmart,Stock
2025-08-06,102.50299072265624,103.36000061035156,0.0,103.69000244140624,99.45999908447266,99.45999908447266,0.0,23738400,3.9971759225877137,15.977415356114935,WMT,Walmart,Stock
2025-08-07,102.26497650146484,103.12000274658205,0.0,103.9000015258789,102.11000061035156,103.45999908447266,0.0,12509500,-0.2324722285524736,0.0540433370481535,WMT,Walmart,Stock
2025-08-08,102.86992645263672,103.7300033569336,0.0,104.72000122070312,103.1500015258789,103.37000274658205,0.0,12394700,0.5898086538955637,0.3478742482100968,WMT,Walmart,Stock
2025-08-11,103.0682601928711,103.93000030517578,0.0,104.33000183105467,103.11000061035156,103.9000015258789,0.0,12856700,0.1926148858392819,0.0371004942468796,WMT,Walmart,Stock
2025-08-12,102.76083374023438,103.62000274658205,0.0,104.30999755859376,103.37000274658205,104.25,0.0,17915300,-0.2987203367310396,0.0892338395767056,WMT,Walmart,Stock
2025-08-13,100.15264129638672,100.98999786376952,0.0,102.80999755859376,100.8499984741211,102.1500015258789,0.0,19398500,-2.570885051150848,6.609449946230899,WMT,Walmart,Stock
2025-08-14,100.0137939453125,100.8499984741211,0.0,101.44000244140624,100.72000122070312,101.22000122070312,0.0,10858400,-0.1387319239371929,0.019246546719315,WMT,Walmart,Stock
2025-08-15,99.40247344970705,100.0,0.235,100.7699966430664,99.54000091552734,100.62999725341795,0.0,13604900,-0.6131118775643521,0.3759061744104851,WMT,Walmart,Stock
2025-08-18,100.0982894897461,100.6999969482422,0.0,100.87999725341795,99.91999816894533,100.0,0.0,11656100,0.6975601007847294,0.4865900942068018,WMT,Walmart,Stock
2025-08-19,100.6847686767578,101.29000091552734,0.0,102.43000030517578,100.8000030517578,100.95999908447266,0.0,16999000,0.5841935672496796,0.3412821240159059,WMT,Walmart,Stock
2025-08-20,101.95712280273438,102.56999969482422,0.0,102.6500015258789,100.93000030517578,101.1500015258789,0.0,18655000,1.2557826394050915,1.576990037431219,WMT,Walmart,Stock
2025-08-21,97.37467193603516,97.95999908447266,0.0,99.4499969482422,96.9499969482422,99.41000366210938,0.0,51825100,-4.598622511990388,21.147329007784784,WMT,Walmart,Stock
2025-08-22,96.2514190673828,96.83000183105467,0.0,99.0500030517578,96.76000213623048,98.06999969482422,0.0,32695200,-1.160241849086007,1.3461611483705165,WMT,Walmart,Stock
2025-08-25,95.49596405029295,96.06999969482422,0.0,97.58000183105467,96.06999969482422,97.0,0.0,18956100,-0.787973127625664,0.6209016498601709,WMT,Walmart,Stock
2025-08-26,95.47608184814452,96.0500030517578,0.0,96.47000122070312,95.41999816894533,96.27999877929688,0.0,22270400,-0.0208221073683654,0.0004335601552597,WMT,Walmart,Stock
2025-08-27,95.50589752197266,96.08000183105467,0.0,96.31999969482422,95.5999984741211,95.9000015258789,0.0,12925700,0.0312235470264759,0.0009749098889145,WMT,Walmart,Stock
2025-08-28,95.53572082519533,96.11000061035156,0.0,96.56999969482422,95.6999969482422,96.0,0.0,19241600,0.0312217868786279,0.0009747999758944,WMT,Walmart,Stock
2025-08-29,96.40052032470705,96.9800033569336,0.0,97.02999877929688,95.8000030517578,96.0999984741211,0.0,15600300,0.9011381555591554,0.8120499754045566,WMT,Walmart,Stock
2025-09-02,97.26531982421876,97.8499984741211,0.0,97.8499984741211,96.51000213623048,97.2300033569336,0.0,15351300,0.8930901256978848,0.7976099726190637,WMT,Walmart,Stock
2025-09-03,98.8458251953125,99.44000244140624,0.0,99.44000244140624,97.5,97.8499984741211,0.0,18995900,1.6118814571817517,2.598161832006366,WMT,Walmart,Stock
2025-09-04,100.32691955566406,100.93000030517578,0.0,101.3499984741211,99.6500015258789,99.91000366210938,0.0,15640900,1.4872734353186412,2.2119822714045125,WMT,Walmart,Stock
2025-09-05,99.90943145751952,100.51000213623048,0.0,101.4800033569336,99.5500030517578,101.08000183105467,0.0,13748500,-0.4169959160677931,0.1738855940172179,WMT,Walmart,Stock
2025-09-08,101.66885375976562,102.27999877929688,0.0,102.36000061035156,100.41999816894533,100.8499984741211,0.0,13685700,1.7456909916611325,3.0474370383668283,WMT,Walmart,Stock
2025-09-09,101.67879486083984,102.29000091552734,0.0,102.48999786376952,101.5500030517578,102.0,0.0,11819700,0.0097774438500587,9.559840824105128e-05,WMT,Walmart,Stock
2025-09-10,99.81002807617188,100.41000366210938,0.0,102.4499969482422,100.38999938964844,101.9499969482422,0.0,17934900,-1.8550114542914595,3.4410674955525167,WMT,Walmart,Stock
2025-09-11,102.0366439819336,102.6500015258789,0.0,102.77999877929688,100.27999877929688,100.98999786376952,0.0,15900800,2.2063343497946093,4.8679112630836014,WMT,Walmart,Stock
2025-09-12,102.87162017822266,103.48999786376952,0.0,103.9800033569336,102.36000061035156,102.54000091552734,0.0,11641900,0.8149801290329266,0.6641926107185256,WMT,Walmart,Stock
2025-09-15,103.0704345703125,103.69000244140624,0.0,103.9800033569336,103.41000366210938,103.6500015258789,0.0,10756900,0.1930780520726294,0.0372791341921609,WMT,Walmart,Stock
2025-09-16,102.80204010009766,103.41999816894533,0.0,104.20999908447266,103.12999725341795,103.8499984741211,0.0,14481900,-0.2607387147800453,0.0679846773851498,WMT,Walmart,Stock
2025-09-17,103.64695739746094,104.2699966430664,0.0,106.11000061035156,103.7300033569336,103.7300033569336,0.0,25382000,0.8185285711989242,0.6699890218689523,WMT,Walmart,Stock
2025-09-18,102.98096466064452,103.5999984741211,0.0,104.63999938964844,102.12000274658205,103.77999877929688,0.0,14869400,-0.6446321837457133,0.415550652320767,WMT,Walmart,Stock
2025-09-19,101.71855926513672,102.33000183105467,0.0,103.94000244140624,102.08999633789062,103.80999755859376,0.0,34791600,-1.2334385309192657,1.5213706095562758,WMT,Walmart,Stock
2025-09-22,102.20562744140624,102.81999969482422,0.0,103.1999969482422,101.91999816894533,102.4499969482422,0.0,12861900,0.4776962559972302,0.2281937129937712,WMT,Walmart,Stock
2025-09-23,101.90741729736328,102.5199966430664,0.0,102.68000030517578,101.33000183105467,102.41000366210938,0.0,13158700,-0.2922011737220496,0.0853815259245434,WMT,Walmart,Stock
2025-09-24,102.11617279052734,102.7300033569336,0.0,103.47000122070312,102.4800033569336,103.04000091552734,0.0,11391800,0.204638655681481,0.0418769793991237,WMT,Walmart,Stock
2025-09-25,102.43425750732422,103.0500030517578,0.0,103.51000213623048,102.58000183105467,103.22000122070312,0.0,13366700,0.3110088526601426,0.0967265064329783,WMT,Walmart,Stock
2025-09-26,102.5436019897461,103.16000366210938,0.0,103.48999786376952,102.47000122070312,102.87999725341795,0.0,11859300,0.1066890766270882,0.0113825590715407,WMT,Walmart,Stock
2025-09-29,102.46408081054688,103.08000183105467,0.0,103.30999755859376,102.08000183105467,103.0500030517578,0.0,15477200,-0.0775787347101256,0.006018460079224,WMT,Walmart,Stock
2025-09-30,102.4441909790039,103.05999755859376,0.0,103.94000244140624,102.72000122070312,103.0,0.0,13873400,-0.0194134003783561,0.0003768801142503,WMT,Walmart,Stock
2025-10-01,101.35076141357422,101.95999908447266,0.0,102.86000061035156,100.5500030517578,102.55999755859376,0.0,16142800,-1.073078645884082,1.151497780252415,WMT,Walmart,Stock
2025-10-02,101.09232330322266,101.6999969482422,0.0,102.13999938964844,99.87000274658205,101.4499969482422,0.0,15605400,-0.2553194159289674,0.065188004150309,WMT,Walmart,Stock
2025-10-03,101.46011352539062,102.06999969482422,0.0,102.81999969482422,101.1999969482422,101.45999908447266,0.0,11867500,0.363155963102474,0.1318822535368854,WMT,Walmart,Stock
2025-10-06,102.08634185791016,102.6999969482422,0.0,103.06999969482422,101.58000183105467,101.87999725341795,0.0,13303600,0.6153192962093076,0.3786178362875176,WMT,Walmart,Stock
2025-10-07,102.62311553955078,103.23999786376952,0.0,103.25,100.9499969482422,102.37999725341795,0.0,15538900,0.5244260999685183,0.2750227343281903,WMT,Walmart,Stock
2025-10-08,102.28514862060548,102.9000015258789,0.0,103.26000213623048,102.1500015258789,103.0199966430664,0.0,13584100,-0.3298717372840662,0.108815363058808,WMT,Walmart,Stock
2025-10-09,101.16189575195312,101.7699966430664,0.0,103.4499969482422,100.37000274658205,103.12999725341795,0.0,19508000,-1.1042325884415796,1.2193296093763908,WMT,Walmart,Stock
2025-10-10,101.23147583007812,101.83999633789062,0.0,103.62999725341795,101.5199966430664,102.0500030517578,0.0,18519400,0.0687572723576042,0.0047275625020577,WMT,Walmart,Stock
2025-10-13,101.5098114013672,102.12000274658205,0.0,102.4499969482422,101.06999969482422,101.37000274658205,0.0,10871200,0.2745723379328834,0.0753899687579295,WMT,Walmart,Stock
2025-10-14,106.56939697265624,107.20999908447266,0.0,107.91999816894533,102.88999938964844,104.0500030517578,0.0,30859500,4.864092984443136,23.659400561308935,WMT,Walmart,Stock
2025-10-15,108.3785171508789,109.02999877929688,0.0,109.55999755859376,107.3000030517578,107.31999969482422,0.0,21416300,1.6833500392605747,2.833667354678578,WMT,Walmart,Stock
2025-10-16,105.83382415771484,106.47000122070312,0.0,109.58000183105467,105.66000366210938,109.1999969482422,0.0,16366200,-2.3759720735515346,5.645243294296779,WMT,Walmart,Stock
2025-10-17,107.08628845214844,107.7300033569336,0.0,108.1999969482422,106.22000122070312,107.16999816894533,0.0,13735600,1.1764776236267795,1.3840995988945144,WMT,Walmart,Stock
2025-10-20,106.41034698486328,107.0500030517578,0.0,108.25,106.61000061035156,107.8499984741211,0.0,10581200,-0.6332125323053929,0.4009581110686082,WMT,Walmart,Stock
2025-10-21,105.58531188964844,106.22000122070312,0.0,107.4800033569336,106.18000030517578,107.33000183105467,0.0,10899700,-0.7783548633896371,0.6058362933623006,WMT,Walmart,Stock
2025-10-22,106.49980926513672,107.13999938964844,0.0,107.7699966430664,105.66000366210938,106.5500030517578,0.0,12296500,0.8623924566301311,0.7437207492525525,WMT,Walmart,Stock
2025-10-23,106.22148895263672,106.86000061035156,0.0,107.56999969482422,105.77999877929688,107.3499984741211,0.0,11408200,-0.2616761684391636,0.0684744171290015,WMT,Walmart,Stock
2025-10-24,105.53560638427734,106.16999816894533,0.0,107.16999816894533,105.51000213623048,107.06999969482422,0.0,10318000,-0.6478035277652019,0.4196494105850407,WMT,Walmart,Stock
2025-10-27,103.84577178955078,104.47000122070312,0.0,106.36000061035156,104.1500015258789,106.33999633789062,0.0,16375900,-1.6141562347563458,2.6055003502027834,WMT,Walmart,Stock
2025-10-28,102.55353546142578,103.16999816894533,0.0,104.13999938964844,103.0500030517578,104.05999755859376,0.0,13323000,-1.252187548718086,1.567973657164609,WMT,Walmart,Stock
2025-10-29,101.8477783203125,102.45999908447266,0.0,103.66999816894533,102.11000061035156,102.91000366210938,0.0,11986400,-0.6905630230220526,0.476877288765356,WMT,Walmart,Stock
2025-10-30,101.61915588378906,102.2300033569336,0.0,103.37000274658205,101.95999908447266,102.1999969482422,0.0,14065100,-0.2247269647364323,0.0505022086796497,WMT,Walmart,Stock
2025-10-31,100.57542419433594,101.18000030517578,0.0,102.0999984741211,100.18000030517578,101.6999969482422,0.0,20237000,-1.0324124017229803,1.0658753672314123,WMT,Walmart,Stock
2025-11-03,100.98297119140624,101.58999633789062,0.0,101.8000030517578,100.4000015258789,100.81999969482422,0.0,14811700,0.4043965042458829,0.1635365326462904,WMT,Walmart,Stock
2025-11-04,101.6589126586914,102.2699966430664,0.0,102.62000274658205,101.45999908447266,102.12999725341795,0.0,12636400,0.6671315538726186,0.4450645101724946,WMT,Walmart,Stock
2025-11-05,100.86369323730467,101.47000122070312,0.0,102.68000030517578,100.8499984741211,101.73999786376952,0.0,13356800,-0.7853182658732392,0.6167247787141515,WMT,Walmart,Stock
2025-11-06,101.07244110107422,101.68000030517578,0.0,101.93000030517578,100.02999877929688,101.33999633789062,0.0,14866000,0.2067464932015696,0.0427441124511466,WMT,Walmart,Stock
2025-11-07,101.97698974609376,102.58999633789062,0.0,102.97000122070312,101.7300033569336,102.12999725341795,0.0,17248700,0.8909698737226767,0.7938273158814024,WMT,Walmart,Stock
2025-11-10,101.80802154541016,102.41999816894533,0.0,102.66999816894533,101.5999984741211,102.1500015258789,0.0,14507600,-0.1658298992001412,0.0274995554687289,WMT,Walmart,Stock
2025-11-11,102.82192993164062,103.44000244140624,0.0,103.73999786376952,102.31999969482422,102.5,0.0,13182100,0.9909758335260954,0.9820331026327396,WMT,Walmart,Stock
2025-11-12,102.82192993164062,103.44000244140624,0.0,103.5999984741211,102.66000366210938,103.3499984741211,0.0,12084400,0.0,0.0,WMT,Walmart,Stock
2025-11-13,101.92730712890624,102.54000091552734,0.0,103.93000030517578,102.0199966430664,103.58999633789062,0.0,18088500,-0.8738772449771981,0.7636614392889379,WMT,Walmart,Stock
2025-11-14,101.86766815185548,102.4800033569336,0.0,102.48999786376952,98.87999725341795,100.1999969482422,0.0,23424200,-0.0585284094184416,0.0034255747090527,WMT,Walmart,Stock
2025-11-17,102.33484649658205,102.9499969482422,0.0,103.31999969482422,102.0999984741211,102.58000183105467,0.0,15289400,0.4575645511729119,0.2093653184900683,WMT,Walmart,Stock
2025-11-18,100.78417205810548,101.38999938964844,0.0,103.33999633789062,101.37999725341795,102.9800033569336,0.0,17604500,-1.5268925346568372,2.331400812390781,WMT,Walmart,Stock
2025-11-19,100.0088348388672,100.61000061035156,0.0,101.70999908447266,99.68000030517578,101.58000183105467,0.0,22157000,-0.7722789600474861,0.5964147921320266,WMT,Walmart,Stock
2025-11-20,106.4699935913086,107.11000061035156,0.0,107.91000366210938,102.68000030517578,103.94000244140624,0.0,50375900,6.260466465977693,39.193440371631226,WMT,Walmart,Stock
2025-11-21,104.69068908691406,105.31999969482422,0.0,108.1500015258789,104.72000122070312,107.9800033569336,0.0,41420800,-1.6853010658874834,2.8402396826814877,WMT,Walmart,Stock
2025-11-24,103.4382095336914,104.05999755859376,0.0,106.2699966430664,103.76000213623048,105.36000061035156,0.0,42519200,-1.2035759387101863,1.4485950402421066,WMT,Walmart,Stock
2025-11-25,106.36064910888672,107.0,0.0,107.41999816894533,104.2300033569336,104.61000061035156,0.0,20212900,2.786124420989231,7.762489289232578,WMT,Walmart,Stock
2025-11-26,108.44810485839844,109.0999984741211,0.0,109.58999633789062,107.16999816894533,107.1999969482422,0.0,17783300,1.9436093026457812,3.77761712133122,WMT,Walmart,Stock
2025-11-28,109.84967803955078,110.51000213623048,0.0,110.6999969482422,109.0,109.3000030517578,0.0,9846500,1.2841105592029656,1.648939928256553,WMT,Walmart,Stock
2025-12-01,110.86358642578124,111.52999877929688,0.0,111.76000213623048,110.36000061035156,110.51000213623048,0.0,17236800,0.9187626497091386,0.8441248065005572,WMT,Walmart,Stock
2025-12-02,111.7383270263672,112.41000366210938,0.0,112.6500015258789,110.79000091552734,111.47000122070312,0.0,18711800,0.7859277484319421,0.6176824257553021,WMT,Walmart,Stock
2025-12-03,113.72637939453124,114.41000366210938,0.0,114.88999938964844,112.22000122070312,112.5,0.0,24478300,1.7635610695735042,3.110147646115242,WMT,Walmart,Stock
2025-12-04,114.15380096435548,114.83999633789062,0.0,114.88999938964844,113.16000366210938,113.62000274658205,0.0,25905100,0.3751287807300302,0.140721602131999,WMT,Walmart,Stock
2025-12-05,114.42218780517578,115.11000061035156,0.0,116.2699966430664,114.68000030517578,114.7300033569336,0.0,23956400,0.2348339084996819,0.0551469645812369,WMT,Walmart,Stock
2025-12-08,112.8814468383789,113.55999755859376,0.0,114.98999786376952,112.3000030517578,114.56999969482422,0.0,22700700,-1.355688453252737,1.8378911822827977,WMT,Walmart,Stock
2025-12-09,114.37248992919922,115.05999755859376,0.0,115.72000122070312,113.0199966430664,113.9499969482422,0.0,24326700,1.3122452427284987,1.7219875770635766,WMT,Walmart,Stock
2025-12-10,112.50372314453124,113.18000030517578,0.0,116.2300033569336,112.98999786376952,115.3499984741211,0.0,22859600,-1.647426166573891,2.7140129743123453,WMT,Walmart,Stock
2025-12-11,114.8297348022461,115.5199966430664,0.0,115.87000274658205,112.8499984741211,113.13999938964844,0.0,21586600,2.0464148589074203,4.1878137747570765,WMT,Walmart,Stock
2025-12-12,116.23915100097656,116.6999969482422,0.235,116.9499969482422,115.0199966430664,115.26000213623048,0.0,19092400,1.2199251085670706,1.488217270512379,WMT,Walmart,Stock
2025-12-15,116.32879638671876,116.79000091552734,0.0,117.4499969482422,115.63999938964844,116.93000030517578,0.0,18713700,0.0770917843055382,0.0059431432074116,WMT,Walmart,Stock
2025-12-16,114.9642105102539,115.41999816894533,0.0,116.87999725341795,114.9499969482422,116.58000183105467,0.0,19642300,-1.1799766260581,1.392344838043457,WMT,Walmart,Stock
2025-12-17,115.2032699584961,115.66000366210938,0.0,116.38999938964844,115.06999969482422,115.1999969482422,0.0,16177800,0.2077265943197435,0.0431503379876793,WMT,Walmart,Stock
2025-12-18,114.37654113769533,114.83000183105467,0.0,116.4800033569336,114.61000061035156,115.01000213623048,0.0,21476700,-0.7202134982489218,0.5187074830599496,WMT,Walmart,Stock
2025-12-19,113.9084014892578,114.36000061035156,0.0,115.27999877929688,113.52999877929688,115.13999938964844,0.0,50043800,-0.410136822230723,0.1682122129495157,WMT,Walmart,Stock
2025-12-22,112.15534210205078,112.5999984741211,0.0,114.31999969482422,112.22000122070312,114.01000213623048,0.0,21473900,-1.5509736333947004,2.4055192114855584,WMT,Walmart,Stock
2025-12-23,110.4620590209961,110.9000015258789,0.0,112.3499984741211,110.6999969482422,111.98999786376952,0.0,20319900,-1.5212788655441316,2.31428938675124,WMT,Walmart,Stock
2025-12-24,111.16925811767578,111.61000061035156,0.0,111.70999908447266,110.5500030517578,110.9000015258789,0.0,9009600,0.6381783098094712,0.4072715551112734,WMT,Walmart,Stock
2025-12-26,111.29874420166016,111.73999786376952,0.0,111.97000122070312,111.36000061035156,111.72000122070312,0.0,9003800,0.11640873946511,0.0135509946238558,WMT,Walmart,Stock
2025-12-29,112.08562469482422,112.52999877929688,0.0,112.77999877929688,111.56999969482422,111.58999633789062,0.0,12979600,0.704511019897894,0.4963357771575707,WMT,Walmart,Stock
2025-12-30,111.47803497314452,111.91999816894533,0.0,112.69000244140624,111.83999633789062,111.88999938964844,0.0,11730600,-0.5435509675463234,0.2954476543205442,WMT,Walmart,Stock
2025-12-31,110.97005462646484,111.41000366210938,0.0,112.25,111.31999969482422,111.7300033569336,0.0,11487400,-0.4567188961700242,0.2085921501187653,WMT,Walmart,Stock
2026-01-02,112.3147201538086,112.76000213623048,0.0,112.79000091552734,111.12000274658205,111.43000030517578,0.0,14306600,1.2044545219289813,1.450710695395171,WMT,Walmart,Stock
2026-01-05,112.2649154663086,112.70999908447266,0.0,113.7300033569336,112.1500015258789,112.81999969482422,0.0,19557600,-0.0443536994607377,0.0019672506558534,WMT,Walmart,Stock
2026-01-06,113.8884735107422,114.33999633789062,0.0,114.79000091552734,111.98999786376952,112.4000015258789,0.0,20120800,1.435827200649496,2.0615997501249677,WMT,Walmart,Stock
2026-01-07,112.2748794555664,112.72000122070312,0.0,114.7300033569336,112.0999984741211,114.19000244140624,0.0,23306000,-1.4269521687044344,2.0361924917702887,WMT,Walmart,Stock
2026-01-08,112.6234893798828,113.06999969482422,0.0,113.47000122070312,109.80999755859376,111.29000091552734,0.0,24058300,0.3100157687477661,0.0961097768722683,WMT,Walmart,Stock
2026-01-09,114.07772827148438,114.52999877929688,0.0,115.45999908447266,112.26000213623048,112.26000213623048,0.0,21902900,1.2829739991634714,1.6460222825295112,WMT,Walmart,Stock
2026-01-12,117.50414276123048,117.97000122070312,0.0,118.83999633789062,116.41000366210938,117.5,0.0,49182100,2.9593547506113502,8.757780539965967,WMT,Walmart,Stock
2026-01-13,119.88470458984376,120.36000061035156,0.0,120.51000213623048,117.7300033569336,117.88999938964844,0.0,31222100,2.0056895332886673,4.022790503943712,WMT,Walmart,Stock
2026-01-14,119.56597137451172,120.04000091552734,0.0,121.23999786376952,119.02999877929688,120.19000244140624,0.0,32764000,-0.2662205084999668,0.0708733591459809,WMT,Walmart,Stock
2026-01-15,118.72927856445312,119.1999969482422,0.0,120.87000274658205,118.7300033569336,119.9800033569336,0.0,34559400,-0.7022349363797148,0.493133905872222,WMT,Walmart,Stock
2026-01-16,119.22730255126952,119.6999969482422,0.0,120.5999984741211,116.9000015258789,118.66999816894533,0.0,415144600,0.4185845263451521,0.1752130056955953,WMT,Walmart,Stock
2026-01-20,118.24121856689452,118.70999908447266,0.0,121.62000274658205,117.61000061035156,120.88999938964844,0.0,45334000,-0.8305013628839515,0.6897325137521009,WMT,Walmart,Stock
2026-01-21,118.8886489868164,119.36000061035156,0.0,120.48999786376952,117.5500030517578,118.08000183105467,0.0,34811700,0.5460569226027138,0.2981781627223461,WMT,Walmart,Stock
2026-01-22,117.36469268798828,117.83000183105467,0.0,119.5199966430664,117.6500015258789,119.29000091552734,0.0,24547300,-1.2901213802159774,1.6644131756903786,WMT,Walmart,Stock
2026-01-23,117.2650909423828,117.7300033569336,0.0,118.61000061035156,117.13999938964844,118.16999816894533,0.0,20806900,-0.0849012005613889,0.0072082138567651,WMT,Walmart,Stock
2026-01-26,117.17544555664062,117.63999938964844,0.0,118.8499984741211,117.38999938964844,117.80999755859376,0.0,19552200,-0.0764760151550905,0.0058485808940016,WMT,Walmart,Stock
2026-01-27,116.47821044921876,116.94000244140624,0.0,117.62999725341795,115.4800033569336,117.5,0.0,22968600,-0.5968125548555726,0.3561852256332358,WMT,Walmart,Stock
2026-01-28,116.1096649169922,116.56999969482422,0.0,117.45999908447266,115.87000274658205,116.63999938964844,0.0,16342000,-0.3169089017146597,0.1004312519859918,WMT,Walmart,Stock
2026-01-29,116.94635772705078,117.41000366210938,0.0,117.66000366210938,116.06999969482422,116.4499969482422,0.0,16381100,0.7180216973074105,0.5155551578042147,WMT,Walmart,Stock
2026-01-30,118.66951751708984,119.13999938964844,0.0,119.41000366210938,116.5999984741211,116.91000366210938,0.0,22215400,1.4627117217924277,2.139525581068968,WMT,Walmart,Stock
2026-02-02,123.5700912475586,124.05999755859376,0.0,124.1999969482422,119.0500030517578,119.5,0.0,31210100,4.046606962814389,16.37502791149789,WMT,Walmart,Stock
2026-02-03,127.20568084716795,127.70999908447266,0.0,128.1699981689453,123.6500015258789,123.6500015258789,0.0,32018700,2.8996775113023725,8.408129669552721,WMT,Walmart,Stock
2026-02-04,127.4945297241211,128.0,0.0,129.41000366210938,127.08999633789062,128.1300048828125,0.0,27531800,0.2268148896596112,0.0514449941713016,WMT,Walmart,Stock
2026-02-05,126.43872833251952,126.94000244140624,0.0,129.60000610351562,126.55999755859376,128.5800018310547,0.0,30517800,-0.8315629734392581,0.6914969787951403,WMT,Walmart,Stock
2026-02-06,130.66197204589844,131.17999267578125,0.0,131.6999969482422,127.0500030517578,127.29000091552734,0.0,26593400,3.285579243761437,10.795030967035975,WMT,Walmart,Stock
2026-02-09,128.51051330566406,129.02000427246094,0.0,131.7899932861328,128.08999633789062,131.4199981689453,0.0,27197300,-1.6602905659913028,2.7565647635197204,WMT,Walmart,Stock
2026-02-10,126.1996612548828,126.6999969482422,0.0,129.33999633789062,126.38999938964844,128.94000244140625,0.0,24662000,-1.8145450686018152,3.2925738059871663,WMT,Walmart,Stock
2026-02-11,128.26148986816406,128.77000427246094,0.0,129.74000549316406,126.62999725341795,126.6999969482422,0.0,19232100,1.620580374246079,2.626280749391561,WMT,Walmart,Stock
2026-02-12,133.1122589111328,133.63999938964844,0.0,134.49000549316406,129.30999755859375,129.3800048828125,0.0,33382700,3.712175452033068,13.780246586676911,WMT,Walmart,Stock
2026-02-13,133.36126708984375,133.88999938964844,0.0,134.64999389648438,131.75,132.6999969482422,0.0,24131200,0.1868915497361261,0.0349284513627709,WMT,Walmart,Stock
2026-02-17,128.34117126464844,128.85000610351562,0.0,134.69000244140625,128.16000366210938,133.11000061035156,0.0,37995900,-3.836962112682132,14.722278254158129,WMT,Walmart,Stock
2026-02-18,126.11997985839844,126.62000274658205,0.0,128.8699951171875,125.7699966430664,128.1300048828125,0.0,36485000,-1.7458443569190192,3.0479725185859836,WMT,Walmart,Stock
2026-02-19,124.37689208984376,124.87000274658205,0.0,130.10000610351562,124.4000015258789,128.5,0.0,42993300,-1.3917266829256787,1.9369031599673123,WMT,Walmart,Stock
2026-02-20,122.50431823730467,122.98999786376952,0.0,123.4800033569336,121.0500030517578,123.0,0.0,35151000,-1.5170127865451333,2.30132779454143,WMT,Walmart,Stock
2026-02-23,125.31317901611328,125.80999755859376,0.0,126.8000030517578,122.95999908447266,123.5199966430664,0.0,25662800,2.266975578840234,5.139178275058014,WMT,Walmart,Stock
2026-02-24,126.24947357177734,126.75,0.0,128.0399932861328,124.91000366210938,125.9000015258789,0.0,20161200,0.7443862349621605,0.5541108668011409,WMT,Walmart,Stock
2026-02-25,125.25341796875,125.75,0.0,127.4000015258789,125.41999816894533,126.61000061035156,0.0,17345700,-0.7920869653991364,0.6274017607552127,WMT,Walmart,Stock
2026-02-26,123.9286651611328,124.41999816894533,0.0,127.33000183105467,123.94000244140624,125.9800033569336,0.0,18638300,-1.0632909655438487,1.13058767740717,WMT,Walmart,Stock
2026-02-27,127.4447250366211,127.9499969482422,0.0,128.60000610351562,125.1500015258789,125.5199966430664,0.0,29205500,2.797662236417062,7.826913989074116,WMT,Walmart,Stock
2026-03-02,126.59809112548828,127.0999984741211,0.0,128.75,127.0500030517578,127.45999908447266,0.0,17091500,-0.6665309874341684,0.4442635572099675,WMT,Walmart,Stock
2026-03-03,127.40489196777344,127.91000366210938,0.0,128.3699951171875,125.66999816894533,126.5199966430664,0.0,16480400,0.6352709293338216,0.4035691536566573,WMT,Walmart,Stock
2026-03-04,127.30528259277344,127.80999755859376,0.0,128.1699981689453,126.23999786376952,127.11000061035156,0.0,16434100,-0.0782138995819775,0.0061174140878196,WMT,Walmart,Stock
2026-03-05,122.82305145263672,123.30999755859376,0.0,125.68000030517578,121.6500015258789,125.37999725341795,0.0,28604900,-3.584328838713761,12.847413224035137,WMT,Walmart,Stock
2026-03-06,123.31111907958984,123.8000030517578,0.0,124.19000244140624,121.62000274658205,122.5,0.0,21553000,0.3965871667450142,0.1572813808268377,WMT,Walmart,Stock
2026-03-09,123.84898376464844,124.33999633789062,0.0,124.51000213623048,122.5,123.69000244140624,0.0,19375900,0.4352365352957476,0.1894308416562465,WMT,Walmart,Stock
2026-03-10,124.62590789794922,125.12000274658205,0.0,126.0999984741211,123.3499984741211,124.20999908447266,0.0,18793600,0.6253562764709378,0.391070472521596,WMT,Walmart,Stock
2026-03-11,123.0023422241211,123.48999786376952,0.0,125.48999786376952,123.0500030517578,125.30999755859376,0.0,18176500,-1.3113115630535372,1.719538015397911,WMT,Walmart,Stock
2026-03-12,124.8350830078125,125.33000183105467,0.0,125.38999938964844,122.27999877929688,122.3000030517578,0.0,21751600,1.479013261124413,2.187480226581871,WMT,Walmart,Stock
2026-03-13,126.02037048339844,126.5199966430664,0.0,126.69000244140624,124.97000122070312,125.38999938964844,0.0,15194100,0.945003411248732,0.8930314472717399,WMT,Walmart,Stock
2026-03-16,125.49246978759766,125.98999786376952,0.0,126.9800033569336,124.83000183105467,126.76000213623048,0.0,20463200,-0.4197809308156676,0.1762160298764682,WMT,Walmart,Stock
2026-03-17,124.58606719970705,125.08000183105467,0.0,127.19000244140624,124.86000061035156,126.6500015258789,0.0,19895000,-0.7248975205281344,0.5254764152678371,WMT,Walmart,Stock
2026-03-18,121.49830627441406,121.9800033569336,0.0,124.61000061035156,121.83000183105467,124.33000183105467,0.0,19734900,-2.509645731877534,6.298321699531123,WMT,Walmart,Stock
2026-03-19,120.61181640625,121.08999633789062,0.0,122.75,119.2699966430664,122.4000015258789,0.0,17927700,-0.7323062910489087,0.536272503909809,WMT,Walmart,Stock
2026-03-20,118.79328918457033,119.0199966430664,0.248,121.3000030517578,118.0199966430664,120.62999725341795,0.0,57545600,-1.519234265702009,2.3080727540831227,WMT,Walmart,Stock
2026-03-23,120.49005889892578,120.72000122070312,0.0,121.12999725341795,119.0500030517578,120.4800033569336,0.0,22181500,1.4182333775747846,2.0113859132671816,WMT,Walmart,Stock
2026-03-24,121.8175277709961,122.0500030517578,0.0,124.11000061035156,120.48999786376952,120.62999725341795,0.0,17269600,1.0957000324713153,1.2005585611576417,WMT,Walmart,Stock
2026-03-25,122.82559204101562,123.05999755859376,0.0,123.48999786376952,121.77999877929688,122.80999755859376,0.0,16597300,0.8241147154581548,0.6791650642346755,WMT,Walmart,Stock
2026-03-26,121.94727325439452,122.18000030517578,0.0,123.8000030517578,121.79000091552734,123.61000061035156,0.0,16442500,-0.7176633368301982,0.5150406650302546,WMT,Walmart,Stock
2026-03-27,122.65592193603516,122.88999938964844,0.0,124.2699966430664,121.81999969482422,122.02999877929688,0.0,16543300,0.5794287877190273,0.3357377200375416,WMT,Walmart,Stock
2026-03-30,123.26475524902344,123.5,0.0,125.26000213623048,123.13999938964844,123.70999908447266,0.0,20428900,0.495147105040006,0.2451706556294987,WMT,Walmart,Stock
2026-03-31,124.04327392578124,124.27999877929688,0.0,125.0,122.83999633789062,123.43000030517578,0.0,21330400,0.6295964194986621,0.3963916514455353,WMT,Walmart,Stock
2026-04-01,124.5023956298828,124.73999786376952,0.0,125.2300033569336,123.12999725341795,123.8000030517578,0.0,17039700,0.3694469729760353,0.1364910658411554,WMT,Walmart,Stock
2026-04-02,125.55039978027344,125.79000091552734,0.0,125.9000015258789,124.1500015258789,125.1500015258789,0.0,11898400,0.8382312103364786,0.7026315619821579,WMT,Walmart,Stock
2026-04-06,126.54849243164062,126.79000091552734,0.0,126.9800033569336,125.37000274658205,125.80999755859376,0.0,10850400,0.7918304262271646,0.6269954238990931,WMT,Walmart,Stock
2026-04-07,122.25668334960938,122.48999786376952,0.0,126.36000061035156,121.79000091552734,126.19000244140624,0.0,16076000,-3.4502777705250205,11.904416693779106,WMT,Walmart,Stock
2026-04-08,127.0176010131836,127.26000213623048,0.0,127.3000030517578,121.33000183105467,122.27999877929688,0.0,20194300,3.820287112366823,14.594593620916038,WMT,Walmart,Stock
2026-04-09,128.884033203125,129.1300048828125,0.0,129.69000244140625,126.81999969482422,127.08999633789062,0.0,13853100,1.4587365119716804,2.1279122113593045,WMT,Walmart,Stock
2026-04-10,126.52852630615234,126.7699966430664,0.0,128.92999267578125,126.22000122070312,128.72000122070312,0.0,13894000,-1.8445245488758,3.402270811405474,WMT,Walmart,Stock
2026-04-13,124.3327178955078,124.56999969482422,0.0,126.3000030517578,123.9499969482422,126.29000091552734,0.0,14510600,-1.7506606080368463,3.064812564531941,WMT,Walmart,Stock
2026-04-14,124.8118133544922,125.0500030517578,0.0,125.1999969482422,122.5500030517578,123.1500015258789,0.0,15320800,0.3845928683341155,0.1479116743734622,WMT,Walmart,Stock
2026-04-15,124.5223617553711,124.76000213623048,0.0,125.06999969482422,123.18000030517578,124.62999725341795,0.0,17001400,-0.2321797475404146,0.0539074351679306,WMT,Walmart,Stock
2026-04-16,124.58224487304688,124.81999969482422,0.0,125.94000244140624,123.97000122070312,124.33000183105467,0.0,18324500,0.0480786924335276,0.0023115606661177,WMT,Walmart,Stock
2026-04-17,127.25714111328124,127.5,0.0,127.56999969482422,123.37000274658205,124.56999969482422,0.0,24763700,2.12436734308059,4.512936608347285,WMT,Walmart,Stock
2026-04-20,127.67633819580078,127.91999816894533,0.0,129.47000122070312,127.31999969482422,127.87000274658205,0.0,18933600,0.3288681121614346,0.1081542351966259,WMT,Walmart,Stock
2026-04-21,129.3531494140625,129.60000610351562,0.0,129.77000427246094,127.4800033569336,127.83000183105467,0.0,17312400,1.3047802591593942,1.702451524692056,WMT,Walmart,Stock
2026-04-22,129.73240661621094,129.97999572753906,0.0,130.4499969482422,128.83999633789062,130.0,0.0,17624500,0.2927662034505842,0.0857120498828688,WMT,Walmart,Stock
2026-04-23,131.77850341796875,132.02999877929688,0.0,132.4600067138672,130.49000549316406,130.57000732421875,0.0,16376000,1.5648590378575835,2.4487838083645626,WMT,Walmart,Stock
2026-04-24,129.6725311279297,129.9199981689453,0.0,132.1199951171875,129.27999877929688,131.94000244140625,0.0,16016300,-1.611022761544003,2.5953943382128655,WMT,Walmart,Stock
2026-04-27,127.34696197509766,127.58999633789062,0.0,129.80999755859375,127.4000015258789,129.6199951171875,0.0,17029500,-1.809693570622345,3.274990819551852,WMT,Walmart,Stock
2026-04-28,127.34696197509766,127.58999633789062,0.0,129.77000427246094,126.77999877929688,129.33999633789062,0.0,16341800,0.0,0.0,WMT,Walmart,Stock
2026-04-29,127.76616668701172,128.00999450683594,0.0,128.0800018310547,125.91000366210938,126.68000030517578,0.0,16538800,0.3286425057128732,0.1080058965612359,WMT,Walmart,Stock
2026-04-30,131.67869567871094,131.92999267578125,0.0,132.42999267578125,127.9499969482422,128.02000427246094,0.0,19867700,3.0163061158919335,9.098102584767082,WMT,Walmart,Stock
2026-05-01,131.34933471679688,131.60000610351562,0.0,133.3699951171875,130.97999572753906,131.9199981689453,0.0,10480900,-0.2504380491787461,0.062719216476456,WMT,Walmart,Stock
2026-05-04,130.08175659179688,130.3300018310547,0.0,131.75,129.67999267578125,130.41000366210938,0.0,10340700,-0.9697301510537376,0.9403765658627048,WMT,Walmart,Stock
2026-05-05,130.54086303710938,130.7899932861328,0.0,131.72999572753906,130.3000030517578,130.50999450683594,0.0,10637300,0.3523154827151434,0.1241261993608045,WMT,Walmart,Stock
2026-05-06,129.8322296142578,130.0800018310547,0.0,131.14999389648438,129.52999877929688,130.86000061035156,0.0,16371500,-0.5443228908904295,0.2962874095473144,WMT,Walmart,Stock
2026-05-07,129.95199584960938,130.1999969482422,0.0,130.60000610351562,128.6699981689453,129.89999389648438,0.0,14935400,0.0922044004964424,0.0085016514709083,WMT,Walmart,Stock
2026-05-08,130.42999267578125,130.42999267578125,0.248,131.41000366210938,130.25,130.32000732421875,0.0,15183700,0.3671508661774821,0.1347997585348754,WMT,Walmart,Stock
2026-05-11,127.58999633789062,127.58999633789062,0.0,130.60000610351562,126.37999725341795,130.17999267578125,0.0,18699200,-2.2014658996302083,4.846452107234643,WMT,Walmart,Stock
2026-05-12,130.35000610351562,130.35000610351562,0.0,131.1199951171875,127.72000122070312,128.0800018310547,0.0,17935400,2.1401217972079785,4.580121306884708,WMT,Walmart,Stock
2026-05-13,131.47000122070312,131.47000122070312,0.0,132.52999877929688,128.77000427246094,129.19000244140625,0.0,13786600,0.8555510789979452,0.7319676487745483,WMT,Walmart,Stock
2026-05-14,132.4600067138672,132.4600067138672,0.0,132.77999877929688,130.86000061035156,131.36000061035156,0.0,14200400,0.7502065749284625,0.5628099050658949,WMT,Walmart,Stock
2026-05-15,131.4499969482422,131.4499969482422,0.0,133.9499969482422,130.7899932861328,133.69000244140625,0.0,25323000,-0.7654235783050454,0.5858732542252999,WMT,Walmart,Stock
2026-05-18,133.33999633789062,133.33999633789062,0.0,133.47000122070312,131.1300048828125,131.52000427246094,0.0,17183200,1.4275701765687807,2.03795660902862,WMT,Walmart,Stock
2026-05-19,134.1999969482422,134.1999969482422,0.0,135.16000366210938,132.05999755859375,132.94000244140625,0.0,16957100,0.6428972071743485,0.4133168189925771,WMT,Walmart,Stock
2026-05-20,130.85000610351562,130.85000610351562,0.0,133.64999389648438,130.3300018310547,132.91000366210938,0.0,28471600,-2.5279526175923404,6.3905444367919655,WMT,Walmart,Stock
2026-05-21,121.33999633789062,121.33999633789062,0.0,125.8000030517578,120.38999938964844,124.41000366210938,0.0,53006600,-7.545518328769709,56.93484684979962,WMT,Walmart,Stock
2026-05-22,120.2699966430664,120.2699966430664,0.0,121.9499969482422,118.91000366210938,121.33999633789062,0.0,30330600,-0.8857304922710033,0.7845185049386338,WMT,Walmart,Stock
2026-05-26,118.56999969482422,118.56999969482422,0.0,121.0500030517578,117.91999816894533,120.69000244140624,0.0,28796600,-1.4235686514703034,2.026547705448978,WMT,Walmart,Stock
2026-05-27,118.54000091552734,118.54000091552734,0.0,119.43000030517578,118.04000091552734,118.33000183105467,0.0,22062200,-0.0253036813122305,0.0006402762879509,WMT,Walmart,Stock
2026-05-28,118.9000015258789,118.9000015258789,0.0,119.16999816894533,117.33000183105467,118.95999908447266,0.0,21613100,0.3032352446978074,0.0919516136269391,WMT,Walmart,Stock
2026-05-29,115.75,115.75,0.0,119.08000183105467,114.70999908447266,118.11000061035156,0.0,42191000,-2.685012356368875,7.209291353853538,WMT,Walmart,Stock
2026-06-01,114.5999984741211,114.5999984741211,0.0,115.9800033569336,113.55999755859376,114.7300033569336,0.0,26176200,-0.9984902000528988,0.9969826796016776,WMT,Walmart,Stock
2026-06-02,113.05999755859376,113.05999755859376,0.0,114.56999969482422,112.7300033569336,113.87000274658205,0.0,27366400,-1.3529161312569198,1.830382058215191,WMT,Walmart,Stock
2026-06-03,116.88999938964844,116.88999938964844,0.0,117.29000091552734,112.95999908447266,113.0999984741211,0.0,32880600,3.3314686744844453,11.098683529071147,WMT,Walmart,Stock
2026-06-04,117.73999786376952,117.73999786376952,0.0,119.94000244140624,117.29000091552734,119.9000015258789,0.0,22870400,0.7245469058399916,0.5249682187623056,WMT,Walmart,Stock
2026-06-05,118.87999725341795,118.87999725341795,0.0,120.88999938964844,118.0999984741211,118.3499984741211,0.0,36638100,0.9635772409139822,0.9284810992074024,WMT,Walmart,Stock
2026-06-08,119.83000183105467,119.83000183105467,0.0,120.18000030517578,118.1500015258789,118.25,0.0,19514100,0.7959529109231877,0.6335410364070959,WMT,Walmart,Stock
2026-06-09,118.87999725341795,118.87999725341795,0.0,120.5,118.0,120.37999725341795,0.0,23959000,-0.7959529109231941,0.6335410364071061,WMT,Walmart,Stock
2026-06-10,120.58999633789062,120.58999633789062,0.0,120.81999969482422,117.52999877929688,119.70999908447266,0.0,22414900,1.4281773881603703,2.039690652052577,WMT,Walmart,Stock
2026-06-11,120.5,120.5,0.0,121.86000061035156,119.45999908447266,120.56999969482422,0.0,22438000,-0.0746578816523515,0.0055737992928165,WMT,Walmart,Stock
2026-06-12,121.04000091552734,121.04000091552734,0.0,121.61000061035156,119.52999877929688,120.58999633789062,0.0,14753500,0.4471324113231935,0.1999273932556935,WMT,Walmart,Stock
2026-06-15,120.81999969482422,120.81999969482422,0.0,121.48999786376952,118.58000183105467,119.73999786376952,0.0,20722500,-0.1819244859217884,0.033096518577907,WMT,Walmart,Stock
2026-06-16,121.02999877929688,121.02999877929688,0.0,122.94000244140624,119.87999725341795,121.13999938964844,0.0,23060700,0.1736606479833591,0.0301580206580001,WMT,Walmart,Stock
2026-06-17,118.12999725341795,118.12999725341795,0.0,121.01000213623048,117.4499969482422,119.58000183105467,0.0,21711100,-2.4252748954633083,5.881958318564561,WMT,Walmart,Stock
2026-06-18,117.18000030517578,117.18000030517578,0.0,118.4800033569336,116.8000030517578,118.1999969482422,0.0,36526800,-0.8074472988948493,0.6519711404925882,WMT,Walmart,Stock
2026-06-22,117.18000030517578,117.18000030517578,0.0,118.4000015258789,116.9499969482422,116.95999908447266,0.0,17053900,0.0,0.0,WMT,Walmart,Stock
2026-06-23,119.41999816894533,119.41999816894533,0.0,120.25,116.33999633789062,119.70999908447266,0.0,23411400,1.8935459064972244,3.5855161000123954,WMT,Walmart,Stock
2026-06-24,119.0,119.0,0.0,120.4000015258789,118.93000030517578,119.55999755859376,0.0,20600100,-0.3523182674418817,0.1241281615732493,WMT,Walmart,Stock
2026-06-25,115.77999877929688,115.77999877929688,0.0,118.58000183105467,115.37999725341795,117.47000122070312,0.0,20384700,-2.7431665003969616,7.524962448900114,WMT,Walmart,Stock
2026-06-26,115.69000244140624,115.69000244140624,0.0,117.87999725341795,115.08999633789062,117.29000091552734,0.0,36636000,-0.0777606963760946,0.0060467259008951,WMT,Walmart,Stock
2026-06-29,114.5999984741211,114.5999984741211,0.0,116.8000030517578,114.1999969482422,116.47000122070312,0.0,20367000,-0.9466430177984452,0.8961330031465476,WMT,Walmart,Stock
2026-06-30,113.26000213623048,113.26000213623048,0.0,114.61000061035156,112.93000030517578,113.97000122070312,0.0,23034000,-1.1761711418858944,1.383378555005169,WMT,Walmart,Stock
2026-07-01,108.81999969482422,108.81999969482422,0.0,110.70999908447266,107.25,110.12999725341795,0.0,40391400,-3.999094129358517,15.992753855469756,WMT,Walmart,Stock
2026-07-02,111.83999633789062,111.83999633789062,0.0,112.4499969482422,109.16000366210938,109.33000183105467,0.0,29512200,2.7374107487946646,7.493417607616567,WMT,Walmart,Stock
2026-07-06,110.6500015258789,110.6500015258789,0.0,112.37000274658205,109.37000274658205,111.4000015258789,0.0,29523300,-1.06971654541192,1.1442934875280122,WMT,Walmart,Stock
2026-07-07,111.54000091552734,111.54000091552734,0.0,113.5,111.3000030517578,112.97000122070312,0.0,19941400,0.8011198882272794,0.6417930753132887,WMT,Walmart,Stock
2026-07-08,113.0999984741211,113.0999984741211,0.0,113.86000061035156,111.80999755859376,113.1500015258789,0.0,19892000,1.3889090461190148,1.9290683383912317,WMT,Walmart,Stock
2026-07-09,112.20999908447266,112.20999908447266,0.0,112.76000213623048,111.04000091552734,111.23999786376952,0.0,20464500,-0.7900262112938977,0.6241414145313903,WMT,Walmart,Stock
2026-07-10,113.9000015258789,113.9000015258789,0.0,114.16000366210938,111.93000030517578,111.9499969482422,0.0,12461700,1.494877633206874,2.2346591382621854,WMT,Walmart,Stock
2026-07-13,114.77999877929688,114.77999877929688,0.0,115.54000091552734,114.01000213623048,114.7300033569336,0.0,17043400,0.7696358195270585,0.592339294699087,WMT,Walmart,Stock
2026-07-14,113.6999969482422,113.6999969482422,0.0,115.87999725341795,113.5,115.08000183105467,0.0,14682000,-0.945386812900922,0.8937562260069626,WMT,Walmart,Stock
2026-07-15,112.52999877929688,112.52999877929688,0.0,114.7300033569336,112.06999969482422,113.25,0.0,16467900,-1.0343532001947984,1.0698865427532207,WMT,Walmart,Stock
2026-07-16,114.9499969482422,114.9499969482422,0.0,115.58999633789062,113.55999755859376,113.76000213623048,0.0,20777600,2.1277382746519033,4.527270165418659,WMT,Walmart,Stock
2026-07-17,114.23999786376952,114.23999786376952,0.0,118.08999633789062,113.5999984741211,116.95999908447266,0.0,28289800,-0.6195744768845222,0.3838725324067293,WMT,Walmart,Stock
2026-07-20,112.1999969482422,112.1999969482422,0.0,114.4000015258789,112.13999938964844,113.95999908447266,0.0,17738900,-1.801851400244955,3.246668468564706,WMT,Walmart,Stock
2026-07-21,110.38999938964844,110.38999938964844,0.0,111.8000030517578,109.88999938964844,111.51000213623048,0.0,22717000,-1.626342138811537,2.644988752474086,WMT,Walmart,Stock
2026-07-22,109.33000183105467,109.33000183105467,0.0,110.0,108.72000122070312,109.52999877929688,0.0,23494800,-0.964869630685744,0.930973404219644,WMT,Walmart,Stock
2026-07-23,108.4000015258789,108.4000015258789,0.0,108.55999755859376,106.79000091552734,107.51000213623048,0.0,21516800,-0.8542745112435836,0.7297849405604636,WMT,Walmart,Stock
2026-07-24,109.47000122070312,109.47000122070312,0.0,109.5999984741211,108.01000213623048,108.12000274658205,0.0,18405900,0.9822447185575344,0.9648046871341696,WMT,Walmart,Stock
2026-07-27,111.73999786376952,111.73999786376952,0.0,112.51000213623048,109.88999938964844,109.91999816894533,0.0,19008700,2.052417464564061,4.212417448847569,WMT,Walmart,Stock
2026-07-28,113.0999984741211,113.0999984741211,0.0,116.02999877929688,112.83999633789062,113.95999908447266,0.0,24867900,1.2097644717525486,1.463530077114723,WMT,Walmart,Stock
2026-07-29,114.22000122070312,114.22000122070312,0.0,114.69000244140624,112.4499969482422,113.2300033569336,0.0,23480000,0.9854054293353516,0.9710238601635884,WMT,Walmart,Stock
2026-07-30,111.0999984741211,111.0999984741211,0.0,113.02999877929688,110.44000244140624,111.61000061035156,0.0,28747000,-2.769574101271375,7.670540702433144,WMT,Walmart,Stock
2026-07-31,110.93441772460938,111.1999969482422,0.0,111.91000366210938,109.88999938964844,110.5199966430664,0.0,22799100,0.0899692351612703,0.0080944632755039,WMT,Walmart,Stock
2026-08-03,110.44558715820312,110.70999908447266,0.0,113.29000091552734,110.16000366210938,113.0999984741211,0.0,23942500,-0.4416219623235277,0.1950299576064833,WMT,Walmart,Stock
2026-08-04,111.28358459472656,111.5500030517578,0.0,111.68000030517578,108.55999755859376,109.01000213623048,0.0,29620000,0.7558783716411244,0.5713521127148378,WMT,Walmart,Stock
2026-08-05,112.07169342041016,112.33999633789062,0.0,113.16000366210938,111.36000061035156,112.4499969482422,0.0,21446300,0.7057026844792268,0.4980162788811871,WMT,Walmart,Stock
2026-08-06,111.8023452758789,112.06999969482422,0.0,114.55999755859376,111.04000091552734,114.06999969482422,0.0,23203100,-0.2406248407014491,0.0579003139625977,WMT,Walmart,Stock
2026-08-07,111.58287048339844,111.8499984741211,0.0,112.29000091552734,110.5,110.61000061035156,0.0,18819300,-0.1964990049622475,0.0386118589511533,WMT,Walmart,Stock
2026-08-10,112.39093780517578,112.66000366210938,0.0,112.6999969482422,110.76000213623048,111.08000183105467,0.0,19144000,0.7215761825906558,0.5206721872821034,WMT,Walmart,Stock
2026-08-11,112.989501953125,113.26000213623048,0.0,113.33999633789062,112.19000244140624,112.44000244140624,0.0,17005800,0.5311601626744753,0.282131118412375,WMT,Walmart,Stock
2026-08-12,115.7329330444336,116.01000213623048,0.0,116.0500030517578,112.27999877929688,112.37000274658205,0.0,22054700,2.3990324067759614,5.755356488761262,WMT,Walmart,Stock
2026-08-13,115.4436264038086,115.72000122070312,0.0,116.31999969482422,114.80999755859376,116.16999816894533,0.0,16822200,-0.2502907668032904,0.0626454679469791,WMT,Walmart,Stock
2026-08-14,114.99469757080078,115.2699966430664,0.0,116.4499969482422,114.63999938964844,115.66000366210938,0.0,14520000,-0.3896308506372814,0.1518121997683315,WMT,Walmart,Stock
2026-08-17,114.05694580078124,114.33000183105467,0.0,115.18000030517578,113.91999816894533,114.33000183105467,0.0,18131100,-0.8188170978359457,0.6704614397084807,WMT,Walmart,Stock
2026-08-18,114.92486572265625,115.19999694824219,0.0,116.30999755859375,114.4800033569336,116.30000305175781,0.0,20675000,0.7580725058651531,0.5746739241486726,WMT,Walmart,Stock
2026-08-19,114.02702331542969,114.30000305175781,0.0,116.87000274658203,113.98999786376953,115.19000244140625,0.0,34286600,-0.7843106370579602,0.6151431754022634,WMT,Walmart,Stock
2026-08-20,103.59199523925781,103.83999633789062,0.0,107.0,102.8499984741211,106.37999725341797,0.0,83633100,-9.597540612008004,92.11278579914297,WMT,Walmart,Stock
2026-08-21,103.69999694824219,103.69999694824219,0.248,104.27999877929688,102.1500015258789,103.69000244140625,0.0,44454200,0.10420249968862841,0.010858160941358604,WMT,Walmart,Stock
2026-08-24,106.48999786376953,106.48999786376953,0.0,106.5999984741211,104.0,104.13999938964844,0.0,35616300,2.6548978160140937,7.048482413476404,WMT,Walmart,Stock
2026-08-25,105.37999725341797,105.37999725341797,0.0,106.06999969482422,104.4000015258789,105.58000183105469,0.0,27032500,-1.0478225249365878,1.0979320437644862,WMT,Walmart,Stock
2026-08-26,104.33999633789062,104.33999633789062,0.0,106.08999633789062,104.08000183105469,105.51000213623047,0.0,28409400,-0.9918076221141775,0.9836823592837791,WMT,Walmart,Stock
2026-08-27,102.62999725341797,102.62999725341797,0.0,103.75,102.2699966430664,103.61000061035156,0.0,29816600,-1.652450160075647,2.730591531534031,WMT,Walmart,Stock
2026-08-28,103.08999633789062,103.08999633789062,0.0,103.4000015258789,102.5,103.08999633789062,0.0,19420800,0.44720966892301445,0.1999964879782322,WMT,Walmart,Stock
2026-08-31,104.87000274658203,104.87000274658203,0.0,104.98999786376953,102.83999633789062,103.08000183105469,0.0,34188700,1.7119156451790913,2.9306551762089446,WMT,Walmart,Stock
2026-09-01,105.91999816894531,105.91999816894531,0.0,106.63999938964844,104.66000366210938,105.19000244140625,0.0,21972666,0.9962560864886437,0.992526189865668,WMT,Walmart,Stock
