Date,Adj Close,Close,Dividends,High,Low,Open,Stock Splits,Volume,Ticker,Asset
2010-06-29,31.380348205566406,57.290000915527344,0.0,58.09000015258789,57.0,58.0,0.0,52525000,XOM,Exxon Mobil
2010-06-30,31.259849548339844,57.06999969482422,0.0,57.72999954223633,56.91999816894531,57.33000183105469,0.0,43944900,XOM,Exxon Mobil
2010-07-01,31.00786781311035,56.61000061035156,0.0,57.27000045776367,56.16999816894531,56.97999954223633,0.0,47746400,XOM,Exxon Mobil
2010-07-02,30.985958099365234,56.56999969482422,0.0,56.9900016784668,55.939998626708984,56.849998474121094,0.0,32767900,XOM,Exxon Mobil
2010-07-06,31.473461151123047,57.459999084472656,0.0,57.59000015258789,56.77000045776367,57.16999816894531,0.0,36912100,XOM,Exxon Mobil
2010-07-07,32.004764556884766,58.43000030517578,0.0,58.45000076293945,57.2599983215332,57.369998931884766,0.0,41797200,XOM,Exxon Mobil
2010-07-08,32.21290969848633,58.810001373291016,0.0,59.20000076293945,58.130001068115234,59.130001068115234,0.0,40430300,XOM,Exxon Mobil
2010-07-09,32.19647979736328,58.779998779296875,0.0,59.0099983215332,58.29999923706055,58.7599983215332,0.0,25976500,XOM,Exxon Mobil
2010-07-12,32.28413772583008,58.939998626708984,0.0,58.939998626708984,58.20000076293945,58.290000915527344,0.0,23515000,XOM,Exxon Mobil
2010-07-13,32.54703903198242,59.41999816894531,0.0,59.720001220703125,59.040000915527344,59.599998474121094,0.0,30514200,XOM,Exxon Mobil
2010-07-14,32.459407806396484,59.2599983215332,0.0,59.34000015258789,58.619998931884766,59.220001220703125,0.0,26061100,XOM,Exxon Mobil
2010-07-15,32.46488571166992,59.27000045776367,0.0,59.4900016784668,58.59000015258789,59.36000061035156,0.0,24737300,XOM,Exxon Mobil
2010-07-16,31.747323989868164,57.959999084472656,0.0,59.11000061035156,57.810001373291016,58.84000015258789,0.0,35805700,XOM,Exxon Mobil
2010-07-19,32.004764556884766,58.43000030517578,0.0,58.7400016784668,58.099998474121094,58.33000183105469,0.0,20960000,XOM,Exxon Mobil
2010-07-20,32.28959655761719,58.95000076293945,0.0,58.9900016784668,57.66999816894531,57.68000030517578,0.0,23807300,XOM,Exxon Mobil
2010-07-21,31.862369537353516,58.16999816894531,0.0,59.130001068115234,57.599998474121094,59.130001068115234,0.0,26859700,XOM,Exxon Mobil
2010-07-22,32.52513885498047,59.380001068115234,0.0,59.790000915527344,58.65999984741211,58.709999084472656,0.0,27051400,XOM,Exxon Mobil
2010-07-23,32.711360931396484,59.720001220703125,0.0,59.810001373291016,58.79999923706055,59.2599983215332,0.0,19281400,XOM,Exxon Mobil
2010-07-26,33.07836151123047,60.38999938964844,0.0,60.439998626708984,59.630001068115234,59.70000076293945,0.0,20236500,XOM,Exxon Mobil
2010-07-27,33.308406829833984,60.810001373291016,0.0,60.900001525878906,60.38999938964844,60.619998931884766,0.0,22400800,XOM,Exxon Mobil
2010-07-28,33.363182067871094,60.90999984741211,0.0,61.27000045776367,60.72999954223633,60.72999954223633,0.0,23511100,XOM,Exxon Mobil
2010-07-29,33.050987243652344,60.34000015258789,0.0,61.880001068115234,60.290000915527344,61.41999816894531,0.0,33763000,XOM,Exxon Mobil
2010-07-30,32.68946075439453,59.68000030517578,0.0,60.5099983215332,59.599998474121094,60.150001525878906,0.0,29354600,XOM,Exxon Mobil
2010-08-02,33.92736053466797,61.939998626708984,0.0,62.040000915527344,60.61000061035156,60.63999938964844,0.0,28144000,XOM,Exxon Mobil
2010-08-03,34.3546142578125,62.720001220703125,0.0,62.9900016784668,61.880001068115234,61.97999954223633,0.0,31075800,XOM,Exxon Mobil
2010-08-04,34.3546142578125,62.720001220703125,0.0,62.88999938964844,62.27000045776367,62.86000061035156,0.0,21033800,XOM,Exxon Mobil
2010-08-05,34.3491325378418,62.709999084472656,0.0,62.709999084472656,61.849998474121094,62.279998779296875,0.0,19985300,XOM,Exxon Mobil
2010-08-06,33.943782806396484,61.970001220703125,0.0,62.5,61.25,61.91999816894531,0.0,23097300,XOM,Exxon Mobil
2010-08-09,34.20671463012695,62.45000076293945,0.0,62.66999816894531,62.18000030517578,62.560001373291016,0.0,14731300,XOM,Exxon Mobil
2010-08-10,33.92189025878906,61.93000030517578,0.0,62.16999816894531,61.45000076293945,61.849998474121094,0.0,23188500,XOM,Exxon Mobil
2010-08-11,33.31504440307617,60.38999938964844,0.44,60.65999984741211,60.20000076293945,60.54999923706055,0.0,24281300,XOM,Exxon Mobil
2010-08-12,33.226783752441406,60.22999954223633,0.0,60.560001373291016,59.560001373291016,59.70000076293945,0.0,16951300,XOM,Exxon Mobil
2010-08-13,33.05025100708008,59.90999984741211,0.0,60.45000076293945,59.79999923706055,59.959999084472656,0.0,14651300,XOM,Exxon Mobil
2010-08-16,33.033695220947266,59.880001068115234,0.0,60.25,59.25,59.599998474121094,0.0,14301100,XOM,Exxon Mobil
2010-08-17,33.552276611328125,60.81999969482422,0.0,61.15999984741211,60.13999938964844,60.4900016784668,0.0,20122200,XOM,Exxon Mobil
2010-08-18,33.182655334472656,60.150001525878906,0.0,60.720001220703125,59.630001068115234,60.66999816894531,0.0,20071500,XOM,Exxon Mobil
2010-08-19,32.70822525024414,59.290000915527344,0.0,60.060001373291016,58.900001525878906,59.93000030517578,0.0,21174500,XOM,Exxon Mobil
2010-08-20,32.48756790161133,58.88999938964844,0.0,59.06999969482422,58.54999923706055,59.02000045776367,0.0,21008800,XOM,Exxon Mobil
2010-08-23,32.82405471801758,59.5,0.0,60.04999923706055,58.900001525878906,58.970001220703125,0.0,21337700,XOM,Exxon Mobil
2010-08-24,32.51513671875,58.939998626708984,0.0,59.45000076293945,58.790000915527344,58.959999084472656,0.0,25679100,XOM,Exxon Mobil
2010-08-25,32.49859619140625,58.90999984741211,0.0,59.400001525878906,58.41999816894531,58.689998626708984,0.0,20944000,XOM,Exxon Mobil
2010-08-26,32.261383056640625,58.47999954223633,0.0,59.5,58.33000183105469,59.36000061035156,0.0,22320900,XOM,Exxon Mobil
2010-08-27,32.98957824707031,59.79999923706055,0.0,59.959999084472656,58.04999923706055,58.720001220703125,0.0,28279500,XOM,Exxon Mobil
2010-08-30,32.548240661621094,59.0,0.0,59.900001525878906,58.959999084472656,59.560001373291016,0.0,16265100,XOM,Exxon Mobil
2010-08-31,32.608924865722656,59.11000061035156,0.0,59.540000915527344,58.5,58.75,0.0,26985400,XOM,Exxon Mobil
2010-09-01,33.60191345214844,60.90999984741211,0.0,60.959999084472656,59.720001220703125,60.040000915527344,0.0,26286200,XOM,Exxon Mobil
2010-09-02,33.68467712402344,61.060001373291016,0.0,61.060001373291016,60.369998931884766,60.4900016784668,0.0,18662600,XOM,Exxon Mobil
2010-09-03,33.82810592651367,61.31999969482422,0.0,61.599998474121094,60.75,61.20000076293945,0.0,21982900,XOM,Exxon Mobil
2010-09-07,33.40332794189453,60.54999923706055,0.0,61.06999969482422,60.45000076293945,60.88999938964844,0.0,19435700,XOM,Exxon Mobil
2010-09-08,33.51365661621094,60.75,0.0,61.2599983215332,60.630001068115234,60.65999984741211,0.0,17380600,XOM,Exxon Mobil
2010-09-09,33.67916488647461,61.04999923706055,0.0,61.59000015258789,60.90999984741211,61.5,0.0,16525200,XOM,Exxon Mobil
2010-09-10,33.761905670166016,61.20000076293945,0.0,61.47999954223633,60.95000076293945,61.380001068115234,0.0,14488400,XOM,Exxon Mobil
2010-09-13,33.65156936645508,61.0,0.0,61.52000045776367,60.540000915527344,61.38999938964844,0.0,23141800,XOM,Exxon Mobil
2010-09-14,33.657081604003906,61.0099983215332,0.0,61.34000015258789,60.75,60.84000015258789,0.0,17977500,XOM,Exxon Mobil
2010-09-15,33.65156936645508,61.0,0.0,61.029998779296875,60.36000061035156,60.7599983215332,0.0,18769900,XOM,Exxon Mobil
2010-09-16,33.63501739501953,60.970001220703125,0.0,60.9900016784668,60.45000076293945,60.849998474121094,0.0,16432500,XOM,Exxon Mobil
2010-09-17,33.53021240234375,60.779998779296875,0.0,61.29999923706055,60.630001068115234,61.189998626708984,0.0,26447200,XOM,Exxon Mobil
2010-09-20,33.95499038696289,61.54999923706055,0.0,61.81999969482422,60.95000076293945,61.040000915527344,0.0,21788100,XOM,Exxon Mobil
2010-09-21,33.949462890625,61.540000915527344,0.0,61.900001525878906,61.25,61.650001525878906,0.0,20525200,XOM,Exxon Mobil
2010-09-22,33.899818420410156,61.45000076293945,0.0,62.0,61.40999984741211,61.560001373291016,0.0,18207700,XOM,Exxon Mobil
2010-09-23,33.734310150146484,61.150001525878906,0.0,61.56999969482422,60.900001525878906,60.9900016784668,0.0,18097800,XOM,Exxon Mobil
2010-09-24,34.0653190612793,61.75,0.0,62.130001068115234,61.36000061035156,61.5099983215332,0.0,25145300,XOM,Exxon Mobil
2010-09-27,34.043243408203125,61.709999084472656,0.0,62.08000183105469,61.68000030517578,61.9900016784668,0.0,16642800,XOM,Exxon Mobil
2010-09-28,34.2363395690918,62.060001373291016,0.0,62.2599983215332,61.27000045776367,61.630001068115234,0.0,18806700,XOM,Exxon Mobil
2010-09-29,33.977054595947266,61.59000015258789,0.0,62.02000045776367,61.27000045776367,61.77000045776367,0.0,21158000,XOM,Exxon Mobil
2010-09-30,34.08738327026367,61.790000915527344,0.0,62.439998626708984,61.470001220703125,61.95000076293945,0.0,25460200,XOM,Exxon Mobil
2010-10-01,34.50114059448242,62.540000915527344,0.0,62.58000183105469,61.79999923706055,62.31999969482422,0.0,24160200,XOM,Exxon Mobil
2010-10-04,34.308048248291016,62.189998626708984,0.0,62.72999954223633,61.84000015258789,62.52000045776367,0.0,16902500,XOM,Exxon Mobil
2010-10-05,34.8983268737793,63.2599983215332,0.0,63.400001525878906,62.43000030517578,62.59000015258789,0.0,25185400,XOM,Exxon Mobil
2010-10-06,35.27345275878906,63.939998626708984,0.0,63.939998626708984,63.18000030517578,63.18000030517578,0.0,21645200,XOM,Exxon Mobil
2010-10-07,35.22381591796875,63.849998474121094,0.0,64.0,63.369998931884766,63.959999084472656,0.0,19468400,XOM,Exxon Mobil
2010-10-08,35.51618576049805,64.37999725341797,0.0,64.52999877929688,63.630001068115234,63.810001373291016,0.0,22370500,XOM,Exxon Mobil
2010-10-11,35.60997772216797,64.55000305175781,0.0,64.80999755859375,64.30999755859375,64.36000061035156,0.0,13848900,XOM,Exxon Mobil
2010-10-12,35.69273376464844,64.69999694824219,0.0,64.88999938964844,63.93000030517578,64.30999755859375,0.0,20732000,XOM,Exxon Mobil
2010-10-13,35.88029098510742,65.04000091552734,0.0,65.29000091552734,64.56999969482422,64.83999633789062,0.0,22560500,XOM,Exxon Mobil
2010-10-14,36.02372741699219,65.30000305175781,0.0,65.44999694824219,64.87000274658203,65.05000305175781,0.0,17778100,XOM,Exxon Mobil
2010-10-15,35.96304702758789,65.19000244140625,0.0,65.6500015258789,64.81999969482422,65.63999938964844,0.0,25500700,XOM,Exxon Mobil
2010-10-18,36.564361572265625,66.27999877929688,0.0,66.54000091552734,65.02999877929688,65.19000244140625,0.0,22481700,XOM,Exxon Mobil
2010-10-19,35.924434661865234,65.12000274658203,0.0,66.04000091552734,64.58999633789062,65.58999633789062,0.0,25367400,XOM,Exxon Mobil
2010-10-20,36.415409088134766,66.01000213623047,0.0,66.38999938964844,65.3499984741211,65.47000122070312,0.0,20543900,XOM,Exxon Mobil
2010-10-21,36.586429595947266,66.31999969482422,0.0,66.80000305175781,65.6500015258789,66.29000091552734,0.0,21291200,XOM,Exxon Mobil
2010-10-22,36.597450256347656,66.33999633789062,0.0,66.55000305175781,66.12999725341797,66.51000213623047,0.0,13332800,XOM,Exxon Mobil
2010-10-25,36.520233154296875,66.19999694824219,0.0,66.80999755859375,66.16000366210938,66.68000030517578,0.0,16516600,XOM,Exxon Mobil
2010-10-26,36.70227813720703,66.52999877929688,0.0,66.56999969482422,65.80999755859375,65.95999908447266,0.0,17652900,XOM,Exxon Mobil
2010-10-27,36.227848052978516,65.66999816894531,0.0,65.98999786376953,65.08999633789062,65.94999694824219,0.0,23358900,XOM,Exxon Mobil
2010-10-28,36.53125762939453,66.22000122070312,0.0,66.69999694824219,66.05000305175781,66.43000030517578,0.0,20464200,XOM,Exxon Mobil
2010-10-29,36.680198669433594,66.48999786376953,0.0,66.55999755859375,65.98999786376953,66.0999984741211,0.0,19265600,XOM,Exxon Mobil
2010-11-01,36.93397903442383,66.94999694824219,0.0,67.20999908447266,66.62999725341797,66.72000122070312,0.0,22372700,XOM,Exxon Mobil
2010-11-02,37.42495346069336,67.83999633789062,0.0,68.25,67.20999908447266,67.31999969482422,0.0,26192200,XOM,Exxon Mobil
2010-11-03,37.49666976928711,67.97000122070312,0.0,68.2699966430664,67.31999969482422,68.2300033569336,0.0,26545300,XOM,Exxon Mobil
2010-11-04,38.274532318115234,69.37999725341797,0.0,69.5999984741211,68.29000091552734,68.4000015258789,0.0,31221400,XOM,Exxon Mobil
2010-11-05,38.61655044555664,70.0,0.0,70.0,69.4000015258789,69.44000244140625,0.0,26531700,XOM,Exxon Mobil
2010-11-08,38.79309844970703,70.31999969482422,0.0,70.41999816894531,69.45999908447266,69.48999786376953,0.0,23628000,XOM,Exxon Mobil
2010-11-09,39.20944595336914,70.62999725341797,0.44,71.11000061035156,70.0999984741211,70.29000091552734,0.0,33938100,XOM,Exxon Mobil
2010-11-10,39.486995697021484,71.12999725341797,0.0,71.16000366210938,70.1500015258789,70.95999908447266,0.0,25482400,XOM,Exxon Mobil
2010-11-11,39.8756103515625,71.83000183105469,0.0,71.9000015258789,70.7300033569336,71.0,0.0,23788900,XOM,Exxon Mobil
2010-11-12,39.40929412841797,70.98999786376953,0.0,71.4000015258789,70.43000030517578,71.37999725341797,0.0,24598100,XOM,Exxon Mobil
2010-11-15,39.12616729736328,70.4800033569336,0.0,71.22000122070312,70.44000244140625,71.01000213623047,0.0,18779600,XOM,Exxon Mobil
2010-11-16,38.27125549316406,68.94000244140625,0.0,69.81999969482422,68.55999755859375,69.62000274658203,0.0,27543400,XOM,Exxon Mobil
2010-11-17,38.31011199951172,69.01000213623047,0.0,69.37999725341797,68.55999755859375,68.83999633789062,0.0,17471800,XOM,Exxon Mobil
2010-11-18,39.03179168701172,70.30999755859375,0.0,70.38999938964844,69.63999938964844,69.6500015258789,0.0,18322900,XOM,Exxon Mobil
2010-11-19,39.15949249267578,70.54000091552734,0.0,70.58999633789062,69.36000061035156,70.19999694824219,0.0,24116400,XOM,Exxon Mobil
2010-11-22,38.96517562866211,70.19000244140625,0.0,70.30000305175781,68.79000091552734,70.0999984741211,0.0,18907900,XOM,Exxon Mobil
2010-11-23,38.293453216552734,68.9800033569336,0.0,69.1500015258789,68.31999969482422,68.80000305175781,0.0,22672000,XOM,Exxon Mobil
2010-11-24,38.793087005615234,69.87999725341797,0.0,70.0,69.19000244140625,69.25,0.0,19335600,XOM,Exxon Mobil
2010-11-26,38.4322624206543,69.2300033569336,0.0,69.43000030517578,68.9000015258789,69.30000305175781,0.0,7324600,XOM,Exxon Mobil
2010-11-29,38.55438232421875,69.44999694824219,0.0,69.63999938964844,68.30000305175781,68.86000061035156,0.0,20021200,XOM,Exxon Mobil
2010-11-30,38.61543655395508,69.55999755859375,0.0,69.75,68.31999969482422,68.55000305175781,0.0,27524300,XOM,Exxon Mobil
2010-12-01,39.598026275634766,71.33000183105469,0.0,71.55000305175781,70.37999725341797,70.37999725341797,0.0,26590200,XOM,Exxon Mobil
2010-12-02,39.681312561035156,71.4800033569336,0.0,71.66000366210938,70.94999694824219,71.19000244140625,0.0,21274800,XOM,Exxon Mobil
2010-12-03,39.520320892333984,71.19000244140625,0.0,71.30000305175781,70.88999938964844,71.01000213623047,0.0,19457100,XOM,Exxon Mobil
2010-12-06,39.58693313598633,71.30999755859375,0.0,71.5999984741211,71.05999755859375,71.19999694824219,0.0,15985400,XOM,Exxon Mobil
2010-12-07,39.670204162597656,71.45999908447266,0.0,72.18000030517578,71.41999816894531,71.91000366210938,0.0,23694600,XOM,Exxon Mobil
2010-12-08,39.8867073059082,71.8499984741211,0.0,72.22000122070312,71.4800033569336,71.87000274658203,0.0,22654900,XOM,Exxon Mobil
2010-12-09,39.96998596191406,72.0,0.0,72.13999938964844,71.33000183105469,72.05000305175781,0.0,17971600,XOM,Exxon Mobil
2010-12-10,40.06991195678711,72.18000030517578,0.0,72.18000030517578,71.62000274658203,72.18000030517578,0.0,17699500,XOM,Exxon Mobil
2010-12-13,40.169822692871094,72.36000061035156,0.0,72.75,72.06999969482422,72.41000366210938,0.0,21170500,XOM,Exxon Mobil
2010-12-14,40.06991195678711,72.18000030517578,0.0,72.5,71.93000030517578,72.2300033569336,0.0,20625900,XOM,Exxon Mobil
2010-12-15,39.8867073059082,71.8499984741211,0.0,72.30999755859375,71.79000091552734,71.87000274658203,0.0,20979000,XOM,Exxon Mobil
2010-12-16,40.09210205078125,72.22000122070312,0.0,72.33000183105469,71.56999969482422,71.91999816894531,0.0,18513900,XOM,Exxon Mobil
2010-12-17,40.06435775756836,72.16999816894531,0.0,72.38999938964844,71.77999877929688,72.11000061035156,0.0,36761300,XOM,Exxon Mobil
2010-12-20,40.09210205078125,72.22000122070312,0.0,72.5,71.87999725341797,72.23999786376953,0.0,16045800,XOM,Exxon Mobil
2010-12-21,40.36967468261719,72.72000122070312,0.0,72.97000122070312,72.2300033569336,72.43000030517578,0.0,21772800,XOM,Exxon Mobil
2010-12-22,40.41409683227539,72.80000305175781,0.0,73.0,72.6500015258789,72.94000244140625,0.0,14606600,XOM,Exxon Mobil
2010-12-23,40.63615036010742,73.19999694824219,0.0,73.19999694824219,72.83000183105469,72.94000244140625,0.0,11390900,XOM,Exxon Mobil
2010-12-27,40.530670166015625,73.01000213623047,0.0,73.30000305175781,72.80999755859375,72.80999755859375,0.0,9757200,XOM,Exxon Mobil
2010-12-28,40.758277893066406,73.41999816894531,0.0,73.55999755859375,72.95999908447266,73.19999694824219,0.0,14423400,XOM,Exxon Mobil
2010-12-29,40.73052978515625,73.37000274658203,0.0,73.69000244140625,73.33999633789062,73.41000366210938,0.0,11797700,XOM,Exxon Mobil
2010-12-30,40.7249641418457,73.36000061035156,0.0,73.51000213623047,73.05000305175781,73.29000091552734,0.0,10790400,XOM,Exxon Mobil
2010-12-31,40.59175109863281,73.12000274658203,0.0,73.51000213623047,73.0199966430664,73.16000366210938,0.0,15273700,XOM,Exxon Mobil
2011-01-03,41.3856086730957,74.55000305175781,0.0,74.79000091552734,73.63999938964844,73.72000122070312,0.0,23320700,XOM,Exxon Mobil
2011-01-04,41.579891204833984,74.9000015258789,0.0,74.94999694824219,74.41999816894531,74.70999908447266,0.0,20028500,XOM,Exxon Mobil
2011-01-05,41.46885681152344,74.69999694824219,0.0,74.87000274658203,74.13999938964844,74.66999816894531,0.0,16550800,XOM,Exxon Mobil
2011-01-06,41.73531723022461,75.18000030517578,0.0,75.43000030517578,74.66999816894531,74.9000015258789,0.0,22525300,XOM,Exxon Mobil
2011-01-07,41.962921142578125,75.58999633789062,0.0,75.9000015258789,75.08999633789062,75.20999908447266,0.0,19297700,XOM,Exxon Mobil
2011-01-10,41.70756912231445,75.12999725341797,0.0,75.2699966430664,74.58000183105469,75.12999725341797,0.0,20766400,XOM,Exxon Mobil
2011-01-11,42.01845169067383,75.69000244140625,0.0,75.86000061035156,75.0199966430664,75.0199966430664,0.0,15805400,XOM,Exxon Mobil
2011-01-12,42.51251220703125,76.58000183105469,0.0,76.62000274658203,75.66999816894531,75.94000244140625,0.0,17363000,XOM,Exxon Mobil
2011-01-13,42.58468246459961,76.70999908447266,0.0,76.81999969482422,75.9800033569336,76.6500015258789,0.0,20438100,XOM,Exxon Mobil
2011-01-14,43.21200180053711,77.83999633789062,0.0,78.0,76.5,76.66999816894531,0.0,23478700,XOM,Exxon Mobil
2011-01-18,43.69495391845703,78.70999908447266,0.0,78.8499984741211,77.72000122070312,77.79000091552734,0.0,23883600,XOM,Exxon Mobil
2011-01-19,43.43403625488281,78.23999786376953,0.0,78.93000030517578,78.12999725341797,78.62999725341797,0.0,21844100,XOM,Exxon Mobil
2011-01-20,43.162010192871094,77.75,0.0,78.16000366210938,76.7699966430664,77.9800033569336,0.0,29121600,XOM,Exxon Mobil
2011-01-21,43.844852447509766,78.9800033569336,0.0,79.0999984741211,78.05999755859375,78.20999908447266,0.0,25084400,XOM,Exxon Mobil
2011-01-24,43.62833023071289,78.58999633789062,0.0,79.18000030517578,78.08999633789062,78.8499984741211,0.0,24871600,XOM,Exxon Mobil
2011-01-25,43.67829895019531,78.68000030517578,0.0,78.98999786376953,77.93000030517578,78.22000122070312,0.0,21626300,XOM,Exxon Mobil
2011-01-26,44.222347259521484,79.66000366210938,0.0,79.86000061035156,78.48999786376953,78.70999908447266,0.0,25555400,XOM,Exxon Mobil
2011-01-27,44.3444709777832,79.87999725341797,0.0,79.9800033569336,79.33999633789062,79.83999633789062,0.0,17003500,XOM,Exxon Mobil
2011-01-28,43.85039520263672,78.98999786376953,0.0,79.88999938964844,78.87000274658203,79.77999877929688,0.0,26300600,XOM,Exxon Mobil
2011-01-31,44.7885856628418,80.68000030517578,0.0,80.81999969482422,79.01000213623047,79.91999816894531,0.0,34514400,XOM,Exxon Mobil
2011-02-01,46.58168029785156,83.91000366210938,0.0,83.95999908447266,81.04000091552734,81.13999938964844,0.0,40829600,XOM,Exxon Mobil
2011-02-02,46.304107666015625,83.41000366210938,0.0,83.9800033569336,83.26000213623047,83.58999633789062,0.0,18176900,XOM,Exxon Mobil
2011-02-03,46.32075881958008,83.44000244140625,0.0,83.55000305175781,82.45999908447266,83.05999755859375,0.0,19647700,XOM,Exxon Mobil
2011-02-04,46.23195266723633,83.27999877929688,0.0,83.5199966430664,82.8499984741211,83.25,0.0,16558300,XOM,Exxon Mobil
2011-02-07,46.59278869628906,83.93000030517578,0.0,84.0,83.36000061035156,83.44999694824219,0.0,15304300,XOM,Exxon Mobil
2011-02-08,46.30817794799805,82.9800033569336,0.44,83.6500015258789,82.63999938964844,83.5,0.0,17463500,XOM,Exxon Mobil
2011-02-09,46.068206787109375,82.55000305175781,0.0,82.77999877929688,81.7699966430664,82.44000244140625,0.0,15890900,XOM,Exxon Mobil
2011-02-10,46.43095016479492,83.19999694824219,0.0,83.30999755859375,81.61000061035156,81.68000030517578,0.0,21050500,XOM,Exxon Mobil
2011-02-11,46.218868255615234,82.81999969482422,0.0,83.41000366210938,82.2300033569336,82.2300033569336,0.0,15993500,XOM,Exxon Mobil
2011-02-14,47.38523483276367,84.91000366210938,0.0,85.11000061035156,81.88999938964844,82.06999969482422,0.0,33108300,XOM,Exxon Mobil
2011-02-15,46.302589416503906,82.97000122070312,0.0,84.88999938964844,82.66999816894531,84.79000091552734,0.0,25684600,XOM,Exxon Mobil
2011-02-16,46.70440673828125,83.69000244140625,0.0,83.86000061035156,82.86000061035156,83.05999755859375,0.0,16673500,XOM,Exxon Mobil
2011-02-17,46.81043243408203,83.87999725341797,0.0,83.97000122070312,83.05000305175781,83.97000122070312,0.0,17853500,XOM,Exxon Mobil
2011-02-18,47.15643310546875,84.5,0.0,84.5,83.5,83.91000366210938,0.0,22839500,XOM,Exxon Mobil
2011-02-22,47.68100357055664,85.44000244140625,0.0,86.69999694824219,84.7300033569336,84.97000122070312,0.0,32580400,XOM,Exxon Mobil
2011-02-23,48.59065628051758,87.06999969482422,0.0,88.2300033569336,85.47000122070312,86.0,0.0,38624600,XOM,Exxon Mobil
2011-02-24,47.976783752441406,85.97000122070312,0.0,87.52999877929688,85.45999908447266,87.19999694824219,0.0,28577100,XOM,Exxon Mobil
2011-02-25,47.62520980834961,85.33999633789062,0.0,86.23999786376953,85.29000091552734,85.79000091552734,0.0,22230300,XOM,Exxon Mobil
2011-02-28,47.73125076293945,85.52999877929688,0.0,86.55999755859375,85.48999786376953,85.87000274658203,0.0,24507000,XOM,Exxon Mobil
2011-03-01,47.32384490966797,84.80000305175781,0.0,86.5,84.69999694824219,86.41000366210938,0.0,23001800,XOM,Exxon Mobil
2011-03-02,47.4801139831543,85.08000183105469,0.0,85.31999969482422,83.55000305175781,84.58999633789062,0.0,17423600,XOM,Exxon Mobil
2011-03-03,47.893089294433594,85.81999969482422,0.0,85.94999694824219,85.05000305175781,85.45999908447266,0.0,17153500,XOM,Exxon Mobil
2011-03-04,47.4801139831543,85.08000183105469,0.0,86.0,84.69999694824219,85.91999816894531,0.0,20028600,XOM,Exxon Mobil
2011-03-07,47.27922058105469,84.72000122070312,0.0,86.08000183105469,84.69000244140625,85.83999633789062,0.0,18062700,XOM,Exxon Mobil
2011-03-08,47.212249755859375,84.5999984741211,0.0,85.11000061035156,83.75,84.5999984741211,0.0,17658200,XOM,Exxon Mobil
2011-03-09,47.08946228027344,84.37999725341797,0.0,84.55000305175781,83.55999755859375,84.12000274658203,0.0,13306600,XOM,Exxon Mobil
2011-03-10,45.41526794433594,81.37999725341797,0.0,83.80000305175781,81.19999694824219,83.80000305175781,0.0,25996300,XOM,Exxon Mobil
2011-03-11,45.8282585144043,82.12000274658203,0.0,82.91000366210938,80.0999984741211,81.0199966430664,0.0,17607100,XOM,Exxon Mobil
2011-03-14,45.97332763671875,82.37999725341797,0.0,82.63999938964844,81.45999908447266,81.66999816894531,0.0,16383200,XOM,Exxon Mobil
2011-03-15,45.42085266113281,81.38999938964844,0.0,82.08999633789062,79.75,80.16999816894531,0.0,23191300,XOM,Exxon Mobil
2011-03-16,44.26007843017578,79.30999755859375,0.0,81.80999755859375,78.80000305175781,81.2300033569336,0.0,33396500,XOM,Exxon Mobil
2011-03-17,45.29249954223633,81.16000366210938,0.0,81.5,80.2300033569336,80.37999725341797,0.0,21941300,XOM,Exxon Mobil
2011-03-18,45.11948776245117,80.8499984741211,0.0,82.33000183105469,80.8499984741211,81.7699966430664,0.0,28895900,XOM,Exxon Mobil
2011-03-21,46.23004150390625,82.83999633789062,0.0,83.33000183105469,81.86000061035156,81.87000274658203,0.0,18207000,XOM,Exxon Mobil
2011-03-22,46.073787689208984,82.55999755859375,0.0,83.2300033569336,82.33000183105469,83.0999984741211,0.0,16209700,XOM,Exxon Mobil
2011-03-23,46.096099853515625,82.5999984741211,0.0,83.0,82.0,82.6500015258789,0.0,15390600,XOM,Exxon Mobil
2011-03-24,46.16865539550781,82.7300033569336,0.0,83.47000122070312,82.55000305175781,82.77999877929688,0.0,17009000,XOM,Exxon Mobil
2011-03-25,46.66532516479492,83.62000274658203,0.0,83.93000030517578,82.81999969482422,82.98999786376953,0.0,16497300,XOM,Exxon Mobil
2011-03-28,46.58163070678711,83.47000122070312,0.0,84.01000213623047,83.44999694824219,83.86000061035156,0.0,14608200,XOM,Exxon Mobil
2011-03-29,46.458866119384766,83.25,0.0,83.88999938964844,82.61000061035156,83.16000366210938,0.0,16277400,XOM,Exxon Mobil
2011-03-30,47.150848388671875,84.48999786376953,0.0,84.86000061035156,83.51000213623047,83.80000305175781,0.0,15770400,XOM,Exxon Mobil
2011-03-31,46.94993591308594,84.12999725341797,0.0,84.94000244140625,84.11000061035156,84.81999969482422,0.0,15317800,XOM,Exxon Mobil
2011-04-01,47.25688934326172,84.68000030517578,0.0,84.83999633789062,84.16999816894531,84.72000122070312,0.0,15531500,XOM,Exxon Mobil
2011-04-04,47.36290740966797,84.87000274658203,0.0,84.93000030517578,84.06999969482422,84.26000213623047,0.0,13096100,XOM,Exxon Mobil
2011-04-05,47.66984558105469,85.41999816894531,0.0,85.94000244140625,84.55999755859375,84.68000030517578,0.0,17122600,XOM,Exxon Mobil
2011-04-06,47.535911560058594,85.18000030517578,0.0,85.88999938964844,84.95999908447266,85.7300033569336,0.0,13339700,XOM,Exxon Mobil
2011-04-07,47.85961151123047,85.76000213623047,0.0,85.79000091552734,84.91000366210938,85.16000366210938,0.0,16006700,XOM,Exxon Mobil
2011-04-08,47.96562576293945,85.94999694824219,0.0,86.22000122070312,85.36000061035156,86.0,0.0,15943200,XOM,Exxon Mobil
2011-04-11,47.52474594116211,85.16000366210938,0.0,86.1500015258789,84.77999877929688,85.94999694824219,0.0,13026500,XOM,Exxon Mobil
2011-04-12,46.41979217529297,83.18000030517578,0.0,84.25,82.66999816894531,84.23999786376953,0.0,20728800,XOM,Exxon Mobil
2011-04-13,46.40862274169922,83.16000366210938,0.0,83.94999694824219,82.55999755859375,83.58000183105469,0.0,14489400,XOM,Exxon Mobil
2011-04-14,46.56487274169922,83.44000244140625,0.0,83.83999633789062,82.37999725341797,82.37999725341797,0.0,15717500,XOM,Exxon Mobil
2011-04-15,47.039241790771484,84.29000091552734,0.0,84.47000122070312,83.36000061035156,83.80000305175781,0.0,17022500,XOM,Exxon Mobil
2011-04-18,46.37514114379883,83.0999984741211,0.0,84.0,82.44000244140625,83.11000061035156,0.0,15107300,XOM,Exxon Mobil
2011-04-19,46.76578903198242,83.80000305175781,0.0,83.98999786376953,82.97000122070312,82.97000122070312,0.0,12770800,XOM,Exxon Mobil
2011-04-20,47.798194885253906,85.6500015258789,0.0,85.68000030517578,84.87000274658203,85.05000305175781,0.0,15447600,XOM,Exxon Mobil
2011-04-21,48.19443893432617,86.36000061035156,0.0,86.43000030517578,85.55999755859375,85.7699966430664,0.0,12797200,XOM,Exxon Mobil
2011-04-25,48.116310119628906,86.22000122070312,0.0,86.5,85.88999938964844,86.29000091552734,0.0,9852800,XOM,Exxon Mobil
2011-04-26,48.785980224609375,87.41999816894531,0.0,87.4800033569336,86.26000213623047,86.43000030517578,0.0,17908800,XOM,Exxon Mobil
2011-04-27,48.98690414428711,87.77999877929688,0.0,87.9000015258789,86.29000091552734,87.4800033569336,0.0,17755800,XOM,Exxon Mobil
2011-04-28,48.74131774902344,87.33999633789062,0.0,87.5,86.52999877929688,87.02999877929688,0.0,18705300,XOM,Exxon Mobil
2011-04-29,49.098514556884766,87.9800033569336,0.0,88.0,87.02999877929688,87.43000030517578,0.0,17352300,XOM,Exxon Mobil
2011-05-02,48.53485107421875,86.97000122070312,0.0,88.12999725341797,86.47000122070312,88.0999984741211,0.0,18651200,XOM,Exxon Mobil
2011-05-03,47.78144073486328,85.62000274658203,0.0,86.77999877929688,85.04000091552734,86.58999633789062,0.0,18417100,XOM,Exxon Mobil
2011-05-04,47.329429626464844,84.80999755859375,0.0,85.5999984741211,83.91000366210938,85.19000244140625,0.0,22867000,XOM,Exxon Mobil
2011-05-05,46.107276916503906,82.62000274658203,0.0,83.98999786376953,81.58999633789062,83.5199966430664,0.0,27491200,XOM,Exxon Mobil
2011-05-06,46.14634704589844,82.69000244140625,0.0,84.0999984741211,81.8499984741211,83.2699966430664,0.0,26314700,XOM,Exxon Mobil
2011-05-09,46.41979217529297,83.18000030517578,0.0,83.72000122070312,82.16000366210938,83.01000213623047,0.0,18254600,XOM,Exxon Mobil
2011-05-10,46.50907516479492,83.33999633789062,0.0,83.76000213623047,82.5,83.08000183105469,0.0,17695700,XOM,Exxon Mobil
2011-05-11,45.52693176269531,81.12000274658203,0.47,82.69000244140625,80.44000244140625,82.51000213623047,0.0,24192000,XOM,Exxon Mobil
2011-05-12,45.48763656616211,81.05000305175781,0.0,81.58999633789062,79.41999816894531,80.62000274658203,0.0,21853600,XOM,Exxon Mobil
2011-05-13,45.386619567871094,80.87000274658203,0.0,81.7699966430664,80.22000122070312,81.29000091552734,0.0,17628500,XOM,Exxon Mobil
2011-05-16,45.033042907714844,80.23999786376953,0.0,81.2699966430664,80.12000274658203,80.22000122070312,0.0,16435100,XOM,Exxon Mobil
2011-05-17,45.128440856933594,80.41000366210938,0.0,80.79000091552734,79.5999984741211,79.98999786376953,0.0,18067800,XOM,Exxon Mobil
2011-05-18,45.8748893737793,81.73999786376953,0.0,82.2699966430664,80.43000030517578,80.87999725341797,0.0,17957000,XOM,Exxon Mobil
2011-05-19,46.206016540527344,82.33000183105469,0.0,82.58000183105469,81.33999633789062,82.2699966430664,0.0,15229100,XOM,Exxon Mobil
2011-05-20,45.77947998046875,81.56999969482422,0.0,82.25,80.9000015258789,81.9800033569336,0.0,19003400,XOM,Exxon Mobil
2011-05-23,45.274383544921875,80.66999816894531,0.0,81.01000213623047,80.06999969482422,80.22000122070312,0.0,16288500,XOM,Exxon Mobil
2011-05-24,45.6223258972168,81.29000091552734,0.0,82.12000274658203,80.94000244140625,81.05000305175781,0.0,15687300,XOM,Exxon Mobil
2011-05-25,45.99837112426758,81.95999908447266,0.0,82.52999877929688,80.83999633789062,80.97000122070312,0.0,19347200,XOM,Exxon Mobil
2011-05-26,46.23966979980469,82.38999938964844,0.0,82.56999969482422,81.19000244140625,81.5999984741211,0.0,16873700,XOM,Exxon Mobil
2011-05-27,46.3744010925293,82.62999725341797,0.0,83.12999725341797,82.1500015258789,82.73999786376953,0.0,11949100,XOM,Exxon Mobil
2011-05-31,46.845821380615234,83.47000122070312,0.0,83.75,82.72000122070312,83.27999877929688,0.0,23630700,XOM,Exxon Mobil
2011-06-01,46.03763961791992,82.02999877929688,0.0,83.6500015258789,81.76000213623047,83.55000305175781,0.0,19550200,XOM,Exxon Mobil
2011-06-02,45.644775390625,81.33000183105469,0.0,82.31999969482422,80.6500015258789,81.7699966430664,0.0,18152600,XOM,Exxon Mobil
2011-06-03,45.560611724853516,81.18000030517578,0.0,81.79000091552734,80.18000030517578,80.23999786376953,0.0,17281200,XOM,Exxon Mobil
2011-06-06,45.06109619140625,80.29000091552734,0.0,81.19000244140625,80.08000183105469,80.93000030517578,0.0,15954300,XOM,Exxon Mobil
2011-06-07,44.89835739135742,80.0,0.0,81.08999633789062,79.97000122070312,80.61000061035156,0.0,16188100,XOM,Exxon Mobil
2011-06-08,45.32487487792969,80.76000213623047,0.0,81.87000274658203,80.5199966430664,80.61000061035156,0.0,23567300,XOM,Exxon Mobil
2011-06-09,45.560611724853516,81.18000030517578,0.0,81.68000030517578,80.95999908447266,81.23999786376953,0.0,17665100,XOM,Exxon Mobil
2011-06-10,44.7748908996582,79.77999877929688,0.0,80.94999694824219,79.72000122070312,80.94999694824219,0.0,18965900,XOM,Exxon Mobil
2011-06-13,44.466182708740234,79.2300033569336,0.0,80.5999984741211,78.83999633789062,80.0,0.0,17854200,XOM,Exxon Mobil
2011-06-14,45.11160659790039,80.37999725341797,0.0,80.81999969482422,79.94000244140625,80.05000305175781,0.0,16443400,XOM,Exxon Mobil
2011-06-15,44.146297454833984,78.66000366210938,0.0,79.88999938964844,78.37000274658203,79.52999877929688,0.0,21713900,XOM,Exxon Mobil
2011-06-16,44.4605827331543,79.22000122070312,0.0,79.51000213623047,78.33000183105469,78.58999633789062,0.0,19037500,XOM,Exxon Mobil
2011-06-17,44.34834289550781,79.0199966430664,0.0,79.94999694824219,78.69000244140625,79.8499984741211,0.0,25441200,XOM,Exxon Mobil
2011-06-20,44.735595703125,79.70999908447266,0.0,79.94999694824219,78.62000274658203,78.6500015258789,0.0,15836400,XOM,Exxon Mobil
2011-06-21,45.218265533447266,80.56999969482422,0.0,81.12000274658203,80.01000213623047,80.2300033569336,0.0,17897300,XOM,Exxon Mobil
2011-06-22,44.79732894897461,79.81999969482422,0.0,80.66999816894531,79.56999969482422,80.16000366210938,0.0,18599700,XOM,Exxon Mobil
2011-06-23,44.0228271484375,78.44000244140625,0.0,78.75,77.2300033569336,78.73999786376953,0.0,30032800,XOM,Exxon Mobil
2011-06-24,43.091190338134766,76.77999877929688,0.0,78.62999725341797,76.77999877929688,78.55000305175781,0.0,36292700,XOM,Exxon Mobil
2011-06-27,43.730995178222656,77.91999816894531,0.0,78.4800033569336,76.72000122070312,76.87999725341797,0.0,20606900,XOM,Exxon Mobil
2011-06-28,44.69068145751953,79.62999725341797,0.0,79.66000366210938,78.37999725341797,78.56999969482422,0.0,18421500,XOM,Exxon Mobil
2011-06-29,45.03866195678711,80.25,0.0,80.5,79.22000122070312,79.8499984741211,0.0,18899900,XOM,Exxon Mobil
2011-06-30,45.67284393310547,81.37999725341797,0.0,81.41000366210938,80.2699966430664,80.38999938964844,0.0,19942100,XOM,Exxon Mobil
2011-07-01,46.02641296386719,82.01000213623047,0.0,82.08999633789062,80.58999633789062,81.19000244140625,0.0,18050100,XOM,Exxon Mobil
2011-07-05,45.796321868896484,81.5999984741211,0.0,82.12000274658203,81.26000213623047,81.30000305175781,0.0,18859600,XOM,Exxon Mobil
2011-07-06,45.77947998046875,81.56999969482422,0.0,81.66000366210938,80.8499984741211,81.4000015258789,0.0,15042600,XOM,Exxon Mobil
2011-07-07,46.222835540771484,82.36000061035156,0.0,82.5999984741211,81.87000274658203,82.2699966430664,0.0,18379200,XOM,Exxon Mobil
2011-07-08,46.25651550292969,82.41999816894531,0.0,82.52999877929688,81.45999908447266,81.58000183105469,0.0,18336500,XOM,Exxon Mobil
2011-07-11,45.96469497680664,81.9000015258789,0.0,82.11000061035156,81.12000274658203,81.30000305175781,0.0,20717000,XOM,Exxon Mobil
2011-07-12,45.95906066894531,81.88999938964844,0.0,83.01000213623047,81.5,81.51000213623047,0.0,22639600,XOM,Exxon Mobil
2011-07-13,46.29020309448242,82.4800033569336,0.0,83.45999908447266,82.08000183105469,82.2699966430664,0.0,19015100,XOM,Exxon Mobil
2011-07-14,46.15549850463867,82.23999786376953,0.0,83.11000061035156,82.08999633789062,83.05000305175781,0.0,19413200,XOM,Exxon Mobil
2011-07-15,46.58203887939453,83.0,0.0,83.08999633789062,82.26000213623047,82.41999816894531,0.0,22705100,XOM,Exxon Mobil
2011-07-18,46.3856086730957,82.6500015258789,0.0,82.8499984741211,82.08000183105469,82.29000091552734,0.0,17343500,XOM,Exxon Mobil
2011-07-19,46.93562316894531,83.62999725341797,0.0,83.76000213623047,82.80000305175781,82.9000015258789,0.0,16424900,XOM,Exxon Mobil
2011-07-20,46.75040054321289,83.30000305175781,0.0,83.88999938964844,83.16999816894531,83.83999633789062,0.0,12808400,XOM,Exxon Mobil
2011-07-21,47.71570587158203,85.0199966430664,0.0,85.23999786376953,83.75,83.86000061035156,0.0,21359700,XOM,Exxon Mobil
2011-07-22,47.827964782714844,85.22000122070312,0.0,85.41000366210938,84.54000091552734,85.19999694824219,0.0,13152600,XOM,Exxon Mobil
2011-07-25,47.463157653808594,84.56999969482422,0.0,85.12999725341797,84.19999694824219,84.19999694824219,0.0,14007600,XOM,Exxon Mobil
2011-07-26,47.3509407043457,84.37000274658203,0.0,85.0999984741211,84.04000091552734,84.66999816894531,0.0,16226700,XOM,Exxon Mobil
2011-07-27,46.75601577758789,83.30999755859375,0.0,84.25,83.23999786376953,83.79000091552734,0.0,19820600,XOM,Exxon Mobil
2011-07-28,45.717735290527344,81.45999908447266,0.0,82.44999694824219,81.1500015258789,81.73999786376953,0.0,24556600,XOM,Exxon Mobil
2011-07-29,44.780494689941406,79.79000091552734,0.0,80.87999725341797,79.76000213623047,80.79000091552734,0.0,26609000,XOM,Exxon Mobil
2011-08-01,44.67385482788086,79.5999984741211,0.0,81.18000030517578,78.73999786376953,80.81999969482422,0.0,22864500,XOM,Exxon Mobil
2011-08-02,43.686100006103516,77.83999633789062,0.0,79.61000061035156,77.81999969482422,78.9000015258789,0.0,28410500,XOM,Exxon Mobil
2011-08-03,43.61875915527344,77.72000122070312,0.0,78.0999984741211,76.45999908447266,77.94000244140625,0.0,28373000,XOM,Exxon Mobil
2011-08-04,41.44116973876953,73.83999633789062,0.0,77.12999725341797,73.51000213623047,76.68000030517578,0.0,42624200,XOM,Exxon Mobil
2011-08-05,41.991180419921875,74.81999969482422,0.0,75.79000091552734,72.06999969482422,75.01000213623047,0.0,47167500,XOM,Exxon Mobil
2011-08-08,39.39268112182617,70.19000244140625,0.0,73.44000244140625,69.9000015258789,72.73999786376953,0.0,58857600,XOM,Exxon Mobil
2011-08-09,40.20647048950195,71.63999938964844,0.0,71.87000274658203,67.02999877929688,70.79000091552734,0.0,61753300,XOM,Exxon Mobil
2011-08-10,38.43256378173828,68.02999877929688,0.47,70.98999786376953,67.45999908447266,70.73999786376953,0.0,47758300,XOM,Exxon Mobil
2011-08-11,40.438087463378906,71.58000183105469,0.0,72.4000015258789,68.62999725341797,68.80999755859375,0.0,50328600,XOM,Exxon Mobil
2011-08-12,40.67536926269531,72.0,0.0,73.0999984741211,71.5999984741211,72.36000061035156,0.0,31129000,XOM,Exxon Mobil
2011-08-15,41.96907424926758,74.29000091552734,0.0,74.37999725341797,72.75,73.04000091552734,0.0,23388200,XOM,Exxon Mobil
2011-08-16,41.522769927978516,73.5,0.0,74.33999633789062,72.83000183105469,73.3499984741211,0.0,26341400,XOM,Exxon Mobil
2011-08-17,41.895626068115234,74.16000366210938,0.0,74.75,73.5,74.29000091552734,0.0,18269400,XOM,Exxon Mobil
2011-08-18,40.0765380859375,70.94000244140625,0.0,72.79000091552734,70.20999908447266,72.41000366210938,0.0,35457700,XOM,Exxon Mobil
2011-08-19,39.43252182006836,69.80000305175781,0.0,71.9800033569336,69.66999816894531,70.06999969482422,0.0,34935300,XOM,Exxon Mobil
2011-08-22,39.647186279296875,70.18000030517578,0.0,72.16000366210938,69.58000183105469,72.1500015258789,0.0,27202900,XOM,Exxon Mobil
2011-08-23,41.613155364990234,73.66000366210938,0.0,73.80000305175781,70.5199966430664,70.5999984741211,0.0,38059600,XOM,Exxon Mobil
2011-08-24,41.545352935791016,73.54000091552734,0.0,73.86000061035156,72.2699966430664,72.95999908447266,0.0,22752900,XOM,Exxon Mobil
2011-08-25,40.545448303222656,71.7699966430664,0.0,73.91999816894531,71.2699966430664,73.63999938964844,0.0,30924500,XOM,Exxon Mobil
2011-08-26,41.03693389892578,72.63999938964844,0.0,73.0,70.20999908447266,70.87999725341797,0.0,26974400,XOM,Exxon Mobil
2011-08-29,41.87303924560547,74.12000274658203,0.0,74.22000122070312,72.9800033569336,73.33000183105469,0.0,18967100,XOM,Exxon Mobil
2011-08-30,41.75440216064453,73.91000366210938,0.0,74.4000015258789,72.97000122070312,73.58999633789062,0.0,22437000,XOM,Exxon Mobil
2011-08-31,41.816524505615234,74.0199966430664,0.0,74.87000274658203,73.33999633789062,74.36000061035156,0.0,29189000,XOM,Exxon Mobil
2011-09-01,41.51711654663086,73.48999786376953,0.0,74.86000061035156,73.44999694824219,74.1500015258789,0.0,23393500,XOM,Exxon Mobil
2011-09-02,40.754459381103516,72.13999938964844,0.0,72.69000244140625,71.5,72.11000061035156,0.0,21071800,XOM,Exxon Mobil
2011-09-06,40.1951789855957,71.1500015258789,0.0,71.31999969482422,69.91000366210938,70.13999938964844,0.0,25416300,XOM,Exxon Mobil
2011-09-07,41.60751724243164,73.6500015258789,0.0,73.6500015258789,71.75,72.23999786376953,0.0,23108400,XOM,Exxon Mobil
2011-09-08,41.138614654541016,72.81999969482422,0.0,74.33999633789062,72.54000091552734,73.38999938964844,0.0,22434800,XOM,Exxon Mobil
2011-09-09,40.116085052490234,71.01000213623047,0.0,72.56999969482422,70.58999633789062,72.16999816894531,0.0,27969100,XOM,Exxon Mobil
2011-09-12,40.58496856689453,71.83999633789062,0.0,71.88999938964844,69.87000274658203,70.33999633789062,0.0,26205800,XOM,Exxon Mobil
2011-09-13,40.47764205932617,71.6500015258789,0.0,71.9800033569336,70.80999755859375,71.76000213623047,0.0,22825400,XOM,Exxon Mobil
2011-09-14,41.03693389892578,72.63999938964844,0.0,73.76000213623047,71.16000366210938,71.95999908447266,0.0,26042800,XOM,Exxon Mobil
2011-09-15,41.81089401245117,74.01000213623047,0.0,74.05999755859375,72.68000030517578,73.43000030517578,0.0,21858300,XOM,Exxon Mobil
2011-09-16,42.115962982177734,74.55000305175781,0.0,74.75,73.56999969482422,74.5199966430664,0.0,34652600,XOM,Exxon Mobil
2011-09-19,41.63575744628906,73.69999694824219,0.0,74.0999984741211,72.5,72.91000366210938,0.0,19822500,XOM,Exxon Mobil
2011-09-20,41.81089401245117,74.01000213623047,0.0,74.9800033569336,73.44000244140625,73.87000274658203,0.0,20420000,XOM,Exxon Mobil
2011-09-21,40.658424377441406,71.97000122070312,0.0,74.29000091552734,71.83000183105469,73.87999725341797,0.0,23806200,XOM,Exxon Mobil
2011-09-22,39.11613082885742,69.23999786376953,0.0,70.45999908447266,68.16999816894531,69.94000244140625,0.0,43223000,XOM,Exxon Mobil
2011-09-23,39.15568161010742,69.30999755859375,0.0,70.11000061035156,67.93000030517578,68.45999908447266,0.0,26583200,XOM,Exxon Mobil
2011-09-26,40.51717758178711,71.72000122070312,0.0,71.88999938964844,69.5,70.01000213623047,0.0,30342400,XOM,Exxon Mobil
2011-09-27,41.189453125,72.91000366210938,0.0,74.33999633789062,72.41999816894531,73.33000183105469,0.0,26689900,XOM,Exxon Mobil
2011-09-28,40.71492004394531,72.06999969482422,0.0,74.29000091552734,71.86000061035156,72.43000030517578,0.0,26026500,XOM,Exxon Mobil
2011-09-29,41.73743438720703,73.87999725341797,0.0,74.04000091552734,72.66999816894531,73.12000274658203,0.0,27713900,XOM,Exxon Mobil
2011-09-30,41.031272888183594,72.62999725341797,0.0,74.58999633789062,72.62999725341797,72.76000213623047,0.0,30917000,XOM,Exxon Mobil
2011-10-03,40.1951789855957,71.1500015258789,0.0,73.0999984741211,71.1500015258789,72.05000305175781,0.0,31004200,XOM,Exxon Mobil
2011-10-04,41.14426803588867,72.83000183105469,0.0,73.1500015258789,69.20999908447266,70.25,0.0,36500000,XOM,Exxon Mobil
2011-10-05,41.7769889831543,73.94999694824219,0.0,74.0,72.20999908447266,72.66999816894531,0.0,28239800,XOM,Exxon Mobil
2011-10-06,41.743080139160156,73.88999938964844,0.0,74.0,72.62999725341797,73.30000305175781,0.0,24869800,XOM,Exxon Mobil
2011-10-07,41.55665969848633,73.55999755859375,0.0,74.5199966430664,73.02999877929688,74.47000122070312,0.0,23573900,XOM,Exxon Mobil
2011-10-10,43.0932731628418,76.27999877929688,0.0,76.29000091552734,74.6500015258789,74.7300033569336,0.0,20465800,XOM,Exxon Mobil
2011-10-11,43.0876350402832,76.2699966430664,0.0,76.66999816894531,75.70999908447266,75.77999877929688,0.0,17862100,XOM,Exxon Mobil
2011-10-12,43.5904426574707,77.16000366210938,0.0,77.66000366210938,76.30999755859375,76.73999786376953,0.0,22239000,XOM,Exxon Mobil
2011-10-13,43.14413833618164,76.37000274658203,0.0,76.79000091552734,75.83999633789062,76.22000122070312,0.0,19540300,XOM,Exxon Mobil
2011-10-14,44.127140045166016,78.11000061035156,0.0,78.2300033569336,77.06999969482422,77.0999984741211,0.0,17870600,XOM,Exxon Mobil
2011-10-17,43.76555633544922,77.47000122070312,0.0,78.48999786376953,77.12000274658203,77.87000274658203,0.0,18836200,XOM,Exxon Mobil
2011-10-18,44.567779541015625,78.88999938964844,0.0,79.51000213623047,77.0199966430664,77.56999969482422,0.0,23878500,XOM,Exxon Mobil
2011-10-19,44.30791473388672,78.43000030517578,0.0,79.23999786376953,77.91999816894531,78.56999969482422,0.0,20910900,XOM,Exxon Mobil
2011-10-20,44.466087341308594,78.70999908447266,0.0,79.11000061035156,77.83000183105469,78.31999969482422,0.0,22227600,XOM,Exxon Mobil
2011-10-21,45.26830291748047,80.12999725341797,0.0,80.16000366210938,79.18000030517578,79.58999633789062,0.0,27855300,XOM,Exxon Mobil
2011-10-24,45.290870666503906,80.16999816894531,0.0,80.5,79.55000305175781,79.91999816894531,0.0,19861100,XOM,Exxon Mobil
2011-10-25,44.878482818603516,79.44000244140625,0.0,80.48999786376953,79.05000305175781,79.83000183105469,0.0,23433400,XOM,Exxon Mobil
2011-10-26,45.79931640625,81.06999969482422,0.0,81.2699966430664,79.27999877929688,80.16000366210938,0.0,27170500,XOM,Exxon Mobil
2011-10-27,46.25691604614258,81.87999725341797,0.0,82.19999694824219,80.69000244140625,81.91000366210938,0.0,35489500,XOM,Exxon Mobil
2011-10-28,46.03096008300781,81.4800033569336,0.0,81.98999786376953,80.44000244140625,80.98999786376953,0.0,21753400,XOM,Exxon Mobil
2011-10-31,44.115814208984375,78.08999633789062,0.0,80.63999938964844,78.0,80.58999633789062,0.0,30616900,XOM,Exxon Mobil
2011-11-01,42.901222229003906,75.94000244140625,0.0,77.11000061035156,75.44999694824219,75.81999969482422,0.0,35835000,XOM,Exxon Mobil
2011-11-02,43.70907974243164,77.37000274658203,0.0,77.58999633789062,76.5,77.37000274658203,0.0,21761300,XOM,Exxon Mobil
2011-11-03,44.55082321166992,78.86000061035156,0.0,79.0,77.44000244140625,78.19000244140625,0.0,24480600,XOM,Exxon Mobil
2011-11-04,44.35873794555664,78.5199966430664,0.0,78.61000061035156,77.37999725341797,78.06999969482422,0.0,18192800,XOM,Exxon Mobil
2011-11-07,44.827640533447266,79.3499984741211,0.0,79.48999786376953,78.12000274658203,78.81999969482422,0.0,17998100,XOM,Exxon Mobil
2011-11-08,45.3277587890625,79.76000213623047,0.47,79.87999725341797,78.62999725341797,79.25,0.0,19023800,XOM,Exxon Mobil
2011-11-09,43.98086929321289,77.38999938964844,0.0,78.91999816894531,77.02999877929688,77.9000015258789,0.0,24130100,XOM,Exxon Mobil
2011-11-10,44.725345611572266,78.69999694824219,0.0,79.0199966430664,77.63999938964844,78.52999877929688,0.0,18668800,XOM,Exxon Mobil
2011-11-11,45.305015563964844,79.72000122070312,0.0,79.94999694824219,79.33999633789062,79.62999725341797,0.0,15134500,XOM,Exxon Mobil
2011-11-14,44.87311553955078,78.95999908447266,0.0,79.75,78.38999938964844,79.52999877929688,0.0,13589900,XOM,Exxon Mobil
2011-11-15,44.94699478149414,79.08999633789062,0.0,79.8499984741211,78.5,78.86000061035156,0.0,19475000,XOM,Exxon Mobil
2011-11-16,44.46961975097656,78.25,0.0,79.75,78.05999755859375,78.23999786376953,0.0,20376800,XOM,Exxon Mobil
2011-11-17,44.24797058105469,77.86000061035156,0.0,79.43000030517578,77.0999984741211,78.12000274658203,0.0,25964300,XOM,Exxon Mobil
2011-11-18,44.27070236206055,77.9000015258789,0.0,78.68000030517578,77.11000061035156,78.22000122070312,0.0,23104500,XOM,Exxon Mobil
2011-11-21,43.70808410644531,76.91000366210938,0.0,77.33000183105469,76.05999755859375,76.52999877929688,0.0,20204200,XOM,Exxon Mobil
2011-11-22,43.20799255371094,76.02999877929688,0.0,77.0999984741211,75.87999725341797,76.37999725341797,0.0,18925100,XOM,Exxon Mobil
2011-11-23,42.38395690917969,74.58000183105469,0.0,75.31999969482422,74.52999877929688,75.02999877929688,0.0,23331800,XOM,Exxon Mobil
2011-11-25,41.99751663208008,73.9000015258789,0.0,75.19999694824219,73.9000015258789,74.51000213623047,0.0,10254500,XOM,Exxon Mobil
2011-11-28,43.100013732910156,75.83999633789062,0.0,76.51000213623047,75.33000183105469,75.83999633789062,0.0,20148600,XOM,Exxon Mobil
2011-11-29,43.71945571899414,76.93000030517578,0.0,77.5,76.13999938964844,76.41000366210938,0.0,19768400,XOM,Exxon Mobil
2011-11-30,45.71419906616211,80.44000244140625,0.0,80.52999877929688,78.37000274658203,78.41999816894531,0.0,33953000,XOM,Exxon Mobil
2011-12-01,45.34479522705078,79.79000091552734,0.0,80.3499984741211,79.37000274658203,80.19999694824219,0.0,17261100,XOM,Exxon Mobil
2011-12-02,45.34479522705078,79.79000091552734,0.0,80.73999786376953,79.6500015258789,80.66999816894531,0.0,19461300,XOM,Exxon Mobil
2011-12-05,45.71987533569336,80.44999694824219,0.0,81.18000030517578,79.80000305175781,80.87999725341797,0.0,18295000,XOM,Exxon Mobil
2011-12-06,45.930145263671875,80.81999969482422,0.0,81.63999938964844,80.29000091552734,80.62999725341797,0.0,20122700,XOM,Exxon Mobil
2011-12-07,46.07792663574219,81.08000183105469,0.0,81.86000061035156,80.3499984741211,80.61000061035156,0.0,19643400,XOM,Exxon Mobil
2011-12-08,45.390262603759766,79.87000274658203,0.0,80.8499984741211,79.55000305175781,80.75,0.0,18443600,XOM,Exxon Mobil
2011-12-09,46.22567367553711,81.33999633789062,0.0,81.75,80.33999633789062,80.62999725341797,0.0,21842300,XOM,Exxon Mobil
2011-12-12,45.4925651550293,80.05000305175781,0.0,81.08999633789062,79.20999908447266,80.7300033569336,0.0,17846500,XOM,Exxon Mobil
2011-12-13,45.765350341796875,80.52999877929688,0.0,81.80999755859375,80.13999938964844,80.61000061035156,0.0,21873600,XOM,Exxon Mobil
2011-12-14,45.14588928222656,79.44000244140625,0.0,80.16999816894531,78.66000366210938,79.58999633789062,0.0,23934400,XOM,Exxon Mobil
2011-12-15,45.48119354248047,80.02999877929688,0.0,80.5999984741211,79.77999877929688,79.93000030517578,0.0,17954200,XOM,Exxon Mobil
2011-12-16,45.55507278442383,80.16000366210938,0.0,80.91000366210938,79.87999725341797,80.73999786376953,0.0,33465700,XOM,Exxon Mobil
2011-12-19,45.19704055786133,79.52999877929688,0.0,80.45999908447266,79.37999725341797,80.23999786376953,0.0,16048400,XOM,Exxon Mobil
2011-12-20,46.600730895996094,82.0,0.0,82.0,80.61000061035156,80.66000366210938,0.0,21163300,XOM,Exxon Mobil
2011-12-21,47.237239837646484,83.12000274658203,0.0,83.33999633789062,82.0,82.0199966430664,0.0,19160300,XOM,Exxon Mobil
2011-12-22,47.90215301513672,84.29000091552734,0.0,84.83000183105469,83.30000305175781,83.55999755859375,0.0,19841300,XOM,Exxon Mobil
2011-12-23,48.43067932128906,85.22000122070312,0.0,85.2300033569336,84.20999908447266,84.27999877929688,0.0,10243800,XOM,Exxon Mobil
2011-12-27,48.464752197265625,85.27999877929688,0.0,85.62999725341797,84.94999694824219,84.97000122070312,0.0,10147100,XOM,Exxon Mobil
2011-12-28,47.83964538574219,84.18000030517578,0.0,85.44000244140625,84.01000213623047,85.1500015258789,0.0,12767500,XOM,Exxon Mobil
2011-12-29,48.45911407470703,85.2699966430664,0.0,85.33000183105469,84.08999633789062,84.08999633789062,0.0,10865900,XOM,Exxon Mobil
2011-12-30,48.16926574707031,84.76000213623047,0.0,85.29000091552734,84.56999969482422,85.16000366210938,0.0,9768900,XOM,Exxon Mobil
2012-01-03,48.873958587646484,86.0,0.0,86.66999816894531,85.9000015258789,85.97000122070312,0.0,20906800,XOM,Exxon Mobil
2012-01-04,48.88531494140625,86.0199966430664,0.0,86.1500015258789,85.0999984741211,85.79000091552734,0.0,16130900,XOM,Exxon Mobil
2012-01-05,48.7375602722168,85.76000213623047,0.0,85.94999694824219,84.91999816894531,85.63999938964844,0.0,17452800,XOM,Exxon Mobil
2012-01-06,48.37384033203125,85.12000274658203,0.0,86.0,85.11000061035156,85.91999816894531,0.0,15942100,XOM,Exxon Mobil
2012-01-09,48.58980941772461,85.5,0.0,85.63999938964844,84.97000122070312,85.0,0.0,11664200,XOM,Exxon Mobil
2012-01-10,48.71484375,85.72000122070312,0.0,86.20999908447266,85.37999725341797,86.06999969482422,0.0,13080800,XOM,Exxon Mobil
2012-01-11,48.351131439208984,85.08000183105469,0.0,85.4000015258789,84.47000122070312,85.0999984741211,0.0,14831400,XOM,Exxon Mobil
2012-01-12,48.15789794921875,84.73999786376953,0.0,84.91999816894531,83.94000244140625,84.38999938964844,0.0,17357200,XOM,Exxon Mobil
2012-01-13,48.23745346069336,84.87999725341797,0.0,84.91999816894531,83.81999969482422,84.16000366210938,0.0,15551600,XOM,Exxon Mobil
2012-01-17,48.69778060913086,85.69000244140625,0.0,86.12999725341797,85.4000015258789,85.75,0.0,15627900,XOM,Exxon Mobil
2012-01-18,49.129676818847656,86.44999694824219,0.0,86.5,84.95999908447266,85.30000305175781,0.0,16754200,XOM,Exxon Mobil
2012-01-19,49.45928192138672,87.02999877929688,0.0,87.23999786376953,85.7699966430664,86.33999633789062,0.0,16383500,XOM,Exxon Mobil
2012-01-20,49.72073745727539,87.48999786376953,0.0,87.48999786376953,86.72000122070312,87.08000183105469,0.0,19220300,XOM,Exxon Mobil
2012-01-23,49.70935821533203,87.47000122070312,0.0,87.94000244140625,87.02999877929688,87.5,0.0,15348400,XOM,Exxon Mobil
2012-01-24,49.5445442199707,87.18000030517578,0.0,87.22000122070312,86.66000366210938,87.08000183105469,0.0,12363800,XOM,Exxon Mobil
2012-01-25,49.567291259765625,87.22000122070312,0.0,87.37999725341797,85.80999755859375,86.7699966430664,0.0,18202300,XOM,Exxon Mobil
2012-01-26,49.31154251098633,86.7699966430664,0.0,87.70999908447266,86.51000213623047,87.63999938964844,0.0,15658200,XOM,Exxon Mobil
2012-01-27,48.77734375,85.83000183105469,0.0,86.5,85.7699966430664,86.23999786376953,0.0,15976700,XOM,Exxon Mobil
2012-01-30,48.58411407470703,85.48999786376953,0.0,85.5,84.58999633789062,85.2699966430664,0.0,17867000,XOM,Exxon Mobil
2012-01-31,47.58959197998047,83.73999786376953,0.0,85.33999633789062,83.45999908447266,84.91999816894531,0.0,27225800,XOM,Exxon Mobil
2012-02-01,47.720298767089844,83.97000122070312,0.0,84.55999755859375,83.37999725341797,84.2300033569336,0.0,22266100,XOM,Exxon Mobil
2012-02-02,47.470252990722656,83.52999877929688,0.0,84.33999633789062,83.19000244140625,84.27999877929688,0.0,18020500,XOM,Exxon Mobil
2012-02-03,48.26017761230469,84.91999816894531,0.0,85.0,84.05000305175781,84.23999786376953,0.0,16145400,XOM,Exxon Mobil
2012-02-06,48.73186492919922,85.75,0.0,85.8499984741211,84.48999786376953,84.87000274658203,0.0,15000900,XOM,Exxon Mobil
2012-02-07,49.06716537475586,86.33999633789062,0.0,86.44000244140625,84.94000244140625,85.22000122070312,0.0,15818400,XOM,Exxon Mobil
2012-02-08,48.75290298461914,85.31999969482422,0.47,86.22000122070312,84.7300033569336,85.83000183105469,0.0,14762600,XOM,Exxon Mobil
2012-02-09,48.50146484375,84.87999725341797,0.0,85.69000244140625,84.66999816894531,85.33000183105469,0.0,17073400,XOM,Exxon Mobil
2012-02-10,47.88435363769531,83.80000305175781,0.0,84.0999984741211,83.3499984741211,84.0199966430664,0.0,15328900,XOM,Exxon Mobil
2012-02-13,48.23862838745117,84.41999816894531,0.0,84.5999984741211,83.88999938964844,84.33999633789062,0.0,11473700,XOM,Exxon Mobil
2012-02-14,48.38149642944336,84.66999816894531,0.0,84.70999908447266,83.8499984741211,84.41999816894531,0.0,12961900,XOM,Exxon Mobil
2012-02-15,48.06721115112305,84.12000274658203,0.0,84.91999816894531,83.91000366210938,84.86000061035156,0.0,13911600,XOM,Exxon Mobil
2012-02-16,48.804325103759766,85.41000366210938,0.0,85.62000274658203,84.08000183105469,84.44999694824219,0.0,14769600,XOM,Exxon Mobil
2012-02-17,48.92429733276367,85.62000274658203,0.0,86.12000274658203,84.91999816894531,86.06999969482422,0.0,16597200,XOM,Exxon Mobil
2012-02-21,49.46717071533203,86.56999969482422,0.0,86.77999877929688,86.04000091552734,86.04000091552734,0.0,15481300,XOM,Exxon Mobil
2012-02-22,49.66716384887695,86.91999816894531,0.0,87.25,86.6500015258789,86.83999633789062,0.0,11983200,XOM,Exxon Mobil
2012-02-23,49.724300384521484,87.0199966430664,0.0,87.16999816894531,86.47000122070312,86.58000183105469,0.0,12404600,XOM,Exxon Mobil
2012-02-24,49.90714645385742,87.33999633789062,0.0,87.47000122070312,87.01000213623047,87.37000274658203,0.0,10767100,XOM,Exxon Mobil
2012-02-27,49.84430694580078,87.2300033569336,0.0,87.83000183105469,86.77999877929688,87.1500015258789,0.0,13323500,XOM,Exxon Mobil
2012-02-28,49.79285430908203,87.13999938964844,0.0,87.44000244140625,86.55000305175781,87.2300033569336,0.0,14317600,XOM,Exxon Mobil
2012-02-29,49.42715835571289,86.5,0.0,87.48999786376953,86.20999908447266,87.44999694824219,0.0,18293200,XOM,Exxon Mobil
2012-03-01,49.61572265625,86.83000183105469,0.0,87.18000030517578,86.41000366210938,86.47000122070312,0.0,12638500,XOM,Exxon Mobil
2012-03-02,49.330013275146484,86.33000183105469,0.0,86.75,85.8499984741211,86.66000366210938,0.0,11343400,XOM,Exxon Mobil
2012-03-05,49.7186164855957,87.01000213623047,0.0,87.08999633789062,85.91000366210938,86.16999816894531,0.0,12803100,XOM,Exxon Mobil
2012-03-06,49.06146240234375,85.86000061035156,0.0,86.4800033569336,85.41999816894531,86.23999786376953,0.0,16507900,XOM,Exxon Mobil
2012-03-07,49.044334411621094,85.83000183105469,0.0,86.12000274658203,85.19000244140625,86.01000213623047,0.0,14767700,XOM,Exxon Mobil
2012-03-08,48.472923278808594,84.83000183105469,0.0,85.47000122070312,84.62999725341797,85.0,0.0,19032000,XOM,Exxon Mobil
2012-03-09,48.17006301879883,84.30000305175781,0.0,85.12999725341797,84.05000305175781,85.05999755859375,0.0,17042500,XOM,Exxon Mobil
2012-03-12,48.88433837890625,85.55000305175781,0.0,85.75,84.12999725341797,84.5,0.0,19014000,XOM,Exxon Mobil
2012-03-13,49.63286209106445,86.86000061035156,0.0,86.93000030517578,85.61000061035156,85.88999938964844,0.0,16853300,XOM,Exxon Mobil
2012-03-14,49.15287780761719,86.0199966430664,0.0,86.83000183105469,85.73999786376953,86.58999633789062,0.0,16187300,XOM,Exxon Mobil
2012-03-15,49.192874908447266,86.08999633789062,0.0,86.19999694824219,85.25,85.88999938964844,0.0,14523600,XOM,Exxon Mobil
2012-03-16,49.392887115478516,86.44000244140625,0.0,86.88999938964844,85.91999816894531,86.19999694824219,0.0,30991300,XOM,Exxon Mobil
2012-03-19,49.7071533203125,86.98999786376953,0.0,87.18000030517578,86.02999877929688,86.08000183105469,0.0,10770400,XOM,Exxon Mobil
2012-03-20,49.48431396484375,86.5999984741211,0.0,87.0999984741211,86.31999969482422,86.45999908447266,0.0,13613800,XOM,Exxon Mobil
2012-03-21,49.14717102050781,86.01000213623047,0.0,86.58999633789062,85.7699966430664,86.58999633789062,0.0,14212400,XOM,Exxon Mobil
2012-03-22,48.75861740112305,85.33000183105469,0.0,85.94000244140625,85.0999984741211,85.4800033569336,0.0,13884400,XOM,Exxon Mobil
2012-03-23,48.88433837890625,85.55000305175781,0.0,85.9800033569336,85.0199966430664,85.36000061035156,0.0,12557700,XOM,Exxon Mobil
2012-03-26,49.72999954223633,87.02999877929688,0.0,87.25,86.06999969482422,86.18000030517578,0.0,17336800,XOM,Exxon Mobil
2012-03-27,49.495723724365234,86.62000274658203,0.0,87.25,86.54000091552734,87.13999938964844,0.0,12509200,XOM,Exxon Mobil
2012-03-28,49.06146240234375,85.86000061035156,0.0,86.4800033569336,85.13999938964844,86.36000061035156,0.0,16155300,XOM,Exxon Mobil
2012-03-29,49.187164306640625,86.08000183105469,0.0,86.12999725341797,84.91000366210938,85.31999969482422,0.0,13199700,XOM,Exxon Mobil
2012-03-30,49.55857467651367,86.7300033569336,0.0,86.76000213623047,86.08999633789062,86.4800033569336,0.0,12968300,XOM,Exxon Mobil
2012-04-02,49.75285339355469,87.06999969482422,0.0,87.66999816894531,86.30999755859375,86.5999984741211,0.0,13853300,XOM,Exxon Mobil
2012-04-03,49.044334411621094,85.83000183105469,0.0,86.77999877929688,85.0,86.75,0.0,17714900,XOM,Exxon Mobil
2012-04-04,48.55862808227539,84.9800033569336,0.0,85.36000061035156,84.48999786376953,85.30000305175781,0.0,17112800,XOM,Exxon Mobil
2012-04-05,48.46718978881836,84.81999969482422,0.0,85.37999725341797,84.3499984741211,84.55999755859375,0.0,11954700,XOM,Exxon Mobil
2012-04-09,47.93004608154297,83.87999725341797,0.0,84.36000061035156,83.68000030517578,83.9800033569336,0.0,11027000,XOM,Exxon Mobil
2012-04-10,46.95293426513672,82.16999816894531,0.0,83.75,81.87999725341797,83.75,0.0,19993700,XOM,Exxon Mobil
2012-04-11,47.25580596923828,82.69999694824219,0.0,83.3499984741211,82.1500015258789,83.11000061035156,0.0,15856200,XOM,Exxon Mobil
2012-04-12,47.770076751708984,83.5999984741211,0.0,83.7300033569336,82.36000061035156,82.6500015258789,0.0,15266200,XOM,Exxon Mobil
2012-04-13,47.398651123046875,82.94999694824219,0.0,83.69000244140625,82.86000061035156,82.97000122070312,0.0,13856500,XOM,Exxon Mobil
2012-04-16,48.00434875488281,84.01000213623047,0.0,84.38999938964844,83.12999725341797,83.23999786376953,0.0,17526100,XOM,Exxon Mobil
2012-04-17,48.82718276977539,85.44999694824219,0.0,85.5999984741211,84.56999969482422,84.6500015258789,0.0,14208000,XOM,Exxon Mobil
2012-04-18,48.998600006103516,85.75,0.0,86.05000305175781,85.0199966430664,85.05999755859375,0.0,12997500,XOM,Exxon Mobil
2012-04-19,48.730045318603516,85.27999877929688,0.0,85.91999816894531,84.9800033569336,85.51000213623047,0.0,15973800,XOM,Exxon Mobil
2012-04-20,48.741455078125,85.30000305175781,0.0,85.91999816894531,85.02999877929688,85.55000305175781,0.0,17216600,XOM,Exxon Mobil
2012-04-23,48.96430969238281,85.69000244140625,0.0,85.93000030517578,84.38999938964844,84.52999877929688,0.0,15197200,XOM,Exxon Mobil
2012-04-24,49.318599700927734,86.30999755859375,0.0,86.38999938964844,85.63999938964844,85.63999938964844,0.0,11632500,XOM,Exxon Mobil
2012-04-25,49.627159118652344,86.8499984741211,0.0,87.18000030517578,85.72000122070312,86.6500015258789,0.0,18476800,XOM,Exxon Mobil
2012-04-26,49.18145751953125,86.06999969482422,0.0,86.19999694824219,85.1500015258789,85.27999877929688,0.0,17262400,XOM,Exxon Mobil
2012-04-27,49.187164306640625,86.08000183105469,0.0,86.69000244140625,85.95999908447266,86.5,0.0,11372900,XOM,Exxon Mobil
2012-04-30,49.33573532104492,86.33999633789062,0.0,86.80000305175781,85.87000274658203,85.95999908447266,0.0,11735400,XOM,Exxon Mobil
2012-05-01,49.7357292175293,87.04000091552734,0.0,87.5199966430664,86.12999725341797,86.45999908447266,0.0,13816900,XOM,Exxon Mobil
2012-05-02,49.25572967529297,86.19999694824219,0.0,86.6500015258789,85.83000183105469,86.55999755859375,0.0,11108700,XOM,Exxon Mobil
2012-05-03,48.94148254394531,85.6500015258789,0.0,86.38999938964844,85.30999755859375,86.36000061035156,0.0,9998600,XOM,Exxon Mobil
2012-05-04,48.32433319091797,84.56999969482422,0.0,85.30999755859375,84.4000015258789,85.11000061035156,0.0,15055500,XOM,Exxon Mobil
2012-05-07,48.272918701171875,84.4800033569336,0.0,84.79000091552734,84.0999984741211,84.29000091552734,0.0,12018100,XOM,Exxon Mobil
2012-05-08,48.010066986083984,84.0199966430664,0.0,84.26000213623047,82.91999816894531,83.75,0.0,19602400,XOM,Exxon Mobil
2012-05-09,47.60435485839844,83.30999755859375,0.0,84.06999969482422,82.87999725341797,83.04000091552734,0.0,17424000,XOM,Exxon Mobil
2012-05-10,47.66189193725586,82.83999633789062,0.57,83.58999633789062,82.55000305175781,83.37000274658203,0.0,13234600,XOM,Exxon Mobil
2012-05-11,47.811485290527344,83.0999984741211,0.0,83.79000091552734,82.54000091552734,82.69000244140625,0.0,12061700,XOM,Exxon Mobil
2012-05-14,47.24766540527344,82.12000274658203,0.0,82.45999908447266,81.95999908447266,82.2699966430664,0.0,12675900,XOM,Exxon Mobil
2012-05-15,47.05778503417969,81.79000091552734,0.0,82.7300033569336,81.52999877929688,82.0,0.0,15757400,XOM,Exxon Mobil
2012-05-16,47.27641296386719,82.16999816894531,0.0,83.1500015258789,81.79000091552734,81.95999908447266,0.0,15034500,XOM,Exxon Mobil
2012-05-17,47.12681198120117,81.91000366210938,0.0,82.61000061035156,81.68000030517578,82.1500015258789,0.0,17698200,XOM,Exxon Mobil
2012-05-18,46.8736572265625,81.47000122070312,0.0,82.72000122070312,81.02999877929688,82.37000274658203,0.0,21747200,XOM,Exxon Mobil
2012-05-21,47.201622009277344,82.04000091552734,0.0,82.12999725341797,81.06999969482422,81.41999816894531,0.0,13730400,XOM,Exxon Mobil
2012-05-22,47.14983367919922,81.94999694824219,0.0,82.83999633789062,81.5199966430664,82.13999938964844,0.0,13790000,XOM,Exxon Mobil
2012-05-23,47.201622009277344,82.04000091552734,0.0,82.08000183105469,79.95999908447266,81.79000091552734,0.0,17582200,XOM,Exxon Mobil
2012-05-24,47.529544830322266,82.61000061035156,0.0,82.77999877929688,81.70999908447266,82.29000091552734,0.0,14113600,XOM,Exxon Mobil
2012-05-25,47.22462844848633,82.08000183105469,0.0,82.95999908447266,81.68000030517578,82.86000061035156,0.0,12756500,XOM,Exxon Mobil
2012-05-29,47.13832092285156,81.93000030517578,0.0,82.63999938964844,81.31999969482422,82.63999938964844,0.0,15931100,XOM,Exxon Mobil
2012-05-30,45.9070930480957,79.79000091552734,0.0,81.37999725341797,79.58999633789062,81.08000183105469,0.0,19593100,XOM,Exxon Mobil
2012-05-31,45.23968505859375,78.62999725341797,0.0,80.13999938964844,78.41000366210938,79.87999725341797,0.0,38954600,XOM,Exxon Mobil
2012-06-01,44.83118438720703,77.91999816894531,0.0,78.55999755859375,77.47000122070312,77.87000274658203,0.0,22870900,XOM,Exxon Mobil
2012-06-04,44.779396057128906,77.83000183105469,0.0,78.25,77.19999694824219,78.08999633789062,0.0,17711200,XOM,Exxon Mobil
2012-06-05,44.647071838378906,77.5999984741211,0.0,78.29000091552734,77.12999725341797,77.58999633789062,0.0,17715600,XOM,Exxon Mobil
2012-06-06,46.1314697265625,80.18000030517578,0.0,80.23999786376953,78.08000183105469,78.37000274658203,0.0,23880900,XOM,Exxon Mobil
2012-06-07,46.424888610839844,80.69000244140625,0.0,81.2300033569336,80.3499984741211,80.9800033569336,0.0,18409400,XOM,Exxon Mobil
2012-06-08,46.511192321777344,80.83999633789062,0.0,80.91999816894531,79.45999908447266,80.08000183105469,0.0,18150000,XOM,Exxon Mobil
2012-06-11,46.1832389831543,80.2699966430664,0.0,81.8499984741211,80.16999816894531,81.62000274658203,0.0,18031800,XOM,Exxon Mobil
2012-06-12,46.752838134765625,81.26000213623047,0.0,81.51000213623047,80.62000274658203,80.73999786376953,0.0,14162100,XOM,Exxon Mobil
2012-06-13,46.390377044677734,80.62999725341797,0.0,81.63999938964844,80.27999877929688,80.94000244140625,0.0,15098100,XOM,Exxon Mobil
2012-06-14,47.253395080566406,82.12999725341797,0.0,82.5,80.7300033569336,80.86000061035156,0.0,16942300,XOM,Exxon Mobil
2012-06-15,47.88051986694336,83.22000122070312,0.0,83.44999694824219,82.22000122070312,82.56999969482422,0.0,27342800,XOM,Exxon Mobil
2012-06-18,47.81723403930664,83.11000061035156,0.0,83.18000030517578,82.3499984741211,82.51000213623047,0.0,13885100,XOM,Exxon Mobil
2012-06-19,48.60546875,84.4800033569336,0.0,84.62999725341797,83.30999755859375,83.7300033569336,0.0,21053300,XOM,Exxon Mobil
2012-06-20,48.887393951416016,84.97000122070312,0.0,85.38999938964844,84.05999755859375,84.4000015258789,0.0,23274300,XOM,Exxon Mobil
2012-06-21,47.24188232421875,82.11000061035156,0.0,85.37000274658203,82.05000305175781,85.04000091552734,0.0,33751900,XOM,Exxon Mobil
2012-06-22,47.24188232421875,82.11000061035156,0.0,83.22000122070312,82.11000061035156,82.68000030517578,0.0,84747800,XOM,Exxon Mobil
2012-06-25,46.7413330078125,81.23999786376953,0.0,81.43000030517578,79.77999877929688,81.22000122070312,0.0,28761600,XOM,Exxon Mobil
2012-06-26,47.408748626708984,82.4000015258789,0.0,82.97000122070312,81.20999908447266,81.51000213623047,0.0,22853700,XOM,Exxon Mobil
2012-06-27,47.86902618408203,83.19999694824219,0.0,83.66000366210938,82.70999908447266,82.80999755859375,0.0,15301400,XOM,Exxon Mobil
2012-06-28,47.811485290527344,83.0999984741211,0.0,83.45999908447266,82.0199966430664,82.66000366210938,0.0,19140300,XOM,Exxon Mobil
2012-06-29,49.232608795166016,85.56999969482422,0.0,85.69999694824219,84.45999908447266,84.77999877929688,0.0,24906300,XOM,Exxon Mobil
2012-07-02,49.100257873535156,85.33999633789062,0.0,85.47000122070312,84.54000091552734,85.44000244140625,0.0,14447800,XOM,Exxon Mobil
2012-07-03,49.641082763671875,86.27999877929688,0.0,86.27999877929688,85.62000274658203,85.69000244140625,0.0,9787700,XOM,Exxon Mobil
2012-07-05,49.232608795166016,85.56999969482422,0.0,86.04000091552734,85.1500015258789,85.33000183105469,0.0,10797100,XOM,Exxon Mobil
2012-07-06,48.78957748413086,84.80000305175781,0.0,85.04000091552734,84.19999694824219,84.26000213623047,0.0,13259400,XOM,Exxon Mobil
2012-07-09,48.12794876098633,83.6500015258789,0.0,84.55000305175781,83.0199966430664,84.5199966430664,0.0,22361600,XOM,Exxon Mobil
2012-07-10,47.81723403930664,83.11000061035156,0.0,84.38999938964844,82.83000183105469,84.08000183105469,0.0,14106100,XOM,Exxon Mobil
2012-07-11,48.547935485839844,84.37999725341797,0.0,84.68000030517578,83.23999786376953,83.4800033569336,0.0,18337600,XOM,Exxon Mobil
2012-07-12,48.398338317871094,84.12000274658203,0.0,84.55000305175781,83.31999969482422,83.41000366210938,0.0,15566400,XOM,Exxon Mobil
2012-07-13,49.17507553100586,85.47000122070312,0.0,85.56999969482422,84.26000213623047,84.44999694824219,0.0,13642000,XOM,Exxon Mobil
2012-07-16,48.933433532714844,85.05000305175781,0.0,85.41999816894531,84.66000366210938,84.83000183105469,0.0,11269200,XOM,Exxon Mobil
2012-07-17,49.32465362548828,85.7300033569336,0.0,85.81999969482422,84.0999984741211,85.18000030517578,0.0,14059400,XOM,Exxon Mobil
2012-07-18,49.60081481933594,86.20999908447266,0.0,86.22000122070312,85.06999969482422,85.33999633789062,0.0,14203500,XOM,Exxon Mobil
2012-07-19,49.60081481933594,86.20999908447266,0.0,86.37999725341797,85.62000274658203,86.0199966430664,0.0,14902300,XOM,Exxon Mobil
2012-07-20,49.45121765136719,85.94999694824219,0.0,86.1500015258789,85.2699966430664,85.87000274658203,0.0,16838300,XOM,Exxon Mobil
2012-07-23,49.02545928955078,85.20999908447266,0.0,85.45999908447266,84.33000183105469,84.80000305175781,0.0,13597800,XOM,Exxon Mobil
2012-07-24,48.66298294067383,84.58000183105469,0.0,85.26000213623047,83.5,85.20999908447266,0.0,13948300,XOM,Exxon Mobil
2012-07-25,49.042724609375,85.23999786376953,0.0,85.55000305175781,84.66000366210938,85.13999938964844,0.0,16566000,XOM,Exxon Mobil
2012-07-26,49.7791862487793,86.5199966430664,0.0,86.69999694824219,85.26000213623047,85.55999755859375,0.0,19149300,XOM,Exxon Mobil
2012-07-27,50.31425476074219,87.44999694824219,0.0,87.8499984741211,85.5,86.58999633789062,0.0,24079300,XOM,Exxon Mobil
2012-07-30,50.37753677368164,87.55999755859375,0.0,87.83000183105469,87.08000183105469,87.27999877929688,0.0,11183500,XOM,Exxon Mobil
2012-07-31,49.969032287597656,86.8499984741211,0.0,87.66000366210938,86.79000091552734,87.37000274658203,0.0,12212200,XOM,Exxon Mobil
2012-08-01,50.003578186035156,86.91000366210938,0.0,87.44999694824219,86.18000030517578,87.0199966430664,0.0,14312300,XOM,Exxon Mobil
2012-08-02,49.41095733642578,85.87999725341797,0.0,86.75,85.5,86.0999984741211,0.0,14530100,XOM,Exxon Mobil
2012-08-03,50.37178421020508,87.55000305175781,0.0,87.88999938964844,86.80000305175781,87.06999969482422,0.0,13982500,XOM,Exxon Mobil
2012-08-06,50.31425476074219,87.44999694824219,0.0,87.87999725341797,87.37000274658203,87.55000305175781,0.0,9626400,XOM,Exxon Mobil
2012-08-07,50.58467102050781,87.91999816894531,0.0,88.0,87.68000030517578,87.87999725341797,0.0,12399800,XOM,Exxon Mobil
2012-08-08,50.791786193847656,88.27999877929688,0.0,88.5,87.68000030517578,87.75,0.0,12864500,XOM,Exxon Mobil
2012-08-09,51.07555389404297,88.19999694824219,0.57,88.4800033569336,87.51000213623047,87.83999633789062,0.0,12213700,XOM,Exxon Mobil
2012-08-10,51.21452331542969,88.44000244140625,0.0,88.48999786376953,87.1500015258789,87.66999816894531,0.0,11149000,XOM,Exxon Mobil
2012-08-13,51.040794372558594,88.13999938964844,0.0,88.23999786376953,87.7699966430664,88.0999984741211,0.0,8716300,XOM,Exxon Mobil
2012-08-14,51.07555389404297,88.19999694824219,0.0,88.63999938964844,87.9000015258789,88.16999816894531,0.0,8675700,XOM,Exxon Mobil
2012-08-15,50.959716796875,88.0,0.0,88.66999816894531,87.91000366210938,88.19000244140625,0.0,8510100,XOM,Exxon Mobil
2012-08-16,51.34772491455078,88.66999816894531,0.0,88.87000274658203,87.95999908447266,88.19000244140625,0.0,11311300,XOM,Exxon Mobil
2012-08-17,51.19136047363281,88.4000015258789,0.0,88.91000366210938,88.16000366210938,88.88999938964844,0.0,11177700,XOM,Exxon Mobil
2012-08-20,50.93075942993164,87.94999694824219,0.0,88.22000122070312,87.62999725341797,88.06999969482422,0.0,8813700,XOM,Exxon Mobil
2012-08-21,50.647003173828125,87.45999908447266,0.0,88.41000366210938,87.26000213623047,88.13999938964844,0.0,10767100,XOM,Exxon Mobil
2012-08-22,50.803375244140625,87.7300033569336,0.0,87.91000366210938,87.0199966430664,87.19999694824219,0.0,10160400,XOM,Exxon Mobil
2012-08-23,50.560142517089844,87.30999755859375,0.0,87.79000091552734,86.9800033569336,87.79000091552734,0.0,9666300,XOM,Exxon Mobil
2012-08-24,50.988712310791016,88.05000305175781,0.0,88.30000305175781,86.93000030517578,87.16000366210938,0.0,9762300,XOM,Exxon Mobil
2012-08-27,50.80915451049805,87.73999786376953,0.0,88.19999694824219,87.61000061035156,88.06999969482422,0.0,8252100,XOM,Exxon Mobil
2012-08-28,51.01764678955078,88.0999984741211,0.0,88.4000015258789,87.41999816894531,87.56999969482422,0.0,9646800,XOM,Exxon Mobil
2012-08-29,50.901824951171875,87.9000015258789,0.0,88.19000244140625,87.73999786376953,88.06999969482422,0.0,8377300,XOM,Exxon Mobil
2012-08-30,50.49644088745117,87.19999694824219,0.0,87.7300033569336,87.0199966430664,87.37999725341797,0.0,8915800,XOM,Exxon Mobil
2012-08-31,50.55435562133789,87.30000305175781,0.0,87.8499984741211,87.13999938964844,87.61000061035156,0.0,14178800,XOM,Exxon Mobil
2012-09-04,50.45011901855469,87.12000274658203,0.0,87.45999908447266,86.5199966430664,87.33000183105469,0.0,10602900,XOM,Exxon Mobil
2012-09-05,50.571739196777344,87.33000183105469,0.0,87.6500015258789,87.05999755859375,87.5199966430664,0.0,10113100,XOM,Exxon Mobil
2012-09-06,51.533023834228516,88.98999786376953,0.0,89.25,87.8499984741211,87.88999938964844,0.0,15713500,XOM,Exxon Mobil
2012-09-07,52.071556091308594,89.91999816894531,0.0,90.0,89.2699966430664,89.2699966430664,0.0,15623900,XOM,Exxon Mobil
2012-09-10,51.81675338745117,89.4800033569336,0.0,90.0,89.4000015258789,89.81999969482422,0.0,10750700,XOM,Exxon Mobil
2012-09-11,51.8978385925293,89.62000274658203,0.0,89.94999694824219,89.55000305175781,89.75,0.0,9349400,XOM,Exxon Mobil
2012-09-12,51.85731887817383,89.55000305175781,0.0,89.9000015258789,89.41000366210938,89.62999725341797,0.0,9982900,XOM,Exxon Mobil
2012-09-13,52.83017349243164,91.2300033569336,0.0,91.55999755859375,89.43000030517578,89.70999908447266,0.0,19870900,XOM,Exxon Mobil
2012-09-14,53.449806213378906,92.30000305175781,0.0,92.4000015258789,91.25,91.5,0.0,21388800,XOM,Exxon Mobil
2012-09-17,53.22396469116211,91.91000366210938,0.0,92.5,91.55000305175781,91.91999816894531,0.0,11893700,XOM,Exxon Mobil
2012-09-18,53.07341003417969,91.6500015258789,0.0,92.22000122070312,91.4000015258789,91.43000030517578,0.0,10950100,XOM,Exxon Mobil
2012-09-19,52.447975158691406,90.56999969482422,0.0,91.75,90.56999969482422,91.4800033569336,0.0,16302100,XOM,Exxon Mobil
2012-09-20,52.998104095458984,91.5199966430664,0.0,91.69000244140625,90.08999633789062,90.13999938964844,0.0,12238400,XOM,Exxon Mobil
2012-09-21,53.22975540161133,91.91999816894531,0.0,92.2300033569336,91.63999938964844,92.02999877929688,0.0,19599100,XOM,Exxon Mobil
2012-09-24,53.20658493041992,91.87999725341797,0.0,92.20999908447266,91.30000305175781,91.30999755859375,0.0,11023700,XOM,Exxon Mobil
2012-09-25,53.125518798828125,91.73999786376953,0.0,92.56999969482422,91.54000091552734,92.11000061035156,0.0,14035800,XOM,Exxon Mobil
2012-09-26,52.83017349243164,91.2300033569336,0.0,92.04000091552734,91.0999984741211,91.72000122070312,0.0,11616500,XOM,Exxon Mobil
2012-09-27,53.160255432128906,91.80000305175781,0.0,92.25,91.19000244140625,91.83000183105469,0.0,10632700,XOM,Exxon Mobil
2012-09-28,52.95756530761719,91.44999694824219,0.0,91.6500015258789,90.93000030517578,91.4800033569336,0.0,12507600,XOM,Exxon Mobil
2012-10-01,53.160255432128906,91.80000305175781,0.0,92.5,91.5999984741211,91.79000091552734,0.0,10343500,XOM,Exxon Mobil
2012-10-02,53.11392593383789,91.72000122070312,0.0,92.18000030517578,91.27999877929688,92.12000274658203,0.0,9507800,XOM,Exxon Mobil
2012-10-03,53.102352142333984,91.69999694824219,0.0,91.80999755859375,91.16999816894531,91.6500015258789,0.0,10328100,XOM,Exxon Mobil
2012-10-04,53.403465270996094,92.22000122070312,0.0,92.54000091552734,91.91000366210938,92.08000183105469,0.0,11507100,XOM,Exxon Mobil
2012-10-05,53.59458923339844,92.55000305175781,0.0,93.0,92.2300033569336,92.58999633789062,0.0,9890100,XOM,Exxon Mobil
2012-10-08,53.66987228393555,92.68000030517578,0.0,92.87000274658203,92.04000091552734,92.1500015258789,0.0,8765200,XOM,Exxon Mobil
2012-10-09,53.35135269165039,92.12999725341797,0.0,93.36000061035156,92.11000061035156,92.83000183105469,0.0,13799200,XOM,Exxon Mobil
2012-10-10,52.71434783935547,91.02999877929688,0.0,92.0199966430664,90.66999816894531,91.80000305175781,0.0,15332500,XOM,Exxon Mobil
2012-10-11,52.79541015625,91.16999816894531,0.0,91.87999725341797,91.16999816894531,91.56999969482422,0.0,9789900,XOM,Exxon Mobil
2012-10-12,52.71434783935547,91.02999877929688,0.0,91.72000122070312,90.51000213623047,91.51000213623047,0.0,9943700,XOM,Exxon Mobil
2012-10-15,52.992340087890625,91.51000213623047,0.0,91.69000244140625,90.54000091552734,91.3499984741211,0.0,10651100,XOM,Exxon Mobil
2012-10-16,53.496124267578125,92.37999725341797,0.0,92.4800033569336,91.80000305175781,91.88999938964844,0.0,9069300,XOM,Exxon Mobil
2012-10-17,54.08100128173828,93.38999938964844,0.0,93.54000091552734,92.61000061035156,92.62000274658203,0.0,10759100,XOM,Exxon Mobil
2012-10-18,54.13313293457031,93.4800033569336,0.0,93.56999969482422,92.97000122070312,92.97000122070312,0.0,11815500,XOM,Exxon Mobil
2012-10-19,53.36294937133789,92.1500015258789,0.0,93.66999816894531,91.75,93.56999969482422,0.0,15928100,XOM,Exxon Mobil
2012-10-22,53.38610076904297,92.19000244140625,0.0,92.26000213623047,91.08000183105469,91.66999816894531,0.0,11445400,XOM,Exxon Mobil
2012-10-23,52.22214126586914,90.18000030517578,0.0,91.37999725341797,90.01000213623047,91.12999725341797,0.0,14085500,XOM,Exxon Mobil
2012-10-24,52.048397064208984,89.87999725341797,0.0,90.62000274658203,89.7699966430664,90.45999908447266,0.0,11332500,XOM,Exxon Mobil
2012-10-25,52.366920471191406,90.43000030517578,0.0,90.80000305175781,89.68000030517578,90.62999725341797,0.0,10387200,XOM,Exxon Mobil
2012-10-26,52.4769401550293,90.62000274658203,0.0,91.06999969482422,90.01000213623047,90.55999755859375,0.0,11583000,XOM,Exxon Mobil
2012-10-31,52.79541015625,91.16999816894531,0.0,91.41000366210938,90.11000061035156,91.02999877929688,0.0,14848500,XOM,Exxon Mobil
2012-11-01,53.04444122314453,91.5999984741211,0.0,91.66999816894531,90.19999694824219,90.25,0.0,15771900,XOM,Exxon Mobil
2012-11-02,52.27425003051758,90.2699966430664,0.0,91.94000244140625,90.05999755859375,91.76000213623047,0.0,12742400,XOM,Exxon Mobil
2012-11-05,52.48273849487305,90.62999725341797,0.0,90.80999755859375,89.69999694824219,90.04000091552734,0.0,11222600,XOM,Exxon Mobil
2012-11-06,53.05024719238281,91.61000061035156,0.0,92.05000305175781,90.7300033569336,90.86000061035156,0.0,12026500,XOM,Exxon Mobil
2012-11-07,51.3836669921875,88.18000030517578,0.57,90.23999786376953,87.69999694824219,90.23999786376953,0.0,19423500,XOM,Exxon Mobil
2012-11-08,50.736854553222656,87.06999969482422,0.0,88.43000030517578,87.02999877929688,88.2699966430664,0.0,13743000,XOM,Exxon Mobil
2012-11-09,50.818458557128906,87.20999908447266,0.0,87.94999694824219,86.61000061035156,86.61000061035156,0.0,13407000,XOM,Exxon Mobil
2012-11-12,50.88252258300781,87.31999969482422,0.0,87.69000244140625,86.94999694824219,87.2699966430664,0.0,9004300,XOM,Exxon Mobil
2012-11-13,50.387237548828125,86.47000122070312,0.0,87.98999786376953,86.44000244140625,86.75,0.0,12260300,XOM,Exxon Mobil
2012-11-14,50.15414810180664,86.06999969482422,0.0,87.11000061035156,85.87999725341797,86.75,0.0,14524100,XOM,Exxon Mobil
2012-11-15,50.1949462890625,86.13999938964844,0.0,86.55999755859375,85.37000274658203,86.08999633789062,0.0,13783600,XOM,Exxon Mobil
2012-11-16,50.375579833984375,86.44999694824219,0.0,86.70999908447266,85.05999755859375,86.13999938964844,0.0,17405200,XOM,Exxon Mobil
2012-11-19,51.086490631103516,87.66999816894531,0.0,88.19999694824219,87.08999633789062,87.4000015258789,0.0,12911000,XOM,Exxon Mobil
2012-11-20,50.987430572509766,87.5,0.0,87.87999725341797,86.7699966430664,87.51000213623047,0.0,10288100,XOM,Exxon Mobil
2012-11-21,51.28462600708008,88.01000213623047,0.0,88.0199966430664,87.4800033569336,87.80999755859375,0.0,13905300,XOM,Exxon Mobil
2012-11-23,51.913936614990234,89.08999633789062,0.0,89.08999633789062,88.01000213623047,88.25,0.0,11931000,XOM,Exxon Mobil
2012-11-26,51.640052795410156,88.62000274658203,0.0,88.62999725341797,88.02999877929688,88.31999969482422,0.0,16423600,XOM,Exxon Mobil
2012-11-27,50.900001525878906,87.3499984741211,0.0,88.54000091552734,87.23999786376953,88.4000015258789,0.0,11841600,XOM,Exxon Mobil
2012-11-28,51.33705139160156,88.0999984741211,0.0,88.19000244140625,86.27999877929688,86.52999877929688,0.0,15959900,XOM,Exxon Mobil
2012-11-29,51.34870529174805,88.12000274658203,0.0,88.69000244140625,87.62999725341797,88.37000274658203,0.0,11579100,XOM,Exxon Mobil
2012-11-30,51.36036682128906,88.13999938964844,0.0,88.4000015258789,87.81999969482422,88.06999969482422,0.0,15522100,XOM,Exxon Mobil
2012-12-03,51.05150604248047,87.61000061035156,0.0,88.58000183105469,87.47000122070312,88.55000305175781,0.0,10937300,XOM,Exxon Mobil
2012-12-04,50.80679702758789,87.19000244140625,0.0,87.97000122070312,87.19000244140625,87.37999725341797,0.0,11980000,XOM,Exxon Mobil
2012-12-05,51.12146759033203,87.7300033569336,0.0,88.2699966430664,87.0999984741211,87.2699966430664,0.0,12717800,XOM,Exxon Mobil
2012-12-06,51.27880096435547,88.0,0.0,88.05999755859375,87.23999786376953,87.76000213623047,0.0,12077000,XOM,Exxon Mobil
2012-12-07,51.628421783447266,88.5999984741211,0.0,88.63999938964844,87.7699966430664,88.16999816894531,0.0,10603100,XOM,Exxon Mobil
2012-12-10,51.517704010009766,88.41000366210938,0.0,88.94999694824219,88.23999786376953,88.58000183105469,0.0,11549400,XOM,Exxon Mobil
2012-12-11,51.85565948486328,88.98999786376953,0.0,89.48999786376953,88.4000015258789,88.61000061035156,0.0,12634600,XOM,Exxon Mobil
2012-12-12,52.12370300292969,89.44999694824219,0.0,90.37000274658203,88.91000366210938,89.08999633789062,0.0,14729500,XOM,Exxon Mobil
2012-12-13,51.61677169799805,88.58000183105469,0.0,89.44999694824219,88.2699966430664,89.16000366210938,0.0,12290300,XOM,Exxon Mobil
2012-12-14,51.32539367675781,88.08000183105469,0.0,88.44999694824219,87.91999816894531,88.0,0.0,13363600,XOM,Exxon Mobil
2012-12-17,51.78573989868164,88.87000274658203,0.0,88.94000244140625,88.0999984741211,88.36000061035156,0.0,15672500,XOM,Exxon Mobil
2012-12-18,52.187828063964844,89.55999755859375,0.0,89.73999786376953,88.55999755859375,88.75,0.0,15396600,XOM,Exxon Mobil
2012-12-19,51.535179138183594,88.44000244140625,0.0,89.61000061035156,88.37999725341797,89.54000091552734,0.0,15092500,XOM,Exxon Mobil
2012-12-20,51.79738998413086,88.88999938964844,0.0,88.94000244140625,87.9800033569336,88.37999725341797,0.0,15789000,XOM,Exxon Mobil
2012-12-21,50.8300895690918,87.2300033569336,0.0,88.5999984741211,87.01000213623047,87.66000366210938,0.0,33057000,XOM,Exxon Mobil
2012-12-24,50.649452209472656,86.91999816894531,0.0,87.31999969482422,86.80000305175781,87.12999725341797,0.0,6385200,XOM,Exxon Mobil
2012-12-26,50.736854553222656,87.06999969482422,0.0,87.68000030517578,86.56999969482422,87.20999908447266,0.0,10737800,XOM,Exxon Mobil
2012-12-27,50.61448669433594,86.86000061035156,0.0,87.23999786376953,85.75,87.05000305175781,0.0,14258500,XOM,Exxon Mobil
2012-12-28,49.58890914916992,85.0999984741211,0.0,86.29000091552734,85.06999969482422,86.0999984741211,0.0,13358700,XOM,Exxon Mobil
2012-12-31,50.4338493347168,86.55000305175781,0.0,86.66000366210938,84.69999694824219,85.04000091552734,0.0,19810800,XOM,Exxon Mobil
2013-01-02,51.6925163269043,88.70999908447266,0.0,88.72000122070312,87.23999786376953,87.79000091552734,0.0,16143700,XOM,Exxon Mobil
2013-01-03,51.59927749633789,88.55000305175781,0.0,88.88999938964844,88.16000366210938,88.45999908447266,0.0,13268200,XOM,Exxon Mobil
2013-01-04,51.838199615478516,88.95999908447266,0.0,89.08999633789062,88.37000274658203,88.5,0.0,11427900,XOM,Exxon Mobil
2013-01-07,51.23799514770508,87.93000030517578,0.0,88.48999786376953,87.56999969482422,88.30999755859375,0.0,11799800,XOM,Exxon Mobil
2013-01-08,51.55848693847656,88.4800033569336,0.0,88.4800033569336,87.29000091552734,87.81999969482422,0.0,14226400,XOM,Exxon Mobil
2013-01-09,51.36036682128906,88.13999938964844,0.0,88.54000091552734,87.75,88.4000015258789,0.0,10892200,XOM,Exxon Mobil
2013-01-10,51.919761657714844,89.0999984741211,0.0,89.4800033569336,88.37000274658203,88.75,0.0,13099600,XOM,Exxon Mobil
2013-01-11,52.216941833496094,89.61000061035156,0.0,89.70999908447266,88.86000061035156,88.97000122070312,0.0,11645600,XOM,Exxon Mobil
2013-01-14,52.19948196411133,89.58000183105469,0.0,89.75,89.31999969482422,89.45999908447266,0.0,9606700,XOM,Exxon Mobil
2013-01-15,52.17033004760742,89.52999877929688,0.0,89.61000061035156,89.0,89.18000030517578,0.0,9195400,XOM,Exxon Mobil
2013-01-16,52.13539123535156,89.47000122070312,0.0,89.4800033569336,89.06999969482422,89.16000366210938,0.0,9645000,XOM,Exxon Mobil
2013-01-17,52.56074142456055,90.19999694824219,0.0,90.94000244140625,89.5999984741211,89.76000213623047,0.0,13400300,XOM,Exxon Mobil
2013-01-18,52.91037368774414,90.80000305175781,0.0,90.83000183105469,89.83000183105469,90.08999633789062,0.0,17196000,XOM,Exxon Mobil
2013-01-22,52.98030090332031,90.91999816894531,0.0,90.94000244140625,90.20999908447266,90.2699966430664,0.0,11897500,XOM,Exxon Mobil
2013-01-23,52.85210418701172,90.69999694824219,0.0,90.87999725341797,90.41999816894531,90.5,0.0,10906800,XOM,Exxon Mobil
2013-01-24,53.23089599609375,91.3499984741211,0.0,91.72000122070312,90.75,90.87999725341797,0.0,11100000,XOM,Exxon Mobil
2013-01-25,53.45231628417969,91.7300033569336,0.0,91.80000305175781,91.12999725341797,91.56999969482422,0.0,11090600,XOM,Exxon Mobil
2013-01-28,53.09101486206055,91.11000061035156,0.0,91.66999816894531,90.7699966430664,91.66999816894531,0.0,11617500,XOM,Exxon Mobil
2013-01-29,53.46979522705078,91.76000213623047,0.0,91.93000030517578,91.19999694824219,91.20999908447266,0.0,11700600,XOM,Exxon Mobil
2013-01-30,52.83462905883789,90.66999816894531,0.0,91.72000122070312,90.37999725341797,91.16999816894531,0.0,15645400,XOM,Exxon Mobil
2013-01-31,52.426727294921875,89.97000122070312,0.0,91.20999908447266,89.73999786376953,90.69000244140625,0.0,15991500,XOM,Exxon Mobil
2013-02-01,52.467529296875,90.04000091552734,0.0,90.5,89.36000061035156,90.44000244140625,0.0,15699200,XOM,Exxon Mobil
2013-02-04,51.94890213012695,89.1500015258789,0.0,89.62000274658203,88.83999633789062,89.41000366210938,0.0,13347300,XOM,Exxon Mobil
2013-02-05,52.29269027709961,89.73999786376953,0.0,90.19000244140625,89.41999816894531,89.87999725341797,0.0,11679700,XOM,Exxon Mobil
2013-02-06,52.32183837890625,89.79000091552734,0.0,89.88999938964844,89.16000366210938,89.37000274658203,0.0,11768700,XOM,Exxon Mobil
2013-02-07,51.75299072265625,88.25,0.57,89.22000122070312,87.61000061035156,89.20999908447266,0.0,13463300,XOM,Exxon Mobil
2013-02-08,51.96409606933594,88.61000061035156,0.0,88.80000305175781,88.11000061035156,88.5,0.0,11412300,XOM,Exxon Mobil
2013-02-11,51.77057647705078,88.27999877929688,0.0,88.51000213623047,87.97000122070312,88.3499984741211,0.0,8764700,XOM,Exxon Mobil
2013-02-12,51.87615203857422,88.45999908447266,0.0,88.62000274658203,87.91999816894531,88.25,0.0,9752100,XOM,Exxon Mobil
2013-02-13,51.999298095703125,88.66999816894531,0.0,88.7699966430664,88.23999786376953,88.45999908447266,0.0,8940300,XOM,Exxon Mobil
2013-02-14,51.911319732666016,88.5199966430664,0.0,88.80999755859375,88.05999755859375,88.33999633789062,0.0,13238900,XOM,Exxon Mobil
2013-02-15,51.817508697509766,88.36000061035156,0.0,88.61000061035156,87.80000305175781,88.56999969482422,0.0,15696900,XOM,Exxon Mobil
2013-02-19,52.38047409057617,89.31999969482422,0.0,89.41000366210938,88.37999725341797,88.54000091552734,0.0,12158900,XOM,Exxon Mobil
2013-02-20,52.17523956298828,88.97000122070312,0.0,89.81999969482422,88.9000015258789,89.13999938964844,0.0,13936400,XOM,Exxon Mobil
2013-02-21,51.952392578125,88.58999633789062,0.0,89.0199966430664,88.36000061035156,88.79000091552734,0.0,10939800,XOM,Exxon Mobil
2013-02-22,52.310123443603516,89.19999694824219,0.0,89.27999877929688,88.4000015258789,89.0199966430664,0.0,10260200,XOM,Exxon Mobil
2013-02-25,51.43044662475586,87.69999694824219,0.0,90.19000244140625,87.69999694824219,89.87999725341797,0.0,15302900,XOM,Exxon Mobil
2013-02-26,51.90547180175781,88.51000213623047,0.0,88.9800033569336,87.76000213623047,88.5,0.0,15073200,XOM,Exxon Mobil
2013-02-27,52.50363540649414,89.52999877929688,0.0,89.6500015258789,88.30999755859375,88.5,0.0,11195200,XOM,Exxon Mobil
2013-02-28,52.51535415649414,89.55000305175781,0.0,89.80999755859375,89.02999877929688,89.66999816894531,0.0,14552000,XOM,Exxon Mobil
2013-03-01,52.44499206542969,89.43000030517578,0.0,89.68000030517578,88.91999816894531,89.06999969482422,0.0,11301600,XOM,Exxon Mobil
2013-03-04,52.16351318359375,88.94999694824219,0.0,89.25,88.45999908447266,89.12999725341797,0.0,10994000,XOM,Exxon Mobil
2013-03-05,52.5505485534668,89.61000061035156,0.0,90.1500015258789,89.29000091552734,89.4800033569336,0.0,13072600,XOM,Exxon Mobil
2013-03-06,52.521240234375,89.55999755859375,0.0,89.94999694824219,89.05000305175781,89.5999984741211,0.0,13234400,XOM,Exxon Mobil
2013-03-07,52.02275466918945,88.70999908447266,0.0,89.76000213623047,88.68000030517578,89.62999725341797,0.0,12905300,XOM,Exxon Mobil
2013-03-08,52.17523956298828,88.97000122070312,0.0,89.2300033569336,88.3499984741211,89.01000213623047,0.0,11896300,XOM,Exxon Mobil
2013-03-11,52.286659240722656,89.16000366210938,0.0,89.55000305175781,88.54000091552734,89.01000213623047,0.0,12454800,XOM,Exxon Mobil
2013-03-12,52.286659240722656,89.16000366210938,0.0,89.91000366210938,89.01000213623047,89.44999694824219,0.0,11470000,XOM,Exxon Mobil
2013-03-13,52.345298767089844,89.26000213623047,0.0,89.5,88.83000183105469,89.0199966430664,0.0,10539900,XOM,Exxon Mobil
2013-03-14,52.67957305908203,89.83000183105469,0.0,89.91000366210938,89.41000366210938,89.41000366210938,0.0,13775500,XOM,Exxon Mobil
2013-03-15,52.409793853759766,89.37000274658203,0.0,89.61000061035156,88.79000091552734,89.19999694824219,0.0,29240100,XOM,Exxon Mobil
2013-03-18,52.05793380737305,88.7699966430664,0.0,89.38999938964844,88.55000305175781,88.73999786376953,0.0,11553700,XOM,Exxon Mobil
2013-03-19,51.94651794433594,88.58000183105469,0.0,89.08999633789062,88.0199966430664,88.88999938964844,0.0,11987900,XOM,Exxon Mobil
2013-03-20,51.97584533691406,88.62999725341797,0.0,89.20999908447266,88.30000305175781,88.94999694824219,0.0,11319000,XOM,Exxon Mobil
2013-03-21,51.70608139038086,88.16999816894531,0.0,88.63999938964844,87.9000015258789,88.12000274658203,0.0,13447500,XOM,Exxon Mobil
2013-03-22,52.36289596557617,89.29000091552734,0.0,89.29000091552734,88.31999969482422,88.4000015258789,0.0,10786600,XOM,Exxon Mobil
2013-03-25,52.204559326171875,89.0199966430664,0.0,89.9000015258789,88.66000366210938,89.5,0.0,12900800,XOM,Exxon Mobil
2013-03-26,52.85548782348633,90.12999725341797,0.0,90.30000305175781,89.36000061035156,89.41000366210938,0.0,12329600,XOM,Exxon Mobil
2013-03-27,53.11939239501953,90.58000183105469,0.0,90.73999786376953,89.47000122070312,89.55999755859375,0.0,12350800,XOM,Exxon Mobil
2013-03-28,52.843772888183594,90.11000061035156,0.0,90.9800033569336,89.98999786376953,90.63999938964844,0.0,17485200,XOM,Exxon Mobil
2013-04-01,53.230838775634766,90.7699966430664,0.0,90.98999786376953,89.9800033569336,90.12999725341797,0.0,9414200,XOM,Exxon Mobil
2013-04-02,53.11939239501953,90.58000183105469,0.0,90.91999816894531,90.27999877929688,90.58999633789062,0.0,9991800,XOM,Exxon Mobil
2013-04-03,52.73821258544922,89.93000030517578,0.0,90.83000183105469,89.86000061035156,90.6500015258789,0.0,12197100,XOM,Exxon Mobil
2013-04-04,52.64438247680664,89.7699966430664,0.0,90.33000183105469,89.22000122070312,90.0999984741211,0.0,11582000,XOM,Exxon Mobil
2013-04-05,52.19866943359375,89.01000213623047,0.0,89.20999908447266,88.4000015258789,88.61000061035156,0.0,12771600,XOM,Exxon Mobil
2013-04-08,51.958248138427734,88.5999984741211,0.0,89.11000061035156,88.1500015258789,89.11000061035156,0.0,11013900,XOM,Exxon Mobil
2013-04-09,52.05793380737305,88.7699966430664,0.0,89.33999633789062,88.58999633789062,88.69000244140625,0.0,10753400,XOM,Exxon Mobil
2013-04-10,52.0051383972168,88.68000030517578,0.0,89.16000366210938,88.19999694824219,88.44999694824219,0.0,14823700,XOM,Exxon Mobil
2013-04-11,52.32183837890625,89.22000122070312,0.0,89.2699966430664,88.2300033569336,88.94999694824219,0.0,14979900,XOM,Exxon Mobil
2013-04-12,52.186954498291016,88.98999786376953,0.0,89.19000244140625,88.41000366210938,88.87999725341797,0.0,11505100,XOM,Exxon Mobil
2013-04-15,50.72087860107422,86.48999786376953,0.0,88.66999816894531,86.2699966430664,88.29000091552734,0.0,19626200,XOM,Exxon Mobil
2013-04-16,50.79124069213867,86.61000061035156,0.0,87.2300033569336,86.08999633789062,87.19000244140625,0.0,14578800,XOM,Exxon Mobil
2013-04-17,50.48039245605469,86.08000183105469,0.0,86.37999725341797,85.0199966430664,86.20999908447266,0.0,17341200,XOM,Exxon Mobil
2013-04-18,50.797088623046875,86.62000274658203,0.0,87.08000183105469,85.77999877929688,86.27999877929688,0.0,14730400,XOM,Exxon Mobil
2013-04-19,51.283836364746094,87.44999694824219,0.0,87.48999786376953,86.43000030517578,87.2699966430664,0.0,18393300,XOM,Exxon Mobil
2013-04-22,51.659156799316406,88.08999633789062,0.0,88.31999969482422,87.29000091552734,87.61000061035156,0.0,11262000,XOM,Exxon Mobil
2013-04-23,52.36875534057617,89.30000305175781,0.0,89.48999786376953,87.94000244140625,88.38999938964844,0.0,15567700,XOM,Exxon Mobil
2013-04-24,52.44499206542969,89.43000030517578,0.0,89.88999938964844,89.3499984741211,89.44999694824219,0.0,13028800,XOM,Exxon Mobil
2013-04-25,51.64744186401367,88.06999969482422,0.0,88.9000015258789,87.6500015258789,88.88999938964844,0.0,16328700,XOM,Exxon Mobil
2013-04-26,51.60639190673828,88.0,0.0,88.27999877929688,87.5999984741211,87.80999755859375,0.0,10791800,XOM,Exxon Mobil
2013-04-29,51.72955322265625,88.20999908447266,0.0,88.83000183105469,88.01000213623047,88.26000213623047,0.0,11093000,XOM,Exxon Mobil
2013-04-30,52.186954498291016,88.98999786376953,0.0,88.98999786376953,87.76000213623047,88.26000213623047,0.0,14572600,XOM,Exxon Mobil
2013-05-01,51.31904220581055,87.51000213623047,0.0,88.83999633789062,87.4800033569336,88.5199966430664,0.0,11616500,XOM,Exxon Mobil
2013-05-02,51.97584533691406,88.62999725341797,0.0,88.83999633789062,87.73999786376953,87.9800033569336,0.0,11330100,XOM,Exxon Mobil
2013-05-03,52.790985107421875,90.0199966430664,0.0,90.19000244140625,88.91999816894531,89.0,0.0,13036600,XOM,Exxon Mobil
2013-05-06,53.11939239501953,90.58000183105469,0.0,90.87999725341797,89.93000030517578,90.25,0.0,10613400,XOM,Exxon Mobil
2013-05-07,53.45366668701172,91.1500015258789,0.0,91.1500015258789,90.13999938964844,90.62000274658203,0.0,11088900,XOM,Exxon Mobil
2013-05-08,53.77620315551758,91.69999694824219,0.0,91.8499984741211,91.02999877929688,91.05000305175781,0.0,13638300,XOM,Exxon Mobil
2013-05-09,53.75257110595703,91.02999877929688,0.63,91.55999755859375,90.69000244140625,91.13999938964844,0.0,13771900,XOM,Exxon Mobil
2013-05-10,53.22703552246094,90.13999938964844,0.0,90.94999694824219,89.79000091552734,90.87000274658203,0.0,10975400,XOM,Exxon Mobil
2013-05-13,53.20341873168945,90.0999984741211,0.0,90.13999938964844,89.43000030517578,89.80000305175781,0.0,9810100,XOM,Exxon Mobil
2013-05-14,53.799835205078125,91.11000061035156,0.0,91.19000244140625,90.0199966430664,90.1500015258789,0.0,9890300,XOM,Exxon Mobil
2013-05-15,53.8765754699707,91.23999786376953,0.0,91.31999969482422,90.41000366210938,90.63999938964844,0.0,10399400,XOM,Exxon Mobil
2013-05-16,53.55771255493164,90.69999694824219,0.0,91.29000091552734,90.5,90.80000305175781,0.0,10469600,XOM,Exxon Mobil
2013-05-17,54.18363571166992,91.76000213623047,0.0,91.87999725341797,90.52999877929688,91.06999969482422,0.0,12721300,XOM,Exxon Mobil
2013-05-20,54.63240432739258,92.5199966430664,0.0,92.69000244140625,91.45999908447266,91.61000061035156,0.0,12417700,XOM,Exxon Mobil
2013-05-21,54.79776382446289,92.80000305175781,0.0,93.43000030517578,92.37999725341797,92.66999816894531,0.0,12519900,XOM,Exxon Mobil
2013-05-22,54.43757247924805,92.19000244140625,0.0,93.5,91.80999755859375,92.83000183105469,0.0,19253300,XOM,Exxon Mobil
2013-05-23,54.20137023925781,91.79000091552734,0.0,92.36000061035156,91.36000061035156,91.55999755859375,0.0,15357300,XOM,Exxon Mobil
2013-05-24,54.047821044921875,91.52999877929688,0.0,91.7699966430664,91.0,91.37999725341797,0.0,12771900,XOM,Exxon Mobil
2013-05-28,54.549747467041016,92.37999725341797,0.0,93.18000030517578,91.76000213623047,92.94000244140625,0.0,15197800,XOM,Exxon Mobil
2013-05-29,54.37261199951172,92.08000183105469,0.0,92.41999816894531,91.58999633789062,91.76000213623047,0.0,11563200,XOM,Exxon Mobil
2013-05-30,54.37850570678711,92.08999633789062,0.0,92.68000030517578,91.5999984741211,91.97000122070312,0.0,9734700,XOM,Exxon Mobil
2013-05-31,53.4218864440918,90.47000122070312,0.0,92.37000274658203,90.45999908447266,91.94999694824219,0.0,17917400,XOM,Exxon Mobil
2013-06-03,54.006492614746094,91.45999908447266,0.0,91.51000213623047,90.4800033569336,90.52999877929688,0.0,14177500,XOM,Exxon Mobil
2013-06-04,53.610877990722656,90.79000091552734,0.0,91.48999786376953,90.22000122070312,91.18000030517578,0.0,12481300,XOM,Exxon Mobil
2013-06-05,52.93769836425781,89.6500015258789,0.0,91.12000274658203,89.61000061035156,90.68000030517578,0.0,12888000,XOM,Exxon Mobil
2013-06-06,53.28019332885742,90.2300033569336,0.0,90.2300033569336,89.0,89.44999694824219,0.0,15393300,XOM,Exxon Mobil
2013-06-07,54.000579833984375,91.44999694824219,0.0,91.5,90.48999786376953,90.88999938964844,0.0,12504700,XOM,Exxon Mobil
2013-06-10,53.80571746826172,91.12000274658203,0.0,91.94000244140625,90.87000274658203,91.93000030517578,0.0,10372300,XOM,Exxon Mobil
2013-06-11,53.41596603393555,90.45999908447266,0.0,91.04000091552734,90.2300033569336,90.37999725341797,0.0,10739400,XOM,Exxon Mobil
2013-06-12,52.990840911865234,89.73999786376953,0.0,91.31999969482422,89.58999633789062,91.12999725341797,0.0,10864500,XOM,Exxon Mobil
2013-06-13,53.929725646972656,91.33000183105469,0.0,91.70999908447266,89.61000061035156,89.62999725341797,0.0,13501300,XOM,Exxon Mobil
2013-06-14,53.48686218261719,90.58000183105469,0.0,91.30000305175781,90.29000091552734,91.16000366210938,0.0,12158400,XOM,Exxon Mobil
2013-06-17,54.036041259765625,91.51000213623047,0.0,91.7699966430664,90.7699966430664,90.97000122070312,0.0,12026400,XOM,Exxon Mobil
2013-06-18,54.284019470214844,91.93000030517578,0.0,92.05999755859375,91.26000213623047,91.36000061035156,0.0,10678200,XOM,Exxon Mobil
2013-06-19,53.73487091064453,91.0,0.0,92.2699966430664,91.0,91.79000091552734,0.0,14189500,XOM,Exxon Mobil
2013-06-20,52.58342742919922,89.05000305175781,0.0,90.5199966430664,88.79000091552734,90.23999786376953,0.0,21077700,XOM,Exxon Mobil
2013-06-21,52.83732604980469,89.4800033569336,0.0,90.13999938964844,88.8499984741211,89.76000213623047,0.0,25493800,XOM,Exxon Mobil
2013-06-24,52.24684143066406,88.4800033569336,0.0,89.5,88.0199966430664,88.94999694824219,0.0,17653000,XOM,Exxon Mobil
2013-06-25,52.618839263916016,89.11000061035156,0.0,89.62000274658203,88.4800033569336,89.58000183105469,0.0,15790100,XOM,Exxon Mobil
2013-06-26,53.02627182006836,89.80000305175781,0.0,89.97000122070312,88.7300033569336,89.41999816894531,0.0,14446000,XOM,Exxon Mobil
2013-06-27,53.16798782348633,90.04000091552734,0.0,90.66999816894531,90.02999877929688,90.23999786376953,0.0,12348000,XOM,Exxon Mobil
2013-06-28,53.35105514526367,90.3499984741211,0.0,90.75,89.55999755859375,89.8499984741211,0.0,22984200,XOM,Exxon Mobil
2013-07-01,53.321537017822266,90.30000305175781,0.0,91.12999725341797,89.95999908447266,90.38999938964844,0.0,13182200,XOM,Exxon Mobil
2013-07-02,53.522308349609375,90.63999938964844,0.0,91.0999984741211,90.12000274658203,90.37000274658203,0.0,12320700,XOM,Exxon Mobil
2013-07-03,53.55180740356445,90.69000244140625,0.0,90.87000274658203,90.13999938964844,90.62999725341797,0.0,5674000,XOM,Exxon Mobil
2013-07-05,54.07143020629883,91.56999969482422,0.0,91.61000061035156,90.56999969482422,91.0999984741211,0.0,8917900,XOM,Exxon Mobil
2013-07-08,54.47297286987305,92.25,0.0,92.52999877929688,91.9000015258789,91.95999908447266,0.0,12086700,XOM,Exxon Mobil
2013-07-09,55.11660385131836,93.33999633789062,0.0,93.44000244140625,92.25,92.63999938964844,0.0,12940000,XOM,Exxon Mobil
2013-07-10,54.80955505371094,92.81999969482422,0.0,93.38999938964844,92.37999725341797,93.27999877929688,0.0,12430000,XOM,Exxon Mobil
2013-07-11,55.07528305053711,93.2699966430664,0.0,93.80999755859375,93.04000091552734,93.80000305175781,0.0,16184700,XOM,Exxon Mobil
2013-07-12,55.15203094482422,93.4000015258789,0.0,93.44999694824219,92.72000122070312,93.25,0.0,11370300,XOM,Exxon Mobil
2013-07-15,55.06348419189453,93.25,0.0,93.5,93.08999633789062,93.19000244140625,0.0,8256200,XOM,Exxon Mobil
2013-07-16,55.093017578125,93.30000305175781,0.0,93.47000122070312,92.7699966430664,93.19000244140625,0.0,11413500,XOM,Exxon Mobil
2013-07-17,55.1875,93.45999908447266,0.0,93.73999786376953,93.13999938964844,93.55999755859375,0.0,9393300,XOM,Exxon Mobil
2013-07-18,55.730709075927734,94.37999725341797,0.0,94.83999633789062,93.70999908447266,93.80000305175781,0.0,10555400,XOM,Exxon Mobil
2013-07-19,56.197242736816406,95.16999816894531,0.0,95.25,94.41000366210938,94.69000244140625,0.0,14431700,XOM,Exxon Mobil
2013-07-22,55.996456146240234,94.83000183105469,0.0,95.19999694824219,94.77999877929688,94.87000274658203,0.0,9530400,XOM,Exxon Mobil
2013-07-23,56.21492004394531,95.19999694824219,0.0,95.48999786376953,94.83999633789062,94.86000061035156,0.0,7377400,XOM,Exxon Mobil
2013-07-24,56.09092330932617,94.98999786376953,0.0,95.30999755859375,94.41999816894531,95.30999755859375,0.0,8222800,XOM,Exxon Mobil
2013-07-25,56.07913589477539,94.97000122070312,0.0,95.30999755859375,94.41999816894531,94.69000244140625,0.0,10059800,XOM,Exxon Mobil
2013-07-26,55.972843170166016,94.79000091552734,0.0,94.86000061035156,93.83999633789062,94.7699966430664,0.0,9721000,XOM,Exxon Mobil
2013-07-29,55.5240592956543,94.02999877929688,0.0,94.5199966430664,93.61000061035156,94.51000213623047,0.0,8844700,XOM,Exxon Mobil
2013-07-30,55.39415740966797,93.80999755859375,0.0,94.33000183105469,93.45999908447266,94.22000122070312,0.0,10470700,XOM,Exxon Mobil
2013-07-31,55.358734130859375,93.75,0.0,94.5999984741211,93.37999725341797,93.93000030517578,0.0,14400800,XOM,Exxon Mobil
2013-08-01,54.75642395019531,92.7300033569336,0.0,93.0999984741211,91.25,92.69000244140625,0.0,23117700,XOM,Exxon Mobil
2013-08-02,54.295833587646484,91.94999694824219,0.0,92.52999877929688,91.33999633789062,92.45999908447266,0.0,14408600,XOM,Exxon Mobil
2013-08-05,54.083255767822266,91.58999633789062,0.0,91.76000213623047,91.01000213623047,91.41999816894531,0.0,12625900,XOM,Exxon Mobil
2013-08-06,54.01240158081055,91.47000122070312,0.0,91.91000366210938,91.27999877929688,91.33000183105469,0.0,11689200,XOM,Exxon Mobil
2013-08-07,53.935630798339844,91.33999633789062,0.0,91.55000305175781,91.12999725341797,91.18000030517578,0.0,8163800,XOM,Exxon Mobil
2013-08-08,54.19544219970703,91.77999877929688,0.0,91.97000122070312,91.27999877929688,91.93000030517578,0.0,11529500,XOM,Exxon Mobil
2013-08-09,53.93978500366211,90.72000122070312,0.63,91.36000061035156,90.43000030517578,91.19999694824219,0.0,9467800,XOM,Exxon Mobil
2013-08-12,53.44626998901367,89.88999938964844,0.0,90.43000030517578,89.69000244140625,90.43000030517578,0.0,10133700,XOM,Exxon Mobil
2013-08-13,53.15495300292969,89.4000015258789,0.0,89.91999816894531,89.13999938964844,89.8499984741211,0.0,10892700,XOM,Exxon Mobil
2013-08-14,52.88739013671875,88.94999694824219,0.0,89.4800033569336,88.9000015258789,89.33999633789062,0.0,9797300,XOM,Exxon Mobil
2013-08-15,52.417659759521484,88.16000366210938,0.0,88.87000274658203,88.05999755859375,88.66000366210938,0.0,11273400,XOM,Exxon Mobil
2013-08-16,52.269039154052734,87.91000366210938,0.0,88.48999786376953,87.6500015258789,88.01000213623047,0.0,11872500,XOM,Exxon Mobil
2013-08-19,51.680381774902344,86.91999816894531,0.0,87.87000274658203,86.77999877929688,87.81999969482422,0.0,11745600,XOM,Exxon Mobil
2013-08-20,51.62689971923828,86.83000183105469,0.0,87.87000274658203,86.83000183105469,87.12999725341797,0.0,16498800,XOM,Exxon Mobil
2013-08-21,51.38310623168945,86.41999816894531,0.0,87.3499984741211,86.38999938964844,86.94999694824219,0.0,12766900,XOM,Exxon Mobil
2013-08-22,51.716068267822266,86.9800033569336,0.0,87.41999816894531,86.44999694824219,86.58000183105469,0.0,10199900,XOM,Exxon Mobil
2013-08-23,52.037147521972656,87.5199966430664,0.0,87.69000244140625,86.76000213623047,87.1500015258789,0.0,9206400,XOM,Exxon Mobil
2013-08-26,51.78147506713867,87.08999633789062,0.0,87.69999694824219,86.81999969482422,87.5,0.0,10654700,XOM,Exxon Mobil
2013-08-27,51.620933532714844,86.81999969482422,0.0,87.48999786376953,86.58000183105469,86.62000274658203,0.0,13960200,XOM,Exxon Mobil
2013-08-28,52.82197952270508,88.83999633789062,0.0,88.98999786376953,87.27999877929688,87.27999877929688,0.0,17738800,XOM,Exxon Mobil
2013-08-29,51.88850784301758,87.2699966430664,0.0,88.62999725341797,87.2300033569336,88.62999725341797,0.0,11407800,XOM,Exxon Mobil
2013-08-30,51.82310104370117,87.16000366210938,0.0,87.55000305175781,86.79000091552734,87.38999938964844,0.0,12480400,XOM,Exxon Mobil
2013-09-03,51.81716537475586,87.1500015258789,0.0,88.0,86.83000183105469,87.69999694824219,0.0,10546700,XOM,Exxon Mobil
2013-09-04,52.17986297607422,87.76000213623047,0.0,87.9800033569336,86.9000015258789,87.01000213623047,0.0,9822300,XOM,Exxon Mobil
2013-09-05,51.936073303222656,87.3499984741211,0.0,88.30000305175781,87.33000183105469,88.05999755859375,0.0,11740100,XOM,Exxon Mobil
2013-09-06,51.87661361694336,87.25,0.0,87.7300033569336,86.80000305175781,87.48999786376953,0.0,12950600,XOM,Exxon Mobil
2013-09-09,52.34632873535156,88.04000091552734,0.0,88.19000244140625,87.30999755859375,87.33999633789062,0.0,9297000,XOM,Exxon Mobil
2013-09-10,52.21551513671875,87.81999969482422,0.0,88.4000015258789,87.27999877929688,88.4000015258789,0.0,11823100,XOM,Exxon Mobil
2013-09-11,52.82197952270508,88.83999633789062,0.0,88.8499984741211,87.87999725341797,87.87999725341797,0.0,11201200,XOM,Exxon Mobil
2013-09-12,52.31065368652344,87.9800033569336,0.0,88.80000305175781,87.86000061035156,88.58999633789062,0.0,10917200,XOM,Exxon Mobil
2013-09-13,52.56037139892578,88.4000015258789,0.0,88.87999725341797,88.1500015258789,88.1500015258789,0.0,8254200,XOM,Exxon Mobil
2013-09-16,52.72092056274414,88.66999816894531,0.0,89.18000030517578,88.48999786376953,88.87999725341797,0.0,9421300,XOM,Exxon Mobil
2013-09-17,52.881439208984375,88.94000244140625,0.0,89.3499984741211,88.6500015258789,88.70999908447266,0.0,8941200,XOM,Exxon Mobil
2013-09-18,53.26197814941406,89.58000183105469,0.0,89.87000274658203,88.37000274658203,88.91000366210938,0.0,15134700,XOM,Exxon Mobil
2013-09-19,53.08359909057617,89.27999877929688,0.0,89.73999786376953,88.9800033569336,89.63999938964844,0.0,11757500,XOM,Exxon Mobil
2013-09-20,52.7149658203125,88.66000366210938,0.0,89.75,88.58999633789062,89.52999877929688,0.0,20651100,XOM,Exxon Mobil
2013-09-23,52.173892974853516,87.75,0.0,88.91000366210938,87.63999938964844,88.29000091552734,0.0,12227700,XOM,Exxon Mobil
2013-09-24,51.942012786865234,87.36000061035156,0.0,88.06999969482422,87.27999877929688,87.58999633789062,0.0,12129200,XOM,Exxon Mobil
2013-09-25,51.81120681762695,87.13999938964844,0.0,87.5999984741211,86.93000030517578,87.58999633789062,0.0,13577400,XOM,Exxon Mobil
2013-09-26,51.76957702636719,87.06999969482422,0.0,87.44999694824219,86.80999755859375,87.4000015258789,0.0,9787100,XOM,Exxon Mobil
2013-09-27,51.668514251708984,86.9000015258789,0.0,87.01000213623047,86.61000061035156,86.8499984741211,0.0,10867100,XOM,Exxon Mobil
2013-09-30,51.15718460083008,86.04000091552734,0.0,86.69999694824219,85.61000061035156,86.05999755859375,0.0,17486100,XOM,Exxon Mobil
2013-10-01,51.13338851928711,86.0,0.0,86.33999633789062,85.77999877929688,85.98999786376953,0.0,11885100,XOM,Exxon Mobil
2013-10-02,51.18096160888672,86.08000183105469,0.0,86.11000061035156,85.27999877929688,85.75,0.0,11841400,XOM,Exxon Mobil
2013-10-03,50.83610153198242,85.5,0.0,86.05000305175781,85.33999633789062,86.04000091552734,0.0,13923400,XOM,Exxon Mobil
2013-10-04,51.32365036010742,86.31999969482422,0.0,86.41999816894531,85.68000030517578,86.30999755859375,0.0,11325500,XOM,Exxon Mobil
2013-10-07,51.07393264770508,85.9000015258789,0.0,86.29000091552734,85.2699966430664,85.56999969482422,0.0,10985800,XOM,Exxon Mobil
2013-10-08,50.8420524597168,85.51000213623047,0.0,85.94999694824219,85.47000122070312,85.86000061035156,0.0,15335700,XOM,Exxon Mobil
2013-10-09,50.63396453857422,85.16000366210938,0.0,85.58999633789062,84.83000183105469,85.3499984741211,0.0,13575100,XOM,Exxon Mobil
2013-10-10,51.15718460083008,86.04000091552734,0.0,86.04000091552734,84.79000091552734,85.5199966430664,0.0,17532400,XOM,Exxon Mobil
2013-10-11,51.69826126098633,86.94999694824219,0.0,86.94999694824219,85.5,85.9000015258789,0.0,12661800,XOM,Exxon Mobil
2013-10-14,52.08469772338867,87.5999984741211,0.0,87.73999786376953,86.51000213623047,86.51000213623047,0.0,9742100,XOM,Exxon Mobil
2013-10-15,51.60310745239258,86.79000091552734,0.0,87.58000183105469,86.63999938964844,87.47000122070312,0.0,12018000,XOM,Exxon Mobil
2013-10-16,51.91229248046875,87.30999755859375,0.0,87.86000061035156,86.72000122070312,87.4800033569336,0.0,11668100,XOM,Exxon Mobil
2013-10-17,52.01337432861328,87.4800033569336,0.0,87.5,87.01000213623047,87.12999725341797,0.0,10438200,XOM,Exxon Mobil
2013-10-18,52.05500030517578,87.55000305175781,0.0,87.73999786376953,87.30000305175781,87.69000244140625,0.0,12425100,XOM,Exxon Mobil
2013-10-21,51.86474609375,87.2300033569336,0.0,87.6500015258789,86.83999633789062,87.5,0.0,10730900,XOM,Exxon Mobil
2013-10-22,52.31065368652344,87.9800033569336,0.0,88.1500015258789,87.12999725341797,87.29000091552734,0.0,12710600,XOM,Exxon Mobil
2013-10-23,52.09065628051758,87.61000061035156,0.0,87.6500015258789,86.94999694824219,87.5199966430664,0.0,11449100,XOM,Exxon Mobil
2013-10-24,52.57225036621094,88.41999816894531,0.0,88.7300033569336,87.97000122070312,87.9800033569336,0.0,12288900,XOM,Exxon Mobil
2013-10-25,52.30470657348633,87.97000122070312,0.0,88.6500015258789,87.81999969482422,88.2300033569336,0.0,11382000,XOM,Exxon Mobil
2013-10-28,52.459293365478516,88.2300033569336,0.0,88.45999908447266,87.61000061035156,87.83000183105469,0.0,9921900,XOM,Exxon Mobil
2013-10-29,52.87549591064453,88.93000030517578,0.0,89.02999877929688,88.44000244140625,88.44999694824219,0.0,10340000,XOM,Exxon Mobil
2013-10-30,52.80414581298828,88.80999755859375,0.0,89.4800033569336,88.69000244140625,88.97000122070312,0.0,14305900,XOM,Exxon Mobil
2013-10-31,53.285743713378906,89.62000274658203,0.0,90.95999908447266,89.19999694824219,89.44999694824219,0.0,19185200,XOM,Exxon Mobil
2013-11-01,53.404666900634766,89.81999969482422,0.0,90.04000091552734,88.2699966430664,89.73999786376953,0.0,19023500,XOM,Exxon Mobil
2013-11-04,54.760284423828125,92.0999984741211,0.0,92.2699966430664,90.0,90.0,0.0,20591600,XOM,Exxon Mobil
2013-11-05,54.69488525390625,91.98999786376953,0.0,93.25,91.23999786376953,91.33999633789062,0.0,21122500,XOM,Exxon Mobil
2013-11-06,55.42622756958008,93.22000122070312,0.0,93.27999877929688,92.12000274658203,92.41999816894531,0.0,13464600,XOM,Exxon Mobil
2013-11-07,55.04907989501953,91.95999908447266,0.63,92.9800033569336,91.76000213623047,92.63999938964844,0.0,16572100,XOM,Exxon Mobil
2013-11-08,55.51003646850586,92.7300033569336,0.0,92.81999969482422,91.4800033569336,91.80000305175781,0.0,12330100,XOM,Exxon Mobil
2013-11-11,55.647705078125,92.95999908447266,0.0,93.2300033569336,92.5,92.8499984741211,0.0,7924700,XOM,Exxon Mobil
2013-11-12,55.47409439086914,92.66999816894531,0.0,93.31999969482422,92.5,92.66999816894531,0.0,10727300,XOM,Exxon Mobil
2013-11-13,55.42621994018555,92.58999633789062,0.0,92.73999786376953,92.06999969482422,92.22000122070312,0.0,9280000,XOM,Exxon Mobil
2013-11-14,55.80335235595703,93.22000122070312,0.0,93.41999816894531,92.68000030517578,92.68000030517578,0.0,7909200,XOM,Exxon Mobil
2013-11-15,57.03052520751953,95.2699966430664,0.0,95.29000091552734,94.02999877929688,94.1500015258789,0.0,18374500,XOM,Exxon Mobil
2013-11-18,57.13827133178711,95.44999694824219,0.0,96.0,95.05999755859375,95.9800033569336,0.0,14243700,XOM,Exxon Mobil
2013-11-19,57.12030029296875,95.41999816894531,0.0,95.79000091552734,95.16000366210938,95.4000015258789,0.0,12697300,XOM,Exxon Mobil
2013-11-20,56.677337646484375,94.68000030517578,0.0,95.94999694824219,94.37000274658203,95.75,0.0,10455400,XOM,Exxon Mobil
2013-11-21,56.68334197998047,94.69000244140625,0.0,95.38999938964844,94.62999725341797,94.8499984741211,0.0,9128400,XOM,Exxon Mobil
2013-11-22,56.874881744384766,95.01000213623047,0.0,95.06999969482422,94.29000091552734,94.95999908447266,0.0,8534700,XOM,Exxon Mobil
2013-11-25,56.922767639160156,95.08999633789062,0.0,95.75,94.83000183105469,95.20999908447266,0.0,10515100,XOM,Exxon Mobil
2013-11-26,56.431915283203125,94.2699966430664,0.0,94.80999755859375,94.1500015258789,94.75,0.0,11857900,XOM,Exxon Mobil
2013-11-27,56.15056610107422,93.80000305175781,0.0,94.41999816894531,93.4800033569336,94.36000061035156,0.0,8828100,XOM,Exxon Mobil
2013-11-29,55.95900344848633,93.4800033569336,0.0,94.22000122070312,93.30000305175781,93.6500015258789,0.0,6770500,XOM,Exxon Mobil
2013-12-02,55.982933044433594,93.5199966430664,0.0,94.04000091552734,92.91999816894531,93.2699966430664,0.0,9310500,XOM,Exxon Mobil
2013-12-03,56.50372314453125,94.38999938964844,0.0,94.4800033569336,93.2300033569336,93.5999984741211,0.0,12599500,XOM,Exxon Mobil
2013-12-04,56.67133331298828,94.66999816894531,0.0,94.9000015258789,93.91999816894531,94.19000244140625,0.0,13074000,XOM,Exxon Mobil
2013-12-05,56.348079681396484,94.12999725341797,0.0,94.6500015258789,93.91999816894531,94.06999969482422,0.0,10586000,XOM,Exxon Mobil
2013-12-06,57.25801086425781,95.6500015258789,0.0,95.70999908447266,94.58999633789062,94.97000122070312,0.0,12063400,XOM,Exxon Mobil
2013-12-09,57.371726989746094,95.83999633789062,0.0,96.25,95.5999984741211,95.94999694824219,0.0,15516700,XOM,Exxon Mobil
2013-12-10,57.293907165527344,95.70999908447266,0.0,95.9800033569336,95.38999938964844,95.9000015258789,0.0,9868100,XOM,Exxon Mobil
2013-12-11,56.4259147644043,94.26000213623047,0.0,95.54000091552734,94.16000366210938,95.37999725341797,0.0,12811800,XOM,Exxon Mobil
2013-12-12,57.084407806396484,95.36000061035156,0.0,95.87999725341797,94.27999877929688,94.5,0.0,15562600,XOM,Exxon Mobil
2013-12-13,57.05446243286133,95.30999755859375,0.0,95.91999816894531,94.66000366210938,95.12999725341797,0.0,10629500,XOM,Exxon Mobil
2013-12-16,58.19783020019531,97.22000122070312,0.0,98.87999725341797,96.12999725341797,96.27999877929688,0.0,23226000,XOM,Exxon Mobil
2013-12-17,57.91648483276367,96.75,0.0,97.12999725341797,96.02999877929688,97.0199966430664,0.0,14920900,XOM,Exxon Mobil
2013-12-18,59.58665466308594,99.54000091552734,0.0,99.94999694824219,97.01000213623047,97.43000030517578,0.0,21331300,XOM,Exxon Mobil
2013-12-19,59.520782470703125,99.43000030517578,0.0,99.5999984741211,99.0,99.5,0.0,12905900,XOM,Exxon Mobil
2013-12-20,59.071815490722656,98.68000030517578,0.0,99.5999984741211,98.5999984741211,99.38999938964844,0.0,23331000,XOM,Exxon Mobil
2013-12-23,58.97006607055664,98.51000213623047,0.0,99.29000091552734,98.38999938964844,99.0,0.0,10127600,XOM,Exxon Mobil
2013-12-24,59.39506530761719,99.22000122070312,0.0,99.44000244140625,98.33000183105469,98.33000183105469,0.0,4168300,XOM,Exxon Mobil
2013-12-26,60.40074157714844,100.9000015258789,0.0,101.02999877929688,99.37999725341797,99.41999816894531,0.0,9531200,XOM,Exxon Mobil
2013-12-27,60.765933990478516,101.51000213623047,0.0,101.73999786376953,100.98999786376953,101.23999786376953,0.0,10209000,XOM,Exxon Mobil
2013-12-30,60.04755783081055,100.30999755859375,0.0,101.55000305175781,100.30999755859375,101.52999877929688,0.0,9007900,XOM,Exxon Mobil
2013-12-31,60.580322265625,101.19999694824219,0.0,101.38999938964844,100.43000030517578,100.48999786376953,0.0,8509600,XOM,Exxon Mobil
2014-01-02,59.71234893798828,99.75,0.0,100.76000213623047,99.38999938964844,100.5999984741211,0.0,11028100,XOM,Exxon Mobil
2014-01-03,59.56867980957031,99.51000213623047,0.0,100.16999816894531,99.13999938964844,99.7699966430664,0.0,9295600,XOM,Exxon Mobil
2014-01-06,59.658470153808594,99.66000366210938,0.0,100.13999938964844,98.88999938964844,99.94000244140625,0.0,11848500,XOM,Exxon Mobil
2014-01-07,60.50252151489258,101.06999969482422,0.0,101.22000122070312,99.41999816894531,99.61000061035156,0.0,11187000,XOM,Exxon Mobil
2014-01-08,60.304996490478516,100.73999786376953,0.0,101.19000244140625,100.1500015258789,101.19000244140625,0.0,11180400,XOM,Exxon Mobil
2014-01-09,59.71831130981445,99.76000213623047,0.0,100.38999938964844,99.02999877929688,100.19999694824219,0.0,11674300,XOM,Exxon Mobil
2014-01-10,60.17329406738281,100.5199966430664,0.0,100.62999725341797,99.12000274658203,99.98999786376953,0.0,10535400,XOM,Exxon Mobil
2014-01-13,58.99399948120117,98.55000305175781,0.0,100.0999984741211,98.2699966430664,99.91000366210938,0.0,12110900,XOM,Exxon Mobil
2014-01-14,59.335201263427734,99.12000274658203,0.0,99.2699966430664,98.6500015258789,98.80000305175781,0.0,9265000,XOM,Exxon Mobil
2014-01-15,59.131683349609375,98.77999877929688,0.0,99.3499984741211,98.62999725341797,99.16000366210938,0.0,9425500,XOM,Exxon Mobil
2014-01-16,59.227455139160156,98.94000244140625,0.0,99.04000091552734,98.25,98.79000091552734,0.0,9421700,XOM,Exxon Mobil
2014-01-17,59.35916519165039,99.16000366210938,0.0,100.33999633789062,98.66999816894531,99.18000030517578,0.0,15998000,XOM,Exxon Mobil
2014-01-21,58.96405029296875,98.5,0.0,98.88999938964844,98.04000091552734,98.56999969482422,0.0,13847300,XOM,Exxon Mobil
2014-01-22,58.59290313720703,97.87999725341797,0.0,98.94999694824219,97.83999633789062,98.87999725341797,0.0,11642800,XOM,Exxon Mobil
2014-01-23,58.04816818237305,96.97000122070312,0.0,97.38999938964844,96.01000213623047,97.25,0.0,15393200,XOM,Exxon Mobil
2014-01-24,56.77910232543945,94.8499984741211,0.0,96.25,94.81999969482422,96.18000030517578,0.0,14584300,XOM,Exxon Mobil
2014-01-27,56.82098388671875,94.91999816894531,0.0,95.58000183105469,94.75,95.08000183105469,0.0,12474600,XOM,Exxon Mobil
2014-01-28,57.25801086425781,95.6500015258789,0.0,95.91999816894531,94.7699966430664,95.3499984741211,0.0,10773600,XOM,Exxon Mobil
2014-01-29,56.93473434448242,95.11000061035156,0.0,96.19999694824219,94.6500015258789,94.93000030517578,0.0,13191500,XOM,Exxon Mobil
2014-01-30,56.26429748535156,93.98999786376953,0.0,94.94999694824219,93.05999755859375,94.0,0.0,14628400,XOM,Exxon Mobil
2014-01-31,55.16880416870117,92.16000366210938,0.0,93.27999877929688,91.69999694824219,92.8499984741211,0.0,17361400,XOM,Exxon Mobil
2014-02-03,53.905731201171875,90.05000305175781,0.0,92.30999755859375,89.63999938964844,91.91999816894531,0.0,20377900,XOM,Exxon Mobil
2014-02-04,53.887779235839844,90.0199966430664,0.0,90.63999938964844,89.38999938964844,90.37000274658203,0.0,17414400,XOM,Exxon Mobil
2014-02-05,53.6243782043457,89.58000183105469,0.0,90.61000061035156,89.37999725341797,90.30999755859375,0.0,16393600,XOM,Exxon Mobil
2014-02-06,54.136817932128906,89.80000305175781,0.63,90.18000030517578,89.25,89.51000213623047,0.0,13646100,XOM,Exxon Mobil
2014-02-07,54.60704040527344,90.58000183105469,0.0,90.62999725341797,89.75,90.12000274658203,0.0,12573800,XOM,Exxon Mobil
2014-02-10,53.9680061340332,89.5199966430664,0.0,90.52999877929688,89.36000061035156,90.44999694824219,0.0,12237700,XOM,Exxon Mobil
2014-02-11,54.76377487182617,90.83999633789062,0.0,91.0,89.4000015258789,89.55999755859375,0.0,13422800,XOM,Exxon Mobil
2014-02-12,54.908470153808594,91.08000183105469,0.0,91.86000061035156,90.63999938964844,91.01000213623047,0.0,10752400,XOM,Exxon Mobil
2014-02-13,55.11946487426758,91.43000030517578,0.0,91.6500015258789,90.4000015258789,90.58999633789062,0.0,9775300,XOM,Exxon Mobil
2014-02-14,56.735130310058594,94.11000061035156,0.0,94.43000030517578,91.5999984741211,91.80999755859375,0.0,18260400,XOM,Exxon Mobil
2014-02-18,56.71100997924805,94.06999969482422,0.0,94.72000122070312,93.36000061035156,94.06999969482422,0.0,12979300,XOM,Exxon Mobil
2014-02-19,56.63867950439453,93.94999694824219,0.0,95.29000091552734,93.80000305175781,93.80000305175781,0.0,12227800,XOM,Exxon Mobil
2014-02-20,57.49473190307617,95.37000274658203,0.0,95.7699966430664,93.75,93.8499984741211,0.0,14424300,XOM,Exxon Mobil
2014-02-21,57.28976058959961,95.02999877929688,0.0,95.58000183105469,94.94000244140625,95.4800033569336,0.0,11282200,XOM,Exxon Mobil
2014-02-24,58.13979721069336,96.44000244140625,0.0,97.25,95.41000366210938,95.61000061035156,0.0,16012500,XOM,Exxon Mobil
2014-02-25,58.06143569946289,96.30999755859375,0.0,96.97000122070312,95.95999908447266,96.54000091552734,0.0,10663000,XOM,Exxon Mobil
2014-02-26,57.74794006347656,95.79000091552734,0.0,96.86000061035156,95.52999877929688,96.55999755859375,0.0,9087600,XOM,Exxon Mobil
2014-02-27,57.77805709838867,95.83999633789062,0.0,96.05000305175781,95.16000366210938,95.58000183105469,0.0,9101200,XOM,Exxon Mobil
2014-02-28,58.037315368652344,96.2699966430664,0.0,96.83000183105469,95.77999877929688,95.95999908447266,0.0,12651400,XOM,Exxon Mobil
2014-03-03,57.57310485839844,95.5,0.0,96.54000091552734,94.83000183105469,95.76000213623047,0.0,11896700,XOM,Exxon Mobil
2014-03-04,58.18802261352539,96.5199966430664,0.0,96.86000061035156,95.87000274658203,96.58999633789062,0.0,12566100,XOM,Exxon Mobil
2014-03-05,56.548255920410156,93.80000305175781,0.0,95.29000091552734,93.4000015258789,95.19999694824219,0.0,19829600,XOM,Exxon Mobil
2014-03-06,56.52412414550781,93.76000213623047,0.0,93.94000244140625,93.2699966430664,93.66999816894531,0.0,12610400,XOM,Exxon Mobil
2014-03-07,57.26564407348633,94.98999786376953,0.0,95.05999755859375,93.98999786376953,94.37000274658203,0.0,12659100,XOM,Exxon Mobil
2014-03-10,57.57310485839844,95.5,0.0,95.55000305175781,94.66000366210938,95.1500015258789,0.0,9964500,XOM,Exxon Mobil
2014-03-11,56.67485046386719,94.01000213623047,0.0,95.58999633789062,93.5199966430664,95.36000061035156,0.0,12143600,XOM,Exxon Mobil
2014-03-12,56.79540252685547,94.20999908447266,0.0,94.47000122070312,93.55000305175781,93.63999938964844,0.0,9705400,XOM,Exxon Mobil
2014-03-13,56.451786041259766,93.63999938964844,0.0,94.56999969482422,93.33000183105469,94.44000244140625,0.0,9872500,XOM,Exxon Mobil
2014-03-14,56.34931945800781,93.47000122070312,0.0,94.22000122070312,93.29000091552734,93.58000183105469,0.0,11723300,XOM,Exxon Mobil
2014-03-17,56.86173629760742,94.31999969482422,0.0,94.52999877929688,93.75,93.94999694824219,0.0,8676100,XOM,Exxon Mobil
2014-03-18,57.09684753417969,94.70999908447266,0.0,95.25,94.06999969482422,94.41000366210938,0.0,8757300,XOM,Exxon Mobil
2014-03-19,56.506046295166016,93.7300033569336,0.0,95.30000305175781,93.12999725341797,94.6500015258789,0.0,9914700,XOM,Exxon Mobil
2014-03-20,57.01847839355469,94.58000183105469,0.0,94.73999786376953,93.01000213623047,93.44000244140625,0.0,10405000,XOM,Exxon Mobil
2014-03-21,56.855682373046875,94.30999755859375,0.0,95.98999786376953,94.30999755859375,95.0999984741211,0.0,24479800,XOM,Exxon Mobil
2014-03-24,57.05463790893555,94.63999938964844,0.0,95.0999984741211,94.4800033569336,94.76000213623047,0.0,9539800,XOM,Exxon Mobil
2014-03-25,57.21743392944336,94.91000366210938,0.0,95.81999969482422,94.80000305175781,95.0999984741211,0.0,9796600,XOM,Exxon Mobil
2014-03-26,57.0908203125,94.69999694824219,0.0,95.58000183105469,94.41000366210938,95.55999755859375,0.0,11033300,XOM,Exxon Mobil
2014-03-27,58.019229888916016,96.23999786376953,0.0,96.5,94.05999755859375,94.61000061035156,0.0,15427500,XOM,Exxon Mobil
2014-03-28,58.89942169189453,97.69999694824219,0.0,97.97000122070312,96.47000122070312,96.47000122070312,0.0,12321800,XOM,Exxon Mobil
2014-03-31,58.887332916259766,97.68000030517578,0.0,98.8499984741211,97.31999969482422,98.48999786376953,0.0,12375200,XOM,Exxon Mobil
2014-04-01,58.917484283447266,97.7300033569336,0.0,97.93000030517578,97.27999877929688,97.6500015258789,0.0,9475300,XOM,Exxon Mobil
2014-04-02,59.050106048583984,97.94999694824219,0.0,98.05999755859375,97.18000030517578,97.52999877929688,0.0,9551000,XOM,Exxon Mobil
2014-04-03,59.03805923461914,97.93000030517578,0.0,98.54000091552734,97.55999755859375,97.83000183105469,0.0,10113000,XOM,Exxon Mobil
2014-04-04,58.694435119628906,97.36000061035156,0.0,98.70999908447266,97.27999877929688,98.30000305175781,0.0,12496100,XOM,Exxon Mobil
2014-04-07,58.344764709472656,96.77999877929688,0.0,97.52999877929688,96.75,97.25,0.0,10120700,XOM,Exxon Mobil
2014-04-08,58.748661041259766,97.44999694824219,0.0,97.87999725341797,96.75,97.01000213623047,0.0,10243000,XOM,Exxon Mobil
2014-04-09,58.67634582519531,97.33000183105469,0.0,97.79000091552734,96.62999725341797,97.75,0.0,10463900,XOM,Exxon Mobil
2014-04-10,58.344764709472656,96.77999877929688,0.0,97.77999877929688,96.23999786376953,96.9800033569336,0.0,13443400,XOM,Exxon Mobil
2014-04-11,58.30861282348633,96.72000122070312,0.0,97.44000244140625,96.27999877929688,96.51000213623047,0.0,13352500,XOM,Exxon Mobil
2014-04-14,58.99585723876953,97.86000061035156,0.0,98.05999755859375,96.73999786376953,97.48999786376953,0.0,9610200,XOM,Exxon Mobil
2014-04-15,59.49020767211914,98.68000030517578,0.0,98.69999694824219,97.06999969482422,97.58000183105469,0.0,12961600,XOM,Exxon Mobil
2014-04-16,60.24980926513672,99.94000244140625,0.0,100.0999984741211,98.97000122070312,99.05000305175781,0.0,12508100,XOM,Exxon Mobil
2014-04-17,60.53916549682617,100.41999816894531,0.0,100.97000122070312,99.69000244140625,99.69000244140625,0.0,15435700,XOM,Exxon Mobil
2014-04-21,60.84661102294922,100.93000030517578,0.0,100.93000030517578,99.88999938964844,100.02999877929688,0.0,8002100,XOM,Exxon Mobil
2014-04-22,60.509033203125,100.37000274658203,0.0,100.86000061035156,100.22000122070312,100.52999877929688,0.0,8212100,XOM,Exxon Mobil
2014-04-23,60.58740997314453,100.5,0.0,100.94999694824219,100.33000183105469,100.58999633789062,0.0,8686000,XOM,Exxon Mobil
2014-04-24,60.2919921875,100.01000213623047,0.0,100.5999984741211,99.86000061035156,100.4800033569336,0.0,9057800,XOM,Exxon Mobil
2014-04-25,60.53315353393555,100.41000366210938,0.0,100.56999969482422,99.93000030517578,99.98999786376953,0.0,10391500,XOM,Exxon Mobil
2014-04-28,60.9913215637207,101.16999816894531,0.0,101.45999908447266,100.30999755859375,100.72000122070312,0.0,12710800,XOM,Exxon Mobil
2014-04-29,61.16011047363281,101.44999694824219,0.0,102.56999969482422,101.2300033569336,101.56999969482422,0.0,10094600,XOM,Exxon Mobil
2014-04-30,61.73887634277344,102.41000366210938,0.0,102.41000366210938,100.70999908447266,101.12999725341797,0.0,13966700,XOM,Exxon Mobil
2014-05-01,61.136016845703125,101.41000366210938,0.0,102.38999938964844,101.19999694824219,101.95999908447266,0.0,11161700,XOM,Exxon Mobil
2014-05-02,61.497737884521484,102.01000213623047,0.0,102.91000366210938,100.9800033569336,101.27999877929688,0.0,11168100,XOM,Exxon Mobil
2014-05-05,62.04029846191406,102.91000366210938,0.0,103.12999725341797,101.58000183105469,101.69000244140625,0.0,7614200,XOM,Exxon Mobil
2014-05-06,61.89560317993164,102.66999816894531,0.0,103.30000305175781,102.41000366210938,102.5999984741211,0.0,9669800,XOM,Exxon Mobil
2014-05-07,62.16086196899414,103.11000061035156,0.0,103.44999694824219,102.79000091552734,103.12000274658203,0.0,11007400,XOM,Exxon Mobil
2014-05-08,61.684600830078125,102.31999969482422,0.0,103.29000091552734,102.16999816894531,103.08999633789062,0.0,8922500,XOM,Exxon Mobil
2014-05-09,61.87882995605469,101.94999694824219,0.69,102.18000030517578,101.26000213623047,101.70999908447266,0.0,8948800,XOM,Exxon Mobil
2014-05-12,62.04878616333008,102.2300033569336,0.0,102.3499984741211,101.52999877929688,102.33000183105469,0.0,8830500,XOM,Exxon Mobil
2014-05-13,62.127685546875,102.36000061035156,0.0,102.70999908447266,101.94000244140625,102.18000030517578,0.0,7528800,XOM,Exxon Mobil
2014-05-14,62.08517837524414,102.29000091552734,0.0,102.68000030517578,102.11000061035156,102.36000061035156,0.0,6999200,XOM,Exxon Mobil
2014-05-15,61.1687126159668,100.77999877929688,0.0,102.41999816894531,100.33000183105469,102.0,0.0,13658700,XOM,Exxon Mobil
2014-05-16,61.1444206237793,100.73999786376953,0.0,101.0,100.31999969482422,100.58999633789062,0.0,10369200,XOM,Exxon Mobil
2014-05-19,61.22332763671875,100.87000274658203,0.0,101.11000061035156,100.41999816894531,100.41999816894531,0.0,5851400,XOM,Exxon Mobil
2014-05-20,61.101932525634766,100.66999816894531,0.0,101.08000183105469,100.44999694824219,100.69000244140625,0.0,6134100,XOM,Exxon Mobil
2014-05-21,61.927371978759766,102.02999877929688,0.0,102.22000122070312,100.72000122070312,100.8499984741211,0.0,7747900,XOM,Exxon Mobil
2014-05-22,61.605712890625,101.5,0.0,101.97000122070312,101.47000122070312,101.80999755859375,0.0,5304300,XOM,Exxon Mobil
2014-05-23,61.4964485168457,101.31999969482422,0.0,101.93000030517578,101.2699966430664,101.55000305175781,0.0,5410900,XOM,Exxon Mobil
2014-05-27,61.5207405090332,101.36000061035156,0.0,101.9000015258789,100.93000030517578,101.61000061035156,0.0,8359700,XOM,Exxon Mobil
2014-05-28,61.33863830566406,101.05999755859375,0.0,102.06999969482422,101.05000305175781,101.2300033569336,0.0,7586700,XOM,Exxon Mobil
2014-05-29,61.46611404418945,101.2699966430664,0.0,101.6500015258789,101.0199966430664,101.54000091552734,0.0,6113700,XOM,Exxon Mobil
2014-05-30,61.016963958740234,100.52999877929688,0.0,101.1500015258789,100.37000274658203,100.80000305175781,0.0,11499000,XOM,Exxon Mobil
2014-06-02,60.658870697021484,99.94000244140625,0.0,100.87999725341797,99.66999816894531,100.52999877929688,0.0,7761300,XOM,Exxon Mobil
2014-06-03,60.931976318359375,100.38999938964844,0.0,100.69000244140625,99.58999633789062,99.58999633789062,0.0,9384200,XOM,Exxon Mobil
2014-06-04,60.71955490112305,100.04000091552734,0.0,100.45999908447266,99.95999908447266,100.20999908447266,0.0,7148800,XOM,Exxon Mobil
2014-06-05,61.029090881347656,100.55000305175781,0.0,100.83000183105469,99.95999908447266,100.0999984741211,0.0,12296100,XOM,Exxon Mobil
2014-06-06,61.666378021240234,101.5999984741211,0.0,101.62999725341797,100.5999984741211,100.61000061035156,0.0,9340900,XOM,Exxon Mobil
2014-06-09,61.617828369140625,101.5199966430664,0.0,101.95999908447266,101.19000244140625,101.44999694824219,0.0,6404800,XOM,Exxon Mobil
2014-06-10,61.58141326904297,101.45999908447266,0.0,101.7300033569336,101.0,101.4800033569336,0.0,7917500,XOM,Exxon Mobil
2014-06-11,61.87882995605469,101.94999694824219,0.0,102.33000183105469,101.0,101.19000244140625,0.0,10270300,XOM,Exxon Mobil
2014-06-12,61.70281982421875,101.66000366210938,0.0,102.94999694824219,101.56999969482422,102.45999908447266,0.0,11421000,XOM,Exxon Mobil
2014-06-13,62.303714752197266,102.6500015258789,0.0,102.66000366210938,101.62999725341797,101.93000030517578,0.0,8240300,XOM,Exxon Mobil
2014-06-16,62.46759033203125,102.91999816894531,0.0,103.25,102.16999816894531,102.56999969482422,0.0,8977600,XOM,Exxon Mobil
2014-06-17,62.16411590576172,102.41999816894531,0.0,102.58999633789062,101.44999694824219,102.58000183105469,0.0,9355400,XOM,Exxon Mobil
2014-06-18,62.352264404296875,102.7300033569336,0.0,102.94999694824219,102.05999755859375,102.56999969482422,0.0,9575100,XOM,Exxon Mobil
2014-06-19,62.291568756103516,102.62999725341797,0.0,102.83999633789062,101.68000030517578,102.61000061035156,0.0,11105600,XOM,Exxon Mobil
2014-06-20,63.01991271972656,103.83000183105469,0.0,104.05999755859375,102.94000244140625,103.27999877929688,0.0,17674400,XOM,Exxon Mobil
2014-06-23,63.35372543334961,104.37999725341797,0.0,104.61000061035156,103.87999725341797,104.11000061035156,0.0,8553700,XOM,Exxon Mobil
2014-06-24,62.352264404296875,102.7300033569336,0.0,104.47000122070312,102.47000122070312,104.18000030517578,0.0,9708400,XOM,Exxon Mobil
2014-06-25,61.994171142578125,102.13999938964844,0.0,102.62000274658203,101.52999877929688,102.33999633789062,0.0,10714800,XOM,Exxon Mobil
2014-06-26,61.927371978759766,102.02999877929688,0.0,102.37999725341797,100.8499984741211,101.94000244140625,0.0,8424200,XOM,Exxon Mobil
2014-06-27,61.429691314697266,101.20999908447266,0.0,101.79000091552734,100.66000366210938,101.66999816894531,0.0,15147400,XOM,Exxon Mobil
2014-06-30,61.10801315307617,100.68000030517578,0.0,101.2699966430664,100.5199966430664,101.20999908447266,0.0,9454800,XOM,Exxon Mobil
2014-07-01,61.5207405090332,101.36000061035156,0.0,101.58999633789062,100.79000091552734,101.1500015258789,0.0,8399600,XOM,Exxon Mobil
2014-07-02,61.6482048034668,101.56999969482422,0.0,101.63999938964844,101.04000091552734,101.1500015258789,0.0,6954400,XOM,Exxon Mobil
2014-07-03,62.26728439331055,102.58999633789062,0.0,103.2699966430664,101.68000030517578,101.94999694824219,0.0,6922600,XOM,Exxon Mobil
2014-07-07,62.303714752197266,102.6500015258789,0.0,102.6500015258789,102.0199966430664,102.33000183105469,0.0,7979600,XOM,Exxon Mobil
2014-07-08,62.41297149658203,102.83000183105469,0.0,103.2300033569336,102.16999816894531,102.33000183105469,0.0,9613600,XOM,Exxon Mobil
2014-07-09,62.849952697753906,103.55000305175781,0.0,103.69000244140625,102.80999755859375,102.95999908447266,0.0,7655300,XOM,Exxon Mobil
2014-07-10,62.255149841308594,102.56999969482422,0.0,103.06999969482422,102.04000091552734,102.87999725341797,0.0,8533700,XOM,Exxon Mobil
2014-07-11,61.75136184692383,101.73999786376953,0.0,102.5,101.31999969482422,102.4000015258789,0.0,7680800,XOM,Exxon Mobil
2014-07-14,62.32191467285156,102.68000030517578,0.0,103.08000183105469,102.16000366210938,102.16999816894531,0.0,8253100,XOM,Exxon Mobil
2014-07-15,62.14589309692383,102.38999938964844,0.0,102.5999984741211,101.73999786376953,102.52999877929688,0.0,8755800,XOM,Exxon Mobil
2014-07-16,62.98348617553711,103.7699966430664,0.0,103.79000091552734,102.54000091552734,102.55999755859375,0.0,8870200,XOM,Exxon Mobil
2014-07-17,62.09735107421875,102.30999755859375,0.0,103.88999938964844,102.29000091552734,103.37999725341797,0.0,8145700,XOM,Exxon Mobil
2014-07-18,62.352264404296875,102.7300033569336,0.0,102.95999908447266,101.86000061035156,102.69000244140625,0.0,8208300,XOM,Exxon Mobil
2014-07-21,62.564693450927734,103.08000183105469,0.0,103.19000244140625,102.05999755859375,102.36000061035156,0.0,6632400,XOM,Exxon Mobil
2014-07-22,62.843875885009766,103.54000091552734,0.0,104.19000244140625,103.5,103.63999938964844,0.0,7426300,XOM,Exxon Mobil
2014-07-23,63.27482986450195,104.25,0.0,104.44999694824219,103.52999877929688,103.63999938964844,0.0,7007200,XOM,Exxon Mobil
2014-07-24,63.29304122924805,104.27999877929688,0.0,104.72000122070312,103.94999694824219,104.41999816894531,0.0,7943000,XOM,Exxon Mobil
2014-07-25,62.62537384033203,103.18000030517578,0.0,103.98999786376953,102.95999908447266,103.93000030517578,0.0,7775500,XOM,Exxon Mobil
2014-07-28,63.3476448059082,104.37000274658203,0.0,104.5199966430664,102.83000183105469,103.29000091552734,0.0,9197800,XOM,Exxon Mobil
2014-07-29,62.849952697753906,103.55000305175781,0.0,104.76000213623047,103.5199966430664,104.20999908447266,0.0,8055400,XOM,Exxon Mobil
2014-07-30,62.66787338256836,103.25,0.0,104.1500015258789,102.56999969482422,103.7300033569336,0.0,11072100,XOM,Exxon Mobil
2014-07-31,60.051910400390625,98.94000244140625,0.0,101.9800033569336,98.93000030517578,101.9800033569336,0.0,18291800,XOM,Exxon Mobil
2014-08-01,59.966941833496094,98.80000305175781,0.0,99.55000305175781,98.18000030517578,98.62000274658203,0.0,14915000,XOM,Exxon Mobil
2014-08-04,60.77416229248047,100.12999725341797,0.0,100.43000030517578,98.30999755859375,98.73999786376953,0.0,12148200,XOM,Exxon Mobil
2014-08-05,59.6027717590332,98.19999694824219,0.0,99.54000091552734,97.77999877929688,99.4800033569336,0.0,13069400,XOM,Exxon Mobil
2014-08-06,60.076194763183594,98.9800033569336,0.0,99.6500015258789,98.19999694824219,98.19999694824219,0.0,9911300,XOM,Exxon Mobil
2014-08-07,59.64523696899414,98.2699966430664,0.0,99.83999633789062,97.62999725341797,99.7699966430664,0.0,10017100,XOM,Exxon Mobil
2014-08-08,60.537471771240234,99.73999786376953,0.0,99.79000091552734,98.31999969482422,98.80999755859375,0.0,11199300,XOM,Exxon Mobil
2014-08-11,60.341896057128906,98.7300033569336,0.69,99.41999816894531,98.54000091552734,99.27999877929688,0.0,8589600,XOM,Exxon Mobil
2014-08-12,60.19520568847656,98.48999786376953,0.0,98.69000244140625,97.81999969482422,98.20999908447266,0.0,9583700,XOM,Exxon Mobil
2014-08-13,60.56192398071289,99.08999633789062,0.0,99.30999755859375,98.4800033569336,98.81999969482422,0.0,7645800,XOM,Exxon Mobil
2014-08-14,60.56192398071289,99.08999633789062,0.0,99.27999877929688,98.5999984741211,99.0999984741211,0.0,6547300,XOM,Exxon Mobil
2014-08-15,60.525238037109375,99.02999877929688,0.0,99.43000030517578,98.13999938964844,99.23999786376953,0.0,9226900,XOM,Exxon Mobil
2014-08-18,60.82469940185547,99.5199966430664,0.0,99.52999877929688,99.0999984741211,99.27999877929688,0.0,7135400,XOM,Exxon Mobil
2014-08-19,60.80636978149414,99.48999786376953,0.0,99.94999694824219,99.43000030517578,99.5,0.0,8888100,XOM,Exxon Mobil
2014-08-20,60.93472671508789,99.69999694824219,0.0,99.9000015258789,99.04000091552734,99.55000305175781,0.0,6751800,XOM,Exxon Mobil
2014-08-21,60.67803955078125,99.27999877929688,0.0,100.06999969482422,99.26000213623047,99.80000305175781,0.0,6826200,XOM,Exxon Mobil
2014-08-22,60.201351165771484,98.5,0.0,98.9800033569336,98.08000183105469,98.88999938964844,0.0,8095000,XOM,Exxon Mobil
2014-08-25,60.354129791259766,98.75,0.0,98.9000015258789,98.5,98.80999755859375,0.0,7569800,XOM,Exxon Mobil
2014-08-26,60.898075103759766,99.63999938964844,0.0,100.30999755859375,99.0199966430664,99.12000274658203,0.0,8536500,XOM,Exxon Mobil
2014-08-27,60.83085250854492,99.52999877929688,0.0,99.95999908447266,99.08999633789062,99.77999877929688,0.0,5848700,XOM,Exxon Mobil
2014-08-28,60.85528564453125,99.56999969482422,0.0,99.73999786376953,99.01000213623047,99.04000091552734,0.0,6072700,XOM,Exxon Mobil
2014-08-29,60.78806686401367,99.45999908447266,0.0,99.66999816894531,98.72000122070312,99.37999725341797,0.0,8873700,XOM,Exxon Mobil
2014-09-02,60.19520568847656,98.48999786376953,0.0,99.58999633789062,97.80999755859375,99.43000030517578,0.0,8957100,XOM,Exxon Mobil
2014-09-03,60.574127197265625,99.11000061035156,0.0,99.58999633789062,98.86000061035156,98.86000061035156,0.0,8475100,XOM,Exxon Mobil
2014-09-04,60.11576461791992,98.36000061035156,0.0,99.44999694824219,97.97000122070312,99.0,0.0,9662900,XOM,Exxon Mobil
2014-09-05,60.665809631347656,99.26000213623047,0.0,99.30000305175781,98.11000061035156,98.73999786376953,0.0,9476900,XOM,Exxon Mobil
2014-09-08,59.755165100097656,97.7699966430664,0.0,98.91999816894531,97.44999694824219,98.91999816894531,0.0,10080100,XOM,Exxon Mobil
2014-09-09,59.52292251586914,97.38999938964844,0.0,98.02999877929688,96.95999908447266,97.69000244140625,0.0,9756400,XOM,Exxon Mobil
2014-09-10,59.16843032836914,96.80999755859375,0.0,97.52999877929688,95.83000183105469,97.36000061035156,0.0,12113700,XOM,Exxon Mobil
2014-09-11,59.30289077758789,97.02999877929688,0.0,97.12000274658203,95.81999969482422,96.31999969482422,0.0,10181100,XOM,Exxon Mobil
2014-09-12,58.53889846801758,95.77999877929688,0.0,96.58999633789062,95.62999725341797,96.52999877929688,0.0,10257500,XOM,Exxon Mobil
2014-09-15,58.85059356689453,96.29000091552734,0.0,96.4000015258789,95.4000015258789,95.7300033569336,0.0,10689400,XOM,Exxon Mobil
2014-09-16,59.54736328125,97.43000030517578,0.0,98.05000305175781,96.0199966430664,96.2300033569336,0.0,11574100,XOM,Exxon Mobil
2014-09-17,59.33345413208008,97.08000183105469,0.0,97.93000030517578,96.80000305175781,97.91000366210938,0.0,8774200,XOM,Exxon Mobil
2014-09-18,59.04618835449219,96.61000061035156,0.0,97.31999969482422,96.4800033569336,97.1500015258789,0.0,8636600,XOM,Exxon Mobil
2014-09-19,59.35788345336914,97.12000274658203,0.0,97.55999755859375,96.87000274658203,97.08000183105469,0.0,18178100,XOM,Exxon Mobil
2014-09-22,59.003414154052734,96.54000091552734,0.0,97.0,96.2699966430664,96.9000015258789,0.0,8816900,XOM,Exxon Mobil
2014-09-23,58.69170379638672,96.02999877929688,0.0,97.16000366210938,96.02999877929688,96.27999877929688,0.0,10300700,XOM,Exxon Mobil
2014-09-24,58.563385009765625,95.81999969482422,0.0,96.25,94.83999633789062,95.87000274658203,0.0,12200000,XOM,Exxon Mobil
2014-09-25,57.603790283203125,94.25,0.0,95.88999938964844,94.19999694824219,95.66000366210938,0.0,12854200,XOM,Exxon Mobil
2014-09-26,58.32499313354492,95.43000030517578,0.0,95.76000213623047,93.80000305175781,94.33000183105469,0.0,11256800,XOM,Exxon Mobil
2014-09-29,57.713829040527344,94.43000030517578,0.0,94.77999877929688,93.80000305175781,94.70999908447266,0.0,14015000,XOM,Exxon Mobil
2014-09-30,57.48157501220703,94.05000305175781,0.0,94.80999755859375,93.62000274658203,94.11000061035156,0.0,15576500,XOM,Exxon Mobil
2014-10-01,56.75425720214844,92.86000061035156,0.0,94.54000091552734,92.72000122070312,94.11000061035156,0.0,14028600,XOM,Exxon Mobil
2014-10-02,57.023193359375,93.30000305175781,0.0,93.9000015258789,92.05999755859375,92.38999938964844,0.0,13756500,XOM,Exxon Mobil
2014-10-03,57.4021110534668,93.91999816894531,0.0,94.11000061035156,92.58000183105469,93.5999984741211,0.0,11563000,XOM,Exxon Mobil
2014-10-06,57.76882553100586,94.5199966430664,0.0,95.33000183105469,93.91000366210938,94.01000213623047,0.0,10595400,XOM,Exxon Mobil
2014-10-07,57.06596374511719,93.37000274658203,0.0,95.19000244140625,93.33000183105469,94.2699966430664,0.0,10787900,XOM,Exxon Mobil
2014-10-08,57.823829650878906,94.61000061035156,0.0,94.83000183105469,92.41999816894531,93.41999816894531,0.0,15583700,XOM,Exxon Mobil
2014-10-09,56.11862564086914,91.81999969482422,0.0,94.48999786376953,91.62999725341797,94.05000305175781,0.0,17915600,XOM,Exxon Mobil
2014-10-10,55.98417663574219,91.5999984741211,0.0,93.2699966430664,90.9000015258789,92.44000244140625,0.0,18173100,XOM,Exxon Mobil
2014-10-13,55.51968002319336,90.83999633789062,0.0,92.52999877929688,90.76000213623047,91.31999969482422,0.0,14451100,XOM,Exxon Mobil
2014-10-14,55.34242630004883,90.55000305175781,0.0,92.2300033569336,90.05999755859375,91.48999786376953,0.0,23120500,XOM,Exxon Mobil
2014-10-15,55.140743255615234,90.22000122070312,0.0,90.61000061035156,86.91000366210938,89.0,0.0,24703500,XOM,Exxon Mobil
2014-10-16,55.372982025146484,90.5999984741211,0.0,91.2699966430664,88.18000030517578,88.58000183105469,0.0,25212600,XOM,Exxon Mobil
2014-10-17,55.745819091796875,91.20999908447266,0.0,92.25,90.5,91.12999725341797,0.0,18189200,XOM,Exxon Mobil
2014-10-20,56.08808517456055,91.7699966430664,0.0,91.88999938964844,90.62999725341797,90.62999725341797,0.0,10821700,XOM,Exxon Mobil
2014-10-21,57.237098693847656,93.6500015258789,0.0,94.02999877929688,92.36000061035156,92.86000061035156,0.0,15757000,XOM,Exxon Mobil
2014-10-22,56.919273376464844,93.12999725341797,0.0,94.58999633789062,92.9800033569336,93.95999908447266,0.0,12733600,XOM,Exxon Mobil
2014-10-23,57.51823806762695,94.11000061035156,0.0,94.9800033569336,93.87000274658203,94.30999755859375,0.0,11345100,XOM,Exxon Mobil
2014-10-24,57.750492095947266,94.48999786376953,0.0,94.52999877929688,93.22000122070312,94.19000244140625,0.0,9734100,XOM,Exxon Mobil
2014-10-27,57.273765563964844,93.70999908447266,0.0,93.8499984741211,92.7699966430664,93.8499984741211,0.0,11387700,XOM,Exxon Mobil
2014-10-28,58.12330627441406,95.0999984741211,0.0,95.19999694824219,93.93000030517578,94.44000244140625,0.0,12564100,XOM,Exxon Mobil
2014-10-29,57.81159591674805,94.58999633789062,0.0,95.9800033569336,93.62000274658203,95.41999816894531,0.0,12409100,XOM,Exxon Mobil
2014-10-30,57.72602081298828,94.44999694824219,0.0,94.66999816894531,93.22000122070312,93.87000274658203,0.0,9767900,XOM,Exxon Mobil
2014-10-31,59.10731887817383,96.70999908447266,0.0,96.88999938964844,94.30999755859375,94.98999786376953,0.0,17493700,XOM,Exxon Mobil
2014-11-03,58.22107696533203,95.26000213623047,0.0,97.0999984741211,94.80000305175781,96.55999755859375,0.0,13410000,XOM,Exxon Mobil
2014-11-04,57.76882553100586,94.5199966430664,0.0,94.88999938964844,93.88999938964844,94.5,0.0,13498500,XOM,Exxon Mobil
2014-11-05,58.10497283935547,95.06999969482422,0.0,95.7699966430664,94.6500015258789,95.36000061035156,0.0,12480000,XOM,Exxon Mobil
2014-11-06,58.832271575927734,96.26000213623047,0.0,96.41999816894531,94.27999877929688,95.18000030517578,0.0,14731400,XOM,Exxon Mobil
2014-11-07,59.460174560546875,96.58999633789062,0.69,97.16000366210938,95.72000122070312,95.80000305175781,0.0,13233500,XOM,Exxon Mobil
2014-11-10,59.26934051513672,96.27999877929688,0.0,97.0999984741211,96.06999969482422,96.87000274658203,0.0,9087600,XOM,Exxon Mobil
2014-11-11,59.34938430786133,96.41000366210938,0.0,96.51000213623047,95.61000061035156,95.77999877929688,0.0,7990000,XOM,Exxon Mobil
2014-11-12,58.715301513671875,95.37999725341797,0.0,96.4000015258789,95.11000061035156,95.9000015258789,0.0,11592800,XOM,Exxon Mobil
2014-11-13,58.272098541259766,94.66000366210938,0.0,95.20999908447266,93.83000183105469,94.95999908447266,0.0,12355400,XOM,Exxon Mobil
2014-11-14,58.53679275512695,95.08999633789062,0.0,95.11000061035156,94.6500015258789,94.87000274658203,0.0,9352500,XOM,Exxon Mobil
2014-11-17,58.54910659790039,95.11000061035156,0.0,95.13999938964844,94.19000244140625,94.8499984741211,0.0,8704400,XOM,Exxon Mobil
2014-11-18,58.401363372802734,94.87000274658203,0.0,95.75,94.52999877929688,95.08000183105469,0.0,9263200,XOM,Exxon Mobil
2014-11-19,58.85690689086914,95.61000061035156,0.0,95.73999786376953,94.12999725341797,95.08000183105469,0.0,8333200,XOM,Exxon Mobil
2014-11-20,58.98619842529297,95.81999969482422,0.0,95.9000015258789,95.26000213623047,95.37000274658203,0.0,8422400,XOM,Exxon Mobil
2014-11-21,59.595611572265625,96.80999755859375,0.0,97.19999694824219,96.0999984741211,97.19999694824219,0.0,12374900,XOM,Exxon Mobil
2014-11-24,58.92460632324219,95.72000122070312,0.0,96.80000305175781,95.25,96.33999633789062,0.0,10172400,XOM,Exxon Mobil
2014-11-25,58.345977783203125,94.77999877929688,0.0,96.02999877929688,94.37000274658203,96.01000213623047,0.0,13747400,XOM,Exxon Mobil
2014-11-26,58.161293029785156,94.4800033569336,0.0,95.12999725341797,94.36000061035156,94.63999938964844,0.0,9822100,XOM,Exxon Mobil
2014-11-28,55.735836029052734,90.54000091552734,0.0,91.8499984741211,90.11000061035156,91.5,0.0,19556700,XOM,Exxon Mobil
2014-12-01,56.85008239746094,92.3499984741211,0.0,92.87000274658203,90.27999877929688,90.36000061035156,0.0,27584200,XOM,Exxon Mobil
2014-12-02,57.98275375366211,94.19000244140625,0.0,94.66999816894531,92.01000213623047,92.31999969482422,0.0,20885300,XOM,Exxon Mobil
2014-12-03,58.45060729980469,94.94999694824219,0.0,95.33000183105469,94.0,94.66999816894531,0.0,16220400,XOM,Exxon Mobil
2014-12-04,58.093563079833984,94.37000274658203,0.0,94.61000061035156,93.06999969482422,94.12999725341797,0.0,12868600,XOM,Exxon Mobil
2014-12-05,57.754981994628906,93.81999969482422,0.0,94.58999633789062,93.3499984741211,93.94999694824219,0.0,11831900,XOM,Exxon Mobil
2014-12-08,56.4499397277832,91.69999694824219,0.0,93.12999725341797,91.37000274658203,92.9000015258789,0.0,15735900,XOM,Exxon Mobil
2014-12-09,56.252952575683594,91.37999725341797,0.0,92.05999755859375,90.76000213623047,91.2300033569336,0.0,15883800,XOM,Exxon Mobil
2014-12-10,54.58469009399414,88.66999816894531,0.0,90.7300033569336,88.19999694824219,90.72000122070312,0.0,22279400,XOM,Exxon Mobil
2014-12-11,54.91094970703125,89.19999694824219,0.0,91.54000091552734,88.8499984741211,88.86000061035156,0.0,21522200,XOM,Exxon Mobil
2014-12-12,53.310394287109375,86.5999984741211,0.0,89.0,86.5999984741211,88.70999908447266,0.0,24568300,XOM,Exxon Mobil
2014-12-15,53.49509048461914,86.9000015258789,0.0,88.5999984741211,86.5,87.52999877929688,0.0,21373600,XOM,Exxon Mobil
2014-12-16,53.193458557128906,86.41000366210938,0.0,89.19999694824219,86.19000244140625,86.37999725341797,0.0,26372400,XOM,Exxon Mobil
2014-12-17,54.80014419555664,89.0199966430664,0.0,89.9000015258789,87.1500015258789,87.23999786376953,0.0,23323000,XOM,Exxon Mobil
2014-12-18,56.11750411987305,91.16000366210938,0.0,91.16000366210938,88.4000015258789,90.37000274658203,0.0,22882700,XOM,Exxon Mobil
2014-12-19,57.644195556640625,93.63999938964844,0.0,93.63999938964844,89.61000061035156,90.20999908447266,0.0,38469000,XOM,Exxon Mobil
2014-12-22,57.45335006713867,93.33000183105469,0.0,93.66999816894531,92.44999694824219,92.95999908447266,0.0,17871800,XOM,Exxon Mobil
2014-12-23,58.22899627685547,94.58999633789062,0.0,95.18000030517578,93.05000305175781,93.5199966430664,0.0,13706500,XOM,Exxon Mobil
2014-12-24,57.73036193847656,93.77999877929688,0.0,94.25,92.9800033569336,94.22000122070312,0.0,6875700,XOM,Exxon Mobil
2014-12-26,57.37946701049805,93.20999908447266,0.0,94.43000030517578,92.62000274658203,93.98999786376953,0.0,10585000,XOM,Exxon Mobil
2014-12-29,57.29329299926758,93.06999969482422,0.0,93.86000061035156,92.88999938964844,93.33000183105469,0.0,9892100,XOM,Exxon Mobil
2014-12-30,57.26251220703125,93.0199966430664,0.0,93.38999938964844,92.51000213623047,92.7699966430664,0.0,8743400,XOM,Exxon Mobil
2014-12-31,56.91162109375,92.44999694824219,0.0,93.12999725341797,92.05999755859375,92.41999816894531,0.0,11337200,XOM,Exxon Mobil
2015-01-02,57.14555740356445,92.83000183105469,0.0,93.05000305175781,91.80999755859375,92.25,0.0,10220400,XOM,Exxon Mobil
2015-01-05,55.58195114135742,90.29000091552734,0.0,92.4000015258789,89.5,92.0999984741211,0.0,18502400,XOM,Exxon Mobil
2015-01-06,55.28645706176758,89.80999755859375,0.0,91.41000366210938,89.0199966430664,90.23999786376953,0.0,16670700,XOM,Exxon Mobil
2015-01-07,55.846649169921875,90.72000122070312,0.0,91.4800033569336,90.0,90.6500015258789,0.0,13590700,XOM,Exxon Mobil
2015-01-08,56.776222229003906,92.2300033569336,0.0,92.2699966430664,91.0,91.25,0.0,15487500,XOM,Exxon Mobil
2015-01-09,56.69614791870117,92.0999984741211,0.0,92.77999877929688,91.37000274658203,92.30000305175781,0.0,14488400,XOM,Exxon Mobil
2015-01-12,55.606563568115234,90.33000183105469,0.0,91.33999633789062,89.81999969482422,91.23999786376953,0.0,15176300,XOM,Exxon Mobil
2015-01-13,55.40341567993164,90.0,0.0,91.43000030517578,89.11000061035156,90.87999725341797,0.0,17469000,XOM,Exxon Mobil
2015-01-14,55.24335861206055,89.73999786376953,0.0,89.88999938964844,87.26000213623047,88.94999694824219,0.0,23272100,XOM,Exxon Mobil
2015-01-15,54.76321029663086,88.95999908447266,0.0,90.66000366210938,88.51000213623047,90.43000030517578,0.0,18759600,XOM,Exxon Mobil
2015-01-16,56.0928840637207,91.12000274658203,0.0,91.19000244140625,88.9800033569336,88.9800033569336,0.0,17713100,XOM,Exxon Mobil
2015-01-20,56.07442092895508,91.08999633789062,0.0,91.77999877929688,90.37999725341797,91.13999938964844,0.0,16761000,XOM,Exxon Mobil
2015-01-21,56.55458068847656,91.87000274658203,0.0,91.98999786376953,91.01000213623047,91.73999786376953,0.0,14276400,XOM,Exxon Mobil
2015-01-22,57.1701545715332,92.87000274658203,0.0,92.97000122070312,91.31999969482422,92.30999755859375,0.0,13559000,XOM,Exxon Mobil
2015-01-23,55.95131301879883,90.88999938964844,0.0,92.4800033569336,90.79000091552734,92.27999877929688,0.0,14706300,XOM,Exxon Mobil
2015-01-26,56.48686218261719,91.76000213623047,0.0,91.94000244140625,90.47000122070312,90.61000061035156,0.0,10672500,XOM,Exxon Mobil
2015-01-27,55.98822784423828,90.94999694824219,0.0,91.5999984741211,90.5999984741211,91.23999786376953,0.0,12301500,XOM,Exxon Mobil
2015-01-28,54.14143753051758,87.94999694824219,0.0,90.93000030517578,87.81999969482422,90.87999725341797,0.0,17829700,XOM,Exxon Mobil
2015-01-29,53.9136962890625,87.58000183105469,0.0,88.26000213623047,86.02999877929688,88.22000122070312,0.0,22683000,XOM,Exxon Mobil
2015-01-30,53.815189361572266,87.41999816894531,0.0,88.41999816894531,86.25,87.16000366210938,0.0,22679900,XOM,Exxon Mobil
2015-02-02,55.14487075805664,89.58000183105469,0.0,89.58999633789062,87.5,87.8499984741211,0.0,20306300,XOM,Exxon Mobil
2015-02-03,56.78852081298828,92.25,0.0,92.33000183105469,90.80999755859375,90.9000015258789,0.0,21900900,XOM,Exxon Mobil
2015-02-04,56.30219650268555,91.45999908447266,0.0,92.2699966430664,90.51000213623047,91.63999938964844,0.0,19632200,XOM,Exxon Mobil
2015-02-05,56.8562126159668,92.36000061035156,0.0,92.54000091552734,91.69999694824219,92.38999938964844,0.0,12809000,XOM,Exxon Mobil
2015-02-06,56.75077438354492,91.5,0.69,92.27999877929688,90.95999908447266,92.0999984741211,0.0,12331200,XOM,Exxon Mobil
2015-02-09,56.78799057006836,91.55999755859375,0.0,92.29000091552734,91.23999786376953,91.4000015258789,0.0,11360700,XOM,Exxon Mobil
2015-02-10,56.446861267089844,91.01000213623047,0.0,91.73999786376953,90.30000305175781,91.73999786376953,0.0,12952900,XOM,Exxon Mobil
2015-02-11,56.19257736206055,90.5999984741211,0.0,90.83000183105469,89.79000091552734,90.0199966430664,0.0,12240600,XOM,Exxon Mobil
2015-02-12,57.290367126464844,92.37000274658203,0.0,92.66000366210938,91.0199966430664,91.45999908447266,0.0,14843000,XOM,Exxon Mobil
2015-02-13,57.91061019897461,93.37000274658203,0.0,93.44999694824219,92.27999877929688,92.69999694824219,0.0,12061000,XOM,Exxon Mobil
2015-02-17,57.71213150024414,93.05000305175781,0.0,93.06999969482422,92.29000091552734,92.75,0.0,11758700,XOM,Exxon Mobil
2015-02-18,56.446861267089844,91.01000213623047,0.0,91.98999786376953,90.38999938964844,91.98999786376953,0.0,19177900,XOM,Exxon Mobil
2015-02-19,55.473121643066406,89.44000244140625,0.0,90.41999816894531,88.58000183105469,89.63999938964844,0.0,19350600,XOM,Exxon Mobil
2015-02-20,55.77083206176758,89.91999816894531,0.0,89.94000244140625,88.8499984741211,89.4000015258789,0.0,15959900,XOM,Exxon Mobil
2015-02-23,55.20641326904297,89.01000213623047,0.0,89.55000305175781,88.73999786376953,89.26000213623047,0.0,12771800,XOM,Exxon Mobil
2015-02-24,55.460716247558594,89.41999816894531,0.0,89.77999877929688,89.12999725341797,89.33000183105469,0.0,9990700,XOM,Exxon Mobil
2015-02-25,55.572330474853516,89.5999984741211,0.0,89.69999694824219,89.08000183105469,89.56999969482422,0.0,9925700,XOM,Exxon Mobil
2015-02-26,54.98313903808594,88.6500015258789,0.0,89.18000030517578,88.08000183105469,89.12999725341797,0.0,13984000,XOM,Exxon Mobil
2015-02-27,54.9149284362793,88.54000091552734,0.0,89.27999877929688,88.33999633789062,88.88999938964844,0.0,13090600,XOM,Exxon Mobil
2015-03-02,54.60481262207031,88.04000091552734,0.0,88.5199966430664,87.3499984741211,88.33999633789062,0.0,13793700,XOM,Exxon Mobil
2015-03-03,54.34431457519531,87.62000274658203,0.0,88.0199966430664,87.12999725341797,87.93000030517578,0.0,13493800,XOM,Exxon Mobil
2015-03-04,54.071414947509766,87.18000030517578,0.0,87.95999908447266,86.93000030517578,87.95999908447266,0.0,13467600,XOM,Exxon Mobil
2015-03-05,53.79850769042969,86.73999786376953,0.0,87.19000244140625,86.5199966430664,87.06999969482422,0.0,12527600,XOM,Exxon Mobil
2015-03-06,53.110042572021484,85.62999725341797,0.0,86.5999984741211,85.31999969482422,86.41000366210938,0.0,16070500,XOM,Exxon Mobil
2015-03-09,52.81855010986328,85.16000366210938,0.0,86.37999725341797,85.12000274658203,86.12000274658203,0.0,14503800,XOM,Exxon Mobil
2015-03-10,52.260345458984375,84.26000213623047,0.0,85.52999877929688,84.23999786376953,84.81999969482422,0.0,17195500,XOM,Exxon Mobil
2015-03-11,52.11149215698242,84.0199966430664,0.0,84.93000030517578,84.0,84.93000030517578,0.0,13004700,XOM,Exxon Mobil
2015-03-12,52.23552322387695,84.22000122070312,0.0,84.72000122070312,84.05999755859375,84.43000030517578,0.0,10792900,XOM,Exxon Mobil
2015-03-13,52.01845169067383,83.87000274658203,0.0,84.18000030517578,82.68000030517578,83.9000015258789,0.0,16799900,XOM,Exxon Mobil
2015-03-16,52.570457458496094,84.76000213623047,0.0,84.86000061035156,83.2699966430664,83.70999908447266,0.0,13516200,XOM,Exxon Mobil
2015-03-17,52.14871597290039,84.08000183105469,0.0,84.8499984741211,84.0199966430664,84.54000091552734,0.0,12979700,XOM,Exxon Mobil
2015-03-18,53.38296127319336,86.06999969482422,0.0,86.37000274658203,83.43000030517578,83.54000091552734,0.0,18745700,XOM,Exxon Mobil
2015-03-19,52.3533821105957,84.41000366210938,0.0,85.5,84.33000183105469,85.19000244140625,0.0,12738500,XOM,Exxon Mobil
2015-03-20,52.43400192260742,84.54000091552734,0.0,85.4000015258789,84.38999938964844,84.66999816894531,0.0,36083500,XOM,Exxon Mobil
2015-03-23,52.98600387573242,85.43000030517578,0.0,85.77999877929688,85.01000213623047,85.0199966430664,0.0,17450700,XOM,Exxon Mobil
2015-03-24,52.42158126831055,84.5199966430664,0.0,85.77999877929688,84.5,85.30000305175781,0.0,10174300,XOM,Exxon Mobil
2015-03-25,52.63247299194336,84.86000061035156,0.0,85.56999969482422,84.7699966430664,85.05000305175781,0.0,11934700,XOM,Exxon Mobil
2015-03-26,52.29755401611328,84.31999969482422,0.0,85.56999969482422,84.08999633789062,85.30000305175781,0.0,14400700,XOM,Exxon Mobil
2015-03-27,51.83858108520508,83.58000183105469,0.0,84.05000305175781,83.33000183105469,84.04000091552734,0.0,11579300,XOM,Exxon Mobil
2015-03-30,53.110042572021484,85.62999725341797,0.0,85.81999969482422,84.25,84.2699966430664,0.0,15653200,XOM,Exxon Mobil
2015-03-31,52.719295501708984,85.0,0.0,85.33999633789062,84.45999908447266,84.8499984741211,0.0,13354000,XOM,Exxon Mobil
2015-04-01,52.38438034057617,84.45999908447266,0.0,86.0,84.26000213623047,85.69999694824219,0.0,14522300,XOM,Exxon Mobil
2015-04-02,52.28515625,84.30000305175781,0.0,84.94000244140625,83.8499984741211,84.08999633789062,0.0,11297400,XOM,Exxon Mobil
2015-04-06,52.79994201660156,85.12999725341797,0.0,85.63999938964844,84.19999694824219,85.1500015258789,0.0,10916400,XOM,Exxon Mobil
2015-04-07,53.18448257446289,85.75,0.0,86.16999816894531,84.76000213623047,85.01000213623047,0.0,11836100,XOM,Exxon Mobil
2015-04-08,52.13629150390625,84.05999755859375,0.0,85.9000015258789,84.0199966430664,85.80000305175781,0.0,16257100,XOM,Exxon Mobil
2015-04-09,52.50222396850586,84.6500015258789,0.0,84.7300033569336,83.80999755859375,84.0,0.0,13281800,XOM,Exxon Mobil
2015-04-10,53.06664276123047,85.55999755859375,0.0,86.04000091552734,84.7699966430664,85.37000274658203,0.0,13372400,XOM,Exxon Mobil
2015-04-13,52.93019104003906,85.33999633789062,0.0,86.25,85.23999786376953,85.91999816894531,0.0,9880500,XOM,Exxon Mobil
2015-04-14,53.73025131225586,86.62999725341797,0.0,87.4800033569336,85.52999877929688,85.5999984741211,0.0,15693800,XOM,Exxon Mobil
2015-04-15,54.62961196899414,88.08000183105469,0.0,88.52999877929688,87.13999938964844,87.13999938964844,0.0,15332800,XOM,Exxon Mobil
2015-04-16,54.41252517700195,87.7300033569336,0.0,88.16000366210938,87.11000061035156,87.87999725341797,0.0,9570800,XOM,Exxon Mobil
2015-04-17,53.91635513305664,86.93000030517578,0.0,87.36000061035156,86.16000366210938,87.13999938964844,0.0,14430100,XOM,Exxon Mobil
2015-04-20,54.10861587524414,87.23999786376953,0.0,88.0999984741211,87.08000183105469,87.12999725341797,0.0,11593600,XOM,Exxon Mobil
2015-04-21,53.88533020019531,86.87999725341797,0.0,87.62000274658203,86.69000244140625,87.37999725341797,0.0,10100500,XOM,Exxon Mobil
2015-04-22,54.24504852294922,87.45999908447266,0.0,87.80000305175781,86.33999633789062,87.04000091552734,0.0,8663600,XOM,Exxon Mobil
2015-04-23,54.29469299316406,87.54000091552734,0.0,88.37999725341797,87.30999755859375,87.36000061035156,0.0,9866100,XOM,Exxon Mobil
2015-04-24,53.941165924072266,86.97000122070312,0.0,87.36000061035156,86.66000366210938,87.19000244140625,0.0,8405700,XOM,Exxon Mobil
2015-04-27,53.96595764160156,87.01000213623047,0.0,87.5999984741211,86.76000213623047,87.41000366210938,0.0,10534600,XOM,Exxon Mobil
2015-04-28,54.45595932006836,87.80000305175781,0.0,87.86000061035156,87.04000091552734,87.22000122070312,0.0,9633800,XOM,Exxon Mobil
2015-04-29,54.49934005737305,87.87000274658203,0.0,88.06999969482422,86.95999908447266,87.5,0.0,12534100,XOM,Exxon Mobil
2015-04-30,54.18924331665039,87.37000274658203,0.0,88.66999816894531,87.22000122070312,88.66999816894531,0.0,13947700,XOM,Exxon Mobil
2015-05-01,55.10719680786133,88.8499984741211,0.0,88.94999694824219,87.69999694824219,87.8499984741211,0.0,12257100,XOM,Exxon Mobil
2015-05-04,55.26845169067383,89.11000061035156,0.0,89.87999725341797,88.94999694824219,89.41999816894531,0.0,10343700,XOM,Exxon Mobil
2015-05-05,54.95833206176758,88.61000061035156,0.0,90.08999633789062,88.5199966430664,89.97000122070312,0.0,11895000,XOM,Exxon Mobil
2015-05-06,54.69784164428711,88.19000244140625,0.0,89.95999908447266,87.79000091552734,89.6500015258789,0.0,11273500,XOM,Exxon Mobil
2015-05-07,54.3318977355957,87.5999984741211,0.0,88.0999984741211,86.91999816894531,88.0,0.0,9992500,XOM,Exxon Mobil
2015-05-08,55.19402313232422,88.98999786376953,0.0,89.06999969482422,87.81999969482422,88.47000122070312,0.0,11390300,XOM,Exxon Mobil
2015-05-11,54.26850509643555,86.77999877929688,0.73,88.56999969482422,86.6500015258789,88.52999877929688,0.0,11997800,XOM,Exxon Mobil
2015-05-12,54.4185676574707,87.0199966430664,0.0,87.45999908447266,86.41999816894531,86.88999938964844,0.0,9788900,XOM,Exxon Mobil
2015-05-13,54.130897521972656,86.55999755859375,0.0,87.7300033569336,86.4000015258789,87.27999877929688,0.0,8629400,XOM,Exxon Mobil
2015-05-14,54.38729476928711,86.97000122070312,0.0,87.33999633789062,86.75,86.93000030517578,0.0,8791300,XOM,Exxon Mobil
2015-05-15,54.62495040893555,87.3499984741211,0.0,87.62000274658203,86.5999984741211,86.80000305175781,0.0,8422200,XOM,Exxon Mobil
2015-05-18,54.312259674072266,86.8499984741211,0.0,87.45999908447266,86.77999877929688,87.30999755859375,0.0,6395400,XOM,Exxon Mobil
2015-05-19,54.399803161621094,86.98999786376953,0.0,87.20999908447266,86.20999908447266,86.47000122070312,0.0,9777100,XOM,Exxon Mobil
2015-05-20,54.487369537353516,87.12999725341797,0.0,87.4000015258789,86.91000366210938,87.38999938964844,0.0,7276600,XOM,Exxon Mobil
2015-05-21,54.537384033203125,87.20999908447266,0.0,87.44000244140625,86.95999908447266,87.27999877929688,0.0,8357400,XOM,Exxon Mobil
2015-05-22,54.10590744018555,86.5199966430664,0.0,87.0999984741211,86.5,86.98999786376953,0.0,7598400,XOM,Exxon Mobil
2015-05-26,53.37422180175781,85.3499984741211,0.0,86.37000274658203,85.02999877929688,86.04000091552734,0.0,11289000,XOM,Exxon Mobil
2015-05-27,53.224143981933594,85.11000061035156,0.0,85.88999938964844,84.7699966430664,85.30000305175781,0.0,10778300,XOM,Exxon Mobil
2015-05-28,53.224143981933594,85.11000061035156,0.0,85.56999969482422,84.81999969482422,85.11000061035156,0.0,8038900,XOM,Exxon Mobil
2015-05-29,53.2804069519043,85.19999694824219,0.0,85.58000183105469,84.87999725341797,85.0999984741211,0.0,14631300,XOM,Exxon Mobil
2015-06-01,53.23664474487305,85.12999725341797,0.0,85.47000122070312,84.80000305175781,85.25,0.0,9077500,XOM,Exxon Mobil
2015-06-02,53.242897033691406,85.13999938964844,0.0,85.58999633789062,84.91000366210938,85.12000274658203,0.0,9328300,XOM,Exxon Mobil
2015-06-03,53.12405776977539,84.94999694824219,0.0,85.83999633789062,84.86000061035156,85.2300033569336,0.0,8179500,XOM,Exxon Mobil
2015-06-04,52.667572021484375,84.22000122070312,0.0,84.88999938964844,83.77999877929688,84.69999694824219,0.0,12607300,XOM,Exxon Mobil
2015-06-05,52.70509338378906,84.27999877929688,0.0,85.0,83.9800033569336,84.12999725341797,0.0,11388500,XOM,Exxon Mobil
2015-06-08,53.061546325683594,84.8499984741211,0.0,85.20999908447266,83.93000030517578,84.18000030517578,0.0,12244700,XOM,Exxon Mobil
2015-06-09,52.89270782470703,84.58000183105469,0.0,85.43000030517578,84.48999786376953,85.29000091552734,0.0,8105500,XOM,Exxon Mobil
2015-06-10,53.28667068481445,85.20999908447266,0.0,85.97000122070312,85.0,85.83999633789062,0.0,10147000,XOM,Exxon Mobil
2015-06-11,53.21163558959961,85.08999633789062,0.0,85.69999694824219,84.88999938964844,85.30000305175781,0.0,7759300,XOM,Exxon Mobil
2015-06-12,52.54249954223633,84.0199966430664,0.0,84.68000030517578,83.86000061035156,84.58000183105469,0.0,8347300,XOM,Exxon Mobil
2015-06-15,52.35490798950195,83.72000122070312,0.0,83.9800033569336,83.19000244140625,83.52999877929688,0.0,9563900,XOM,Exxon Mobil
2015-06-16,52.955223083496094,84.68000030517578,0.0,84.75,83.4000015258789,83.80999755859375,0.0,9100100,XOM,Exxon Mobil
2015-06-17,52.98649978637695,84.7300033569336,0.0,85.12999725341797,84.41000366210938,85.02999877929688,0.0,9090200,XOM,Exxon Mobil
2015-06-18,53.45552444458008,85.4800033569336,0.0,85.95999908447266,84.72000122070312,84.80000305175781,0.0,10247800,XOM,Exxon Mobil
2015-06-19,53.28667068481445,85.20999908447266,0.0,85.4800033569336,84.91999816894531,84.91999816894531,0.0,16129600,XOM,Exxon Mobil
2015-06-22,53.26165008544922,85.16999816894531,0.0,85.5999984741211,84.97000122070312,85.38999938964844,0.0,9465100,XOM,Exxon Mobil
2015-06-23,53.199127197265625,85.06999969482422,0.0,85.27999877929688,84.58999633789062,85.22000122070312,0.0,10223900,XOM,Exxon Mobil
2015-06-24,52.955223083496094,84.68000030517578,0.0,85.33999633789062,84.66000366210938,84.88999938964844,0.0,11800100,XOM,Exxon Mobil
2015-06-25,52.4862174987793,83.93000030517578,0.0,84.8499984741211,83.93000030517578,84.8499984741211,0.0,10259400,XOM,Exxon Mobil
2015-06-26,52.442440032958984,83.86000061035156,0.0,84.0999984741211,83.48999786376953,83.83000183105469,0.0,19023300,XOM,Exxon Mobil
2015-06-29,51.79206848144531,82.81999969482422,0.0,83.44999694824219,82.80000305175781,83.05000305175781,0.0,11739200,XOM,Exxon Mobil
2015-06-30,52.029693603515625,83.19999694824219,0.0,84.9000015258789,82.80000305175781,83.73999786376953,0.0,14981100,XOM,Exxon Mobil
2015-07-01,51.51066970825195,82.37000274658203,0.0,83.52999877929688,82.11000061035156,83.27999877929688,0.0,13529100,XOM,Exxon Mobil
2015-07-02,51.99217987060547,83.13999938964844,0.0,83.27999877929688,82.55000305175781,82.79000091552734,0.0,9188000,XOM,Exxon Mobil
2015-07-06,51.610713958740234,82.52999877929688,0.0,83.05999755859375,82.12000274658203,82.41999816894531,0.0,11694400,XOM,Exxon Mobil
2015-07-07,51.8233528137207,82.87000274658203,0.0,83.2300033569336,81.48999786376953,82.19000244140625,0.0,15641500,XOM,Exxon Mobil
2015-07-08,51.260520935058594,81.97000122070312,0.0,82.9800033569336,81.91000366210938,82.25,0.0,10057000,XOM,Exxon Mobil
2015-07-09,51.02913284301758,81.5999984741211,0.0,83.1500015258789,81.58000183105469,82.87000274658203,0.0,11980500,XOM,Exxon Mobil
2015-07-10,51.416847229003906,82.22000122070312,0.0,82.48999786376953,81.72000122070312,82.08999633789062,0.0,8628700,XOM,Exxon Mobil
2015-07-13,51.541927337646484,82.41999816894531,0.0,82.61000061035156,82.06999969482422,82.11000061035156,0.0,8026700,XOM,Exxon Mobil
2015-07-14,51.97343826293945,83.11000061035156,0.0,83.31999969482422,82.26000213623047,82.37999725341797,0.0,9310200,XOM,Exxon Mobil
2015-07-15,51.75456237792969,82.76000213623047,0.0,83.41999816894531,82.4000015258789,82.61000061035156,0.0,9289200,XOM,Exxon Mobil
2015-07-16,51.848358154296875,82.91000366210938,0.0,83.4800033569336,82.80000305175781,83.18000030517578,0.0,8267600,XOM,Exxon Mobil
2015-07-17,51.66074752807617,82.61000061035156,0.0,82.83999633789062,81.79000091552734,82.51000213623047,0.0,12156000,XOM,Exxon Mobil
2015-07-20,51.12919235229492,81.76000213623047,0.0,82.41000366210938,81.5999984741211,82.1500015258789,0.0,12957100,XOM,Exxon Mobil
2015-07-21,51.06664276123047,81.66000366210938,0.0,82.43000030517578,81.43000030517578,81.93000030517578,0.0,8677100,XOM,Exxon Mobil
2015-07-22,51.1479606628418,81.79000091552734,0.0,82.47000122070312,81.58000183105469,82.3499984741211,0.0,13181500,XOM,Exxon Mobil
2015-07-23,50.741477966308594,81.13999938964844,0.0,81.97000122070312,80.97000122070312,81.7300033569336,0.0,10496100,XOM,Exxon Mobil
2015-07-24,49.99103927612305,79.94000244140625,0.0,81.16000366210938,79.72000122070312,81.16000366210938,0.0,14888500,XOM,Exxon Mobil
2015-07-27,49.565799713134766,79.26000213623047,0.0,80.12999725341797,78.97000122070312,79.2300033569336,0.0,14996100,XOM,Exxon Mobil
2015-07-28,51.579437255859375,82.4800033569336,0.0,82.66999816894531,79.56999969482422,79.69999694824219,0.0,19777300,XOM,Exxon Mobil
2015-07-29,51.99217987060547,83.13999938964844,0.0,83.19999694824219,81.91000366210938,82.18000030517578,0.0,13913800,XOM,Exxon Mobil
2015-07-30,51.9109001159668,83.01000213623047,0.0,83.31999969482422,82.41999816894531,83.18000030517578,0.0,11139900,XOM,Exxon Mobil
2015-07-31,49.534542083740234,79.20999908447266,0.0,81.66999816894531,78.93000030517578,81.66999816894531,0.0,26232700,XOM,Exxon Mobil
2015-08-03,48.81538772583008,78.05999755859375,0.0,78.93000030517578,77.62999725341797,78.69999694824219,0.0,15767700,XOM,Exxon Mobil
2015-08-04,48.258811950683594,77.16999816894531,0.0,78.61000061035156,76.93000030517578,77.87999725341797,0.0,18874400,XOM,Exxon Mobil
2015-08-05,48.258811950683594,77.16999816894531,0.0,78.2300033569336,76.9000015258789,77.87000274658203,0.0,16544400,XOM,Exxon Mobil
2015-08-06,48.83412170410156,78.08999633789062,0.0,78.26000213623047,76.91000366210938,76.94000244140625,0.0,13005200,XOM,Exxon Mobil
2015-08-07,48.04618453979492,76.83000183105469,0.0,77.97000122070312,76.62000274658203,77.55000305175781,0.0,12187600,XOM,Exxon Mobil
2015-08-10,49.24687194824219,78.75,0.0,78.75,77.08999633789062,77.08999633789062,0.0,14876000,XOM,Exxon Mobil
2015-08-11,48.91234588623047,77.48999786376953,0.73,78.06999969482422,76.33000183105469,77.01000213623047,0.0,14486400,XOM,Exxon Mobil
2015-08-12,49.73289108276367,78.79000091552734,0.0,78.87000274658203,76.95999908447266,77.44000244140625,0.0,16492400,XOM,Exxon Mobil
2015-08-13,49.64452362060547,78.6500015258789,0.0,79.29000091552734,78.2699966430664,78.31999969482422,0.0,13154100,XOM,Exxon Mobil
2015-08-14,49.46147537231445,78.36000061035156,0.0,79.27999877929688,78.25,78.63999938964844,0.0,9129300,XOM,Exxon Mobil
2015-08-17,49.72026824951172,78.7699966430664,0.0,79.18000030517578,77.44999694824219,77.93000030517578,0.0,9365400,XOM,Exxon Mobil
2015-08-18,49.17112350463867,77.9000015258789,0.0,78.66999816894531,77.58000183105469,78.52999877929688,0.0,9815300,XOM,Exxon Mobil
2015-08-19,48.11701202392578,76.2300033569336,0.0,77.58000183105469,75.93000030517578,77.51000213623047,0.0,17010100,XOM,Exxon Mobil
2015-08-20,47.06918716430664,74.56999969482422,0.0,76.18000030517578,74.56999969482422,76.0,0.0,17811200,XOM,Exxon Mobil
2015-08-21,45.52903366088867,72.12999725341797,0.0,74.88999938964844,72.06999969482422,74.0999984741211,0.0,25488800,XOM,Exxon Mobil
2015-08-24,43.37662887573242,68.72000122070312,0.0,71.37999725341797,66.55000305175781,67.98999786376953,0.0,35531200,XOM,Exxon Mobil
2015-08-25,43.37031555175781,68.70999908447266,0.0,71.44000244140625,68.19999694824219,71.30999755859375,0.0,30409700,XOM,Exxon Mobil
2015-08-26,45.76258850097656,72.5,0.0,72.75,69.1500015258789,70.62999725341797,0.0,34436000,XOM,Exxon Mobil
2015-08-27,47.24594497680664,74.8499984741211,0.0,74.88999938964844,73.01000213623047,73.80000305175781,0.0,24571000,XOM,Exxon Mobil
2015-08-28,47.384803771972656,75.06999969482422,0.0,75.9800033569336,74.41000366210938,74.70999908447266,0.0,18997300,XOM,Exxon Mobil
2015-08-31,47.49210739135742,75.23999786376953,0.0,75.55000305175781,73.30000305175781,74.27999877929688,0.0,19570100,XOM,Exxon Mobil
2015-09-01,45.49749755859375,72.08000183105469,0.0,73.3499984741211,71.51000213623047,73.30000305175781,0.0,24092900,XOM,Exxon Mobil
2015-09-02,46.22338104248047,73.2300033569336,0.0,73.23999786376953,72.0,73.05999755859375,0.0,16936900,XOM,Exxon Mobil
2015-09-03,46.57686996459961,73.79000091552734,0.0,74.91000366210938,73.33999633789062,73.63999938964844,0.0,13451900,XOM,Exxon Mobil
2015-09-04,45.73735046386719,72.45999908447266,0.0,73.13999938964844,72.25,72.93000030517578,0.0,14902500,XOM,Exxon Mobil
2015-09-08,46.393798828125,73.5,0.0,73.72000122070312,72.97000122070312,73.72000122070312,0.0,13626900,XOM,Exxon Mobil
2015-09-09,45.446998596191406,72.0,0.0,74.68000030517578,71.8499984741211,74.37000274658203,0.0,17246200,XOM,Exxon Mobil
2015-09-10,45.77523422241211,72.5199966430664,0.0,72.9800033569336,71.80000305175781,72.80999755859375,0.0,12353900,XOM,Exxon Mobil
2015-09-11,45.882545471191406,72.69000244140625,0.0,72.72000122070312,72.01000213623047,72.4000015258789,0.0,12172300,XOM,Exxon Mobil
2015-09-14,45.75627899169922,72.48999786376953,0.0,72.58000183105469,71.76000213623047,72.30999755859375,0.0,10738500,XOM,Exxon Mobil
2015-09-15,45.98981857299805,72.86000061035156,0.0,73.30999755859375,72.41000366210938,72.44000244140625,0.0,11979800,XOM,Exxon Mobil
2015-09-16,46.898780822753906,74.30000305175781,0.0,74.69999694824219,73.37000274658203,73.51000213623047,0.0,15214200,XOM,Exxon Mobil
2015-09-17,46.99977493286133,74.45999908447266,0.0,75.47000122070312,73.8499984741211,74.41000366210938,0.0,15603000,XOM,Exxon Mobil
2015-09-18,45.8762092590332,72.68000030517578,0.0,73.55999755859375,72.12000274658203,73.26000213623047,0.0,23180200,XOM,Exxon Mobil
2015-09-21,46.32435989379883,73.38999938964844,0.0,73.61000061035156,72.7300033569336,73.0999984741211,0.0,10853000,XOM,Exxon Mobil
2015-09-22,45.914085388183594,72.73999786376953,0.0,73.5199966430664,72.0199966430664,72.3499984741211,0.0,14245200,XOM,Exxon Mobil
2015-09-23,45.6363525390625,72.30000305175781,0.0,73.19999694824219,72.29000091552734,72.87000274658203,0.0,13784800,XOM,Exxon Mobil
2015-09-24,45.90778350830078,72.7300033569336,0.0,73.1500015258789,71.72000122070312,72.0,0.0,14584200,XOM,Exxon Mobil
2015-09-25,46.22338104248047,73.2300033569336,0.0,73.52999877929688,72.76000213623047,73.29000091552734,0.0,15175300,XOM,Exxon Mobil
2015-09-28,45.825721740722656,72.5999984741211,0.0,73.45999908447266,72.4000015258789,72.62000274658203,0.0,14571900,XOM,Exxon Mobil
2015-09-29,46.05926513671875,72.97000122070312,0.0,73.19000244140625,72.13999938964844,72.6500015258789,0.0,13754400,XOM,Exxon Mobil
2015-09-30,46.930335998535156,74.3499984741211,0.0,74.3499984741211,73.33000183105469,73.4000015258789,0.0,18176500,XOM,Exxon Mobil
2015-10-01,46.74728012084961,74.05999755859375,0.0,75.58000183105469,73.30000305175781,75.19999694824219,0.0,14397800,XOM,Exxon Mobil
2015-10-02,47.896087646484375,75.87999725341797,0.0,75.9000015258789,73.02999877929688,73.38999938964844,0.0,18811300,XOM,Exxon Mobil
2015-10-05,48.48310852050781,76.80999755859375,0.0,77.1500015258789,75.79000091552734,76.6500015258789,0.0,18486700,XOM,Exxon Mobil
2015-10-06,49.164798736572266,77.88999938964844,0.0,78.55999755859375,76.26000213623047,76.95999908447266,0.0,18757900,XOM,Exxon Mobil
2015-10-07,49.99168395996094,79.19999694824219,0.0,79.29000091552734,77.52999877929688,78.97000122070312,0.0,18666300,XOM,Exxon Mobil
2015-10-08,50.51560592651367,80.02999877929688,0.0,80.11000061035156,78.54000091552734,79.30999755859375,0.0,14344700,XOM,Exxon Mobil
2015-10-09,50.029563903808594,79.26000213623047,0.0,80.16999816894531,78.62000274658203,80.05000305175781,0.0,17384700,XOM,Exxon Mobil
2015-10-12,50.054805755615234,79.30000305175781,0.0,79.58999633789062,78.72000122070312,79.58999633789062,0.0,9931800,XOM,Exxon Mobil
2015-10-13,49.96645736694336,79.16000366210938,0.0,79.55000305175781,78.48999786376953,78.72000122070312,0.0,12326600,XOM,Exxon Mobil
2015-10-14,50.59763717651367,80.16000366210938,0.0,80.4800033569336,78.77999877929688,78.97000122070312,0.0,14486000,XOM,Exxon Mobil
2015-10-15,51.430850982666016,81.4800033569336,0.0,81.52999877929688,79.9000015258789,80.19000244140625,0.0,13640900,XOM,Exxon Mobil
2015-10-16,52.06204605102539,82.4800033569336,0.0,82.5,81.44999694824219,82.26000213623047,0.0,14304400,XOM,Exxon Mobil
2015-10-19,51.121543884277344,80.98999786376953,0.0,82.16999816894531,80.76000213623047,82.01000213623047,0.0,14155800,XOM,Exxon Mobil
2015-10-20,51.02058029174805,80.83000183105469,0.0,81.05999755859375,80.19999694824219,80.55000305175781,0.0,12340100,XOM,Exxon Mobil
2015-10-21,50.62921142578125,80.20999908447266,0.0,81.1500015258789,80.11000061035156,80.86000061035156,0.0,10274900,XOM,Exxon Mobil
2015-10-22,52.32085418701172,82.88999938964844,0.0,82.95999908447266,80.66000366210938,80.68000030517578,0.0,14823500,XOM,Exxon Mobil
2015-10-23,52.377662658691406,82.9800033569336,0.0,83.0,81.88999938964844,82.41000366210938,0.0,13215700,XOM,Exxon Mobil
2015-10-26,51.266727447509766,81.22000122070312,0.0,82.7300033569336,81.16999816894531,82.5199966430664,0.0,12576400,XOM,Exxon Mobil
2015-10-27,51.18467712402344,81.08999633789062,0.0,81.16000366210938,79.7300033569336,80.56999969482422,0.0,13579400,XOM,Exxon Mobil
2015-10-28,51.93581771850586,82.27999877929688,0.0,82.58000183105469,80.93000030517578,81.30999755859375,0.0,12473000,XOM,Exxon Mobil
2015-10-29,51.90427017211914,82.2300033569336,0.0,83.22000122070312,81.79000091552734,81.79000091552734,0.0,10341200,XOM,Exxon Mobil
2015-10-30,52.22616958618164,82.73999786376953,0.0,83.87999725341797,81.26000213623047,82.47000122070312,0.0,18758600,XOM,Exxon Mobil
2015-11-02,53.82944869995117,85.27999877929688,0.0,85.93000030517578,82.08999633789062,82.30000305175781,0.0,21266500,XOM,Exxon Mobil
2015-11-03,54.8204345703125,86.8499984741211,0.0,87.44000244140625,85.58000183105469,85.66000366210938,0.0,20115900,XOM,Exxon Mobil
2015-11-04,54.271278381347656,85.9800033569336,0.0,87.08000183105469,85.69999694824219,86.7699966430664,0.0,14245400,XOM,Exxon Mobil
2015-11-05,53.53276824951172,84.80999755859375,0.0,86.2300033569336,84.5,85.55000305175781,0.0,12291100,XOM,Exxon Mobil
2015-11-06,53.31816101074219,84.47000122070312,0.0,84.47000122070312,83.22000122070312,83.93000030517578,0.0,12491700,XOM,Exxon Mobil
2015-11-09,52.178436279296875,81.94999694824219,0.73,83.5999984741211,81.80000305175781,83.55999755859375,0.0,13551200,XOM,Exxon Mobil
2015-11-10,52.43312454223633,82.3499984741211,0.0,82.61000061035156,81.86000061035156,81.93000030517578,0.0,14238000,XOM,Exxon Mobil
2015-11-11,51.96834182739258,81.62000274658203,0.0,82.55999755859375,81.4000015258789,82.41999816894531,0.0,9598000,XOM,Exxon Mobil
2015-11-12,50.56120300292969,79.41000366210938,0.0,81.27999877929688,79.31999969482422,80.56999969482422,0.0,16050600,XOM,Exxon Mobil
2015-11-13,49.727088928222656,78.0999984741211,0.0,79.58000183105469,77.94000244140625,79.27999877929688,0.0,17527300,XOM,Exxon Mobil
2015-11-16,51.50990676879883,80.9000015258789,0.0,80.98999786376953,77.91000366210938,77.94000244140625,0.0,14548100,XOM,Exxon Mobil
2015-11-17,50.91139602661133,79.95999908447266,0.0,80.87999725341797,79.62999725341797,80.70999908447266,0.0,10011700,XOM,Exxon Mobil
2015-11-18,51.40802001953125,80.73999786376953,0.0,80.9000015258789,79.58999633789062,79.88999938964844,0.0,10884600,XOM,Exxon Mobil
2015-11-19,51.12787628173828,80.30000305175781,0.0,80.77999877929688,80.04000091552734,80.51000213623047,0.0,9453300,XOM,Exxon Mobil
2015-11-20,50.80314636230469,79.79000091552734,0.0,80.94000244140625,79.6500015258789,80.56999969482422,0.0,10144400,XOM,Exxon Mobil
2015-11-23,51.11512756347656,80.27999877929688,0.0,80.70999908447266,79.05999755859375,79.5999984741211,0.0,11868400,XOM,Exxon Mobil
2015-11-24,52.13386535644531,81.87999725341797,0.0,82.3499984741211,80.19999694824219,80.3499984741211,0.0,15055500,XOM,Exxon Mobil
2015-11-25,51.73276901245117,81.25,0.0,82.16999816894531,81.0999984741211,81.30000305175781,0.0,8980400,XOM,Exxon Mobil
2015-11-27,51.72000503540039,81.2300033569336,0.0,81.26000213623047,80.45999908447266,80.58000183105469,0.0,4156600,XOM,Exxon Mobil
2015-11-30,51.99380111694336,81.66000366210938,0.0,82.6500015258789,81.25,81.41999816894531,0.0,17729200,XOM,Exxon Mobil
2015-12-01,52.140235900878906,81.88999938964844,0.0,82.12999725341797,81.2699966430664,81.76000213623047,0.0,13917000,XOM,Exxon Mobil
2015-12-02,50.65034484863281,79.55000305175781,0.0,81.63999938964844,79.41999816894531,81.30999755859375,0.0,16300000,XOM,Exxon Mobil
2015-12-03,49.92449188232422,78.41000366210938,0.0,79.8499984741211,78.0199966430664,79.72000122070312,0.0,14870300,XOM,Exxon Mobil
2015-12-04,50.21099853515625,78.86000061035156,0.0,78.9800033569336,77.02999877929688,77.3499984741211,0.0,20156400,XOM,Exxon Mobil
2015-12-07,48.89937973022461,76.80000305175781,0.0,77.5,75.75,77.33000183105469,0.0,17676100,XOM,Exxon Mobil
2015-12-08,47.517730712890625,74.62999725341797,0.0,76.3499984741211,73.79000091552734,75.2699966430664,0.0,24217600,XOM,Exxon Mobil
2015-12-09,48.15443801879883,75.62999725341797,0.0,77.19000244140625,74.7300033569336,74.83999633789062,0.0,22036300,XOM,Exxon Mobil
2015-12-10,48.192630767822266,75.69000244140625,0.0,77.5,75.5199966430664,75.80000305175781,0.0,20142400,XOM,Exxon Mobil
2015-12-11,47.33308029174805,74.33999633789062,0.0,75.54000091552734,74.33999633789062,74.81999969482422,0.0,20473100,XOM,Exxon Mobil
2015-12-14,48.409114837646484,76.02999877929688,0.0,76.22000122070312,74.08999633789062,74.30000305175781,0.0,21976500,XOM,Exxon Mobil
2015-12-15,50.573936462402344,79.43000030517578,0.0,79.5999984741211,77.33000183105469,77.43000030517578,0.0,24366800,XOM,Exxon Mobil
2015-12-16,50.39564895629883,79.1500015258789,0.0,79.61000061035156,78.0,79.04000091552734,0.0,17233900,XOM,Exxon Mobil
2015-12-17,49.637969970703125,77.95999908447266,0.0,79.2300033569336,77.94999694824219,79.0199966430664,0.0,17362900,XOM,Exxon Mobil
2015-12-18,49.205020904541016,77.27999877929688,0.0,78.77999877929688,77.05999755859375,77.56999969482422,0.0,28836000,XOM,Exxon Mobil
2015-12-21,49.1922607421875,77.26000213623047,0.0,78.0999984741211,76.6500015258789,77.79000091552734,0.0,14460500,XOM,Exxon Mobil
2015-12-22,49.44060134887695,77.6500015258789,0.0,77.9000015258789,77.20999908447266,77.69999694824219,0.0,13855800,XOM,Exxon Mobil
2015-12-23,51.05783462524414,80.19000244140625,0.0,80.22000122070312,78.31999969482422,78.68000030517578,0.0,15184200,XOM,Exxon Mobil
2015-12-24,50.51026916503906,79.33000183105469,0.0,80.2699966430664,79.12000274658203,80.2699966430664,0.0,5848300,XOM,Exxon Mobil
2015-12-28,50.134605407714844,78.73999786376953,0.0,78.86000061035156,77.91000366210938,78.12000274658203,0.0,9715800,XOM,Exxon Mobil
2015-12-29,50.40202331542969,79.16000366210938,0.0,80.08000183105469,78.83999633789062,79.98999786376953,0.0,8839000,XOM,Exxon Mobil
2015-12-30,49.73348617553711,78.11000061035156,0.0,78.98999786376953,77.97000122070312,78.31999969482422,0.0,9314600,XOM,Exxon Mobil
2015-12-31,49.63161087036133,77.94999694824219,0.0,78.44000244140625,77.43000030517578,77.51000213623047,0.0,10285500,XOM,Exxon Mobil
2016-01-04,49.31962585449219,77.45999908447266,0.0,77.94000244140625,76.45999908447266,77.5,0.0,20400100,XOM,Exxon Mobil
2016-01-05,49.7398567199707,78.12000274658203,0.0,78.13999938964844,76.91999816894531,77.19000244140625,0.0,11993500,XOM,Exxon Mobil
2016-01-06,49.32598114013672,77.47000122070312,0.0,77.63999938964844,76.58999633789062,76.63999938964844,0.0,18826900,XOM,Exxon Mobil
2016-01-07,48.53646469116211,76.2300033569336,0.0,77.98999786376953,75.9000015258789,76.05999755859375,0.0,21263800,XOM,Exxon Mobil
2016-01-08,47.55592346191406,74.69000244140625,0.0,76.6500015258789,74.5,76.3499984741211,0.0,19033600,XOM,Exxon Mobil
2016-01-11,46.91921615600586,73.69000244140625,0.0,75.12000274658203,72.55999755859375,75.01000213623047,0.0,21353000,XOM,Exxon Mobil
2016-01-12,47.880645751953125,75.19999694824219,0.0,75.41999816894531,73.1500015258789,74.12000274658203,0.0,21864100,XOM,Exxon Mobil
2016-01-13,48.16716766357422,75.6500015258789,0.0,77.05999755859375,74.94000244140625,75.8499984741211,0.0,26052700,XOM,Exxon Mobil
2016-01-14,50.37654113769531,79.12000274658203,0.0,79.91999816894531,75.80000305175781,76.20999908447266,0.0,33806700,XOM,Exxon Mobil
2016-01-15,49.396018981933594,77.58000183105469,0.0,78.16999816894531,76.30000305175781,76.33000183105469,0.0,28342100,XOM,Exxon Mobil
2016-01-19,48.64471435546875,76.4000015258789,0.0,78.23999786376953,75.19000244140625,77.93000030517578,0.0,22684500,XOM,Exxon Mobil
2016-01-20,46.59450912475586,73.18000030517578,0.0,75.72000122070312,71.55000305175781,75.06999969482422,0.0,33300800,XOM,Exxon Mobil
2016-01-21,47.180259704589844,74.0999984741211,0.0,74.98999786376953,72.61000061035156,73.16000366210938,0.0,22265600,XOM,Exxon Mobil
2016-01-22,48.7529296875,76.56999969482422,0.0,76.7699966430664,74.72000122070312,76.41999816894531,0.0,22530300,XOM,Exxon Mobil
2016-01-25,47.1038703918457,73.9800033569336,0.0,76.33999633789062,73.9000015258789,75.75,0.0,17086600,XOM,Exxon Mobil
2016-01-26,48.835723876953125,76.69999694824219,0.0,76.7699966430664,74.25,74.7699966430664,0.0,18724700,XOM,Exxon Mobil
2016-01-27,47.937957763671875,75.29000091552734,0.0,77.47000122070312,74.72000122070312,76.0,0.0,18106100,XOM,Exxon Mobil
2016-01-28,49.02035903930664,76.98999786376953,0.0,77.66000366210938,75.62000274658203,77.3499984741211,0.0,16157700,XOM,Exxon Mobil
2016-01-29,49.56793975830078,77.8499984741211,0.0,77.8499984741211,76.25,76.7300033569336,0.0,25161900,XOM,Exxon Mobil
2016-02-01,48.57466506958008,76.29000091552734,0.0,76.79000091552734,75.44000244140625,76.66000366210938,0.0,16754200,XOM,Exxon Mobil
2016-02-02,47.492244720458984,74.58999633789062,0.0,75.62000274658203,73.55000305175781,74.19000244140625,0.0,21404200,XOM,Exxon Mobil
2016-02-03,49.96907043457031,78.4800033569336,0.0,78.52999877929688,74.26000213623047,75.52999877929688,0.0,25873700,XOM,Exxon Mobil
2016-02-04,50.828617095947266,79.83000183105469,0.0,80.0,77.55999755859375,78.58000183105469,0.0,23658700,XOM,Exxon Mobil
2016-02-05,50.98778533935547,80.08000183105469,0.0,80.0999984741211,78.56999969482422,79.4000015258789,0.0,26719900,XOM,Exxon Mobil
2016-02-08,51.675437927246094,81.16000366210938,0.0,81.77999877929688,78.91000366210938,79.30000305175781,0.0,26601200,XOM,Exxon Mobil
2016-02-09,51.45058822631836,80.08000183105469,0.73,80.66999816894531,78.69000244140625,79.9800033569336,0.0,18418100,XOM,Exxon Mobil
2016-02-10,50.98155975341797,79.3499984741211,0.0,81.44999694824219,79.27999877929688,79.7699966430664,0.0,16610900,XOM,Exxon Mobil
2016-02-11,51.142189025878906,79.5999984741211,0.0,80.1500015258789,77.58000183105469,78.33999633789062,0.0,19331600,XOM,Exxon Mobil
2016-02-12,52.060943603515625,81.02999877929688,0.0,81.06999969482422,79.80999755859375,80.08000183105469,0.0,16767200,XOM,Exxon Mobil
2016-02-16,52.18301010131836,81.22000122070312,0.0,81.8499984741211,80.27999877929688,81.69999694824219,0.0,15912200,XOM,Exxon Mobil
2016-02-17,52.684165954589844,82.0,0.0,82.77999877929688,81.16000366210938,81.6500015258789,0.0,17006700,XOM,Exxon Mobil
2016-02-18,52.973262786865234,82.44999694824219,0.0,83.05999755859375,81.86000061035156,82.9000015258789,0.0,14873700,XOM,Exxon Mobil
2016-02-19,53.00539779663086,82.5,0.0,82.55000305175781,80.91000366210938,82.19000244140625,0.0,13615900,XOM,Exxon Mobil
2016-02-22,52.93472671508789,82.38999938964844,0.0,83.44000244140625,82.19999694824219,82.5,0.0,14595200,XOM,Exxon Mobil
2016-02-23,52.18944549560547,81.2300033569336,0.0,82.37000274658203,80.87999725341797,81.98999786376953,0.0,11041600,XOM,Exxon Mobil
2016-02-24,52.37574768066406,81.5199966430664,0.0,81.7699966430664,79.66999816894531,79.91000366210938,0.0,13777500,XOM,Exxon Mobil
2016-02-25,52.69058609008789,82.01000213623047,0.0,82.06999969482422,80.0199966430664,81.55999755859375,0.0,13706400,XOM,Exxon Mobil
2016-02-26,52.523536682128906,81.75,0.0,83.08000183105469,81.69000244140625,82.88999938964844,0.0,14343300,XOM,Exxon Mobil
2016-02-29,51.49555206298828,80.1500015258789,0.0,82.4000015258789,80.05000305175781,81.87999725341797,0.0,18903600,XOM,Exxon Mobil
2016-03-01,52.22156524658203,81.27999877929688,0.0,81.7699966430664,80.31999969482422,80.55999755859375,0.0,15730600,XOM,Exxon Mobil
2016-03-02,53.13388442993164,82.69999694824219,0.0,82.72000122070312,80.30999755859375,80.94999694824219,0.0,14094400,XOM,Exxon Mobil
2016-03-03,52.9411735534668,82.4000015258789,0.0,82.72000122070312,81.54000091552734,82.66000366210938,0.0,13216200,XOM,Exxon Mobil
2016-03-04,52.87046432495117,82.29000091552734,0.0,82.97000122070312,81.76000213623047,82.66000366210938,0.0,18402700,XOM,Exxon Mobil
2016-03-07,54.26466751098633,84.45999908447266,0.0,84.45999908447266,82.20999908447266,82.30999755859375,0.0,18945600,XOM,Exxon Mobil
2016-03-08,53.08892059326172,82.62999725341797,0.0,84.20999908447266,82.4800033569336,84.0,0.0,14003900,XOM,Exxon Mobil
2016-03-09,52.9411735534668,82.4000015258789,0.0,83.8499984741211,82.23999786376953,83.22000122070312,0.0,14139300,XOM,Exxon Mobil
2016-03-10,52.7997932434082,82.18000030517578,0.0,82.66000366210938,80.93000030517578,82.41999816894531,0.0,15898300,XOM,Exxon Mobil
2016-03-11,52.80622863769531,82.19000244140625,0.0,83.52999877929688,82.01000213623047,83.22000122070312,0.0,15370200,XOM,Exxon Mobil
2016-03-14,52.94758224487305,82.41000366210938,0.0,82.63999938964844,81.0199966430664,81.4800033569336,0.0,13344600,XOM,Exxon Mobil
2016-03-15,53.21100616455078,82.81999969482422,0.0,82.8499984741211,81.5199966430664,81.5999984741211,0.0,9213000,XOM,Exxon Mobil
2016-03-16,53.24313735961914,82.87000274658203,0.0,83.16000366210938,81.94000244140625,83.0199966430664,0.0,11492100,XOM,Exxon Mobil
2016-03-17,54.03337860107422,84.0999984741211,0.0,84.68000030517578,82.72000122070312,83.68000030517578,0.0,13673900,XOM,Exxon Mobil
2016-03-18,54.09763717651367,84.19999694824219,0.0,84.5999984741211,83.25,84.58999633789062,0.0,19637000,XOM,Exxon Mobil
2016-03-21,53.7249870300293,83.62000274658203,0.0,84.13999938964844,83.5,83.83999633789062,0.0,8385400,XOM,Exxon Mobil
2016-03-22,54.046234130859375,84.12000274658203,0.0,84.86000061035156,83.01000213623047,83.08000183105469,0.0,13005100,XOM,Exxon Mobil
2016-03-23,53.80849838256836,83.75,0.0,84.30000305175781,83.5199966430664,83.86000061035156,0.0,12748900,XOM,Exxon Mobil
2016-03-24,53.956295013427734,83.9800033569336,0.0,84.02999877929688,82.93000030517578,82.94000244140625,0.0,9368300,XOM,Exxon Mobil
2016-03-28,54.11050033569336,84.22000122070312,0.0,84.36000061035156,83.69999694824219,84.02999877929688,0.0,7490400,XOM,Exxon Mobil
2016-03-29,54.30963134765625,84.52999877929688,0.0,84.61000061035156,83.16000366210938,83.66999816894531,0.0,9977900,XOM,Exxon Mobil
2016-03-30,54.30322265625,84.5199966430664,0.0,85.05000305175781,84.0,85.02999877929688,0.0,10807000,XOM,Exxon Mobil
2016-03-31,53.705711364746094,83.58999633789062,0.0,85.0999984741211,83.58999633789062,84.06999969482422,0.0,13896900,XOM,Exxon Mobil
2016-04-01,53.30095291137695,82.95999908447266,0.0,83.38999938964844,82.38999938964844,82.4000015258789,0.0,12235300,XOM,Exxon Mobil
2016-04-04,53.429439544677734,83.16000366210938,0.0,83.9000015258789,82.77999877929688,83.05999755859375,0.0,8050200,XOM,Exxon Mobil
2016-04-05,52.8190803527832,82.20999908447266,0.0,83.12999725341797,81.98999786376953,82.61000061035156,0.0,10446800,XOM,Exxon Mobil
2016-04-06,53.52580642700195,83.30999755859375,0.0,83.45999908447266,82.30000305175781,82.69000244140625,0.0,9320200,XOM,Exxon Mobil
2016-04-07,52.921878814697266,82.37000274658203,0.0,83.16999816894531,82.05000305175781,82.76000213623047,0.0,8267100,XOM,Exxon Mobil
2016-04-08,53.46156692504883,83.20999908447266,0.0,83.44999694824219,82.8499984741211,83.30000305175781,0.0,9376200,XOM,Exxon Mobil
2016-04-11,53.53224563598633,83.31999969482422,0.0,84.23999786376953,83.27999877929688,83.33000183105469,0.0,9925000,XOM,Exxon Mobil
2016-04-12,54.19400405883789,84.3499984741211,0.0,84.62999725341797,83.37000274658203,83.69000244140625,0.0,9986100,XOM,Exxon Mobil
2016-04-13,54.50241470336914,84.83000183105469,0.0,84.91000366210938,84.04000091552734,84.5,0.0,9235700,XOM,Exxon Mobil
2016-04-14,54.88786315917969,85.43000030517578,0.0,85.9000015258789,84.76000213623047,85.0,0.0,10625800,XOM,Exxon Mobil
2016-04-15,54.59234619140625,84.97000122070312,0.0,85.66000366210938,84.77999877929688,85.30000305175781,0.0,11280200,XOM,Exxon Mobil
2016-04-18,55.112762451171875,85.77999877929688,0.0,85.86000061035156,83.86000061035156,84.97000122070312,0.0,9097000,XOM,Exxon Mobil
2016-04-19,55.38903045654297,86.20999908447266,0.0,86.30999755859375,85.22000122070312,85.8499984741211,0.0,10354500,XOM,Exxon Mobil
2016-04-20,55.76811981201172,86.80000305175781,0.0,87.44000244140625,85.97000122070312,86.2300033569336,0.0,15247100,XOM,Exxon Mobil
2016-04-21,55.76167678833008,86.79000091552734,0.0,87.83999633789062,86.56999969482422,86.58999633789062,0.0,12075300,XOM,Exxon Mobil
2016-04-22,56.23713302612305,87.52999877929688,0.0,87.63999938964844,86.81999969482422,87.23999786376953,0.0,9150800,XOM,Exxon Mobil
2016-04-25,56.10861587524414,87.33000183105469,0.0,87.4000015258789,86.3499984741211,87.08999633789062,0.0,8076400,XOM,Exxon Mobil
2016-04-26,56.30137252807617,87.62999725341797,0.0,87.94000244140625,87.05999755859375,87.75,0.0,9425900,XOM,Exxon Mobil
2016-04-27,56.83462142944336,88.45999908447266,0.0,88.72000122070312,87.33000183105469,87.94999694824219,0.0,10463500,XOM,Exxon Mobil
2016-04-28,56.558372497558594,88.02999877929688,0.0,88.77999877929688,87.5,87.86000061035156,0.0,11276200,XOM,Exxon Mobil
2016-04-29,56.79609298706055,88.4000015258789,0.0,89.77999877929688,87.73999786376953,88.68000030517578,0.0,17885900,XOM,Exxon Mobil
2016-05-02,57.26509094238281,89.12999725341797,0.0,89.4800033569336,88.08000183105469,88.23999786376953,0.0,10273700,XOM,Exxon Mobil
2016-05-03,56.60979080200195,88.11000061035156,0.0,88.62999725341797,87.36000061035156,88.4000015258789,0.0,10137400,XOM,Exxon Mobil
2016-05-04,56.500545501708984,87.94000244140625,0.0,88.73999786376953,87.5999984741211,88.30000305175781,0.0,10601100,XOM,Exxon Mobil
2016-05-05,56.56478500366211,88.04000091552734,0.0,88.97000122070312,87.62000274658203,88.76000213623047,0.0,8721100,XOM,Exxon Mobil
2016-05-06,56.86676788330078,88.51000213623047,0.0,88.68000030517578,87.45999908447266,87.45999908447266,0.0,7968400,XOM,Exxon Mobil
2016-05-09,56.90532302856445,88.56999969482422,0.0,88.76000213623047,87.2300033569336,88.5999984741211,0.0,11159500,XOM,Exxon Mobil
2016-05-10,57.81764602661133,89.98999786376953,0.0,90.0,88.81999969482422,88.9000015258789,0.0,12509100,XOM,Exxon Mobil
2016-05-11,57.53907012939453,88.80999755859375,0.75,89.68000030517578,88.72000122070312,89.16000366210938,0.0,11660200,XOM,Exxon Mobil
2016-05-12,58.09624099731445,89.66999816894531,0.0,89.93000030517578,89.1500015258789,89.80000305175781,0.0,10720500,XOM,Exxon Mobil
2016-05-13,57.441871643066406,88.66000366210938,0.0,89.66000366210938,88.51000213623047,89.27999877929688,0.0,9721100,XOM,Exxon Mobil
2016-05-16,58.03144836425781,89.56999969482422,0.0,89.66999816894531,89.0,89.19999694824219,0.0,8638700,XOM,Exxon Mobil
2016-05-17,58.00556182861328,89.52999877929688,0.0,89.91000366210938,89.16000366210938,89.2699966430664,0.0,9835600,XOM,Exxon Mobil
2016-05-18,57.888912200927734,89.3499984741211,0.0,90.0,88.6500015258789,89.80000305175781,0.0,9680300,XOM,Exxon Mobil
2016-05-19,58.381317138671875,90.11000061035156,0.0,90.16000366210938,88.44999694824219,88.61000061035156,0.0,14397900,XOM,Exxon Mobil
2016-05-20,58.14158248901367,89.73999786376953,0.0,90.4000015258789,89.37999725341797,90.38999938964844,0.0,13191900,XOM,Exxon Mobil
2016-05-23,58.050865173339844,89.5999984741211,0.0,89.9000015258789,88.81999969482422,89.0,0.0,11766100,XOM,Exxon Mobil
2016-05-24,58.09624099731445,89.66999816894531,0.0,90.4000015258789,89.55000305175781,89.88999938964844,0.0,10056600,XOM,Exxon Mobil
2016-05-25,58.47850036621094,90.26000213623047,0.0,90.37000274658203,89.58999633789062,89.8499984741211,0.0,9578400,XOM,Exxon Mobil
2016-05-26,58.18045425415039,89.80000305175781,0.0,90.45999908447266,89.2699966430664,90.25,0.0,7867900,XOM,Exxon Mobil
2016-05-27,58.31651306152344,90.01000213623047,0.0,90.05000305175781,89.31999969482422,89.4000015258789,0.0,7505900,XOM,Exxon Mobil
2016-05-31,57.67512130737305,89.0199966430664,0.0,90.19999694824219,88.7300033569336,90.0,0.0,13178800,XOM,Exxon Mobil
2016-06-01,57.81765365600586,89.23999786376953,0.0,89.44999694824219,88.12999725341797,88.43000030517578,0.0,7994800,XOM,Exxon Mobil
2016-06-02,57.357643127441406,88.52999877929688,0.0,88.52999877929688,87.61000061035156,88.20999908447266,0.0,9837500,XOM,Exxon Mobil
2016-06-03,57.253990173339844,88.37000274658203,0.0,88.83000183105469,88.02999877929688,88.44000244140625,0.0,9367100,XOM,Exxon Mobil
2016-06-06,57.88241195678711,89.33999633789062,0.0,89.5,88.69000244140625,88.87000274658203,0.0,8573000,XOM,Exxon Mobil
2016-06-07,58.77003860473633,90.70999908447266,0.0,90.91999816894531,89.70999908447266,89.75,0.0,12889100,XOM,Exxon Mobil
2016-06-08,58.82187271118164,90.79000091552734,0.0,91.30000305175781,90.52999877929688,91.02999877929688,0.0,9983000,XOM,Exxon Mobil
2016-06-09,58.74414825439453,90.66999816894531,0.0,91.02999877929688,90.11000061035156,90.18000030517578,0.0,8974300,XOM,Exxon Mobil
2016-06-10,58.29708480834961,89.9800033569336,0.0,90.91999816894531,89.77999877929688,90.4000015258789,0.0,10353800,XOM,Exxon Mobil
2016-06-13,58.69230651855469,90.58999633789062,0.0,91.43000030517578,89.69999694824219,89.91999816894531,0.0,11370000,XOM,Exxon Mobil
2016-06-14,58.588619232177734,90.43000030517578,0.0,90.87000274658203,89.8499984741211,90.44999694824219,0.0,10161000,XOM,Exxon Mobil
2016-06-15,58.413719177246094,90.16000366210938,0.0,90.9000015258789,90.0,90.2300033569336,0.0,10655800,XOM,Exxon Mobil
2016-06-16,59.100486755371094,91.22000122070312,0.0,91.38999938964844,89.11000061035156,89.69999694824219,0.0,12824800,XOM,Exxon Mobil
2016-06-17,58.77651596069336,90.72000122070312,0.0,91.58999633789062,90.19000244140625,91.48999786376953,0.0,17483200,XOM,Exxon Mobil
2016-06-20,59.03568649291992,91.12000274658203,0.0,91.58999633789062,91.06999969482422,91.29000091552734,0.0,9388500,XOM,Exxon Mobil
2016-06-21,59.30131912231445,91.52999877929688,0.0,91.63999938964844,90.25,90.72000122070312,0.0,8557500,XOM,Exxon Mobil
2016-06-22,59.068084716796875,91.16999816894531,0.0,91.93000030517578,91.01000213623047,91.83999633789062,0.0,8785400,XOM,Exxon Mobil
2016-06-23,59.47626495361328,91.80000305175781,0.0,92.06999969482422,91.19000244140625,91.93000030517578,0.0,9464500,XOM,Exxon Mobil
2016-06-24,57.914833068847656,89.38999938964844,0.0,90.80000305175781,89.1500015258789,89.87999725341797,0.0,20010500,XOM,Exxon Mobil
2016-06-27,57.57146453857422,88.86000061035156,0.0,89.0999984741211,88.11000061035156,88.9000015258789,0.0,14169400,XOM,Exxon Mobil
2016-06-28,58.899627685546875,90.91000366210938,0.0,90.93000030517578,89.5199966430664,89.7300033569336,0.0,13254300,XOM,Exxon Mobil
2016-06-29,59.903839111328125,92.45999908447266,0.0,92.69999694824219,91.12000274658203,91.41000366210938,0.0,13920600,XOM,Exxon Mobil
2016-06-30,60.73313522338867,93.73999786376953,0.0,93.83000183105469,92.30000305175781,92.33000183105469,0.0,14073700,XOM,Exxon Mobil
2016-07-01,60.797935485839844,93.83999633789062,0.0,93.9800033569336,93.06999969482422,93.36000061035156,0.0,9946300,XOM,Exxon Mobil
2016-07-05,60.26667785644531,93.0199966430664,0.0,93.5999984741211,92.25,93.12000274658203,0.0,10744100,XOM,Exxon Mobil
2016-07-06,60.95990753173828,94.08999633789062,0.0,94.12000274658203,92.44000244140625,93.3499984741211,0.0,13144400,XOM,Exxon Mobil
2016-07-07,60.22779846191406,92.95999908447266,0.0,94.48999786376953,92.3499984741211,94.33999633789062,0.0,12240700,XOM,Exxon Mobil
2016-07-08,60.60357666015625,93.54000091552734,0.0,93.77999877929688,92.91999816894531,93.38999938964844,0.0,9807600,XOM,Exxon Mobil
2016-07-11,60.83033752441406,93.88999938964844,0.0,94.41000366210938,93.6500015258789,93.75,0.0,8335700,XOM,Exxon Mobil
2016-07-12,61.51708984375,94.94999694824219,0.0,94.94999694824219,94.08999633789062,94.66999816894531,0.0,9870800,XOM,Exxon Mobil
2016-07-13,61.47173309326172,94.87999725341797,0.0,94.91999816894531,94.11000061035156,94.6500015258789,0.0,9458200,XOM,Exxon Mobil
2016-07-14,61.51708984375,94.94999694824219,0.0,95.52999877929688,94.62000274658203,95.05000305175781,0.0,9293500,XOM,Exxon Mobil
2016-07-15,61.62725830078125,95.12000274658203,0.0,95.55000305175781,94.63999938964844,95.44000244140625,0.0,10334500,XOM,Exxon Mobil
2016-07-18,61.432857513427734,94.81999969482422,0.0,95.1500015258789,94.4000015258789,94.91999816894531,0.0,9865900,XOM,Exxon Mobil
2016-07-19,61.20612335205078,94.47000122070312,0.0,94.94000244140625,94.19999694824219,94.76000213623047,0.0,5901800,XOM,Exxon Mobil
2016-07-20,60.85626983642578,93.93000030517578,0.0,94.41999816894531,93.80000305175781,94.25,0.0,7383800,XOM,Exxon Mobil
2016-07-21,60.80445098876953,93.8499984741211,0.0,94.26000213623047,93.45999908447266,93.88999938964844,0.0,6854600,XOM,Exxon Mobil
2016-07-22,60.90808868408203,94.01000213623047,0.0,94.29000091552734,93.72000122070312,94.11000061035156,0.0,7139700,XOM,Exxon Mobil
2016-07-25,59.735389709472656,92.19999694824219,0.0,93.62000274658203,91.76000213623047,93.47000122070312,0.0,10845900,XOM,Exxon Mobil
2016-07-26,59.30131912231445,91.52999877929688,0.0,92.02999877929688,91.11000061035156,91.62999725341797,0.0,12143500,XOM,Exxon Mobil
2016-07-27,58.899627685546875,90.91000366210938,0.0,91.80999755859375,90.62999725341797,91.51000213623047,0.0,10037900,XOM,Exxon Mobil
2016-07-28,58.439613342285156,90.19999694824219,0.0,90.7300033569336,89.61000061035156,90.54000091552734,0.0,12439200,XOM,Exxon Mobil
2016-07-29,57.62975311279297,88.94999694824219,0.0,89.01000213623047,86.12000274658203,87.61000061035156,0.0,23928100,XOM,Exxon Mobil
2016-08-01,55.62779235839844,85.86000061035156,0.0,88.1500015258789,85.58999633789062,88.08000183105469,0.0,22908400,XOM,Exxon Mobil
2016-08-02,56.39228439331055,87.04000091552734,0.0,87.31999969482422,85.58000183105469,86.44999694824219,0.0,18919200,XOM,Exxon Mobil
2016-08-03,56.683841705322266,87.48999786376953,0.0,87.48999786376953,86.5999984741211,87.01000213623047,0.0,14632900,XOM,Exxon Mobil
2016-08-04,56.6773567199707,87.4800033569336,0.0,87.6500015258789,87.02999877929688,87.5,0.0,13451400,XOM,Exxon Mobil
2016-08-05,56.72919845581055,87.55999755859375,0.0,87.83000183105469,87.1500015258789,87.7300033569336,0.0,9617300,XOM,Exxon Mobil
2016-08-08,57.39651107788086,88.58999633789062,0.0,88.88999938964844,88.02999877929688,88.05000305175781,0.0,10492700,XOM,Exxon Mobil
2016-08-09,57.4677848815918,88.69999694824219,0.0,88.76000213623047,88.18000030517578,88.62000274658203,0.0,9654600,XOM,Exxon Mobil
2016-08-10,56.461524963378906,86.41000366210938,0.75,87.91999816894531,86.01000213623047,87.77999877929688,0.0,12714800,XOM,Exxon Mobil
2016-08-11,56.66408920288086,86.72000122070312,0.0,87.2699966430664,86.26000213623047,86.69000244140625,0.0,11616000,XOM,Exxon Mobil
2016-08-12,57.402435302734375,87.8499984741211,0.0,87.9800033569336,86.9000015258789,86.95999908447266,0.0,9986900,XOM,Exxon Mobil
2016-08-15,57.376319885253906,87.80999755859375,0.0,88.5,87.63999938964844,88.41999816894531,0.0,6432600,XOM,Exxon Mobil
2016-08-16,57.44817352294922,87.91999816894531,0.0,88.18000030517578,87.37000274658203,87.83000183105469,0.0,6817900,XOM,Exxon Mobil
2016-08-17,57.57233810424805,88.11000061035156,0.0,88.18000030517578,87.66000366210938,87.91999816894531,0.0,7104600,XOM,Exxon Mobil
2016-08-18,58.09506607055664,88.91000366210938,0.0,88.94000244140625,88.12000274658203,88.37999725341797,0.0,10342700,XOM,Exxon Mobil
2016-08-19,57.369781494140625,87.80000305175781,0.0,88.73999786376953,87.79000091552734,88.62999725341797,0.0,8615300,XOM,Exxon Mobil
2016-08-22,57.493919372558594,87.98999786376953,0.0,88.0999984741211,86.8499984741211,87.30999755859375,0.0,8235400,XOM,Exxon Mobil
2016-08-23,57.31749725341797,87.72000122070312,0.0,88.0199966430664,87.55999755859375,87.83999633789062,0.0,6514800,XOM,Exxon Mobil
2016-08-24,57.51350784301758,88.0199966430664,0.0,88.16000366210938,87.3499984741211,87.5,0.0,7985400,XOM,Exxon Mobil
2016-08-25,57.147605895996094,87.45999908447266,0.0,88.02999877929688,87.23999786376953,88.0199966430664,0.0,6935300,XOM,Exxon Mobil
2016-08-26,57.02346420288086,87.2699966430664,0.0,88.11000061035156,87.0,87.62999725341797,0.0,6474400,XOM,Exxon Mobil
2016-08-29,57.395896911621094,87.83999633789062,0.0,87.91999816894531,87.04000091552734,87.04000091552734,0.0,7027200,XOM,Exxon Mobil
2016-08-30,57.18681716918945,87.5199966430664,0.0,88.25,87.37000274658203,87.87000274658203,0.0,6441100,XOM,Exxon Mobil
2016-08-31,56.938533782958984,87.13999938964844,0.0,87.20999908447266,86.22000122070312,87.13999938964844,0.0,12491400,XOM,Exxon Mobil
2016-09-01,56.742488861083984,86.83999633789062,0.0,86.83999633789062,86.08999633789062,86.72000122070312,0.0,8434700,XOM,Exxon Mobil
2016-09-02,57.1214714050293,87.41999816894531,0.0,87.58000183105469,86.93000030517578,87.41999816894531,0.0,7099600,XOM,Exxon Mobil
2016-09-06,57.8729133605957,88.56999969482422,0.0,88.63999938964844,87.66000366210938,87.83999633789062,0.0,9851200,XOM,Exxon Mobil
2016-09-07,57.65726852416992,88.23999786376953,0.0,88.66999816894531,87.97000122070312,88.6500015258789,0.0,7470400,XOM,Exxon Mobil
2016-09-08,58.18655014038086,89.05000305175781,0.0,89.37000274658203,88.04000091552734,88.55000305175781,0.0,9579500,XOM,Exxon Mobil
2016-09-09,56.742488861083984,86.83999633789062,0.0,88.66000366210938,86.80000305175781,88.66000366210938,0.0,12820200,XOM,Exxon Mobil
2016-09-12,57.03653335571289,87.29000091552734,0.0,87.70999908447266,86.62999725341797,86.77999877929688,0.0,10889000,XOM,Exxon Mobil
2016-09-13,55.67743682861328,85.20999908447266,0.0,86.47000122070312,85.08000183105469,86.45999908447266,0.0,13214300,XOM,Exxon Mobil
2016-09-14,55.27883529663086,84.5999984741211,0.0,85.83000183105469,84.2699966430664,85.04000091552734,0.0,13957000,XOM,Exxon Mobil
2016-09-15,55.59247970581055,85.08000183105469,0.0,85.6500015258789,84.5199966430664,84.66999816894531,0.0,9062600,XOM,Exxon Mobil
2016-09-16,54.906394958496094,84.02999877929688,0.0,85.05000305175781,83.55999755859375,84.51000213623047,0.0,21538400,XOM,Exxon Mobil
2016-09-19,54.775718688964844,83.83000183105469,0.0,84.62000274658203,83.80999755859375,84.58000183105469,0.0,7929100,XOM,Exxon Mobil
2016-09-20,53.932830810546875,82.54000091552734,0.0,83.94999694824219,82.54000091552734,83.7300033569336,0.0,17522000,XOM,Exxon Mobil
2016-09-21,54.429420471191406,83.30000305175781,0.0,83.62000274658203,82.30999755859375,82.81999969482422,0.0,15055900,XOM,Exxon Mobil
2016-09-22,54.58622741699219,83.54000091552734,0.0,84.55000305175781,83.37999725341797,84.27999877929688,0.0,10738500,XOM,Exxon Mobil
2016-09-23,54.52743911743164,83.44999694824219,0.0,84.30999755859375,82.58999633789062,82.68000030517578,0.0,12667100,XOM,Exxon Mobil
2016-09-26,54.27259063720703,83.05999755859375,0.0,84.5,82.93000030517578,83.5199966430664,0.0,10860300,XOM,Exxon Mobil
2016-09-27,54.39020919799805,83.23999786376953,0.0,83.33999633789062,82.29000091552734,82.58999633789062,0.0,9595000,XOM,Exxon Mobil
2016-09-28,56.78171920776367,86.9000015258789,0.0,87.2300033569336,83.33999633789062,83.45999908447266,0.0,28117900,XOM,Exxon Mobil
2016-09-29,56.494197845458984,86.45999908447266,0.0,87.19999694824219,85.68000030517578,86.97000122070312,0.0,19082900,XOM,Exxon Mobil
2016-09-30,57.02999496459961,87.27999877929688,0.0,87.80999755859375,86.6500015258789,86.83999633789062,0.0,15961500,XOM,Exxon Mobil
2016-10-03,56.87971115112305,87.05000305175781,0.0,87.19999694824219,86.54000091552734,86.94000244140625,0.0,7111200,XOM,Exxon Mobil
2016-10-04,56.35700225830078,86.25,0.0,87.5,86.06999969482422,87.37999725341797,0.0,8222000,XOM,Exxon Mobil
2016-10-05,56.84706497192383,87.0,0.0,87.16999816894531,86.69999694824219,86.83000183105469,0.0,8796200,XOM,Exxon Mobil
2016-10-06,56.8731803894043,87.04000091552734,0.0,87.47000122070312,86.44000244140625,87.25,0.0,7718300,XOM,Exxon Mobil
2016-10-07,56.677162170410156,86.73999786376953,0.0,87.4000015258789,86.41999816894531,86.94999694824219,0.0,6614900,XOM,Exxon Mobil
2016-10-10,57.7879638671875,88.44000244140625,0.0,88.66999816894531,87.51000213623047,87.54000091552734,0.0,10060000,XOM,Exxon Mobil
2016-10-11,57.33056640625,87.73999786376953,0.0,88.19000244140625,87.30000305175781,88.08000183105469,0.0,9309000,XOM,Exxon Mobil
2016-10-12,56.931976318359375,87.12999725341797,0.0,87.72000122070312,86.66999816894531,87.22000122070312,0.0,8172600,XOM,Exxon Mobil
2016-10-13,56.559532165527344,86.55999755859375,0.0,86.87000274658203,85.43000030517578,86.3499984741211,0.0,9890300,XOM,Exxon Mobil
2016-10-14,56.54647445678711,86.54000091552734,0.0,87.54000091552734,86.4800033569336,87.19000244140625,0.0,7991700,XOM,Exxon Mobil
2016-10-17,56.54647445678711,86.54000091552734,0.0,86.79000091552734,86.06999969482422,86.4800033569336,0.0,7263100,XOM,Exxon Mobil
2016-10-18,56.6967658996582,86.7699966430664,0.0,87.33000183105469,86.37999725341797,87.16999816894531,0.0,5429300,XOM,Exxon Mobil
2016-10-19,56.9581184387207,87.16999816894531,0.0,87.8499984741211,86.87999725341797,87.19000244140625,0.0,9373400,XOM,Exxon Mobil
2016-10-20,56.984256744384766,87.20999908447266,0.0,87.5,86.5999984741211,86.79000091552734,0.0,6866900,XOM,Exxon Mobil
2016-10-21,56.598758697509766,86.62000274658203,0.0,86.81999969482422,85.69999694824219,86.41999816894531,0.0,10736200,XOM,Exxon Mobil
2016-10-24,56.78824234008789,86.91000366210938,0.0,87.31999969482422,86.06999969482422,86.73999786376953,0.0,8354900,XOM,Exxon Mobil
2016-10-25,56.66408920288086,86.72000122070312,0.0,87.6500015258789,86.5999984741211,86.66999816894531,0.0,6835900,XOM,Exxon Mobil
2016-10-26,56.90584182739258,87.08999633789062,0.0,87.44999694824219,85.94999694824219,86.25,0.0,8488100,XOM,Exxon Mobil
2016-10-27,56.79478073120117,86.91999816894531,0.0,87.66000366210938,86.80000305175781,87.27999877929688,0.0,9071100,XOM,Exxon Mobil
2016-10-28,55.396461486816406,84.77999877929688,0.0,86.36000061035156,84.13999938964844,85.27999877929688,0.0,19072200,XOM,Exxon Mobil
2016-10-31,54.44247817993164,83.31999969482422,0.0,84.4000015258789,82.98999786376953,83.87999725341797,0.0,16663800,XOM,Exxon Mobil
2016-11-01,54.6580924987793,83.6500015258789,0.0,83.91999816894531,83.2699966430664,83.5,0.0,13050600,XOM,Exxon Mobil
2016-11-02,54.52743911743164,83.44999694824219,0.0,83.87999725341797,82.94000244140625,83.30000305175781,0.0,11226100,XOM,Exxon Mobil
2016-11-03,54.66463088989258,83.66000366210938,0.0,83.87999725341797,83.05000305175781,83.68000030517578,0.0,8836500,XOM,Exxon Mobil
2016-11-04,54.60582733154297,83.56999969482422,0.0,84.33000183105469,82.76000213623047,83.62999725341797,0.0,13877100,XOM,Exxon Mobil
2016-11-07,55.8342399597168,85.44999694824219,0.0,85.47000122070312,84.4000015258789,84.48999786376953,0.0,13576200,XOM,Exxon Mobil
2016-11-08,56.236358642578125,85.30999755859375,0.75,85.83000183105469,84.48999786376953,84.7300033569336,0.0,9735200,XOM,Exxon Mobil
2016-11-09,56.856021881103516,86.25,0.0,86.70999908447266,83.66000366210938,84.05000305175781,0.0,15901300,XOM,Exxon Mobil
2016-11-10,57.38337707519531,87.05000305175781,0.0,87.98999786376953,85.66000366210938,85.91000366210938,0.0,14106100,XOM,Exxon Mobil
2016-11-11,56.47370147705078,85.66999816894531,0.0,86.7300033569336,84.88999938964844,86.52999877929688,0.0,13812200,XOM,Exxon Mobil
2016-11-14,56.21658706665039,85.27999877929688,0.0,85.6500015258789,84.33000183105469,85.30000305175781,0.0,12607500,XOM,Exxon Mobil
2016-11-15,57.231746673583984,86.81999969482422,0.0,87.05999755859375,85.7699966430664,85.7699966430664,0.0,12883500,XOM,Exxon Mobil
2016-11-16,56.52640914916992,85.75,0.0,86.77999877929688,85.58000183105469,86.73999786376953,0.0,8201200,XOM,Exxon Mobil
2016-11-17,56.18363571166992,85.2300033569336,0.0,86.87999725341797,85.0199966430664,86.44000244140625,0.0,8200500,XOM,Exxon Mobil
2016-11-18,56.21658706665039,85.27999877929688,0.0,85.6500015258789,84.83000183105469,85.20999908447266,0.0,8457800,XOM,Exxon Mobil
2016-11-21,57.014217376708984,86.48999786376953,0.0,86.69000244140625,86.13999938964844,86.44000244140625,0.0,8861500,XOM,Exxon Mobil
2016-11-22,57.139461517333984,86.68000030517578,0.0,87.23999786376953,85.97000122070312,86.69000244140625,0.0,9390200,XOM,Exxon Mobil
2016-11-23,57.29767608642578,86.91999816894531,0.0,87.08000183105469,86.30999755859375,86.54000091552734,0.0,5996300,XOM,Exxon Mobil
2016-11-25,57.42952346801758,87.12000274658203,0.0,87.13999938964844,86.54000091552734,86.70999908447266,0.0,5042300,XOM,Exxon Mobil
2016-11-28,57.001041412353516,86.47000122070312,0.0,87.12999725341797,86.37000274658203,86.94999694824219,0.0,7449600,XOM,Exxon Mobil
2016-11-29,56.62529373168945,85.9000015258789,0.0,86.08000183105469,85.08000183105469,85.41999816894531,0.0,9181100,XOM,Exxon Mobil
2016-11-30,57.548194885253906,87.30000305175781,0.0,88.19000244140625,87.19999694824219,87.5999984741211,0.0,22696200,XOM,Exxon Mobil
2016-12-01,57.508609771728516,87.23999786376953,0.0,88.5,87.23999786376953,87.9800033569336,0.0,13005600,XOM,Exxon Mobil
2016-12-02,57.376792907714844,87.04000091552734,0.0,87.98999786376953,86.5999984741211,87.19000244140625,0.0,9706600,XOM,Exxon Mobil
2016-12-05,57.66684341430664,87.4800033569336,0.0,87.81999969482422,86.91999816894531,87.38999938964844,0.0,11741100,XOM,Exxon Mobil
2016-12-06,57.71957778930664,87.55999755859375,0.0,87.87000274658203,86.69999694824219,87.2699966430664,0.0,11293600,XOM,Exxon Mobil
2016-12-07,58.055763244628906,88.06999969482422,0.0,88.1500015258789,87.19999694824219,87.62999725341797,0.0,11182600,XOM,Exxon Mobil
2016-12-08,58.220542907714844,88.31999969482422,0.0,88.8499984741211,87.6500015258789,88.05000305175781,0.0,9086700,XOM,Exxon Mobil
2016-12-09,58.6688117980957,89.0,0.0,89.0,88.18000030517578,88.63999938964844,0.0,8021700,XOM,Exxon Mobil
2016-12-12,59.97403335571289,90.9800033569336,0.0,91.5,90.13999938964844,90.13999938964844,0.0,15545400,XOM,Exxon Mobil
2016-12-13,61.028743743896484,92.58000183105469,0.0,93.22000122070312,91.16999816894531,91.88999938964844,0.0,18829300,XOM,Exxon Mobil
2016-12-14,59.71033477783203,90.58000183105469,0.0,92.2699966430664,90.16999816894531,92.26000213623047,0.0,16325400,XOM,Exxon Mobil
2016-12-15,59.914703369140625,90.88999938964844,0.0,90.9800033569336,89.76000213623047,90.0999984741211,0.0,11155100,XOM,Exxon Mobil
2016-12-16,60.10587692260742,91.18000030517578,0.0,91.66999816894531,90.63999938964844,91.5199966430664,0.0,20560400,XOM,Exxon Mobil
2016-12-19,59.60487747192383,90.41999816894531,0.0,91.54000091552734,90.19999694824219,91.37999725341797,0.0,9674400,XOM,Exxon Mobil
2016-12-20,59.61146545410156,90.43000030517578,0.0,90.8499984741211,90.29000091552734,90.51000213623047,0.0,7221000,XOM,Exxon Mobil
2016-12-21,59.512603759765625,90.27999877929688,0.0,90.9000015258789,90.18000030517578,90.68000030517578,0.0,7308000,XOM,Exxon Mobil
2016-12-22,59.90153503417969,90.87000274658203,0.0,90.9000015258789,90.0199966430664,90.0199966430664,0.0,8003100,XOM,Exxon Mobil
2016-12-23,59.79604721069336,90.70999908447266,0.0,90.95999908447266,90.5199966430664,90.88999938964844,0.0,4266500,XOM,Exxon Mobil
2016-12-27,59.822425842285156,90.75,0.0,91.11000061035156,90.58000183105469,90.83000183105469,0.0,4960600,XOM,Exxon Mobil
2016-12-28,59.525794982910156,90.30000305175781,0.0,91.11000061035156,90.26000213623047,90.68000030517578,0.0,6745900,XOM,Exxon Mobil
2016-12-29,59.55873489379883,90.3499984741211,0.0,90.5999984741211,90.02999877929688,90.0999984741211,0.0,6684700,XOM,Exxon Mobil
2016-12-30,59.49942398071289,90.26000213623047,0.0,90.69999694824219,90.01000213623047,90.02999877929688,0.0,9117800,XOM,Exxon Mobil
2017-01-03,59.914703369140625,90.88999938964844,0.0,91.33999633789062,90.1500015258789,90.94000244140625,0.0,10360600,XOM,Exxon Mobil
2017-01-04,59.2554931640625,89.88999938964844,0.0,91.1500015258789,89.75,91.12000274658203,0.0,9434200,XOM,Exxon Mobil
2017-01-05,58.372196197509766,88.55000305175781,0.0,90.30000305175781,88.44000244140625,90.19000244140625,0.0,14443200,XOM,Exxon Mobil
2017-01-06,58.339210510253906,88.5,0.0,88.9800033569336,87.81999969482422,88.79000091552734,0.0,16518100,XOM,Exxon Mobil
2017-01-09,57.376792907714844,87.04000091552734,0.0,88.22000122070312,86.55000305175781,88.22000122070312,0.0,13762300,XOM,Exxon Mobil
2017-01-10,56.64507293701172,85.93000030517578,0.0,87.30999755859375,85.91000366210938,87.16999816894531,0.0,13283100,XOM,Exxon Mobil
2017-01-11,57.22516632080078,86.80999755859375,0.0,86.94999694824219,85.86000061035156,85.9000015258789,0.0,11183700,XOM,Exxon Mobil
2017-01-12,56.915348052978516,86.33999633789062,0.0,87.37999725341797,86.06999969482422,87.2699966430664,0.0,10407000,XOM,Exxon Mobil
2017-01-13,56.921932220458984,86.3499984741211,0.0,86.68000030517578,86.16999816894531,86.2699966430664,0.0,8415600,XOM,Exxon Mobil
2017-01-17,57.58772659301758,87.36000061035156,0.0,87.38999938964844,86.25,86.58000183105469,0.0,13237300,XOM,Exxon Mobil
2017-01-18,56.87578582763672,86.27999877929688,0.0,87.41000366210938,86.05000305175781,87.05999755859375,0.0,11831700,XOM,Exxon Mobil
2017-01-19,55.85404586791992,84.7300033569336,0.0,86.0999984741211,84.58999633789062,85.97000122070312,0.0,16382900,XOM,Exxon Mobil
2017-01-20,56.618717193603516,85.88999938964844,0.0,85.95999908447266,85.05000305175781,85.44000244140625,0.0,18739700,XOM,Exxon Mobil
2017-01-23,56.01224899291992,84.97000122070312,0.0,85.87999725341797,84.75,85.68000030517578,0.0,11433900,XOM,Exxon Mobil
2017-01-24,56.091331481933594,85.08999633789062,0.0,85.47000122070312,84.83000183105469,84.9800033569336,0.0,11858100,XOM,Exxon Mobil
2017-01-25,56.256134033203125,85.33999633789062,0.0,85.87999725341797,85.25,85.33999633789062,0.0,9578500,XOM,Exxon Mobil
2017-01-26,56.42753601074219,85.5999984741211,0.0,85.83000183105469,85.12000274658203,85.69000244140625,0.0,8779400,XOM,Exxon Mobil
2017-01-27,56.36820602416992,85.51000213623047,0.0,85.75,85.04000091552734,85.30000305175781,0.0,10947900,XOM,Exxon Mobil
2017-01-30,55.939735412597656,84.86000061035156,0.0,85.44999694824219,84.18000030517578,85.41999816894531,0.0,12789200,XOM,Exxon Mobil
2017-01-31,55.30031204223633,83.88999938964844,0.0,85.06999969482422,83.12999725341797,85.04000091552734,0.0,19128100,XOM,Exxon Mobil
2017-02-01,54.674076080322266,82.94000244140625,0.0,84.16000366210938,82.54000091552734,84.0,0.0,15111800,XOM,Exxon Mobil
2017-02-02,55.01028060913086,83.44999694824219,0.0,83.52999877929688,82.55000305175781,83.20999908447266,0.0,12200100,XOM,Exxon Mobil
2017-02-03,55.069583892822266,83.54000091552734,0.0,83.72000122070312,82.9000015258789,83.69999694824219,0.0,12746300,XOM,Exxon Mobil
2017-02-06,54.917964935302734,83.30999755859375,0.0,83.6500015258789,82.93000030517578,83.55000305175781,0.0,9938200,XOM,Exxon Mobil
2017-02-07,54.56199645996094,82.7699966430664,0.0,83.62000274658203,82.44999694824219,83.2300033569336,0.0,11705200,XOM,Exxon Mobil
2017-02-08,54.2027702331543,81.4800033569336,0.75,82.12000274658203,81.16999816894531,81.98999786376953,0.0,14006300,XOM,Exxon Mobil
2017-02-09,54.44224548339844,81.83999633789062,0.0,82.05000305175781,81.4800033569336,81.4800033569336,0.0,9603000,XOM,Exxon Mobil
2017-02-10,54.89459228515625,82.5199966430664,0.0,82.7699966430664,82.12999725341797,82.26000213623047,0.0,8739800,XOM,Exxon Mobil
2017-02-13,55.213924407958984,83.0,0.0,83.18000030517578,82.3499984741211,82.7699966430664,0.0,9071600,XOM,Exxon Mobil
2017-02-14,55.09418869018555,82.81999969482422,0.0,83.0999984741211,82.05999755859375,82.91000366210938,0.0,11370500,XOM,Exxon Mobil
2017-02-15,55.32037353515625,83.16000366210938,0.0,83.18000030517578,82.45999908447266,82.63999938964844,0.0,11768500,XOM,Exxon Mobil
2017-02-16,54.74828338623047,82.30000305175781,0.0,83.41999816894531,82.16999816894531,83.12000274658203,0.0,10615000,XOM,Exxon Mobil
2017-02-17,54.389034271240234,81.76000213623047,0.0,82.19000244140625,81.44000244140625,82.08999633789062,0.0,15646000,XOM,Exxon Mobil
2017-02-21,54.47551727294922,81.88999938964844,0.0,82.1500015258789,81.30000305175781,82.12000274658203,0.0,16419600,XOM,Exxon Mobil
2017-02-22,53.8369140625,80.93000030517578,0.0,81.69999694824219,80.87000274658203,81.6500015258789,0.0,12917400,XOM,Exxon Mobil
2017-02-23,54.40234375,81.77999877929688,0.0,82.22000122070312,81.02999877929688,81.41999816894531,0.0,13847000,XOM,Exxon Mobil
2017-02-24,53.93667984008789,81.08000183105469,0.0,81.80000305175781,80.76000213623047,81.5999984741211,0.0,11338700,XOM,Exxon Mobil
2017-02-27,54.242698669433594,81.54000091552734,0.0,81.70999908447266,80.80999755859375,81.12999725341797,0.0,13465900,XOM,Exxon Mobil
2017-02-28,54.09632873535156,81.31999969482422,0.0,81.98999786376953,81.05000305175781,81.52999877929688,0.0,16834200,XOM,Exxon Mobil
2017-03-01,55.22721481323242,83.0199966430664,0.0,83.33000183105469,81.69999694824219,81.69999694824219,0.0,17482100,XOM,Exxon Mobil
2017-03-02,55.413482666015625,83.30000305175781,0.0,84.25,82.79000091552734,82.80000305175781,0.0,14170300,XOM,Exxon Mobil
2017-03-03,54.854705810546875,82.45999908447266,0.0,83.5999984741211,82.26000213623047,83.30000305175781,0.0,12190400,XOM,Exxon Mobil
2017-03-06,55.10084915161133,82.83000183105469,0.0,82.9000015258789,82.33000183105469,82.44000244140625,0.0,9617200,XOM,Exxon Mobil
2017-03-07,54.89459228515625,82.5199966430664,0.0,83.29000091552734,82.13999938964844,83.11000061035156,0.0,12711500,XOM,Exxon Mobil
2017-03-08,53.90341567993164,81.02999877929688,0.0,82.37999725341797,81.01000213623047,82.3499984741211,0.0,16817700,XOM,Exxon Mobil
2017-03-09,54.32917022705078,81.66999816894531,0.0,81.72000122070312,80.30999755859375,80.63999938964844,0.0,14721800,XOM,Exxon Mobil
2017-03-10,54.28926086425781,81.61000061035156,0.0,82.47000122070312,81.16000366210938,82.44000244140625,0.0,11355200,XOM,Exxon Mobil
2017-03-13,54.162879943847656,81.41999816894531,0.0,81.94000244140625,81.05000305175781,81.5,0.0,9571400,XOM,Exxon Mobil
2017-03-14,53.876808166503906,80.98999786376953,0.0,81.2300033569336,80.44000244140625,81.0,0.0,11335700,XOM,Exxon Mobil
2017-03-15,54.54868698120117,82.0,0.0,82.05999755859375,81.05000305175781,81.3499984741211,0.0,11970300,XOM,Exxon Mobil
2017-03-16,54.595252990722656,82.06999969482422,0.0,82.19999694824219,81.66999816894531,82.02999877929688,0.0,9923800,XOM,Exxon Mobil
2017-03-17,54.54868698120117,82.0,0.0,82.26000213623047,81.81999969482422,82.02999877929688,0.0,18834100,XOM,Exxon Mobil
2017-03-20,54.54868698120117,82.0,0.0,82.04000091552734,81.44000244140625,81.72000122070312,0.0,7700300,XOM,Exxon Mobil
2017-03-21,54.43560791015625,81.83000183105469,0.0,82.3499984741211,81.5999984741211,82.16000366210938,0.0,13387700,XOM,Exxon Mobil
2017-03-22,54.389034271240234,81.76000213623047,0.0,82.08999633789062,81.43000030517578,81.95999908447266,0.0,11168400,XOM,Exxon Mobil
2017-03-23,54.455562591552734,81.86000061035156,0.0,82.22000122070312,81.45999908447266,81.62999725341797,0.0,8928000,XOM,Exxon Mobil
2017-03-24,54.03646469116211,81.2300033569336,0.0,82.02999877929688,81.1500015258789,82.02999877929688,0.0,9128500,XOM,Exxon Mobil
2017-03-27,54.04976272583008,81.25,0.0,81.43000030517578,80.79000091552734,80.81999969482422,0.0,8481200,XOM,Exxon Mobil
2017-03-28,54.44224548339844,81.83999633789062,0.0,82.0199966430664,80.95999908447266,81.31999969482422,0.0,11028600,XOM,Exxon Mobil
2017-03-29,54.56201171875,82.0199966430664,0.0,82.27999877929688,81.55000305175781,81.69000244140625,0.0,8495500,XOM,Exxon Mobil
2017-03-30,55.679569244384766,83.69999694824219,0.0,83.87000274658203,81.94000244140625,82.02999877929688,0.0,44704900,XOM,Exxon Mobil
2017-03-31,54.55534744262695,82.01000213623047,0.0,83.30999755859375,81.86000061035156,83.26000213623047,0.0,21750400,XOM,Exxon Mobil
2017-04-03,54.595252990722656,82.06999969482422,0.0,82.30999755859375,81.3499984741211,82.0199966430664,0.0,11438700,XOM,Exxon Mobil
2017-04-04,54.79484939575195,82.37000274658203,0.0,82.41999816894531,81.33000183105469,82.0999984741211,0.0,9270900,XOM,Exxon Mobil
2017-04-05,54.90127182006836,82.52999877929688,0.0,83.55000305175781,82.47000122070312,82.8499984741211,0.0,13809100,XOM,Exxon Mobil
2017-04-06,55.220584869384766,83.01000213623047,0.0,83.20999908447266,82.45999908447266,82.75,0.0,9554900,XOM,Exxon Mobil
2017-04-07,55.05426025390625,82.76000213623047,0.0,83.36000061035156,82.68000030517578,83.23999786376953,0.0,8909600,XOM,Exxon Mobil
2017-04-10,55.300411224365234,83.12999725341797,0.0,83.47000122070312,82.91999816894531,83.12000274658203,0.0,8885300,XOM,Exxon Mobil
2017-04-11,55.10747528076172,82.83999633789062,0.0,83.16999816894531,82.41999816894531,83.08000183105469,0.0,8576500,XOM,Exxon Mobil
2017-04-12,55.193973541259766,82.97000122070312,0.0,83.3499984741211,82.69999694824219,82.86000061035156,0.0,9516100,XOM,Exxon Mobil
2017-04-13,54.34247970581055,81.69000244140625,0.0,82.7300033569336,81.56999969482422,82.72000122070312,0.0,8667900,XOM,Exxon Mobil
2017-04-17,54.26929473876953,81.58000183105469,0.0,81.97000122070312,81.44000244140625,81.8499984741211,0.0,9577200,XOM,Exxon Mobil
2017-04-18,53.91672897338867,81.05000305175781,0.0,81.81999969482422,81.02999877929688,81.31999969482422,0.0,8821400,XOM,Exxon Mobil
2017-04-19,53.54419708251953,80.48999786376953,0.0,81.51000213623047,80.30000305175781,81.16999816894531,0.0,10764400,XOM,Exxon Mobil
2017-04-20,53.89011001586914,81.01000213623047,0.0,81.73999786376953,80.69999694824219,80.94999694824219,0.0,11649100,XOM,Exxon Mobil
2017-04-21,53.677249908447266,80.69000244140625,0.0,81.0,80.47000122070312,80.93000030517578,0.0,9816700,XOM,Exxon Mobil
2017-04-24,53.95663833618164,81.11000061035156,0.0,81.4000015258789,80.80999755859375,81.27999877929688,0.0,8729700,XOM,Exxon Mobil
2017-04-25,54.36908721923828,81.7300033569336,0.0,81.93000030517578,81.27999877929688,81.43000030517578,0.0,10733800,XOM,Exxon Mobil
2017-04-26,54.14956283569336,81.4000015258789,0.0,82.33000183105469,81.38999938964844,81.5199966430664,0.0,9445900,XOM,Exxon Mobil
2017-04-27,54.05643081665039,81.26000213623047,0.0,81.30000305175781,80.94000244140625,81.06999969482422,0.0,12385300,XOM,Exxon Mobil
2017-04-28,54.31586456298828,81.6500015258789,0.0,82.48999786376953,81.55999755859375,82.45999908447266,0.0,12072200,XOM,Exxon Mobil
2017-05-01,54.588619232177734,82.05999755859375,0.0,82.20999908447266,81.4800033569336,81.51000213623047,0.0,8664100,XOM,Exxon Mobil
2017-05-02,54.58195114135742,82.05000305175781,0.0,82.58999633789062,81.9000015258789,82.13999938964844,0.0,9102900,XOM,Exxon Mobil
2017-05-03,55.01435470581055,82.69999694824219,0.0,83.06999969482422,81.91000366210938,81.97000122070312,0.0,10289000,XOM,Exxon Mobil
2017-05-04,54.309226989746094,81.63999938964844,0.0,82.36000061035156,81.4000015258789,82.29000091552734,0.0,16164500,XOM,Exxon Mobil
2017-05-05,54.56201171875,82.0199966430664,0.0,82.23999786376953,81.61000061035156,81.62999725341797,0.0,10213000,XOM,Exxon Mobil
2017-05-08,55.1407585144043,82.88999938964844,0.0,82.94000244140625,82.0,82.0,0.0,8097100,XOM,Exxon Mobil
2017-05-09,54.754913330078125,82.30999755859375,0.0,83.0,82.16000366210938,82.95999908447266,0.0,8647100,XOM,Exxon Mobil
2017-05-10,55.00337600708008,81.91000366210938,0.77,82.37000274658203,81.6500015258789,82.12000274658203,0.0,9520300,XOM,Exxon Mobil
2017-05-11,55.47343826293945,82.61000061035156,0.0,82.70999908447266,82.0999984741211,82.58999633789062,0.0,10047300,XOM,Exxon Mobil
2017-05-12,55.43315124511719,82.55000305175781,0.0,82.70999908447266,82.25,82.38999938964844,0.0,7480200,XOM,Exxon Mobil
2017-05-15,55.601016998291016,82.80000305175781,0.0,83.18000030517578,82.6500015258789,83.0,0.0,10881500,XOM,Exxon Mobil
2017-05-16,55.43315124511719,82.55000305175781,0.0,83.2300033569336,82.44999694824219,82.9000015258789,0.0,9574200,XOM,Exxon Mobil
2017-05-17,55.05708694458008,81.98999786376953,0.0,83.04000091552734,81.95999908447266,82.55000305175781,0.0,11151100,XOM,Exxon Mobil
2017-05-18,54.89594268798828,81.75,0.0,82.1500015258789,81.41999816894531,81.7699966430664,0.0,9905800,XOM,Exxon Mobil
2017-05-19,55.01683044433594,81.93000030517578,0.0,82.08999633789062,81.69000244140625,82.0,0.0,13028500,XOM,Exxon Mobil
2017-05-22,55.258548736572266,82.29000091552734,0.0,82.33000183105469,81.93000030517578,82.11000061035156,0.0,9218700,XOM,Exxon Mobil
2017-05-23,55.45329284667969,82.58000183105469,0.0,82.88999938964844,82.23999786376953,82.31999969482422,0.0,6857200,XOM,Exxon Mobil
2017-05-24,55.258548736572266,82.29000091552734,0.0,82.54000091552734,82.01000213623047,82.41999816894531,0.0,8136000,XOM,Exxon Mobil
2017-05-25,54.89594268798828,81.75,0.0,82.70999908447266,81.5199966430664,82.33000183105469,0.0,12370900,XOM,Exxon Mobil
2017-05-26,54.76162338256836,81.55000305175781,0.0,81.80000305175781,80.83000183105469,81.61000061035156,0.0,8227100,XOM,Exxon Mobil
2017-05-30,54.45943832397461,81.0999984741211,0.0,81.33999633789062,81.04000091552734,81.27999877929688,0.0,8973600,XOM,Exxon Mobil
2017-05-31,54.05654525756836,80.5,0.0,80.94999694824219,80.47000122070312,80.94000244140625,0.0,13572300,XOM,Exxon Mobil
2017-06-01,54.19084167480469,80.69999694824219,0.0,80.9000015258789,80.19000244140625,80.37000274658203,0.0,9884100,XOM,Exxon Mobil
2017-06-02,53.385040283203125,79.5,0.0,80.68000030517578,79.26000213623047,80.58999633789062,0.0,21687300,XOM,Exxon Mobil
2017-06-05,53.80135726928711,80.12000274658203,0.0,80.38999938964844,79.4000015258789,79.44000244140625,0.0,11527100,XOM,Exxon Mobil
2017-06-06,54.53330993652344,81.20999908447266,0.0,81.31999969482422,80.22000122070312,80.30000305175781,0.0,12208600,XOM,Exxon Mobil
2017-06-07,54.33186721801758,80.91000366210938,0.0,81.4000015258789,80.33999633789062,81.05000305175781,0.0,13096500,XOM,Exxon Mobil
2017-06-08,54.13711929321289,80.62000274658203,0.0,81.08000183105469,80.48999786376953,80.91000366210938,0.0,11720700,XOM,Exxon Mobil
2017-06-09,55.15110778808594,82.12999725341797,0.0,82.13999938964844,80.69000244140625,81.1500015258789,0.0,13553900,XOM,Exxon Mobil
2017-06-12,55.688316345214844,82.93000030517578,0.0,83.69000244140625,82.12999725341797,82.12999725341797,0.0,18172900,XOM,Exxon Mobil
2017-06-13,55.708457946777344,82.95999908447266,0.0,83.2699966430664,82.56999969482422,82.8499984741211,0.0,12175500,XOM,Exxon Mobil
2017-06-14,55.11081314086914,82.06999969482422,0.0,82.81999969482422,81.55999755859375,82.80999755859375,0.0,13714000,XOM,Exxon Mobil
2017-06-15,55.23838424682617,82.26000213623047,0.0,82.4000015258789,81.58000183105469,81.77999877929688,0.0,11862600,XOM,Exxon Mobil
2017-06-16,56.06436538696289,83.48999786376953,0.0,83.54000091552734,82.19999694824219,82.61000061035156,0.0,39726100,XOM,Exxon Mobil
2017-06-19,55.574161529541016,82.76000213623047,0.0,83.48999786376953,82.55000305175781,83.48999786376953,0.0,10445700,XOM,Exxon Mobil
2017-06-20,55.2719612121582,82.30999755859375,0.0,82.47000122070312,81.41000366210938,82.06999969482422,0.0,13232600,XOM,Exxon Mobil
2017-06-21,54.6877555847168,81.44000244140625,0.0,82.62999725341797,81.13999938964844,82.04000091552734,0.0,11422300,XOM,Exxon Mobil
2017-06-22,54.44602584838867,81.08000183105469,0.0,81.58000183105469,80.9000015258789,81.44999694824219,0.0,8139900,XOM,Exxon Mobil
2017-06-23,54.801910400390625,81.61000061035156,0.0,81.69000244140625,80.76000213623047,80.8499984741211,0.0,10611200,XOM,Exxon Mobil
2017-06-26,54.553443908691406,81.23999786376953,0.0,81.75,80.91000366210938,81.56999969482422,0.0,7718700,XOM,Exxon Mobil
2017-06-27,54.4661750793457,81.11000061035156,0.0,81.7300033569336,81.11000061035156,81.44999694824219,0.0,9221600,XOM,Exxon Mobil
2017-06-28,54.748207092285156,81.52999877929688,0.0,81.76000213623047,81.19000244140625,81.41000366210938,0.0,9189700,XOM,Exxon Mobil
2017-06-29,54.19084167480469,80.69999694824219,0.0,81.83999633789062,80.41000366210938,81.37000274658203,0.0,20525100,XOM,Exxon Mobil
2017-06-30,54.21098709106445,80.7300033569336,0.0,81.23999786376953,80.69999694824219,81.08000183105469,0.0,14000600,XOM,Exxon Mobil
2017-07-03,55.13096237182617,82.0999984741211,0.0,82.48999786376953,80.72000122070312,80.79000091552734,0.0,8422300,XOM,Exxon Mobil
2017-07-05,54.29157257080078,80.8499984741211,0.0,81.68000030517578,80.5199966430664,81.68000030517578,0.0,9830800,XOM,Exxon Mobil
2017-07-06,53.80135726928711,80.12000274658203,0.0,81.08000183105469,80.08999633789062,80.86000061035156,0.0,9822400,XOM,Exxon Mobil
2017-07-07,53.86852264404297,80.22000122070312,0.0,80.5999984741211,79.80999755859375,80.19999694824219,0.0,10777800,XOM,Exxon Mobil
2017-07-10,53.82822799682617,80.16000366210938,0.0,80.41000366210938,79.95999908447266,80.0,0.0,6338300,XOM,Exxon Mobil
2017-07-11,54.12369155883789,80.5999984741211,0.0,80.75,80.04000091552734,80.33000183105469,0.0,9681100,XOM,Exxon Mobil
2017-07-12,54.36545181274414,80.95999908447266,0.0,81.5199966430664,80.75,81.19000244140625,0.0,7974000,XOM,Exxon Mobil
2017-07-13,54.372154235839844,80.97000122070312,0.0,81.08999633789062,80.7300033569336,80.97000122070312,0.0,5582300,XOM,Exxon Mobil
2017-07-14,54.58031463623047,81.27999877929688,0.0,81.41000366210938,80.7699966430664,81.0,0.0,7497200,XOM,Exxon Mobil
2017-07-17,54.29829788208008,80.86000061035156,0.0,81.43000030517578,80.83000183105469,81.0,0.0,7914700,XOM,Exxon Mobil
2017-07-18,54.12369155883789,80.5999984741211,0.0,81.08000183105469,80.41000366210938,81.0199966430664,0.0,8046100,XOM,Exxon Mobil
2017-07-19,54.29157257080078,80.8499984741211,0.0,80.87000274658203,80.2699966430664,80.44000244140625,0.0,9393200,XOM,Exxon Mobil
2017-07-20,54.29829788208008,80.86000061035156,0.0,81.48999786376953,80.75,80.97000122070312,0.0,9681000,XOM,Exxon Mobil
2017-07-21,53.80135726928711,80.12000274658203,0.0,80.83999633789062,80.0,80.6500015258789,0.0,12268600,XOM,Exxon Mobil
2017-07-24,53.63349151611328,79.87000274658203,0.0,80.22000122070312,79.76000213623047,80.05999755859375,0.0,9403000,XOM,Exxon Mobil
2017-07-25,53.90208435058594,80.2699966430664,0.0,81.05000305175781,80.2699966430664,80.7699966430664,0.0,11465300,XOM,Exxon Mobil
2017-07-26,53.96925735473633,80.37000274658203,0.0,80.9000015258789,80.19999694824219,80.58000183105469,0.0,10465100,XOM,Exxon Mobil
2017-07-27,54.27815628051758,80.83000183105469,0.0,80.87999725341797,79.9000015258789,80.23999786376953,0.0,11149700,XOM,Exxon Mobil
2017-07-28,53.45217514038086,79.5999984741211,0.0,79.91999816894531,78.2699966430664,79.6500015258789,0.0,22800800,XOM,Exxon Mobil
2017-07-31,53.747650146484375,80.04000091552734,0.0,80.38999938964844,79.5999984741211,79.83000183105469,0.0,12820200,XOM,Exxon Mobil
2017-08-01,53.834957122802734,80.16999816894531,0.0,80.54000091552734,79.97000122070312,80.16000366210938,0.0,10421200,XOM,Exxon Mobil
2017-08-02,54.12369155883789,80.5999984741211,0.0,80.63999938964844,79.80000305175781,79.9000015258789,0.0,10410100,XOM,Exxon Mobil
2017-08-03,54.04983139038086,80.48999786376953,0.0,80.81999969482422,80.30000305175781,80.33999633789062,0.0,10136700,XOM,Exxon Mobil
2017-08-04,53.86182403564453,80.20999908447266,0.0,80.55999755859375,80.05000305175781,80.44000244140625,0.0,8292200,XOM,Exxon Mobil
2017-08-07,53.82822799682617,80.16000366210938,0.0,80.16999816894531,79.86000061035156,80.16999816894531,0.0,7893800,XOM,Exxon Mobil
2017-08-08,53.693946838378906,79.95999908447266,0.0,80.22000122070312,79.83000183105469,80.0199966430664,0.0,9028400,XOM,Exxon Mobil
2017-08-09,53.86182403564453,80.20999908447266,0.0,80.3499984741211,79.77999877929688,80.25,0.0,8087100,XOM,Exxon Mobil
2017-08-10,53.54314041137695,78.97000122070312,0.77,79.77999877929688,78.91000366210938,79.76000213623047,0.0,12580300,XOM,Exxon Mobil
2017-08-11,53.02783203125,78.20999908447266,0.0,79.25,78.19999694824219,79.20999908447266,0.0,10192400,XOM,Exxon Mobil
2017-08-14,53.04140090942383,78.2300033569336,0.0,78.79000091552734,78.12000274658203,78.62000274658203,0.0,8862500,XOM,Exxon Mobil
2017-08-15,52.91259002685547,78.04000091552734,0.0,78.25,77.68000030517578,78.12000274658203,0.0,10350900,XOM,Exxon Mobil
2017-08-16,52.52608871459961,77.47000122070312,0.0,78.16999816894531,77.30999755859375,78.04000091552734,0.0,9117100,XOM,Exxon Mobil
2017-08-17,51.70572280883789,76.26000213623047,0.0,77.27999877929688,76.20999908447266,77.26000213623047,0.0,13400400,XOM,Exxon Mobil
2017-08-18,51.963356018066406,76.63999938964844,0.0,77.11000061035156,76.05000305175781,76.18000030517578,0.0,14324300,XOM,Exxon Mobil
2017-08-21,51.78706359863281,76.37999725341797,0.0,76.62000274658203,76.08000183105469,76.47000122070312,0.0,10084900,XOM,Exxon Mobil
2017-08-22,52.031158447265625,76.73999786376953,0.0,77.33000183105469,76.52999877929688,76.55000305175781,0.0,9503600,XOM,Exxon Mobil
2017-08-23,51.94301223754883,76.61000061035156,0.0,77.01000213623047,76.47000122070312,76.69999694824219,0.0,7054300,XOM,Exxon Mobil
2017-08-24,51.753177642822266,76.33000183105469,0.0,76.6500015258789,76.19999694824219,76.5,0.0,8678300,XOM,Exxon Mobil
2017-08-25,52.01761245727539,76.72000122070312,0.0,77.12999725341797,76.43000030517578,76.55999755859375,0.0,6844900,XOM,Exxon Mobil
2017-08-28,51.848106384277344,76.47000122070312,0.0,76.94000244140625,76.26000213623047,76.9000015258789,0.0,8229700,XOM,Exxon Mobil
2017-08-29,51.83451843261719,76.44999694824219,0.0,76.48999786376953,76.08000183105469,76.20999908447266,0.0,7060400,XOM,Exxon Mobil
2017-08-30,51.59722137451172,76.0999984741211,0.0,76.44999694824219,76.05999755859375,76.23999786376953,0.0,8218000,XOM,Exxon Mobil
2017-08-31,51.753177642822266,76.33000183105469,0.0,76.48999786376953,76.05000305175781,76.2699966430664,0.0,15641700,XOM,Exxon Mobil
2017-09-01,51.91588592529297,76.56999969482422,0.0,76.8499984741211,76.31999969482422,76.37000274658203,0.0,7361100,XOM,Exxon Mobil
2017-09-05,52.329498291015625,77.18000030517578,0.0,77.36000061035156,76.61000061035156,76.63999938964844,0.0,12784800,XOM,Exxon Mobil
2017-09-06,53.414302825927734,78.77999877929688,0.0,79.22000122070312,77.58000183105469,77.88999938964844,0.0,18574400,XOM,Exxon Mobil
2017-09-07,53.58381652832031,79.02999877929688,0.0,79.33000183105469,78.61000061035156,79.0199966430664,0.0,9836400,XOM,Exxon Mobil
2017-09-08,53.44142532348633,78.81999969482422,0.0,79.04000091552734,78.62999725341797,79.01000213623047,0.0,8436000,XOM,Exxon Mobil
2017-09-11,53.73298263549805,79.25,0.0,79.41999816894531,78.9000015258789,79.41000366210938,0.0,12955800,XOM,Exxon Mobil
2017-09-12,53.90249252319336,79.5,0.0,79.69000244140625,79.23999786376953,79.4000015258789,0.0,7644400,XOM,Exxon Mobil
2017-09-13,54.08555603027344,79.7699966430664,0.0,79.7699966430664,79.37999725341797,79.5,0.0,8369700,XOM,Exxon Mobil
2017-09-14,54.302513122558594,80.08999633789062,0.0,80.2300033569336,79.7699966430664,79.8499984741211,0.0,9072600,XOM,Exxon Mobil
2017-09-15,54.28895568847656,80.06999969482422,0.0,80.20999908447266,79.55000305175781,80.12000274658203,0.0,16043700,XOM,Exxon Mobil
2017-09-18,54.302513122558594,80.08999633789062,0.0,80.13999938964844,79.69999694824219,79.79000091552734,0.0,8594400,XOM,Exxon Mobil
2017-09-19,54.390663146972656,80.22000122070312,0.0,80.38999938964844,79.98999786376953,80.05999755859375,0.0,9277100,XOM,Exxon Mobil
2017-09-20,54.61441421508789,80.55000305175781,0.0,80.66000366210938,80.26000213623047,80.27999877929688,0.0,10606900,XOM,Exxon Mobil
2017-09-21,54.16691207885742,79.88999938964844,0.0,80.52999877929688,79.76000213623047,80.48999786376953,0.0,11984200,XOM,Exxon Mobil
2017-09-22,54.187255859375,79.91999816894531,0.0,80.30000305175781,79.66999816894531,79.72000122070312,0.0,10205800,XOM,Exxon Mobil
2017-09-25,54.905967712402344,80.9800033569336,0.0,81.0,79.9800033569336,80.02999877929688,0.0,10496600,XOM,Exxon Mobil
2017-09-26,54.84493637084961,80.88999938964844,0.0,81.0,80.55999755859375,80.70999908447266,0.0,8755100,XOM,Exxon Mobil
2017-09-27,55.21105194091797,81.43000030517578,0.0,81.44999694824219,80.79000091552734,80.88999938964844,0.0,9724500,XOM,Exxon Mobil
2017-09-28,55.72636413574219,82.19000244140625,0.0,82.44999694824219,81.55999755859375,81.62999725341797,0.0,15581700,XOM,Exxon Mobil
2017-09-29,55.583980560302734,81.9800033569336,0.0,82.05999755859375,81.58000183105469,81.94000244140625,0.0,9944000,XOM,Exxon Mobil
2017-10-02,55.346656799316406,81.62999725341797,0.0,81.81999969482422,81.25,81.30000305175781,0.0,6777900,XOM,Exxon Mobil
2017-10-03,55.43480682373047,81.76000213623047,0.0,81.97000122070312,81.30000305175781,81.41000366210938,0.0,6082000,XOM,Exxon Mobil
2017-10-04,55.45514678955078,81.79000091552734,0.0,81.87000274658203,81.44999694824219,81.80000305175781,0.0,6357100,XOM,Exxon Mobil
2017-10-05,55.611087799072266,82.0199966430664,0.0,82.23999786376953,81.58999633789062,81.72000122070312,0.0,7375900,XOM,Exxon Mobil
2017-10-06,55.40089416503906,81.70999908447266,0.0,81.88999938964844,81.36000061035156,81.7699966430664,0.0,6070600,XOM,Exxon Mobil
2017-10-09,55.61787033081055,82.02999877929688,0.0,82.18000030517578,81.76000213623047,81.83999633789062,0.0,7489900,XOM,Exxon Mobil
2017-10-10,55.77381896972656,82.26000213623047,0.0,82.73999786376953,82.08999633789062,82.33999633789062,0.0,7218500,XOM,Exxon Mobil
2017-10-11,56.004364013671875,82.5999984741211,0.0,82.73999786376953,82.13999938964844,82.16000366210938,0.0,7023700,XOM,Exxon Mobil
2017-10-12,55.88907241821289,82.43000030517578,0.0,82.5,82.16999816894531,82.30999755859375,0.0,6647500,XOM,Exxon Mobil
2017-10-13,55.87554931640625,82.41000366210938,0.0,83.08000183105469,82.36000061035156,82.7300033569336,0.0,7180000,XOM,Exxon Mobil
2017-10-16,56.14673614501953,82.80999755859375,0.0,82.94999694824219,82.54000091552734,82.69999694824219,0.0,5734000,XOM,Exxon Mobil
2017-10-17,56.24842834472656,82.95999908447266,0.0,82.97000122070312,82.54000091552734,82.62999725341797,0.0,6444100,XOM,Exxon Mobil
2017-10-18,56.11283874511719,82.76000213623047,0.0,83.38999938964844,82.54000091552734,82.95999908447266,0.0,6367100,XOM,Exxon Mobil
2017-10-19,56.09927749633789,82.73999786376953,0.0,83.05000305175781,82.33000183105469,82.3499984741211,0.0,7945500,XOM,Exxon Mobil
2017-10-20,56.35014724731445,83.11000061035156,0.0,83.12999725341797,82.62000274658203,82.8499984741211,0.0,9574100,XOM,Exxon Mobil
2017-10-23,56.43828582763672,83.23999786376953,0.0,83.76000213623047,83.04000091552734,83.1500015258789,0.0,9829900,XOM,Exxon Mobil
2017-10-24,56.59421920776367,83.47000122070312,0.0,83.80999755859375,83.30999755859375,83.55000305175781,0.0,7551200,XOM,Exxon Mobil
2017-10-25,56.39081954956055,83.16999816894531,0.0,83.7300033569336,82.94999694824219,83.44999694824219,0.0,9153300,XOM,Exxon Mobil
2017-10-26,56.59421920776367,83.47000122070312,0.0,83.6500015258789,83.11000061035156,83.37000274658203,0.0,9154500,XOM,Exxon Mobil
2017-10-27,56.75693130493164,83.70999908447266,0.0,84.23999786376953,82.01000213623047,83.0,0.0,14866200,XOM,Exxon Mobil
2017-10-30,56.641685485839844,83.54000091552734,0.0,83.94999694824219,83.41000366210938,83.70999908447266,0.0,7811100,XOM,Exxon Mobil
2017-10-31,56.51286315917969,83.3499984741211,0.0,83.68000030517578,83.16999816894531,83.6500015258789,0.0,9754200,XOM,Exxon Mobil
2017-11-01,56.86543273925781,83.87000274658203,0.0,83.94000244140625,83.26000213623047,83.38999938964844,0.0,9430000,XOM,Exxon Mobil
2017-11-02,56.634883880615234,83.52999877929688,0.0,83.70999908447266,82.91000366210938,83.5999984741211,0.0,7775500,XOM,Exxon Mobil
2017-11-03,56.397586822509766,83.18000030517578,0.0,83.63999938964844,83.16000366210938,83.41999816894531,0.0,6903500,XOM,Exxon Mobil
2017-11-06,56.78406524658203,83.75,0.0,83.87000274658203,83.05999755859375,83.30000305175781,0.0,9276700,XOM,Exxon Mobil
2017-11-07,56.66878890991211,83.58000183105469,0.0,83.81999969482422,83.02999877929688,83.73999786376953,0.0,8471800,XOM,Exxon Mobil
2017-11-08,56.59421920776367,83.47000122070312,0.0,83.5,82.86000061035156,83.36000061035156,0.0,8691600,XOM,Exxon Mobil
2017-11-09,56.9332389831543,83.97000122070312,0.0,84.13999938964844,83.08000183105469,83.30000305175781,0.0,10528800,XOM,Exxon Mobil
2017-11-10,56.75531768798828,82.94000244140625,0.77,83.08000183105469,82.41999816894531,83.01000213623047,0.0,8693700,XOM,Exxon Mobil
2017-11-13,56.72110366821289,82.88999938964844,0.0,83.08999633789062,82.5999984741211,82.6500015258789,0.0,6720400,XOM,Exxon Mobil
2017-11-14,56.276302337646484,82.23999786376953,0.0,82.75,82.08999633789062,82.41999816894531,0.0,9251700,XOM,Exxon Mobil
2017-11-15,55.57148742675781,81.20999908447266,0.0,82.08999633789062,81.1500015258789,81.75,0.0,9663600,XOM,Exxon Mobil
2017-11-16,55.126708984375,80.55999755859375,0.0,80.8499984741211,80.1500015258789,80.44000244140625,0.0,10527200,XOM,Exxon Mobil
2017-11-17,54.90772247314453,80.23999786376953,0.0,80.66000366210938,80.16000366210938,80.31999969482422,0.0,9536400,XOM,Exxon Mobil
2017-11-20,55.11985397338867,80.55000305175781,0.0,80.63999938964844,80.01000213623047,80.2300033569336,0.0,8468600,XOM,Exxon Mobil
2017-11-21,55.338829040527344,80.87000274658203,0.0,81.25,80.63999938964844,80.69000244140625,0.0,8838400,XOM,Exxon Mobil
2017-11-22,55.496212005615234,81.0999984741211,0.0,81.41000366210938,81.05000305175781,81.16000366210938,0.0,7941600,XOM,Exxon Mobil
2017-11-24,55.71519088745117,81.41999816894531,0.0,81.69999694824219,81.22000122070312,81.44000244140625,0.0,3851300,XOM,Exxon Mobil
2017-11-27,55.50308609008789,81.11000061035156,0.0,81.4000015258789,81.0199966430664,81.31999969482422,0.0,9127500,XOM,Exxon Mobil
2017-11-28,55.88625717163086,81.66999816894531,0.0,82.0,81.30999755859375,81.41000366210938,0.0,9794600,XOM,Exxon Mobil
2017-11-29,56.296836853027344,82.2699966430664,0.0,82.30999755859375,81.4800033569336,81.6500015258789,0.0,9725000,XOM,Exxon Mobil
2017-11-30,56.994808197021484,83.29000091552734,0.0,83.4000015258789,82.41000366210938,82.44999694824219,0.0,18592700,XOM,Exxon Mobil
2017-12-01,57.11114501953125,83.45999908447266,0.0,84.12999725341797,82.41000366210938,83.44000244140625,0.0,13779300,XOM,Exxon Mobil
2017-12-04,57.18642807006836,83.56999969482422,0.0,84.18000030517578,83.0,83.20999908447266,0.0,12597700,XOM,Exxon Mobil
2017-12-05,56.72110366821289,82.88999938964844,0.0,83.7699966430664,82.70999908447266,83.41000366210938,0.0,9357200,XOM,Exxon Mobil
2017-12-06,56.30366897583008,82.27999877929688,0.0,83.19999694824219,82.20999908447266,82.8499984741211,0.0,13398900,XOM,Exxon Mobil
2017-12-07,56.488426208496094,82.55000305175781,0.0,82.62000274658203,82.16999816894531,82.4000015258789,0.0,11359600,XOM,Exxon Mobil
2017-12-08,56.563720703125,82.66000366210938,0.0,82.9000015258789,82.26000213623047,82.48999786376953,0.0,11988600,XOM,Exxon Mobil
2017-12-11,56.81690979003906,83.02999877929688,0.0,83.25,82.73999786376953,83.04000091552734,0.0,8760700,XOM,Exxon Mobil
2017-12-12,56.63214111328125,82.76000213623047,0.0,83.37999725341797,82.69999694824219,82.88999938964844,0.0,11307000,XOM,Exxon Mobil
2017-12-13,56.87847900390625,83.12000274658203,0.0,83.30000305175781,82.4800033569336,82.61000061035156,0.0,10172700,XOM,Exxon Mobil
2017-12-14,56.72793197631836,82.9000015258789,0.0,83.33000183105469,82.88999938964844,83.02999877929688,0.0,9492400,XOM,Exxon Mobil
2017-12-15,56.81690979003906,83.02999877929688,0.0,83.27999877929688,82.87000274658203,83.16000366210938,0.0,26582300,XOM,Exxon Mobil
2017-12-18,56.75531768798828,82.94000244140625,0.0,83.66999816894531,82.91000366210938,83.18000030517578,0.0,9363500,XOM,Exxon Mobil
2017-12-19,56.413177490234375,82.44000244140625,0.0,83.16999816894531,82.33000183105469,83.02999877929688,0.0,10285100,XOM,Exxon Mobil
2017-12-20,56.707420349121094,82.87000274658203,0.0,83.13999938964844,82.5199966430664,82.5999984741211,0.0,10620300,XOM,Exxon Mobil
2017-12-21,57.37802505493164,83.8499984741211,0.0,84.2699966430664,82.95999908447266,83.3499984741211,0.0,13578100,XOM,Exxon Mobil
2017-12-22,57.46013259887695,83.97000122070312,0.0,84.0199966430664,83.5999984741211,83.87999725341797,0.0,10161400,XOM,Exxon Mobil
2017-12-26,57.466983795166016,83.9800033569336,0.0,84.36000061035156,83.9000015258789,83.95999908447266,0.0,4777200,XOM,Exxon Mobil
2017-12-27,57.412227630615234,83.9000015258789,0.0,84.0999984741211,83.73999786376953,83.98999786376953,0.0,7000600,XOM,Exxon Mobil
2017-12-28,57.494346618652344,84.0199966430664,0.0,84.05000305175781,83.80000305175781,83.9800033569336,0.0,7495300,XOM,Exxon Mobil
2017-12-29,57.23434066772461,83.63999938964844,0.0,84.19999694824219,83.63999938964844,84.0,0.0,8523400,XOM,Exxon Mobil
2018-01-02,58.18549728393555,85.02999877929688,0.0,85.19999694824219,83.66000366210938,83.81999969482422,0.0,11469300,XOM,Exxon Mobil
2018-01-03,59.32826232910156,86.69999694824219,0.0,86.97000122070312,84.81999969482422,85.16000366210938,0.0,13957700,XOM,Exxon Mobil
2018-01-04,59.41035461425781,86.81999969482422,0.0,87.22000122070312,86.43000030517578,86.79000091552734,0.0,10863000,XOM,Exxon Mobil
2018-01-05,59.36246871948242,86.75,0.0,86.87999725341797,85.70999908447266,86.75,0.0,11047600,XOM,Exxon Mobil
2018-01-08,59.629329681396484,87.13999938964844,0.0,87.1500015258789,86.5999984741211,86.69999694824219,0.0,10927100,XOM,Exxon Mobil
2018-01-09,59.37617111206055,86.7699966430664,0.0,87.1500015258789,86.6500015258789,86.94000244140625,0.0,8131600,XOM,Exxon Mobil
2018-01-10,58.90400314331055,86.08000183105469,0.0,87.19000244140625,85.9800033569336,87.0,0.0,10822300,XOM,Exxon Mobil
2018-01-11,59.48565673828125,86.93000030517578,0.0,87.37000274658203,85.93000030517578,86.36000061035156,0.0,14366000,XOM,Exxon Mobil
2018-01-12,59.889373779296875,87.5199966430664,0.0,87.98999786376953,87.18000030517578,87.19999694824219,0.0,9834500,XOM,Exxon Mobil
2018-01-16,59.51301956176758,86.97000122070312,0.0,87.76000213623047,86.5999984741211,87.73999786376953,0.0,10882800,XOM,Exxon Mobil
2018-01-17,60.21783447265625,88.0,0.0,88.20999908447266,86.93000030517578,87.19999694824219,0.0,10546000,XOM,Exxon Mobil
2018-01-18,59.82779312133789,87.43000030517578,0.0,88.19000244140625,87.33999633789062,87.7699966430664,0.0,9223700,XOM,Exxon Mobil
2018-01-19,59.6362190246582,87.1500015258789,0.0,87.76000213623047,86.61000061035156,87.56999969482422,0.0,13090000,XOM,Exxon Mobil
2018-01-22,60.38893127441406,88.25,0.0,88.29000091552734,87.05000305175781,87.16999816894531,0.0,10270400,XOM,Exxon Mobil
2018-01-23,60.423126220703125,88.30000305175781,0.0,88.45999908447266,87.73999786376953,88.25,0.0,10281800,XOM,Exxon Mobil
2018-01-24,60.58050537109375,88.52999877929688,0.0,88.91999816894531,88.01000213623047,88.48999786376953,0.0,10316100,XOM,Exxon Mobil
2018-01-25,60.47103500366211,88.37000274658203,0.0,88.87000274658203,88.19999694824219,88.55000305175781,0.0,11271900,XOM,Exxon Mobil
2018-01-26,60.90214157104492,89.0,0.0,89.0,88.47000122070312,88.63999938964844,0.0,10514400,XOM,Exxon Mobil
2018-01-29,60.224666595458984,88.01000213623047,0.0,89.30000305175781,87.94999694824219,88.58999633789062,0.0,9315700,XOM,Exxon Mobil
2018-01-30,59.38301467895508,86.77999877929688,0.0,88.37999725341797,86.77999877929688,87.54000091552734,0.0,12408000,XOM,Exxon Mobil
2018-01-31,59.73884582519531,87.30000305175781,0.0,87.47000122070312,86.33000183105469,86.55999755859375,0.0,14404700,XOM,Exxon Mobil
2018-02-01,60.95003890991211,89.06999969482422,0.0,89.25,87.3499984741211,87.5,0.0,17971000,XOM,Exxon Mobil
2018-02-02,57.84334182739258,84.52999877929688,0.0,86.01000213623047,83.0,85.12999725341797,0.0,29822100,XOM,Exxon Mobil
2018-02-05,54.5518913269043,79.72000122070312,0.0,83.98999786376953,78.12999725341797,83.27999877929688,0.0,30452700,XOM,Exxon Mobil
2018-02-06,53.61440658569336,78.3499984741211,0.0,80.3499984741211,76.9000015258789,78.51000213623047,0.0,36262800,XOM,Exxon Mobil
2018-02-07,52.649566650390625,76.94000244140625,0.0,79.41000366210938,76.91999816894531,78.44000244140625,0.0,21994500,XOM,Exxon Mobil
2018-02-08,52.05421829223633,76.06999969482422,0.0,77.58000183105469,76.02999877929688,77.44000244140625,0.0,25650800,XOM,Exxon Mobil
2018-02-09,52.38603973388672,75.77999877929688,0.77,76.4800033569336,73.9000015258789,76.25,0.0,29491600,XOM,Exxon Mobil
2018-02-12,52.828460693359375,76.41999816894531,0.0,77.62000274658203,75.83999633789062,77.05000305175781,0.0,19340400,XOM,Exxon Mobil
2018-02-13,52.74551010131836,76.30000305175781,0.0,76.75,75.7300033569336,76.0999984741211,0.0,11926600,XOM,Exxon Mobil
2018-02-14,52.85612106323242,76.45999908447266,0.0,76.66000366210938,75.16999816894531,75.79000091552734,0.0,17188400,XOM,Exxon Mobil
2018-02-15,52.68329620361328,76.20999908447266,0.0,76.69999694824219,75.44999694824219,76.62000274658203,0.0,14432400,XOM,Exxon Mobil
2018-02-16,52.91143035888672,76.54000091552734,0.0,77.12000274658203,75.8499984741211,76.1500015258789,0.0,13722400,XOM,Exxon Mobil
2018-02-20,52.36529541015625,75.75,0.0,77.47000122070312,75.45999908447266,76.47000122070312,0.0,13387300,XOM,Exxon Mobil
2018-02-21,51.770782470703125,74.88999938964844,0.0,76.44000244140625,74.87000274658203,75.81999969482422,0.0,11715000,XOM,Exxon Mobil
2018-02-22,52.441341400146484,75.86000061035156,0.0,76.83999633789062,75.19000244140625,75.30000305175781,0.0,14020200,XOM,Exxon Mobil
2018-02-23,53.59580993652344,77.52999877929688,0.0,77.62000274658203,75.94999694824219,76.08999633789062,0.0,13378800,XOM,Exxon Mobil
2018-02-26,54.50139617919922,78.83999633789062,0.0,78.93000030517578,77.55999755859375,77.73999786376953,0.0,16940400,XOM,Exxon Mobil
2018-02-27,53.57504653930664,77.5,0.0,79.87000274658203,77.5,79.0,0.0,14629500,XOM,Exxon Mobil
2018-02-28,52.358394622802734,75.73999786376953,0.0,78.25,75.69999694824219,78.16000366210938,0.0,17087800,XOM,Exxon Mobil
2018-03-01,51.985084533691406,75.19999694824219,0.0,76.68000030517578,74.86000061035156,75.52999877929688,0.0,15696700,XOM,Exxon Mobil
2018-03-02,52.22703170776367,75.55000305175781,0.0,75.87000274658203,74.4800033569336,74.88999938964844,0.0,15630300,XOM,Exxon Mobil
2018-03-05,52.724769592285156,76.2699966430664,0.0,76.55999755859375,75.12000274658203,75.2300033569336,0.0,14891000,XOM,Exxon Mobil
2018-03-06,52.66254425048828,76.18000030517578,0.0,76.9800033569336,75.86000061035156,76.66999816894531,0.0,10754300,XOM,Exxon Mobil
2018-03-07,51.33526611328125,74.26000213623047,0.0,75.23999786376953,73.55999755859375,75.0,0.0,27255500,XOM,Exxon Mobil
2018-03-08,51.238502502441406,74.12000274658203,0.0,74.7699966430664,73.69000244140625,74.5,0.0,19299800,XOM,Exxon Mobil
2018-03-09,51.542667388916016,74.55999755859375,0.0,75.05999755859375,74.20999908447266,74.81999969482422,0.0,19714100,XOM,Exxon Mobil
2018-03-12,52.012752532958984,75.23999786376953,0.0,75.58000183105469,74.69000244140625,74.87000274658203,0.0,14226700,XOM,Exxon Mobil
2018-03-13,51.521934509277344,74.52999877929688,0.0,75.81999969482422,74.25,75.33000183105469,0.0,13739700,XOM,Exxon Mobil
2018-03-14,50.87902069091797,73.5999984741211,0.0,74.79000091552734,73.52999877929688,74.63999938964844,0.0,14820700,XOM,Exxon Mobil
2018-03-15,51.44588088989258,74.41999816894531,0.0,75.0,74.0999984741211,74.3499984741211,0.0,15640600,XOM,Exxon Mobil
2018-03-16,51.92979431152344,75.12000274658203,0.0,75.12000274658203,74.36000061035156,74.36000061035156,0.0,32109700,XOM,Exxon Mobil
2018-03-19,51.25923538208008,74.1500015258789,0.0,75.01000213623047,73.86000061035156,75.0,0.0,12744800,XOM,Exxon Mobil
2018-03-20,51.14863204956055,73.98999786376953,0.0,74.69999694824219,73.94999694824219,74.22000122070312,0.0,13003200,XOM,Exxon Mobil
2018-03-21,51.874481201171875,75.04000091552734,0.0,75.63999938964844,73.9800033569336,74.2300033569336,0.0,15418500,XOM,Exxon Mobil
2018-03-22,50.80988311767578,73.5,0.0,74.69999694824219,73.38999938964844,74.41999816894531,0.0,17737000,XOM,Exxon Mobil
2018-03-23,50.3881950378418,72.88999938964844,0.0,74.20999908447266,72.66999816894531,73.80999755859375,0.0,20157300,XOM,Exxon Mobil
2018-03-26,51.155540466308594,74.0,0.0,74.1500015258789,72.75,73.6500015258789,0.0,15032700,XOM,Exxon Mobil
2018-03-27,50.948150634765625,73.69999694824219,0.0,74.88999938964844,73.27999877929688,74.0,0.0,15821900,XOM,Exxon Mobil
2018-03-28,50.33290100097656,72.80999755859375,0.0,74.01000213623047,72.77999877929688,73.73999786376953,0.0,18163900,XOM,Exxon Mobil
2018-03-29,51.57722473144531,74.61000061035156,0.0,74.88999938964844,73.26000213623047,73.33000183105469,0.0,14882900,XOM,Exxon Mobil
2018-04-02,50.6163330078125,73.22000122070312,0.0,74.4000015258789,72.16000366210938,74.2699966430664,0.0,17891100,XOM,Exxon Mobil
2018-04-03,51.86064910888672,75.0199966430664,0.0,75.13999938964844,73.0999984741211,73.44999694824219,0.0,15999200,XOM,Exxon Mobil
2018-04-04,51.75696563720703,74.87000274658203,0.0,75.05999755859375,73.44000244140625,74.05000305175781,0.0,13122200,XOM,Exxon Mobil
2018-04-05,52.55194091796875,76.0199966430664,0.0,76.31999969482422,75.0199966430664,75.05999755859375,0.0,14200000,XOM,Exxon Mobil
2018-04-06,51.75696563720703,74.87000274658203,0.0,76.12000274658203,74.22000122070312,75.63999938964844,0.0,14299600,XOM,Exxon Mobil
2018-04-09,51.75696563720703,74.87000274658203,0.0,75.79000091552734,74.80000305175781,75.22000122070312,0.0,11103100,XOM,Exxon Mobil
2018-04-10,53.27781677246094,77.06999969482422,0.0,77.7699966430664,76.05999755859375,76.08000183105469,0.0,19006100,XOM,Exxon Mobil
2018-04-11,53.52667236328125,77.43000030517578,0.0,78.04000091552734,76.75,77.11000061035156,0.0,13734000,XOM,Exxon Mobil
2018-04-12,53.38150405883789,77.22000122070312,0.0,78.13999938964844,77.01000213623047,77.86000061035156,0.0,13270400,XOM,Exxon Mobil
2018-04-13,53.81010437011719,77.83999633789062,0.0,78.19000244140625,77.5999984741211,77.80000305175781,0.0,10925000,XOM,Exxon Mobil
2018-04-16,54.294002532958984,78.54000091552734,0.0,79.08000183105469,77.70999908447266,78.12000274658203,0.0,10743600,XOM,Exxon Mobil
2018-04-17,54.14883804321289,78.33000183105469,0.0,78.76000213623047,78.04000091552734,78.54000091552734,0.0,10478100,XOM,Exxon Mobil
2018-04-18,54.76407241821289,79.22000122070312,0.0,79.76000213623047,78.94000244140625,79.04000091552734,0.0,12061400,XOM,Exxon Mobil
2018-04-19,54.902339935302734,79.41999816894531,0.0,79.81999969482422,78.80999755859375,79.31999969482422,0.0,11291500,XOM,Exxon Mobil
2018-04-20,54.61198425292969,79.0,0.0,79.4000015258789,78.33000183105469,79.31999969482422,0.0,12072200,XOM,Exxon Mobil
2018-04-23,55.006019592285156,79.56999969482422,0.0,79.5999984741211,78.75,78.91999816894531,0.0,11729800,XOM,Exxon Mobil
2018-04-24,54.16265106201172,78.3499984741211,0.0,79.93000030517578,77.97000122070312,79.80000305175781,0.0,14102000,XOM,Exxon Mobil
2018-04-25,54.95764923095703,79.5,0.0,79.62000274658203,77.48999786376953,78.19999694824219,0.0,13867500,XOM,Exxon Mobil
2018-04-26,55.897796630859375,80.86000061035156,0.0,80.9000015258789,79.52999877929688,79.5999984741211,0.0,14554400,XOM,Exxon Mobil
2018-04-27,53.77553939819336,77.79000091552734,0.0,78.6500015258789,76.4800033569336,76.94999694824219,0.0,16346800,XOM,Exxon Mobil
2018-04-30,53.74787902832031,77.75,0.0,78.55999755859375,77.73999786376953,77.91000366210938,0.0,15028800,XOM,Exxon Mobil
2018-05-01,53.19483947753906,76.94999694824219,0.0,77.26000213623047,75.9800033569336,77.26000213623047,0.0,16231000,XOM,Exxon Mobil
2018-05-02,53.09115219116211,76.80000305175781,0.0,77.2300033569336,76.30000305175781,76.44999694824219,0.0,13883700,XOM,Exxon Mobil
2018-05-03,52.91143035888672,76.54000091552734,0.0,76.61000061035156,75.4000015258789,76.38999938964844,0.0,12243100,XOM,Exxon Mobil
2018-05-04,53.16029357910156,76.9000015258789,0.0,77.22000122070312,75.94000244140625,76.12999725341797,0.0,9887200,XOM,Exxon Mobil
2018-05-07,53.74097442626953,77.73999786376953,0.0,79.08000183105469,77.4000015258789,77.73999786376953,0.0,15071500,XOM,Exxon Mobil
2018-05-08,53.9829216003418,78.08999633789062,0.0,78.16000366210938,76.37000274658203,77.80000305175781,0.0,17430400,XOM,Exxon Mobil
2018-05-09,55.25489044189453,79.93000030517578,0.0,80.23999786376953,78.94999694824219,78.9800033569336,0.0,17142100,XOM,Exxon Mobil
2018-05-10,56.4922981262207,81.72000122070312,0.0,81.79000091552734,80.5,80.63999938964844,0.0,17710300,XOM,Exxon Mobil
2018-05-11,56.75764465332031,81.27999877929688,0.82,81.97000122070312,80.91000366210938,81.18000030517578,0.0,14751000,XOM,Exxon Mobil
2018-05-14,57.14173126220703,81.83000183105469,0.0,82.31999969482422,81.61000061035156,81.69999694824219,0.0,11852100,XOM,Exxon Mobil
2018-05-15,57.113800048828125,81.79000091552734,0.0,82.02999877929688,81.4000015258789,81.8499984741211,0.0,12595700,XOM,Exxon Mobil
2018-05-16,57.274410247802734,82.0199966430664,0.0,82.05000305175781,81.16999816894531,81.76000213623047,0.0,9570000,XOM,Exxon Mobil
2018-05-17,57.1766471862793,81.87999725341797,0.0,82.27999877929688,81.44000244140625,82.19999694824219,0.0,11224100,XOM,Exxon Mobil
2018-05-18,56.7716178894043,81.30000305175781,0.0,81.80000305175781,81.26000213623047,81.55000305175781,0.0,10030900,XOM,Exxon Mobil
2018-05-21,57.455955505371094,82.27999877929688,0.0,82.3499984741211,81.5199966430664,81.7300033569336,0.0,8822400,XOM,Exxon Mobil
2018-05-22,57.00904846191406,81.63999938964844,0.0,82.6500015258789,81.3499984741211,82.44000244140625,0.0,10753400,XOM,Exxon Mobil
2018-05-23,57.36518478393555,82.1500015258789,0.0,82.2300033569336,80.56999969482422,80.94999694824219,0.0,15140900,XOM,Exxon Mobil
2018-05-24,56.052371978759766,80.2699966430664,0.0,81.36000061035156,79.94999694824219,81.3499984741211,0.0,13360500,XOM,Exxon Mobil
2018-05-25,54.963043212890625,78.70999908447266,0.0,79.33000183105469,78.08999633789062,79.27999877929688,0.0,14562000,XOM,Exxon Mobil
2018-05-29,54.7605094909668,78.41999816894531,0.0,78.7300033569336,77.52999877929688,78.1500015258789,0.0,14644800,XOM,Exxon Mobil
2018-05-30,56.91129684448242,81.5,0.0,81.66000366210938,79.22000122070312,79.25,0.0,16627500,XOM,Exxon Mobil
2018-05-31,56.7297248840332,81.23999786376953,0.0,81.55000305175781,80.69000244140625,80.80999755859375,0.0,15803100,XOM,Exxon Mobil
2018-06-01,57.14173126220703,81.83000183105469,0.0,82.3499984741211,81.55000305175781,81.87000274658203,0.0,9906100,XOM,Exxon Mobil
2018-06-04,56.541175842285156,80.97000122070312,0.0,82.52999877929688,80.80999755859375,82.05000305175781,0.0,10954700,XOM,Exxon Mobil
2018-06-05,56.33866882324219,80.68000030517578,0.0,81.6500015258789,80.41000366210938,80.58999633789062,0.0,12059300,XOM,Exxon Mobil
2018-06-06,57.30233383178711,82.05999755859375,0.0,82.08999633789062,80.87000274658203,81.4800033569336,0.0,11603300,XOM,Exxon Mobil
2018-06-07,57.87492752075195,82.87999725341797,0.0,83.29000091552734,82.55999755859375,82.7300033569336,0.0,13502500,XOM,Exxon Mobil
2018-06-08,58.37769317626953,83.5999984741211,0.0,83.66000366210938,82.5,83.11000061035156,0.0,14350400,XOM,Exxon Mobil
2018-06-11,58.028560638427734,83.0999984741211,0.0,83.79000091552734,82.93000030517578,83.72000122070312,0.0,10831600,XOM,Exxon Mobil
2018-06-12,57.55370330810547,82.41999816894531,0.0,83.75,82.31999969482422,83.11000061035156,0.0,12351800,XOM,Exxon Mobil
2018-06-13,56.91826248168945,81.51000213623047,0.0,82.5999984741211,81.47000122070312,82.44000244140625,0.0,12049300,XOM,Exxon Mobil
2018-06-14,57.183624267578125,81.88999938964844,0.0,82.30000305175781,81.5,81.94000244140625,0.0,11477300,XOM,Exxon Mobil
2018-06-15,56.32471466064453,80.66000366210938,0.0,81.81999969482422,80.51000213623047,81.72000122070312,0.0,23797500,XOM,Exxon Mobil
2018-06-18,56.436439514160156,80.81999969482422,0.0,81.37999725341797,80.30000305175781,80.4000015258789,0.0,9192600,XOM,Exxon Mobil
2018-06-19,56.35264587402344,80.69999694824219,0.0,80.95999908447266,79.70999908447266,79.88999938964844,0.0,8759700,XOM,Exxon Mobil
2018-06-20,56.178062438964844,80.44999694824219,0.0,81.12999725341797,80.2699966430664,80.8499984741211,0.0,8917700,XOM,Exxon Mobil
2018-06-21,55.64736557006836,79.69000244140625,0.0,80.37999725341797,79.33000183105469,80.0199966430664,0.0,10990700,XOM,Exxon Mobil
2018-06-22,56.82749557495117,81.37999725341797,0.0,81.94000244140625,80.91999816894531,81.16000366210938,0.0,16012200,XOM,Exxon Mobil
2018-06-25,55.68225860595703,79.73999786376953,0.0,81.23999786376953,79.30000305175781,80.77999877929688,0.0,10557200,XOM,Exxon Mobil
2018-06-26,56.31074523925781,80.63999938964844,0.0,81.01000213623047,79.97000122070312,80.1500015258789,0.0,10382800,XOM,Exxon Mobil
2018-06-27,57.05792999267578,81.70999908447266,0.0,82.4800033569336,81.05999755859375,81.05999755859375,0.0,12725900,XOM,Exxon Mobil
2018-06-28,57.23948669433594,81.97000122070312,0.0,82.06999969482422,81.02999877929688,81.7300033569336,0.0,9390700,XOM,Exxon Mobil
2018-06-29,57.77019500732422,82.7300033569336,0.0,83.54000091552734,82.29000091552734,82.44999694824219,0.0,17323200,XOM,Exxon Mobil
2018-07-02,57.09285354614258,81.76000213623047,0.0,82.12999725341797,81.31999969482422,81.88999938964844,0.0,9998300,XOM,Exxon Mobil
2018-07-03,57.42802810668945,82.23999786376953,0.0,83.44999694824219,82.08000183105469,82.58000183105469,0.0,7197300,XOM,Exxon Mobil
2018-07-05,57.476905822753906,82.30999755859375,0.0,82.7699966430664,82.05000305175781,82.58999633789062,0.0,9035700,XOM,Exxon Mobil
2018-07-06,57.49087142944336,82.33000183105469,0.0,82.69999694824219,81.66000366210938,81.95999908447266,0.0,7637100,XOM,Exxon Mobil
2018-07-09,57.8889045715332,82.9000015258789,0.0,83.12999725341797,82.55999755859375,82.80999755859375,0.0,7158600,XOM,Exxon Mobil
2018-07-10,58.41960144042969,83.66000366210938,0.0,84.12000274658203,83.51000213623047,83.69999694824219,0.0,8806200,XOM,Exxon Mobil
2018-07-11,57.67241668701172,82.58999633789062,0.0,83.52999877929688,82.02999877929688,83.02999877929688,0.0,10405300,XOM,Exxon Mobil
2018-07-12,57.742271423339844,82.69000244140625,0.0,83.23999786376953,82.30999755859375,83.01000213623047,0.0,9762200,XOM,Exxon Mobil
2018-07-13,58.175201416015625,83.30999755859375,0.0,83.75,82.55999755859375,82.68000030517578,0.0,8720000,XOM,Exxon Mobil
2018-07-16,57.602603912353516,82.48999786376953,0.0,82.79000091552734,82.0,82.5199966430664,0.0,8306900,XOM,Exxon Mobil
2018-07-17,57.476905822753906,82.30999755859375,0.0,82.75,82.04000091552734,82.26000213623047,0.0,7373300,XOM,Exxon Mobil
2018-07-18,57.414058685302734,82.22000122070312,0.0,82.31999969482422,81.48999786376953,81.80000305175781,0.0,8711900,XOM,Exxon Mobil
2018-07-19,57.26740646362305,82.01000213623047,0.0,82.62000274658203,81.72000122070312,82.19999694824219,0.0,8659100,XOM,Exxon Mobil
2018-07-20,56.841453552246094,81.4000015258789,0.0,81.93000030517578,81.25,81.72000122070312,0.0,9196300,XOM,Exxon Mobil
2018-07-23,56.841453552246094,81.4000015258789,0.0,82.0,81.18000030517578,81.94999694824219,0.0,8425900,XOM,Exxon Mobil
2018-07-24,57.965736389160156,83.01000213623047,0.0,83.0199966430664,81.4800033569336,81.5199966430664,0.0,11121000,XOM,Exxon Mobil
2018-07-25,58.37071990966797,83.58999633789062,0.0,83.73999786376953,82.51000213623047,83.01000213623047,0.0,9523600,XOM,Exxon Mobil
2018-07-26,58.82463073730469,84.23999786376953,0.0,84.4000015258789,83.37000274658203,83.83000183105469,0.0,13210100,XOM,Exxon Mobil
2018-07-27,57.20457458496094,81.91999816894531,0.0,82.37999725341797,80.80999755859375,80.97000122070312,0.0,18220800,XOM,Exxon Mobil
2018-07-30,57.0788688659668,81.73999786376953,0.0,82.12999725341797,80.70999908447266,82.12999725341797,0.0,11282800,XOM,Exxon Mobil
2018-07-31,56.91826248168945,81.51000213623047,0.0,82.1500015258789,81.44000244140625,81.63999938964844,0.0,11716800,XOM,Exxon Mobil
2018-08-01,56.136165618896484,80.38999938964844,0.0,80.93000030517578,80.22000122070312,80.88999938964844,0.0,8936300,XOM,Exxon Mobil
2018-08-02,55.800994873046875,79.91000366210938,0.0,80.26000213623047,79.44999694824219,79.88999938964844,0.0,8364300,XOM,Exxon Mobil
2018-08-03,56.00349807739258,80.19999694824219,0.0,80.30000305175781,79.62999725341797,79.97000122070312,0.0,7811100,XOM,Exxon Mobil
2018-08-06,55.98954772949219,80.18000030517578,0.0,80.43000030517578,79.73999786376953,80.25,0.0,10041800,XOM,Exxon Mobil
2018-08-07,56.75067138671875,81.2699966430664,0.0,81.58999633789062,80.30999755859375,80.91000366210938,0.0,10698100,XOM,Exxon Mobil
2018-08-08,56.37359619140625,80.7300033569336,0.0,81.2300033569336,80.3499984741211,81.0199966430664,0.0,7275000,XOM,Exxon Mobil
2018-08-09,56.08729553222656,80.31999969482422,0.0,80.91000366210938,80.11000061035156,80.7300033569336,0.0,9828500,XOM,Exxon Mobil
2018-08-10,56.030845642089844,79.41999816894531,0.82,79.5199966430664,78.86000061035156,79.51000213623047,0.0,12954300,XOM,Exxon Mobil
2018-08-13,55.42412185668945,78.55999755859375,0.0,79.75,78.43000030517578,79.44999694824219,0.0,10308500,XOM,Exxon Mobil
2018-08-14,55.24774932861328,78.30999755859375,0.0,79.06999969482422,78.08000183105469,78.98999786376953,0.0,8005900,XOM,Exxon Mobil
2018-08-15,54.281211853027344,76.94000244140625,0.0,77.9000015258789,76.51000213623047,77.77999877929688,0.0,16307800,XOM,Exxon Mobil
2018-08-16,55.02903747558594,78.0,0.0,78.0999984741211,77.19999694824219,77.27999877929688,0.0,11519900,XOM,Exxon Mobil
2018-08-17,55.21248245239258,78.26000213623047,0.0,78.48999786376953,77.80000305175781,78.33999633789062,0.0,10178400,XOM,Exxon Mobil
2018-08-20,55.60049819946289,78.80999755859375,0.0,79.0,78.16999816894531,78.26000213623047,0.0,8152100,XOM,Exxon Mobil
2018-08-21,55.6146240234375,78.83000183105469,0.0,79.58000183105469,78.66999816894531,79.05000305175781,0.0,9192200,XOM,Exxon Mobil
2018-08-22,56.41180419921875,79.95999908447266,0.0,80.05000305175781,79.0199966430664,79.11000061035156,0.0,10098200,XOM,Exxon Mobil
2018-08-23,55.790977478027344,79.08000183105469,0.0,79.62999725341797,78.9000015258789,79.55999755859375,0.0,7203900,XOM,Exxon Mobil
2018-08-24,56.17194747924805,79.62000274658203,0.0,80.05000305175781,79.41999816894531,79.5199966430664,0.0,6545200,XOM,Exxon Mobil
2018-08-27,56.72224044799805,80.4000015258789,0.0,80.47000122070312,79.86000061035156,79.91000366210938,0.0,6671900,XOM,Exxon Mobil
2018-08-28,56.63758087158203,80.27999877929688,0.0,80.81999969482422,80.19999694824219,80.58000183105469,0.0,8823400,XOM,Exxon Mobil
2018-08-29,57.04677200317383,80.86000061035156,0.0,81.04000091552734,80.0999984741211,80.44000244140625,0.0,8004800,XOM,Exxon Mobil
2018-08-30,56.799842834472656,80.51000213623047,0.0,80.77999877929688,80.12000274658203,80.44999694824219,0.0,7450900,XOM,Exxon Mobil
2018-08-31,56.55998229980469,80.16999816894531,0.0,80.45999908447266,79.7699966430664,80.23999786376953,0.0,10700000,XOM,Exxon Mobil
2018-09-04,56.64463424682617,80.29000091552734,0.0,80.69000244140625,79.80999755859375,80.41000366210938,0.0,8855000,XOM,Exxon Mobil
2018-09-05,57.399513244628906,81.36000061035156,0.0,81.43000030517578,79.5999984741211,79.9000015258789,0.0,13878400,XOM,Exxon Mobil
2018-09-06,56.764583587646484,80.45999908447266,0.0,81.63999938964844,80.33999633789062,81.11000061035156,0.0,13320600,XOM,Exxon Mobil
2018-09-07,57.73111343383789,81.83000183105469,0.0,81.93000030517578,79.81999969482422,80.1500015258789,0.0,16417800,XOM,Exxon Mobil
2018-09-10,57.646446228027344,81.70999908447266,0.0,82.73999786376953,81.66000366210938,82.23999786376953,0.0,10817900,XOM,Exxon Mobil
2018-09-11,58.45775604248047,82.86000061035156,0.0,83.19000244140625,81.62999725341797,81.95999908447266,0.0,11891900,XOM,Exxon Mobil
2018-09-12,58.64824676513672,83.12999725341797,0.0,83.77999877929688,82.87000274658203,83.25,0.0,11556300,XOM,Exxon Mobil
2018-09-13,58.07679748535156,82.31999969482422,0.0,83.25,82.01000213623047,83.1500015258789,0.0,11162700,XOM,Exxon Mobil
2018-09-14,58.50011444091797,82.91999816894531,0.0,83.1500015258789,82.2699966430664,82.41999816894531,0.0,9442600,XOM,Exxon Mobil
2018-09-17,58.84581756591797,83.41000366210938,0.0,83.61000061035156,82.98999786376953,83.0,0.0,8403300,XOM,Exxon Mobil
2018-09-18,59.00100326538086,83.62999725341797,0.0,84.12999725341797,83.44999694824219,83.9000015258789,0.0,9219900,XOM,Exxon Mobil
2018-09-19,59.706512451171875,84.62999725341797,0.0,84.7699966430664,83.63999938964844,83.63999938964844,0.0,10413600,XOM,Exxon Mobil
2018-09-20,59.84056854248047,84.81999969482422,0.0,85.33999633789062,84.54000091552734,84.86000061035156,0.0,11198200,XOM,Exxon Mobil
2018-09-21,60.087493896484375,85.16999816894531,0.0,85.43000030517578,84.5199966430664,85.01000213623047,0.0,26639400,XOM,Exxon Mobil
2018-09-24,61.096343994140625,86.5999984741211,0.0,87.08999633789062,85.72000122070312,85.79000091552734,0.0,13549500,XOM,Exxon Mobil
2018-09-25,61.02579879760742,86.5,0.0,87.36000061035156,86.37000274658203,87.02999877929688,0.0,12200700,XOM,Exxon Mobil
2018-09-26,60.5178337097168,85.77999877929688,0.0,86.5,85.69000244140625,86.0199966430664,0.0,10275500,XOM,Exxon Mobil
2018-09-27,60.510765075683594,85.7699966430664,0.0,86.37999725341797,85.58999633789062,86.08999633789062,0.0,7895400,XOM,Exxon Mobil
2018-09-28,59.981651306152344,85.0199966430664,0.0,85.93000030517578,84.98999786376953,85.25,0.0,9884900,XOM,Exxon Mobil
2018-10-01,60.53898239135742,85.80999755859375,0.0,86.02999877929688,85.26000213623047,85.3499984741211,0.0,8566900,XOM,Exxon Mobil
2018-10-02,60.997589111328125,86.45999908447266,0.0,86.66999816894531,85.62000274658203,85.80000305175781,0.0,8453100,XOM,Exxon Mobil
2018-10-03,60.77886962890625,86.1500015258789,0.0,86.88999938964844,85.9800033569336,86.51000213623047,0.0,10206700,XOM,Exxon Mobil
2018-10-04,60.376739501953125,85.58000183105469,0.0,86.08000183105469,85.25,85.5,0.0,10204600,XOM,Exxon Mobil
2018-10-05,60.20741271972656,85.33999633789062,0.0,85.69999694824219,84.93000030517578,85.30999755859375,0.0,9217400,XOM,Exxon Mobil
2018-10-08,60.76475524902344,86.12999725341797,0.0,86.30999755859375,84.6500015258789,84.79000091552734,0.0,13242400,XOM,Exxon Mobil
2018-10-09,61.0328483581543,86.51000213623047,0.0,86.87999725341797,85.73999786376953,86.37999725341797,0.0,10177900,XOM,Exxon Mobil
2018-10-10,59.62889862060547,84.5199966430664,0.0,86.81999969482422,84.5,86.7300033569336,0.0,16573400,XOM,Exxon Mobil
2018-10-11,57.568843841552734,81.5999984741211,0.0,84.16999816894531,81.16999816894531,83.94000244140625,0.0,20320100,XOM,Exxon Mobil
2018-10-12,57.413639068603516,81.37999725341797,0.0,82.23999786376953,80.2699966430664,82.12999725341797,0.0,15216300,XOM,Exxon Mobil
2018-10-15,57.01854705810547,80.81999969482422,0.0,81.73999786376953,80.81999969482422,81.37999725341797,0.0,10558800,XOM,Exxon Mobil
2018-10-16,57.28664016723633,81.19999694824219,0.0,81.2699966430664,80.01000213623047,80.51000213623047,0.0,9781800,XOM,Exxon Mobil
2018-10-17,57.49831008911133,81.5,0.0,81.5199966430664,80.33999633789062,80.94000244140625,0.0,12247700,XOM,Exxon Mobil
2018-10-18,57.74522399902344,81.8499984741211,0.0,82.47000122070312,81.19999694824219,81.19999694824219,0.0,17448600,XOM,Exxon Mobil
2018-10-19,57.82987976074219,81.97000122070312,0.0,82.45999908447266,81.51000213623047,81.66000366210938,0.0,12098700,XOM,Exxon Mobil
2018-10-22,57.25136947631836,81.1500015258789,0.0,82.18000030517578,80.63999938964844,82.0,0.0,9474100,XOM,Exxon Mobil
2018-10-23,56.32716369628906,79.83999633789062,0.0,80.45999908447266,78.72000122070312,80.05999755859375,0.0,15465100,XOM,Exxon Mobil
2018-10-24,54.760955810546875,77.62000274658203,0.0,80.26000213623047,77.55000305175781,80.12999725341797,0.0,16085700,XOM,Exxon Mobil
2018-10-25,55.24774932861328,78.30999755859375,0.0,79.05000305175781,77.73999786376953,78.48999786376953,0.0,12315500,XOM,Exxon Mobil
2018-10-26,54.69746017456055,77.52999877929688,0.0,78.41000366210938,76.95999908447266,77.87000274658203,0.0,18160100,XOM,Exxon Mobil
2018-10-29,54.358802795410156,77.05000305175781,0.0,78.43000030517578,76.22000122070312,78.06999969482422,0.0,15707000,XOM,Exxon Mobil
2018-10-30,55.57932662963867,78.77999877929688,0.0,79.02999877929688,77.41999816894531,77.62000274658203,0.0,17758200,XOM,Exxon Mobil
2018-10-31,56.21427917480469,79.68000030517578,0.0,80.3499984741211,78.9000015258789,79.33999633789062,0.0,16629100,XOM,Exxon Mobil
2018-11-01,56.912715911865234,80.66999816894531,0.0,80.75,79.30000305175781,79.83000183105469,0.0,14159300,XOM,Exxon Mobil
2018-11-02,57.815773010253906,81.94999694824219,0.0,82.44999694824219,80.2300033569336,81.76000213623047,0.0,19350400,XOM,Exxon Mobil
2018-11-05,57.597068786621094,81.63999938964844,0.0,82.87000274658203,81.44000244140625,82.5,0.0,15815000,XOM,Exxon Mobil
2018-11-06,57.8439826965332,81.98999786376953,0.0,82.0999984741211,81.3499984741211,81.73999786376953,0.0,9063200,XOM,Exxon Mobil
2018-11-07,58.57771301269531,83.02999877929688,0.0,83.13999938964844,81.66000366210938,82.20999908447266,0.0,12699800,XOM,Exxon Mobil
2018-11-08,57.646446228027344,81.70999908447266,0.0,83.75,81.54000091552734,83.12999725341797,0.0,16865500,XOM,Exxon Mobil
2018-11-09,57.63218688964844,80.87000274658203,0.82,81.4000015258789,79.69000244140625,80.26000213623047,0.0,15070100,XOM,Exxon Mobil
2018-11-12,56.891029357910156,79.83000183105469,0.0,81.7300033569336,79.7300033569336,81.66000366210938,0.0,11906600,XOM,Exxon Mobil
2018-11-13,55.586883544921875,78.0,0.0,79.8499984741211,77.63999938964844,79.80000305175781,0.0,15530200,XOM,Exxon Mobil
2018-11-14,55.152164459228516,77.38999938964844,0.0,79.08999633789062,76.75,78.86000061035156,0.0,18552100,XOM,Exxon Mobil
2018-11-15,55.7222900390625,78.19000244140625,0.0,78.19000244140625,75.91000366210938,76.66999816894531,0.0,18976000,XOM,Exxon Mobil
2018-11-16,56.271026611328125,78.95999908447266,0.0,79.19000244140625,78.0999984741211,78.37000274658203,0.0,13704900,XOM,Exxon Mobil
2018-11-19,56.4563102722168,79.22000122070312,0.0,79.36000061035156,78.43000030517578,78.45999908447266,0.0,9430800,XOM,Exxon Mobil
2018-11-20,54.85285186767578,76.97000122070312,0.0,78.9000015258789,76.37000274658203,78.41999816894531,0.0,15533700,XOM,Exxon Mobil
2018-11-21,55.2733268737793,77.55999755859375,0.0,78.37999725341797,77.26000213623047,77.43000030517578,0.0,9685300,XOM,Exxon Mobil
2018-11-23,53.798118591308594,75.48999786376953,0.0,76.19999694824219,74.69999694824219,76.05000305175781,0.0,10875400,XOM,Exxon Mobil
2018-11-26,54.8599853515625,76.9800033569336,0.0,77.31999969482422,76.12000274658203,76.23999786376953,0.0,13741100,XOM,Exxon Mobil
2018-11-27,54.909854888916016,77.05000305175781,0.0,77.44999694824219,76.4000015258789,76.56999969482422,0.0,10344500,XOM,Exxon Mobil
2018-11-28,55.90757751464844,78.44999694824219,0.0,78.44999694824219,76.83999633789062,77.04000091552734,0.0,11482100,XOM,Exxon Mobil
2018-11-29,56.3422966003418,79.05999755859375,0.0,79.52999877929688,78.19000244140625,78.22000122070312,0.0,10255200,XOM,Exxon Mobil
2018-11-30,56.655853271484375,79.5,0.0,79.5999984741211,78.31999969482422,78.44999694824219,0.0,14040100,XOM,Exxon Mobil
2018-12-03,57.88161849975586,81.22000122070312,0.0,81.45999908447266,80.13999938964844,80.23999786376953,0.0,19415100,XOM,Exxon Mobil
2018-12-04,56.605960845947266,79.43000030517578,0.0,81.94999694824219,79.3499984741211,81.37999725341797,0.0,18540700,XOM,Exxon Mobil
2018-12-06,55.864810943603516,78.38999938964844,0.0,78.44000244140625,76.91999816894531,78.0,0.0,23218100,XOM,Exxon Mobil
2018-12-07,55.330322265625,77.63999938964844,0.0,80.36000061035156,77.33000183105469,79.38999938964844,0.0,16224700,XOM,Exxon Mobil
2018-12-10,54.54642105102539,76.54000091552734,0.0,77.86000061035156,74.80000305175781,77.86000061035156,0.0,17946200,XOM,Exxon Mobil
2018-12-11,54.64618682861328,76.68000030517578,0.0,77.80000305175781,75.68000030517578,77.69999694824219,0.0,15742400,XOM,Exxon Mobil
2018-12-12,54.17582702636719,76.0199966430664,0.0,78.19999694824219,76.0199966430664,78.04000091552734,0.0,14559800,XOM,Exxon Mobil
2018-12-13,54.8599853515625,76.9800033569336,0.0,77.22000122070312,75.94999694824219,76.02999877929688,0.0,13749700,XOM,Exxon Mobil
2018-12-14,53.862266540527344,75.58000183105469,0.0,76.87000274658203,75.08999633789062,76.72000122070312,0.0,12669300,XOM,Exxon Mobil
2018-12-17,52.764793395996094,74.04000091552734,0.0,75.5999984741211,73.4800033569336,75.26000213623047,0.0,15464100,XOM,Exxon Mobil
2018-12-18,51.31096649169922,72.0,0.0,73.86000061035156,71.62000274658203,73.62999725341797,0.0,18681200,XOM,Exxon Mobil
2018-12-19,50.441532135009766,70.77999877929688,0.0,73.2699966430664,70.30000305175781,72.44999694824219,0.0,21679600,XOM,Exxon Mobil
2018-12-20,48.90932846069336,68.62999725341797,0.0,70.66000366210938,68.05000305175781,70.08999633789062,0.0,28723700,XOM,Exxon Mobil
2018-12-21,48.54587173461914,68.12000274658203,0.0,70.37000274658203,67.66999816894531,68.13999938964844,0.0,47287300,XOM,Exxon Mobil
2018-12-24,46.68585205078125,65.51000213623047,0.0,67.52999877929688,65.44000244140625,66.87000274658203,0.0,14262800,XOM,Exxon Mobil
2018-12-26,48.91645050048828,68.63999938964844,0.0,68.66000366210938,64.6500015258789,66.18000030517578,0.0,24887700,XOM,Exxon Mobil
2018-12-27,49.130252838134766,68.94000244140625,0.0,68.94000244140625,66.08000183105469,67.73999786376953,0.0,22077000,XOM,Exxon Mobil
2018-12-28,48.581504821777344,68.16999816894531,0.0,69.58000183105469,67.81999969482422,69.18000030517578,0.0,19710600,XOM,Exxon Mobil
2018-12-31,48.595767974853516,68.19000244140625,0.0,69.1500015258789,67.66000366210938,68.31999969482422,0.0,15807000,XOM,Exxon Mobil
2019-01-02,49.66475296020508,69.69000244140625,0.0,69.87000274658203,67.26000213623047,67.3499984741211,0.0,16727200,XOM,Exxon Mobil
2019-01-03,48.90220642089844,68.62000274658203,0.0,70.25,68.36000061035156,70.0,0.0,13866100,XOM,Exxon Mobil
2019-01-04,50.705223083496094,71.1500015258789,0.0,71.2699966430664,69.36000061035156,69.63999938964844,0.0,16043600,XOM,Exxon Mobil
2019-01-07,50.96887969970703,71.5199966430664,0.0,72.0999984741211,70.73999786376953,71.25,0.0,10844200,XOM,Exxon Mobil
2019-01-08,51.3394775390625,72.04000091552734,0.0,72.58999633789062,71.94000244140625,72.54000091552734,0.0,11439000,XOM,Exxon Mobil
2019-01-09,51.610294342041016,72.41999816894531,0.0,72.5999984741211,71.6500015258789,72.5999984741211,0.0,13473500,XOM,Exxon Mobil
2019-01-10,51.34661102294922,72.05000305175781,0.0,72.08000183105469,71.12000274658203,72.06999969482422,0.0,13151100,XOM,Exxon Mobil
2019-01-11,51.111427307128906,71.72000122070312,0.0,71.88999938964844,71.06999969482422,71.8499984741211,0.0,9790100,XOM,Exxon Mobil
2019-01-14,51.04728317260742,71.62999725341797,0.0,71.77999877929688,71.12000274658203,71.20999908447266,0.0,11012400,XOM,Exxon Mobil
2019-01-15,51.07579803466797,71.66999816894531,0.0,72.36000061035156,71.31999969482422,71.94999694824219,0.0,10298300,XOM,Exxon Mobil
2019-01-16,51.054420471191406,71.63999938964844,0.0,72.37999725341797,71.30999755859375,71.41999816894531,0.0,12595600,XOM,Exxon Mobil
2019-01-17,51.403602600097656,72.12999725341797,0.0,72.33999633789062,70.9000015258789,71.19000244140625,0.0,10141700,XOM,Exxon Mobil
2019-01-18,52.01648712158203,72.98999786376953,0.0,73.29000091552734,72.12999725341797,73.2699966430664,0.0,15759200,XOM,Exxon Mobil
2019-01-22,51.232574462890625,71.88999938964844,0.0,72.70999908447266,71.68000030517578,72.38999938964844,0.0,15035600,XOM,Exxon Mobil
2019-01-23,50.81211471557617,71.30000305175781,0.0,72.30000305175781,70.93000030517578,72.01000213623047,0.0,13187200,XOM,Exxon Mobil
2019-01-24,50.88338088989258,71.4000015258789,0.0,71.97000122070312,70.63999938964844,71.0999984741211,0.0,11272500,XOM,Exxon Mobil
2019-01-25,51.111427307128906,71.72000122070312,0.0,72.2699966430664,71.54000091552734,72.06999969482422,0.0,8996200,XOM,Exxon Mobil
2019-01-28,50.76935577392578,71.23999786376953,0.0,71.27999877929688,70.37000274658203,71.0199966430664,0.0,13678400,XOM,Exxon Mobil
2019-01-29,50.96177673339844,71.51000213623047,0.0,72.19000244140625,71.4800033569336,71.69999694824219,0.0,10513200,XOM,Exxon Mobil
2019-01-30,51.517635345458984,72.29000091552734,0.0,72.56999969482422,71.51000213623047,71.7699966430664,0.0,11524700,XOM,Exxon Mobil
2019-01-31,52.223167419433594,73.27999877929688,0.0,73.48999786376953,72.0199966430664,72.29000091552734,0.0,19876700,XOM,Exxon Mobil
2019-02-01,54.10456085205078,75.91999816894531,0.0,76.48999786376953,74.31999969482422,74.91999816894531,0.0,22968700,XOM,Exxon Mobil
2019-02-04,53.32065200805664,74.81999969482422,0.0,75.76000213623047,74.4000015258789,75.76000213623047,0.0,15483800,XOM,Exxon Mobil
2019-02-05,53.869380950927734,75.58999633789062,0.0,75.63999938964844,75.01000213623047,75.18000030517578,0.0,12786700,XOM,Exxon Mobil
2019-02-06,53.63421630859375,75.26000213623047,0.0,75.7699966430664,75.12999725341797,75.58000183105469,0.0,10866900,XOM,Exxon Mobil
2019-02-07,53.22088623046875,74.68000030517578,0.0,75.19000244140625,73.9000015258789,74.94999694824219,0.0,14418900,XOM,Exxon Mobil
2019-02-08,53.30734634399414,73.9800033569336,0.82,74.06999969482422,72.7300033569336,73.76000213623047,0.0,11959500,XOM,Exxon Mobil
2019-02-11,53.39382553100586,74.0999984741211,0.0,74.22000122070312,73.4000015258789,73.87999725341797,0.0,10434800,XOM,Exxon Mobil
2019-02-12,54.33055877685547,75.4000015258789,0.0,75.44999694824219,74.81999969482422,75.08000183105469,0.0,12599200,XOM,Exxon Mobil
2019-02-13,54.94303894042969,76.25,0.0,76.54000091552734,75.51000213623047,75.58000183105469,0.0,13214600,XOM,Exxon Mobil
2019-02-14,54.95743942260742,76.2699966430664,0.0,76.6500015258789,75.70999908447266,76.26000213623047,0.0,12772900,XOM,Exxon Mobil
2019-02-15,55.99502944946289,77.70999908447266,0.0,77.76000213623047,76.75,76.94000244140625,0.0,14330300,XOM,Exxon Mobil
2019-02-19,56.36973571777344,78.2300033569336,0.0,78.4800033569336,77.44999694824219,77.55999755859375,0.0,13551500,XOM,Exxon Mobil
2019-02-20,56.58590316772461,78.52999877929688,0.0,78.80999755859375,78.0,78.30000305175781,0.0,12633100,XOM,Exxon Mobil
2019-02-21,56.07432556152344,77.81999969482422,0.0,78.66000366210938,77.61000061035156,78.20999908447266,0.0,10266000,XOM,Exxon Mobil
2019-02-22,56.50663757324219,78.41999816894531,0.0,78.94999694824219,77.62000274658203,78.70999908447266,0.0,9519300,XOM,Exxon Mobil
2019-02-25,56.564292907714844,78.5,0.0,78.8499984741211,78.19999694824219,78.43000030517578,0.0,9274400,XOM,Exxon Mobil
2019-02-26,56.67958068847656,78.66000366210938,0.0,79.12999725341797,78.38999938964844,78.68000030517578,0.0,10990600,XOM,Exxon Mobil
2019-02-27,57.26325988769531,79.47000122070312,0.0,79.75,78.66000366210938,78.87999725341797,0.0,12398200,XOM,Exxon Mobil
2019-02-28,56.94620132446289,79.02999877929688,0.0,79.75,78.70999908447266,79.44999694824219,0.0,14597900,XOM,Exxon Mobil
2019-03-01,57.64514923095703,80.0,0.0,80.0,79.02999877929688,79.37999725341797,0.0,15419400,XOM,Exxon Mobil
2019-03-04,57.86851501464844,80.30999755859375,0.0,80.55000305175781,79.01000213623047,80.23999786376953,0.0,18089900,XOM,Exxon Mobil
2019-03-05,57.78205108642578,80.19000244140625,0.0,80.4000015258789,79.75,80.12000274658203,0.0,13745500,XOM,Exxon Mobil
2019-03-06,57.126338958740234,79.27999877929688,0.0,79.37999725341797,77.86000061035156,78.8499984741211,0.0,18633600,XOM,Exxon Mobil
2019-03-07,57.76042175292969,80.16000366210938,0.0,80.26000213623047,79.31999969482422,79.55000305175781,0.0,16541700,XOM,Exxon Mobil
2019-03-08,56.93178939819336,79.01000213623047,0.0,79.31999969482422,78.25,78.88999938964844,0.0,16211300,XOM,Exxon Mobil
2019-03-11,57.486637115478516,79.77999877929688,0.0,80.29000091552734,79.6500015258789,79.9800033569336,0.0,11060900,XOM,Exxon Mobil
2019-03-12,57.64514923095703,80.0,0.0,80.58000183105469,79.88999938964844,80.11000061035156,0.0,11320000,XOM,Exxon Mobil
2019-03-13,58.1567268371582,80.70999908447266,0.0,80.76000213623047,80.19999694824219,80.58999633789062,0.0,10260200,XOM,Exxon Mobil
2019-03-14,57.96219253540039,80.44000244140625,0.0,80.91000366210938,80.3499984741211,80.80000305175781,0.0,9976700,XOM,Exxon Mobil
2019-03-15,57.753238677978516,80.1500015258789,0.0,80.55000305175781,80.0999984741211,80.18000030517578,0.0,25316400,XOM,Exxon Mobil
2019-03-18,58.42333984375,81.08000183105469,0.0,81.25,80.44000244140625,80.44000244140625,0.0,9840600,XOM,Exxon Mobil
2019-03-19,58.27202606201172,80.87000274658203,0.0,82.0,80.63999938964844,81.58000183105469,0.0,13936500,XOM,Exxon Mobil
2019-03-20,58.59629440307617,81.31999969482422,0.0,81.91999816894531,80.55999755859375,80.75,0.0,13133600,XOM,Exxon Mobil
2019-03-21,58.934959411621094,81.79000091552734,0.0,81.88999938964844,80.80000305175781,80.80999755859375,0.0,10117000,XOM,Exxon Mobil
2019-03-22,57.99102020263672,80.4800033569336,0.0,81.44000244140625,80.30000305175781,81.2300033569336,0.0,12497700,XOM,Exxon Mobil
2019-03-25,57.58749771118164,79.91999816894531,0.0,80.44000244140625,79.58999633789062,80.0,0.0,11320400,XOM,Exxon Mobil
2019-03-26,58.33687973022461,80.95999908447266,0.0,81.2699966430664,80.18000030517578,80.33000183105469,0.0,9472800,XOM,Exxon Mobil
2019-03-27,57.890132904052734,80.33999633789062,0.0,81.30999755859375,79.81999969482422,80.97000122070312,0.0,7258700,XOM,Exxon Mobil
2019-03-28,58.17835998535156,80.73999786376953,0.0,80.79000091552734,80.0199966430664,80.02999877929688,0.0,7412300,XOM,Exxon Mobil
2019-03-29,58.22159957885742,80.80000305175781,0.0,81.4800033569336,80.4800033569336,81.33000183105469,0.0,10889200,XOM,Exxon Mobil
2019-04-01,58.89170455932617,81.7300033569336,0.0,81.77999877929688,81.08000183105469,81.2300033569336,0.0,10816400,XOM,Exxon Mobil
2019-04-02,58.6395378112793,81.37999725341797,0.0,81.94999694824219,81.11000061035156,81.75,0.0,7646000,XOM,Exxon Mobil
2019-04-03,58.29365539550781,80.9000015258789,0.0,81.7699966430664,80.61000061035156,81.7699966430664,0.0,8562900,XOM,Exxon Mobil
2019-04-04,59.12230682373047,82.05000305175781,0.0,82.08000183105469,80.7699966430664,81.12000274658203,0.0,9360600,XOM,Exxon Mobil
2019-04-05,59.439353942871094,82.48999786376953,0.0,82.52999877929688,81.94999694824219,82.1500015258789,0.0,10059100,XOM,Exxon Mobil
2019-04-08,59.80679702758789,83.0,0.0,83.19999694824219,82.58999633789062,82.66999816894531,0.0,9108200,XOM,Exxon Mobil
2019-04-09,59.035865783691406,81.93000030517578,0.0,82.58000183105469,81.73999786376953,82.5199966430664,0.0,8561600,XOM,Exxon Mobil
2019-04-10,58.76923370361328,81.55999755859375,0.0,82.08000183105469,81.41000366210938,81.91999816894531,0.0,10324300,XOM,Exxon Mobil
2019-04-11,59.05024337768555,81.94999694824219,0.0,82.06999969482422,81.0199966430664,81.54000091552734,0.0,9115100,XOM,Exxon Mobil
2019-04-12,58.30806350708008,80.91999816894531,0.0,82.80999755859375,80.58000183105469,82.80999755859375,0.0,16638700,XOM,Exxon Mobil
2019-04-15,58.113525390625,80.6500015258789,0.0,81.05999755859375,80.5199966430664,80.88999938964844,0.0,8536100,XOM,Exxon Mobil
2019-04-16,58.50981903076172,81.19999694824219,0.0,81.3499984741211,80.69000244140625,80.80999755859375,0.0,7005700,XOM,Exxon Mobil
2019-04-17,58.67555236816406,81.43000030517578,0.0,81.69999694824219,81.08000183105469,81.55000305175781,0.0,8311400,XOM,Exxon Mobil
2019-04-18,58.45938491821289,81.12999725341797,0.0,81.83000183105469,81.06999969482422,81.55999755859375,0.0,9493900,XOM,Exxon Mobil
2019-04-22,59.73478317260742,82.9000015258789,0.0,83.22000122070312,81.63999938964844,81.87000274658203,0.0,10770600,XOM,Exxon Mobil
2019-04-23,60.08064651489258,83.37999725341797,0.0,83.48999786376953,82.68000030517578,83.19000244140625,0.0,10595100,XOM,Exxon Mobil
2019-04-24,58.913333892822266,81.76000213623047,0.0,83.08000183105469,81.7300033569336,83.01000213623047,0.0,11684000,XOM,Exxon Mobil
2019-04-25,59.24479675292969,82.22000122070312,0.0,82.83999633789062,81.4000015258789,81.6500015258789,0.0,11135000,XOM,Exxon Mobil
2019-04-26,57.99822235107422,80.48999786376953,0.0,80.62999725341797,79.55999755859375,80.2699966430664,0.0,18053500,XOM,Exxon Mobil
2019-04-29,57.62351608276367,79.97000122070312,0.0,80.37999725341797,79.66000366210938,80.12000274658203,0.0,10023700,XOM,Exxon Mobil
2019-04-30,57.846900939941406,80.27999877929688,0.0,80.52999877929688,79.93000030517578,80.37000274658203,0.0,13721500,XOM,Exxon Mobil
2019-05-01,56.686790466308594,78.66999816894531,0.0,80.26000213623047,78.62000274658203,79.94000244140625,0.0,13909800,XOM,Exxon Mobil
2019-05-02,55.692413330078125,77.29000091552734,0.0,78.5,77.23999786376953,78.27999877929688,0.0,15360400,XOM,Exxon Mobil
2019-05-03,55.82210922241211,77.47000122070312,0.0,78.20999908447266,77.44000244140625,77.79000091552734,0.0,12180700,XOM,Exxon Mobil
2019-05-06,55.57711410522461,77.12999725341797,0.0,77.66000366210938,76.70999908447266,76.91999816894531,0.0,13367100,XOM,Exxon Mobil
2019-05-07,55.28168869018555,76.72000122070312,0.0,76.79000091552734,75.7699966430664,76.5,0.0,13498800,XOM,Exxon Mobil
2019-05-08,55.3681640625,76.83999633789062,0.0,77.29000091552734,76.41999816894531,76.54000091552734,0.0,11352900,XOM,Exxon Mobil
2019-05-09,55.31772232055664,76.7699966430664,0.0,76.87999725341797,75.95999908447266,76.3499984741211,0.0,13221600,XOM,Exxon Mobil
2019-05-10,55.79875946044922,76.55999755859375,0.87,76.79000091552734,75.16999816894531,76.18000030517578,0.0,11056000,XOM,Exxon Mobil
2019-05-13,55.179256439208984,75.70999908447266,0.0,76.2300033569336,75.36000061035156,75.6500015258789,0.0,12176100,XOM,Exxon Mobil
2019-05-14,55.25212478637695,75.80999755859375,0.0,76.80000305175781,75.76000213623047,76.12999725341797,0.0,10548400,XOM,Exxon Mobil
2019-05-15,55.660282135009766,76.37000274658203,0.0,76.55000305175781,75.20999908447266,75.56999969482422,0.0,8918000,XOM,Exxon Mobil
2019-05-16,55.65296936035156,76.36000061035156,0.0,76.94999694824219,76.22000122070312,76.4000015258789,0.0,8105200,XOM,Exxon Mobil
2019-05-17,55.32501220703125,75.91000366210938,0.0,76.30000305175781,75.58999633789062,75.6500015258789,0.0,9279400,XOM,Exxon Mobil
2019-05-20,55.31772232055664,75.9000015258789,0.0,76.36000061035156,75.66999816894531,76.05000305175781,0.0,7154300,XOM,Exxon Mobil
2019-05-21,55.57282257080078,76.25,0.0,76.45999908447266,75.93000030517578,76.2699966430664,0.0,8489900,XOM,Exxon Mobil
2019-05-22,55.06991958618164,75.55999755859375,0.0,76.22000122070312,75.38999938964844,76.0199966430664,0.0,7858300,XOM,Exxon Mobil
2019-05-23,53.77989959716797,73.79000091552734,0.0,74.80000305175781,73.04000091552734,74.7699966430664,0.0,14657200,XOM,Exxon Mobil
2019-05-24,54.00585174560547,74.0999984741211,0.0,74.25,73.44000244140625,74.13999938964844,0.0,7056400,XOM,Exxon Mobil
2019-05-28,52.919898986816406,72.61000061035156,0.0,74.25,72.48999786376953,74.23999786376953,0.0,14912900,XOM,Exxon Mobil
2019-05-29,52.591922760009766,72.16000366210938,0.0,72.43000030517578,71.62000274658203,71.88999938964844,0.0,13645200,XOM,Exxon Mobil
2019-05-30,52.45344543457031,71.97000122070312,0.0,72.12999725341797,71.52999877929688,72.0199966430664,0.0,9362100,XOM,Exxon Mobil
2019-05-31,51.57884979248047,70.7699966430664,0.0,71.55000305175781,70.62999725341797,71.19000244140625,0.0,13983300,XOM,Exxon Mobil
2019-06-03,52.387840270996094,71.87999725341797,0.0,72.01000213623047,70.97000122070312,71.08999633789062,0.0,11831000,XOM,Exxon Mobil
2019-06-04,53.634132385253906,73.58999633789062,0.0,73.66000366210938,72.16999816894531,72.44999694824219,0.0,10423000,XOM,Exxon Mobil
2019-06-05,53.1895637512207,72.9800033569336,0.0,73.63999938964844,72.58000183105469,73.63999938964844,0.0,10617800,XOM,Exxon Mobil
2019-06-06,54.15889358520508,74.30999755859375,0.0,74.62000274658203,73.58999633789062,73.70999908447266,0.0,11738900,XOM,Exxon Mobil
2019-06-07,54.355674743652344,74.58000183105469,0.0,74.95999908447266,74.43000030517578,74.51000213623047,0.0,9095500,XOM,Exxon Mobil
2019-06-10,54.59619140625,74.91000366210938,0.0,75.33000183105469,74.44999694824219,75.19000244140625,0.0,7760400,XOM,Exxon Mobil
2019-06-11,54.545169830322266,74.83999633789062,0.0,75.80999755859375,74.81999969482422,75.51000213623047,0.0,9415100,XOM,Exxon Mobil
2019-06-12,53.9548225402832,74.02999877929688,0.0,74.61000061035156,73.80999755859375,74.4800033569336,0.0,7920800,XOM,Exxon Mobil
2019-06-13,54.428565979003906,74.68000030517578,0.0,75.16999816894531,74.37999725341797,74.69999694824219,0.0,8986400,XOM,Exxon Mobil
2019-06-14,54.18803405761719,74.3499984741211,0.0,74.80999755859375,74.2300033569336,74.68000030517578,0.0,8575900,XOM,Exxon Mobil
2019-06-17,54.72737121582031,75.08999633789062,0.0,75.19000244140625,74.04000091552734,74.16000366210938,0.0,9355700,XOM,Exxon Mobil
2019-06-18,55.20110321044922,75.73999786376953,0.0,76.22000122070312,75.3499984741211,75.41999816894531,0.0,10091500,XOM,Exxon Mobil
2019-06-19,54.89500045776367,75.31999969482422,0.0,75.8499984741211,75.16999816894531,75.4000015258789,0.0,9757400,XOM,Exxon Mobil
2019-06-20,55.8351936340332,76.61000061035156,0.0,76.97000122070312,76.08000183105469,76.23999786376953,0.0,16229700,XOM,Exxon Mobil
2019-06-21,56.62233352661133,77.69000244140625,0.0,77.76000213623047,76.87000274658203,77.13999938964844,0.0,23108100,XOM,Exxon Mobil
2019-06-24,56.082984924316406,76.94999694824219,0.0,77.76000213623047,76.80999755859375,77.52999877929688,0.0,10011800,XOM,Exxon Mobil
2019-06-25,55.58738708496094,76.2699966430664,0.0,77.22000122070312,76.19000244140625,77.08000183105469,0.0,9740000,XOM,Exxon Mobil
2019-06-26,55.82788848876953,76.5999984741211,0.0,77.12999725341797,76.47000122070312,76.68000030517578,0.0,11365500,XOM,Exxon Mobil
2019-06-27,55.2594108581543,75.81999969482422,0.0,76.75,75.76000213623047,76.58999633789062,0.0,8147800,XOM,Exxon Mobil
2019-06-28,55.849754333496094,76.62999725341797,0.0,76.7300033569336,75.94000244140625,76.19000244140625,0.0,14781300,XOM,Exxon Mobil
2019-07-01,55.79875946044922,76.55999755859375,0.0,77.93000030517578,76.29000091552734,77.12999725341797,0.0,11437900,XOM,Exxon Mobil
2019-07-02,55.18655014038086,75.72000122070312,0.0,76.2699966430664,75.41000366210938,76.13999938964844,0.0,10475400,XOM,Exxon Mobil
2019-07-03,55.711299896240234,76.44000244140625,0.0,76.5,75.62999725341797,75.81999969482422,0.0,5246100,XOM,Exxon Mobil
2019-07-05,55.4853515625,76.12999725341797,0.0,76.3499984741211,75.58999633789062,76.19000244140625,0.0,6880800,XOM,Exxon Mobil
2019-07-08,55.740440368652344,76.4800033569336,0.0,76.69999694824219,75.91999816894531,76.13999938964844,0.0,7876100,XOM,Exxon Mobil
2019-07-09,55.704002380371094,76.43000030517578,0.0,76.7699966430664,75.7300033569336,76.44999694824219,0.0,7863000,XOM,Exxon Mobil
2019-07-10,56.49113464355469,77.51000213623047,0.0,77.62999725341797,76.73999786376953,76.80000305175781,0.0,8077400,XOM,Exxon Mobil
2019-07-11,56.53485870361328,77.56999969482422,0.0,77.61000061035156,77.05000305175781,77.41000366210938,0.0,6404000,XOM,Exxon Mobil
2019-07-12,56.578582763671875,77.62999725341797,0.0,77.87999725341797,77.5,77.75,0.0,6139000,XOM,Exxon Mobil
2019-07-15,56.177738189697266,77.08000183105469,0.0,77.73999786376953,76.88999938964844,77.62999725341797,0.0,7116400,XOM,Exxon Mobil
2019-07-16,55.3395881652832,75.93000030517578,0.0,77.06999969482422,75.79000091552734,76.91999816894531,0.0,10197400,XOM,Exxon Mobil
2019-07-17,55.011627197265625,75.4800033569336,0.0,75.95999908447266,75.3499984741211,75.73999786376953,0.0,7419300,XOM,Exxon Mobil
2019-07-18,54.545169830322266,74.83999633789062,0.0,75.2699966430664,74.18000030517578,75.02999877929688,0.0,11424500,XOM,Exxon Mobil
2019-07-19,54.65449142456055,74.98999786376953,0.0,75.25,74.54000091552734,74.9000015258789,0.0,11243100,XOM,Exxon Mobil
2019-07-22,54.71280288696289,75.06999969482422,0.0,75.30000305175781,74.5,75.23999786376953,0.0,8368800,XOM,Exxon Mobil
2019-07-23,54.93144226074219,75.37000274658203,0.0,75.7699966430664,74.75,75.1500015258789,0.0,8551200,XOM,Exxon Mobil
2019-07-24,54.92416763305664,75.36000061035156,0.0,76.05000305175781,74.8499984741211,75.38999938964844,0.0,8260200,XOM,Exxon Mobil
2019-07-25,54.61075973510742,74.93000030517578,0.0,75.77999877929688,74.80000305175781,75.77999877929688,0.0,9083900,XOM,Exxon Mobil
2019-07-26,54.52330780029297,74.80999755859375,0.0,75.08000183105469,74.5999984741211,74.87000274658203,0.0,7677300,XOM,Exxon Mobil
2019-07-29,54.90957260131836,75.33999633789062,0.0,75.37999725341797,74.69999694824219,74.87999725341797,0.0,7091900,XOM,Exxon Mobil
2019-07-30,54.916866302490234,75.3499984741211,0.0,75.55999755859375,74.88999938964844,75.05999755859375,0.0,6961200,XOM,Exxon Mobil
2019-07-31,54.195335388183594,74.36000061035156,0.0,75.66000366210938,74.26000213623047,75.04000091552734,0.0,13104600,XOM,Exxon Mobil
2019-08-01,52.81056213378906,72.45999908447266,0.0,74.2699966430664,72.2699966430664,73.73999786376953,0.0,17132800,XOM,Exxon Mobil
2019-08-02,52.2931022644043,71.75,0.0,73.26000213623047,71.18000030517578,72.61000061035156,0.0,21376700,XOM,Exxon Mobil
2019-08-05,51.22173309326172,70.27999877929688,0.0,70.91999816894531,69.61000061035156,70.77999877929688,0.0,19080900,XOM,Exxon Mobil
2019-08-06,51.71732711791992,70.95999908447266,0.0,71.01000213623047,70.27999877929688,70.29000091552734,0.0,12282400,XOM,Exxon Mobil
2019-08-07,51.382080078125,70.5,0.0,70.87999725341797,69.4000015258789,69.86000061035156,0.0,15231100,XOM,Exxon Mobil
2019-08-08,52.75226593017578,72.37999725341797,0.0,72.41000366210938,70.62000274658203,70.8499984741211,0.0,14304100,XOM,Exxon Mobil
2019-08-09,51.629859924316406,70.83999633789062,0.0,72.25,70.47000122070312,72.12999725341797,0.0,13686600,XOM,Exxon Mobil
2019-08-12,51.37897872924805,69.62999725341797,0.87,70.16000366210938,69.33000183105469,70.05999755859375,0.0,9542600,XOM,Exxon Mobil
2019-08-13,52.013580322265625,70.48999786376953,0.0,70.62000274658203,68.91999816894531,69.2699966430664,0.0,12403300,XOM,Exxon Mobil
2019-08-14,49.917972564697266,67.6500015258789,0.0,69.08999633789062,67.6500015258789,69.06999969482422,0.0,18114400,XOM,Exxon Mobil
2019-08-15,49.62282943725586,67.25,0.0,67.55999755859375,66.52999877929688,67.45999908447266,0.0,12874400,XOM,Exxon Mobil
2019-08-16,50.397605895996094,68.30000305175781,0.0,68.45999908447266,67.2699966430664,67.77999877929688,0.0,12649000,XOM,Exxon Mobil
2019-08-19,51.246177673339844,69.44999694824219,0.0,69.6500015258789,68.86000061035156,68.97000122070312,0.0,10032800,XOM,Exxon Mobil
2019-08-20,50.93626022338867,69.02999877929688,0.0,69.30000305175781,68.70999908447266,69.30000305175781,0.0,9743500,XOM,Exxon Mobil
2019-08-21,51.445411682128906,69.72000122070312,0.0,69.9800033569336,69.37000274658203,69.95999908447266,0.0,10134200,XOM,Exxon Mobil
2019-08-22,51.334720611572266,69.56999969482422,0.0,69.95999908447266,69.25,69.91000366210938,0.0,8972000,XOM,Exxon Mobil
2019-08-23,49.799922943115234,67.48999786376953,0.0,69.52999877929688,67.02999877929688,68.81999969482422,0.0,15371900,XOM,Exxon Mobil
2019-08-26,50.065547943115234,67.8499984741211,0.0,68.26000213623047,67.52999877929688,68.12000274658203,0.0,7343900,XOM,Exxon Mobil
2019-08-27,49.57855224609375,67.19000244140625,0.0,68.44000244140625,66.97000122070312,68.12999725341797,0.0,9490900,XOM,Exxon Mobil
2019-08-28,49.94011688232422,67.68000030517578,0.0,67.9800033569336,67.16000366210938,67.52999877929688,0.0,9647400,XOM,Exxon Mobil
2019-08-29,50.493526458740234,68.43000030517578,0.0,68.66999816894531,68.08999633789062,68.30000305175781,0.0,9004100,XOM,Exxon Mobil
2019-08-30,50.530433654785156,68.4800033569336,0.0,69.08000183105469,68.05999755859375,68.61000061035156,0.0,9180800,XOM,Exxon Mobil
2019-09-03,50.58945846557617,68.55999755859375,0.0,68.68000030517578,67.62999725341797,67.88999938964844,0.0,9849700,XOM,Exxon Mobil
2019-09-04,51.12812042236328,69.29000091552734,0.0,69.61000061035156,69.08999633789062,69.5,0.0,6959200,XOM,Exxon Mobil
2019-09-05,51.85123825073242,70.2699966430664,0.0,70.55000305175781,69.69999694824219,69.83999633789062,0.0,9901500,XOM,Exxon Mobil
2019-09-06,52.33824157714844,70.93000030517578,0.0,70.94999694824219,70.12000274658203,70.3499984741211,0.0,10418500,XOM,Exxon Mobil
2019-09-09,52.7514533996582,71.48999786376953,0.0,72.06999969482422,70.9800033569336,71.16000366210938,0.0,12840200,XOM,Exxon Mobil
2019-09-10,53.179439544677734,72.06999969482422,0.0,72.8499984741211,71.62000274658203,72.13999938964844,0.0,13810800,XOM,Exxon Mobil
2019-09-11,53.076141357421875,71.93000030517578,0.0,72.83999633789062,71.55000305175781,72.77999877929688,0.0,10525700,XOM,Exxon Mobil
2019-09-12,53.1130256652832,71.9800033569336,0.0,72.16000366210938,70.69999694824219,70.9800033569336,0.0,9100700,XOM,Exxon Mobil
2019-09-13,53.60002899169922,72.63999938964844,0.0,72.72000122070312,72.05999755859375,72.26000213623047,0.0,7337200,XOM,Exxon Mobil
2019-09-16,54.4043083190918,73.7300033569336,0.0,75.18000030517578,73.5999984741211,75.04000091552734,0.0,19830200,XOM,Exxon Mobil
2019-09-17,53.99109649658203,73.16999816894531,0.0,74.08000183105469,72.62999725341797,73.81999969482422,0.0,14452200,XOM,Exxon Mobil
2019-09-18,53.73284149169922,72.81999969482422,0.0,72.97000122070312,72.33000183105469,72.6500015258789,0.0,7292200,XOM,Exxon Mobil
2019-09-19,53.37128829956055,72.33000183105469,0.0,73.19000244140625,72.19000244140625,72.97000122070312,0.0,8050200,XOM,Exxon Mobil
2019-09-20,53.186805725097656,72.08000183105469,0.0,72.5,71.86000061035156,72.48999786376953,0.0,19736600,XOM,Exxon Mobil
2019-09-23,53.223697662353516,72.12999725341797,0.0,72.36000061035156,71.45999908447266,71.5199966430664,0.0,7495200,XOM,Exxon Mobil
2019-09-24,52.49320602416992,71.13999938964844,0.0,71.87000274658203,70.81999969482422,71.80999755859375,0.0,13307100,XOM,Exxon Mobil
2019-09-25,52.648155212402344,71.3499984741211,0.0,71.47000122070312,70.81999969482422,70.9800033569336,0.0,8035200,XOM,Exxon Mobil
2019-09-26,52.36774826049805,70.97000122070312,0.0,71.3499984741211,70.68000030517578,71.22000122070312,0.0,8420200,XOM,Exxon Mobil
2019-09-27,52.744083404541016,71.4800033569336,0.0,71.66999816894531,70.62999725341797,70.69999694824219,0.0,8224000,XOM,Exxon Mobil
2019-09-30,52.10213088989258,70.61000061035156,0.0,71.44999694824219,70.58000183105469,71.23999786376953,0.0,9768900,XOM,Exxon Mobil
2019-10-01,50.87723159790039,68.94999694824219,0.0,70.91000366210938,68.91000366210938,70.83000183105469,0.0,10279100,XOM,Exxon Mobil
2019-10-02,49.549034118652344,67.1500015258789,0.0,68.58999633789062,67.01000213623047,68.2699966430664,0.0,14503700,XOM,Exxon Mobil
2019-10-03,50.16148376464844,67.9800033569336,0.0,68.0,66.30999755859375,67.0,0.0,10788400,XOM,Exxon Mobil
2019-10-04,50.8919792175293,68.97000122070312,0.0,69.06999969482422,67.81999969482422,68.11000061035156,0.0,10534800,XOM,Exxon Mobil
2019-10-07,50.19099807739258,68.0199966430664,0.0,69.02999877929688,68.0199966430664,68.69999694824219,0.0,10993000,XOM,Exxon Mobil
2019-10-08,49.216983795166016,66.69999694824219,0.0,67.91999816894531,66.63999938964844,67.54000091552734,0.0,9748700,XOM,Exxon Mobil
2019-10-09,49.763023376464844,67.44000244140625,0.0,67.69999694824219,67.19999694824219,67.30000305175781,0.0,8580900,XOM,Exxon Mobil
2019-10-10,50.3607063293457,68.25,0.0,68.36000061035156,67.37999725341797,67.43000030517578,0.0,7100100,XOM,Exxon Mobil
2019-10-11,50.899375915527344,68.9800033569336,0.0,69.48999786376953,68.88999938964844,68.9800033569336,0.0,10101900,XOM,Exxon Mobil
2019-10-14,51.04693603515625,69.18000030517578,0.0,69.37000274658203,68.58999633789062,68.5999984741211,0.0,6234600,XOM,Exxon Mobil
2019-10-15,51.22401428222656,69.41999816894531,0.0,70.0,69.01000213623047,69.05999755859375,0.0,6645700,XOM,Exxon Mobil
2019-10-16,50.3459587097168,68.2300033569336,0.0,69.52999877929688,68.20999908447266,69.20999908447266,0.0,9765800,XOM,Exxon Mobil
2019-10-17,50.279537200927734,68.13999938964844,0.0,68.87999725341797,68.08000183105469,68.4800033569336,0.0,9757200,XOM,Exxon Mobil
2019-10-18,49.88846969604492,67.61000061035156,0.0,68.1500015258789,67.61000061035156,67.87000274658203,0.0,13472700,XOM,Exxon Mobil
2019-10-21,50.7222785949707,68.73999786376953,0.0,68.7699966430664,67.81999969482422,67.81999969482422,0.0,10199300,XOM,Exxon Mobil
2019-10-22,50.98052978515625,69.08999633789062,0.0,69.76000213623047,68.6500015258789,68.77999877929688,0.0,9536000,XOM,Exxon Mobil
2019-10-23,51.467529296875,69.75,0.0,69.76000213623047,68.77999877929688,68.95999908447266,0.0,8641800,XOM,Exxon Mobil
2019-10-24,50.98052978515625,69.08999633789062,0.0,70.05000305175781,69.0199966430664,69.95999908447266,0.0,9003600,XOM,Exxon Mobil
2019-10-25,51.098602294921875,69.25,0.0,69.4800033569336,68.9000015258789,68.9000015258789,0.0,7607200,XOM,Exxon Mobil
2019-10-28,50.64848327636719,68.63999938964844,0.0,69.66999816894531,68.58000183105469,69.45999908447266,0.0,11209600,XOM,Exxon Mobil
2019-10-29,50.50090789794922,68.44000244140625,0.0,69.02999877929688,68.23999786376953,68.4800033569336,0.0,13894400,XOM,Exxon Mobil
2019-10-30,49.969635009765625,67.72000122070312,0.0,68.37000274658203,67.2699966430664,68.37000274658203,0.0,12840600,XOM,Exxon Mobil
2019-10-31,49.85894775390625,67.56999969482422,0.0,67.72000122070312,67.13999938964844,67.45999908447266,0.0,16169100,XOM,Exxon Mobil
2019-11-01,51.35685348510742,69.5999984741211,0.0,69.61000061035156,68.30999755859375,68.38999938964844,0.0,14108700,XOM,Exxon Mobil
2019-11-04,52.884281158447266,71.66999816894531,0.0,71.87000274658203,69.94000244140625,70.06999969482422,0.0,15858200,XOM,Exxon Mobil
2019-11-05,53.93208312988281,73.08999633789062,0.0,73.12000274658203,71.8499984741211,72.04000091552734,0.0,14930400,XOM,Exxon Mobil
2019-11-06,52.7514533996582,71.48999786376953,0.0,72.87000274658203,71.19999694824219,72.7300033569336,0.0,13996500,XOM,Exxon Mobil
2019-11-07,53.87303924560547,73.01000213623047,0.0,73.02999877929688,72.0,72.02999877929688,0.0,13073800,XOM,Exxon Mobil
2019-11-08,52.84994125366211,70.7699966430664,0.87,71.80000305175781,70.66000366210938,71.61000061035156,0.0,12106000,XOM,Exxon Mobil
2019-11-11,52.52882766723633,70.33999633789062,0.0,70.61000061035156,69.97000122070312,70.20999908447266,0.0,8674000,XOM,Exxon Mobil
2019-11-12,51.80445098876953,69.37000274658203,0.0,70.41000366210938,68.9800033569336,70.2699966430664,0.0,13918600,XOM,Exxon Mobil
2019-11-13,51.378780364990234,68.80000305175781,0.0,69.1500015258789,68.5999984741211,69.0199966430664,0.0,11773700,XOM,Exxon Mobil
2019-11-14,51.154747009277344,68.5,0.0,68.97000122070312,68.18000030517578,68.86000061035156,0.0,11279800,XOM,Exxon Mobil
2019-11-15,51.670040130615234,69.19000244140625,0.0,69.30000305175781,68.66999816894531,68.70999908447266,0.0,11252800,XOM,Exxon Mobil
2019-11-18,51.16967010498047,68.5199966430664,0.0,68.81999969482422,68.30000305175781,68.69999694824219,0.0,10095600,XOM,Exxon Mobil
2019-11-19,50.64693832397461,67.81999969482422,0.0,68.55999755859375,67.77999877929688,68.4000015258789,0.0,12605500,XOM,Exxon Mobil
2019-11-20,50.80376434326172,68.02999877929688,0.0,68.54000091552734,67.31999969482422,67.66999816894531,0.0,16930700,XOM,Exxon Mobil
2019-11-21,52.02848815917969,69.66999816894531,0.0,69.75,67.91999816894531,68.0199966430664,0.0,14080900,XOM,Exxon Mobil
2019-11-22,51.80445098876953,69.37000274658203,0.0,70.18000030517578,69.33000183105469,69.70999908447266,0.0,12143600,XOM,Exxon Mobil
2019-11-25,51.460933685302734,68.91000366210938,0.0,69.44000244140625,68.70999908447266,69.37000274658203,0.0,10670000,XOM,Exxon Mobil
2019-11-26,51.333984375,68.73999786376953,0.0,69.04000091552734,68.44000244140625,68.91999816894531,0.0,15457000,XOM,Exxon Mobil
2019-11-27,51.30409240722656,68.69999694824219,0.0,69.08999633789062,68.41000366210938,68.76000213623047,0.0,8393900,XOM,Exxon Mobil
2019-11-29,50.878440856933594,68.12999725341797,0.0,68.52999877929688,68.0,68.33000183105469,0.0,7980800,XOM,Exxon Mobil
2019-12-02,51.094993591308594,68.41999816894531,0.0,68.87999725341797,68.37000274658203,68.5,0.0,11116900,XOM,Exxon Mobil
2019-12-03,50.691741943359375,67.87999725341797,0.0,68.25,67.5199966430664,68.0,0.0,12245800,XOM,Exxon Mobil
2019-12-04,51.266761779785156,68.6500015258789,0.0,68.76000213623047,68.13999938964844,68.25,0.0,11049700,XOM,Exxon Mobil
2019-12-05,51.087528228759766,68.41000366210938,0.0,68.97000122070312,68.20999908447266,68.88999938964844,0.0,13109000,XOM,Exxon Mobil
2019-12-06,51.90899658203125,69.51000213623047,0.0,69.87000274658203,68.76000213623047,68.76000213623047,0.0,13710800,XOM,Exxon Mobil
2019-12-09,52.02103042602539,69.66000366210938,0.0,69.97000122070312,69.0199966430664,69.08000183105469,0.0,12397700,XOM,Exxon Mobil
2019-12-10,51.57295227050781,69.05999755859375,0.0,70.1500015258789,68.69999694824219,69.66000366210938,0.0,14281800,XOM,Exxon Mobil
2019-12-11,51.498268127441406,68.95999908447266,0.0,69.76000213623047,68.66999816894531,68.73999786376953,0.0,13748400,XOM,Exxon Mobil
2019-12-12,52.52882766723633,70.33999633789062,0.0,70.37999725341797,68.9000015258789,68.95999908447266,0.0,17068500,XOM,Exxon Mobil
2019-12-13,51.699893951416016,69.2300033569336,0.0,70.54000091552734,69.12000274658203,70.4800033569336,0.0,12274500,XOM,Exxon Mobil
2019-12-16,52.27492904663086,70.0,0.0,70.25,69.69999694824219,69.69999694824219,0.0,15208700,XOM,Exxon Mobil
2019-12-17,52.035953521728516,69.68000030517578,0.0,70.37999725341797,69.30999755859375,69.9800033569336,0.0,14450700,XOM,Exxon Mobil
2019-12-18,52.1778564453125,69.87000274658203,0.0,70.29000091552734,69.27999877929688,69.62999725341797,0.0,13652300,XOM,Exxon Mobil
2019-12-19,51.81938934326172,69.38999938964844,0.0,70.05000305175781,69.23999786376953,69.98999786376953,0.0,13273200,XOM,Exxon Mobil
2019-12-20,52.23012161254883,69.94000244140625,0.0,70.2300033569336,69.38999938964844,69.86000061035156,0.0,35092000,XOM,Exxon Mobil
2019-12-23,52.49148941040039,70.29000091552734,0.0,70.30000305175781,69.52999877929688,69.86000061035156,0.0,14172500,XOM,Exxon Mobil
2019-12-24,52.28985595703125,70.0199966430664,0.0,70.5,69.91000366210938,70.3499984741211,0.0,3979400,XOM,Exxon Mobil
2019-12-26,52.37199783325195,70.12999725341797,0.0,70.5,70.01000213623047,70.19000244140625,0.0,8840200,XOM,Exxon Mobil
2019-12-27,52.19277572631836,69.88999938964844,0.0,70.30999755859375,69.87999725341797,70.19999694824219,0.0,10516100,XOM,Exxon Mobil
2019-12-30,51.88660430908203,69.4800033569336,0.0,70.44000244140625,69.4000015258789,70.08999633789062,0.0,12689400,XOM,Exxon Mobil
2019-12-31,52.11064147949219,69.77999877929688,0.0,69.80000305175781,69.01000213623047,69.0199966430664,0.0,13151800,XOM,Exxon Mobil
2020-01-02,52.94704055786133,70.9000015258789,0.0,71.0199966430664,70.23999786376953,70.23999786376953,0.0,12456400,XOM,Exxon Mobil
2020-01-03,52.52137756347656,70.33000183105469,0.0,71.37000274658203,70.16000366210938,71.33999633789062,0.0,17386900,XOM,Exxon Mobil
2020-01-06,52.92464828491211,70.87000274658203,0.0,71.36000061035156,70.2300033569336,70.31999969482422,0.0,20081900,XOM,Exxon Mobil
2020-01-07,52.49148941040039,70.29000091552734,0.0,70.5199966430664,69.51000213623047,70.5,0.0,17387700,XOM,Exxon Mobil
2020-01-08,51.699893951416016,69.2300033569336,0.0,70.29000091552734,69.16999816894531,70.11000061035156,0.0,15137700,XOM,Exxon Mobil
2020-01-09,52.095703125,69.76000213623047,0.0,69.9000015258789,68.62999725341797,69.13999938964844,0.0,14811800,XOM,Exxon Mobil
2020-01-10,51.632694244384766,69.13999938964844,0.0,69.95999908447266,69.12000274658203,69.93000030517578,0.0,11995600,XOM,Exxon Mobil
2020-01-13,52.12556838989258,69.80000305175781,0.0,69.87000274658203,69.11000061035156,69.19999694824219,0.0,9953900,XOM,Exxon Mobil
2020-01-14,51.677490234375,69.19999694824219,0.0,69.58000183105469,68.88999938964844,69.37999725341797,0.0,16261000,XOM,Exxon Mobil
2020-01-15,51.595340728759766,69.08999633789062,0.0,69.58999633789062,68.88999938964844,69.19999694824219,0.0,11390300,XOM,Exxon Mobil
2020-01-16,51.393714904785156,68.81999969482422,0.0,69.58000183105469,68.80000305175781,69.30000305175781,0.0,13340300,XOM,Exxon Mobil
2020-01-17,51.199562072753906,68.55999755859375,0.0,69.08000183105469,68.29000091552734,68.75,0.0,18144100,XOM,Exxon Mobil
2020-01-21,50.46770477294922,67.58000183105469,0.0,68.41999816894531,67.51000213623047,68.37999725341797,0.0,17982600,XOM,Exxon Mobil
2020-01-22,50.17646408081055,67.19000244140625,0.0,67.69999694824219,67.0,67.55999755859375,0.0,17033100,XOM,Exxon Mobil
2020-01-23,49.86281204223633,66.7699966430664,0.0,66.93000030517578,66.05000305175781,66.70999908447266,0.0,19605900,XOM,Exxon Mobil
2020-01-24,49.52675247192383,66.31999969482422,0.0,66.68000030517578,66.04000091552734,66.54000091552734,0.0,18238600,XOM,Exxon Mobil
2020-01-27,48.346839904785156,64.73999786376953,0.0,65.7300033569336,64.69999694824219,65.41999816894531,0.0,21231000,XOM,Exxon Mobil
2020-01-28,48.27962112426758,64.6500015258789,0.0,65.19999694824219,64.62999725341797,65.11000061035156,0.0,19664700,XOM,Exxon Mobil
2020-01-29,47.87636184692383,64.11000061035156,0.0,65.12999725341797,63.900001525878906,65.02999877929688,0.0,14202800,XOM,Exxon Mobil
2020-01-30,48.384185791015625,64.79000091552734,0.0,64.87999725341797,63.43000030517578,63.779998779296875,0.0,18544700,XOM,Exxon Mobil
2020-01-31,46.390262603759766,62.119998931884766,0.0,63.20000076293945,61.86000061035156,63.20000076293945,0.0,34282900,XOM,Exxon Mobil
2020-02-03,45.35222244262695,60.72999954223633,0.0,61.41999816894531,60.369998931884766,61.380001068115234,0.0,27389300,XOM,Exxon Mobil
2020-02-04,44.7846794128418,59.970001220703125,0.0,61.90999984741211,59.88999938964844,61.45000076293945,0.0,31922100,XOM,Exxon Mobil
2020-02-05,46.845802307128906,62.72999954223633,0.0,62.93000030517578,60.599998474121094,60.75,0.0,32099200,XOM,Exxon Mobil
2020-02-06,46.211029052734375,61.880001068115234,0.0,63.0099983215332,61.779998779296875,62.93000030517578,0.0,16055400,XOM,Exxon Mobil
2020-02-07,45.904850006103516,61.470001220703125,0.0,61.65999984741211,61.060001373291016,61.40999984741211,0.0,15112500,XOM,Exxon Mobil
2020-02-10,45.42005157470703,59.959999084472656,0.87,60.52000045776367,59.619998931884766,60.47999954223633,0.0,20934500,XOM,Exxon Mobil
2020-02-11,45.85182571411133,60.529998779296875,0.0,60.88999938964844,60.16999816894531,60.58000183105469,0.0,14908700,XOM,Exxon Mobil
2020-02-12,46.41238784790039,61.27000045776367,0.0,61.529998779296875,60.560001373291016,61.34000015258789,0.0,17862100,XOM,Exxon Mobil
2020-02-13,46.15483093261719,60.93000030517578,0.0,61.41999816894531,60.560001373291016,61.060001373291016,0.0,16949400,XOM,Exxon Mobil
2020-02-14,45.942726135253906,60.650001525878906,0.0,61.15999984741211,60.279998779296875,61.150001525878906,0.0,10855300,XOM,Exxon Mobil
2020-02-18,45.35945129394531,59.880001068115234,0.0,60.38999938964844,59.45000076293945,60.150001525878906,0.0,18948500,XOM,Exxon Mobil
2020-02-19,45.7078971862793,60.34000015258789,0.0,60.619998931884766,59.83000183105469,60.11000061035156,0.0,12804900,XOM,Exxon Mobil
2020-02-20,45.34429168701172,59.86000061035156,0.0,60.540000915527344,59.720001220703125,60.22999954223633,0.0,14817200,XOM,Exxon Mobil
2020-02-21,44.79132080078125,59.130001068115234,0.0,59.5099983215332,58.790000915527344,59.5099983215332,0.0,20315700,XOM,Exxon Mobil
2020-02-24,42.69303512573242,56.36000061035156,0.0,57.79999923706055,56.36000061035156,57.619998931884766,0.0,32096600,XOM,Exxon Mobil
2020-02-25,41.05681228637695,54.20000076293945,0.0,56.75,53.970001220703125,56.75,0.0,36414500,XOM,Exxon Mobil
2020-02-26,40.1553840637207,53.0099983215332,0.0,54.81999969482422,52.93000030517578,54.54999923706055,0.0,29801000,XOM,Exxon Mobil
2020-02-27,37.73893737792969,49.81999969482422,0.0,52.439998626708984,49.79999923706055,51.709999084472656,0.0,48141300,XOM,Exxon Mobil
2020-02-28,38.96609115600586,51.439998626708984,0.0,51.439998626708984,48.0099983215332,48.77000045776367,0.0,62446700,XOM,Exxon Mobil
2020-03-02,40.81441116333008,53.880001068115234,0.0,53.88999938964844,51.130001068115234,52.59000015258789,0.0,38127600,XOM,Exxon Mobil
2020-03-03,38.86004638671875,51.29999923706055,0.0,54.150001525878906,50.97999954223633,53.95000076293945,0.0,50580700,XOM,Exxon Mobil
2020-03-04,39.70845031738281,52.41999816894531,0.0,52.47999954223633,51.119998931884766,52.22999954223633,0.0,24079600,XOM,Exxon Mobil
2020-03-05,37.9586181640625,50.11000061035156,0.0,50.70000076293945,49.040000915527344,50.41999816894531,0.0,40788200,XOM,Exxon Mobil
2020-03-06,36.12544631958008,47.689998626708984,0.0,49.0099983215332,47.20000076293945,48.84000015258789,0.0,55640500,XOM,Exxon Mobil
2020-03-09,31.709199905395508,41.86000061035156,0.0,44.56999969482422,40.79999923706055,41.709999084472656,0.0,72896300,XOM,Exxon Mobil
2020-03-10,32.883323669433594,43.40999984741211,0.0,46.2599983215332,41.45000076293945,46.16999816894531,0.0,60445900,XOM,Exxon Mobil
2020-03-11,31.800085067749023,41.97999954223633,0.0,43.47999954223633,41.75,42.38999938964844,0.0,51986100,XOM,Exxon Mobil
2020-03-12,28.164064407348633,37.18000030517578,0.0,40.650001525878906,37.0,39.900001525878906,0.0,65725300,XOM,Exxon Mobil
2020-03-13,28.876127243041992,38.119998931884766,0.0,40.13999938964844,35.0,40.0099983215332,0.0,79891500,XOM,Exxon Mobil
2020-03-16,26.12637710571289,34.4900016784668,0.0,37.880001068115234,33.25,34.400001525878906,0.0,48924700,XOM,Exxon Mobil
2020-03-17,27.8837947845459,36.810001373291016,0.0,37.380001068115234,34.20000076293945,35.209999084472656,0.0,41204400,XOM,Exxon Mobil
2020-03-18,25.088594436645508,33.119998931884766,0.0,36.709999084472656,31.229999542236328,34.54999923706055,0.0,54036400,XOM,Exxon Mobil
2020-03-19,26.0809268951416,34.43000030517578,0.0,34.900001525878906,32.349998474121094,33.72999954223633,0.0,49412400,XOM,Exxon Mobil
2020-03-20,24.800737380981445,32.7400016784668,0.0,35.18000030517578,31.559999465942383,34.84000015258789,0.0,76534600,XOM,Exxon Mobil
2020-03-23,23.823556900024414,31.450000762939453,0.0,32.70000076293945,30.110000610351562,32.529998779296875,0.0,56952500,XOM,Exxon Mobil
2020-03-24,26.846010208129883,35.439998626708984,0.0,36.16999816894531,33.33000183105469,34.41999816894531,0.0,61835600,XOM,Exxon Mobil
2020-03-25,28.247394561767578,37.290000915527344,0.0,38.59000015258789,35.18000030517578,36.5099983215332,0.0,56607700,XOM,Exxon Mobil
2020-03-26,29.406373977661133,38.81999969482422,0.0,39.560001373291016,36.720001220703125,37.5,0.0,46722000,XOM,Exxon Mobil
2020-03-27,27.98984146118164,36.95000076293945,0.0,37.68000030517578,36.20000076293945,37.130001068115234,0.0,51558600,XOM,Exxon Mobil
2020-03-30,28.406469345092773,37.5,0.0,38.150001525878906,35.86000061035156,36.22999954223633,0.0,45835000,XOM,Exxon Mobil
2020-03-31,28.762487411499023,37.970001220703125,0.0,39.45000076293945,37.369998931884766,38.34000015258789,0.0,41491600,XOM,Exxon Mobil
2020-04-01,28.4291934967041,37.529998779296875,0.0,38.70000076293945,36.34000015258789,36.86000061035156,0.0,36045900,XOM,Exxon Mobil
2020-04-02,30.603235244750977,40.400001525878906,0.0,41.959999084472656,37.900001525878906,38.7400016784668,0.0,62000200,XOM,Exxon Mobil
2020-04-03,29.701797485351562,39.209999084472656,0.0,42.18000030517578,38.52000045776367,41.45000076293945,0.0,48425700,XOM,Exxon Mobil
2020-04-06,30.656261444091797,40.470001220703125,0.0,40.83000183105469,39.22999954223633,39.880001068115234,0.0,41301900,XOM,Exxon Mobil
2020-04-07,31.239540100097656,41.2400016784668,0.0,43.31999969482422,41.15999984741211,42.900001525878906,0.0,48921800,XOM,Exxon Mobil
2020-04-08,33.21663284301758,43.849998474121094,0.0,44.040000915527344,41.470001220703125,41.95000076293945,0.0,33355600,XOM,Exxon Mobil
2020-04-09,32.67121887207031,43.130001068115234,0.0,46.709999084472656,41.7400016784668,45.459999084472656,0.0,60107300,XOM,Exxon Mobil
2020-04-13,32.39094543457031,42.7599983215332,0.0,44.689998626708984,41.970001220703125,44.45000076293945,0.0,29651900,XOM,Exxon Mobil
2020-04-14,32.14096450805664,42.43000030517578,0.0,43.75,41.90999984741211,43.0,0.0,30769000,XOM,Exxon Mobil
2020-04-15,30.66383934020996,40.47999954223633,0.0,41.060001373291016,39.380001068115234,41.0,0.0,33125000,XOM,Exxon Mobil
2020-04-16,29.656352996826172,39.150001525878906,0.0,40.47999954223633,38.93000030517578,40.47999954223633,0.0,30934000,XOM,Exxon Mobil
2020-04-17,32.73939514160156,43.220001220703125,0.0,43.31999969482422,39.869998931884766,39.880001068115234,0.0,40829100,XOM,Exxon Mobil
2020-04-20,31.194087982177734,41.18000030517578,0.0,42.7400016784668,40.540000915527344,40.75,0.0,39260800,XOM,Exxon Mobil
2020-04-21,31.027437210083008,40.959999084472656,0.0,42.130001068115234,39.630001068115234,40.400001525878906,0.0,44381600,XOM,Exxon Mobil
2020-04-22,31.913711547851562,42.130001068115234,0.0,42.93000030517578,41.86000061035156,42.599998474121094,0.0,27074200,XOM,Exxon Mobil
2020-04-23,32.913631439208984,43.45000076293945,0.0,44.65999984741211,42.810001373291016,43.130001068115234,0.0,35271000,XOM,Exxon Mobil
2020-04-24,33.125732421875,43.72999954223633,0.0,44.88999938964844,43.130001068115234,44.400001525878906,0.0,28653800,XOM,Exxon Mobil
2020-04-27,33.28480529785156,43.939998626708984,0.0,44.31999969482422,42.22999954223633,43.59000015258789,0.0,28274400,XOM,Exxon Mobil
2020-04-28,34.065040588378906,44.970001220703125,0.0,45.38999938964844,44.11000061035156,44.369998931884766,0.0,26545100,XOM,Exxon Mobil
2020-04-29,35.95122146606445,47.459999084472656,0.0,47.599998474121094,46.15999984741211,46.2599983215332,0.0,29502500,XOM,Exxon Mobil
2020-04-30,35.2012939453125,46.470001220703125,0.0,47.68000030517578,45.77000045776367,47.68000030517578,0.0,37076300,XOM,Exxon Mobil
2020-05-01,32.67879867553711,43.13999938964844,0.0,46.38999938964844,43.0,45.630001068115234,0.0,35399300,XOM,Exxon Mobil
2020-05-04,33.99686050415039,44.880001068115234,0.0,44.939998626708984,42.220001220703125,42.5099983215332,0.0,27465600,XOM,Exxon Mobil
2020-05-05,33.95899200439453,44.83000183105469,0.0,47.150001525878906,44.65999984741211,46.2599983215332,0.0,29276200,XOM,Exxon Mobil
2020-05-06,33.32267379760742,43.9900016784668,0.0,45.27000045776367,43.900001525878906,44.93000030517578,0.0,22659000,XOM,Exxon Mobil
2020-05-07,33.51206588745117,44.2400016784668,0.0,45.27000045776367,43.970001220703125,44.959999084472656,0.0,22160300,XOM,Exxon Mobil
2020-05-08,34.98162078857422,46.18000030517578,0.0,46.220001220703125,44.97999954223633,45.310001373291016,0.0,19977400,XOM,Exxon Mobil
2020-05-11,34.6483154296875,45.7400016784668,0.0,46.20000076293945,45.5099983215332,46.11000061035156,0.0,22258000,XOM,Exxon Mobil
2020-05-12,34.06916046142578,44.119998931884766,0.87,45.66999816894531,44.119998931884766,45.41999816894531,0.0,25439100,XOM,Exxon Mobil
2020-05-13,32.37807083129883,41.93000030517578,0.0,43.869998931884766,41.599998474121094,43.7400016784668,0.0,30827900,XOM,Exxon Mobil
2020-05-14,32.66377258300781,42.29999923706055,0.0,42.54999923706055,40.20000076293945,41.06999969482422,0.0,24856500,XOM,Exxon Mobil
2020-05-15,32.43212890625,42.0,0.0,43.0099983215332,41.849998474121094,42.380001068115234,0.0,22445600,XOM,Exxon Mobil
2020-05-18,35.01124572753906,45.34000015258789,0.0,45.58000183105469,44.060001373291016,44.400001525878906,0.0,32026100,XOM,Exxon Mobil
2020-05-19,33.93017578125,43.939998626708984,0.0,46.630001068115234,43.93000030517578,45.54999923706055,0.0,21771600,XOM,Exxon Mobil
2020-05-20,35.0344123840332,45.369998931884766,0.0,45.58000183105469,44.56999969482422,44.619998931884766,0.0,19352400,XOM,Exxon Mobil
2020-05-21,34.408931732177734,44.560001373291016,0.0,45.790000915527344,44.38999938964844,45.439998626708984,0.0,19130700,XOM,Exxon Mobil
2020-05-22,34.439823150634766,44.599998474121094,0.0,44.66999816894531,43.45000076293945,44.04999923706055,0.0,15406400,XOM,Exxon Mobil
2020-05-26,35.451393127441406,45.90999984741211,0.0,46.29999923706055,45.470001220703125,45.7400016784668,0.0,20356500,XOM,Exxon Mobil
2020-05-27,35.70622253417969,46.2400016784668,0.0,47.13999938964844,45.40999984741211,46.65999984741211,0.0,20788300,XOM,Exxon Mobil
2020-05-28,34.77958679199219,45.040000915527344,0.0,46.459999084472656,44.93000030517578,46.43000030517578,0.0,19698000,XOM,Exxon Mobil
2020-05-29,35.11163330078125,45.470001220703125,0.0,45.689998626708984,44.369998931884766,44.81999969482422,0.0,25874700,XOM,Exxon Mobil
2020-06-01,35.73711395263672,46.279998779296875,0.0,46.45000076293945,44.79999923706055,45.31999969482422,0.0,19031000,XOM,Exxon Mobil
2020-06-02,36.532466888427734,47.310001373291016,0.0,47.45000076293945,46.75,46.86000061035156,0.0,22319000,XOM,Exxon Mobil
2020-06-03,38.022804260253906,49.2400016784668,0.0,49.400001525878906,47.95000076293945,48.0,0.0,23418000,XOM,Exxon Mobil
2020-06-04,37.914695739746094,49.099998474121094,0.0,49.150001525878906,48.15999984741211,48.880001068115234,0.0,18731400,XOM,Exxon Mobil
2020-06-05,40.988014221191406,53.08000183105469,0.0,53.45000076293945,51.599998474121094,51.650001525878906,0.0,41328900,XOM,Exxon Mobil
2020-06-08,42.269874572753906,54.7400016784668,0.0,55.36000061035156,53.459999084472656,54.720001220703125,0.0,33579400,XOM,Exxon Mobil
2020-06-09,41.327796936035156,53.52000045776367,0.0,53.970001220703125,52.45000076293945,52.880001068115234,0.0,27276900,XOM,Exxon Mobil
2020-06-10,39.11159133911133,50.650001525878906,0.0,53.5,50.599998474121094,53.5,0.0,31156800,XOM,Exxon Mobil
2020-06-11,35.65989303588867,46.18000030517578,0.0,48.84000015258789,46.099998474121094,47.529998779296875,0.0,39183000,XOM,Exxon Mobil
2020-06-12,36.42436218261719,47.16999816894531,0.0,48.619998931884766,45.90999984741211,48.040000915527344,0.0,30978100,XOM,Exxon Mobil
2020-06-15,36.40119171142578,47.13999938964844,0.0,47.7599983215332,44.75,45.349998474121094,0.0,27929300,XOM,Exxon Mobil
2020-06-16,37.2197151184082,48.20000076293945,0.0,49.75,47.2400016784668,49.56999969482422,0.0,26203400,XOM,Exxon Mobil
2020-06-17,36.00737762451172,46.630001068115234,0.0,48.130001068115234,46.599998474121094,48.0,0.0,19279400,XOM,Exxon Mobil
2020-06-18,36.23131561279297,46.91999816894531,0.0,47.33000183105469,45.77000045776367,46.11000061035156,0.0,21478700,XOM,Exxon Mobil
2020-06-19,35.505455017089844,45.97999954223633,0.0,48.2599983215332,45.97999954223633,48.220001220703125,0.0,48899900,XOM,Exxon Mobil
2020-06-22,35.84522247314453,46.41999816894531,0.0,46.439998626708984,45.400001525878906,45.689998626708984,0.0,17565400,XOM,Exxon Mobil
2020-06-23,36.061431884765625,46.70000076293945,0.0,47.220001220703125,46.5,46.900001525878906,0.0,18916600,XOM,Exxon Mobil
2020-06-24,34.36260223388672,44.5,0.0,45.959999084472656,44.25,45.90999984741211,0.0,27626900,XOM,Exxon Mobil
2020-06-25,34.87997055053711,45.16999816894531,0.0,45.2400016784668,43.689998626708984,44.04999923706055,0.0,19353600,XOM,Exxon Mobil
2020-06-26,33.683074951171875,43.619998931884766,0.0,44.939998626708984,43.5,44.880001068115234,0.0,31518600,XOM,Exxon Mobil
2020-06-29,34.223602294921875,44.31999969482422,0.0,44.58000183105469,43.540000915527344,43.810001373291016,0.0,17052100,XOM,Exxon Mobil
2020-06-30,34.53249740600586,44.720001220703125,0.0,44.970001220703125,43.15999984741211,43.43000030517578,0.0,22153600,XOM,Exxon Mobil
2020-07-01,33.75257110595703,43.709999084472656,0.0,45.380001068115234,43.66999816894531,44.4900016784668,0.0,17290100,XOM,Exxon Mobil
2020-07-02,34.03828811645508,44.08000183105469,0.0,45.189998626708984,43.93000030517578,44.619998931884766,0.0,18216600,XOM,Exxon Mobil
2020-07-06,34.27765655517578,44.38999938964844,0.0,45.08000183105469,43.84000015258789,44.66999816894531,0.0,22692000,XOM,Exxon Mobil
2020-07-07,33.389644622802734,43.2400016784668,0.0,44.0,43.11000061035156,43.900001525878906,0.0,17407600,XOM,Exxon Mobil
2020-07-08,33.312416076660156,43.13999938964844,0.0,43.93000030517578,42.84000015258789,43.150001525878906,0.0,18291400,XOM,Exxon Mobil
2020-07-09,31.937917709350586,41.36000061035156,0.0,43.099998474121094,41.290000915527344,42.900001525878906,0.0,25882000,XOM,Exxon Mobil
2020-07-10,32.93404769897461,42.650001525878906,0.0,42.709999084472656,41.099998474121094,41.119998931884766,0.0,18951000,XOM,Exxon Mobil
2020-07-13,32.941768646240234,42.65999984741211,0.0,43.290000915527344,42.22999954223633,42.97999954223633,0.0,20028300,XOM,Exxon Mobil
2020-07-14,34.03056335449219,44.06999969482422,0.0,44.189998626708984,42.2599983215332,42.529998779296875,0.0,21444100,XOM,Exxon Mobil
2020-07-15,34.46299362182617,44.630001068115234,0.0,45.09000015258789,44.209999084472656,45.029998779296875,0.0,17332400,XOM,Exxon Mobil
2020-07-16,34.192718505859375,44.279998779296875,0.0,44.810001373291016,43.790000915527344,44.310001373291016,0.0,14673700,XOM,Exxon Mobil
2020-07-17,33.605857849121094,43.52000045776367,0.0,44.689998626708984,43.38999938964844,44.33000183105469,0.0,17958900,XOM,Exxon Mobil
2020-07-20,32.818214416503906,42.5,0.0,43.5099983215332,42.47999954223633,43.209999084472656,0.0,18553900,XOM,Exxon Mobil
2020-07-21,34.47843933105469,44.650001525878906,0.0,45.189998626708984,43.11000061035156,43.150001525878906,0.0,28821800,XOM,Exxon Mobil
2020-07-22,33.675357818603516,43.61000061035156,0.0,44.150001525878906,43.369998931884766,44.150001525878906,0.0,21345400,XOM,Exxon Mobil
2020-07-23,33.74485778808594,43.70000076293945,0.0,43.81999969482422,43.02000045776367,43.400001525878906,0.0,17934400,XOM,Exxon Mobil
2020-07-24,33.53636169433594,43.43000030517578,0.0,44.41999816894531,43.189998626708984,43.880001068115234,0.0,16415300,XOM,Exxon Mobil
2020-07-27,34.03056335449219,44.06999969482422,0.0,44.09000015258789,42.970001220703125,43.22999954223633,0.0,18547900,XOM,Exxon Mobil
2020-07-28,33.62902069091797,43.54999923706055,0.0,44.25,43.459999084472656,43.90999984741211,0.0,19190500,XOM,Exxon Mobil
2020-07-29,33.99966812133789,44.029998779296875,0.0,44.09000015258789,43.34000015258789,43.709999084472656,0.0,14143200,XOM,Exxon Mobil
2020-07-30,32.33174133300781,41.869998931884766,0.0,43.18000030517578,41.83000183105469,43.130001068115234,0.0,29901100,XOM,Exxon Mobil
2020-07-31,32.493896484375,42.08000183105469,0.0,42.16999816894531,40.90999984741211,41.15999984741211,0.0,32116200,XOM,Exxon Mobil
2020-08-03,32.62516784667969,42.25,0.0,42.5,41.470001220703125,42.04999923706055,0.0,23033600,XOM,Exxon Mobil
2020-08-04,33.56724548339844,43.470001220703125,0.0,43.599998474121094,42.2400016784668,42.34000015258789,0.0,17724000,XOM,Exxon Mobil
2020-08-05,33.86068344116211,43.849998474121094,0.0,44.310001373291016,43.529998779296875,44.150001525878906,0.0,17175100,XOM,Exxon Mobil
2020-08-06,33.69851303100586,43.63999938964844,0.0,43.900001525878906,43.25,43.400001525878906,0.0,14434900,XOM,Exxon Mobil
2020-08-07,33.54408264160156,43.439998626708984,0.0,43.52000045776367,42.810001373291016,43.22999954223633,0.0,18757900,XOM,Exxon Mobil
2020-08-10,34.370323181152344,44.5099983215332,0.0,44.599998474121094,43.599998474121094,43.9900016784668,0.0,24367800,XOM,Exxon Mobil
2020-08-11,34.72554016113281,44.970001220703125,0.0,46.41999816894531,44.72999954223633,45.5,0.0,28987500,XOM,Exxon Mobil
2020-08-12,34.7176513671875,44.09000015258789,0.87,44.939998626708984,43.630001068115234,44.459999084472656,0.0,22503200,XOM,Exxon Mobil
2020-08-13,33.867244720458984,43.0099983215332,0.0,43.869998931884766,42.91999816894531,43.5,0.0,17338700,XOM,Exxon Mobil
2020-08-14,34.016849517822266,43.20000076293945,0.0,43.279998779296875,42.40999984741211,42.599998474121094,0.0,13595700,XOM,Exxon Mobil
2020-08-17,33.57589340209961,42.63999938964844,0.0,43.16999816894531,42.470001220703125,43.16999816894531,0.0,15554600,XOM,Exxon Mobil
2020-08-18,33.410526275634766,42.43000030517578,0.0,43.189998626708984,42.290000915527344,42.59000015258789,0.0,13014000,XOM,Exxon Mobil
2020-08-19,33.040435791015625,41.959999084472656,0.0,42.65999984741211,41.869998931884766,42.349998474121094,0.0,14473100,XOM,Exxon Mobil
2020-08-20,32.53648376464844,41.31999969482422,0.0,41.88999938964844,41.29999923706055,41.689998626708984,0.0,15678500,XOM,Exxon Mobil
2020-08-21,32.292388916015625,41.0099983215332,0.0,41.34000015258789,40.709999084472656,41.29999923706055,0.0,25517700,XOM,Exxon Mobil
2020-08-24,33.24516677856445,42.220001220703125,0.0,42.5099983215332,41.09000015258789,41.279998779296875,0.0,18208900,XOM,Exxon Mobil
2020-08-25,32.19001770019531,40.880001068115234,0.0,42.06999969482422,40.70000076293945,41.65999984741211,0.0,31285600,XOM,Exxon Mobil
2020-08-26,31.504959106445312,40.0099983215332,0.0,40.84000015258789,40.0,40.63999938964844,0.0,26795000,XOM,Exxon Mobil
2020-08-27,31.29235076904297,39.7400016784668,0.0,40.29999923706055,39.310001373291016,40.0,0.0,32034300,XOM,Exxon Mobil
2020-08-28,32.04041290283203,40.689998626708984,0.0,40.91999816894531,39.7599983215332,39.84000015258789,0.0,33477100,XOM,Exxon Mobil
2020-08-31,31.449840545654297,39.939998626708984,0.0,40.720001220703125,39.900001525878906,40.63999938964844,0.0,25259600,XOM,Exxon Mobil
2020-09-01,31.048250198364258,39.43000030517578,0.0,39.75,39.04999923706055,39.75,0.0,22464100,XOM,Exxon Mobil
2020-09-02,30.859272003173828,39.189998626708984,0.0,39.720001220703125,38.95000076293945,39.22999954223633,0.0,26413400,XOM,Exxon Mobil
2020-09-03,30.796276092529297,39.11000061035156,0.0,40.029998779296875,38.880001068115234,39.20000076293945,0.0,28817200,XOM,Exxon Mobil
2020-09-04,30.77265167236328,39.08000183105469,0.0,39.790000915527344,38.650001525878906,39.459999084472656,0.0,24632500,XOM,Exxon Mobil
2020-09-08,30.06396484375,38.18000030517578,0.0,38.68000030517578,37.349998474121094,38.25,0.0,38496400,XOM,Exxon Mobil
2020-09-09,29.88286018371582,37.95000076293945,0.0,38.84000015258789,37.91999816894531,38.349998474121094,0.0,25886100,XOM,Exxon Mobil
2020-09-10,29.134803771972656,37.0,0.0,38.369998931884766,36.900001525878906,38.27000045776367,0.0,34381200,XOM,Exxon Mobil
2020-09-11,29.056062698364258,36.900001525878906,0.0,37.310001373291016,36.4900016784668,37.130001068115234,0.0,26838600,XOM,Exxon Mobil
2020-09-14,28.86707305908203,36.65999984741211,0.0,37.0099983215332,36.4900016784668,36.90999984741211,0.0,26129900,XOM,Exxon Mobil
2020-09-15,28.559978485107422,36.27000045776367,0.0,37.380001068115234,36.209999084472656,36.79999923706055,0.0,23724200,XOM,Exxon Mobil
2020-09-16,29.772619247436523,37.810001373291016,0.0,38.150001525878906,36.27000045776367,36.459999084472656,0.0,30890900,XOM,Exxon Mobil
2020-09-17,29.76474380493164,37.79999923706055,0.0,37.97999954223633,36.970001220703125,37.349998474121094,0.0,24696200,XOM,Exxon Mobil
2020-09-18,29.284414291381836,37.189998626708984,0.0,37.81999969482422,36.70000076293945,37.529998779296875,0.0,46853800,XOM,Exxon Mobil
2020-09-21,28.685972213745117,36.43000030517578,0.0,36.709999084472656,35.68000030517578,36.43000030517578,0.0,35351800,XOM,Exxon Mobil
2020-09-22,27.977291107177734,35.529998779296875,0.0,36.84000015258789,35.470001220703125,36.459999084472656,0.0,27303200,XOM,Exxon Mobil
2020-09-23,27.079618453979492,34.38999938964844,0.0,35.790000915527344,34.349998474121094,35.650001525878906,0.0,31251400,XOM,Exxon Mobil
2020-09-24,27.02449607849121,34.31999969482422,0.0,34.81999969482422,33.7599983215332,34.400001525878906,0.0,26796000,XOM,Exxon Mobil
2020-09-25,27.276472091674805,34.63999938964844,0.0,34.939998626708984,33.880001068115234,34.0,0.0,23486000,XOM,Exxon Mobil
2020-09-28,27.80405044555664,35.310001373291016,0.0,35.900001525878906,35.099998474121094,35.13999938964844,0.0,23396500,XOM,Exxon Mobil
2020-09-29,26.993003845214844,34.279998779296875,0.0,35.11000061035156,33.9900016784668,35.0,0.0,20770500,XOM,Exxon Mobil
2020-09-30,27.032377243041992,34.33000183105469,0.0,34.91999816894531,34.130001068115234,34.63999938964844,0.0,22223700,XOM,Exxon Mobil
2020-10-01,26.08745765686035,33.130001068115234,0.0,34.099998474121094,32.939998626708984,33.790000915527344,0.0,36890200,XOM,Exxon Mobil
2020-10-02,25.969345092773438,32.97999954223633,0.0,33.349998474121094,32.209999084472656,32.25,0.0,32694300,XOM,Exxon Mobil
2020-10-05,26.567790985107422,33.7400016784668,0.0,33.75,33.16999816894531,33.31999969482422,0.0,22965200,XOM,Exxon Mobil
2020-10-06,26.29218864440918,33.38999938964844,0.0,34.41999816894531,33.310001373291016,34.119998931884766,0.0,26731800,XOM,Exxon Mobil
2020-10-07,26.378803253173828,33.5,0.0,33.7400016784668,33.209999084472656,33.63999938964844,0.0,23779300,XOM,Exxon Mobil
2020-10-08,27.76467514038086,35.2599983215332,0.0,35.34000015258789,33.7599983215332,33.880001068115234,0.0,34413700,XOM,Exxon Mobil
2020-10-09,27.355224609375,34.7400016784668,0.0,35.95000076293945,34.650001525878906,35.68000030517578,0.0,29228600,XOM,Exxon Mobil
2020-10-12,27.268600463867188,34.630001068115234,0.0,34.72999954223633,34.22999954223633,34.540000915527344,0.0,17912800,XOM,Exxon Mobil
2020-10-13,26.94576072692871,34.220001220703125,0.0,34.869998931884766,34.099998474121094,34.72999954223633,0.0,20995100,XOM,Exxon Mobil
2020-10-14,26.890640258789062,34.150001525878906,0.0,34.83000183105469,34.029998779296875,34.060001373291016,0.0,17743000,XOM,Exxon Mobil
2020-10-15,27.126863479614258,34.45000076293945,0.0,34.459999084472656,33.27000045776367,33.70000076293945,0.0,23251600,XOM,Exxon Mobil
2020-10-16,26.85126495361328,34.099998474121094,0.0,34.63999938964844,33.880001068115234,34.369998931884766,0.0,22627200,XOM,Exxon Mobil
2020-10-19,26.315813064575195,33.41999816894531,0.0,34.369998931884766,33.38999938964844,34.099998474121094,0.0,23645800,XOM,Exxon Mobil
2020-10-20,26.53629493713379,33.70000076293945,0.0,33.93000030517578,33.33000183105469,33.65999984741211,0.0,23040600,XOM,Exxon Mobil
2020-10-21,26.111083984375,33.15999984741211,0.0,33.619998931884766,33.13999938964844,33.5099983215332,0.0,28619300,XOM,Exxon Mobil
2020-10-22,27.44970703125,34.86000061035156,0.0,34.959999084472656,33.02000045776367,33.18000030517578,0.0,31831500,XOM,Exxon Mobil
2020-10-23,26.898515701293945,34.15999984741211,0.0,35.08000183105469,33.86000061035156,34.970001220703125,0.0,27429100,XOM,Exxon Mobil
2020-10-26,26.260690689086914,33.349998474121094,0.0,33.77000045776367,32.95000076293945,33.61000061035156,0.0,30888700,XOM,Exxon Mobil
2020-10-27,25.84335708618164,32.81999969482422,0.0,33.20000076293945,32.70000076293945,33.150001525878906,0.0,27100700,XOM,Exxon Mobil
2020-10-28,24.85907554626465,31.56999969482422,0.0,32.380001068115234,31.520000457763672,32.099998474121094,0.0,42136400,XOM,Exxon Mobil
2020-10-29,25.96147346496582,32.970001220703125,0.0,33.130001068115234,31.110000610351562,31.40999984741211,0.0,38622800,XOM,Exxon Mobil
2020-10-30,25.685874938964844,32.619998931884766,0.0,33.13999938964844,32.0099983215332,32.40999984741211,0.0,47885700,XOM,Exxon Mobil
2020-11-02,26.764650344848633,33.9900016784668,0.0,34.459999084472656,32.56999969482422,33.13999938964844,0.0,40130300,XOM,Exxon Mobil
2020-11-03,26.307941436767578,33.40999984741211,0.0,34.4900016784668,33.130001068115234,34.4900016784668,0.0,36773000,XOM,Exxon Mobil
2020-11-04,26.16620635986328,33.22999954223633,0.0,34.13999938964844,32.529998779296875,33.27000045776367,0.0,35410100,XOM,Exxon Mobil
2020-11-05,26.11895751953125,33.16999816894531,0.0,33.91999816894531,33.13999938964844,33.369998931884766,0.0,30824100,XOM,Exxon Mobil
2020-11-06,25.81186294555664,32.779998779296875,0.0,33.65999984741211,32.619998931884766,33.099998474121094,0.0,33985600,XOM,Exxon Mobil
2020-11-09,29.079687118530273,36.93000030517578,0.0,38.0099983215332,36.060001373291016,36.41999816894531,0.0,76879400,XOM,Exxon Mobil
2020-11-10,29.72481918334961,36.86000061035156,0.87,37.43000030517578,35.97999954223633,37.04999923706055,0.0,49055400,XOM,Exxon Mobil
2020-11-11,29.418378829956055,36.47999954223633,0.0,37.119998931884766,36.189998626708984,37.09000015258789,0.0,34124500,XOM,Exxon Mobil
2020-11-12,28.410354614257812,35.22999954223633,0.0,36.290000915527344,34.869998931884766,35.86000061035156,0.0,30933700,XOM,Exxon Mobil
2020-11-13,29.095821380615234,36.08000183105469,0.0,36.25,35.380001068115234,35.400001525878906,0.0,29241500,XOM,Exxon Mobil
2020-11-16,30.773176193237305,38.15999984741211,0.0,38.16999816894531,37.099998474121094,37.59000015258789,0.0,38596800,XOM,Exxon Mobil
2020-11-17,31.1844482421875,38.66999816894531,0.0,38.709999084472656,37.380001068115234,37.810001373291016,0.0,26521100,XOM,Exxon Mobil
2020-11-18,30.0070743560791,37.209999084472656,0.0,39.130001068115234,37.20000076293945,39.02000045776367,0.0,31068000,XOM,Exxon Mobil
2020-11-19,30.160297393798828,37.400001525878906,0.0,37.5,36.560001373291016,36.86000061035156,0.0,26954400,XOM,Exxon Mobil
2020-11-20,29.789342880249023,36.939998626708984,0.0,37.40999984741211,36.779998779296875,37.349998474121094,0.0,18351000,XOM,Exxon Mobil
2020-11-23,31.740888595581055,39.36000061035156,0.0,39.43000030517578,37.279998779296875,37.5,0.0,29367600,XOM,Exxon Mobil
2020-11-24,33.85371398925781,41.97999954223633,0.0,42.08000183105469,40.220001220703125,40.5099983215332,0.0,46979300,XOM,Exxon Mobil
2020-11-25,32.910194396972656,40.810001373291016,0.0,41.709999084472656,40.650001525878906,41.66999816894531,0.0,28178200,XOM,Exxon Mobil
2020-11-27,32.41021728515625,40.189998626708984,0.0,40.939998626708984,39.869998931884766,40.70000076293945,0.0,14971900,XOM,Exxon Mobil
2020-11-30,30.748979568481445,38.130001068115234,0.0,39.880001068115234,37.970001220703125,39.79999923706055,0.0,45614300,XOM,Exxon Mobil
2020-12-01,31.047361373901367,38.5,0.0,39.650001525878906,38.470001220703125,38.959999084472656,0.0,32472900,XOM,Exxon Mobil
2020-12-02,32.20861053466797,39.939998626708984,0.0,40.41999816894531,38.34000015258789,38.38999938964844,0.0,29369500,XOM,Exxon Mobil
2020-12-03,32.42634201049805,40.209999084472656,0.0,40.63999938964844,39.72999954223633,40.06999969482422,0.0,27038900,XOM,Exxon Mobil
2020-12-04,33.61179733276367,41.68000030517578,0.0,41.7599983215332,40.650001525878906,40.77000045776367,0.0,28723600,XOM,Exxon Mobil
2020-12-07,32.9827766418457,40.900001525878906,0.0,41.540000915527344,40.66999816894531,41.41999816894531,0.0,24899400,XOM,Exxon Mobil
2020-12-08,34.06338882446289,42.2400016784668,0.0,42.59000015258789,40.439998626708984,40.529998779296875,0.0,32573800,XOM,Exxon Mobil
2020-12-09,34.514991760253906,42.79999923706055,0.0,43.72999954223633,42.380001068115234,42.709999084472656,0.0,37824800,XOM,Exxon Mobil
2020-12-10,35.49076461791992,44.0099983215332,0.0,44.470001220703125,42.7599983215332,43.20000076293945,0.0,38058700,XOM,Exxon Mobil
2020-12-11,35.321414947509766,43.79999923706055,0.0,43.93000030517578,43.209999084472656,43.70000076293945,0.0,25478800,XOM,Exxon Mobil
2020-12-14,34.047264099121094,42.220001220703125,0.0,44.459999084472656,42.18000030517578,44.34000015258789,0.0,30595000,XOM,Exxon Mobil
2020-12-15,34.708534240722656,43.040000915527344,0.0,43.220001220703125,42.060001373291016,42.439998626708984,0.0,27138400,XOM,Exxon Mobil
2020-12-16,35.240779876708984,43.70000076293945,0.0,44.11000061035156,42.959999084472656,43.75,0.0,34273000,XOM,Exxon Mobil
2020-12-17,35.063350677490234,43.47999954223633,0.0,44.040000915527344,43.400001525878906,44.0,0.0,21204600,XOM,Exxon Mobil
2020-12-18,34.45853805541992,42.72999954223633,0.0,43.779998779296875,42.41999816894531,43.27000045776367,0.0,46596800,XOM,Exxon Mobil
2020-12-21,33.829524993896484,41.95000076293945,0.0,42.08000183105469,40.529998779296875,41.11000061035156,0.0,27869500,XOM,Exxon Mobil
2020-12-22,33.256961822509766,41.2400016784668,0.0,41.900001525878906,41.22999954223633,41.58000183105469,0.0,21792900,XOM,Exxon Mobil
2020-12-23,33.68436813354492,41.77000045776367,0.0,42.38999938964844,41.459999084472656,41.5099983215332,0.0,19085900,XOM,Exxon Mobil
2020-12-24,33.547279357910156,41.599998474121094,0.0,41.849998474121094,41.380001068115234,41.650001525878906,0.0,8039000,XOM,Exxon Mobil
2020-12-28,33.660179138183594,41.7400016784668,0.0,42.54999923706055,41.52000045776367,41.689998626708984,0.0,23877500,XOM,Exxon Mobil
2020-12-29,33.281158447265625,41.27000045776367,0.0,42.119998931884766,41.20000076293945,42.040000915527344,0.0,20287700,XOM,Exxon Mobil
2020-12-30,33.547279357910156,41.599998474121094,0.0,42.41999816894531,41.27000045776367,41.33000183105469,0.0,23807300,XOM,Exxon Mobil
2020-12-31,33.24082946777344,41.220001220703125,0.0,41.68000030517578,40.970001220703125,41.470001220703125,0.0,22786500,XOM,Exxon Mobil
2021-01-04,33.46663284301758,41.5,0.0,42.25,41.0,41.45000076293945,0.0,27764700,XOM,Exxon Mobil
2021-01-05,35.0794792175293,43.5,0.0,44.79999923706055,41.83000183105469,41.84000015258789,0.0,44035100,XOM,Exxon Mobil
2021-01-06,35.97462463378906,44.61000061035156,0.0,45.099998474121094,43.70000076293945,44.40999984741211,0.0,36484800,XOM,Exxon Mobil
2021-01-07,36.25687026977539,44.959999084472656,0.0,45.56999969482422,44.529998779296875,45.0,0.0,29528100,XOM,Exxon Mobil
2021-01-08,36.66007995605469,45.459999084472656,0.0,45.81999969482422,44.95000076293945,45.20000076293945,0.0,28628200,XOM,Exxon Mobil
2021-01-11,37.7729377746582,46.84000015258789,0.0,47.13999938964844,44.75,45.040000915527344,0.0,38246200,XOM,Exxon Mobil
2021-01-12,38.61162567138672,47.880001068115234,0.0,48.16999816894531,46.90999984741211,47.459999084472656,0.0,36915100,XOM,Exxon Mobil
2021-01-13,39.047088623046875,48.41999816894531,0.0,48.709999084472656,47.689998626708984,48.529998779296875,0.0,29000300,XOM,Exxon Mobil
2021-01-14,40.57123947143555,50.310001373291016,0.0,51.08000183105469,48.5,48.5,0.0,35474800,XOM,Exxon Mobil
2021-01-15,38.61968994140625,47.88999938964844,0.0,49.08000183105469,47.290000915527344,48.90999984741211,0.0,42411300,XOM,Exxon Mobil
2021-01-19,39.38578796386719,48.84000015258789,0.0,49.439998626708984,48.349998474121094,48.45000076293945,0.0,24932600,XOM,Exxon Mobil
2021-01-20,39.94222640991211,49.529998779296875,0.0,49.7400016784668,48.9900016784668,49.11000061035156,0.0,22342400,XOM,Exxon Mobil
2021-01-21,38.79710388183594,48.11000061035156,0.0,49.38999938964844,47.68000030517578,49.33000183105469,0.0,29044500,XOM,Exxon Mobil
2021-01-22,38.24873733520508,47.43000030517578,0.0,47.63999938964844,46.63999938964844,47.0099983215332,0.0,23264800,XOM,Exxon Mobil
2021-01-25,37.82133483886719,46.900001525878906,0.0,47.04999923706055,46.15999984741211,46.900001525878906,0.0,26395800,XOM,Exxon Mobil
2021-01-26,36.9907112121582,45.869998931884766,0.0,47.86000061035156,45.849998474121094,47.2599983215332,0.0,23976800,XOM,Exxon Mobil
2021-01-27,36.57136917114258,45.349998474121094,0.0,46.65999984741211,44.529998779296875,45.0,0.0,32410300,XOM,Exxon Mobil
2021-01-28,37.14393615722656,46.060001373291016,0.0,46.59000015258789,45.689998626708984,45.939998626708984,0.0,24967200,XOM,Exxon Mobil
2021-01-29,36.160099029541016,44.84000015258789,0.0,46.040000915527344,44.5099983215332,45.54999923706055,0.0,38961100,XOM,Exxon Mobil
2021-02-01,36.224613189697266,44.91999816894531,0.0,45.58000183105469,44.290000915527344,45.58000183105469,0.0,24412400,XOM,Exxon Mobil
2021-02-02,36.797176361083984,45.630001068115234,0.0,46.9900016784668,45.279998779296875,45.810001373291016,0.0,31940400,XOM,Exxon Mobil
2021-02-03,38.24067687988281,47.41999816894531,0.0,47.66999816894531,45.41999816894531,45.630001068115234,0.0,28459300,XOM,Exxon Mobil
2021-02-04,38.97452163696289,48.33000183105469,0.0,48.380001068115234,47.25,47.880001068115234,0.0,25280300,XOM,Exxon Mobil
2021-02-05,40.28092956542969,49.95000076293945,0.0,50.119998931884766,49.040000915527344,49.18000030517578,0.0,34980100,XOM,Exxon Mobil
2021-02-08,42.01473617553711,52.099998474121094,0.0,52.36000061035156,50.709999084472656,50.91999816894531,0.0,36998700,XOM,Exxon Mobil
2021-02-09,41.52267074584961,50.630001068115234,0.87,50.959999084472656,49.77000045776367,50.66999816894531,0.0,28977000,XOM,Exxon Mobil
2021-02-10,41.924530029296875,51.119998931884766,0.0,51.41999816894531,50.38999938964844,50.630001068115234,0.0,25723800,XOM,Exxon Mobil
2021-02-11,40.874778747558594,49.84000015258789,0.0,50.93000030517578,48.779998779296875,50.88999938964844,0.0,26972200,XOM,Exxon Mobil
2021-02-12,41.43244934082031,50.52000045776367,0.0,50.709999084472656,49.40999984741211,49.43000030517578,0.0,19756700,XOM,Exxon Mobil
2021-02-16,42.679039001464844,52.040000915527344,0.0,52.529998779296875,51.619998931884766,51.959999084472656,0.0,28060100,XOM,Exxon Mobil
2021-02-17,43.34333801269531,52.849998474121094,0.0,53.27000045776367,51.79999923706055,52.349998474121094,0.0,25509700,XOM,Exxon Mobil
2021-02-18,42.662635803222656,52.02000045776367,0.0,52.939998626708984,51.86000061035156,52.810001373291016,0.0,20627600,XOM,Exxon Mobil
2021-02-19,42.94967269897461,52.369998931884766,0.0,52.560001373291016,51.91999816894531,52.11000061035156,0.0,22607200,XOM,Exxon Mobil
2021-02-22,44.53250503540039,54.29999923706055,0.0,54.810001373291016,52.59000015258789,52.59000015258789,0.0,36435100,XOM,Exxon Mobil
2021-02-23,45.14759063720703,55.04999923706055,0.0,55.2599983215332,53.7400016784668,54.97999954223633,0.0,33527900,XOM,Exxon Mobil
2021-02-24,46.500797271728516,56.70000076293945,0.0,57.0,54.869998931884766,55.189998626708984,0.0,28728600,XOM,Exxon Mobil
2021-02-25,45.72988510131836,55.7599983215332,0.0,57.25,55.349998474121094,56.97999954223633,0.0,29670900,XOM,Exxon Mobil
2021-02-26,44.58992004394531,54.369998931884766,0.0,55.060001373291016,53.119998931884766,54.40999984741211,0.0,35291000,XOM,Exxon Mobil
2021-03-01,46.25475311279297,56.400001525878906,0.0,57.61000061035156,56.130001068115234,56.470001220703125,0.0,36998300,XOM,Exxon Mobil
2021-03-02,45.9841194152832,56.06999969482422,0.0,56.959999084472656,56.02000045776367,56.650001525878906,0.0,30302600,XOM,Exxon Mobil
2021-03-03,46.353179931640625,56.52000045776367,0.0,57.959999084472656,55.880001068115234,56.41999816894531,0.0,35358900,XOM,Exxon Mobil
2021-03-04,48.149227142333984,58.709999084472656,0.0,59.470001220703125,57.099998474121094,57.119998931884766,0.0,52137500,XOM,Exxon Mobil
2021-03-05,49.969905853271484,60.93000030517578,0.0,61.04999923706055,59.11000061035156,59.83000183105469,0.0,51429800,XOM,Exxon Mobil
2021-03-08,49.92069625854492,60.869998931884766,0.0,61.61000061035156,59.81999969482422,61.58000183105469,0.0,38154600,XOM,Exxon Mobil
2021-03-09,49.149776458740234,59.93000030517578,0.0,61.38999938964844,59.470001220703125,60.61000061035156,0.0,35645900,XOM,Exxon Mobil
2021-03-10,50.6588020324707,61.77000045776367,0.0,61.91999816894531,60.029998779296875,60.52000045776367,0.0,31579100,XOM,Exxon Mobil
2021-03-11,50.281551361083984,61.310001373291016,0.0,62.54999923706055,61.2599983215332,61.779998779296875,0.0,24802600,XOM,Exxon Mobil
2021-03-12,50.82284164428711,61.970001220703125,0.0,62.369998931884766,61.5,61.54999923706055,0.0,20422700,XOM,Exxon Mobil
2021-03-15,49.52703857421875,60.38999938964844,0.0,61.86000061035156,59.869998931884766,61.4900016784668,0.0,31243600,XOM,Exxon Mobil
2021-03-16,48.4772834777832,59.11000061035156,0.0,59.65999984741211,58.439998626708984,59.540000915527344,0.0,30624800,XOM,Exxon Mobil
2021-03-17,48.690513610839844,59.369998931884766,0.0,59.72999954223633,58.619998931884766,58.689998626708984,0.0,25575500,XOM,Exxon Mobil
2021-03-18,46.59101104736328,56.810001373291016,0.0,58.970001220703125,56.52000045776367,58.810001373291016,0.0,38622800,XOM,Exxon Mobil
2021-03-19,46.32857131958008,56.4900016784668,0.0,57.470001220703125,55.810001373291016,56.709999084472656,0.0,84439400,XOM,Exxon Mobil
2021-03-22,45.8528938293457,55.90999984741211,0.0,56.86000061035156,55.900001525878906,56.5,0.0,29315100,XOM,Exxon Mobil
2021-03-23,45.28701400756836,55.220001220703125,0.0,56.290000915527344,54.45000076293945,54.939998626708984,0.0,33493300,XOM,Exxon Mobil
2021-03-24,46.20554733276367,56.34000015258789,0.0,57.279998779296875,56.08000183105469,56.08000183105469,0.0,29781800,XOM,Exxon Mobil
2021-03-25,46.074337005615234,56.18000030517578,0.0,56.5,54.5,55.209999084472656,0.0,31495900,XOM,Exxon Mobil
2021-03-26,47.32911682128906,57.709999084472656,0.0,57.779998779296875,56.52000045776367,57.29999923706055,0.0,34226500,XOM,Exxon Mobil
2021-03-29,47.07487869262695,57.400001525878906,0.0,57.81999969482422,56.7400016784668,57.34000015258789,0.0,21144400,XOM,Exxon Mobil
2021-03-30,46.49258804321289,56.689998626708984,0.0,57.36000061035156,56.4900016784668,56.86000061035156,0.0,20303400,XOM,Exxon Mobil
2021-03-31,45.787288665771484,55.83000183105469,0.0,56.630001068115234,55.79999923706055,56.349998474121094,0.0,23686500,XOM,Exxon Mobil
2021-04-01,47.06667709350586,57.38999938964844,0.0,57.45000076293945,56.13999938964844,56.31999969482422,0.0,23194500,XOM,Exxon Mobil
2021-04-05,46.336769104003906,56.5,0.0,57.31999969482422,56.13999938964844,57.29999923706055,0.0,23264800,XOM,Exxon Mobil
2021-04-06,46.20554733276367,56.34000015258789,0.0,57.540000915527344,56.2599983215332,56.84000015258789,0.0,18926300,XOM,Exxon Mobil
2021-04-07,46.410579681396484,56.59000015258789,0.0,56.77000045776367,56.2400016784668,56.38999938964844,0.0,22385000,XOM,Exxon Mobil
2021-04-08,45.926719665527344,56.0,0.0,56.08000183105469,55.31999969482422,55.93000030517578,0.0,21999300,XOM,Exxon Mobil
2021-04-09,45.820098876953125,55.869998931884766,0.0,56.439998626708984,55.529998779296875,56.0,0.0,20020700,XOM,Exxon Mobil
2021-04-12,45.51664733886719,55.5,0.0,56.790000915527344,55.310001373291016,56.7599983215332,0.0,20238800,XOM,Exxon Mobil
2021-04-13,45.688880920410156,55.709999084472656,0.0,55.97999954223633,55.09000015258789,55.29999923706055,0.0,19370600,XOM,Exxon Mobil
2021-04-14,47.00927734375,57.31999969482422,0.0,58.0099983215332,56.25,56.40999984741211,0.0,28051100,XOM,Exxon Mobil
2021-04-15,46.73042297363281,56.97999954223633,0.0,57.41999816894531,56.779998779296875,57.41999816894531,0.0,23250300,XOM,Exxon Mobil
2021-04-16,46.46799087524414,56.65999984741211,0.0,57.68000030517578,56.439998626708984,57.36000061035156,0.0,22752000,XOM,Exxon Mobil
2021-04-19,46.320369720458984,56.47999954223633,0.0,57.13999938964844,55.959999084472656,56.75,0.0,21123300,XOM,Exxon Mobil
2021-04-20,45.34443283081055,55.290000915527344,0.0,56.470001220703125,54.779998779296875,56.470001220703125,0.0,21782100,XOM,Exxon Mobil
2021-04-21,45.926719665527344,56.0,0.0,56.130001068115234,54.29999923706055,54.5,0.0,16625600,XOM,Exxon Mobil
2021-04-22,45.32801818847656,55.27000045776367,0.0,55.9900016784668,55.02000045776367,55.9900016784668,0.0,21600100,XOM,Exxon Mobil
2021-04-23,45.574058532714844,55.56999969482422,0.0,55.939998626708984,55.18000030517578,55.27000045776367,0.0,15337900,XOM,Exxon Mobil
2021-04-26,45.664276123046875,55.68000030517578,0.0,56.290000915527344,55.439998626708984,55.470001220703125,0.0,16083800,XOM,Exxon Mobil
2021-04-27,46.26295471191406,56.40999984741211,0.0,56.630001068115234,55.810001373291016,56.0099983215332,0.0,19278600,XOM,Exxon Mobil
2021-04-28,47.657161712646484,58.11000061035156,0.0,58.459999084472656,56.790000915527344,56.90999984741211,0.0,24729800,XOM,Exxon Mobil
2021-04-29,48.337860107421875,58.939998626708984,0.0,59.47999954223633,58.150001525878906,58.91999816894531,0.0,27318400,XOM,Exxon Mobil
2021-04-30,46.94366455078125,57.2400016784668,0.0,58.88999938964844,57.15999984741211,58.33000183105469,0.0,30518400,XOM,Exxon Mobil
2021-05-03,48.23945236206055,58.81999969482422,0.0,58.9900016784668,57.7400016784668,57.97999954223633,0.0,20509600,XOM,Exxon Mobil
2021-05-04,48.54289245605469,59.189998626708984,0.0,59.5,58.5099983215332,59.0,0.0,23522200,XOM,Exxon Mobil
2021-05-05,50.00270462036133,60.970001220703125,0.0,61.04999923706055,59.400001525878906,59.77000045776367,0.0,31526200,XOM,Exxon Mobil
2021-05-06,50.47837448120117,61.54999923706055,0.0,61.63999938964844,60.029998779296875,60.86000061035156,0.0,26836800,XOM,Exxon Mobil
2021-05-07,51.20008087158203,62.43000030517578,0.0,62.470001220703125,60.849998474121094,61.06999969482422,0.0,33610600,XOM,Exxon Mobil
2021-05-10,51.323097229003906,62.58000183105469,0.0,64.0199966430664,62.529998779296875,63.2400016784668,0.0,31956600,XOM,Exxon Mobil
2021-05-11,49.691062927246094,60.59000015258789,0.0,62.38999938964844,60.38999938964844,61.630001068115234,0.0,34563800,XOM,Exxon Mobil
2021-05-12,49.95732498168945,60.040000915527344,0.87,61.68000030517578,59.75,60.0099983215332,0.0,34426500,XOM,Exxon Mobil
2021-05-13,49.34159469604492,59.29999923706055,0.0,60.45000076293945,58.75,59.0,0.0,24268200,XOM,Exxon Mobil
2021-05-14,50.56473159790039,60.77000045776367,0.0,60.880001068115234,59.93000030517578,59.93000030517578,0.0,20735400,XOM,Exxon Mobil
2021-05-17,51.74626159667969,62.189998626708984,0.0,62.25,60.43000030517578,60.540000915527344,0.0,25282500,XOM,Exxon Mobil
2021-05-18,50.281837463378906,60.43000030517578,0.0,62.29999923706055,60.400001525878906,62.0,0.0,25170800,XOM,Exxon Mobil
2021-05-19,49.0753288269043,58.97999954223633,0.0,59.86000061035156,58.41999816894531,59.099998474121094,0.0,28889800,XOM,Exxon Mobil
2021-05-20,48.95884704589844,58.84000015258789,0.0,59.150001525878906,58.2400016784668,58.95000076293945,0.0,20692500,XOM,Exxon Mobil
2021-05-21,49.0254020690918,58.91999816894531,0.0,59.83000183105469,58.849998474121094,59.41999816894531,0.0,20792700,XOM,Exxon Mobil
2021-05-24,49.59953689575195,59.61000061035156,0.0,59.79999923706055,58.689998626708984,59.08000183105469,0.0,18400300,XOM,Exxon Mobil
2021-05-25,48.47624206542969,58.2599983215332,0.0,59.540000915527344,58.119998931884766,59.5,0.0,25616100,XOM,Exxon Mobil
2021-05-26,49.042049407958984,58.939998626708984,0.0,59.119998931884766,57.900001525878906,58.25,0.0,21698700,XOM,Exxon Mobil
2021-05-27,48.725860595703125,58.560001373291016,0.0,59.70000076293945,58.02000045776367,59.22999954223633,0.0,33556000,XOM,Exxon Mobil
2021-05-28,48.56777572631836,58.369998931884766,0.0,58.79999923706055,58.11000061035156,58.72999954223633,0.0,19246800,XOM,Exxon Mobil
2021-06-01,50.306785583496094,60.459999084472656,0.0,60.70000076293945,59.45000076293945,59.45000076293945,0.0,28474200,XOM,Exxon Mobil
2021-06-02,50.706180572509766,60.939998626708984,0.0,61.310001373291016,60.16999816894531,60.75,0.0,22978300,XOM,Exxon Mobil
2021-06-03,50.905879974365234,61.18000030517578,0.0,61.40999984741211,60.349998474121094,60.54999923706055,0.0,20272800,XOM,Exxon Mobil
2021-06-04,51.13054275512695,61.45000076293945,0.0,61.70000076293945,60.779998779296875,61.459999084472656,0.0,20427800,XOM,Exxon Mobil
2021-06-07,50.79771041870117,61.04999923706055,0.0,61.72999954223633,61.02000045776367,61.33000183105469,0.0,15477900,XOM,Exxon Mobil
2021-06-08,51.69633865356445,62.130001068115234,0.0,62.47999954223633,60.66999816894531,61.5,0.0,28953400,XOM,Exxon Mobil
2021-06-09,52.1290168762207,62.650001525878906,0.0,63.41999816894531,62.189998626708984,62.66999816894531,0.0,29133000,XOM,Exxon Mobil
2021-06-10,52.21223068237305,62.75,0.0,63.97999954223633,62.25,63.61000061035156,0.0,27488700,XOM,Exxon Mobil
2021-06-11,51.72962188720703,62.16999816894531,0.0,63.189998626708984,62.13999938964844,63.0099983215332,0.0,17631700,XOM,Exxon Mobil
2021-06-14,51.64641571044922,62.06999969482422,0.0,62.779998779296875,61.56999969482422,62.29999923706055,0.0,16997200,XOM,Exxon Mobil
2021-06-15,53.52690124511719,64.33000183105469,0.0,64.4000015258789,62.349998474121094,62.47999954223633,0.0,30717100,XOM,Exxon Mobil
2021-06-16,53.33551788330078,64.0999984741211,0.0,64.80000305175781,63.560001373291016,64.31999969482422,0.0,24803200,XOM,Exxon Mobil
2021-06-17,51.57986068725586,61.9900016784668,0.0,64.45999908447266,61.27000045776367,63.86000061035156,0.0,28491800,XOM,Exxon Mobil
2021-06-18,50.25686264038086,60.400001525878906,0.0,61.54999923706055,60.2400016784668,61.0,0.0,39590700,XOM,Exxon Mobil
2021-06-21,52.079097747802734,62.59000015258789,0.0,62.70000076293945,60.900001525878906,60.93000030517578,0.0,33145400,XOM,Exxon Mobil
2021-06-22,53.077579498291016,63.790000915527344,0.0,64.01000213623047,62.22999954223633,62.849998474121094,0.0,25140400,XOM,Exxon Mobil
2021-06-23,53.46865463256836,64.26000213623047,0.0,64.69999694824219,63.58000183105469,64.05000305175781,0.0,20701600,XOM,Exxon Mobil
2021-06-24,53.68498229980469,64.5199966430664,0.0,64.55999755859375,63.810001373291016,64.1500015258789,0.0,19568400,XOM,Exxon Mobil
2021-06-25,53.801475524902344,64.66000366210938,0.0,64.93000030517578,64.36000061035156,64.61000061035156,0.0,18438300,XOM,Exxon Mobil
2021-06-28,52.428565979003906,63.0099983215332,0.0,64.55999755859375,62.75,64.55999755859375,0.0,20570000,XOM,Exxon Mobil
2021-06-29,52.104061126708984,62.619998931884766,0.0,63.77000045776367,62.59000015258789,63.209999084472656,0.0,19579300,XOM,Exxon Mobil
2021-06-30,52.48681640625,63.08000183105469,0.0,63.22999954223633,62.45000076293945,62.70000076293945,0.0,17875500,XOM,Exxon Mobil
2021-07-01,52.63657760620117,63.2599983215332,0.0,64.41999816894531,62.77000045776367,64.33000183105469,0.0,22530300,XOM,Exxon Mobil
2021-07-02,52.56169509887695,63.16999816894531,0.0,63.31999969482422,62.41999816894531,63.0099983215332,0.0,14555300,XOM,Exxon Mobil
2021-07-06,51.063968658447266,61.369998931884766,0.0,62.7599983215332,60.900001525878906,62.75,0.0,22110800,XOM,Exxon Mobil
2021-07-07,50.26519012451172,60.40999984741211,0.0,61.810001373291016,59.619998931884766,61.18000030517578,0.0,21671400,XOM,Exxon Mobil
2021-07-08,50.04053497314453,60.13999938964844,0.0,60.709999084472656,59.310001373291016,59.45000076293945,0.0,18935900,XOM,Exxon Mobil
2021-07-09,50.94747543334961,61.22999954223633,0.0,61.45000076293945,60.2400016784668,60.70000076293945,0.0,20086000,XOM,Exxon Mobil
2021-07-12,50.897560119628906,61.16999816894531,0.0,61.5,60.15999984741211,60.41999816894531,0.0,21809400,XOM,Exxon Mobil
2021-07-13,50.65625762939453,60.880001068115234,0.0,61.5099983215332,60.5099983215332,61.0,0.0,17147300,XOM,Exxon Mobil
2021-07-14,49.53296661376953,59.529998779296875,0.0,61.72999954223633,59.36000061035156,61.16999816894531,0.0,21573600,XOM,Exxon Mobil
2021-07-15,49.050376892089844,58.95000076293945,0.0,59.70000076293945,58.77000045776367,59.16999816894531,0.0,15851100,XOM,Exxon Mobil
2021-07-16,47.6941032409668,57.31999969482422,0.0,59.2599983215332,57.150001525878906,59.18000030517578,0.0,27049500,XOM,Exxon Mobil
2021-07-19,46.0549201965332,55.349998474121094,0.0,56.20000076293945,54.599998474121094,55.63999938964844,0.0,37969100,XOM,Exxon Mobil
2021-07-20,46.56248092651367,55.959999084472656,0.0,56.599998474121094,55.029998779296875,55.5,0.0,26756100,XOM,Exxon Mobil
2021-07-21,48.060203552246094,57.7599983215332,0.0,58.29999923706055,56.83000183105469,56.86000061035156,0.0,20908700,XOM,Exxon Mobil
2021-07-22,47.51936340332031,57.11000061035156,0.0,57.7400016784668,56.65999984741211,57.72999954223633,0.0,13493800,XOM,Exxon Mobil
2021-07-23,47.46112060546875,57.040000915527344,0.0,57.290000915527344,56.470001220703125,57.290000915527344,0.0,14088200,XOM,Exxon Mobil
2021-07-26,48.6592903137207,58.47999954223633,0.0,58.650001525878906,57.0,57.15999984741211,0.0,18387600,XOM,Exxon Mobil
2021-07-27,48.11845397949219,57.83000183105469,0.0,58.0099983215332,57.209999084472656,58.0099983215332,0.0,16861400,XOM,Exxon Mobil
2021-07-28,48.44296646118164,58.220001220703125,0.0,58.630001068115234,57.619998931884766,58.0,0.0,16855300,XOM,Exxon Mobil
2021-07-29,49.03373336791992,58.93000030517578,0.0,59.33000183105469,58.560001373291016,59.0,0.0,18607800,XOM,Exxon Mobil
2021-07-30,47.90211868286133,57.56999969482422,0.0,58.880001068115234,57.31999969482422,58.880001068115234,0.0,28652800,XOM,Exxon Mobil
2021-08-02,47.910438537597656,57.58000183105469,0.0,59.060001373291016,57.400001525878906,57.54999923706055,0.0,20873800,XOM,Exxon Mobil
2021-08-03,48.42631149291992,58.20000076293945,0.0,58.40999984741211,56.93000030517578,57.56999969482422,0.0,18208200,XOM,Exxon Mobil
2021-08-04,47.294708251953125,56.84000015258789,0.0,57.880001068115234,56.810001373291016,57.189998626708984,0.0,20868300,XOM,Exxon Mobil
2021-08-05,47.5942497253418,57.20000076293945,0.0,57.70000076293945,56.83000183105469,57.130001068115234,0.0,15180200,XOM,Exxon Mobil
2021-08-06,48.14341735839844,57.86000061035156,0.0,58.06999969482422,57.529998779296875,57.65999984741211,0.0,14888500,XOM,Exxon Mobil
2021-08-09,47.5942497253418,57.20000076293945,0.0,57.52000045776367,56.83000183105469,57.130001068115234,0.0,17828200,XOM,Exxon Mobil
2021-08-10,48.40967559814453,58.18000030517578,0.0,58.36000061035156,57.29999923706055,57.41999816894531,0.0,16340200,XOM,Exxon Mobil
2021-08-11,48.55113220214844,58.349998474121094,0.0,58.5,57.720001220703125,58.189998626708984,0.0,18278600,XOM,Exxon Mobil
2021-08-12,48.44133377075195,57.349998474121094,0.87,57.790000915527344,56.869998931884766,57.400001525878906,0.0,19225500,XOM,Exxon Mobil
2021-08-13,47.95142364501953,56.77000045776367,0.0,57.06999969482422,56.29999923706055,57.029998779296875,0.0,20063000,XOM,Exxon Mobil
2021-08-16,47.25035095214844,55.939998626708984,0.0,56.09000015258789,55.27000045776367,56.02000045776367,0.0,16959500,XOM,Exxon Mobil
2021-08-17,46.92938232421875,55.560001373291016,0.0,56.29999923706055,55.0,55.5,0.0,16243700,XOM,Exxon Mobil
2021-08-18,45.94112777709961,54.38999938964844,0.0,55.810001373291016,54.310001373291016,55.41999816894531,0.0,21890500,XOM,Exxon Mobil
2021-08-19,44.53899383544922,52.72999954223633,0.0,53.709999084472656,52.099998474121094,53.470001220703125,0.0,30923500,XOM,Exxon Mobil
2021-08-20,44.54743957519531,52.7400016784668,0.0,53.13999938964844,52.11000061035156,52.27000045776367,0.0,16918300,XOM,Exxon Mobil
2021-08-23,46.380348205566406,54.90999984741211,0.0,55.060001373291016,53.95000076293945,53.95000076293945,0.0,21632600,XOM,Exxon Mobil
2021-08-24,46.76044845581055,55.36000061035156,0.0,55.849998474121094,55.0099983215332,55.290000915527344,0.0,17915600,XOM,Exxon Mobil
2021-08-25,46.84491729736328,55.459999084472656,0.0,55.77000045776367,54.869998931884766,55.2400016784668,0.0,13270300,XOM,Exxon Mobil
2021-08-26,46.21141052246094,54.709999084472656,0.0,55.540000915527344,54.630001068115234,55.20000076293945,0.0,11842600,XOM,Exxon Mobil
2021-08-27,47.10676574707031,55.77000045776367,0.0,56.209999084472656,55.400001525878906,55.400001525878906,0.0,15822500,XOM,Exxon Mobil
2021-08-30,46.59151840209961,55.15999984741211,0.0,56.34000015258789,55.119998931884766,56.2400016784668,0.0,14086100,XOM,Exxon Mobil
2021-08-31,46.05093002319336,54.52000045776367,0.0,55.310001373291016,54.459999084472656,54.93000030517578,0.0,27104100,XOM,Exxon Mobil
2021-09-01,45.41743850708008,53.77000045776367,0.0,54.7599983215332,53.599998474121094,54.4900016784668,0.0,21644100,XOM,Exxon Mobil
2021-09-02,46.52394104003906,55.08000183105469,0.0,55.63999938964844,54.27000045776367,54.290000915527344,0.0,23293300,XOM,Exxon Mobil
2021-09-03,46.3465576171875,54.869998931884766,0.0,55.31999969482422,54.599998474121094,55.119998931884766,0.0,13840000,XOM,Exxon Mobil
2021-09-07,46.07626724243164,54.54999923706055,0.0,55.27000045776367,54.470001220703125,54.66999816894531,0.0,14354400,XOM,Exxon Mobil
2021-09-08,45.65393829345703,54.04999923706055,0.0,55.18000030517578,54.0099983215332,54.790000915527344,0.0,18756700,XOM,Exxon Mobil
2021-09-09,45.68772506713867,54.09000015258789,0.0,55.0,53.29999923706055,53.619998931884766,0.0,19110800,XOM,Exxon Mobil
2021-09-10,45.59481430053711,53.97999954223633,0.0,55.22999954223633,53.95000076293945,55.189998626708984,0.0,15123700,XOM,Exxon Mobil
2021-09-13,46.768890380859375,55.369998931884766,0.0,55.93000030517578,54.619998931884766,54.650001525878906,0.0,22052300,XOM,Exxon Mobil
2021-09-14,46.10161209106445,54.58000183105469,0.0,55.77000045776367,54.40999984741211,55.689998626708984,0.0,19940300,XOM,Exxon Mobil
2021-09-15,47.655792236328125,56.41999816894531,0.0,56.529998779296875,55.310001373291016,55.369998931884766,0.0,23240900,XOM,Exxon Mobil
2021-09-16,47.148990631103516,55.81999969482422,0.0,56.459999084472656,55.5,56.459999084472656,0.0,17907200,XOM,Exxon Mobil
2021-09-17,46.59151840209961,55.15999984741211,0.0,56.75,55.099998474121094,55.34000015258789,0.0,30000400,XOM,Exxon Mobil
2021-09-20,45.34986877441406,53.689998626708984,0.0,54.16999816894531,52.959999084472656,53.779998779296875,0.0,27555100,XOM,Exxon Mobil
2021-09-21,45.30763244628906,53.63999938964844,0.0,54.5099983215332,53.25,54.369998931884766,0.0,19696800,XOM,Exxon Mobil
2021-09-22,46.63374328613281,55.209999084472656,0.0,55.90999984741211,54.369998931884766,54.43000030517578,0.0,25690600,XOM,Exxon Mobil
2021-09-23,48.21326446533203,57.08000183105469,0.0,57.2400016784668,55.279998779296875,55.41999816894531,0.0,23069400,XOM,Exxon Mobil
2021-09-24,48.64404296875,57.59000015258789,0.0,57.81999969482422,56.68000030517578,56.70000076293945,0.0,22328600,XOM,Exxon Mobil
2021-09-27,50.088417053222656,59.29999923706055,0.0,59.79999923706055,58.81999969482422,58.849998474121094,0.0,32972200,XOM,Exxon Mobil
2021-09-28,50.61209487915039,59.91999816894531,0.0,60.47999954223633,59.5099983215332,59.900001525878906,0.0,37619300,XOM,Exxon Mobil
2021-09-29,50.578330993652344,59.880001068115234,0.0,60.189998626708984,59.04999923706055,59.84000015258789,0.0,23422800,XOM,Exxon Mobil
2021-09-30,49.68297576904297,58.81999969482422,0.0,60.16999816894531,58.810001373291016,60.119998931884766,0.0,31289600,XOM,Exxon Mobil
2021-10-01,51.46521759033203,60.93000030517578,0.0,60.9900016784668,59.40999984741211,59.40999984741211,0.0,24407300,XOM,Exxon Mobil
2021-10-04,52.13249588012695,61.720001220703125,0.0,62.06999969482422,60.95000076293945,61.31999969482422,0.0,33946700,XOM,Exxon Mobil
2021-10-05,52.048030853271484,61.619998931884766,0.0,62.70000076293945,61.02000045776367,62.52000045776367,0.0,29641600,XOM,Exxon Mobil
2021-10-06,51.09355926513672,60.4900016784668,0.0,61.119998931884766,59.75,60.470001220703125,0.0,25284900,XOM,Exxon Mobil
2021-10-07,51.237152099609375,60.65999984741211,0.0,61.08000183105469,60.13999938964844,60.61000061035156,0.0,19513600,XOM,Exxon Mobil
2021-10-08,52.52104568481445,62.18000030517578,0.0,62.41999816894531,61.25,61.25,0.0,22186900,XOM,Exxon Mobil
2021-10-11,51.997352600097656,61.560001373291016,0.0,63.060001373291016,61.5,63.029998779296875,0.0,22121500,XOM,Exxon Mobil
2021-10-12,51.72705841064453,61.2400016784668,0.0,61.97999954223633,60.849998474121094,61.56999969482422,0.0,20198600,XOM,Exxon Mobil
2021-10-13,51.58346176147461,61.06999969482422,0.0,61.38999938964844,60.209999084472656,60.779998779296875,0.0,14991700,XOM,Exxon Mobil
2021-10-14,52.36899948120117,62.0,0.0,62.220001220703125,61.16999816894531,61.709999084472656,0.0,18594500,XOM,Exxon Mobil
2021-10-15,52.86735534667969,62.59000015258789,0.0,63.06999969482422,62.439998626708984,62.72999954223633,0.0,16092600,XOM,Exxon Mobil
2021-10-18,52.84200668334961,62.560001373291016,0.0,63.13999938964844,62.27000045776367,63.09000015258789,0.0,18282800,XOM,Exxon Mobil
2021-10-19,53.635986328125,63.5,0.0,63.61000061035156,62.66999816894531,62.869998931884766,0.0,18933200,XOM,Exxon Mobil
2021-10-20,53.93162536621094,63.849998474121094,0.0,63.869998931884766,62.720001220703125,62.88999938964844,0.0,14305200,XOM,Exxon Mobil
2021-10-21,52.951820373535156,62.689998626708984,0.0,63.63999938964844,62.349998474121094,63.470001220703125,0.0,16564600,XOM,Exxon Mobil
2021-10-22,53.31501388549805,63.119998931884766,0.0,63.220001220703125,62.349998474121094,62.77000045776367,0.0,14266800,XOM,Exxon Mobil
2021-10-25,54.35395431518555,64.3499984741211,0.0,64.41999816894531,63.58000183105469,63.720001220703125,0.0,17939800,XOM,Exxon Mobil
2021-10-26,55.61249923706055,65.83999633789062,0.0,65.94000244140625,64.36000061035156,64.48999786376953,0.0,25585100,XOM,Exxon Mobil
2021-10-27,54.168121337890625,64.12999725341797,0.0,65.25,63.97999954223633,65.16000366210938,0.0,21764500,XOM,Exxon Mobil
2021-10-28,54.320167541503906,64.30999755859375,0.0,64.47000122070312,63.630001068115234,63.81999969482422,0.0,16626400,XOM,Exxon Mobil
2021-10-29,54.45531463623047,64.47000122070312,0.0,65.36000061035156,64.33000183105469,65.05000305175781,0.0,23966300,XOM,Exxon Mobil
2021-11-01,55.435115814208984,65.62999725341797,0.0,66.08000183105469,65.0199966430664,65.06999969482422,0.0,19656400,XOM,Exxon Mobil
2021-11-02,54.750946044921875,64.81999969482422,0.0,65.44999694824219,64.66000366210938,65.02999877929688,0.0,16300000,XOM,Exxon Mobil
2021-11-03,53.999202728271484,63.93000030517578,0.0,64.44999694824219,63.65999984741211,64.04000091552734,0.0,17372800,XOM,Exxon Mobil
2021-11-04,54.40463638305664,64.41000366210938,0.0,64.88999938964844,63.83000183105469,64.68000030517578,0.0,17720100,XOM,Exxon Mobil
2021-11-05,54.91987609863281,65.0199966430664,0.0,65.33000183105469,64.55999755859375,65.05000305175781,0.0,18565100,XOM,Exxon Mobil
2021-11-08,55.51114273071289,65.72000122070312,0.0,66.37999725341797,65.37999725341797,65.55000305175781,0.0,17696000,XOM,Exxon Mobil
2021-11-09,56.051719665527344,66.36000061035156,0.0,66.37000274658203,65.30999755859375,65.7699966430664,0.0,18781300,XOM,Exxon Mobil
2021-11-10,54.947471618652344,64.19000244140625,0.88,65.6500015258789,63.77000045776367,65.31999969482422,0.0,20177200,XOM,Exxon Mobil
2021-11-11,55.0501823425293,64.30999755859375,0.0,64.83000183105469,64.0199966430664,64.19000244140625,0.0,13319300,XOM,Exxon Mobil
2021-11-12,54.63074493408203,63.81999969482422,0.0,64.37000274658203,63.58000183105469,63.959999084472656,0.0,18158900,XOM,Exxon Mobil
2021-11-15,55.1015625,64.37000274658203,0.0,64.7699966430664,63.220001220703125,63.7599983215332,0.0,18849200,XOM,Exxon Mobil
2021-11-16,55.657955169677734,65.0199966430664,0.0,65.37000274658203,64.33999633789062,64.33999633789062,0.0,17028700,XOM,Exxon Mobil
2021-11-17,55.0501823425293,64.30999755859375,0.0,65.23999786376953,64.18000030517578,64.37999725341797,0.0,15497000,XOM,Exxon Mobil
2021-11-18,54.45096969604492,63.61000061035156,0.0,64.52999877929688,63.11000061035156,64.16000366210938,0.0,16948200,XOM,Exxon Mobil
2021-11-19,51.934303283691406,60.66999816894531,0.0,62.029998779296875,60.40999984741211,61.88999938964844,0.0,32035500,XOM,Exxon Mobil
2021-11-22,52.65335464477539,61.5099983215332,0.0,62.540000915527344,60.31999969482422,60.31999969482422,0.0,21994400,XOM,Exxon Mobil
2021-11-23,54.040096282958984,63.130001068115234,0.0,63.380001068115234,61.91999816894531,62.189998626708984,0.0,21185900,XOM,Exxon Mobil
2021-11-24,54.339691162109375,63.47999954223633,0.0,63.849998474121094,62.58000183105469,62.58000183105469,0.0,15869700,XOM,Exxon Mobil
2021-11-26,52.430789947509766,61.25,0.0,61.41999816894531,59.540000915527344,60.52000045776367,0.0,24979600,XOM,Exxon Mobil
2021-11-29,52.72183609008789,61.59000015258789,0.0,63.13999938964844,61.290000915527344,62.56999969482422,0.0,18946400,XOM,Exxon Mobil
2021-11-30,51.22380828857422,59.84000015258789,0.0,61.189998626708984,59.65999984741211,60.459999084472656,0.0,34979800,XOM,Exxon Mobil
2021-12-01,51.18101119995117,59.790000915527344,0.0,62.029998779296875,59.75,60.900001525878906,0.0,30630600,XOM,Exxon Mobil
2021-12-02,52.45646286010742,61.279998779296875,0.0,61.58000183105469,59.13999938964844,59.7400016784668,0.0,29216000,XOM,Exxon Mobil
2021-12-03,52.12263107299805,60.88999938964844,0.0,62.22999954223633,60.349998474121094,61.91999816894531,0.0,22014700,XOM,Exxon Mobil
2021-12-06,52.71327590942383,61.58000183105469,0.0,62.15999984741211,61.41999816894531,61.720001220703125,0.0,19210500,XOM,Exxon Mobil
2021-12-07,53.303932189941406,62.27000045776367,0.0,63.029998779296875,62.099998474121094,62.34000015258789,0.0,19800400,XOM,Exxon Mobil
2021-12-08,53.458003997802734,62.45000076293945,0.0,63.189998626708984,62.34000015258789,62.61000061035156,0.0,18214400,XOM,Exxon Mobil
2021-12-09,53.594966888427734,62.61000061035156,0.0,62.77000045776367,61.810001373291016,62.04999923706055,0.0,16910300,XOM,Exxon Mobil
2021-12-10,53.9373779296875,63.0099983215332,0.0,63.349998474121094,62.22999954223633,63.27000045776367,0.0,17942400,XOM,Exxon Mobil
2021-12-13,52.756065368652344,61.630001068115234,0.0,62.720001220703125,61.349998474121094,62.470001220703125,0.0,17793700,XOM,Exxon Mobil
2021-12-14,52.67902374267578,61.540000915527344,0.0,62.470001220703125,61.220001220703125,61.2599983215332,0.0,22551100,XOM,Exxon Mobil
2021-12-15,52.447914123535156,61.27000045776367,0.0,61.5,60.0099983215332,61.189998626708984,0.0,19961900,XOM,Exxon Mobil
2021-12-16,52.533512115478516,61.369998931884766,0.0,62.45000076293945,61.29999923706055,61.439998626708984,0.0,21187800,XOM,Exxon Mobil
2021-12-17,51.38645553588867,60.029998779296875,0.0,61.279998779296875,59.689998626708984,60.95000076293945,0.0,44338100,XOM,Exxon Mobil
2021-12-20,50.641727447509766,59.15999984741211,0.0,59.25,57.959999084472656,58.790000915527344,0.0,21819300,XOM,Exxon Mobil
2021-12-21,51.78878402709961,60.5,0.0,60.68000030517578,59.720001220703125,59.75,0.0,19798900,XOM,Exxon Mobil
2021-12-22,52.20822525024414,60.9900016784668,0.0,61.369998931884766,59.970001220703125,60.34000015258789,0.0,14058300,XOM,Exxon Mobil
2021-12-23,52.23390579223633,61.02000045776367,0.0,61.84000015258789,61.0,61.16999816894531,0.0,13543300,XOM,Exxon Mobil
2021-12-27,52.978633880615234,61.88999938964844,0.0,61.95000076293945,60.41999816894531,60.93000030517578,0.0,12593700,XOM,Exxon Mobil
2021-12-28,52.807430267333984,61.689998626708984,0.0,62.310001373291016,61.400001525878906,61.90999984741211,0.0,12781000,XOM,Exxon Mobil
2021-12-29,52.34518814086914,61.150001525878906,0.0,61.599998474121094,60.91999816894531,61.47999954223633,0.0,12733600,XOM,Exxon Mobil
2021-12-30,52.037017822265625,60.790000915527344,0.0,61.599998474121094,60.77000045776367,61.220001220703125,0.0,11940300,XOM,Exxon Mobil
2021-12-31,52.379425048828125,61.189998626708984,0.0,61.470001220703125,60.70000076293945,60.7400016784668,0.0,14072000,XOM,Exxon Mobil
2022-01-03,54.39106369018555,63.540000915527344,0.0,63.599998474121094,61.209999084472656,61.2400016784668,0.0,24282400,XOM,Exxon Mobil
2022-01-04,56.436927795410156,65.93000030517578,0.0,66.19000244140625,64.0999984741211,64.12999725341797,0.0,38584000,XOM,Exxon Mobil
2022-01-05,57.138858795166016,66.75,0.0,67.61000061035156,66.4800033569336,66.5,0.0,34033300,XOM,Exxon Mobil
2022-01-06,58.48281478881836,68.31999969482422,0.0,68.4800033569336,67.06999969482422,68.0,0.0,30668500,XOM,Exxon Mobil
2022-01-07,58.962158203125,68.87999725341797,0.0,69.18000030517578,67.9800033569336,68.5199966430664,0.0,23985400,XOM,Exxon Mobil
2022-01-10,58.6112060546875,68.47000122070312,0.0,69.16999816894531,67.94999694824219,68.97000122070312,0.0,22760300,XOM,Exxon Mobil
2022-01-11,61.07651138305664,71.3499984741211,0.0,71.4000015258789,68.58000183105469,68.88999938964844,0.0,32936100,XOM,Exxon Mobil
2022-01-12,60.896766662597656,71.13999938964844,0.0,71.80999755859375,70.63999938964844,71.13999938964844,0.0,23045100,XOM,Exxon Mobil
2022-01-13,60.460201263427734,70.62999725341797,0.0,71.58000183105469,70.30999755859375,71.12000274658203,0.0,21043200,XOM,Exxon Mobil
2022-01-14,61.52164840698242,71.87000274658203,0.0,72.1500015258789,70.5999984741211,70.6500015258789,0.0,23012900,XOM,Exxon Mobil
2022-01-18,62.557411193847656,73.08000183105469,0.0,73.87999725341797,72.01000213623047,72.81999969482422,0.0,32841200,XOM,Exxon Mobil
2022-01-19,62.583099365234375,73.11000061035156,0.0,73.86000061035156,72.55000305175781,73.75,0.0,26431600,XOM,Exxon Mobil
2022-01-20,62.72005844116211,73.2699966430664,0.0,74.37000274658203,72.26000213623047,72.5,0.0,26774600,XOM,Exxon Mobil
2022-01-21,61.77846145629883,72.16999816894531,0.0,73.18000030517578,71.04000091552734,73.18000030517578,0.0,35995200,XOM,Exxon Mobil
2022-01-24,62.30916976928711,72.79000091552734,0.0,73.08000183105469,69.80999755859375,70.87999725341797,0.0,41507000,XOM,Exxon Mobil
2022-01-25,64.14105224609375,74.93000030517578,0.0,75.23999786376953,71.38999938964844,72.58999633789062,0.0,39278400,XOM,Exxon Mobil
2022-01-26,63.490474700927734,74.16999816894531,0.0,76.0,73.48999786376953,75.43000030517578,0.0,35252400,XOM,Exxon Mobil
2022-01-27,64.30370330810547,75.12000274658203,0.0,76.01000213623047,73.98999786376953,75.45999908447266,0.0,29174700,XOM,Exxon Mobil
2022-01-28,64.4406509399414,75.27999877929688,0.0,75.62000274658203,73.94999694824219,74.97000122070312,0.0,30595700,XOM,Exxon Mobil
2022-01-31,65.02273559570312,75.95999908447266,0.0,76.41999816894531,74.2699966430664,74.97000122070312,0.0,36085500,XOM,Exxon Mobil
2022-02-01,69.19152069091797,80.83000183105469,0.0,81.51000213623047,76.2699966430664,76.44999694824219,0.0,61033100,XOM,Exxon Mobil
2022-02-02,69.01177215576172,80.62000274658203,0.0,80.80999755859375,79.1500015258789,80.05999755859375,0.0,30299300,XOM,Exxon Mobil
2022-02-03,68.20711517333984,79.68000030517578,0.0,80.30999755859375,79.0199966430664,80.08999633789062,0.0,28529400,XOM,Exxon Mobil
2022-02-04,69.6880111694336,81.41000366210938,0.0,82.52999877929688,80.87000274658203,80.87000274658203,0.0,32197500,XOM,Exxon Mobil
2022-02-07,70.52690124511719,82.38999938964844,0.0,83.08000183105469,80.63999938964844,81.13999938964844,0.0,34949200,XOM,Exxon Mobil
2022-02-08,68.7035903930664,80.26000213623047,0.0,82.5,79.91999816894531,82.2699966430664,0.0,34356300,XOM,Exxon Mobil
2022-02-09,68.37470245361328,79.0,0.88,80.02999877929688,78.70999908447266,79.58000183105469,0.0,40106100,XOM,Exxon Mobil
2022-02-10,67.7169189453125,78.23999786376953,0.0,79.68000030517578,77.79000091552734,78.72000122070312,0.0,28527700,XOM,Exxon Mobil
2022-02-11,69.42195892333984,80.20999908447266,0.0,80.31999969482422,78.2300033569336,78.62000274658203,0.0,42002100,XOM,Exxon Mobil
2022-02-14,68.35741424560547,78.9800033569336,0.0,79.83999633789062,77.05000305175781,79.58000183105469,0.0,34652800,XOM,Exxon Mobil
2022-02-15,67.50055694580078,77.98999786376953,0.0,78.19000244140625,76.41999816894531,76.9000015258789,0.0,25075100,XOM,Exxon Mobil
2022-02-16,67.81214141845703,78.3499984741211,0.0,79.7300033569336,78.04000091552734,78.79000091552734,0.0,21733800,XOM,Exxon Mobil
2022-02-17,67.70826721191406,78.2300033569336,0.0,79.12000274658203,77.94999694824219,78.4800033569336,0.0,23738800,XOM,Exxon Mobil
2022-02-18,66.95527648925781,77.36000061035156,0.0,78.16999816894531,76.88999938964844,77.16000366210938,0.0,23394800,XOM,Exxon Mobil
2022-02-22,66.17634582519531,76.45999908447266,0.0,79.79000091552734,75.30999755859375,79.66999816894531,0.0,35947800,XOM,Exxon Mobil
2022-02-23,66.44463348388672,76.7699966430664,0.0,77.47000122070312,76.12999725341797,76.45999908447266,0.0,25385000,XOM,Exxon Mobil
2022-02-24,65.6051025390625,75.80000305175781,0.0,79.02999877929688,74.02999877929688,79.0,0.0,46199900,XOM,Exxon Mobil
2022-02-25,67.37073516845703,77.83999633789062,0.0,77.98999786376953,76.26000213623047,76.69000244140625,0.0,28310300,XOM,Exxon Mobil
2022-02-28,67.87271118164062,78.41999816894531,0.0,78.93000030517578,76.19999694824219,76.51000213623047,0.0,32204600,XOM,Exxon Mobil
2022-03-01,68.52183532714844,79.16999816894531,0.0,80.6500015258789,78.33000183105469,78.7699966430664,0.0,40002300,XOM,Exxon Mobil
2022-03-02,69.69892883300781,80.52999877929688,0.0,82.1500015258789,79.81999969482422,80.5999984741211,0.0,44321400,XOM,Exxon Mobil
2022-03-03,70.14032745361328,81.04000091552734,0.0,81.7699966430664,79.62999725341797,79.86000061035156,0.0,30196600,XOM,Exxon Mobil
2022-03-04,72.78011322021484,84.08999633789062,0.0,84.27999877929688,80.66000366210938,81.05000305175781,0.0,42802200,XOM,Exxon Mobil
2022-03-07,75.402587890625,87.12000274658203,0.0,87.2300033569336,83.9000015258789,84.91999816894531,0.0,55207900,XOM,Exxon Mobil
2022-03-08,75.97381591796875,87.77999877929688,0.0,91.51000213623047,85.43000030517578,89.05000305175781,0.0,72082300,XOM,Exxon Mobil
2022-03-09,71.65495300292969,82.79000091552734,0.0,86.56999969482422,81.5999984741211,84.02999877929688,0.0,65466700,XOM,Exxon Mobil
2022-03-10,73.87931823730469,85.36000061035156,0.0,85.68000030517578,82.9000015258789,84.01000213623047,0.0,44644200,XOM,Exxon Mobil
2022-03-11,73.49846649169922,84.91999816894531,0.0,86.2300033569336,83.97000122070312,84.06999969482422,0.0,35303400,XOM,Exxon Mobil
2022-03-14,70.86734771728516,81.87999725341797,0.0,83.44999694824219,80.5,83.05999755859375,0.0,37462600,XOM,Exxon Mobil
2022-03-15,66.83411407470703,77.22000122070312,0.0,79.16999816894531,76.37000274658203,78.81999969482422,0.0,47957900,XOM,Exxon Mobil
2022-03-16,66.58313751220703,76.93000030517578,0.0,78.62000274658203,76.25,77.80999755859375,0.0,37812300,XOM,Exxon Mobil
2022-03-17,68.35741424560547,78.9800033569336,0.0,79.1500015258789,77.06999969482422,78.18000030517578,0.0,34041900,XOM,Exxon Mobil
2022-03-18,68.0890884399414,78.66999816894531,0.0,79.38999938964844,78.0999984741211,79.05999755859375,0.0,41461500,XOM,Exxon Mobil
2022-03-21,71.1443099975586,82.19999694824219,0.0,82.5199966430664,79.73999786376953,80.12000274658203,0.0,33089300,XOM,Exxon Mobil
2022-03-22,70.83273315429688,81.83999633789062,0.0,82.19999694824219,80.79000091552734,81.62999725341797,0.0,23132200,XOM,Exxon Mobil
2022-03-23,71.94922637939453,83.12999725341797,0.0,84.2699966430664,83.05000305175781,83.33999633789062,0.0,27716300,XOM,Exxon Mobil
2022-03-24,72.16560363769531,83.37999725341797,0.0,84.6500015258789,82.75,83.45999908447266,0.0,19871600,XOM,Exxon Mobil
2022-03-25,73.74080657958984,85.19999694824219,0.0,85.48999786376953,82.79000091552734,82.91999816894531,0.0,22398300,XOM,Exxon Mobil
2022-03-28,71.67227172851562,82.80999755859375,0.0,83.30999755859375,82.0199966430664,83.16999816894531,0.0,21552400,XOM,Exxon Mobil
2022-03-29,71.29144287109375,82.37000274658203,0.0,82.48999786376953,79.76000213623047,80.80999755859375,0.0,27036300,XOM,Exxon Mobil
2022-03-30,72.51180267333984,83.77999877929688,0.0,84.01000213623047,82.70999908447266,83.05999755859375,0.0,22079000,XOM,Exxon Mobil
2022-03-31,71.48186492919922,82.58999633789062,0.0,84.4000015258789,82.55000305175781,82.87000274658203,0.0,27861500,XOM,Exxon Mobil
2022-04-01,71.94058227539062,83.12000274658203,0.0,84.13999938964844,81.98999786376953,81.98999786376953,0.0,18671100,XOM,Exxon Mobil
2022-04-04,71.97518920898438,83.16000366210938,0.0,83.66000366210938,82.05000305175781,83.55999755859375,0.0,20869400,XOM,Exxon Mobil
2022-04-05,71.60303497314453,82.7300033569336,0.0,85.06999969482422,82.55999755859375,83.5,0.0,21753100,XOM,Exxon Mobil
2022-04-06,72.39928436279297,83.6500015258789,0.0,84.69999694824219,82.94000244140625,83.41999816894531,0.0,24768200,XOM,Exxon Mobil
2022-04-07,73.61100006103516,85.05000305175781,0.0,85.44000244140625,82.70999908447266,83.83000183105469,0.0,26122000,XOM,Exxon Mobil
2022-04-08,75.16024780273438,86.83999633789062,0.0,87.20999908447266,85.16999816894531,85.16999816894531,0.0,24866500,XOM,Exxon Mobil
2022-04-11,72.5724105834961,83.8499984741211,0.0,85.93000030517578,83.5,85.77999877929688,0.0,21800100,XOM,Exxon Mobil
2022-04-12,74.08700561523438,85.5999984741211,0.0,86.81999969482422,85.37999725341797,85.70999908447266,0.0,22444200,XOM,Exxon Mobil
2022-04-13,75.13427734375,86.80999755859375,0.0,87.11000061035156,85.19000244140625,86.61000061035156,0.0,19306800,XOM,Exxon Mobil
2022-04-14,76.01709747314453,87.83000183105469,0.0,88.45999908447266,86.2300033569336,86.66999816894531,0.0,24566400,XOM,Exxon Mobil
2022-04-18,76.64025115966797,88.55000305175781,0.0,88.88999938964844,87.75,88.5,0.0,19032300,XOM,Exxon Mobil
2022-04-19,75.95648193359375,87.76000213623047,0.0,88.66000366210938,87.2699966430664,88.01000213623047,0.0,20382600,XOM,Exxon Mobil
2022-04-20,76.12960815429688,87.95999908447266,0.0,88.5,87.30000305175781,87.97000122070312,0.0,20689400,XOM,Exxon Mobil
2022-04-21,75.32469177246094,87.02999877929688,0.0,89.80000305175781,86.79000091552734,88.94999694824219,0.0,29010900,XOM,Exxon Mobil
2022-04-22,73.68022918701172,85.12999725341797,0.0,88.12000274658203,85.0,86.66000366210938,0.0,23591600,XOM,Exxon Mobil
2022-04-25,71.19624328613281,82.26000213623047,0.0,82.66000366210938,79.29000091552734,82.37000274658203,0.0,37698300,XOM,Exxon Mobil
2022-04-26,71.22220611572266,82.29000091552734,0.0,84.72000122070312,82.18000030517578,82.7300033569336,0.0,28941500,XOM,Exxon Mobil
2022-04-27,73.25614166259766,84.63999938964844,0.0,85.4800033569336,82.27999877929688,83.38999938964844,0.0,32773000,XOM,Exxon Mobil
2022-04-28,75.4718246459961,87.19999694824219,0.0,88.13999938964844,84.06999969482422,84.87999725341797,0.0,33683800,XOM,Exxon Mobil
2022-04-29,73.78411865234375,85.25,0.0,88.13999938964844,84.69999694824219,88.13999938964844,0.0,34656500,XOM,Exxon Mobil
2022-05-02,74.78807067871094,86.41000366210938,0.0,87.04000091552734,84.62999725341797,85.01000213623047,0.0,36335200,XOM,Exxon Mobil
2022-05-03,76.32868957519531,88.19000244140625,0.0,88.77999877929688,86.12000274658203,86.26000213623047,0.0,33908100,XOM,Exxon Mobil
2022-05-04,79.36659240722656,91.69999694824219,0.0,91.87999725341797,88.91000366210938,89.5,0.0,46188400,XOM,Exxon Mobil
2022-05-05,78.16354370117188,90.30999755859375,0.0,92.05000305175781,88.38999938964844,92.04000091552734,0.0,41013400,XOM,Exxon Mobil
2022-05-06,79.35794067382812,91.69000244140625,0.0,91.81999969482422,89.3499984741211,90.9800033569336,0.0,29619300,XOM,Exxon Mobil
2022-05-09,73.10033416748047,84.45999908447266,0.0,89.55999755859375,84.0199966430664,89.44000244140625,0.0,45851600,XOM,Exxon Mobil
2022-05-10,73.58502960205078,85.0199966430664,0.0,86.88999938964844,83.5199966430664,85.63999938964844,0.0,34483200,XOM,Exxon Mobil
2022-05-11,75.11695861816406,86.79000091552734,0.0,88.94000244140625,86.27999877929688,86.43000030517578,0.0,33020600,XOM,Exxon Mobil
2022-05-12,75.45797729492188,86.30000305175781,0.88,86.37999725341797,83.4000015258789,85.94999694824219,0.0,29491500,XOM,Exxon Mobil
2022-05-13,77.69635009765625,88.86000061035156,0.0,88.94999694824219,86.3499984741211,87.36000061035156,0.0,25798400,XOM,Exxon Mobil
2022-05-16,79.5237808227539,90.94999694824219,0.0,91.9800033569336,88.97000122070312,88.9800033569336,0.0,26101200,XOM,Exxon Mobil
2022-05-17,80.53805541992188,92.11000061035156,0.0,92.44999694824219,91.12000274658203,91.7300033569336,0.0,23120700,XOM,Exxon Mobil
2022-05-18,79.26148223876953,90.6500015258789,0.0,92.91999816894531,89.83000183105469,92.51000213623047,0.0,25451200,XOM,Exxon Mobil
2022-05-19,79.68991088867188,91.13999938964844,0.0,92.30000305175781,89.0,89.0,0.0,24387400,XOM,Exxon Mobil
2022-05-20,80.31945037841797,91.86000061035156,0.0,93.58999633789062,90.4000015258789,91.93000030517578,0.0,28795000,XOM,Exxon Mobil
2022-05-23,82.09442138671875,93.88999938964844,0.0,94.7699966430664,92.55000305175781,92.66000366210938,0.0,27239300,XOM,Exxon Mobil
2022-05-24,82.54037475585938,94.4000015258789,0.0,94.79000091552734,92.31999969482422,92.81999969482422,0.0,24293300,XOM,Exxon Mobil
2022-05-25,84.20164489746094,96.30000305175781,0.0,96.52999877929688,94.47000122070312,94.58000183105469,0.0,29947800,XOM,Exxon Mobil
2022-05-26,84.49895477294922,96.63999938964844,0.0,97.43000030517578,96.19999694824219,96.5999984741211,0.0,24314800,XOM,Exxon Mobil
2022-05-27,85.32959747314453,97.58999633789062,0.0,97.93000030517578,95.30000305175781,95.94999694824219,0.0,25588800,XOM,Exxon Mobil
2022-05-31,83.93934631347656,96.0,0.0,99.77999877929688,95.70999908447266,98.55999755859375,0.0,44888100,XOM,Exxon Mobil
2022-06-01,85.5481948852539,97.83999633789062,0.0,98.70999908447266,96.62000274658203,97.0199966430664,0.0,25815400,XOM,Exxon Mobil
2022-06-02,85.39954376220703,97.66999816894531,0.0,98.0999984741211,96.79000091552734,97.29000091552734,0.0,19089100,XOM,Exxon Mobil
2022-06-03,86.6411361694336,99.08999633789062,0.0,99.66000366210938,97.9000015258789,97.9000015258789,0.0,21038200,XOM,Exxon Mobil
2022-06-06,86.42254638671875,98.83999633789062,0.0,99.77999877929688,98.66999816894531,99.18000030517578,0.0,20682100,XOM,Exxon Mobil
2022-06-07,90.38343048095703,103.37000274658203,0.0,103.43000030517578,99.48999786376953,99.69999694824219,0.0,37810200,XOM,Exxon Mobil
2022-06-08,91.4501724243164,104.58999633789062,0.0,105.56999969482422,102.9800033569336,103.48999786376953,0.0,31613200,XOM,Exxon Mobil
2022-06-09,89.4740982055664,102.33000183105469,0.0,104.56999969482422,102.16000366210938,103.41999816894531,0.0,26607000,XOM,Exxon Mobil
2022-06-10,87.8390121459961,100.45999908447266,0.0,103.3499984741211,99.79000091552734,101.94000244140625,0.0,30950500,XOM,Exxon Mobil
2022-06-13,83.80818939208984,95.8499984741211,0.0,97.7699966430664,93.91999816894531,97.5199966430664,0.0,33421000,XOM,Exxon Mobil
2022-06-14,84.02677917480469,96.0999984741211,0.0,98.66999816894531,95.2699966430664,97.41000366210938,0.0,31264000,XOM,Exxon Mobil
2022-06-15,82.96878051757812,94.88999938964844,0.0,96.56999969482422,93.2699966430664,95.98999786376953,0.0,29620800,XOM,Exxon Mobil
2022-06-16,79.90850067138672,91.38999938964844,0.0,93.12999725341797,90.27999877929688,92.41000366210938,0.0,35696700,XOM,Exxon Mobil
2022-06-17,75.30061340332031,86.12000274658203,0.0,91.3499984741211,85.66000366210938,90.95999908447266,0.0,64610200,XOM,Exxon Mobil
2022-06-21,79.98721313476562,91.4800033569336,0.0,92.52999877929688,88.5199966430664,88.58000183105469,0.0,35951500,XOM,Exxon Mobil
2022-06-22,76.82197570800781,87.86000061035156,0.0,89.76000213623047,87.52999877929688,87.54000091552734,0.0,29727200,XOM,Exxon Mobil
2022-06-23,74.50491333007812,85.20999908447266,0.0,89.05000305175781,83.5199966430664,88.66000366210938,0.0,35757200,XOM,Exxon Mobil
2022-06-24,75.98259735107422,86.9000015258789,0.0,88.4000015258789,85.80999755859375,86.94999694824219,0.0,26639000,XOM,Exxon Mobil
2022-06-27,77.8449935913086,89.02999877929688,0.0,90.04000091552734,87.66999816894531,87.80999755859375,0.0,25478700,XOM,Exxon Mobil
2022-06-28,80.00469207763672,91.5,0.0,93.23999786376953,90.3499984741211,91.12000274658203,0.0,33096900,XOM,Exxon Mobil
2022-06-29,77.04932403564453,88.12000274658203,0.0,93.19999694824219,87.76000213623047,92.9800033569336,0.0,25400900,XOM,Exxon Mobil
2022-06-30,74.88088989257812,85.63999938964844,0.0,87.5999984741211,84.66999816894531,86.13999938964844,0.0,39948100,XOM,Exxon Mobil
2022-07-01,76.55093383789062,87.55000305175781,0.0,87.87999725341797,84.70999908447266,86.73999786376953,0.0,26327900,XOM,Exxon Mobil
2022-07-05,74.15515899658203,84.80999755859375,0.0,86.69999694824219,83.01000213623047,86.33999633789062,0.0,34591100,XOM,Exxon Mobil
2022-07-06,72.8173828125,83.27999877929688,0.0,85.2300033569336,81.01000213623047,83.76000213623047,0.0,33375700,XOM,Exxon Mobil
2022-07-07,75.1432113647461,85.94000244140625,0.0,86.76000213623047,85.30000305175781,85.37999725341797,0.0,23817400,XOM,Exxon Mobil
2022-07-08,75.26563262939453,86.08000183105469,0.0,87.30000305175781,84.93000030517578,86.94999694824219,0.0,17673800,XOM,Exxon Mobil
2022-07-11,74.88088989257812,85.63999938964844,0.0,86.12000274658203,84.36000061035156,85.16999816894531,0.0,15603800,XOM,Exxon Mobil
2022-07-12,73.88410949707031,84.5,0.0,85.05000305175781,82.86000061035156,83.77999877929688,0.0,21013000,XOM,Exxon Mobil
2022-07-13,74.18138885498047,84.83999633789062,0.0,86.30999755859375,83.30000305175781,83.37999725341797,0.0,19928600,XOM,Exxon Mobil
2022-07-14,72.69497680664062,83.13999938964844,0.0,83.30999755859375,80.69000244140625,81.8499984741211,0.0,26343000,XOM,Exxon Mobil
2022-07-15,73.91908264160156,84.54000091552734,0.0,84.87999725341797,82.9000015258789,84.80000305175781,0.0,17243700,XOM,Exxon Mobil
2022-07-18,75.28308868408203,86.0999984741211,0.0,87.94000244140625,85.75,86.58000183105469,0.0,19395800,XOM,Exxon Mobil
2022-07-19,77.18048095703125,88.2699966430664,0.0,88.5199966430664,86.25,86.41999816894531,0.0,18248900,XOM,Exxon Mobil
2022-07-20,78.02860260009766,89.23999786376953,0.0,89.6500015258789,87.25,87.58000183105469,0.0,16584400,XOM,Exxon Mobil
2022-07-21,76.7258071899414,87.75,0.0,87.80000305175781,85.20999908447266,86.93000030517578,0.0,21375700,XOM,Exxon Mobil
2022-07-22,76.13998413085938,87.08000183105469,0.0,88.47000122070312,86.62999725341797,87.55000305175781,0.0,15479500,XOM,Exxon Mobil
2022-07-25,78.6756591796875,89.9800033569336,0.0,90.12999725341797,87.41999816894531,88.16000366210938,0.0,17536400,XOM,Exxon Mobil
2022-07-26,78.36962127685547,89.62999725341797,0.0,91.27999877929688,89.0,91.12999725341797,0.0,15141200,XOM,Exxon Mobil
2022-07-27,80.0658950805664,91.56999969482422,0.0,92.0,89.4000015258789,90.27999877929688,0.0,18047000,XOM,Exxon Mobil
2022-07-28,81.00147247314453,92.63999938964844,0.0,93.25,91.01000213623047,92.18000030517578,0.0,20353100,XOM,Exxon Mobil
2022-07-29,84.75250244140625,96.93000030517578,0.0,97.5199966430664,94.0999984741211,94.44999694824219,0.0,29825800,XOM,Exxon Mobil
2022-08-01,82.61030578613281,94.4800033569336,0.0,95.3499984741211,93.2300033569336,94.79000091552734,0.0,20793200,XOM,Exxon Mobil
2022-08-02,82.25180053710938,94.06999969482422,0.0,95.19999694824219,93.81999969482422,94.69000244140625,0.0,16722500,XOM,Exxon Mobil
2022-08-03,79.5849838256836,91.0199966430664,0.0,94.41999816894531,90.79000091552734,94.41999816894531,0.0,23580800,XOM,Exxon Mobil
2022-08-04,76.23617553710938,87.19000244140625,0.0,90.33999633789062,86.43000030517578,90.30999755859375,0.0,31821500,XOM,Exxon Mobil
2022-08-05,77.33786010742188,88.44999694824219,0.0,89.69000244140625,86.27999877929688,86.36000061035156,0.0,17408000,XOM,Exxon Mobil
2022-08-08,77.77503967285156,88.94999694824219,0.0,89.5999984741211,88.22000122070312,88.61000061035156,0.0,14458500,XOM,Exxon Mobil
2022-08-09,79.20901489257812,90.58999633789062,0.0,91.61000061035156,89.94999694824219,90.05000305175781,0.0,19083400,XOM,Exxon Mobil
2022-08-10,79.96095275878906,91.44999694824219,0.0,91.79000091552734,89.19000244140625,90.68000030517578,0.0,18302000,XOM,Exxon Mobil
2022-08-11,82.27407836914062,93.19000244140625,0.88,94.30000305175781,91.44000244140625,91.83999633789062,0.0,18797900,XOM,Exxon Mobil
2022-08-12,82.98918151855469,94.0,0.0,94.0199966430664,92.11000061035156,92.4800033569336,0.0,15058200,XOM,Exxon Mobil
2022-08-15,81.5059814453125,92.31999969482422,0.0,92.7300033569336,89.66000366210938,90.52999877929688,0.0,20755200,XOM,Exxon Mobil
2022-08-16,80.74671936035156,91.45999908447266,0.0,92.88999938964844,91.29000091552734,92.02999877929688,0.0,14038200,XOM,Exxon Mobil
2022-08-17,81.40000915527344,92.19999694824219,0.0,93.20999908447266,90.91999816894531,91.2699966430664,0.0,13678000,XOM,Exxon Mobil
2022-08-18,83.3246841430664,94.37999725341797,0.0,95.30999755859375,93.08999633789062,93.1500015258789,0.0,17770400,XOM,Exxon Mobil
2022-08-19,83.059814453125,94.08000183105469,0.0,95.19999694824219,93.80000305175781,94.16000366210938,0.0,16128600,XOM,Exxon Mobil
2022-08-22,82.99801635742188,94.01000213623047,0.0,94.48999786376953,91.86000061035156,93.41999816894531,0.0,16019900,XOM,Exxon Mobil
2022-08-23,86.5206527709961,98.0,0.0,98.41000366210938,95.44999694824219,95.55000305175781,0.0,23764700,XOM,Exxon Mobil
2022-08-24,87.03270721435547,98.58000183105469,0.0,98.97000122070312,97.36000061035156,98.01000213623047,0.0,17050300,XOM,Exxon Mobil
2022-08-25,87.48296356201172,99.08999633789062,0.0,99.86000061035156,98.0999984741211,98.91999816894531,0.0,15305700,XOM,Exxon Mobil
2022-08-26,86.40587615966797,97.87000274658203,0.0,99.91000366210938,97.41999816894531,98.7699966430664,0.0,15531400,XOM,Exxon Mobil
2022-08-29,88.39232635498047,100.12000274658203,0.0,101.55999755859375,98.13999938964844,98.18000030517578,0.0,23059200,XOM,Exxon Mobil
2022-08-30,85.0285873413086,96.30999755859375,0.0,98.62000274658203,95.81999969482422,98.36000061035156,0.0,17086800,XOM,Exxon Mobil
2022-08-31,84.39293670654297,95.58999633789062,0.0,96.83999633789062,93.58999633789062,94.02999877929688,0.0,18340900,XOM,Exxon Mobil
2022-09-01,82.8744125366211,93.87000274658203,0.0,95.06999969482422,92.29000091552734,94.41999816894531,0.0,16423000,XOM,Exxon Mobil
2022-09-02,84.39293670654297,95.58999633789062,0.0,96.79000091552734,95.11000061035156,96.3499984741211,0.0,18206800,XOM,Exxon Mobil
2022-09-06,83.82789611816406,94.94999694824219,0.0,96.58999633789062,94.51000213623047,96.16000366210938,0.0,19201500,XOM,Exxon Mobil
2022-09-07,83.11279296875,94.13999938964844,0.0,94.58999633789062,92.30000305175781,93.19000244140625,0.0,16274700,XOM,Exxon Mobil
2022-09-08,83.7926025390625,94.91000366210938,0.0,95.41999816894531,93.72000122070312,94.66000366210938,0.0,18759200,XOM,Exxon Mobil
2022-09-09,85.19636535644531,96.5,0.0,97.0,95.31999969482422,96.5199966430664,0.0,17158000,XOM,Exxon Mobil
2022-09-12,86.17633056640625,97.61000061035156,0.0,99.19000244140625,96.87999725341797,97.6500015258789,0.0,16118900,XOM,Exxon Mobil
2022-09-13,84.16339111328125,95.33000183105469,0.0,97.77999877929688,94.91000366210938,96.61000061035156,0.0,18229100,XOM,Exxon Mobil
2022-09-14,86.22930908203125,97.66999816894531,0.0,98.55999755859375,96.1500015258789,96.19000244140625,0.0,22655700,XOM,Exxon Mobil
2022-09-15,83.72196960449219,94.83000183105469,0.0,96.54000091552734,94.05000305175781,96.22000122070312,0.0,21092300,XOM,Exxon Mobil
2022-09-16,82.29174041748047,93.20999908447266,0.0,95.33999633789062,92.0,95.06999969482422,0.0,37874700,XOM,Exxon Mobil
2022-09-19,82.28289794921875,93.19999694824219,0.0,93.48999786376953,91.0,91.01000213623047,0.0,15342100,XOM,Exxon Mobil
2022-09-20,81.6119384765625,92.44000244140625,0.0,92.93000030517578,91.63999938964844,92.7300033569336,0.0,14712500,XOM,Exxon Mobil
2022-09-21,80.29645538330078,90.94999694824219,0.0,93.87999725341797,90.87000274658203,93.56999969482422,0.0,17332400,XOM,Exxon Mobil
2022-09-22,79.96096801757812,90.56999969482422,0.0,92.66000366210938,90.5199966430664,92.19999694824219,0.0,16139400,XOM,Exxon Mobil
2022-09-23,75.70556640625,85.75,0.0,87.5,84.8499984741211,87.5,0.0,27738800,XOM,Exxon Mobil
2022-09-26,74.14290618896484,83.9800033569336,0.0,86.22000122070312,83.88999938964844,84.9000015258789,0.0,22043400,XOM,Exxon Mobil
2022-09-27,75.69673156738281,85.73999786376953,0.0,86.95999908447266,84.80999755859375,85.61000061035156,0.0,17307300,XOM,Exxon Mobil
2022-09-28,78.45126342773438,88.86000061035156,0.0,89.30000305175781,85.91999816894531,86.12000274658203,0.0,19543300,XOM,Exxon Mobil
2022-09-29,78.29234313964844,88.68000030517578,0.0,89.36000061035156,87.12999725341797,88.18000030517578,0.0,17896000,XOM,Exxon Mobil
2022-09-30,77.08282470703125,87.30999755859375,0.0,89.04000091552734,87.30999755859375,88.16999816894531,0.0,21357600,XOM,Exxon Mobil
2022-10-03,81.15282440185547,91.91999816894531,0.0,92.36000061035156,89.72000122070312,90.04000091552734,0.0,23881300,XOM,Exxon Mobil
2022-10-04,84.11042022705078,95.2699966430664,0.0,95.36000061035156,92.70999908447266,93.23999786376953,0.0,22133700,XOM,Exxon Mobil
2022-10-05,87.50945281982422,99.12000274658203,0.0,99.98999786376953,95.66000366210938,95.75,0.0,34857700,XOM,Exxon Mobil
2022-10-06,90.10508728027344,102.05999755859375,0.0,102.18000030517578,98.33000183105469,98.47000122070312,0.0,29124700,XOM,Exxon Mobil
2022-10-07,89.19571685791016,101.02999877929688,0.0,103.31999969482422,100.18000030517578,102.19000244140625,0.0,24507600,XOM,Exxon Mobil
2022-10-10,87.26226043701172,98.83999633789062,0.0,102.02999877929688,98.72000122070312,101.48999786376953,0.0,16786100,XOM,Exxon Mobil
2022-10-11,86.5206527709961,98.0,0.0,99.76000213623047,96.75,97.22000122070312,0.0,17804100,XOM,Exxon Mobil
2022-10-12,86.90028381347656,98.43000030517578,0.0,98.91000366210938,97.2300033569336,97.5,0.0,12635800,XOM,Exxon Mobil
2022-10-13,89.93732452392578,101.87000274658203,0.0,102.44999694824219,97.4000015258789,97.55000305175781,0.0,22019100,XOM,Exxon Mobil
2022-10-14,87.57125091552734,99.19000244140625,0.0,102.23999786376953,99.04000091552734,101.12000274658203,0.0,15222000,XOM,Exxon Mobil
2022-10-17,88.833740234375,100.62000274658203,0.0,101.97000122070312,100.5,101.06999969482422,0.0,14283200,XOM,Exxon Mobil
2022-10-18,88.99266815185547,100.80000305175781,0.0,102.3499984741211,99.2300033569336,101.54000091552734,0.0,14065400,XOM,Exxon Mobil
2022-10-19,91.63243103027344,103.79000091552734,0.0,103.98999786376953,101.2300033569336,101.25,0.0,20921700,XOM,Exxon Mobil
2022-10-20,91.75603485107422,103.93000030517578,0.0,105.0,103.41000366210938,104.31999969482422,0.0,17649000,XOM,Exxon Mobil
2022-10-21,93.4599380493164,105.86000061035156,0.0,106.4000015258789,103.91000366210938,104.44999694824219,0.0,22814100,XOM,Exxon Mobil
2022-10-24,94.11327362060547,106.5999984741211,0.0,107.68000030517578,105.12000274658203,105.66000366210938,0.0,17024200,XOM,Exxon Mobil
2022-10-25,93.47761535644531,105.87999725341797,0.0,107.33000183105469,105.06999969482422,106.41000366210938,0.0,15719800,XOM,Exxon Mobil
2022-10-26,94.59002685546875,107.13999938964844,0.0,107.83000183105469,106.0,106.26000213623047,0.0,17383800,XOM,Exxon Mobil
2022-10-27,94.95198822021484,107.55000305175781,0.0,109.58000183105469,107.41999816894531,108.41000366210938,0.0,18214000,XOM,Exxon Mobil
2022-10-28,97.73302459716797,110.69999694824219,0.0,111.20999908447266,108.12000274658203,109.45999908447266,0.0,28169400,XOM,Exxon Mobil
2022-10-31,97.83012390136719,110.80999755859375,0.0,112.91000366210938,109.44000244140625,109.5,0.0,26401800,XOM,Exxon Mobil
2022-11-01,98.8012924194336,111.91000366210938,0.0,112.56999969482422,110.6500015258789,112.37000274658203,0.0,22213100,XOM,Exxon Mobil
2022-11-02,96.77069091796875,109.61000061035156,0.0,112.0999984741211,109.30999755859375,111.58000183105469,0.0,20654200,XOM,Exxon Mobil
2022-11-03,98.08616638183594,111.0999984741211,0.0,111.81999969482422,108.30999755859375,108.58000183105469,0.0,17103700,XOM,Exxon Mobil
2022-11-04,99.15442657470703,112.30999755859375,0.0,113.5,110.80000305175781,113.0,0.0,17541500,XOM,Exxon Mobil
2022-11-07,100.32862854003906,113.63999938964844,0.0,113.98999786376953,112.12999725341797,112.41000366210938,0.0,16008000,XOM,Exxon Mobil
2022-11-08,100.64647674560547,114.0,0.0,114.66000366210938,112.5999984741211,113.4800033569336,0.0,14661000,XOM,Exxon Mobil
2022-11-09,96.14387512207031,108.9000015258789,0.0,113.27999877929688,108.56999969482422,113.0999984741211,0.0,19522800,XOM,Exxon Mobil
2022-11-10,97.55644989013672,110.5,0.0,110.69999694824219,107.56999969482422,110.19000244140625,0.0,20146700,XOM,Exxon Mobil
2022-11-11,100.6023178100586,113.94999694824219,0.0,114.5,112.48999786376953,112.58000183105469,0.0,20518900,XOM,Exxon Mobil
2022-11-14,100.89601135253906,113.37000274658203,0.91,114.63999938964844,112.48999786376953,112.62999725341797,0.0,20858300,XOM,Exxon Mobil
2022-11-15,101.57238006591797,114.12999725341797,0.0,114.52999877929688,112.87000274658203,113.80000305175781,0.0,19373800,XOM,Exxon Mobil
2022-11-16,100.48663330078125,112.91000366210938,0.0,114.26000213623047,111.86000061035156,113.44000244140625,0.0,13591000,XOM,Exxon Mobil
2022-11-17,100.62012481689453,113.05999755859375,0.0,113.19999694824219,110.75,111.29000091552734,0.0,12425900,XOM,Exxon Mobil
2022-11-18,99.74795532226562,112.08000183105469,0.0,112.4800033569336,109.61000061035156,110.9000015258789,0.0,15415000,XOM,Exxon Mobil
2022-11-21,98.76008605957031,110.97000122070312,0.0,111.19999694824219,107.4800033569336,109.98999786376953,0.0,20973000,XOM,Exxon Mobil
2022-11-22,101.61688232421875,114.18000030517578,0.0,114.47000122070312,111.43000030517578,112.20999908447266,0.0,17719100,XOM,Exxon Mobil
2022-11-23,101.10961151123047,113.61000061035156,0.0,113.94999694824219,112.0999984741211,112.31999969482422,0.0,11546700,XOM,Exxon Mobil
2022-11-25,100.75362396240234,113.20999908447266,0.0,114.61000061035156,113.05999755859375,113.87999725341797,0.0,7136000,XOM,Exxon Mobil
2022-11-28,97.72770690917969,109.80999755859375,0.0,111.45999908447266,109.62000274658203,110.66000366210938,0.0,23015500,XOM,Exxon Mobil
2022-11-29,98.37740325927734,110.54000091552734,0.0,111.80000305175781,109.79000091552734,110.61000061035156,0.0,14453200,XOM,Exxon Mobil
2022-11-30,99.0893783569336,111.33999633789062,0.0,111.9000015258789,109.77999877929688,111.54000091552734,0.0,23158100,XOM,Exxon Mobil
2022-12-01,98.60879516601562,110.80000305175781,0.0,112.06999969482422,110.18000030517578,111.63999938964844,0.0,14398300,XOM,Exxon Mobil
2022-12-02,97.77222442626953,109.86000061035156,0.0,111.70999908447266,109.19999694824219,109.51000213623047,0.0,15248400,XOM,Exxon Mobil
2022-12-05,95.09339141845703,106.8499984741211,0.0,111.36000061035156,105.94000244140625,110.69999694824219,0.0,19287700,XOM,Exxon Mobil
2022-12-06,92.45018005371094,103.87999725341797,0.0,107.04000091552734,103.1500015258789,105.9000015258789,0.0,21197000,XOM,Exxon Mobil
2022-12-07,92.24549865722656,103.6500015258789,0.0,104.8499984741211,102.37000274658203,103.77999877929688,0.0,20061700,XOM,Exxon Mobil
2022-12-08,92.93077850341797,104.41999816894531,0.0,106.80000305175781,103.70999908447266,106.27999877929688,0.0,21128800,XOM,Exxon Mobil
2022-12-09,92.1476058959961,103.54000091552734,0.0,105.94999694824219,103.30000305175781,104.58999633789062,0.0,21298200,XOM,Exxon Mobil
2022-12-12,94.41703033447266,106.08999633789062,0.0,106.23999786376953,103.58999633789062,103.83000183105469,0.0,20413200,XOM,Exxon Mobil
2022-12-13,95.44938659667969,107.25,0.0,108.54000091552734,107.0199966430664,107.80000305175781,0.0,24305300,XOM,Exxon Mobil
2022-12-14,94.74633026123047,106.45999908447266,0.0,108.30000305175781,105.75,107.98999786376953,0.0,17597300,XOM,Exxon Mobil
2022-12-15,93.83854675292969,105.44000244140625,0.0,106.16999816894531,103.69999694824219,105.33000183105469,0.0,15365100,XOM,Exxon Mobil
2022-12-16,93.1799545288086,104.69999694824219,0.0,105.58000183105469,103.12999725341797,103.69000244140625,0.0,54596600,XOM,Exxon Mobil
2022-12-19,93.59825897216797,105.16999816894531,0.0,106.19999694824219,104.37999725341797,105.26000213623047,0.0,13611100,XOM,Exxon Mobil
2022-12-20,94.95100402832031,106.69000244140625,0.0,107.51000213623047,105.06999969482422,105.16999816894531,0.0,14680000,XOM,Exxon Mobil
2022-12-21,96.17027282714844,108.05999755859375,0.0,108.58999633789062,107.16000366210938,108.29000091552734,0.0,13565400,XOM,Exxon Mobil
2022-12-22,94.2301254272461,105.87999725341797,0.0,108.19000244140625,104.0999984741211,107.88999938964844,0.0,13213000,XOM,Exxon Mobil
2022-12-23,96.7220458984375,108.68000030517578,0.0,108.73999786376953,106.9000015258789,106.94999694824219,0.0,11539400,XOM,Exxon Mobil
2022-12-27,98.06591796875,110.19000244140625,0.0,110.47000122070312,108.83000183105469,109.2699966430664,0.0,11962100,XOM,Exxon Mobil
2022-12-28,96.45506286621094,108.37999725341797,0.0,110.0,107.9000015258789,109.91000366210938,0.0,10702100,XOM,Exxon Mobil
2022-12-29,97.1848373413086,109.19999694824219,0.0,109.72000122070312,107.98999786376953,107.98999786376953,0.0,10534000,XOM,Exxon Mobil
2022-12-30,98.16381072998047,110.30000305175781,0.0,110.5,108.61000061035156,108.61000061035156,0.0,11799600,XOM,Exxon Mobil
2023-01-03,94.79081726074219,106.51000213623047,0.0,110.0199966430664,105.48999786376953,109.77999877929688,0.0,15146200,XOM,Exxon Mobil
2023-01-04,95.06670379638672,106.81999969482422,0.0,107.16000366210938,104.76000213623047,104.80000305175781,0.0,18058400,XOM,Exxon Mobil
2023-01-05,97.19373321533203,109.20999908447266,0.0,109.94999694824219,106.30999755859375,106.33999633789062,0.0,15946600,XOM,Exxon Mobil
2023-01-06,98.36849212646484,110.52999877929688,0.0,111.98999786376953,109.66999816894531,110.08000183105469,0.0,16348100,XOM,Exxon Mobil
2023-01-09,96.53515625,108.47000122070312,0.0,111.63999938964844,107.80999755859375,111.63999938964844,0.0,17964600,XOM,Exxon Mobil
2023-01-10,97.9769058227539,110.08999633789062,0.0,110.33000183105469,108.01000213623047,109.79000091552734,0.0,15104600,XOM,Exxon Mobil
2023-01-11,99.11608123779297,111.37000274658203,0.0,111.44999694824219,109.08999633789062,110.98999786376953,0.0,16710400,XOM,Exxon Mobil
2023-01-12,100.76251983642578,113.22000122070312,0.0,113.73999786376953,111.73999786376953,111.81999969482422,0.0,15357300,XOM,Exxon Mobil
2023-01-13,100.70022583007812,113.1500015258789,0.0,113.48999786376953,112.16000366210938,113.11000061035156,0.0,12011400,XOM,Exxon Mobil
2023-01-17,100.5044174194336,112.93000030517578,0.0,114.08000183105469,112.66999816894531,113.41000366210938,0.0,16542200,XOM,Exxon Mobil
2023-01-18,98.43970489501953,110.61000061035156,0.0,114.12000274658203,110.4000015258789,113.26000213623047,0.0,16399700,XOM,Exxon Mobil
2023-01-19,99.07157897949219,111.31999969482422,0.0,112.12999725341797,109.58000183105469,110.06999969482422,0.0,12928000,XOM,Exxon Mobil
2023-01-20,100.87820434570312,113.3499984741211,0.0,113.44000244140625,110.61000061035156,111.36000061035156,0.0,16515600,XOM,Exxon Mobil
2023-01-23,100.35314178466797,112.76000213623047,0.0,114.58999633789062,112.63999938964844,113.63999938964844,0.0,16584400,XOM,Exxon Mobil
2023-01-24,101.28760528564453,113.80999755859375,0.0,114.0199966430664,104.87000274658203,109.16000366210938,0.0,13583000,XOM,Exxon Mobil
2023-01-25,100.75362396240234,113.20999908447266,0.0,113.6500015258789,111.38999938964844,113.2300033569336,0.0,11914700,XOM,Exxon Mobil
2023-01-26,104.80299377441406,117.76000213623047,0.0,117.77999877929688,114.33999633789062,114.72000122070312,0.0,21019700,XOM,Exxon Mobil
2023-01-27,102.88956451416016,115.61000061035156,0.0,117.66999816894531,115.38999938964844,116.94999694824219,0.0,15179200,XOM,Exxon Mobil
2023-01-30,101.06510162353516,113.55999755859375,0.0,115.48999786376953,113.1500015258789,115.08999633789062,0.0,18672100,XOM,Exxon Mobil
2023-01-31,103.24552917480469,116.01000213623047,0.0,116.4000015258789,110.43000030517578,112.0999984741211,0.0,27861800,XOM,Exxon Mobil
2023-02-01,102.11526489257812,114.73999786376953,0.0,117.37999725341797,113.33999633789062,115.83000183105469,0.0,19464900,XOM,Exxon Mobil
2023-02-02,98.92028045654297,111.1500015258789,0.0,115.06999969482422,109.83000183105469,114.8499984741211,0.0,24562100,XOM,Exxon Mobil
2023-02-03,99.60555267333984,111.91999816894531,0.0,114.11000061035156,111.55999755859375,111.9000015258789,0.0,20226600,XOM,Exxon Mobil
2023-02-06,99.43647003173828,111.7300033569336,0.0,113.08999633789062,110.31999969482422,112.36000061035156,0.0,13855200,XOM,Exxon Mobil
2023-02-07,102.27547454833984,114.91999816894531,0.0,115.30999755859375,112.0199966430664,112.38999938964844,0.0,16013300,XOM,Exxon Mobil
2023-02-08,101.38548278808594,113.91999816894531,0.0,115.83000183105469,113.8499984741211,115.05000305175781,0.0,18459700,XOM,Exxon Mobil
2023-02-09,101.76818084716797,114.3499984741211,0.0,116.23999786376953,114.18000030517578,114.62000274658203,0.0,17439300,XOM,Exxon Mobil
2023-02-10,106.05784606933594,119.16999816894531,0.0,119.62999725341797,116.16000366210938,116.51000213623047,0.0,24918600,XOM,Exxon Mobil
2023-02-13,105.64530944824219,117.80000305175781,0.91,118.18000030517578,115.9000015258789,117.72000122070312,0.0,14536200,XOM,Exxon Mobil
2023-02-14,104.40771484375,116.41999816894531,0.0,117.80999755859375,116.0199966430664,117.01000213623047,0.0,12079000,XOM,Exxon Mobil
2023-02-15,104.09380340576172,116.06999969482422,0.0,116.08999633789062,114.13999938964844,115.72000122070312,0.0,13663400,XOM,Exxon Mobil
2023-02-16,103.78889465332031,115.7300033569336,0.0,116.77999877929688,114.80000305175781,115.30999755859375,0.0,11360600,XOM,Exxon Mobil
2023-02-17,99.79804229736328,111.27999877929688,0.0,114.19000244140625,110.9800033569336,114.19000244140625,0.0,20758300,XOM,Exxon Mobil
2023-02-21,99.69940185546875,111.16999816894531,0.0,112.37999725341797,110.80999755859375,110.80999755859375,0.0,14469400,XOM,Exxon Mobil
2023-02-22,98.40797424316406,109.7300033569336,0.0,110.97000122070312,108.63999938964844,110.4800033569336,0.0,13973800,XOM,Exxon Mobil
2023-02-23,99.31375122070312,110.73999786376953,0.0,111.83000183105469,109.9000015258789,110.7300033569336,0.0,11289400,XOM,Exxon Mobil
2023-02-24,99.32273864746094,110.75,0.0,110.95999908447266,109.0199966430664,109.33000183105469,0.0,14351000,XOM,Exxon Mobil
2023-02-27,99.14337158203125,110.55000305175781,0.0,111.26000213623047,109.95999908447266,110.80000305175781,0.0,11710500,XOM,Exxon Mobil
2023-02-28,98.56941223144531,109.91000366210938,0.0,111.36000061035156,109.22000122070312,111.23999786376953,0.0,18107000,XOM,Exxon Mobil
2023-03-01,99.44829559326172,110.88999938964844,0.0,111.86000061035156,109.23999786376953,109.30999755859375,0.0,13200000,XOM,Exxon Mobil
2023-03-02,99.9056625366211,111.4000015258789,0.0,111.69999694824219,110.16999816894531,110.62000274658203,0.0,10339900,XOM,Exxon Mobil
2023-03-03,101.17017364501953,112.80999755859375,0.0,113.37000274658203,109.94999694824219,110.05000305175781,0.0,13006700,XOM,Exxon Mobil
2023-03-06,102.06700134277344,113.80999755859375,0.0,113.83999633789062,111.87000274658203,111.98999786376953,0.0,14347400,XOM,Exxon Mobil
2023-03-07,100.09400177001953,111.61000061035156,0.0,113.16999816894531,111.16999816894531,112.80999755859375,0.0,11525300,XOM,Exxon Mobil
2023-03-08,98.6321792602539,109.9800033569336,0.0,112.41999816894531,109.06999969482422,111.2300033569336,0.0,13509800,XOM,Exxon Mobil
2023-03-09,97.86988067626953,109.12999725341797,0.0,112.2300033569336,109.02999877929688,110.87000274658203,0.0,12961200,XOM,Exxon Mobil
2023-03-10,96.65918731689453,107.77999877929688,0.0,111.04000091552734,107.1500015258789,109.55999755859375,0.0,15795700,XOM,Exxon Mobil
2023-03-13,95.54712677001953,106.54000091552734,0.0,107.86000061035156,103.72000122070312,105.33999633789062,0.0,20745600,XOM,Exxon Mobil
2023-03-14,95.90585327148438,106.94000244140625,0.0,109.01000213623047,104.95999908447266,106.3499984741211,0.0,18263500,XOM,Exxon Mobil
2023-03-15,91.13477325439453,101.62000274658203,0.0,104.19999694824219,100.22000122070312,102.81999969482422,0.0,25733800,XOM,Exxon Mobil
2023-03-16,90.60565185546875,101.02999877929688,0.0,101.68000030517578,98.0199966430664,99.11000061035156,0.0,27465200,XOM,Exxon Mobil
2023-03-17,89.53841400146484,99.83999633789062,0.0,101.61000061035156,99.13999938964844,100.5999984741211,0.0,43199500,XOM,Exxon Mobil
2023-03-20,91.8791275024414,102.44999694824219,0.0,102.4800033569336,99.5,99.62999725341797,0.0,32042100,XOM,Exxon Mobil
2023-03-21,95.99554443359375,107.04000091552734,0.0,107.27999877929688,104.12999725341797,104.16999816894531,0.0,31592300,XOM,Exxon Mobil
2023-03-22,93.79832458496094,104.58999633789062,0.0,107.18000030517578,104.55999755859375,106.80000305175781,0.0,14952700,XOM,Exxon Mobil
2023-03-23,92.74009704589844,103.41000366210938,0.0,106.33999633789062,102.44000244140625,105.36000061035156,0.0,14385900,XOM,Exxon Mobil
2023-03-24,92.84768676757812,103.52999877929688,0.0,103.8499984741211,100.91000366210938,101.47000122070312,0.0,13401600,XOM,Exxon Mobil
2023-03-27,94.88348388671875,105.80000305175781,0.0,106.4800033569336,103.91000366210938,104.73999786376953,0.0,14805900,XOM,Exxon Mobil
2023-03-28,96.06726837158203,107.12000274658203,0.0,107.6500015258789,105.19000244140625,105.44000244140625,0.0,11047600,XOM,Exxon Mobil
2023-03-29,97.71743774414062,108.95999908447266,0.0,109.16000366210938,107.48999786376953,108.05999755859375,0.0,14219100,XOM,Exxon Mobil
2023-03-30,98.19274139404297,109.48999786376953,0.0,109.56999969482422,108.5199966430664,109.55000305175781,0.0,11578200,XOM,Exxon Mobil
2023-03-31,98.3451919555664,109.66000366210938,0.0,110.16999816894531,109.05000305175781,109.68000030517578,0.0,14418000,XOM,Exxon Mobil
2023-04-03,104.14762878417969,116.12999725341797,0.0,116.8499984741211,113.12000274658203,113.38999938964844,0.0,28087700,XOM,Exxon Mobil
2023-04-04,103.15216064453125,115.0199966430664,0.0,116.69999694824219,114.16999816894531,116.26000213623047,0.0,16365500,XOM,Exxon Mobil
2023-04-05,104.91890716552734,116.98999786376953,0.0,117.0,114.30999755859375,115.3499984741211,0.0,16479500,XOM,Exxon Mobil
2023-04-06,103.1790542602539,115.05000305175781,0.0,117.18000030517578,114.7699966430664,116.86000061035156,0.0,15778000,XOM,Exxon Mobil
2023-04-10,102.7216796875,114.54000091552734,0.0,116.18000030517578,114.16999816894531,114.77999877929688,0.0,13006600,XOM,Exxon Mobil
2023-04-11,103.44808959960938,115.3499984741211,0.0,116.19999694824219,114.37999725341797,114.95999908447266,0.0,11758500,XOM,Exxon Mobil
2023-04-12,103.34048461914062,115.2300033569336,0.0,116.58999633789062,114.93000030517578,116.16000366210938,0.0,10919000,XOM,Exxon Mobil
2023-04-13,103.82476043701172,115.7699966430664,0.0,115.88999938964844,114.12999725341797,114.5999984741211,0.0,12399700,XOM,Exxon Mobil
2023-04-14,104.07585906982422,116.05000305175781,0.0,116.66000366210938,115.12000274658203,115.9000015258789,0.0,11530800,XOM,Exxon Mobil
2023-04-17,102.86516571044922,114.69999694824219,0.0,116.51000213623047,114.41999816894531,115.48999786376953,0.0,13260400,XOM,Exxon Mobil
2023-04-18,104.87405395507812,116.94000244140625,0.0,117.20999908447266,114.30000305175781,114.38999938964844,0.0,17436100,XOM,Exxon Mobil
2023-04-19,104.54222106933594,116.56999969482422,0.0,116.9000015258789,115.7699966430664,116.08000183105469,0.0,10682600,XOM,Exxon Mobil
2023-04-20,103.70816802978516,115.63999938964844,0.0,115.68000030517578,113.2300033569336,115.12999725341797,0.0,17038700,XOM,Exxon Mobil
2023-04-21,104.03999328613281,116.01000213623047,0.0,116.87999725341797,115.26000213623047,116.48999786376953,0.0,14315300,XOM,Exxon Mobil
2023-04-24,106.00404357910156,118.19999694824219,0.0,118.88999938964844,115.87999725341797,115.91999816894531,0.0,15831300,XOM,Exxon Mobil
2023-04-25,104.49738311767578,116.5199966430664,0.0,117.73999786376953,115.62999725341797,117.55000305175781,0.0,12179800,XOM,Exxon Mobil
2023-04-26,103.53777313232422,115.44999694824219,0.0,117.08999633789062,114.68000030517578,116.02999877929688,0.0,15566100,XOM,Exxon Mobil
2023-04-27,104.77539825439453,116.83000183105469,0.0,117.01000213623047,114.87999725341797,115.62000274658203,0.0,16279200,XOM,Exxon Mobil
2023-04-28,106.12957763671875,118.33999633789062,0.0,119.91999816894531,116.83000183105469,117.25,0.0,24381900,XOM,Exxon Mobil
2023-05-01,102.83826446533203,114.66999816894531,0.0,117.30000305175781,114.44999694824219,115.98999786376953,0.0,17355000,XOM,Exxon Mobil
2023-05-02,98.73978424072266,110.0999984741211,0.0,113.94000244140625,109.29000091552734,113.94000244140625,0.0,24324100,XOM,Exxon Mobil
2023-05-03,96.793701171875,107.93000030517578,0.0,109.80999755859375,107.76000213623047,109.08000183105469,0.0,16212300,XOM,Exxon Mobil
2023-05-04,95.09872436523438,106.04000091552734,0.0,108.75,105.91000366210938,107.9000015258789,0.0,17177200,XOM,Exxon Mobil
2023-05-05,97.46630859375,108.68000030517578,0.0,109.43000030517578,107.52999877929688,108.55000305175781,0.0,14968200,XOM,Exxon Mobil
2023-05-08,97.85193634033203,109.11000061035156,0.0,110.97000122070312,109.04000091552734,110.5,0.0,11187800,XOM,Exxon Mobil
2023-05-09,97.87883758544922,109.13999938964844,0.0,110.2300033569336,108.20999908447266,108.33999633789062,0.0,11370800,XOM,Exxon Mobil
2023-05-10,96.62330627441406,107.73999786376953,0.0,110.01000213623047,106.70999908447266,109.73999786376953,0.0,14884800,XOM,Exxon Mobil
2023-05-11,94.87451171875,105.79000091552734,0.0,106.81999969482422,104.93000030517578,106.48999786376953,0.0,17165900,XOM,Exxon Mobil
2023-05-12,94.86554718017578,105.77999877929688,0.0,107.01000213623047,104.77999877929688,106.30999755859375,0.0,12613300,XOM,Exxon Mobil
2023-05-15,95.04645538330078,105.06999969482422,0.91,105.93000030517578,104.58000183105469,105.51000213623047,0.0,13715600,XOM,Exxon Mobil
2023-05-16,92.73971557617188,102.5199966430664,0.0,104.80999755859375,102.0199966430664,104.62999725341797,0.0,14795200,XOM,Exxon Mobil
2023-05-17,94.8203125,104.81999969482422,0.0,105.2300033569336,102.8499984741211,103.38999938964844,0.0,14064700,XOM,Exxon Mobil
2023-05-18,95.67967987060547,105.7699966430664,0.0,105.91000366210938,104.12999725341797,104.55000305175781,0.0,12005600,XOM,Exxon Mobil
2023-05-19,96.12293243408203,106.26000213623047,0.0,107.05000305175781,105.81999969482422,106.56999969482422,0.0,13359600,XOM,Exxon Mobil
2023-05-22,94.95600128173828,104.97000122070312,0.0,107.04000091552734,104.87999725341797,105.83999633789062,0.0,12882000,XOM,Exxon Mobil
2023-05-23,96.24958038330078,106.4000015258789,0.0,108.22000122070312,105.75,105.98999786376953,0.0,14394400,XOM,Exxon Mobil
2023-05-24,97.32605743408203,107.58999633789062,0.0,108.51000213623047,106.7300033569336,107.37999725341797,0.0,16340300,XOM,Exxon Mobil
2023-05-25,95.5801773071289,105.66000366210938,0.0,106.43000030517578,104.70999908447266,105.94000244140625,0.0,14316500,XOM,Exxon Mobil
2023-05-26,94.95600128173828,104.97000122070312,0.0,106.94999694824219,104.83000183105469,106.47000122070312,0.0,12370300,XOM,Exxon Mobil
2023-05-30,94.1147232055664,104.04000091552734,0.0,104.12000274658203,102.61000061035156,103.29000091552734,0.0,11938000,XOM,Exxon Mobil
2023-05-31,92.43215942382812,102.18000030517578,0.0,103.04000091552734,101.73999786376953,102.29000091552734,0.0,24926100,XOM,Exxon Mobil
2023-06-01,93.49959564208984,103.36000061035156,0.0,105.58000183105469,101.26000213623047,101.75,0.0,13551900,XOM,Exxon Mobil
2023-06-02,95.6706314086914,105.76000213623047,0.0,106.12999725341797,104.52999877929688,105.16000366210938,0.0,14112000,XOM,Exxon Mobil
2023-06-05,95.24546813964844,105.29000091552734,0.0,107.19000244140625,105.08999633789062,107.19000244140625,0.0,10628000,XOM,Exxon Mobil
2023-06-06,96.02342987060547,106.1500015258789,0.0,106.2699966430664,103.9800033569336,104.1500015258789,0.0,12209800,XOM,Exxon Mobil
2023-06-07,98.17637634277344,108.52999877929688,0.0,108.88999938964844,106.7300033569336,106.79000091552734,0.0,16027100,XOM,Exxon Mobil
2023-06-08,97.86882019042969,108.19000244140625,0.0,109.13999938964844,105.9000015258789,108.7699966430664,0.0,13517100,XOM,Exxon Mobil
2023-06-09,97.14513397216797,107.38999938964844,0.0,108.61000061035156,107.16000366210938,108.45999908447266,0.0,12251600,XOM,Exxon Mobil
2023-06-12,96.26766204833984,106.41999816894531,0.0,107.05999755859375,105.55999755859375,105.80999755859375,0.0,14112000,XOM,Exxon Mobil
2023-06-13,96.28577423095703,106.44000244140625,0.0,108.33999633789062,106.27999877929688,107.37999725341797,0.0,13533800,XOM,Exxon Mobil
2023-06-14,95.12786865234375,105.16000366210938,0.0,108.11000061035156,104.38999938964844,107.44999694824219,0.0,16627700,XOM,Exxon Mobil
2023-06-15,95.78822326660156,105.88999938964844,0.0,107.02999877929688,105.44000244140625,105.5,0.0,16224100,XOM,Exxon Mobil
2023-06-16,95.1007308959961,105.12999725341797,0.0,106.7699966430664,104.95999908447266,106.36000061035156,0.0,43128900,XOM,Exxon Mobil
2023-06-20,92.920654296875,102.72000122070312,0.0,104.7699966430664,102.12000274658203,104.68000030517578,0.0,17514100,XOM,Exxon Mobil
2023-06-21,93.9609375,103.87000274658203,0.0,104.62999725341797,102.33000183105469,102.5,0.0,13285700,XOM,Exxon Mobil
2023-06-22,93.4453125,103.30000305175781,0.0,103.88999938964844,102.6500015258789,102.83999633789062,0.0,12455300,XOM,Exxon Mobil
2023-06-23,92.63117218017578,102.4000015258789,0.0,102.81999969482422,101.62000274658203,102.58999633789062,0.0,17933600,XOM,Exxon Mobil
2023-06-26,94.34086608886719,104.29000091552734,0.0,104.91000366210938,102.19999694824219,102.19999694824219,0.0,14283400,XOM,Exxon Mobil
2023-06-27,94.5760726928711,104.55000305175781,0.0,104.61000061035156,103.2699966430664,104.05000305175781,0.0,13227500,XOM,Exxon Mobil
2023-06-28,95.344970703125,105.4000015258789,0.0,105.81999969482422,103.19999694824219,104.30999755859375,0.0,13084100,XOM,Exxon Mobil
2023-06-29,96.52095031738281,106.69999694824219,0.0,106.7300033569336,105.12999725341797,105.66000366210938,0.0,11364400,XOM,Exxon Mobil
2023-06-30,97.01849365234375,107.25,0.0,107.87999725341797,106.80999755859375,107.31999969482422,0.0,13544700,XOM,Exxon Mobil
2023-07-03,97.20845794677734,107.45999908447266,0.0,108.45999908447266,107.06999969482422,107.48999786376953,0.0,7397000,XOM,Exxon Mobil
2023-07-05,96.71092224121094,106.91000366210938,0.0,107.91999816894531,106.0999984741211,107.62999725341797,0.0,12491200,XOM,Exxon Mobil
2023-07-06,93.1015625,102.91999816894531,0.0,105.72000122070312,102.43000030517578,105.08999633789062,0.0,17961400,XOM,Exxon Mobil
2023-07-07,93.31866455078125,103.16000366210938,0.0,104.0,101.55999755859375,101.91999816894531,0.0,21929200,XOM,Exxon Mobil
2023-07-10,94.70271301269531,104.69000244140625,0.0,104.75,102.75,102.97000122070312,0.0,14877600,XOM,Exxon Mobil
2023-07-11,95.86061096191406,105.97000122070312,0.0,106.16000366210938,104.80999755859375,105.26000213623047,0.0,12576500,XOM,Exxon Mobil
2023-07-12,96.33099365234375,106.48999786376953,0.0,107.6500015258789,106.12999725341797,107.0,0.0,13238200,XOM,Exxon Mobil
2023-07-13,94.5670166015625,104.54000091552734,0.0,106.2300033569336,103.31999969482422,105.97000122070312,0.0,26826800,XOM,Exxon Mobil
2023-07-14,91.31045532226562,100.94000244140625,0.0,104.05000305175781,100.52999877929688,104.05000305175781,0.0,28181900,XOM,Exxon Mobil
2023-07-17,91.70848083496094,101.37999725341797,0.0,101.66999816894531,100.22000122070312,100.72000122070312,0.0,18051300,XOM,Exxon Mobil
2023-07-18,91.2923583984375,100.91999816894531,0.0,102.19999694824219,100.33999633789062,100.91999816894531,0.0,24617800,XOM,Exxon Mobil
2023-07-19,91.92559814453125,101.62000274658203,0.0,102.4000015258789,100.80000305175781,101.05000305175781,0.0,15556500,XOM,Exxon Mobil
2023-07-20,93.54481506347656,103.41000366210938,0.0,103.66000366210938,102.36000061035156,102.54000091552734,0.0,15740200,XOM,Exxon Mobil
2023-07-21,93.97903442382812,103.88999938964844,0.0,104.37999725341797,103.26000213623047,104.16000366210938,0.0,17121500,XOM,Exxon Mobil
2023-07-24,95.45352172851562,105.5199966430664,0.0,106.16000366210938,103.95999908447266,104.36000061035156,0.0,15090900,XOM,Exxon Mobil
2023-07-25,95.59825897216797,105.68000030517578,0.0,106.08999633789062,104.54000091552734,105.05999755859375,0.0,14116100,XOM,Exxon Mobil
2023-07-26,95.06454467773438,105.08999633789062,0.0,105.72000122070312,104.63999938964844,105.11000061035156,0.0,15159600,XOM,Exxon Mobil
2023-07-27,95.36307525634766,105.41999816894531,0.0,106.98999786376953,104.73999786376953,106.0,0.0,17677900,XOM,Exxon Mobil
2023-07-28,94.2232666015625,104.16000366210938,0.0,105.16000366210938,102.31999969482422,105.11000061035156,0.0,17566400,XOM,Exxon Mobil
2023-07-31,97.00942993164062,107.23999786376953,0.0,107.86000061035156,105.19000244140625,105.19000244140625,0.0,24197000,XOM,Exxon Mobil
2023-08-01,96.44859313964844,106.62000274658203,0.0,107.31999969482422,105.52999877929688,106.94999694824219,0.0,14177400,XOM,Exxon Mobil
2023-08-02,95.24546813964844,105.29000091552734,0.0,106.37999725341797,104.56999969482422,106.26000213623047,0.0,13484100,XOM,Exxon Mobil
2023-08-03,96.90089416503906,107.12000274658203,0.0,107.87999725341797,105.30000305175781,105.88999938964844,0.0,16280400,XOM,Exxon Mobil
2023-08-04,97.17227935791016,107.41999816894531,0.0,109.23999786376953,107.33000183105469,107.95999908447266,0.0,14279600,XOM,Exxon Mobil
2023-08-07,96.97325897216797,107.19999694824219,0.0,108.41999816894531,106.51000213623047,107.9000015258789,0.0,12410800,XOM,Exxon Mobil
2023-08-08,97.45272064208984,107.7300033569336,0.0,107.75,104.83999633789062,106.04000091552734,0.0,14065600,XOM,Exxon Mobil
2023-08-09,99.10811614990234,109.55999755859375,0.0,110.41999816894531,108.30999755859375,108.70999908447266,0.0,19919600,XOM,Exxon Mobil
2023-08-10,99.61469268798828,110.12000274658203,0.0,111.62999725341797,109.44000244140625,110.19000244140625,0.0,15837200,XOM,Exxon Mobil
2023-08-11,101.16156005859375,111.83000183105469,0.0,112.06999969482422,110.05000305175781,110.37000274658203,0.0,14047000,XOM,Exxon Mobil
2023-08-14,101.24295806884766,111.91999816894531,0.0,111.9800033569336,110.77999877929688,111.68000030517578,0.0,12973400,XOM,Exxon Mobil
2023-08-15,98.64372253417969,108.16000366210938,0.91,110.86000061035156,107.97000122070312,110.75,0.0,14909600,XOM,Exxon Mobil
2023-08-16,96.98384857177734,106.33999633789062,0.0,109.33000183105469,106.27999877929688,108.27999877929688,0.0,13695100,XOM,Exxon Mobil
2023-08-17,98.86260986328125,108.4000015258789,0.0,110.1500015258789,107.41999816894531,107.41999816894531,0.0,16709500,XOM,Exxon Mobil
2023-08-18,100.35832214355469,110.04000091552734,0.0,110.19999694824219,107.62000274658203,107.63999938964844,0.0,16224000,XOM,Exxon Mobil
2023-08-21,99.14533233642578,108.70999908447266,0.0,110.9800033569336,108.13999938964844,110.36000061035156,0.0,11092400,XOM,Exxon Mobil
2023-08-22,98.58900451660156,108.0999984741211,0.0,109.72000122070312,107.94999694824219,109.16999816894531,0.0,10518800,XOM,Exxon Mobil
2023-08-23,97.72259521484375,107.1500015258789,0.0,107.30000305175781,105.72000122070312,107.04000091552734,0.0,11435600,XOM,Exxon Mobil
2023-08-24,96.99296569824219,106.3499984741211,0.0,107.7699966430664,106.06999969482422,106.41999816894531,0.0,10818500,XOM,Exxon Mobil
2023-08-25,98.7258071899414,108.25,0.0,108.93000030517578,106.62000274658203,107.43000030517578,0.0,13579300,XOM,Exxon Mobil
2023-08-28,99.55574798583984,109.16000366210938,0.0,110.04000091552734,108.44000244140625,108.44999694824219,0.0,10382100,XOM,Exxon Mobil
2023-08-29,100.14854431152344,109.80999755859375,0.0,110.0199966430664,108.41999816894531,109.66000366210938,0.0,9665000,XOM,Exxon Mobil
2023-08-30,101.1244125366211,110.87999725341797,0.0,111.13999938964844,109.9800033569336,110.44000244140625,0.0,11922100,XOM,Exxon Mobil
2023-08-31,101.40714263916016,111.19000244140625,0.0,111.41999816894531,110.62000274658203,111.12000274658203,0.0,17479800,XOM,Exxon Mobil
2023-09-01,103.53213500976562,113.5199966430664,0.0,113.81999969482422,112.19999694824219,112.19999694824219,0.0,14843500,XOM,Exxon Mobil
2023-09-05,103.541259765625,113.52999877929688,0.0,115.83000183105469,113.5,114.0999984741211,0.0,18304000,XOM,Exxon Mobil
2023-09-06,104.43502807617188,114.51000213623047,0.0,114.58999633789062,113.2300033569336,113.4800033569336,0.0,13325500,XOM,Exxon Mobil
2023-09-07,103.92430114746094,113.94999694824219,0.0,115.8499984741211,113.69999694824219,114.6500015258789,0.0,13248500,XOM,Exxon Mobil
2023-09-08,105.4382553100586,115.61000061035156,0.0,116.05000305175781,114.31999969482422,114.52999877929688,0.0,14283200,XOM,Exxon Mobil
2023-09-11,104.11583709716797,114.16000366210938,0.0,116.68000030517578,113.56999969482422,116.18000030517578,0.0,14383600,XOM,Exxon Mobil
2023-09-12,107.15283966064453,117.48999786376953,0.0,117.66999816894531,115.2699966430664,115.33999633789062,0.0,20145800,XOM,Exxon Mobil
2023-09-13,106.19522094726562,116.44000244140625,0.0,117.95999908447266,115.9000015258789,117.41000366210938,0.0,13472800,XOM,Exxon Mobil
2023-09-14,108.09222412109375,118.5199966430664,0.0,118.66000366210938,117.33000183105469,117.55000305175781,0.0,15210700,XOM,Exxon Mobil
2023-09-15,106.43234252929688,116.69999694824219,0.0,118.51000213623047,116.5,117.9000015258789,0.0,34568400,XOM,Exxon Mobil
2023-09-18,107.28964233398438,117.63999938964844,0.0,118.23999786376953,116.69999694824219,117.52999877929688,0.0,14045300,XOM,Exxon Mobil
2023-09-19,107.00692749023438,117.33000183105469,0.0,118.83999633789062,116.61000061035156,118.62000274658203,0.0,12562900,XOM,Exxon Mobil
2023-09-20,106.15874481201172,116.4000015258789,0.0,118.0199966430664,116.31999969482422,116.54000091552734,0.0,11879900,XOM,Exxon Mobil
2023-09-21,104.66304016113281,114.76000213623047,0.0,117.37000274658203,114.5999984741211,116.9800033569336,0.0,14400600,XOM,Exxon Mobil
2023-09-22,104.82721710205078,114.94000244140625,0.0,116.68000030517578,114.80999755859375,115.70999908447266,0.0,13197300,XOM,Exxon Mobil
2023-09-25,106.00370788574219,116.2300033569336,0.0,116.6500015258789,114.83000183105469,115.08999633789062,0.0,11316000,XOM,Exxon Mobil
2023-09-26,106.16787719726562,116.41000366210938,0.0,116.7300033569336,115.37000274658203,115.5,0.0,11805400,XOM,Exxon Mobil
2023-09-27,109.6244125366211,120.19999694824219,0.0,120.5,117.4000015258789,117.88999938964844,0.0,23976200,XOM,Exxon Mobil
2023-09-28,108.95864868164062,119.47000122070312,0.0,120.69999694824219,118.19000244140625,119.9800033569336,0.0,16808100,XOM,Exxon Mobil
2023-09-29,107.23492431640625,117.58000183105469,0.0,119.18000030517578,116.7300033569336,119.0999984741211,0.0,18813600,XOM,Exxon Mobil
2023-10-02,105.45648193359375,115.62999725341797,0.0,117.79000091552734,114.55000305175781,117.52999877929688,0.0,14395000,XOM,Exxon Mobil
2023-10-03,105.6388931274414,115.83000183105469,0.0,116.44000244140625,115.02999877929688,115.44000244140625,0.0,13297100,XOM,Exxon Mobil
2023-10-04,101.68985748291016,111.5,0.0,114.08999633789062,110.5,114.05000305175781,0.0,19622200,XOM,Exxon Mobil
2023-10-05,99.40069580078125,108.98999786376953,0.0,110.9000015258789,108.69999694824219,109.80000305175781,0.0,20128800,XOM,Exxon Mobil
2023-10-06,97.74082946777344,107.16999816894531,0.0,108.2699966430664,105.11000061035156,105.7300033569336,0.0,25367500,XOM,Exxon Mobil
2023-10-09,101.160888671875,110.91999816894531,0.0,112.06999969482422,109.5199966430664,110.44000244140625,0.0,22369900,XOM,Exxon Mobil
2023-10-10,100.73224639892578,110.44999694824219,0.0,111.44999694824219,110.12000274658203,111.0199966430664,0.0,13892000,XOM,Exxon Mobil
2023-10-11,97.12066650390625,106.48999786376953,0.0,107.16999816894531,104.83000183105469,106.95999908447266,0.0,57939000,XOM,Exxon Mobil
2023-10-12,97.10242462158203,106.47000122070312,0.0,107.83999633789062,106.08999633789062,107.58999633789062,0.0,31183000,XOM,Exxon Mobil
2023-10-13,100.20329284667969,109.87000274658203,0.0,110.19999694824219,107.83999633789062,108.02999877929688,0.0,30276500,XOM,Exxon Mobil
2023-10-16,100.27622985839844,109.94999694824219,0.0,110.68000030517578,109.12999725341797,110.5,0.0,18452000,XOM,Exxon Mobil
2023-10-17,101.58953857421875,111.38999938964844,0.0,111.80000305175781,109.68000030517578,109.7300033569336,0.0,19775400,XOM,Exxon Mobil
2023-10-18,103.01228332519531,112.94999694824219,0.0,113.38999938964844,111.69999694824219,111.81999969482422,0.0,23380300,XOM,Exxon Mobil
2023-10-19,103.07611846923828,113.0199966430664,0.0,113.97000122070312,111.33000183105469,112.72000122070312,0.0,20972500,XOM,Exxon Mobil
2023-10-20,101.30682373046875,111.08000183105469,0.0,113.31999969482422,110.79000091552734,112.91999816894531,0.0,22445300,XOM,Exxon Mobil
2023-10-23,99.82023620605469,109.44999694824219,0.0,110.95999908447266,108.68000030517578,110.62999725341797,0.0,18185000,XOM,Exxon Mobil
2023-10-24,98.8534927368164,108.38999938964844,0.0,109.81999969482422,108.12000274658203,109.69999694824219,0.0,16786100,XOM,Exxon Mobil
2023-10-25,99.03589630126953,108.58999633789062,0.0,109.5,108.12999725341797,108.5199966430664,0.0,22047300,XOM,Exxon Mobil
2023-10-26,98.13301086425781,107.5999984741211,0.0,108.33999633789062,106.5,107.44999694824219,0.0,18768300,XOM,Exxon Mobil
2023-10-27,96.26337432861328,105.55000305175781,0.0,109.86000061035156,104.95999908447266,108.88999938964844,0.0,23092000,XOM,Exxon Mobil
2023-10-30,96.5643310546875,105.87999725341797,0.0,106.41999816894531,105.20999908447266,105.73999786376953,0.0,19379900,XOM,Exxon Mobil
2023-10-31,96.5369644165039,105.8499984741211,0.0,106.16000366210938,104.54000091552734,105.58000183105469,0.0,22185200,XOM,Exxon Mobil
2023-11-01,96.34542846679688,105.63999938964844,0.0,107.16999816894531,105.45999908447266,106.52999877929688,0.0,28984900,XOM,Exxon Mobil
2023-11-02,99.5101318359375,109.11000061035156,0.0,109.19000244140625,105.5,105.87999725341797,0.0,25212700,XOM,Exxon Mobil
2023-11-03,98.29716491699219,107.77999877929688,0.0,108.77999877929688,106.54000091552734,108.4000015258789,0.0,30555600,XOM,Exxon Mobil
2023-11-06,96.55521392822266,105.87000274658203,0.0,108.2699966430664,105.7699966430664,108.16999816894531,0.0,19097300,XOM,Exxon Mobil
2023-11-07,95.041259765625,104.20999908447266,0.0,104.86000061035156,103.29000091552734,104.47000122070312,0.0,20272500,XOM,Exxon Mobil
2023-11-08,93.87389373779297,102.93000030517578,0.0,104.9000015258789,102.88999938964844,103.7300033569336,0.0,19184100,XOM,Exxon Mobil
2023-11-09,93.9012451171875,102.95999908447266,0.0,103.97000122070312,102.86000061035156,103.66999816894531,0.0,18380500,XOM,Exxon Mobil
2023-11-10,94.62174224853516,103.75,0.0,104.41000366210938,102.91000366210938,103.93000030517578,0.0,17825500,XOM,Exxon Mobil
2023-11-13,95.6158218383789,104.83999633789062,0.0,105.13999938964844,103.80999755859375,104.05000305175781,0.0,15308400,XOM,Exxon Mobil
2023-11-14,95.9839859008789,104.29000091552734,0.95,104.81999969482422,103.87000274658203,104.30000305175781,0.0,18260500,XOM,Exxon Mobil
2023-11-15,95.4041519165039,103.66000366210938,0.0,105.1500015258789,103.5,103.95999908447266,0.0,20137600,XOM,Exxon Mobil
2023-11-16,94.29972839355469,102.45999908447266,0.0,103.2699966430664,101.1500015258789,102.9000015258789,0.0,22469100,XOM,Exxon Mobil
2023-11-17,96.60061645507812,104.95999908447266,0.0,105.43000030517578,102.75,103.05999755859375,0.0,22984900,XOM,Exxon Mobil
2023-11-20,96.17726135253906,104.5,0.0,105.87999725341797,104.43000030517578,105.37999725341797,0.0,17458800,XOM,Exxon Mobil
2023-11-21,96.14044189453125,104.45999908447266,0.0,104.69999694824219,103.22000122070312,104.20999908447266,0.0,14989000,XOM,Exxon Mobil
2023-11-22,95.72628784179688,104.01000213623047,0.0,104.12000274658203,101.94000244140625,102.58000183105469,0.0,18072000,XOM,Exxon Mobil
2023-11-24,96.24166870117188,104.56999969482422,0.0,105.47000122070312,103.91000366210938,104.0199966430664,0.0,9480800,XOM,Exxon Mobil
2023-11-27,95.68025970458984,103.95999908447266,0.0,104.4000015258789,103.18000030517578,104.0999984741211,0.0,18013500,XOM,Exxon Mobil
2023-11-28,95.62503051757812,103.9000015258789,0.0,104.91000366210938,103.87999725341797,104.23999786376953,0.0,20629500,XOM,Exxon Mobil
2023-11-29,94.18927764892578,102.33999633789062,0.0,104.58000183105469,101.63999938964844,104.2699966430664,0.0,26802100,XOM,Exxon Mobil
2023-11-30,94.55741882324219,102.73999786376953,0.0,104.4800033569336,101.80999755859375,103.11000061035156,0.0,29254700,XOM,Exxon Mobil
2023-12-01,94.78752136230469,102.98999786376953,0.0,104.22000122070312,102.22000122070312,102.5,0.0,17845300,XOM,Exxon Mobil
2023-12-04,94.2721176147461,102.43000030517578,0.0,103.36000061035156,101.58999633789062,102.12999725341797,0.0,21523900,XOM,Exxon Mobil
2023-12-05,92.44059753417969,100.44000244140625,0.0,102.33999633789062,100.29000091552734,102.2699966430664,0.0,22250300,XOM,Exxon Mobil
2023-12-06,91.2165298461914,99.11000061035156,0.0,100.72000122070312,98.33999633789062,100.0,0.0,31154800,XOM,Exxon Mobil
2023-12-07,90.58147430419922,98.41999816894531,0.0,100.83999633789062,98.08999633789062,99.86000061035156,0.0,29990700,XOM,Exxon Mobil
2023-12-08,91.6214828491211,99.55000305175781,0.0,99.79000091552734,98.75,99.0199966430664,0.0,22074900,XOM,Exxon Mobil
2023-12-11,91.6859130859375,99.62000274658203,0.0,99.86000061035156,98.58000183105469,99.80000305175781,0.0,22252300,XOM,Exxon Mobil
2023-12-12,90.24095153808594,98.05000305175781,0.0,98.68000030517578,97.4800033569336,98.68000030517578,0.0,26084000,XOM,Exxon Mobil
2023-12-13,91.04166412353516,98.91999816894531,0.0,99.02999877929688,97.66000366210938,98.04000091552734,0.0,19915400,XOM,Exxon Mobil
2023-12-14,93.48980712890625,101.58000183105469,0.0,102.13999938964844,99.72000122070312,99.8499984741211,0.0,26165700,XOM,Exxon Mobil
2023-12-15,92.86396026611328,100.9000015258789,0.0,101.0,100.30999755859375,100.58999633789062,0.0,55527000,XOM,Exxon Mobil
2023-12-18,93.5542221069336,101.6500015258789,0.0,103.11000061035156,101.5199966430664,102.12999725341797,0.0,21610400,XOM,Exxon Mobil
2023-12-19,94.78752136230469,102.98999786376953,0.0,103.19000244140625,101.79000091552734,102.0,0.0,18904700,XOM,Exxon Mobil
2023-12-20,93.20450592041016,101.2699966430664,0.0,103.94000244140625,101.12999725341797,103.5,0.0,20988900,XOM,Exxon Mobil
2023-12-21,93.62786102294922,101.7300033569336,0.0,102.01000213623047,100.80999755859375,101.47000122070312,0.0,19250900,XOM,Exxon Mobil
2023-12-22,93.79354095458984,101.91000366210938,0.0,102.94000244140625,101.81999969482422,102.30999755859375,0.0,12927800,XOM,Exxon Mobil
2023-12-26,94.00520324707031,102.13999938964844,0.0,103.02999877929688,102.12000274658203,102.73999786376953,0.0,16835100,XOM,Exxon Mobil
2023-12-27,93.56344604492188,101.66000366210938,0.0,102.55000305175781,101.33999633789062,102.04000091552734,0.0,14558800,XOM,Exxon Mobil
2023-12-28,92.21051788330078,100.19000244140625,0.0,101.61000061035156,100.12999725341797,101.38999938964844,0.0,16329300,XOM,Exxon Mobil
2023-12-29,92.01724243164062,99.9800033569336,0.0,100.58999633789062,99.62000274658203,100.37000274658203,0.0,17746400,XOM,Exxon Mobil
2024-01-02,94.20769500732422,102.36000061035156,0.0,103.0999984741211,100.8499984741211,100.91999816894531,0.0,23483000,XOM,Exxon Mobil
2024-01-03,94.99919891357422,103.22000122070312,0.0,103.62000274658203,101.66000366210938,102.2699966430664,0.0,23490800,XOM,Exxon Mobil
2024-01-04,94.1708755493164,102.31999969482422,0.0,104.56999969482422,102.05000305175781,104.08000183105469,0.0,19395200,XOM,Exxon Mobil
2024-01-05,94.45618438720703,102.62999725341797,0.0,103.4000015258789,102.12999725341797,103.16999816894531,0.0,15827400,XOM,Exxon Mobil
2024-01-08,92.88237762451172,100.91999816894531,0.0,101.04000091552734,98.9000015258789,100.7300033569336,0.0,23370100,XOM,Exxon Mobil
2024-01-09,91.73193359375,99.66999816894531,0.0,101.29000091552734,99.19000244140625,101.29000091552734,0.0,19496600,XOM,Exxon Mobil
2024-01-10,90.82998657226562,98.69000244140625,0.0,99.80000305175781,98.16000366210938,99.80000305175781,0.0,18206100,XOM,Exxon Mobil
2024-01-11,90.81156921386719,98.66999816894531,0.0,99.5,98.55999755859375,99.04000091552734,0.0,15833400,XOM,Exxon Mobil
2024-01-12,91.9896240234375,99.94999694824219,0.0,100.6500015258789,99.16999816894531,100.13999938964844,0.0,18041700,XOM,Exxon Mobil
2024-01-16,89.90962219238281,97.69000244140625,0.0,100.01000213623047,97.52999877929688,99.81999969482422,0.0,20235700,XOM,Exxon Mobil
2024-01-17,89.25616455078125,96.9800033569336,0.0,97.95999908447266,96.58000183105469,96.5999984741211,0.0,18384000,XOM,Exxon Mobil
2024-01-18,89.09050750732422,96.80000305175781,0.0,97.08999633789062,95.81999969482422,97.0,0.0,20940300,XOM,Exxon Mobil
2024-01-19,89.22855377197266,96.94999694824219,0.0,97.0199966430664,96.41000366210938,96.72000122070312,0.0,20088400,XOM,Exxon Mobil
2024-01-22,89.10891723632812,96.81999969482422,0.0,97.0999984741211,95.7699966430664,96.69999694824219,0.0,19955900,XOM,Exxon Mobil
2024-01-23,90.11210632324219,97.91000366210938,0.0,98.5,96.7300033569336,96.80999755859375,0.0,15863400,XOM,Exxon Mobil
2024-01-24,91.66751098632812,99.5999984741211,0.0,99.6500015258789,97.73999786376953,98.31999969482422,0.0,17330600,XOM,Exxon Mobil
2024-01-25,93.99600982666016,102.12999725341797,0.0,102.18000030517578,99.62000274658203,100.30999755859375,0.0,22089500,XOM,Exxon Mobil
2024-01-26,94.79672241210938,103.0,0.0,103.08000183105469,101.19000244140625,101.97000122070312,0.0,20817200,XOM,Exxon Mobil
2024-01-29,94.9163589477539,103.12999725341797,0.0,103.19999694824219,101.86000061035156,102.9800033569336,0.0,18317500,XOM,Exxon Mobil
2024-01-30,96.4993667602539,104.8499984741211,0.0,104.87999725341797,102.0999984741211,102.41000366210938,0.0,19610900,XOM,Exxon Mobil
2024-01-31,94.62184143066406,102.80999755859375,0.0,104.87999725341797,102.7699966430664,104.73999786376953,0.0,22415300,XOM,Exxon Mobil
2024-02-01,94.23529815673828,102.38999938964844,0.0,104.01000213623047,101.62000274658203,103.56999969482422,0.0,19240700,XOM,Exxon Mobil
2024-02-02,93.8487548828125,101.97000122070312,0.0,104.0,101.61000061035156,103.75,0.0,21973400,XOM,Exxon Mobil
2024-02-05,93.46220397949219,101.55000305175781,0.0,102.37999725341797,100.5,101.44999694824219,0.0,17190900,XOM,Exxon Mobil
2024-02-06,94.10645294189453,102.25,0.0,103.04000091552734,101.56999969482422,102.06999969482422,0.0,13347900,XOM,Exxon Mobil
2024-02-07,94.07884216308594,102.22000122070312,0.0,102.7300033569336,101.18000030517578,102.25,0.0,13826800,XOM,Exxon Mobil
2024-02-08,95.68946075439453,103.97000122070312,0.0,104.41999816894531,102.11000061035156,102.33999633789062,0.0,19636900,XOM,Exxon Mobil
2024-02-09,93.66466522216797,101.7699966430664,0.0,104.83999633789062,101.69999694824219,104.0999984741211,0.0,20410500,XOM,Exxon Mobil
2024-02-12,94.95317840576172,103.16999816894531,0.0,103.4000015258789,102.0,102.16000366210938,0.0,18173100,XOM,Exxon Mobil
2024-02-13,94.1357421875,101.33999633789062,0.95,103.08999633789062,100.5999984741211,102.76000213623047,0.0,18917400,XOM,Exxon Mobil
2024-02-14,93.67127990722656,100.83999633789062,0.0,102.62000274658203,100.41999816894531,101.87000274658203,0.0,17651300,XOM,Exxon Mobil
2024-02-15,96.3558349609375,103.7300033569336,0.0,103.94000244140625,100.5999984741211,100.5999984741211,0.0,23196300,XOM,Exxon Mobil
2024-02-16,96.3558349609375,103.7300033569336,0.0,104.62999725341797,103.5199966430664,104.01000213623047,0.0,20151400,XOM,Exxon Mobil
2024-02-20,95.44550323486328,102.75,0.0,104.12000274658203,102.6500015258789,103.83999633789062,0.0,17650000,XOM,Exxon Mobil
2024-02-21,97.39619445800781,104.8499984741211,0.0,104.9800033569336,102.98999786376953,103.0199966430664,0.0,20991300,XOM,Exxon Mobil
2024-02-22,97.31260681152344,104.76000213623047,0.0,105.41000366210938,103.44999694824219,104.16000366210938,0.0,20470700,XOM,Exxon Mobil
2024-02-23,96.45800018310547,103.83999633789062,0.0,104.08999633789062,102.87999725341797,103.87999725341797,0.0,15975900,XOM,Exxon Mobil
2024-02-26,96.8388671875,104.25,0.0,104.94000244140625,103.05000305175781,103.72000122070312,0.0,13360800,XOM,Exxon Mobil
2024-02-27,96.6344985961914,104.02999877929688,0.0,105.1500015258789,103.8499984741211,104.68000030517578,0.0,16360000,XOM,Exxon Mobil
2024-02-28,96.90387725830078,104.31999969482422,0.0,105.43000030517578,104.0,104.47000122070312,0.0,14810500,XOM,Exxon Mobil
2024-02-29,97.08966064453125,104.5199966430664,0.0,105.06999969482422,104.22000122070312,104.68000030517578,0.0,17566100,XOM,Exxon Mobil
2024-03-01,98.31583404541016,105.83999633789062,0.0,106.38999938964844,105.37999725341797,105.72000122070312,0.0,18460100,XOM,Exxon Mobil
2024-03-04,96.94104766845703,104.36000061035156,0.0,105.8499984741211,104.02999877929688,105.66000366210938,0.0,18138000,XOM,Exxon Mobil
2024-03-05,98.13005065917969,105.63999938964844,0.0,106.2699966430664,104.31999969482422,104.52999877929688,0.0,19952700,XOM,Exxon Mobil
2024-03-06,99.1797103881836,106.7699966430664,0.0,107.56999969482422,106.1500015258789,106.62000274658203,0.0,20472800,XOM,Exxon Mobil
2024-03-07,99.737060546875,107.37000274658203,0.0,107.9800033569336,106.5999984741211,106.5999984741211,0.0,15195400,XOM,Exxon Mobil
2024-03-08,100.67526245117188,108.37999725341797,0.0,108.4000015258789,106.7699966430664,107.2300033569336,0.0,16281500,XOM,Exxon Mobil
2024-03-11,101.26976013183594,109.0199966430664,0.0,109.12000274658203,107.33999633789062,108.25,0.0,17577300,XOM,Exxon Mobil
2024-03-12,100.61952209472656,108.31999969482422,0.0,109.27999877929688,108.02999877929688,109.05999755859375,0.0,14957200,XOM,Exxon Mobil
2024-03-13,101.74351501464844,109.52999877929688,0.0,110.3499984741211,109.11000061035156,109.13999938964844,0.0,17122200,XOM,Exxon Mobil
2024-03-14,103.54559326171875,111.47000122070312,0.0,111.55000305175781,109.69000244140625,109.83000183105469,0.0,22121000,XOM,Exxon Mobil
2024-03-15,103.35980224609375,111.2699966430664,0.0,112.30000305175781,110.8499984741211,110.8499984741211,0.0,38264400,XOM,Exxon Mobil
2024-03-18,104.31659698486328,112.30000305175781,0.0,112.86000061035156,111.0999984741211,111.79000091552734,0.0,16770500,XOM,Exxon Mobil
2024-03-19,105.05043029785156,113.08999633789062,0.0,113.48999786376953,112.05999755859375,112.22000122070312,0.0,14878800,XOM,Exxon Mobil
2024-03-20,104.95753479003906,112.98999786376953,0.0,113.4000015258789,112.12999725341797,112.72000122070312,0.0,16119700,XOM,Exxon Mobil
2024-03-21,105.42198944091797,113.48999786376953,0.0,113.91000366210938,112.56999969482422,112.91999816894531,0.0,14878000,XOM,Exxon Mobil
2024-03-22,105.42198944091797,113.48999786376953,0.0,113.69000244140625,112.81999969482422,113.4800033569336,0.0,14701900,XOM,Exxon Mobil
2024-03-25,106.49952697753906,114.6500015258789,0.0,115.77999877929688,113.83000183105469,113.83000183105469,0.0,14011700,XOM,Exxon Mobil
2024-03-26,105.7006607055664,113.79000091552734,0.0,114.9800033569336,113.41000366210938,114.66000366210938,0.0,13152300,XOM,Exxon Mobil
2024-03-27,106.7967758178711,114.97000122070312,0.0,115.05999755859375,113.41000366210938,113.4800033569336,0.0,12415700,XOM,Exxon Mobil
2024-03-28,107.97648620605469,116.23999786376953,0.0,116.44999694824219,115.05999755859375,115.52999877929688,0.0,18482100,XOM,Exxon Mobil
2024-04-01,108.6731948852539,116.98999786376953,0.0,117.23999786376953,115.37999725341797,116.41000366210938,0.0,13817000,XOM,Exxon Mobil
2024-04-02,110.8003921508789,119.27999877929688,0.0,119.5999984741211,117.33000183105469,117.91999816894531,0.0,19919600,XOM,Exxon Mobil
2024-04-03,110.81896209716797,119.30000305175781,0.0,119.75,118.7300033569336,119.4800033569336,0.0,16504300,XOM,Exxon Mobil
2024-04-04,111.20909881591797,119.72000122070312,0.0,119.87999725341797,118.63999938964844,119.05000305175781,0.0,18467400,XOM,Exxon Mobil
2024-04-05,112.74180603027344,121.37000274658203,0.0,122.1500015258789,119.63999938964844,119.9800033569336,0.0,21720600,XOM,Exxon Mobil
2024-04-08,111.98009490966797,120.55000305175781,0.0,121.73999786376953,120.20999908447266,121.08000183105469,0.0,17513900,XOM,Exxon Mobil
2024-04-09,112.56531524658203,121.18000030517578,0.0,121.6500015258789,120.33999633789062,121.0,0.0,14132300,XOM,Exxon Mobil
2024-04-10,113.5127944946289,122.19999694824219,0.0,122.47000122070312,120.7300033569336,121.22000122070312,0.0,17409200,XOM,Exxon Mobil
2024-04-11,113.1319580078125,121.79000091552734,0.0,122.69000244140625,120.33999633789062,122.69000244140625,0.0,17555900,XOM,Exxon Mobil
2024-04-12,111.8128890991211,120.37000274658203,0.0,123.75,119.66999816894531,122.94999694824219,0.0,21556200,XOM,Exxon Mobil
2024-04-15,111.17193603515625,119.68000030517578,0.0,121.69000244140625,119.44999694824219,121.08999633789062,0.0,15029500,XOM,Exxon Mobil
2024-04-16,110.2523193359375,118.69000244140625,0.0,120.22000122070312,117.91999816894531,119.55999755859375,0.0,18082200,XOM,Exxon Mobil
2024-04-17,110.19657897949219,118.62999725341797,0.0,119.3499984741211,117.12000274658203,118.55000305175781,0.0,14538600,XOM,Exxon Mobil
2024-04-18,110.09440612792969,118.5199966430664,0.0,119.72000122070312,117.97000122070312,119.0,0.0,13821400,XOM,Exxon Mobil
2024-04-19,111.35773468017578,119.87999725341797,0.0,120.93000030517578,118.94999694824219,119.16000366210938,0.0,21572400,XOM,Exxon Mobil
2024-04-22,111.98937225341797,120.55999755859375,0.0,121.56999969482422,118.43000030517578,119.26000213623047,0.0,16340700,XOM,Exxon Mobil
2024-04-23,112.42597961425781,121.02999877929688,0.0,121.05999755859375,119.44999694824219,120.0,0.0,13929800,XOM,Exxon Mobil
2024-04-24,112.4445571899414,121.05000305175781,0.0,121.26000213623047,119.38999938964844,120.30000305175781,0.0,12101200,XOM,Exxon Mobil
2024-04-25,112.70466613769531,121.33000183105469,0.0,121.76000213623047,119.4000015258789,121.02999877929688,0.0,16041000,XOM,Exxon Mobil
2024-04-26,109.57422637939453,117.95999908447266,0.0,119.0999984741211,116.22000122070312,119.0,0.0,27289500,XOM,Exxon Mobil
2024-04-29,111.13477325439453,119.63999938964844,0.0,120.05000305175781,117.76000213623047,117.76000213623047,0.0,17309900,XOM,Exxon Mobil
2024-04-30,109.86217498779297,118.2699966430664,0.0,120.19999694824219,117.9800033569336,119.11000061035156,0.0,21083300,XOM,Exxon Mobil
2024-05-01,107.78142547607422,116.02999877929688,0.0,118.47000122070312,115.66000366210938,118.27999877929688,0.0,27777700,XOM,Exxon Mobil
2024-05-02,107.97648620605469,116.23999786376953,0.0,117.26000213623047,115.9000015258789,116.26000213623047,0.0,25513600,XOM,Exxon Mobil
2024-05-03,107.7535629272461,116.0,0.0,116.06999969482422,114.12999725341797,116.0,0.0,28023300,XOM,Exxon Mobil
2024-05-06,108.45024108886719,116.75,0.0,118.33999633789062,116.4000015258789,116.66999816894531,0.0,31401300,XOM,Exxon Mobil
2024-05-07,107.91146850585938,116.16999816894531,0.0,117.58000183105469,115.93000030517578,117.27999877929688,0.0,30122000,XOM,Exxon Mobil
2024-05-08,107.89289855957031,116.1500015258789,0.0,116.94999694824219,115.41000366210938,115.70999908447266,0.0,18957200,XOM,Exxon Mobil
2024-05-09,110.02009582519531,118.44000244140625,0.0,118.52999877929688,116.19000244140625,116.19999694824219,0.0,17564000,XOM,Exxon Mobil
2024-05-10,109.57422637939453,117.95999908447266,0.0,118.66000366210938,117.58000183105469,118.54000091552734,0.0,13648100,XOM,Exxon Mobil
2024-05-13,109.52779388427734,117.91000366210938,0.0,119.04000091552734,117.12000274658203,118.41999816894531,0.0,15060600,XOM,Exxon Mobil
2024-05-14,110.19265747070312,117.66999816894531,0.95,117.73999786376953,116.4800033569336,116.79000091552734,0.0,15079100,XOM,Exxon Mobil
2024-05-15,111.04483795166016,118.58000183105469,0.0,118.83999633789062,116.08000183105469,117.61000061035156,0.0,18244300,XOM,Exxon Mobil
2024-05-16,110.37995147705078,117.87000274658203,0.0,119.30000305175781,117.54000091552734,118.54000091552734,0.0,15745200,XOM,Exxon Mobil
2024-05-17,112.0374755859375,119.63999938964844,0.0,119.83000183105469,117.95999908447266,118.30000305175781,0.0,15104500,XOM,Exxon Mobil
2024-05-20,111.12911987304688,118.66999816894531,0.0,119.88999938964844,118.55000305175781,119.7300033569336,0.0,11551300,XOM,Exxon Mobil
2024-05-21,110.3612060546875,117.8499984741211,0.0,119.44999694824219,117.77999877929688,118.4000015258789,0.0,14495000,XOM,Exxon Mobil
2024-05-22,108.14183044433594,115.4800033569336,0.0,117.45999908447266,114.95999908447266,117.45999908447266,0.0,17879300,XOM,Exxon Mobil
2024-05-23,106.29700469970703,113.51000213623047,0.0,117.51000213623047,113.36000061035156,115.5999984741211,0.0,15979800,XOM,Exxon Mobil
2024-05-24,106.21271514892578,113.41999816894531,0.0,115.08000183105469,113.04000091552734,114.83999633789062,0.0,12212900,XOM,Exxon Mobil
2024-05-28,107.56122589111328,114.86000061035156,0.0,115.11000061035156,113.06999969482422,113.5199966430664,0.0,13978300,XOM,Exxon Mobil
2024-05-29,106.40937042236328,113.62999725341797,0.0,114.55000305175781,112.80999755859375,114.52999877929688,0.0,13902000,XOM,Exxon Mobil
2024-05-30,106.74649810791016,113.98999786376953,0.0,114.12999725341797,112.95999908447266,113.2699966430664,0.0,14683700,XOM,Exxon Mobil
2024-05-31,109.8087158203125,117.26000213623047,0.0,117.48999786376953,113.98999786376953,114.12000274658203,0.0,29037400,XOM,Exxon Mobil
2024-06-03,107.17726135253906,114.44999694824219,0.0,116.36000061035156,113.76000213623047,116.30000305175781,0.0,19589300,XOM,Exxon Mobil
2024-06-04,105.51038360595703,112.66999816894531,0.0,113.08999633789062,110.91999816894531,113.0,0.0,19412200,XOM,Exxon Mobil
2024-06-05,105.93179321289062,113.12000274658203,0.0,113.19000244140625,111.4800033569336,112.88999938964844,0.0,14863500,XOM,Exxon Mobil
2024-06-06,106.72776794433594,113.97000122070312,0.0,114.04000091552734,112.11000061035156,112.75,0.0,13154100,XOM,Exxon Mobil
2024-06-07,105.5853042602539,112.75,0.0,114.9000015258789,112.66999816894531,113.79000091552734,0.0,13289200,XOM,Exxon Mobil
2024-06-10,105.89432525634766,113.08000183105469,0.0,114.22000122070312,112.69999694824219,113.05999755859375,0.0,15239700,XOM,Exxon Mobil
2024-06-11,105.04214477539062,112.16999816894531,0.0,112.66999816894531,111.30999755859375,112.48999786376953,0.0,12462400,XOM,Exxon Mobil
2024-06-12,103.88094329833984,110.93000030517578,0.0,113.30000305175781,110.54000091552734,113.30000305175781,0.0,13606800,XOM,Exxon Mobil
2024-06-13,103.0475082397461,110.04000091552734,0.0,110.86000061035156,109.72000122070312,110.83999633789062,0.0,14466900,XOM,Exxon Mobil
2024-06-14,102.17659759521484,109.11000061035156,0.0,110.20999908447266,108.58999633789062,110.0199966430664,0.0,13313400,XOM,Exxon Mobil
2024-06-17,101.4742660522461,108.36000061035156,0.0,109.45999908447266,108.18000030517578,109.16999816894531,0.0,21147900,XOM,Exxon Mobil
2024-06-18,102.42945098876953,109.37999725341797,0.0,110.72000122070312,108.80000305175781,109.02999877929688,0.0,17762900,XOM,Exxon Mobil
2024-06-20,104.63948822021484,111.73999786376953,0.0,112.62000274658203,109.58999633789062,109.91000366210938,0.0,17433200,XOM,Exxon Mobil
2024-06-21,103.72175598144531,110.76000213623047,0.0,112.69999694824219,110.76000213623047,111.9000015258789,0.0,52212500,XOM,Exxon Mobil
2024-06-24,106.80268859863281,114.05000305175781,0.0,114.52999877929688,111.63999938964844,111.63999938964844,0.0,16266700,XOM,Exxon Mobil
2024-06-25,107.10235595703125,114.37000274658203,0.0,114.55000305175781,113.45999908447266,114.11000061035156,0.0,14188900,XOM,Exxon Mobil
2024-06-26,107.13981628417969,114.41000366210938,0.0,114.81999969482422,113.13999938964844,114.38999938964844,0.0,15771800,XOM,Exxon Mobil
2024-06-27,107.59866333007812,114.9000015258789,0.0,114.98999786376953,114.11000061035156,114.98999786376953,0.0,16812700,XOM,Exxon Mobil
2024-06-28,107.80469512939453,115.12000274658203,0.0,116.54000091552734,114.68000030517578,115.86000061035156,0.0,24565900,XOM,Exxon Mobil
2024-07-01,107.65486145019531,114.95999908447266,0.0,116.73999786376953,114.52999877929688,115.70999908447266,0.0,11972900,XOM,Exxon Mobil
2024-07-02,106.92442321777344,114.18000030517578,0.0,115.94000244140625,113.48999786376953,115.9000015258789,0.0,13326700,XOM,Exxon Mobil
2024-07-03,107.46757507324219,114.76000213623047,0.0,115.66000366210938,114.2699966430664,114.2699966430664,0.0,7732900,XOM,Exxon Mobil
2024-07-05,106.16590881347656,113.37000274658203,0.0,114.62999725341797,112.69000244140625,114.61000061035156,0.0,12631000,XOM,Exxon Mobil
2024-07-08,105.05152893066406,112.18000030517578,0.0,113.55000305175781,111.41999816894531,112.38999938964844,0.0,13350500,XOM,Exxon Mobil
2024-07-09,103.89031982421875,110.94000244140625,0.0,112.54000091552734,110.62000274658203,111.11000061035156,0.0,11727000,XOM,Exxon Mobil
2024-07-10,104.80803680419922,111.91999816894531,0.0,111.95999908447266,110.41999816894531,110.91999816894531,0.0,10004100,XOM,Exxon Mobil
2024-07-11,106.05353546142578,113.25,0.0,113.31999969482422,110.93000030517578,111.43000030517578,0.0,13082700,XOM,Exxon Mobil
2024-07-12,106.07225036621094,113.2699966430664,0.0,114.1500015258789,112.62999725341797,113.98999786376953,0.0,11684900,XOM,Exxon Mobil
2024-07-15,107.88897705078125,115.20999908447266,0.0,116.16000366210938,113.58000183105469,114.2699966430664,0.0,13032500,XOM,Exxon Mobil
2024-07-16,108.6662368774414,116.04000091552734,0.0,116.3499984741211,113.70999908447266,114.3499984741211,0.0,13614100,XOM,Exxon Mobil
2024-07-17,110.16455841064453,117.63999938964844,0.0,118.18000030517578,116.55000305175781,116.73999786376953,0.0,13602800,XOM,Exxon Mobil
2024-07-18,111.25084686279297,118.80000305175781,0.0,119.91999816894531,117.44000244140625,117.94999694824219,0.0,13033600,XOM,Exxon Mobil
2024-07-19,108.69432830810547,116.06999969482422,0.0,118.87999725341797,115.87000274658203,118.58999633789062,0.0,16157700,XOM,Exxon Mobil
2024-07-22,107.94515228271484,115.2699966430664,0.0,115.94000244140625,114.58000183105469,115.18000030517578,0.0,12065900,XOM,Exxon Mobil
2024-07-23,106.20336151123047,113.41000366210938,0.0,115.16999816894531,113.16999816894531,114.80999755859375,0.0,11251700,XOM,Exxon Mobil
2024-07-24,107.70169067382812,115.01000213623047,0.0,115.19999694824219,113.06999969482422,113.7699966430664,0.0,14925200,XOM,Exxon Mobil
2024-07-25,109.96791076660156,117.43000030517578,0.0,118.02999877929688,114.55999755859375,115.16999816894531,0.0,17021700,XOM,Exxon Mobil
2024-07-26,109.87425994873047,117.33000183105469,0.0,118.02999877929688,116.47000122070312,116.7699966430664,0.0,11252500,XOM,Exxon Mobil
2024-07-29,108.72242736816406,116.0999984741211,0.0,117.38999938964844,115.37999725341797,117.31999969482422,0.0,8861800,XOM,Exxon Mobil
2024-07-30,110.66089630126953,118.16999816894531,0.0,118.5999984741211,116.2300033569336,116.36000061035156,0.0,12483900,XOM,Exxon Mobil
2024-07-31,111.05419158935547,118.58999633789062,0.0,119.76000213623047,118.55999755859375,119.63999938964844,0.0,15137700,XOM,Exxon Mobil
2024-08-01,109.5184097290039,116.94999694824219,0.0,119.48999786376953,116.36000061035156,118.3499984741211,0.0,15051500,XOM,Exxon Mobil
2024-08-02,109.4528579711914,116.87999725341797,0.0,118.87000274658203,115.41999816894531,115.97000122070312,0.0,20403800,XOM,Exxon Mobil
2024-08-05,107.47694396972656,114.7699966430664,0.0,116.02999877929688,113.25,115.54000091552734,0.0,18025900,XOM,Exxon Mobil
2024-08-06,106.90570068359375,114.16000366210938,0.0,115.62999725341797,113.62999725341797,114.44999694824219,0.0,13647800,XOM,Exxon Mobil
2024-08-07,108.32910919189453,115.68000030517578,0.0,117.12000274658203,115.26000213623047,115.44999694824219,0.0,13660700,XOM,Exxon Mobil
2024-08-08,110.398681640625,117.88999938964844,0.0,118.11000061035156,115.7300033569336,116.08000183105469,0.0,13851000,XOM,Exxon Mobil
2024-08-09,111.29766845703125,118.8499984741211,0.0,119.30999755859375,117.36000061035156,117.88999938964844,0.0,12151900,XOM,Exxon Mobil
2024-08-12,111.43814849853516,119.0,0.0,120.16999816894531,118.0199966430664,119.55000305175781,0.0,13228900,XOM,Exxon Mobil
2024-08-13,110.37059020996094,117.86000061035156,0.0,118.51000213623047,117.5,118.27999877929688,0.0,11585100,XOM,Exxon Mobil
2024-08-14,111.39131927490234,118.94999694824219,0.0,119.9000015258789,117.62999725341797,118.0999984741211,0.0,12194500,XOM,Exxon Mobil
2024-08-15,112.0804443359375,118.7300033569336,0.95,119.62999725341797,118.12000274658203,118.25,0.0,11579400,XOM,Exxon Mobil
2024-08-16,111.55180358886719,118.16999816894531,0.0,118.4800033569336,117.66000366210938,117.98999786376953,0.0,10056000,XOM,Exxon Mobil
2024-08-19,111.89163970947266,118.52999877929688,0.0,120.5,118.16999816894531,118.4000015258789,0.0,12417500,XOM,Exxon Mobil
2024-08-20,108.16287231445312,114.58000183105469,0.0,118.6500015258789,114.51000213623047,118.6500015258789,0.0,15632000,XOM,Exxon Mobil
2024-08-21,107.47373962402344,113.8499984741211,0.0,115.56999969482422,113.76000213623047,115.01000213623047,0.0,11752400,XOM,Exxon Mobil
2024-08-22,108.30445861816406,114.7300033569336,0.0,115.01000213623047,113.63999938964844,113.77999877929688,0.0,10609500,XOM,Exxon Mobil
2024-08-23,109.80541229248047,116.31999969482422,0.0,116.72000122070312,115.02999877929688,115.02999877929688,0.0,10381400,XOM,Exxon Mobil
2024-08-26,112.15596008300781,118.80999755859375,0.0,118.94000244140625,116.91999816894531,117.76000213623047,0.0,13671000,XOM,Exxon Mobil
2024-08-27,111.08924865722656,117.68000030517578,0.0,119.41000366210938,117.4000015258789,118.95999908447266,0.0,9991600,XOM,Exxon Mobil
2024-08-28,109.99420166015625,116.5199966430664,0.0,117.58000183105469,116.26000213623047,117.0,0.0,10742900,XOM,Exxon Mobil
2024-08-29,111.5140380859375,118.12999725341797,0.0,118.79000091552734,116.3499984741211,117.19999694824219,0.0,10753900,XOM,Exxon Mobil
2024-08-30,111.33467102050781,117.94000244140625,0.0,118.0199966430664,116.29000091552734,116.79000091552734,0.0,13284700,XOM,Exxon Mobil
2024-09-03,109.00301361083984,115.47000122070312,0.0,116.08999633789062,114.04000091552734,115.83999633789062,0.0,15725100,XOM,Exxon Mobil
2024-09-04,107.6719741821289,114.05999755859375,0.0,116.1500015258789,113.9800033569336,115.29000091552734,0.0,12620600,XOM,Exxon Mobil
2024-09-05,106.83183288574219,113.16999816894531,0.0,115.27999877929688,113.06999969482422,115.06999969482422,0.0,17200800,XOM,Exxon Mobil
2024-09-06,106.33151245117188,112.63999938964844,0.0,114.18000030517578,111.7300033569336,113.58999633789062,0.0,13467700,XOM,Exxon Mobil
2024-09-09,108.56877899169922,115.01000213623047,0.0,116.1500015258789,112.66000366210938,112.87000274658203,0.0,21645300,XOM,Exxon Mobil
2024-09-10,104.61344909667969,110.81999969482422,0.0,115.4000015258789,110.16999816894531,115.0999984741211,0.0,20913400,XOM,Exxon Mobil
2024-09-11,103.5750503540039,109.72000122070312,0.0,110.94999694824219,107.7699966430664,110.77999877929688,0.0,19571900,XOM,Exxon Mobil
2024-09-12,105.00048065185547,111.2300033569336,0.0,111.33000183105469,109.76000213623047,109.9000015258789,0.0,15919500,XOM,Exxon Mobil
2024-09-13,104.92496490478516,111.1500015258789,0.0,112.47000122070312,110.93000030517578,111.47000122070312,0.0,10035400,XOM,Exxon Mobil
2024-09-16,106.39759063720703,112.70999908447266,0.0,113.08999633789062,111.69000244140625,112.05000305175781,0.0,11729000,XOM,Exxon Mobil
2024-09-17,107.78526306152344,114.18000030517578,0.0,114.37000274658203,112.12000274658203,112.31999969482422,0.0,12202600,XOM,Exxon Mobil
2024-09-18,108.16287231445312,114.58000183105469,0.0,115.62999725341797,113.80999755859375,114.11000061035156,0.0,12569900,XOM,Exxon Mobil
2024-09-19,109.50332641601562,116.0,0.0,117.58000183105469,115.19000244140625,116.16000366210938,0.0,12660600,XOM,Exxon Mobil
2024-09-20,108.814208984375,115.2699966430664,0.0,115.51000213623047,114.25,115.45999908447266,0.0,36206200,XOM,Exxon Mobil
2024-09-23,110.78716278076172,117.36000061035156,0.0,117.79000091552734,115.12000274658203,115.33000183105469,0.0,16066300,XOM,Exxon Mobil
2024-09-24,110.49452209472656,117.05000305175781,0.0,118.16000366210938,116.83000183105469,117.83999633789062,0.0,11984900,XOM,Exxon Mobil
2024-09-25,108.34221649169922,114.7699966430664,0.0,117.05000305175781,114.04000091552734,116.48999786376953,0.0,13816000,XOM,Exxon Mobil
2024-09-26,106.48255920410156,112.80000305175781,0.0,113.4800033569336,111.13999938964844,111.13999938964844,0.0,16887900,XOM,Exxon Mobil
2024-09-27,109.33341217041016,115.81999969482422,0.0,116.08999633789062,113.25,113.76000213623047,0.0,15964000,XOM,Exxon Mobil
2024-09-30,110.65499877929688,117.22000122070312,0.0,117.38999938964844,114.95999908447266,115.45999908447266,0.0,13247600,XOM,Exxon Mobil
2024-10-01,113.21322631835938,119.93000030517578,0.0,120.5999984741211,115.93000030517578,116.04000091552734,0.0,23235900,XOM,Exxon Mobil
2024-10-02,114.71417236328125,121.5199966430664,0.0,122.81999969482422,120.19999694824219,121.93000030517578,0.0,17129700,XOM,Exxon Mobil
2024-10-03,115.71480560302734,122.58000183105469,0.0,123.16999816894531,120.93000030517578,121.9000015258789,0.0,16524300,XOM,Exxon Mobil
2024-10-04,117.83881378173828,124.83000183105469,0.0,125.19000244140625,122.43000030517578,123.19999694824219,0.0,19752300,XOM,Exxon Mobil
2024-10-07,118.34855651855469,125.37000274658203,0.0,126.33999633789062,124.86000061035156,125.25,0.0,15714400,XOM,Exxon Mobil
2024-10-08,115.2050552368164,122.04000091552734,0.0,124.0199966430664,121.26000213623047,123.87999725341797,0.0,14818500,XOM,Exxon Mobil
2024-10-09,115.25225067138672,122.08999633789062,0.0,122.58000183105469,120.80000305175781,120.9000015258789,0.0,11144900,XOM,Exxon Mobil
2024-10-10,116.24344635009766,123.13999938964844,0.0,123.69999694824219,122.29000091552734,123.16000366210938,0.0,10243300,XOM,Exxon Mobil
2024-10-11,116.68712615966797,123.61000061035156,0.0,124.02999877929688,122.94000244140625,123.0999984741211,0.0,8294800,XOM,Exxon Mobil
2024-10-14,117.13080596923828,124.08000183105469,0.0,124.26000213623047,122.62000274658203,123.23999786376953,0.0,9808100,XOM,Exxon Mobil
2024-10-15,113.60970306396484,120.3499984741211,0.0,121.94999694824219,119.77999877929688,120.81999969482422,0.0,15771300,XOM,Exxon Mobil
2024-10-16,113.90235137939453,120.66000366210938,0.0,121.44000244140625,120.5999984741211,120.88999938964844,0.0,8426800,XOM,Exxon Mobil
2024-10-17,113.60970306396484,120.3499984741211,0.0,121.58000183105469,119.70999908447266,120.76000213623047,0.0,11204900,XOM,Exxon Mobil
2024-10-18,113.28874206542969,120.01000213623047,0.0,120.63999938964844,119.1500015258789,120.44000244140625,0.0,12898600,XOM,Exxon Mobil
2024-10-21,113.35482025146484,120.08000183105469,0.0,121.4800033569336,119.72000122070312,120.9800033569336,0.0,10177800,XOM,Exxon Mobil
2024-10-22,113.94010162353516,120.69999694824219,0.0,121.19000244140625,119.94000244140625,120.26000213623047,0.0,9201400,XOM,Exxon Mobil
2024-10-23,113.5341796875,120.2699966430664,0.0,120.75,119.4000015258789,119.97000122070312,0.0,8320300,XOM,Exxon Mobil
2024-10-24,112.89226531982422,119.58999633789062,0.0,120.44000244140625,119.12999725341797,120.0,0.0,9905600,XOM,Exxon Mobil
2024-10-25,112.7978744506836,119.48999786376953,0.0,120.43000030517578,119.31999969482422,120.19999694824219,0.0,10714600,XOM,Exxon Mobil
2024-10-28,112.24090576171875,118.9000015258789,0.0,119.01000213623047,116.7699966430664,116.79000091552734,0.0,11844500,XOM,Exxon Mobil
2024-10-29,110.71165466308594,117.27999877929688,0.0,119.16999816894531,117.06999969482422,118.58000183105469,0.0,14731000,XOM,Exxon Mobil
2024-10-30,110.1546859741211,116.69000244140625,0.0,118.2699966430664,116.4800033569336,117.66000366210938,0.0,12303700,XOM,Exxon Mobil
2024-10-31,110.2396469116211,116.77999877929688,0.0,118.66999816894531,116.68000030517578,117.1500015258789,0.0,20512000,XOM,Exxon Mobil
2024-11-01,108.51213073730469,114.94999694824219,0.0,119.94999694824219,114.83999633789062,119.93000030517578,0.0,20939300,XOM,Exxon Mobil
2024-11-04,111.96715545654297,118.61000061035156,0.0,118.69999694824219,115.93000030517578,116.06999969482422,0.0,14965400,XOM,Exxon Mobil
2024-11-05,112.29756164550781,118.95999908447266,0.0,119.20999908447266,118.01000213623047,119.08000183105469,0.0,10436700,XOM,Exxon Mobil
2024-11-06,114.22330474853516,121.0,0.0,121.91000366210938,119.30000305175781,121.1500015258789,0.0,20807700,XOM,Exxon Mobil
2024-11-07,114.36489868164062,121.1500015258789,0.0,121.5,119.61000061035156,121.30000305175781,0.0,12184400,XOM,Exxon Mobil
2024-11-08,114.32714080810547,121.11000061035156,0.0,121.41999816894531,119.66000366210938,120.9800033569336,0.0,12836000,XOM,Exxon Mobil
2024-11-11,113.72299194335938,120.47000122070312,0.0,121.62000274658203,120.06999969482422,121.0,0.0,11969700,XOM,Exxon Mobil
2024-11-12,113.60970306396484,120.3499984741211,0.0,121.30999755859375,119.83999633789062,121.12999725341797,0.0,11972800,XOM,Exxon Mobil
2024-11-13,114.66697692871094,121.47000122070312,0.0,122.05000305175781,118.80000305175781,120.56999969482422,0.0,15127900,XOM,Exxon Mobil
2024-11-14,114.74311828613281,120.55999755859375,0.99,121.87999725341797,120.33000183105469,121.66000366210938,0.0,13041800,XOM,Exxon Mobil
2024-11-15,113.55342864990234,119.30999755859375,0.0,121.23999786376953,119.12999725341797,120.4000015258789,0.0,19051700,XOM,Exxon Mobil
2024-11-18,114.50517272949219,120.30999755859375,0.0,120.62000274658203,119.2699966430664,119.79000091552734,0.0,14239700,XOM,Exxon Mobil
2024-11-19,112.90623474121094,118.62999725341797,0.0,119.75,118.19999694824219,119.75,0.0,11584400,XOM,Exxon Mobil
2024-11-20,114.51470947265625,120.31999969482422,0.0,120.47000122070312,118.63999938964844,119.16999816894531,0.0,11360900,XOM,Exxon Mobil
2024-11-21,116.04701232910156,121.93000030517578,0.0,122.55000305175781,120.2699966430664,121.08000183105469,0.0,14675400,XOM,Exxon Mobil
2024-11-22,115.91377258300781,121.79000091552734,0.0,123.20999908447266,121.63999938964844,121.81999969482422,0.0,13323400,XOM,Exxon Mobil
2024-11-25,114.18159484863281,119.97000122070312,0.0,121.87999725341797,119.61000061035156,121.43000030517578,0.0,26580300,XOM,Exxon Mobil
2024-11-26,112.27808380126953,117.97000122070312,0.0,119.68000030517578,117.8499984741211,119.52999877929688,0.0,14827300,XOM,Exxon Mobil
2024-11-27,111.98303985595703,117.66000366210938,0.0,118.7300033569336,117.43000030517578,118.08999633789062,0.0,11079100,XOM,Exxon Mobil
2024-11-29,112.2685775756836,117.95999908447266,0.0,118.5,116.94999694824219,117.44000244140625,0.0,9426500,XOM,Exxon Mobil
2024-12-02,112.16387176513672,117.8499984741211,0.0,118.19999694824219,116.81999969482422,118.05000305175781,0.0,12687300,XOM,Exxon Mobil
2024-12-03,111.9925537109375,117.66999816894531,0.0,118.72000122070312,117.26000213623047,118.72000122070312,0.0,11756600,XOM,Exxon Mobil
2024-12-04,108.76611328125,114.27999877929688,0.0,117.55000305175781,113.86000061035156,117.5,0.0,19520600,XOM,Exxon Mobil
2024-12-05,109.24199676513672,114.77999877929688,0.0,115.62000274658203,114.05999755859375,114.70999908447266,0.0,15751200,XOM,Exxon Mobil
2024-12-06,108.09037780761719,113.56999969482422,0.0,114.7699966430664,113.5,114.54000091552734,0.0,16171100,XOM,Exxon Mobil
2024-12-09,107.45270538330078,112.9000015258789,0.0,114.94000244140625,112.75,114.63999938964844,0.0,17412600,XOM,Exxon Mobil
2024-12-10,107.23381042480469,112.66999816894531,0.0,113.87999725341797,111.75,113.58999633789062,0.0,20990900,XOM,Exxon Mobil
2024-12-11,106.51998138427734,111.91999816894531,0.0,112.38999938964844,111.11000061035156,112.0,0.0,32392200,XOM,Exxon Mobil
2024-12-12,106.42481231689453,111.81999969482422,0.0,112.37999725341797,110.77999877929688,111.58999633789062,0.0,14543300,XOM,Exxon Mobil
2024-12-13,105.49209594726562,110.83999633789062,0.0,111.9000015258789,110.25,111.9000015258789,0.0,13106100,XOM,Exxon Mobil
2024-12-16,103.2364501953125,108.47000122070312,0.0,110.4000015258789,108.16000366210938,110.19999694824219,0.0,20256100,XOM,Exxon Mobil
2024-12-17,102.79864501953125,108.01000213623047,0.0,108.16999816894531,106.79000091552734,107.23999786376953,0.0,17554000,XOM,Exxon Mobil
2024-12-18,101.28534698486328,106.41999816894531,0.0,108.83000183105469,106.30999755859375,107.56999969482422,0.0,17114500,XOM,Exxon Mobil
2024-12-19,100.41926574707031,105.51000213623047,0.0,107.66999816894531,105.20999908447266,107.38999938964844,0.0,20565600,XOM,Exxon Mobil
2024-12-20,100.76189422607422,105.87000274658203,0.0,106.13999938964844,104.83999633789062,105.44999694824219,0.0,40141200,XOM,Exxon Mobil
2024-12-23,101.17115783691406,106.30000305175781,0.0,106.5999984741211,104.91999816894531,105.30999755859375,0.0,12285100,XOM,Exxon Mobil
2024-12-24,101.26632690429688,106.4000015258789,0.0,107.19000244140625,105.69999694824219,106.5199966430664,0.0,7807000,XOM,Exxon Mobil
2024-12-26,101.35198211669922,106.48999786376953,0.0,107.02999877929688,105.94000244140625,106.5199966430664,0.0,9652400,XOM,Exxon Mobil
2024-12-27,101.34246063232422,106.4800033569336,0.0,107.98999786376953,105.7699966430664,106.30000305175781,0.0,11943900,XOM,Exxon Mobil
2024-12-30,100.6572036743164,105.76000213623047,0.0,106.55999755859375,105.51000213623047,106.30000305175781,0.0,11080800,XOM,Exxon Mobil
2024-12-31,102.37987518310547,107.56999969482422,0.0,107.9000015258789,105.77999877929688,106.16999816894531,0.0,12387800,XOM,Exxon Mobil
2025-01-02,102.13241577148438,107.30999755859375,0.0,109.0,106.87999725341797,108.27999877929688,0.0,12685400,XOM,Exxon Mobil
2025-01-03,102.6558837890625,107.86000061035156,0.0,108.48999786376953,107.45999908447266,108.0,0.0,14237900,XOM,Exxon Mobil
2025-01-06,102.54167175292969,107.73999786376953,0.0,109.77999877929688,107.5199966430664,108.23999786376953,0.0,15623700,XOM,Exxon Mobil
2025-01-07,103.50294494628906,108.75,0.0,110.05999755859375,108.27999877929688,108.94000244140625,0.0,12625900,XOM,Exxon Mobil
2025-01-08,101.770751953125,106.93000030517578,0.0,107.70999908447266,106.01000213623047,107.30999755859375,0.0,17858100,XOM,Exxon Mobil
2025-01-10,101.39956665039062,106.54000091552734,0.0,110.0999984741211,105.77999877929688,108.69999694824219,0.0,19304500,XOM,Exxon Mobil
2025-01-13,104.01689147949219,109.29000091552734,0.0,109.62999725341797,107.12999725341797,107.12999725341797,0.0,17073400,XOM,Exxon Mobil
2025-01-14,104.42613983154297,109.72000122070312,0.0,109.76000213623047,107.83000183105469,108.79000091552734,0.0,11191200,XOM,Exxon Mobil
2025-01-15,106.12977600097656,111.51000213623047,0.0,111.7300033569336,109.47000122070312,110.05000305175781,0.0,14521100,XOM,Exxon Mobil
2025-01-16,105.94894409179688,111.31999969482422,0.0,111.69000244140625,110.55000305175781,111.19000244140625,0.0,10366600,XOM,Exxon Mobil
2025-01-17,106.90068817138672,112.31999969482422,0.0,112.87000274658203,110.81999969482422,111.02999877929688,0.0,19298500,XOM,Exxon Mobil
2025-01-21,106.09170532226562,111.47000122070312,0.0,112.18000030517578,111.12999725341797,112.05000305175781,0.0,20416300,XOM,Exxon Mobil
2025-01-22,104.24530029296875,109.52999877929688,0.0,111.56999969482422,109.4000015258789,111.19999694824219,0.0,15718000,XOM,Exxon Mobil
2025-01-23,104.83538818359375,110.1500015258789,0.0,111.13999938964844,109.61000061035156,110.30999755859375,0.0,13726800,XOM,Exxon Mobil
2025-01-24,103.41727447509766,108.66000366210938,0.0,110.70999908447266,108.41000366210938,110.23999786376953,0.0,14235900,XOM,Exxon Mobil
2025-01-27,104.85441589355469,110.16999816894531,0.0,110.44999694824219,108.38999938964844,109.01000213623047,0.0,15926700,XOM,Exxon Mobil
2025-01-28,102.82720184326172,108.04000091552734,0.0,110.87000274658203,107.79000091552734,110.41000366210938,0.0,15862000,XOM,Exxon Mobil
2025-01-29,103.42680358886719,108.66999816894531,0.0,108.77999877929688,107.47000122070312,107.70999908447266,0.0,12345500,XOM,Exxon Mobil
2025-01-30,104.28337860107422,109.56999969482422,0.0,109.8499984741211,108.69999694824219,109.23999786376953,0.0,14346300,XOM,Exxon Mobil
2025-01-31,101.67558288574219,106.83000183105469,0.0,110.55000305175781,106.0999984741211,110.55000305175781,0.0,20376500,XOM,Exxon Mobil
2025-02-03,101.92303466796875,107.08999633789062,0.0,107.30000305175781,105.31999969482422,106.63999938964844,0.0,14623200,XOM,Exxon Mobil
2025-02-04,104.65455627441406,109.95999908447266,0.0,110.27999877929688,106.52999877929688,106.70999908447266,0.0,14835700,XOM,Exxon Mobil
2025-02-05,104.57842254638672,109.87999725341797,0.0,110.01000213623047,109.0999984741211,109.73999786376953,0.0,13364400,XOM,Exxon Mobil
2025-02-06,103.19837188720703,108.43000030517578,0.0,111.05000305175781,107.98999786376953,110.7699966430664,0.0,13411400,XOM,Exxon Mobil
2025-02-07,103.63618469238281,108.88999938964844,0.0,109.7300033569336,108.31999969482422,108.77999877929688,0.0,10051600,XOM,Exxon Mobil
2025-02-10,105.61582946777344,110.97000122070312,0.0,111.02999877929688,109.87999725341797,110.01000213623047,0.0,12142200,XOM,Exxon Mobil
2025-02-11,106.28205871582031,111.66999816894531,0.0,112.51000213623047,110.81999969482422,111.5999984741211,0.0,12713100,XOM,Exxon Mobil
2025-02-12,103.0843734741211,107.3499984741211,0.99,110.2300033569336,107.18000030517578,110.05000305175781,0.0,18244100,XOM,Exxon Mobil
2025-02-13,103.8333740234375,108.12999725341797,0.0,108.41000366210938,106.5199966430664,107.1500015258789,0.0,15460000,XOM,Exxon Mobil
2025-02-14,103.93901062011719,108.23999786376953,0.0,110.2300033569336,108.0999984741211,108.5199966430664,0.0,15733500,XOM,Exxon Mobil
2025-02-18,105.76351165771484,110.13999938964844,0.0,110.98999786376953,108.31999969482422,108.62999725341797,0.0,20060300,XOM,Exxon Mobil
2025-02-19,105.91715240478516,110.30000305175781,0.0,112.12999725341797,110.05999755859375,110.76000213623047,0.0,10964700,XOM,Exxon Mobil
2025-02-20,107.54960632324219,112.0,0.0,112.41999816894531,109.94999694824219,110.56999969482422,0.0,16325800,XOM,Exxon Mobil
2025-02-21,106.29166412353516,110.69000244140625,0.0,111.8499984741211,110.55999755859375,111.31999969482422,0.0,14710000,XOM,Exxon Mobil
2025-02-24,106.8486099243164,111.2699966430664,0.0,111.86000061035156,110.31999969482422,110.93000030517578,0.0,13153500,XOM,Exxon Mobil
2025-02-25,105.36980438232422,109.7300033569336,0.0,112.12999725341797,108.88999938964844,111.30000305175781,0.0,14497000,XOM,Exxon Mobil
2025-02-26,105.11053466796875,109.45999908447266,0.0,109.87000274658203,108.5199966430664,109.73999786376953,0.0,10446400,XOM,Exxon Mobil
2025-02-27,105.77310943603516,110.1500015258789,0.0,111.29000091552734,109.27999877929688,110.01000213623047,0.0,15293200,XOM,Exxon Mobil
2025-02-28,106.90621948242188,111.33000183105469,0.0,111.58000183105469,109.33999633789062,110.11000061035156,0.0,18821700,XOM,Exxon Mobil
2025-03-03,103.47808837890625,107.76000213623047,0.0,112.16000366210938,106.51000213623047,111.69999694824219,0.0,18706900,XOM,Exxon Mobil
2025-03-04,103.26683044433594,107.54000091552734,0.0,108.95999908447266,105.94000244140625,106.36000061035156,0.0,19394900,XOM,Exxon Mobil
2025-03-05,101.25025939941406,105.44000244140625,0.0,106.33000183105469,103.66999816894531,105.83999633789062,0.0,24822200,XOM,Exxon Mobil
2025-03-06,103.34364318847656,107.62000274658203,0.0,108.11000061035156,104.36000061035156,105.43000030517578,0.0,17150200,XOM,Exxon Mobil
2025-03-07,104.68800354003906,109.0199966430664,0.0,110.4000015258789,108.30000305175781,108.41000366210938,0.0,19625000,XOM,Exxon Mobil
2025-03-10,107.35755157470703,111.80000305175781,0.0,112.56999969482422,109.08000183105469,109.27999877929688,0.0,22749100,XOM,Exxon Mobil
2025-03-11,104.82244873046875,109.16000366210938,0.0,112.0999984741211,108.79000091552734,111.91999816894531,0.0,19904700,XOM,Exxon Mobil
2025-03-12,104.79364776611328,109.12999725341797,0.0,110.12999725341797,108.41999816894531,109.05000305175781,0.0,14051500,XOM,Exxon Mobil
2025-03-13,104.35191345214844,108.66999816894531,0.0,110.81999969482422,107.62999725341797,108.33000183105469,0.0,17767800,XOM,Exxon Mobil
2025-03-14,107.45357513427734,111.9000015258789,0.0,112.18000030517578,108.30999755859375,108.94000244140625,0.0,15890100,XOM,Exxon Mobil
2025-03-17,109.23967742919922,113.76000213623047,0.0,114.5,111.7300033569336,111.80000305175781,0.0,19908800,XOM,Exxon Mobil
2025-03-18,109.12443542480469,113.63999938964844,0.0,114.54000091552734,112.56999969482422,114.08999633789062,0.0,15998700,XOM,Exxon Mobil
2025-03-19,110.82410430908203,115.41000366210938,0.0,115.81999969482422,113.83000183105469,114.19999694824219,0.0,17315000,XOM,Exxon Mobil
2025-03-20,111.29463195800781,115.9000015258789,0.0,116.47000122070312,114.20999908447266,114.72000122070312,0.0,16230800,XOM,Exxon Mobil
2025-03-21,110.91053009033203,115.5,0.0,115.98999786376953,114.3499984741211,115.5,0.0,41102800,XOM,Exxon Mobil
2025-03-24,111.19860076904297,115.80000305175781,0.0,116.91000366210938,115.58000183105469,115.68000030517578,0.0,14207500,XOM,Exxon Mobil
2025-03-25,111.95721435546875,116.58999633789062,0.0,117.63999938964844,115.95999908447266,116.43000030517578,0.0,12081800,XOM,Exxon Mobil
2025-03-26,113.5704574584961,118.2699966430664,0.0,119.18000030517578,117.68000030517578,117.68000030517578,0.0,14110800,XOM,Exxon Mobil
2025-03-27,113.2055435180664,117.88999938964844,0.0,119.06999969482422,117.26000213623047,118.0999984741211,0.0,12740800,XOM,Exxon Mobil
2025-03-28,113.05191802978516,117.7300033569336,0.0,118.45999908447266,117.23999786376953,118.0999984741211,0.0,10233400,XOM,Exxon Mobil
2025-03-31,114.20423889160156,118.93000030517578,0.0,119.91000366210938,117.79000091552734,117.79000091552734,0.0,21652300,XOM,Exxon Mobil
2025-04-01,114.30986022949219,119.04000091552734,0.0,119.27999877929688,117.93000030517578,119.22000122070312,0.0,12425400,XOM,Exxon Mobil
2025-04-02,113.95455932617188,118.66999816894531,0.0,118.83999633789062,117.66000366210938,118.38999938964844,0.0,12614600,XOM,Exxon Mobil
2025-04-03,107.96251678466797,112.43000030517578,0.0,115.44999694824219,112.2300033569336,114.37000274658203,0.0,21204600,XOM,Exxon Mobil
2025-04-04,100.19397735595703,104.33999633789062,0.0,110.83000183105469,103.83000183105469,109.87000274658203,0.0,30841300,XOM,Exxon Mobil
2025-04-07,98.849609375,102.94000244140625,0.0,105.80000305175781,98.45999908447266,100.38999938964844,0.0,35068500,XOM,Exxon Mobil
2025-04-08,96.76582336425781,100.7699966430664,0.0,105.5999984741211,99.01000213623047,105.45999908447266,0.0,27147800,XOM,Exxon Mobil
2025-04-09,101.59596252441406,105.80000305175781,0.0,106.58000183105469,98.12999725341797,99.37000274658203,0.0,30063300,XOM,Exxon Mobil
2025-04-10,95.95921325683594,99.93000030517578,0.0,103.77999877929688,97.80000305175781,103.70999908447266,0.0,33999300,XOM,Exxon Mobil
2025-04-11,99.04165649414062,103.13999938964844,0.0,103.93000030517578,98.79000091552734,100.30000305175781,0.0,22884600,XOM,Exxon Mobil
2025-04-14,99.2817153930664,103.38999938964844,0.0,105.08999633789062,102.72000122070312,105.02999877929688,0.0,18020000,XOM,Exxon Mobil
2025-04-15,99.00324249267578,103.0999984741211,0.0,105.41000366210938,103.0,103.63999938964844,0.0,13164900,XOM,Exxon Mobil
2025-04-16,100.04993438720703,104.19000244140625,0.0,105.58999633789062,103.69999694824219,103.94999694824219,0.0,13607000,XOM,Exxon Mobil
2025-04-17,102.67145538330078,106.91999816894531,0.0,108.55000305175781,104.45999908447266,104.69000244140625,0.0,17916500,XOM,Exxon Mobil
2025-04-21,101.16383361816406,105.3499984741211,0.0,105.62999725341797,104.12000274658203,105.61000061035156,0.0,16926500,XOM,Exxon Mobil
2025-04-22,103.99662780761719,108.30000305175781,0.0,108.94000244140625,106.13999938964844,106.13999938964844,0.0,13147000,XOM,Exxon Mobil
2025-04-23,103.10358428955078,107.37000274658203,0.0,109.30000305175781,106.47000122070312,108.80999755859375,0.0,14235700,XOM,Exxon Mobil
2025-04-24,104.31351470947266,108.62999725341797,0.0,108.87999725341797,106.95999908447266,107.97000122070312,0.0,9849600,XOM,Exxon Mobil
2025-04-25,104.25590515136719,108.56999969482422,0.0,108.76000213623047,107.41999816894531,108.13999938964844,0.0,11245800,XOM,Exxon Mobil
2025-04-28,104.31351470947266,108.62999725341797,0.0,109.25,107.68000030517578,108.75,0.0,13890900,XOM,Exxon Mobil
2025-04-29,104.05424499511719,108.36000061035156,0.0,108.83000183105469,107.5199966430664,107.73999786376953,0.0,9483100,XOM,Exxon Mobil
2025-04-30,101.4327163696289,105.62999725341797,0.0,107.41999816894531,104.1500015258789,107.41999816894531,0.0,20379300,XOM,Exxon Mobil
2025-05-01,101.5767593383789,105.77999877929688,0.0,106.91999816894531,104.9800033569336,105.0999984741211,0.0,18610300,XOM,Exxon Mobil
2025-05-02,101.98967742919922,106.20999908447266,0.0,109.0,104.55000305175781,107.72000122070312,0.0,16581900,XOM,Exxon Mobil
2025-05-05,99.16648864746094,103.2699966430664,0.0,104.66000366210938,103.06999969482422,104.6500015258789,0.0,19624000,XOM,Exxon Mobil
2025-05-06,100.54927825927734,104.70999908447266,0.0,105.9800033569336,103.4800033569336,103.88999938964844,0.0,16303400,XOM,Exxon Mobil
2025-05-07,100.4532470703125,104.61000061035156,0.0,105.29000091552734,104.06999969482422,104.98999786376953,0.0,12332200,XOM,Exxon Mobil
2025-05-08,101.85523223876953,106.06999969482422,0.0,107.38999938964844,105.33999633789062,105.33999633789062,0.0,19196500,XOM,Exxon Mobil
2025-05-09,103.04595947265625,107.30999755859375,0.0,107.75,106.37999725341797,107.13999938964844,0.0,10992100,XOM,Exxon Mobil
2025-05-12,104.82244873046875,109.16000366210938,0.0,110.44000244140625,108.31999969482422,110.2699966430664,0.0,14244600,XOM,Exxon Mobil
2025-05-13,105.11053466796875,109.45999908447266,0.0,110.51000213623047,109.0199966430664,109.31999969482422,0.0,13350800,XOM,Exxon Mobil
2025-05-14,104.16947937011719,108.4800033569336,0.0,108.86000061035156,107.93000030517578,108.86000061035156,0.0,15494900,XOM,Exxon Mobil
2025-05-15,105.22579956054688,108.58000183105469,0.99,108.6500015258789,105.97000122070312,106.48999786376953,0.0,15004300,XOM,Exxon Mobil
2025-05-16,104.84784698486328,108.19000244140625,0.0,108.88999938964844,107.44999694824219,108.6500015258789,0.0,14042500,XOM,Exxon Mobil
2025-05-19,103.18098449707031,106.47000122070312,0.0,107.56999969482422,105.72000122070312,107.56999969482422,0.0,16802700,XOM,Exxon Mobil
2025-05-20,101.70793151855469,104.94999694824219,0.0,106.72000122070312,104.77999877929688,106.38999938964844,0.0,12429300,XOM,Exxon Mobil
2025-05-21,100.45779418945312,103.66000366210938,0.0,104.97000122070312,103.63999938964844,104.52999877929688,0.0,16716100,XOM,Exxon Mobil
2025-05-22,99.78910827636719,102.97000122070312,0.0,103.47000122070312,101.88999938964844,103.05999755859375,0.0,13417400,XOM,Exxon Mobil
2025-05-23,99.84725189208984,103.02999877929688,0.0,103.47000122070312,102.06999969482422,102.5999984741211,0.0,12061600,XOM,Exxon Mobil
2025-05-27,100.32210540771484,103.5199966430664,0.0,103.86000061035156,102.9000015258789,103.48999786376953,0.0,13043600,XOM,Exxon Mobil
2025-05-28,98.95567321777344,102.11000061035156,0.0,104.43000030517578,101.79000091552734,104.29000091552734,0.0,14292400,XOM,Exxon Mobil
2025-05-29,99.51775360107422,102.69000244140625,0.0,102.8499984741211,101.75,102.27999877929688,0.0,13825300,XOM,Exxon Mobil
2025-05-30,99.13980865478516,102.30000305175781,0.0,102.38999938964844,101.19000244140625,102.16000366210938,0.0,28645800,XOM,Exxon Mobil
2025-06-02,99.86663818359375,103.05000305175781,0.0,103.8499984741211,102.22000122070312,103.75,0.0,17290500,XOM,Exxon Mobil
2025-06-03,100.59346771240234,103.80000305175781,0.0,104.66000366210938,102.20999908447266,102.9000015258789,0.0,19194300,XOM,Exxon Mobil
2025-06-04,99.13980865478516,102.30000305175781,0.0,104.91999816894531,102.30000305175781,103.91999816894531,0.0,15648500,XOM,Exxon Mobil
2025-06-05,98.68431854248047,101.83000183105469,0.0,103.05000305175781,101.7300033569336,102.9800033569336,0.0,13924800,XOM,Exxon Mobil
2025-06-06,101.04893493652344,104.2699966430664,0.0,104.5,102.68000030517578,102.76000213623047,0.0,15487800,XOM,Exxon Mobil
2025-06-09,101.7273178100586,104.97000122070312,0.0,105.8499984741211,103.83000183105469,104.33000183105469,0.0,17087300,XOM,Exxon Mobil
2025-06-10,103.9078140258789,107.22000122070312,0.0,107.6500015258789,105.93000030517578,106.08000183105469,0.0,17634800,XOM,Exxon Mobil
2025-06-11,105.9332504272461,109.30999755859375,0.0,109.38999938964844,106.45999908447266,107.76000213623047,0.0,22648200,XOM,Exxon Mobil
2025-06-12,106.34027862548828,109.7300033569336,0.0,110.19000244140625,108.22000122070312,108.91999816894531,0.0,17469400,XOM,Exxon Mobil
2025-06-13,108.65644836425781,112.12000274658203,0.0,112.52999877929688,110.68000030517578,112.3499984741211,0.0,28540200,XOM,Exxon Mobil
2025-06-16,109.00532531738281,112.4800033569336,0.0,113.16000366210938,111.12999725341797,111.81999969482422,0.0,22986100,XOM,Exxon Mobil
2025-06-17,110.4783706665039,114.0,0.0,114.93000030517578,113.11000061035156,113.94999694824219,0.0,19451700,XOM,Exxon Mobil
2025-06-18,109.69339752197266,113.19000244140625,0.0,115.23999786376953,112.94000244140625,114.61000061035156,0.0,17968900,XOM,Exxon Mobil
2025-06-20,111.15674591064453,114.69999694824219,0.0,115.04000091552734,113.18000030517578,113.44999694824219,0.0,36273300,XOM,Exxon Mobil
2025-06-23,108.28817749023438,111.73999786376953,0.0,116.94999694824219,111.16000366210938,116.69999694824219,0.0,26631100,XOM,Exxon Mobil
2025-06-24,104.99320983886719,108.33999633789062,0.0,110.94000244140625,107.91000366210938,109.25,0.0,24828300,XOM,Exxon Mobil
2025-06-25,105.02229309082031,108.37000274658203,0.0,109.23999786376953,107.69999694824219,108.11000061035156,0.0,17483200,XOM,Exxon Mobil
2025-06-26,106.59224700927734,109.98999786376953,0.0,110.44000244140625,108.55000305175781,108.94000244140625,0.0,18304800,XOM,Exxon Mobil
2025-06-27,106.00109100341797,109.37999725341797,0.0,110.0999984741211,108.37000274658203,109.94000244140625,0.0,22002100,XOM,Exxon Mobil
2025-06-30,104.46989440917969,107.80000305175781,0.0,108.83999633789062,107.72000122070312,108.63999938964844,0.0,19199000,XOM,Exxon Mobil
2025-07-01,105.86540222167969,109.23999786376953,0.0,109.63999938964844,107.1500015258789,108.12999725341797,0.0,15536900,XOM,Exxon Mobil
2025-07-02,107.61949920654297,111.05000305175781,0.0,111.36000061035156,108.83000183105469,110.0,0.0,11892200,XOM,Exxon Mobil
2025-07-03,108.73397827148438,112.19999694824219,0.0,112.47000122070312,110.62000274658203,110.86000061035156,0.0,11223600,XOM,Exxon Mobil
2025-07-07,107.67765045166016,111.11000061035156,0.0,112.05000305175781,110.22000122070312,111.54000091552734,0.0,15415900,XOM,Exxon Mobil
2025-07-08,110.6624984741211,114.19000244140625,0.0,114.45999908447266,110.8499984741211,110.88999938964844,0.0,17913400,XOM,Exxon Mobil
2025-07-09,110.2845458984375,113.80000305175781,0.0,114.2699966430664,113.2699966430664,113.91999816894531,0.0,10652100,XOM,Exxon Mobil
2025-07-10,111.379638671875,114.93000030517578,0.0,115.2699966430664,113.06999969482422,113.70999908447266,0.0,14901700,XOM,Exxon Mobil
2025-07-11,111.86418914794922,115.43000030517578,0.0,115.76000213623047,114.51000213623047,114.8499984741211,0.0,11683900,XOM,Exxon Mobil
2025-07-14,110.40084075927734,113.91999816894531,0.0,115.2300033569336,113.22000122070312,115.2300033569336,0.0,13220300,XOM,Exxon Mobil
2025-07-15,109.42204284667969,112.91000366210938,0.0,114.05999755859375,112.5999984741211,113.66000366210938,0.0,10959300,XOM,Exxon Mobil
2025-07-16,108.76304626464844,112.2300033569336,0.0,113.5,112.0999984741211,112.87999725341797,0.0,11158900,XOM,Exxon Mobil
2025-07-17,108.21066284179688,111.66000366210938,0.0,112.2300033569336,111.08999633789062,111.48999786376953,0.0,13151400,XOM,Exxon Mobil
2025-07-18,104.4408187866211,107.7699966430664,0.0,111.7300033569336,107.33999633789062,111.11000061035156,0.0,32366600,XOM,Exxon Mobil
2025-07-21,104.7121810913086,108.05000305175781,0.0,108.7699966430664,107.44000244140625,107.5999984741211,0.0,17010400,XOM,Exxon Mobil
2025-07-22,105.18704223632812,108.54000091552734,0.0,109.44000244140625,107.61000061035156,107.9800033569336,0.0,13970900,XOM,Exxon Mobil
2025-07-23,106.53410339355469,109.93000030517578,0.0,110.0,108.8499984741211,108.93000030517578,0.0,12002700,XOM,Exxon Mobil
2025-07-24,107.3675308227539,110.79000091552734,0.0,110.94999694824219,109.12999725341797,109.66000366210938,0.0,15647200,XOM,Exxon Mobil
2025-07-25,106.98957824707031,110.4000015258789,0.0,110.9800033569336,109.69999694824219,110.7300033569336,0.0,10548900,XOM,Exxon Mobil
2025-07-28,107.99745178222656,111.44000244140625,0.0,112.11000061035156,110.83999633789062,111.0,0.0,12353000,XOM,Exxon Mobil
2025-07-29,109.39295959472656,112.87999725341797,0.0,113.0,111.41000366210938,111.9000015258789,0.0,15928000,XOM,Exxon Mobil
2025-07-30,108.44324493408203,111.9000015258789,0.0,112.61000061035156,111.26000213623047,112.41000366210938,0.0,12996900,XOM,Exxon Mobil
2025-07-31,108.19126892089844,111.63999938964844,0.0,112.5,110.36000061035156,110.36000061035156,0.0,17233700,XOM,Exxon Mobil
2025-08-01,106.2530517578125,109.63999938964844,0.0,112.54000091552734,108.86000061035156,112.0,0.0,19652000,XOM,Exxon Mobil
2025-08-04,104.05318450927734,107.37000274658203,0.0,109.91999816894531,107.08999633789062,109.22000122070312,0.0,19129500,XOM,Exxon Mobil
2025-08-05,103.92719268798828,107.23999786376953,0.0,107.81999969482422,106.06999969482422,107.22000122070312,0.0,21314300,XOM,Exxon Mobil
2025-08-06,103.2197494506836,106.51000213623047,0.0,109.05000305175781,106.37000274658203,108.30999755859375,0.0,15321800,XOM,Exxon Mobil
2025-08-07,102.67704010009766,105.94999694824219,0.0,108.05999755859375,105.88999938964844,107.13999938964844,0.0,13468300,XOM,Exxon Mobil
2025-08-08,103.50078582763672,106.80000305175781,0.0,107.51000213623047,105.94999694824219,106.5,0.0,14417700,XOM,Exxon Mobil
2025-08-11,102.56075286865234,105.83000183105469,0.0,107.52999877929688,105.52999877929688,107.11000061035156,0.0,13570700,XOM,Exxon Mobil
2025-08-12,102.85147857666016,106.12999725341797,0.0,107.27999877929688,105.77999877929688,106.33999633789062,0.0,14109400,XOM,Exxon Mobil
2025-08-13,104.27607727050781,107.5999984741211,0.0,107.5999984741211,105.73999786376953,106.0,0.0,17958700,XOM,Exxon Mobil
2025-08-14,104.06287384033203,107.37999725341797,0.0,107.58999633789062,106.44000244140625,107.55000305175781,0.0,13683500,XOM,Exxon Mobil
2025-08-15,104.16068267822266,106.48999786376953,0.99,107.55999755859375,105.94999694824219,106.19000244140625,0.0,19271900,XOM,Exxon Mobil
2025-08-18,104.38565063476562,106.72000122070312,0.0,107.2300033569336,105.66999816894531,106.0999984741211,0.0,13040000,XOM,Exxon Mobil
2025-08-19,105.0703353881836,107.41999816894531,0.0,107.45999908447266,106.1500015258789,106.19999694824219,0.0,16113600,XOM,Exxon Mobil
2025-08-20,106.15605926513672,108.52999877929688,0.0,109.33000183105469,107.68000030517578,107.87999725341797,0.0,18959700,XOM,Exxon Mobil
2025-08-21,106.84075164794922,109.2300033569336,0.0,109.56999969482422,107.95999908447266,108.41999816894531,0.0,12194900,XOM,Exxon Mobil
2025-08-22,108.84590911865234,111.27999877929688,0.0,111.41000366210938,109.5999984741211,109.5999984741211,0.0,13586700,XOM,Exxon Mobil
2025-08-25,109.29584503173828,111.73999786376953,0.0,111.91999816894531,110.54000091552734,110.9000015258789,0.0,9744900,XOM,Exxon Mobil
2025-08-26,109.05131530761719,111.48999786376953,0.0,111.80999755859375,110.36000061035156,111.37000274658203,0.0,18143900,XOM,Exxon Mobil
2025-08-27,110.28376007080078,112.75,0.0,112.9800033569336,111.41999816894531,111.41999816894531,0.0,15262600,XOM,Exxon Mobil
2025-08-28,110.87062072753906,113.3499984741211,0.0,113.6500015258789,112.06999969482422,112.87000274658203,0.0,14189800,XOM,Exxon Mobil
2025-08-29,111.79006958007812,114.29000091552734,0.0,114.79000091552734,113.58000183105469,113.72000122070312,0.0,14597900,XOM,Exxon Mobil
2025-09-02,112.18132019042969,114.69000244140625,0.0,115.23999786376953,113.33000183105469,114.18000030517578,0.0,15206700,XOM,Exxon Mobil
2025-09-03,109.4621353149414,111.91000366210938,0.0,114.43000030517578,111.45999908447266,113.97000122070312,0.0,14920100,XOM,Exxon Mobil
2025-09-04,109.94141387939453,112.4000015258789,0.0,113.12999725341797,111.37999725341797,112.11000061035156,0.0,12864400,XOM,Exxon Mobil
2025-09-05,106.84075164794922,109.2300033569336,0.0,111.77999877929688,109.0199966430664,111.5999984741211,0.0,16826700,XOM,Exxon Mobil
2025-09-08,107.44718170166016,109.8499984741211,0.0,110.05000305175781,108.3499984741211,109.7300033569336,0.0,15440500,XOM,Exxon Mobil
2025-09-09,108.22969055175781,110.6500015258789,0.0,112.51000213623047,110.52999877929688,110.52999877929688,0.0,14899500,XOM,Exxon Mobil
2025-09-10,110.03922271728516,112.5,0.0,112.55999755859375,110.83999633789062,111.16000366210938,0.0,15837600,XOM,Exxon Mobil
2025-09-11,109.68709564208984,112.13999938964844,0.0,112.7699966430664,110.87000274658203,111.4000015258789,0.0,11534500,XOM,Exxon Mobil
2025-09-12,109.7066650390625,112.16000366210938,0.0,113.22000122070312,111.87999725341797,112.86000061035156,0.0,11105700,XOM,Exxon Mobil
2025-09-15,109.89250183105469,112.3499984741211,0.0,112.45999908447266,111.31999969482422,112.18000030517578,0.0,12880500,XOM,Exxon Mobil
2025-09-16,112.17153930664062,114.68000030517578,0.0,115.31999969482422,112.77999877929688,112.95999908447266,0.0,17208000,XOM,Exxon Mobil
2025-09-17,112.76819610595703,115.29000091552734,0.0,115.48999786376953,114.05000305175781,114.52999877929688,0.0,13302000,XOM,Exxon Mobil
2025-09-18,111.43794250488281,113.93000030517578,0.0,115.3499984741211,113.4000015258789,115.16999816894531,0.0,14628700,XOM,Exxon Mobil
2025-09-19,110.35222625732422,112.81999969482422,0.0,113.9800033569336,112.63999938964844,113.9000015258789,0.0,38746500,XOM,Exxon Mobil
2025-09-22,109.5697250366211,112.0199966430664,0.0,112.80000305175781,111.55999755859375,112.44999694824219,0.0,15611500,XOM,Exxon Mobil
2025-09-23,111.4574966430664,113.94999694824219,0.0,114.75,112.4800033569336,112.72000122070312,0.0,25369100,XOM,Exxon Mobil
2025-09-24,112.05415344238281,114.55999755859375,0.0,115.76000213623047,114.47000122070312,114.56999969482422,0.0,14756100,XOM,Exxon Mobil
2025-09-25,113.0616226196289,115.58999633789062,0.0,115.9000015258789,114.41000366210938,114.63999938964844,0.0,15012600,XOM,Exxon Mobil
2025-09-26,114.6559829711914,117.22000122070312,0.0,118.36000061035156,115.91999816894531,115.95999908447266,0.0,18568900,XOM,Exxon Mobil
2025-09-29,111.72160339355469,114.22000122070312,0.0,116.5,113.66999816894531,116.05999755859375,0.0,19189300,XOM,Exxon Mobil
2025-09-30,110.28376007080078,112.75,0.0,113.48999786376953,111.94000244140625,113.3499984741211,0.0,18076200,XOM,Exxon Mobil
2025-10-01,109.54037475585938,111.98999786376953,0.0,113.0199966430664,111.29000091552734,112.55999755859375,0.0,16614000,XOM,Exxon Mobil
2025-10-02,108.8556900024414,111.29000091552734,0.0,113.08999633789062,111.02999877929688,111.97000122070312,0.0,13062600,XOM,Exxon Mobil
2025-10-03,110.78260040283203,113.26000213623047,0.0,113.75,111.9000015258789,111.9000015258789,0.0,12950100,XOM,Exxon Mobil
2025-10-06,111.70203399658203,114.19999694824219,0.0,114.7699966430664,113.18000030517578,113.29000091552734,0.0,12036800,XOM,Exxon Mobil
2025-10-07,111.76072692871094,114.26000213623047,0.0,114.51000213623047,111.73999786376953,114.06999969482422,0.0,11945000,XOM,Exxon Mobil
2025-10-08,111.52597045898438,114.0199966430664,0.0,115.01000213623047,113.41000366210938,114.37999725341797,0.0,12301000,XOM,Exxon Mobil
2025-10-09,110.44026184082031,112.91000366210938,0.0,115.51000213623047,112.73999786376953,114.43000030517578,0.0,10976200,XOM,Exxon Mobil
2025-10-10,108.30794525146484,110.7300033569336,0.0,112.62000274658203,110.70999908447266,112.26000213623047,0.0,13811600,XOM,Exxon Mobil
2025-10-13,109.78490447998047,112.23999786376953,0.0,112.30000305175781,111.31999969482422,111.54000091552734,0.0,10296500,XOM,Exxon Mobil
2025-10-14,109.83381652832031,112.29000091552734,0.0,112.95999908447266,110.70999908447266,110.76000213623047,0.0,11167200,XOM,Exxon Mobil
2025-10-15,109.16868591308594,111.61000061035156,0.0,113.56999969482422,110.97000122070312,112.80000305175781,0.0,12182900,XOM,Exxon Mobil
2025-10-16,108.21990203857422,110.63999938964844,0.0,112.19000244140625,110.38999938964844,111.87999725341797,0.0,11782200,XOM,Exxon Mobil
2025-10-17,109.78490447998047,112.23999786376953,0.0,112.91000366210938,111.18000030517578,111.62999725341797,0.0,13460100,XOM,Exxon Mobil
2025-10-20,110.23484802246094,112.69999694824219,0.0,113.1500015258789,111.9800033569336,112.0,0.0,9523600,XOM,Exxon Mobil
2025-10-21,110.24462890625,112.70999908447266,0.0,113.36000061035156,111.98999786376953,112.88999938964844,0.0,9202300,XOM,Exxon Mobil
2025-10-22,112.20088195800781,114.70999908447266,0.0,115.18000030517578,113.08000183105469,113.44999694824219,0.0,12938800,XOM,Exxon Mobil
2025-10-23,113.44309997558594,115.9800033569336,0.0,116.8499984741211,115.36000061035156,116.62999725341797,0.0,15001100,XOM,Exxon Mobil
2025-10-24,112.86601257324219,115.38999938964844,0.0,116.47000122070312,115.18000030517578,116.3499984741211,0.0,9919400,XOM,Exxon Mobil
2025-10-27,113.40398406982422,115.94000244140625,0.0,115.98999786376953,115.0999984741211,115.69999694824219,0.0,10975400,XOM,Exxon Mobil
2025-10-28,112.51387786865234,115.02999877929688,0.0,116.18000030517578,114.98999786376953,115.48999786376953,0.0,9535200,XOM,Exxon Mobil
2025-10-29,113.90281677246094,116.44999694824219,0.0,117.05000305175781,114.80999755859375,114.91999816894531,0.0,12570600,XOM,Exxon Mobil
2025-10-30,112.18132019042969,114.69000244140625,0.0,116.5199966430664,114.52999877929688,116.43000030517578,0.0,16172900,XOM,Exxon Mobil
2025-10-31,111.8585433959961,114.36000061035156,0.0,115.2300033569336,112.62000274658203,113.9800033569336,0.0,20213400,XOM,Exxon Mobil
2025-11-03,111.27166748046875,113.76000213623047,0.0,114.98999786376953,113.63999938964844,114.5,0.0,12290300,XOM,Exxon Mobil
2025-11-04,111.64334106445312,114.13999938964844,0.0,114.3499984741211,112.51000213623047,113.37999725341797,0.0,16860700,XOM,Exxon Mobil
2025-11-05,111.19341278076172,113.68000030517578,0.0,115.18000030517578,113.66999816894531,114.08999633789062,0.0,12400900,XOM,Exxon Mobil
2025-11-06,111.99547576904297,114.5,0.0,114.94000244140625,113.63999938964844,113.63999938964844,0.0,14219700,XOM,Exxon Mobil
2025-11-07,114.6559829711914,117.22000122070312,0.0,117.51000213623047,114.9000015258789,115.20999908447266,0.0,17181100,XOM,Exxon Mobil
2025-11-10,115.63410186767578,118.22000122070312,0.0,118.44999694824219,115.45999908447266,117.44000244140625,0.0,13048000,XOM,Exxon Mobil
2025-11-11,117.15998840332031,119.77999877929688,0.0,120.80999755859375,118.83000183105469,118.83000183105469,0.0,16077100,XOM,Exxon Mobil
2025-11-12,115.53629302978516,118.12000274658203,0.0,119.27999877929688,117.79000091552734,119.0999984741211,0.0,13790900,XOM,Exxon Mobil
2025-11-13,116.19163513183594,118.79000091552734,0.0,119.76000213623047,118.27999877929688,118.62999725341797,0.0,17291900,XOM,Exxon Mobil
2025-11-14,117.70126342773438,119.29000091552734,1.03,119.4800033569336,116.66000366210938,118.44999694824219,0.0,17064300,XOM,Exxon Mobil
2025-11-17,116.11270141601562,117.68000030517578,0.0,119.5,117.11000061035156,118.97000122070312,0.0,16034900,XOM,Exxon Mobil
2025-11-18,117.44471740722656,119.02999877929688,0.0,119.4800033569336,116.4800033569336,117.26000213623047,0.0,15808500,XOM,Exxon Mobil
2025-11-19,115.78709411621094,117.3499984741211,0.0,118.18000030517578,115.93000030517578,116.8499984741211,0.0,15919200,XOM,Exxon Mobil
2025-11-20,115.46148681640625,117.0199966430664,0.0,119.01000213623047,116.73999786376953,117.9800033569336,0.0,14401000,XOM,Exxon Mobil
2025-11-21,115.52069091796875,117.08000183105469,0.0,117.37999725341797,115.6500015258789,116.98999786376953,0.0,15667600,XOM,Exxon Mobil
2025-11-24,114.42547607421875,115.97000122070312,0.0,117.19999694824219,114.73999786376953,117.19999694824219,0.0,18034900,XOM,Exxon Mobil
2025-11-25,112.98491668701172,114.51000213623047,0.0,115.9000015258789,114.19000244140625,115.18000030517578,0.0,14434600,XOM,Exxon Mobil
2025-11-26,113.241455078125,114.7699966430664,0.0,115.73999786376953,114.30999755859375,114.41000366210938,0.0,11650600,XOM,Exxon Mobil
2025-11-28,114.37613677978516,115.91999816894531,0.0,118.73999786376953,114.81999969482422,114.94999694824219,0.0,7240800,XOM,Exxon Mobil
2025-12-01,115.0766830444336,116.62999725341797,0.0,117.41000366210938,116.0999984741211,116.0999984741211,0.0,12658100,XOM,Exxon Mobil
2025-12-02,113.84333038330078,115.37999725341797,0.0,116.5999984741211,114.69000244140625,116.44000244140625,0.0,14607700,XOM,Exxon Mobil
2025-12-03,116.2311019897461,117.80000305175781,0.0,117.9800033569336,115.87999725341797,115.94999694824219,0.0,16819100,XOM,Exxon Mobil
2025-12-04,115.57988739013672,117.13999938964844,0.0,118.33999633789062,116.66000366210938,117.5,0.0,13686900,XOM,Exxon Mobil
2025-12-05,114.9878921508789,116.54000091552734,0.0,118.77999877929688,116.41000366210938,116.75,0.0,12516900,XOM,Exxon Mobil
2025-12-08,114.43534088134766,115.9800033569336,0.0,117.0,115.04000091552734,115.83000183105469,0.0,14904200,XOM,Exxon Mobil
2025-12-09,116.67510986328125,118.25,0.0,120.47000122070312,116.88999938964844,116.9000015258789,0.0,23790800,XOM,Exxon Mobil
2025-12-10,117.94792938232422,119.54000091552734,0.0,119.87000274658203,118.37000274658203,118.7300033569336,0.0,19845200,XOM,Exxon Mobil
2025-12-11,117.94792938232422,119.54000091552734,0.0,120.36000061035156,119.06999969482422,119.11000061035156,0.0,14781800,XOM,Exxon Mobil
2025-12-12,117.23751831054688,118.81999969482422,0.0,119.91999816894531,118.30999755859375,119.44000244140625,0.0,14459500,XOM,Exxon Mobil
2025-12-15,116.19164276123047,117.76000213623047,0.0,119.02999877929688,116.8499984741211,119.01000213623047,0.0,16358700,XOM,Exxon Mobil
2025-12-16,113.15265655517578,114.68000030517578,0.0,116.83999633789062,114.61000061035156,116.7699966430664,0.0,17638700,XOM,Exxon Mobil
2025-12-17,115.84630584716797,117.41000366210938,0.0,117.62000274658203,115.16999816894531,115.20999908447266,0.0,18502200,XOM,Exxon Mobil
2025-12-18,114.9878921508789,116.54000091552734,0.0,116.98999786376953,115.62999725341797,116.98999786376953,0.0,13705600,XOM,Exxon Mobil
2025-12-19,115.1358871459961,116.69000244140625,0.0,117.56999969482422,115.95999908447266,116.75,0.0,45412800,XOM,Exxon Mobil
2025-12-22,116.57644653320312,118.1500015258789,0.0,118.45999908447266,117.33999633789062,117.33999633789062,0.0,11768600,XOM,Exxon Mobil
2025-12-23,117.82952880859375,119.41999816894531,0.0,120.02999877929688,118.31999969482422,118.47000122070312,0.0,12567600,XOM,Exxon Mobil
2025-12-24,117.63218688964844,119.22000122070312,0.0,120.05000305175781,119.12000274658203,119.33000183105469,0.0,6137400,XOM,Exxon Mobil
2025-12-26,117.5236587524414,119.11000061035156,0.0,119.55000305175781,118.52999877929688,118.88999938964844,0.0,8066100,XOM,Exxon Mobil
2025-12-29,118.92474365234375,120.52999877929688,0.0,121.30000305175781,119.4000015258789,120.1500015258789,0.0,14782500,XOM,Exxon Mobil
2025-12-30,119.37861633300781,120.98999786376953,0.0,121.80000305175781,120.62999725341797,121.0999984741211,0.0,11150500,XOM,Exxon Mobil
2025-12-31,118.73727416992188,120.33999633789062,0.0,121.26000213623047,119.87000274658203,121.18000030517578,0.0,10559900,XOM,Exxon Mobil
2026-01-02,121.01651763916016,122.6500015258789,0.0,122.68000030517578,119.61000061035156,120.08999633789062,0.0,14175100,XOM,Exxon Mobil
2026-01-05,123.69042205810547,125.36000061035156,0.0,125.93000030517578,122.38999938964844,125.20999908447266,0.0,30112200,XOM,Exxon Mobil
2026-01-06,119.43782043457031,121.05000305175781,0.0,125.80000305175781,121.0,125.3499984741211,0.0,23328600,XOM,Exxon Mobil
2026-01-07,116.91191101074219,118.48999786376953,0.0,120.12000274658203,118.2699966430664,119.80000305175781,0.0,20353000,XOM,Exxon Mobil
2026-01-08,121.27305603027344,122.91000366210938,0.0,123.62999725341797,118.66000366210938,118.9800033569336,0.0,20232700,XOM,Exxon Mobil
2026-01-09,122.95040893554688,124.61000061035156,0.0,124.86000061035156,123.0999984741211,123.2300033569336,0.0,16137700,XOM,Exxon Mobil
2026-01-12,122.37812805175781,124.02999877929688,0.0,124.5,122.55999755859375,124.45999908447266,0.0,15314900,XOM,Exxon Mobil
2026-01-13,124.85469818115234,126.54000091552734,0.0,127.13999938964844,124.80999755859375,125.0,0.0,21619700,XOM,Exxon Mobil
2026-01-14,128.4659423828125,130.1999969482422,0.0,131.72000122070312,127.12999725341797,127.3499984741211,0.0,27593900,XOM,Exxon Mobil
2026-01-15,127.41020965576172,129.1300048828125,0.0,130.1999969482422,128.3000030517578,129.1300048828125,0.0,17400000,XOM,Exxon Mobil
2026-01-16,128.1600799560547,129.88999938964844,0.0,130.16000366210938,128.8699951171875,128.91000366210938,0.0,16592400,XOM,Exxon Mobil
2026-01-20,128.72250366210938,130.4600067138672,0.0,131.94000244140625,130.07000732421875,131.50999450683594,0.0,16477300,XOM,Exxon Mobil
2026-01-21,131.83055114746094,133.61000061035156,0.0,133.72999572753906,131.91000366210938,131.91000366210938,0.0,18879900,XOM,Exxon Mobil
2026-01-22,131.8601531982422,133.63999938964844,0.0,134.17999267578125,131.85000610351562,133.0500030517578,0.0,16600100,XOM,Exxon Mobil
2026-01-23,133.17242431640625,134.97000122070312,0.0,135.97999572753906,134.47999572753906,135.08999633789062,0.0,17758200,XOM,Exxon Mobil
2026-01-26,133.0441436767578,134.83999633789062,0.0,136.94000244140625,134.1699981689453,136.92999267578125,0.0,16056100,XOM,Exxon Mobil
2026-01-27,135.00765991210938,136.8300018310547,0.0,136.92999267578125,134.7100067138672,135.25,0.0,14517000,XOM,Exxon Mobil
2026-01-28,135.74766540527344,137.5800018310547,0.0,138.00999450683594,136.6699981689453,137.69000244140625,0.0,15637300,XOM,Exxon Mobil
2026-01-29,138.63864135742188,140.50999450683594,0.0,142.33999633789062,139.11000061035156,140.32000732421875,0.0,35760600,XOM,Exxon Mobil
2026-01-30,139.51678466796875,141.39999389648438,0.0,142.2100067138672,137.8300018310547,138.74000549316406,0.0,29657700,XOM,Exxon Mobil
2026-02-02,136.55674743652344,138.39999389648438,0.0,140.32000732421875,138.05999755859375,139.8300018310547,0.0,27735600,XOM,Exxon Mobil
2026-02-03,141.81576538085938,143.72999572753906,0.0,145.00999450683594,138.30999755859375,138.63999938964844,0.0,37577800,XOM,Exxon Mobil
2026-02-04,145.6243438720703,147.58999633789062,0.0,147.83999633789062,144.1199951171875,144.1199951171875,0.0,29426200,XOM,Exxon Mobil
2026-02-05,144.13446044921875,146.0800018310547,0.0,146.72999572753906,143.8000030517578,146.5800018310547,0.0,18431700,XOM,Exxon Mobil
2026-02-06,147.06491088867188,149.0500030517578,0.0,149.57000732421875,146.08999633789062,146.6199951171875,0.0,17216000,XOM,Exxon Mobil
2026-02-09,149.19615173339844,151.2100067138672,0.0,151.5500030517578,148.6300048828125,149.25999450683594,0.0,21297300,XOM,Exxon Mobil
2026-02-10,149.57107543945312,151.58999633789062,0.0,151.77999877929688,149.82000732421875,151.35000610351562,0.0,15800300,XOM,Exxon Mobil
2026-02-11,153.4882049560547,155.55999755859375,0.0,156.92999267578125,153.57000732421875,153.97000122070312,0.0,23091500,XOM,Exxon Mobil
2026-02-12,148.91920471191406,149.92999267578125,1.03,155.25,149.8800048828125,153.88999938964844,0.0,30652500,XOM,Exxon Mobil
2026-02-13,147.44918823242188,148.4499969482422,0.0,151.66000366210938,147.97999572753906,150.5500030517578,0.0,20166000,XOM,Exxon Mobil
2026-02-17,145.20443725585938,146.19000244140625,0.0,149.1300048828125,145.14999389648438,148.1999969482422,0.0,19766600,XOM,Exxon Mobil
2026-02-18,149.66415405273438,150.67999267578125,0.0,150.97999572753906,147.61000061035156,148.14999389648438,0.0,19849700,XOM,Exxon Mobil
2026-02-19,149.95220947265625,150.97000122070312,0.0,153.3800048828125,150.83999633789062,152.1999969482422,0.0,20305000,XOM,Exxon Mobil
2026-02-20,146.28707885742188,147.27999877929688,0.0,150.80999755859375,146.4600067138672,150.49000549316406,0.0,25908600,XOM,Exxon Mobil
2026-02-23,149.74362182617188,150.75999450683594,0.0,151.27000427246094,148.1300048828125,148.14999389648438,0.0,16073100,XOM,Exxon Mobil
2026-02-24,148.25372314453125,149.25999450683594,0.0,150.72000122070312,148.02999877929688,150.4199981689453,0.0,14185500,XOM,Exxon Mobil
2026-02-25,148.05508422851562,149.05999755859375,0.0,150.17999267578125,147.3300018310547,149.91000366210938,0.0,15225700,XOM,Exxon Mobil
2026-02-26,147.53857421875,148.5399932861328,0.0,150.9600067138672,146.77000427246094,147.80999755859375,0.0,15632100,XOM,Exxon Mobil
2026-02-27,151.47189331054688,152.5,0.0,153.64999389648438,149.25,151.0,0.0,30275100,XOM,Exxon Mobil
2026-03-02,153.1802978515625,154.22000122070312,0.0,159.61000061035156,153.02999877929688,159.35000610351562,0.0,31493100,XOM,Exxon Mobil
2026-03-03,150.80641174316406,151.8300018310547,0.0,156.0500030517578,150.3000030517578,155.42999267578125,0.0,25198900,XOM,Exxon Mobil
2026-03-04,148.80996704101562,149.82000732421875,0.0,151.16000366210938,147.86000061035156,150.72000122070312,0.0,16764800,XOM,Exxon Mobil
2026-03-05,149.74362182617188,150.75999450683594,0.0,152.3300018310547,149.47000122070312,151.0,0.0,22969300,XOM,Exxon Mobil
2026-03-06,150.1905975341797,151.2100067138672,0.0,153.8000030517578,149.9600067138672,153.14999389648438,0.0,21136400,XOM,Exxon Mobil
2026-03-09,149.42578125,150.44000244140625,0.0,153.88999938964844,149.47000122070312,152.02000427246094,0.0,25532700,XOM,Exxon Mobil
2026-03-10,147.13136291503906,148.1300048828125,0.0,150.39999389648438,147.6999969482422,149.25,0.0,19617600,XOM,Exxon Mobil
2026-03-11,150.55809020996094,151.5800018310547,0.0,151.80999755859375,147.66000366210938,147.99000549316406,0.0,15297400,XOM,Exxon Mobil
2026-03-12,152.4949493408203,153.52999877929688,0.0,155.0,151.6300048828125,152.27000427246094,0.0,26054000,XOM,Exxon Mobil
2026-03-13,155.06747436523438,156.1199951171875,0.0,156.88999938964844,152.97999572753906,154.3000030517578,0.0,22414100,XOM,Exxon Mobil
2026-03-16,156.1699981689453,157.22999572753906,0.0,157.77999877929688,154.75999450683594,156.0,0.0,22835600,XOM,Exxon Mobil
2026-03-17,157.73934936523438,158.80999755859375,0.0,160.4499969482422,156.8000030517578,158.25,0.0,21592200,XOM,Exxon Mobil
2026-03-18,156.52757263183594,157.58999633789062,0.0,160.17999267578125,157.52999877929688,159.66000366210938,0.0,18947100,XOM,Exxon Mobil
2026-03-19,157.09373474121094,158.16000366210938,0.0,159.55999755859375,154.83999633789062,158.25999450683594,0.0,27082700,XOM,Exxon Mobil
2026-03-20,158.5935516357422,159.6699981689453,0.0,162.44000244140625,159.10000610351562,159.35000610351562,0.0,53942100,XOM,Exxon Mobil
2026-03-23,160.04371643066406,161.1300048828125,0.0,161.4199981689453,155.02000427246094,156.1199951171875,0.0,25021300,XOM,Exxon Mobil
2026-03-24,164.2650604248047,165.3800048828125,0.0,167.47999572753906,161.25,161.7100067138672,0.0,26131800,XOM,Exxon Mobil
2026-03-25,162.1593475341797,163.25999450683594,0.0,165.0,162.92999267578125,163.8699951171875,0.0,17192300,XOM,Exxon Mobil
2026-03-26,164.31471252441406,165.42999267578125,0.0,165.67999267578125,162.05999755859375,164.08999633789062,0.0,18625200,XOM,Exxon Mobil
2026-03-27,169.8372344970703,170.99000549316406,0.0,171.22999572753906,164.8000030517578,165.5800018310547,0.0,30338300,XOM,Exxon Mobil
2026-03-30,170.31399536132812,171.47000122070312,0.0,176.41000366210938,171.0500030517578,172.50999450683594,0.0,29813500,XOM,Exxon Mobil
2026-03-31,168.51620483398438,169.66000366210938,0.0,174.3800048828125,165.97000122070312,172.6699981689453,0.0,32006700,XOM,Exxon Mobil
2026-04-01,159.69607543945312,160.77999877929688,0.0,168.0,159.52999877929688,165.77000427246094,0.0,37927600,XOM,Exxon Mobil
2026-04-02,159.60667419433594,160.69000244140625,0.0,166.89999389648438,159.58999633789062,164.49000549316406,0.0,25377700,XOM,Exxon Mobil
2026-04-06,162.2686004638672,163.3699951171875,0.0,163.75,159.52999877929688,160.57000732421875,0.0,16344300,XOM,Exxon Mobil
2026-04-07,162.8049774169922,163.91000366210938,0.0,166.24000549316406,161.77000427246094,164.22000122070312,0.0,25227500,XOM,Exxon Mobil
2026-04-08,155.16680908203125,156.22000122070312,0.0,156.35000610351562,150.97999572753906,153.52000427246094,0.0,31311200,XOM,Exxon Mobil
2026-04-09,153.99476623535156,155.0399932861328,0.0,159.22999572753906,154.30999755859375,156.86000061035156,0.0,25868400,XOM,Exxon Mobil
2026-04-10,151.4818115234375,152.50999450683594,0.0,155.1199951171875,151.9199981689453,154.0399932861328,0.0,21065000,XOM,Exxon Mobil
2026-04-13,151.61094665527344,152.63999938964844,0.0,154.6199951171875,151.27999877929688,154.27000427246094,0.0,18685600,XOM,Exxon Mobil
2026-04-14,148.23387145996094,149.24000549316406,0.0,150.11000061035156,146.72000122070312,150.07000732421875,0.0,18528200,XOM,Exxon Mobil
2026-04-15,148.0054168701172,149.00999450683594,0.0,150.22999572753906,146.89999389648438,148.60000610351562,0.0,15626500,XOM,Exxon Mobil
2026-04-16,150.9553985595703,151.97999572753906,0.0,152.77999877929688,149.35000610351562,149.52999877929688,0.0,15191000,XOM,Exxon Mobil
2026-04-17,145.45274353027344,146.44000244140625,0.0,146.8000030517578,141.97000122070312,144.86000061035156,0.0,28947400,XOM,Exxon Mobil
2026-04-20,146.6843719482422,147.67999267578125,0.0,149.3699951171875,146.35000610351562,147.3800048828125,0.0,16354400,XOM,Exxon Mobil
2026-04-21,147.35980224609375,148.36000061035156,0.0,148.80999755859375,146.24000549316406,147.3699951171875,0.0,17515900,XOM,Exxon Mobil
2026-04-22,148.4921112060547,149.5,0.0,150.67999267578125,148.17999267578125,149.3699951171875,0.0,13738700,XOM,Exxon Mobil
2026-04-23,149.51516723632812,150.52999877929688,0.0,151.22999572753906,148.5,149.85000610351562,0.0,12970400,XOM,Exxon Mobil
2026-04-24,147.90609741210938,148.91000366210938,0.0,150.3000030517578,146.9499969482422,149.63999938964844,0.0,13735900,XOM,Exxon Mobil
2026-04-27,147.19094848632812,148.19000244140625,0.0,151.17999267578125,147.97000122070312,149.16000366210938,0.0,13940800,XOM,Exxon Mobil
2026-04-28,149.5449676513672,150.55999755859375,0.0,152.30999755859375,149.8300018310547,151.52999877929688,0.0,15173600,XOM,Exxon Mobil
2026-04-29,153.62725830078125,154.6699981689453,0.0,154.9499969482422,151.00999450683594,152.02000427246094,0.0,14669100,XOM,Exxon Mobil
2026-04-30,153.28955078125,154.3300018310547,0.0,155.69000244140625,151.33999633789062,152.42999267578125,0.0,22885900,XOM,Exxon Mobil
2026-05-01,151.72019958496094,152.75,0.0,155.00999450683594,151.1300048828125,152.61000061035156,0.0,15458200,XOM,Exxon Mobil
2026-05-04,152.65386962890625,153.69000244140625,0.0,154.47000122070312,149.52000427246094,152.6699981689453,0.0,14238500,XOM,Exxon Mobil
2026-05-05,153.83584594726562,154.8800048828125,0.0,155.2899932861328,152.41000366210938,153.10000610351562,0.0,12494600,XOM,Exxon Mobil
2026-05-06,147.6875762939453,148.69000244140625,0.0,150.3300018310547,147.08999633789062,149.07000732421875,0.0,20527000,XOM,Exxon Mobil
2026-05-07,145.591796875,146.5800018310547,0.0,147.0800018310547,144.19000244140625,146.8000030517578,0.0,22509400,XOM,Exxon Mobil
2026-05-08,143.59535217285156,144.57000732421875,0.0,146.5,143.9199981689453,145.85000610351562,0.0,19550100,XOM,Exxon Mobil
2026-05-11,148.6708984375,149.67999267578125,0.0,149.72000122070312,146.0,146.02000427246094,0.0,14849500,XOM,Exxon Mobil
2026-05-12,149.614501953125,150.6300048828125,0.0,151.80999755859375,149.77000427246094,151.25,0.0,16443100,XOM,Exxon Mobil
2026-05-13,150.5481719970703,151.57000732421875,0.0,151.7899932861328,149.67999267578125,150.05999755859375,0.0,15772800,XOM,Exxon Mobil
2026-05-14,151.75,152.77999877929688,0.0,153.1199951171875,151.25999450683594,151.89999389648438,0.0,11331500,XOM,Exxon Mobil
2026-05-15,157.9199981689453,157.9199981689453,1.03,158.0,153.0,153.75,0.0,27882400,XOM,Exxon Mobil
2026-05-18,160.49000549316406,160.49000549316406,0.0,161.72999572753906,155.22999572753906,157.32000732421875,0.0,20065200,XOM,Exxon Mobil
2026-05-19,162.5500030517578,162.5500030517578,0.0,163.32000732421875,159.63999938964844,161.5,0.0,20715600,XOM,Exxon Mobil
2026-05-20,156.27999877929688,156.27999877929688,0.0,163.67999267578125,156.27000427246094,161.61000061035156,0.0,18509700,XOM,Exxon Mobil
2026-05-21,155.2899932861328,155.2899932861328,0.0,159.38999938964844,153.4600067138672,158.4199981689453,0.0,17061700,XOM,Exxon Mobil
2026-05-22,154.9199981689453,154.9199981689453,0.0,155.5500030517578,153.1699981689453,154.02999877929688,0.0,12948500,XOM,Exxon Mobil
2026-05-26,149.80999755859375,149.80999755859375,0.0,154.5500030517578,149.47000122070312,153.5,0.0,13057800,XOM,Exxon Mobil
2026-05-27,147.89999389648438,147.89999389648438,0.0,148.69000244140625,145.75,147.22999572753906,0.0,16241100,XOM,Exxon Mobil
2026-05-28,146.9600067138672,146.9600067138672,0.0,150.2100067138672,146.8699951171875,149.33999633789062,0.0,14012500,XOM,Exxon Mobil
2026-05-29,145.25999450683594,145.25999450683594,0.0,146.92999267578125,144.7100067138672,146.19000244140625,0.0,27959900,XOM,Exxon Mobil
2026-06-01,149.3800048828125,149.3800048828125,0.0,149.64999389648438,147.0,147.02000427246094,0.0,16732100,XOM,Exxon Mobil
2026-06-02,149.55999755859375,149.55999755859375,0.0,150.8300018310547,148.5,149.02999877929688,0.0,10462400,XOM,Exxon Mobil
2026-06-03,152.52999877929688,152.52999877929688,0.0,154.91000366210938,150.02000427246094,150.61000061035156,0.0,14373000,XOM,Exxon Mobil
2026-06-04,152.0399932861328,152.0399932861328,0.0,153.42999267578125,150.94000244140625,152.0500030517578,0.0,11799400,XOM,Exxon Mobil
2026-06-05,149.9199981689453,149.9199981689453,0.0,152.1300048828125,149.3000030517578,152.00999450683594,0.0,16584000,XOM,Exxon Mobil
2026-06-08,151.75,151.75,0.0,153.80999755859375,150.89999389648438,151.16000366210938,0.0,13870900,XOM,Exxon Mobil
2026-06-09,148.91000366210938,148.91000366210938,0.0,151.1300048828125,147.77999877929688,150.91000366210938,0.0,18163500,XOM,Exxon Mobil
2026-06-10,150.6199951171875,150.6199951171875,0.0,152.49000549316406,149.55999755859375,151.22999572753906,0.0,14596500,XOM,Exxon Mobil
2026-06-11,146.60000610351562,146.60000610351562,0.0,152.49000549316406,146.4199981689453,152.3000030517578,0.0,17285800,XOM,Exxon Mobil
2026-06-12,147.00999450683594,147.00999450683594,0.0,148.91000366210938,145.14999389648438,145.6300048828125,0.0,17713100,XOM,Exxon Mobil
2026-06-15,140.9199981689453,140.9199981689453,0.0,141.97999572753906,137.72000122070312,139.74000549316406,0.0,23631400,XOM,Exxon Mobil
2026-06-16,141.86000061035156,141.86000061035156,0.0,142.14999389648438,139.97999572753906,140.19000244140625,0.0,18925400,XOM,Exxon Mobil
2026-06-17,140.74000549316406,140.74000549316406,0.0,142.33999633789062,140.32000732421875,141.22000122070312,0.0,16663200,XOM,Exxon Mobil
2026-06-18,137.80999755859375,137.80999755859375,0.0,138.4600067138672,135.85000610351562,138.32000732421875,0.0,48063400,XOM,Exxon Mobil
2026-06-22,138.47000122070312,138.47000122070312,0.0,139.0,137.02000427246094,138.5399932861328,0.0,15783300,XOM,Exxon Mobil
2026-06-23,139.72999572753906,139.72999572753906,0.0,140.38999938964844,138.5,139.4600067138672,0.0,13699400,XOM,Exxon Mobil
2026-06-24,136.89999389648438,136.89999389648438,0.0,137.63999938964844,135.58999633789062,137.1199951171875,0.0,16212900,XOM,Exxon Mobil
2026-06-25,137.5500030517578,137.5500030517578,0.0,138.07000732421875,134.9499969482422,135.63999938964844,0.0,13288800,XOM,Exxon Mobil
2026-06-26,136.5399932861328,136.5399932861328,0.0,137.5800018310547,135.9199981689453,136.97000122070312,0.0,22684200,XOM,Exxon Mobil
2026-06-29,136.05999755859375,136.05999755859375,0.0,137.38999938964844,135.38999938964844,136.5800018310547,0.0,11972700,XOM,Exxon Mobil
2026-06-30,136.72000122070312,136.72000122070312,0.0,137.3000030517578,135.3300018310547,136.47999572753906,0.0,28784000,XOM,Exxon Mobil
2026-07-01,136.27999877929688,136.27999877929688,0.0,137.49000549316406,135.6300048828125,136.52999877929688,0.0,12433400,XOM,Exxon Mobil
2026-07-02,137.08999633789062,137.08999633789062,0.0,139.13999938964844,136.3300018310547,137.14999389648438,0.0,13703300,XOM,Exxon Mobil
2026-07-06,136.44000244140625,136.44000244140625,0.0,137.3699951171875,136.00999450683594,136.5500030517578,0.0,13915100,XOM,Exxon Mobil
2026-07-07,141.69000244140625,141.69000244140625,0.0,141.74000549316406,138.1300048828125,138.55999755859375,0.0,14667800,XOM,Exxon Mobil
2026-07-08,141.1300048828125,141.1300048828125,0.0,143.99000549316406,139.80999755859375,143.44000244140625,0.0,18291400,XOM,Exxon Mobil
2026-07-09,137.4600067138672,137.4600067138672,0.0,140.0500030517578,137.1199951171875,139.66000366210938,0.0,14110200,XOM,Exxon Mobil
2026-07-10,138.8800048828125,138.8800048828125,0.0,138.97000122070312,137.13999938964844,137.89999389648438,0.0,9753500,XOM,Exxon Mobil
2026-07-13,144.50999450683594,144.50999450683594,0.0,145.22999572753906,140.49000549316406,140.9199981689453,0.0,18724300,XOM,Exxon Mobil
2026-07-14,145.08999633789062,145.08999633789062,0.0,146.0,143.88999938964844,145.50999450683594,0.0,16096400,XOM,Exxon Mobil
2026-07-15,144.50999450683594,144.50999450683594,0.0,145.08999633789062,142.02999877929688,145.08999633789062,0.0,13444500,XOM,Exxon Mobil
2026-07-16,145.9499969482422,145.9499969482422,0.0,146.8699951171875,144.5500030517578,145.27999877929688,0.0,13518000,XOM,Exxon Mobil
2026-07-17,147.36000061035156,147.36000061035156,0.0,150.0,147.1699981689453,149.02999877929688,0.0,19031400,XOM,Exxon Mobil
2026-07-20,148.36000061035156,148.36000061035156,0.0,149.08999633789062,146.22999572753906,146.5,0.0,12149200,XOM,Exxon Mobil
2026-07-21,151.7100067138672,151.7100067138672,0.0,151.75999450683594,148.47999572753906,149.00999450683594,0.0,13145300,XOM,Exxon Mobil
2026-07-22,154.4499969482422,154.4499969482422,0.0,154.8000030517578,152.9499969482422,153.86000061035156,0.0,13788700,XOM,Exxon Mobil
2026-07-23,156.88999938964844,156.88999938964844,0.0,158.57000732421875,156.05999755859375,156.60000610351562,0.0,15822800,XOM,Exxon Mobil
2026-07-24,156.94000244140625,156.94000244140625,0.0,158.7100067138672,155.67999267578125,156.99000549316406,0.0,12091600,XOM,Exxon Mobil
2026-07-27,154.77000427246094,154.77000427246094,0.0,155.4199981689453,152.5,153.07000732421875,0.0,13955800,XOM,Exxon Mobil
2026-07-28,153.0399932861328,153.0399932861328,0.0,156.17999267578125,151.8800048828125,154.1699981689453,0.0,16299900,XOM,Exxon Mobil
2026-07-29,156.75,156.75,0.0,159.07000732421875,155.86000061035156,157.72000122070312,0.0,14571300,XOM,Exxon Mobil
2026-07-30,156.97000122070312,156.97000122070312,0.0,157.77999877929688,154.52999877929688,155.08999633789062,0.0,12578100,XOM,Exxon Mobil
2026-07-31,155.44000244140625,155.44000244140625,0.0,156.16000366210938,152.13999938964844,153.74000549316406,0.0,15714200,XOM,Exxon Mobil
