Date,Target_Date,Ticker,Asset,Role,Split,Log_Return,Squared_Return,Target_Squared_Return
2010-06-30,2010-07-01,^GSPC,S&P 500,Benchmark,Train,-1.016445397333528,1.033161245760514,0.1053465488580436
2010-07-01,2010-07-02,^GSPC,S&P 500,Benchmark,Train,-0.3245713309244112,0.1053465488580436,0.2183946888955229
2010-07-02,2010-07-06,^GSPC,S&P 500,Benchmark,Train,-0.4673271754301508,0.2183946888955229,0.2856609481206078
2010-07-06,2010-07-07,^GSPC,S&P 500,Benchmark,Train,0.5344725887457726,0.2856609481206078,9.51723919610408
2010-07-07,2010-07-08,^GSPC,S&P 500,Benchmark,Train,3.0850023008263836,9.51723919610408,0.8777169560322352
2010-07-08,2010-07-09,^GSPC,S&P 500,Benchmark,Train,0.936865495165787,0.8777169560322352,0.5152459943779872
2010-07-09,2010-07-12,^GSPC,S&P 500,Benchmark,Train,0.7178063766629461,0.5152459943779872,0.0053675200057142
2010-07-12,2010-07-13,^GSPC,S&P 500,Benchmark,Train,0.0732633605952817,0.0053675200057142,2.3292323321205486
2010-07-13,2010-07-14,^GSPC,S&P 500,Benchmark,Train,1.5261822735573063,2.3292323321205486,0.0002406955672553
2010-07-14,2010-07-15,^GSPC,S&P 500,Benchmark,Train,-0.0155143664793419,0.0002406955672553,0.014289538008046
2010-07-15,2010-07-16,^GSPC,S&P 500,Benchmark,Train,0.1195388556413606,0.014289538008046,8.551477677662254
2010-07-16,2010-07-19,^GSPC,S&P 500,Benchmark,Train,-2.924290970075012,8.551477677662254,0.355701260494162
2010-07-19,2010-07-20,^GSPC,S&P 500,Benchmark,Train,0.5964069587908596,0.355701260494162,1.288650471486454
2010-07-20,2010-07-21,^GSPC,S&P 500,Benchmark,Train,1.1351874168992775,1.288650471486454,1.664796565107287
2010-07-21,2010-07-22,^GSPC,S&P 500,Benchmark,Train,-1.2902699582286208,1.664796565107287,4.9567179545442395
2010-07-22,2010-07-23,^GSPC,S&P 500,Benchmark,Train,2.2263687822425644,4.9567179545442395,0.6701747543464778
2010-07-23,2010-07-26,^GSPC,S&P 500,Benchmark,Train,0.8186420184344789,0.6701747543464778,1.240530105822048
2010-07-26,2010-07-27,^GSPC,S&P 500,Benchmark,Train,1.113790871672976,1.240530105822048,0.0110230745419907
2010-07-27,2010-07-28,^GSPC,S&P 500,Benchmark,Train,-0.104990830751979,0.0110230745419907,0.4824736941205266
2010-07-28,2010-07-29,^GSPC,S&P 500,Benchmark,Train,-0.6946032638280119,0.4824736941205266,0.1736632445117852
2010-07-29,2010-07-30,^GSPC,S&P 500,Benchmark,Train,-0.4167292220516642,0.1736632445117852,4.031893925133052e-05
2010-07-30,2010-08-02,^GSPC,S&P 500,Benchmark,Train,0.006349719619899,4.031893925133052e-05,4.745221261599206
2010-08-02,2010-08-03,^GSPC,S&P 500,Benchmark,Train,2.178352878116676,4.745221261599206,0.2311585088213351
2010-08-03,2010-08-04,^GSPC,S&P 500,Benchmark,Train,-0.4807894641330393,0.2311585088213351,0.3639561768716755
2010-08-04,2010-08-05,^GSPC,S&P 500,Benchmark,Train,0.6032878060028029,0.3639561768716755,0.0161119825087556
2010-08-05,2010-08-06,^GSPC,S&P 500,Benchmark,Train,-0.1269329843214742,0.0161119825087556,0.1377089434092976
2010-08-06,2010-08-09,^GSPC,S&P 500,Benchmark,Train,-0.3710915566397296,0.1377089434092976,0.2989997661417454
2010-08-09,2010-08-10,^GSPC,S&P 500,Benchmark,Train,0.5468087107405527,0.2989997661417454,0.358235958783143
2010-08-10,2010-08-11,^GSPC,S&P 500,Benchmark,Train,-0.5985281603927614,0.358235958783143,8.17011098444305
2010-08-11,2010-08-12,^GSPC,S&P 500,Benchmark,Train,-2.8583405997961564,8.17011098444305,0.290873224621391
2010-08-12,2010-08-13,^GSPC,S&P 500,Benchmark,Train,-0.5393266400071398,0.290873224621391,0.1625452999875135
2010-08-13,2010-08-16,^GSPC,S&P 500,Benchmark,Train,-0.4031690712189038,0.1625452999875135,0.0001450851295226
2010-08-16,2010-08-17,^GSPC,S&P 500,Benchmark,Train,0.0120451288711514,0.0001450851295226,1.468577902179711
2010-08-17,2010-08-18,^GSPC,S&P 500,Benchmark,Train,1.2118489601347648,1.468577902179711,0.021953770624132
2010-08-18,2010-08-19,^GSPC,S&P 500,Benchmark,Train,0.148168048593926,0.021953770624132,2.917412890615769
2010-08-19,2010-08-20,^GSPC,S&P 500,Benchmark,Train,-1.708043585689712,2.917412890615769,0.1346709385478187
2010-08-20,2010-08-23,^GSPC,S&P 500,Benchmark,Train,-0.3669753922919338,0.1346709385478187,0.16390277713582
2010-08-23,2010-08-24,^GSPC,S&P 500,Benchmark,Train,-0.40484907945532,0.16390277713582,2.1370838842155653
2010-08-24,2010-08-25,^GSPC,S&P 500,Benchmark,Train,-1.4618768361991257,2.1370838842155653,0.1078429273773816
2010-08-25,2010-08-26,^GSPC,S&P 500,Benchmark,Train,0.3283944691638116,0.1078429273773816,0.5951299462770594
2010-08-26,2010-08-27,^GSPC,S&P 500,Benchmark,Train,-0.7714466580892417,0.5951299462770594,2.706258727726846
2010-08-27,2010-08-30,^GSPC,S&P 500,Benchmark,Train,1.645071040328303,2.706258727726846,2.1988770754312976
2010-08-30,2010-08-31,^GSPC,S&P 500,Benchmark,Train,-1.4828611113085737,2.1988770754312976,0.0015266062467531
2010-08-31,2010-09-01,^GSPC,S&P 500,Benchmark,Train,0.0390718088492601,0.0015266062467531,8.455147533773362
2010-09-01,2010-09-02,^GSPC,S&P 500,Benchmark,Train,2.9077736386750193,8.455147533773362,0.8171894202177392
2010-09-02,2010-09-03,^GSPC,S&P 500,Benchmark,Train,0.903985298673457,0.8171894202177392,1.7245976673865349
2010-09-03,2010-09-07,^GSPC,S&P 500,Benchmark,Train,1.3132393793160997,1.7245976673865349,1.331137080997026
2010-09-07,2010-09-08,^GSPC,S&P 500,Benchmark,Train,-1.1537491412768317,1.331137080997026,0.4119148762877221
2010-09-08,2010-09-09,^GSPC,S&P 500,Benchmark,Train,0.6418059490903166,0.4119148762877221,0.2323868627390933
2010-09-09,2010-09-10,^GSPC,S&P 500,Benchmark,Train,0.4820652058996721,0.2323868627390933,0.2353748928184681
2010-09-10,2010-09-13,^GSPC,S&P 500,Benchmark,Train,0.4851545040690317,0.2353748928184681,1.2252556375643997
2010-09-13,2010-09-14,^GSPC,S&P 500,Benchmark,Train,1.106912660314444,1.2252556375643997,0.0050890236344255
2010-09-14,2010-09-15,^GSPC,S&P 500,Benchmark,Train,-0.0713373929606734,0.0050890236344255,0.1249540349554212
2010-09-15,2010-09-16,^GSPC,S&P 500,Benchmark,Train,0.353488380226877,0.1249540349554212,0.0013279468880215
2010-09-16,2010-09-17,^GSPC,S&P 500,Benchmark,Train,-0.036441005584664,0.0013279468880215,0.0068312558218259
2010-09-17,2010-09-20,^GSPC,S&P 500,Benchmark,Train,0.0826514114932464,0.0068312558218259,2.278677164686227
2010-09-20,2010-09-21,^GSPC,S&P 500,Benchmark,Train,1.5095287889557545,2.278677164686227,0.0659109665978952
2010-09-21,2010-09-22,^GSPC,S&P 500,Benchmark,Train,-0.2567313120713856,0.0659109665978952,0.2339824064338311
2010-09-22,2010-09-23,^GSPC,S&P 500,Benchmark,Train,-0.4837172794451643,0.2339824064338311,0.6999397471332738
2010-09-23,2010-09-24,^GSPC,S&P 500,Benchmark,Train,-0.8366240177841381,0.6999397471332738,4.398631865754969
2010-09-24,2010-09-27,^GSPC,S&P 500,Benchmark,Train,2.0972915547808246,4.398631865754969,0.3230277677186727
2010-09-27,2010-09-28,^GSPC,S&P 500,Benchmark,Train,-0.5683553181933576,0.3230277677186727,0.2341263771664277
2010-09-28,2010-09-29,^GSPC,S&P 500,Benchmark,Train,0.4838660735848585,0.2341263771664277,0.0671386597319856
2010-09-29,2010-09-30,^GSPC,S&P 500,Benchmark,Train,-0.2591112883144724,0.0671386597319856,0.0953875013595085
2010-09-30,2010-10-01,^GSPC,S&P 500,Benchmark,Train,-0.3088486706455259,0.0953875013595085,0.1941913144970106
2010-10-01,2010-10-04,^GSPC,S&P 500,Benchmark,Train,0.4406714359894575,0.1941913144970106,0.6508272525858767
2010-10-04,2010-10-05,^GSPC,S&P 500,Benchmark,Train,-0.8067386519721716,0.6508272525858767,4.26287150287835
2010-10-05,2010-10-06,^GSPC,S&P 500,Benchmark,Train,2.064672250716406,4.26287150287835,0.0045189379080813
2010-10-06,2010-10-07,^GSPC,S&P 500,Benchmark,Train,-0.0672230459595621,0.0045189379080813,0.0271549393307123
2010-10-07,2010-10-08,^GSPC,S&P 500,Benchmark,Train,-0.164787558179349,0.0271549393307123,0.3725409374467242
2010-10-08,2010-10-11,^GSPC,S&P 500,Benchmark,Train,0.6103613171284074,0.3725409374467242,0.0002126530195164
2010-10-11,2010-10-12,^GSPC,S&P 500,Benchmark,Train,0.0145826273187111,0.0002126530195164,0.1452740772207969
2010-10-12,2010-10-13,^GSPC,S&P 500,Benchmark,Train,0.3811483664149656,0.1452740772207969,0.5035017273563288
2010-10-13,2010-10-14,^GSPC,S&P 500,Benchmark,Train,0.7095785561559261,0.5035017273563288,0.1330813881844029
2010-10-14,2010-10-15,^GSPC,S&P 500,Benchmark,Train,-0.3648032184403023,0.1330813881844029,0.0410237832414353
2010-10-15,2010-10-18,^GSPC,S&P 500,Benchmark,Train,0.2025432873275127,0.0410237832414353,0.5209425052848602
2010-10-18,2010-10-19,^GSPC,S&P 500,Benchmark,Train,0.721763469070623,0.5209425052848602,2.5614863049676053
2010-10-19,2010-10-20,^GSPC,S&P 500,Benchmark,Train,-1.6004644029054833,2.5614863049676053,1.0960169077202369
2010-10-20,2010-10-21,^GSPC,S&P 500,Benchmark,Train,1.0469082613678415,1.0960169077202369,0.0314117827425747
2010-10-21,2010-10-22,^GSPC,S&P 500,Benchmark,Train,0.1772336952799177,0.0314117827425747,0.0569494688573952
2010-10-22,2010-10-25,^GSPC,S&P 500,Benchmark,Train,0.2386408784290639,0.0569494688573952,0.0459961003892523
2010-10-25,2010-10-26,^GSPC,S&P 500,Benchmark,Train,0.214467014688162,0.0459961003892523,2.8510802772283716e-06
2010-10-26,2010-10-27,^GSPC,S&P 500,Benchmark,Train,0.0016885142218022,2.8510802772283716e-06,0.0725876558004744
2010-10-27,2010-10-28,^GSPC,S&P 500,Benchmark,Train,-0.2694209639216564,0.0725876558004744,0.012638643954204
2010-10-28,2010-10-29,^GSPC,S&P 500,Benchmark,Train,0.1124217236756492,0.012638643954204,0.0019305813562585
2010-10-29,2010-11-01,^GSPC,S&P 500,Benchmark,Train,-0.0439383813568332,0.0019305813562585,0.0089507818439015
2010-11-01,2010-11-02,^GSPC,S&P 500,Benchmark,Train,0.0946085717253016,0.0089507818439015,0.5974263600097525
2010-11-02,2010-11-03,^GSPC,S&P 500,Benchmark,Train,0.7729336064693736,0.5974263600097525,0.1347849100344848
2010-11-03,2010-11-04,^GSPC,S&P 500,Benchmark,Train,0.3671306443685746,0.1347849100344848,3.6478342893303104
2010-11-04,2010-11-05,^GSPC,S&P 500,Benchmark,Train,1.9099304409664533,3.6478342893303104,0.1532784399602643
2010-11-05,2010-11-08,^GSPC,S&P 500,Benchmark,Train,0.3915079053611362,0.1532784399602643,0.0450801995189198
2010-11-08,2010-11-09,^GSPC,S&P 500,Benchmark,Train,-0.2123209822860658,0.0450801995189198,0.6536551973361104
2010-11-09,2010-11-10,^GSPC,S&P 500,Benchmark,Train,-0.8084894540661062,0.6536551973361104,0.1906661550286831
2010-11-10,2010-11-11,^GSPC,S&P 500,Benchmark,Train,0.4366533579725262,0.1906661550286831,0.180722753945347
2010-11-11,2010-11-12,^GSPC,S&P 500,Benchmark,Train,-0.4251149890857143,0.180722753945347,1.4110508749749295
2010-11-12,2010-11-15,^GSPC,S&P 500,Benchmark,Train,-1.1878766244753407,1.4110508749749295,0.0148395595727122
2010-11-15,2010-11-16,^GSPC,S&P 500,Benchmark,Train,-0.1218177309455082,0.0148395595727122,2.669353877071286
2010-11-16,2010-11-17,^GSPC,S&P 500,Benchmark,Train,-1.6338157414688126,2.669353877071286,0.0004500353912421
2010-11-17,2010-11-18,^GSPC,S&P 500,Benchmark,Train,0.0212140375987729,0.0004500353912421,2.3227538675090487
2010-11-18,2010-11-19,^GSPC,S&P 500,Benchmark,Train,1.5240583543647692,2.3227538675090487,0.0643713982411108
2010-11-19,2010-11-22,^GSPC,S&P 500,Benchmark,Train,0.2537151911910495,0.0643713982411108,0.0248569557645422
2010-11-22,2010-11-23,^GSPC,S&P 500,Benchmark,Train,-0.1576608885061295,0.0248569557645422,2.0698667798748267
2010-11-23,2010-11-24,^GSPC,S&P 500,Benchmark,Train,-1.4387031590549966,2.0698667798748267,2.1941654103548194
2010-11-24,2010-11-26,^GSPC,S&P 500,Benchmark,Train,1.481271551861717,2.1941654103548194,0.5619888298189711
2010-11-26,2010-11-29,^GSPC,S&P 500,Benchmark,Train,-0.749659142423389,0.5619888298189711,0.0190387636805362
2010-11-29,2010-11-30,^GSPC,S&P 500,Benchmark,Train,-0.1379810265237083,0.0190387636805362,0.3707245778145309
2010-11-30,2010-12-01,^GSPC,S&P 500,Benchmark,Train,-0.6088715610163862,0.3707245778145309,4.573876118257984
2010-12-01,2010-12-02,^GSPC,S&P 500,Benchmark,Train,2.138662226312978,4.573876118257984,1.622337205016876
2010-12-02,2010-12-03,^GSPC,S&P 500,Benchmark,Train,1.273710016062085,1.622337205016876,0.0675924090633904
2010-12-03,2010-12-06,^GSPC,S&P 500,Benchmark,Train,0.2599854016351503,0.0675924090633904,0.0168761431111529
2010-12-06,2010-12-07,^GSPC,S&P 500,Benchmark,Train,-0.1299082103300364,0.0168761431111529,0.0026517101473913
2010-12-07,2010-12-08,^GSPC,S&P 500,Benchmark,Train,0.0514947584458007,0.0026517101473913,0.1365247631733621
2010-12-08,2010-12-09,^GSPC,S&P 500,Benchmark,Train,0.3694925752614823,0.1365247631733621,0.1471016710608464
2010-12-09,2010-12-10,^GSPC,S&P 500,Benchmark,Train,0.3835383567009256,0.1471016710608464,0.358047105002714
2010-12-10,2010-12-13,^GSPC,S&P 500,Benchmark,Train,0.5983703744360294,0.358047105002714,2.3347403010265993e-05
2010-12-13,2010-12-14,^GSPC,S&P 500,Benchmark,Train,0.0048319150458452,2.3347403010265993e-05,0.0082908615953998
2010-12-14,2010-12-15,^GSPC,S&P 500,Benchmark,Train,0.0910541684680049,0.0082908615953998,0.2637456212820244
2010-12-15,2010-12-16,^GSPC,S&P 500,Benchmark,Train,-0.5135617015335396,0.2637456212820244,0.3802011962719507
2010-12-16,2010-12-17,^GSPC,S&P 500,Benchmark,Train,0.6166045704273937,0.3802011962719507,0.00699656063475
2010-12-17,2010-12-20,^GSPC,S&P 500,Benchmark,Train,0.083645445989307,0.00699656063475,0.0647759234658705
2010-12-20,2010-12-21,^GSPC,S&P 500,Benchmark,Train,0.2545111460542946,0.0647759234658705,0.361440700498719
2010-12-21,2010-12-22,^GSPC,S&P 500,Benchmark,Train,0.60119938497866,0.361440700498719,0.1138291527743211
2010-12-22,2010-12-23,^GSPC,S&P 500,Benchmark,Train,0.3373857625542624,0.1138291527743211,0.0270826851313999
2010-12-23,2010-12-27,^GSPC,S&P 500,Benchmark,Train,-0.1645681777604647,0.0270826851313999,0.0037516804048607
2010-12-27,2010-12-28,^GSPC,S&P 500,Benchmark,Train,0.061250962481097,0.0037516804048607,0.0059448201041628
2010-12-28,2010-12-29,^GSPC,S&P 500,Benchmark,Train,0.0771026595142012,0.0059448201041628,0.0101734761064619
2010-12-29,2010-12-30,^GSPC,S&P 500,Benchmark,Train,0.1008636510664864,0.0101734761064619,0.0227816065573453
2010-12-30,2010-12-31,^GSPC,S&P 500,Benchmark,Train,-0.150935769641743,0.0227816065573453,0.0003640756032276
2010-12-31,2011-01-03,^GSPC,S&P 500,Benchmark,Train,-0.0190807652683977,0.0003640756032276,1.265916199994497
2011-01-03,2011-01-04,^GSPC,S&P 500,Benchmark,Train,1.125129414776139,1.265916199994497,0.0172639799280214
2011-01-04,2011-01-05,^GSPC,S&P 500,Benchmark,Train,-0.1313924652635054,0.0172639799280214,0.2494678908726975
2011-01-05,2011-01-06,^GSPC,S&P 500,Benchmark,Train,0.4994676074308498,0.2494678908726975,0.0451653612116297
2011-01-06,2011-01-07,^GSPC,S&P 500,Benchmark,Train,-0.2125214370637225,0.0451653612116297,0.0340950969542197
2011-01-07,2011-01-10,^GSPC,S&P 500,Benchmark,Train,-0.1846485769081899,0.0340950969542197,0.0189688692370244
2011-01-10,2011-01-11,^GSPC,S&P 500,Benchmark,Train,-0.1377275180819885,0.0189688692370244,0.1382505778005845
2011-01-11,2011-01-12,^GSPC,S&P 500,Benchmark,Train,0.3718206258407198,0.1382505778005845,0.8041164069300442
2011-01-12,2011-01-13,^GSPC,S&P 500,Benchmark,Train,0.8967253798850817,0.8041164069300442,0.0293166733195537
2011-01-13,2011-01-14,^GSPC,S&P 500,Benchmark,Train,-0.1712211240459357,0.0293166733195537,0.5413148701857893
2011-01-14,2011-01-18,^GSPC,S&P 500,Benchmark,Train,0.7357410347301483,0.5413148701857893,0.0189190194754703
2011-01-18,2011-01-19,^GSPC,S&P 500,Benchmark,Train,0.1375464266183254,0.0189190194754703,1.0337126027018992
2011-01-19,2011-01-20,^GSPC,S&P 500,Benchmark,Train,-1.0167165793385584,1.0337126027018992,0.0167909350337848
2011-01-20,2011-01-21,^GSPC,S&P 500,Benchmark,Train,-0.1295798403833902,0.0167909350337848,0.0581117365907452
2011-01-21,2011-01-24,^GSPC,S&P 500,Benchmark,Train,0.2410637604260442,0.0581117365907452,0.3386442979959456
2011-01-24,2011-01-25,^GSPC,S&P 500,Benchmark,Train,0.5819315234595438,0.3386442979959456,0.0006939419191361
2011-01-25,2011-01-26,^GSPC,S&P 500,Benchmark,Train,0.0263427773618527,0.0006939419191361,0.177411474273787
2011-01-26,2011-01-27,^GSPC,S&P 500,Benchmark,Train,0.4212024148480004,0.177411474273787,0.0502562716028196
2011-01-27,2011-01-28,^GSPC,S&P 500,Benchmark,Train,0.2241791060799816,0.0502562716028196,3.244971858603193
2011-01-28,2011-01-31,^GSPC,S&P 500,Benchmark,Train,-1.8013805424182845,3.244971858603193,0.5826803119781662
2011-01-31,2011-02-01,^GSPC,S&P 500,Benchmark,Train,0.7633349932881147,0.5826803119781662,2.740942433777033
2011-02-01,2011-02-02,^GSPC,S&P 500,Benchmark,Train,1.6555791837834375,2.740942433777033,0.0743233142706605
2011-02-02,2011-02-03,^GSPC,S&P 500,Benchmark,Train,-0.2726230259362927,0.0743233142706605,0.055292338150504
2011-02-03,2011-02-04,^GSPC,S&P 500,Benchmark,Train,0.235143229012668,0.055292338150504,0.0829503973378967
2011-02-04,2011-02-07,^GSPC,S&P 500,Benchmark,Train,0.2880111062752558,0.0829503973378967,0.386981329957162
2011-02-07,2011-02-08,^GSPC,S&P 500,Benchmark,Train,0.6220782345952653,0.386981329957162,0.1743914617942832
2011-02-08,2011-02-09,^GSPC,S&P 500,Benchmark,Train,0.4176020375839696,0.1743914617942832,0.0778216429448294
2011-02-09,2011-02-10,^GSPC,S&P 500,Benchmark,Train,-0.2789653077800705,0.0778216429448294,0.0056131893186492
2011-02-10,2011-02-11,^GSPC,S&P 500,Benchmark,Train,0.0749212207498601,0.0056131893186492,0.3016493640510412
2011-02-11,2011-02-14,^GSPC,S&P 500,Benchmark,Train,0.5492261501886461,0.3016493640510412,0.0567432725150853
2011-02-14,2011-02-15,^GSPC,S&P 500,Benchmark,Train,0.2382084644068833,0.0567432725150853,0.1049860242536121
2011-02-15,2011-02-16,^GSPC,S&P 500,Benchmark,Train,-0.3240154691578971,0.1049860242536121,0.3891187921062051
2011-02-16,2011-02-17,^GSPC,S&P 500,Benchmark,Train,0.6237938698850808,0.3891187921062051,0.0943086214814494
2011-02-17,2011-02-18,^GSPC,S&P 500,Benchmark,Train,0.3070970880380493,0.0943086214814494,0.0369743950510586
2011-02-18,2011-02-22,^GSPC,S&P 500,Benchmark,Train,0.1922872722024487,0.0369743950510586,4.3023906496212785
2011-02-22,2011-02-23,^GSPC,S&P 500,Benchmark,Train,-2.0742204920454523,4.3023906496212785,0.3758566654007581
2011-02-23,2011-02-24,^GSPC,S&P 500,Benchmark,Train,-0.6130715010508628,0.3758566654007581,0.009897702192673
2011-02-24,2011-02-25,^GSPC,S&P 500,Benchmark,Train,-0.0994871961242903,0.009897702192673,1.1015023405175186
2011-02-25,2011-02-28,^GSPC,S&P 500,Benchmark,Train,1.0495248165324718,1.1015023405175186,0.3075456612150806
2011-02-28,2011-03-01,^GSPC,S&P 500,Benchmark,Train,0.5545679951233037,0.3075456612150806,2.516938396493922
2011-03-01,2011-03-02,^GSPC,S&P 500,Benchmark,Train,-1.586486179105863,2.516938396493922,0.0260466639779768
2011-03-02,2011-03-03,^GSPC,S&P 500,Benchmark,Train,0.1613897889520178,0.0260466639779768,2.9146802246238113
2011-03-03,2011-03-04,^GSPC,S&P 500,Benchmark,Train,1.7072434579238578,2.9146802246238113,0.548397979324865
2011-03-04,2011-03-07,^GSPC,S&P 500,Benchmark,Train,-0.740538978936872,0.548397979324865,0.70160982019367
2011-03-07,2011-03-08,^GSPC,S&P 500,Benchmark,Train,-0.8376215256269803,0.70160982019367,0.7891055877120188
2011-03-08,2011-03-09,^GSPC,S&P 500,Benchmark,Train,0.8883161530176172,0.7891055877120188,0.0185676431310956
2011-03-09,2011-03-10,^GSPC,S&P 500,Benchmark,Train,-0.1362631392970809,0.0185676431310956,3.629512877878176
2011-03-10,2011-03-11,^GSPC,S&P 500,Benchmark,Train,-1.9051280476330656,3.629512877878176,0.497809907603653
2011-03-11,2011-03-14,^GSPC,S&P 500,Benchmark,Train,0.7055564524569619,0.497809907603653,0.3681694635924168
2011-03-14,2011-03-15,^GSPC,S&P 500,Benchmark,Train,-0.6067696956773772,0.3681694635924168,1.2686743233465652
2011-03-15,2011-03-16,^GSPC,S&P 500,Benchmark,Train,-1.1263544394845546,1.2686743233465652,3.8759694550685833
2011-03-16,2011-03-17,^GSPC,S&P 500,Benchmark,Train,-1.9687481949372256,3.8759694550685833,1.771365676309084
2011-03-17,2011-03-18,^GSPC,S&P 500,Benchmark,Train,1.3309266231874255,1.771365676309084,0.1849808129270932
2011-03-18,2011-03-21,^GSPC,S&P 500,Benchmark,Train,0.4300939582545809,0.1849808129270932,2.2125574603319316
2011-03-21,2011-03-22,^GSPC,S&P 500,Benchmark,Train,1.487466793018228,2.2125574603319316,0.1265143332929222
2011-03-22,2011-03-23,^GSPC,S&P 500,Benchmark,Train,-0.355688534103817,0.1265143332929222,0.0846660001091768
2011-03-23,2011-03-24,^GSPC,S&P 500,Benchmark,Train,0.2909742258502921,0.0846660001091768,0.8644152469402065
2011-03-24,2011-03-25,^GSPC,S&P 500,Benchmark,Train,0.9297393435475378,0.8644152469402065,0.0996128914861824
2011-03-25,2011-03-28,^GSPC,S&P 500,Benchmark,Train,0.3156151002188939,0.0996128914861824,0.0757140436619295
2011-03-28,2011-03-29,^GSPC,S&P 500,Benchmark,Train,-0.2751618499391395,0.0757140436619295,0.4949459633214554
2011-03-29,2011-03-30,^GSPC,S&P 500,Benchmark,Train,0.7035239607301627,0.4949459633214554,0.4438840824598062
2011-03-30,2011-03-31,^GSPC,S&P 500,Benchmark,Train,0.6662462626235184,0.4438840824598062,0.0335320958978553
2011-03-31,2011-04-01,^GSPC,S&P 500,Benchmark,Train,-0.1831177104975248,0.0335320958978553,0.245095586584049
2011-04-01,2011-04-04,^GSPC,S&P 500,Benchmark,Train,0.4950712944456071,0.245095586584049,0.0011912864734199
2011-04-04,2011-04-05,^GSPC,S&P 500,Benchmark,Train,0.0345150180851755,0.0011912864734199,0.0003242572981707
2011-04-05,2011-04-06,^GSPC,S&P 500,Benchmark,Train,-0.018007145753026,0.0003242572981707,0.047580555471289
2011-04-06,2011-04-07,^GSPC,S&P 500,Benchmark,Train,0.2181296758153027,0.047580555471289,0.0231393595751438
2011-04-07,2011-04-08,^GSPC,S&P 500,Benchmark,Train,-0.1521162699225294,0.0231393595751438,0.1610001983310689
2011-04-08,2011-04-11,^GSPC,S&P 500,Benchmark,Train,-0.4012483000974196,0.1610001983310689,0.0782482178521567
2011-04-11,2011-04-12,^GSPC,S&P 500,Benchmark,Train,-0.279728829140217,0.0782482178521567,0.6095073929865353
2011-04-12,2011-04-13,^GSPC,S&P 500,Benchmark,Train,-0.7807095445724583,0.6095073929865353,0.0003618269361987
2011-04-13,2011-04-14,^GSPC,S&P 500,Benchmark,Train,0.0190217490310104,0.0003618269361987,7.001186134348763e-05
2011-04-14,2011-04-15,^GSPC,S&P 500,Benchmark,Train,0.008367309086169,7.001186134348763e-05,0.1534859915068653
2011-04-15,2011-04-18,^GSPC,S&P 500,Benchmark,Train,0.3917728825568013,0.1534859915068653,1.2274419066983588
2011-04-18,2011-04-19,^GSPC,S&P 500,Benchmark,Train,-1.1078997728577973,1.2274419066983588,0.3265905582883696
2011-04-19,2011-04-20,^GSPC,S&P 500,Benchmark,Train,0.5714810218094469,0.3265905582883696,1.802154586226012
2011-04-20,2011-04-21,^GSPC,S&P 500,Benchmark,Train,1.3424435132347328,1.802154586226012,0.2769820587574823
2011-04-21,2011-04-25,^GSPC,S&P 500,Benchmark,Train,0.5262908499655702,0.2769820587574823,0.0254064328935964
2011-04-25,2011-04-26,^GSPC,S&P 500,Benchmark,Train,-0.1593939550095812,0.0254064328935964,0.7991479953092121
2011-04-26,2011-04-27,^GSPC,S&P 500,Benchmark,Train,0.8939507790192993,0.7991479953092121,0.3881785674411181
2011-04-27,2011-04-28,^GSPC,S&P 500,Benchmark,Train,0.6230397799828821,0.3881785674411181,0.1259624192427789
2011-04-28,2011-04-29,^GSPC,S&P 500,Benchmark,Train,0.3549118471434546,0.1259624192427789,0.0528089473471726
2011-04-29,2011-05-02,^GSPC,S&P 500,Benchmark,Train,0.2298019742020782,0.0528089473471726,0.0307738993658677
2011-05-02,2011-05-03,^GSPC,S&P 500,Benchmark,Train,-0.1754249109045456,0.0307738993658677,0.1145840353272194
2011-05-03,2011-05-04,^GSPC,S&P 500,Benchmark,Train,-0.338502637105266,0.1145840353272194,0.4731946129782023
2011-05-04,2011-05-05,^GSPC,S&P 500,Benchmark,Train,-0.6878914252832363,0.4731946129782023,0.8301427851378316
2011-05-05,2011-05-06,^GSPC,S&P 500,Benchmark,Train,-0.9111217180694527,0.8301427851378316,0.1453624661400782
2011-05-06,2011-05-09,^GSPC,S&P 500,Benchmark,Train,0.3812642995876722,0.1453624661400782,0.205559781011875
2011-05-09,2011-05-10,^GSPC,S&P 500,Benchmark,Train,0.4533870101931406,0.205559781011875,0.6466758804687407
2011-05-10,2011-05-11,^GSPC,S&P 500,Benchmark,Train,0.804161600966336,0.6466758804687407,1.2485134124116155
2011-05-11,2011-05-12,^GSPC,S&P 500,Benchmark,Train,-1.1173689687885626,1.2485134124116155,0.2384851044609992
2011-05-12,2011-05-13,^GSPC,S&P 500,Benchmark,Train,0.4883493672167491,0.2384851044609992,0.6561076213810262
2011-05-13,2011-05-16,^GSPC,S&P 500,Benchmark,Train,-0.8100047045425268,0.6561076213810262,0.3873467368618025
2011-05-16,2011-05-17,^GSPC,S&P 500,Benchmark,Train,-0.6223718638095737,0.3873467368618025,0.0013588698821248
2011-05-17,2011-05-18,^GSPC,S&P 500,Benchmark,Train,-0.0368628523330036,0.0013588698821248,0.7682999294829108
2011-05-18,2011-05-19,^GSPC,S&P 500,Benchmark,Train,0.8765271983703135,0.7682999294829108,0.0473311609073692
2011-05-19,2011-05-20,^GSPC,S&P 500,Benchmark,Train,0.2175572589167488,0.0473311609073692,0.5956713212095457
2011-05-20,2011-05-23,^GSPC,S&P 500,Benchmark,Train,-0.7717974612614023,0.5956713212095457,1.4393436366482286
2011-05-23,2011-05-24,^GSPC,S&P 500,Benchmark,Train,-1.1997264840988668,1.4393436366482286,0.0068512477759452
2011-05-24,2011-05-25,^GSPC,S&P 500,Benchmark,Train,-0.0827722645331466,0.0068512477759452,0.1010040323659623
2011-05-25,2011-05-26,^GSPC,S&P 500,Benchmark,Train,0.3178113156669572,0.1010040323659623,0.1556557174132589
2011-05-26,2011-05-27,^GSPC,S&P 500,Benchmark,Train,0.3945322767699228,0.1556557174132589,0.1658619553464682
2011-05-27,2011-05-31,^GSPC,S&P 500,Benchmark,Train,0.4072615318765918,0.1658619553464682,1.1102868208331762
2011-05-31,2011-06-01,^GSPC,S&P 500,Benchmark,Train,1.053701485636789,1.1102868208331762,5.312207079476609
2011-06-01,2011-06-02,^GSPC,S&P 500,Benchmark,Train,-2.304822570064041,5.312207079476609,0.015020613229461
2011-06-02,2011-06-03,^GSPC,S&P 500,Benchmark,Train,-0.1225586114047521,0.015020613229461,0.9567759875919531
2011-06-03,2011-06-06,^GSPC,S&P 500,Benchmark,Train,-0.978149266519151,0.9567759875919531,1.1704028873916612
2011-06-06,2011-06-07,^GSPC,S&P 500,Benchmark,Train,-1.0818516013722312,1.1704028873916612,0.0091559070987942
2011-06-07,2011-06-08,^GSPC,S&P 500,Benchmark,Train,-0.0956865042667683,0.0091559070987942,0.1760359993874465
2011-06-08,2011-06-09,^GSPC,S&P 500,Benchmark,Train,-0.4195664421607697,0.1760359993874465,0.5402851730372776
2011-06-09,2011-06-10,^GSPC,S&P 500,Benchmark,Train,0.7350409328991669,0.5402851730372776,1.982036802544404
2011-06-10,2011-06-13,^GSPC,S&P 500,Benchmark,Train,-1.407848288184634,1.982036802544404,0.0044693578311326
2011-06-13,2011-06-14,^GSPC,S&P 500,Benchmark,Train,0.0668532559501226,0.0044693578311326,1.570739204251847
2011-06-14,2011-06-15,^GSPC,S&P 500,Benchmark,Train,1.253291348510731,1.570739204251847,3.092522548946026
2011-06-15,2011-06-16,^GSPC,S&P 500,Benchmark,Train,-1.7585569507258008,3.092522548946026,0.0307230074355754
2011-06-16,2011-06-17,^GSPC,S&P 500,Benchmark,Train,0.1752797975682748,0.0307230074355754,0.0924397312647043
2011-06-17,2011-06-20,^GSPC,S&P 500,Benchmark,Train,0.3040390291799793,0.0924397312647043,0.2895181508495322
2011-06-20,2011-06-21,^GSPC,S&P 500,Benchmark,Train,0.5380689090158733,0.2895181508495322,1.778003312431743
2011-06-21,2011-06-22,^GSPC,S&P 500,Benchmark,Train,1.33341790614636,1.778003312431743,0.4211308907218035
2011-06-22,2011-06-23,^GSPC,S&P 500,Benchmark,Train,-0.6489459844407727,0.4211308907218035,0.0802018354886148
2011-06-23,2011-06-24,^GSPC,S&P 500,Benchmark,Train,-0.2831992858193941,0.0802018354886148,1.3912384560804691
2011-06-24,2011-06-27,^GSPC,S&P 500,Benchmark,Train,-1.1795077176858442,1.3912384560804691,0.8358597650138201
2011-06-27,2011-06-28,^GSPC,S&P 500,Benchmark,Train,0.9142536655730836,0.8358597650138201,1.6541285084100346
2011-06-28,2011-06-29,^GSPC,S&P 500,Benchmark,Train,1.2861292735996777,1.6541285084100346,0.6803995519329418
2011-06-29,2011-06-30,^GSPC,S&P 500,Benchmark,Train,0.8248633534913172,0.6803995519329418,1.0137210657827995
2011-06-30,2011-07-01,^GSPC,S&P 500,Benchmark,Train,1.0068371595162744,1.0137210657827995,2.046865036185759
2011-07-01,2011-07-05,^GSPC,S&P 500,Benchmark,Train,1.4306869106082432,2.046865036185759,0.0178776299080189
2011-07-05,2011-07-06,^GSPC,S&P 500,Benchmark,Train,-0.1337072545078201,0.0178776299080189,0.0100211675819288
2011-07-06,2011-07-07,^GSPC,S&P 500,Benchmark,Train,0.1001057819605282,0.0100211675819288,1.0815132432950412
2011-07-07,2011-07-08,^GSPC,S&P 500,Benchmark,Train,1.0399582892092554,1.0815132432950412,0.487966249637596
2011-07-08,2011-07-11,^GSPC,S&P 500,Benchmark,Train,-0.6985458106936123,0.487966249637596,3.332876312160554
2011-07-11,2011-07-12,^GSPC,S&P 500,Benchmark,Train,-1.8256166936573937,3.332876312160554,0.1974353544470761
2011-07-12,2011-07-13,^GSPC,S&P 500,Benchmark,Train,-0.4443369829837216,0.1974353544470761,0.0961636913151027
2011-07-13,2011-07-14,^GSPC,S&P 500,Benchmark,Train,0.3101027109122117,0.0961636913151027,0.4541118782125706
2011-07-14,2011-07-15,^GSPC,S&P 500,Benchmark,Train,-0.6738782369334765,0.4541118782125706,0.3068113627834074
2011-07-15,2011-07-18,^GSPC,S&P 500,Benchmark,Train,0.5539055540283085,0.3068113627834074,0.6663648796154409
2011-07-18,2011-07-19,^GSPC,S&P 500,Benchmark,Train,-0.8163117539368405,0.6663648796154409,2.6170017069637073
2011-07-19,2011-07-20,^GSPC,S&P 500,Benchmark,Train,1.617714964684356,2.6170017069637073,0.0045031938614196
2011-07-20,2011-07-21,^GSPC,S&P 500,Benchmark,Train,-0.0671058407399806,0.0045031938614196,1.8104409664745431
2011-07-21,2011-07-22,^GSPC,S&P 500,Benchmark,Train,1.3455262786265243,1.8104409664745431,0.0082344646995833
2011-07-22,2011-07-25,^GSPC,S&P 500,Benchmark,Train,0.0907439513112766,0.0082344646995833,0.3202422693669781
2011-07-25,2011-07-26,^GSPC,S&P 500,Benchmark,Train,-0.5658995223243947,0.3202422693669781,0.1692022460916693
2011-07-26,2011-07-27,^GSPC,S&P 500,Benchmark,Train,-0.411342006232854,0.1692022460916693,4.2097703126774375
2011-07-27,2011-07-28,^GSPC,S&P 500,Benchmark,Train,-2.051772480729147,4.2097703126774375,0.1049246299627859
2011-07-28,2011-07-29,^GSPC,S&P 500,Benchmark,Train,-0.3239207155505587,0.1049246299627859,0.4187937113316908
2011-07-29,2011-08-01,^GSPC,S&P 500,Benchmark,Train,-0.6471427287173138,0.4187937113316908,0.1714672871348122
2011-08-01,2011-08-02,^GSPC,S&P 500,Benchmark,Train,-0.4140860866230743,0.1714672871348122,6.702356190803728
2011-08-02,2011-08-03,^GSPC,S&P 500,Benchmark,Train,-2.5888909190623943,6.702356190803728,0.2503146942419366
2011-08-03,2011-08-04,^GSPC,S&P 500,Benchmark,Train,0.5003145952717516,0.2503146942419366,24.011621970258464
2011-08-04,2011-08-05,^GSPC,S&P 500,Benchmark,Train,-4.90016550437416,24.011621970258464,0.0033072044455054
2011-08-05,2011-08-08,^GSPC,S&P 500,Benchmark,Train,-0.057508298927246,0.0033072044455054,47.55256709289738
2011-08-08,2011-08-09,^GSPC,S&P 500,Benchmark,Train,-6.895836939262512,47.55256709289738,21.453053466604228
2011-08-09,2011-08-10,^GSPC,S&P 500,Benchmark,Train,4.631744106338802,21.453053466604228,20.391363177805182
2011-08-10,2011-08-11,^GSPC,S&P 500,Benchmark,Train,-4.515679702747438,20.391363177805182,20.47616290274594
2011-08-11,2011-08-12,^GSPC,S&P 500,Benchmark,Train,4.5250594363771555,20.47616290274594,0.2754019272173644
2011-08-12,2011-08-15,^GSPC,S&P 500,Benchmark,Train,0.5247875067275939,0.2754019272173644,4.644338762969997
2011-08-15,2011-08-16,^GSPC,S&P 500,Benchmark,Train,2.1550727976033657,4.644338762969997,0.9577118185210476
2011-08-16,2011-08-17,^GSPC,S&P 500,Benchmark,Train,-0.9786275177620172,0.9577118185210476,0.0089669184063187
2011-08-17,2011-08-18,^GSPC,S&P 500,Benchmark,Train,0.0946938139812665,0.0089669184063187,20.810565685518306
2011-08-18,2011-08-19,^GSPC,S&P 500,Benchmark,Train,-4.561859893236344,20.810565685518306,2.2869775291325154
2011-08-19,2011-08-22,^GSPC,S&P 500,Benchmark,Train,-1.5122756128207964,2.2869775291325154,0.0006656806264571
2011-08-22,2011-08-23,^GSPC,S&P 500,Benchmark,Train,0.0258007873224272,0.0006656806264571,11.36380846277774
2011-08-23,2011-08-24,^GSPC,S&P 500,Benchmark,Train,3.3710248386474015,11.36380846277774,1.6990213629955906
2011-08-24,2011-08-25,^GSPC,S&P 500,Benchmark,Train,1.3034651368546804,1.6990213629955906,2.461112963425385
2011-08-25,2011-08-26,^GSPC,S&P 500,Benchmark,Train,-1.568793473796148,2.461112963425385,2.2525261911482164
2011-08-26,2011-08-29,^GSPC,S&P 500,Benchmark,Train,1.5008418274915636,2.2525261911482164,7.777129358034907
2011-08-29,2011-08-30,^GSPC,S&P 500,Benchmark,Train,2.788750501216433,7.777129358034907,0.0549562538706827
2011-08-30,2011-08-31,^GSPC,S&P 500,Benchmark,Train,0.2344275023769241,0.0549562538706827,0.2410720356086633
2011-08-31,2011-09-01,^GSPC,S&P 500,Benchmark,Train,0.4909908712070555,0.2410720356086633,1.4262236977571197
2011-09-01,2011-09-02,^GSPC,S&P 500,Benchmark,Train,-1.1942460792303735,1.4262236977571197,6.5571933458012515
2011-09-02,2011-09-06,^GSPC,S&P 500,Benchmark,Train,-2.5607017291752765,6.5571933458012515,0.557124373650435
2011-09-06,2011-09-07,^GSPC,S&P 500,Benchmark,Train,-0.7464076457609709,0.557124373650435,7.977136483229461
2011-09-07,2011-09-08,^GSPC,S&P 500,Benchmark,Train,2.8243824959147195,7.977136483229461,1.138252220962748
2011-09-08,2011-09-09,^GSPC,S&P 500,Benchmark,Train,-1.066889038730246,1.138252220962748,7.327070764098655
2011-09-09,2011-09-12,^GSPC,S&P 500,Benchmark,Train,-2.706856251096215,7.327070764098655,0.4818536882567309
2011-09-12,2011-09-13,^GSPC,S&P 500,Benchmark,Train,0.6941568182022928,0.4818536882567309,0.8242326905785061
2011-09-13,2011-09-14,^GSPC,S&P 500,Benchmark,Train,0.9078726180354302,0.8242326905785061,1.7928568673556111
2011-09-14,2011-09-15,^GSPC,S&P 500,Benchmark,Train,1.338976051823038,1.7928568673556111,2.9039727324864195
2011-09-15,2011-09-16,^GSPC,S&P 500,Benchmark,Train,1.704104671810514,2.9039727324864195,0.3238151212098469
2011-09-16,2011-09-19,^GSPC,S&P 500,Benchmark,Train,0.5690475561935461,0.3238151212098469,0.9704119005519214
2011-09-19,2011-09-20,^GSPC,S&P 500,Benchmark,Train,-0.985094868808036,0.9704119005519214,0.0276352871820075
2011-09-20,2011-09-21,^GSPC,S&P 500,Benchmark,Train,-0.1662386452724142,0.0276352871820075,8.898882678894148
2011-09-21,2011-09-22,^GSPC,S&P 500,Benchmark,Train,-2.9830995087147443,8.898882678894148,10.499192040337562
2011-09-22,2011-09-23,^GSPC,S&P 500,Benchmark,Train,-3.2402456759229787,10.499192040337562,0.3676710949287031
2011-09-23,2011-09-26,^GSPC,S&P 500,Benchmark,Train,0.6063588829469748,0.3676710949287031,5.321336065574361
2011-09-26,2011-09-27,^GSPC,S&P 500,Benchmark,Train,2.306802129696945,5.321336065574361,1.1303230826949928
2011-09-27,2011-09-28,^GSPC,S&P 500,Benchmark,Train,1.0631665357294655,1.1303230826949928,4.371526538146726
2011-09-28,2011-09-29,^GSPC,S&P 500,Benchmark,Train,-2.090819585269548,4.371526538146726,0.6531042300488595
2011-09-29,2011-09-30,^GSPC,S&P 500,Benchmark,Train,0.8081486435358656,0.6531042300488595,6.396485647653219
2011-09-30,2011-10-03,^GSPC,S&P 500,Benchmark,Train,-2.529127447886567,6.396485647653219,8.331075725873824
2011-10-03,2011-10-04,^GSPC,S&P 500,Benchmark,Train,-2.886360290378494,8.331075725873824,4.945867371952137
2011-10-04,2011-10-05,^GSPC,S&P 500,Benchmark,Train,2.223930613115467,4.945867371952137,3.135703933807795
2011-10-05,2011-10-06,^GSPC,S&P 500,Benchmark,Train,1.7707918945510777,3.135703933807795,3.289931553184269
2011-10-06,2011-10-07,^GSPC,S&P 500,Benchmark,Train,1.813816846648048,3.289931553184269,0.6718771364553584
2011-10-07,2011-10-10,^GSPC,S&P 500,Benchmark,Train,-0.819681118762265,0.6718771364553584,11.25981238838074
2011-10-10,2011-10-11,^GSPC,S&P 500,Benchmark,Train,3.3555643919288363,11.25981238838074,0.0029577895417148
2011-10-11,2011-10-12,^GSPC,S&P 500,Benchmark,Train,0.0543855637252652,0.0029577895417148,0.9500492400451952
2011-10-12,2011-10-13,^GSPC,S&P 500,Benchmark,Train,0.9747046937638062,0.9500492400451952,0.0886909387591557
2011-10-13,2011-10-14,^GSPC,S&P 500,Benchmark,Train,-0.2978102395136133,0.0886909387591557,2.96905596633623
2011-10-14,2011-10-17,^GSPC,S&P 500,Benchmark,Train,1.7230948802478143,2.96905596633623,3.825911588943614
2011-10-17,2011-10-18,^GSPC,S&P 500,Benchmark,Train,-1.955993759944958,3.825911588943614,4.085673652508994
2011-10-18,2011-10-19,^GSPC,S&P 500,Benchmark,Train,2.021304938031121,4.085673652508994,1.6204828635053556
2011-10-19,2011-10-20,^GSPC,S&P 500,Benchmark,Train,-1.2729818787026608,1.6204828635053556,0.206464803196723
2011-10-20,2011-10-21,^GSPC,S&P 500,Benchmark,Train,0.4543839821084399,0.206464803196723,3.4722847131260717
2011-10-21,2011-10-24,^GSPC,S&P 500,Benchmark,Train,1.863406749243458,3.4722847131260717,1.636047355346436
2011-10-24,2011-10-25,^GSPC,S&P 500,Benchmark,Train,1.279080668037179,1.636047355346436,4.099955238100306
2011-10-25,2011-10-26,^GSPC,S&P 500,Benchmark,Train,-2.0248346199382077,4.099955238100306,1.098603862505247
2011-10-26,2011-10-27,^GSPC,S&P 500,Benchmark,Train,1.048143054408723,1.098603862505247,11.368085199991144
2011-10-27,2011-10-28,^GSPC,S&P 500,Benchmark,Train,3.3716591168134338,11.368085199991144,0.0015144046877618
2011-10-28,2011-10-31,^GSPC,S&P 500,Benchmark,Train,0.0389153528541357,0.0015144046877618,6.274331942239382
2011-10-31,2011-11-01,^GSPC,S&P 500,Benchmark,Train,-2.5048616612977614,6.274331942239382,8.031589793555389
2011-11-01,2011-11-02,^GSPC,S&P 500,Benchmark,Train,-2.834005962159464,8.031589793555389,2.552441844340896
2011-11-02,2011-11-03,^GSPC,S&P 500,Benchmark,Train,1.5976363304397203,2.552441844340896,3.4624304574411737
2011-11-03,2011-11-04,^GSPC,S&P 500,Benchmark,Train,1.8607607200930416,3.4624304574411737,0.3968772620115534
2011-11-04,2011-11-07,^GSPC,S&P 500,Benchmark,Train,-0.6299819537189565,0.3968772620115534,0.3938827906663054
2011-11-07,2011-11-08,^GSPC,S&P 500,Benchmark,Train,0.6276008211166596,0.3938827906663054,1.3612613014343449
2011-11-08,2011-11-09,^GSPC,S&P 500,Benchmark,Train,1.1667310321725162,1.3612613014343449,13.976641777118177
2011-11-09,2011-11-10,^GSPC,S&P 500,Benchmark,Train,-3.7385347098988095,13.976641777118177,0.7374002272294043
2011-11-10,2011-11-11,^GSPC,S&P 500,Benchmark,Train,0.8587201099481742,0.7374002272294043,3.7222845390189097
2011-11-11,2011-11-14,^GSPC,S&P 500,Benchmark,Train,1.929322300451355,3.7222845390189097,0.920839201088971
2011-11-14,2011-11-15,^GSPC,S&P 500,Benchmark,Train,-0.9596036687554768,0.920839201088971,0.2309377480279286
2011-11-15,2011-11-16,^GSPC,S&P 500,Benchmark,Train,0.480559827730043,0.2309377480279286,2.807567780762614
2011-11-16,2011-11-17,^GSPC,S&P 500,Benchmark,Train,-1.6755798341954984,2.807567780762614,2.870541340830122
2011-11-17,2011-11-18,^GSPC,S&P 500,Benchmark,Train,-1.6942671987706432,2.870541340830122,0.001558326867701
2011-11-18,2011-11-21,^GSPC,S&P 500,Benchmark,Train,-0.0394756490472428,0.001558326867701,3.543644772852722
2011-11-21,2011-11-22,^GSPC,S&P 500,Benchmark,Train,-1.882457110494877,3.543644772852722,0.1721784282802954
2011-11-22,2011-11-23,^GSPC,S&P 500,Benchmark,Train,-0.4149438857005794,0.1721784282802954,4.99208328913705
2011-11-23,2011-11-25,^GSPC,S&P 500,Benchmark,Train,-2.2342970458596256,4.99208328913705,0.0723136261097986
2011-11-25,2011-11-28,^GSPC,S&P 500,Benchmark,Train,-0.2689119300250522,0.0723136261097986,8.306545969498002
2011-11-28,2011-11-29,^GSPC,S&P 500,Benchmark,Train,2.882107903860992,8.306545969498002,0.0488943626150982
2011-11-29,2011-11-30,^GSPC,S&P 500,Benchmark,Train,0.2211206969396991,0.0488943626150982,17.98051582734259
2011-11-30,2011-12-01,^GSPC,S&P 500,Benchmark,Train,4.240343833622763,17.98051582734259,0.0364989400790047
2011-12-01,2011-12-02,^GSPC,S&P 500,Benchmark,Train,-0.1910469577852648,0.0364989400790047,0.0005808841018008
2011-12-02,2011-12-05,^GSPC,S&P 500,Benchmark,Train,-0.0241015373327281,0.0005808841018008,1.047442390240186
2011-12-05,2011-12-06,^GSPC,S&P 500,Benchmark,Train,1.02344632992658,1.047442390240186,0.0122132979244131
2011-12-06,2011-12-07,^GSPC,S&P 500,Benchmark,Train,0.1105137906526291,0.0122132979244131,0.0406554949857663
2011-12-07,2011-12-08,^GSPC,S&P 500,Benchmark,Train,0.201632078265752,0.0406554949857663,4.566127474158904
2011-12-08,2011-12-09,^GSPC,S&P 500,Benchmark,Train,-2.1368498950929857,4.566127474158904,2.8030838995133927
2011-12-09,2011-12-12,^GSPC,S&P 500,Benchmark,Train,1.6742412907085384,2.8030838995133927,2.257923034121135
2011-12-12,2011-12-13,^GSPC,S&P 500,Benchmark,Train,-1.502638690477899,2.257923034121135,0.7610735630049247
2011-12-13,2011-12-14,^GSPC,S&P 500,Benchmark,Train,-0.8723953020305214,0.7610735630049247,1.3026230973691346
2011-12-14,2011-12-15,^GSPC,S&P 500,Benchmark,Train,-1.141325149713759,1.3026230973691346,0.1048369113058778
2011-12-15,2011-12-16,^GSPC,S&P 500,Benchmark,Train,0.3237852858081692,0.1048369113058778,0.1031045101252346
2011-12-16,2011-12-19,^GSPC,S&P 500,Benchmark,Train,0.3210989101900451,0.1031045101252346,1.3929188845518248
2011-12-19,2011-12-20,^GSPC,S&P 500,Benchmark,Train,-1.180219845855773,1.3929188845518248,8.637307153166056
2011-12-20,2011-12-21,^GSPC,S&P 500,Benchmark,Train,2.938929593094407,8.637307153166056,0.0379317756380728
2011-12-21,2011-12-22,^GSPC,S&P 500,Benchmark,Train,0.1947608164854339,0.0379317756380728,0.677588627028637
2011-12-22,2011-12-23,^GSPC,S&P 500,Benchmark,Train,0.8231577169829831,0.677588627028637,0.8090068455765446
2011-12-23,2011-12-27,^GSPC,S&P 500,Benchmark,Train,0.8994480783105518,0.8090068455765446,6.257572395222375e-05
2011-12-27,2011-12-28,^GSPC,S&P 500,Benchmark,Train,0.0079104819039186,6.257572395222375e-05,1.576658493695836
2011-12-28,2011-12-29,^GSPC,S&P 500,Benchmark,Train,-1.2556506256502389,1.576658493695836,1.1342617349762063
2011-12-29,2011-12-30,^GSPC,S&P 500,Benchmark,Train,1.0650172463280614,1.1342617349762063,0.1849490869030001
2011-12-30,2012-01-03,^GSPC,S&P 500,Benchmark,Train,-0.4300570740064627,0.1849490869030001,2.3579087874510005
2012-01-03,2012-01-04,^GSPC,S&P 500,Benchmark,Train,1.5355483670177896,2.3579087874510005,0.0003530879427978
2012-01-04,2012-01-05,^GSPC,S&P 500,Benchmark,Train,0.0187906344437293,0.0003530879427978,0.0864002926547427
2012-01-05,2012-01-06,^GSPC,S&P 500,Benchmark,Train,0.2939392669493865,0.0864002926547427,0.0645253984712473
2012-01-06,2012-01-09,^GSPC,S&P 500,Benchmark,Train,-0.2540185002539133,0.0645253984712473,0.0510328143223385
2012-01-09,2012-01-10,^GSPC,S&P 500,Benchmark,Train,0.2259044362608636,0.0510328143223385,0.7826098003643522
2012-01-10,2012-01-11,^GSPC,S&P 500,Benchmark,Train,0.88465236130604,0.7826098003643522,0.000958207967622
2012-01-11,2012-01-12,^GSPC,S&P 500,Benchmark,Train,0.0309549344632173,0.000958207967622,0.0544700863739121
2012-01-12,2012-01-13,^GSPC,S&P 500,Benchmark,Train,0.2333882738569188,0.0544700863739121,0.2460362816466338
2012-01-13,2012-01-17,^GSPC,S&P 500,Benchmark,Train,-0.4960204447869401,0.2460362816466338,0.1257878132454988
2012-01-17,2012-01-18,^GSPC,S&P 500,Benchmark,Train,0.3546657768174128,0.1257878132454988,1.2202934073977107
2012-01-18,2012-01-19,^GSPC,S&P 500,Benchmark,Train,1.104668913022228,1.2202934073977107,0.2427041917000823
2012-01-19,2012-01-20,^GSPC,S&P 500,Benchmark,Train,0.4926501717244015,0.2427041917000823,0.0044787654701464
2012-01-20,2012-01-23,^GSPC,S&P 500,Benchmark,Train,0.0669235793285626,0.0044787654701464,0.0022205952435031
2012-01-23,2012-01-24,^GSPC,S&P 500,Benchmark,Train,0.047123192204085,0.0022205952435031,0.010533816475746
2012-01-24,2012-01-25,^GSPC,S&P 500,Benchmark,Train,-0.1026343825223596,0.010533816475746,0.7467888758521368
2012-01-25,2012-01-26,^GSPC,S&P 500,Benchmark,Train,0.8641694717196025,0.7467888758521368,0.3329876590175037
2012-01-26,2012-01-27,^GSPC,S&P 500,Benchmark,Train,-0.5770508287989055,0.3329876590175037,0.0254130639615714
2012-01-27,2012-01-30,^GSPC,S&P 500,Benchmark,Train,-0.1594147545290945,0.0254130639615714,0.063771859815785
2012-01-30,2012-01-31,^GSPC,S&P 500,Benchmark,Train,-0.2525309086345372,0.063771859815785,0.0020889573367731
2012-01-31,2012-02-01,^GSPC,S&P 500,Benchmark,Train,-0.0457051128077936,0.0020889573367731,0.7850380810038687
2012-02-01,2012-02-02,^GSPC,S&P 500,Benchmark,Train,0.8860237474265962,0.7850380810038687,0.011980349536181
2012-02-02,2012-02-03,^GSPC,S&P 500,Benchmark,Train,0.1094547830667123,0.011980349536181,2.102420525702262
2012-02-03,2012-02-06,^GSPC,S&P 500,Benchmark,Train,1.449972594810765,2.102420525702262,0.0017974548476941
2012-02-06,2012-02-07,^GSPC,S&P 500,Benchmark,Train,-0.0423964013531118,0.0017974548476941,0.040858053918738
2012-02-07,2012-02-08,^GSPC,S&P 500,Benchmark,Train,0.2021337525470153,0.040858053918738,0.0465645012240772
2012-02-08,2012-02-09,^GSPC,S&P 500,Benchmark,Train,0.2157880933325035,0.0465645012240772,0.0216980302146984
2012-02-09,2012-02-10,^GSPC,S&P 500,Benchmark,Train,0.147302512587866,0.0216980302146984,0.4774979494981705
2012-02-10,2012-02-13,^GSPC,S&P 500,Benchmark,Train,-0.6910122643616179,0.4774979494981705,0.4592804516788965
2012-02-13,2012-02-14,^GSPC,S&P 500,Benchmark,Train,0.6777023326497382,0.4592804516788965,0.0088353420860546
2012-02-14,2012-02-15,^GSPC,S&P 500,Benchmark,Train,-0.0939965003925926,0.0088353420860546,0.2913567846473336
2012-02-15,2012-02-16,^GSPC,S&P 500,Benchmark,Train,-0.5397747536216692,0.2913567846473336,1.2023924785759643
2012-02-16,2012-02-17,^GSPC,S&P 500,Benchmark,Train,1.09653658332769,1.2023924785759643,0.0550454127369067
2012-02-17,2012-02-21,^GSPC,S&P 500,Benchmark,Train,0.2346175882940296,0.0550454127369067,0.0051791592414074
2012-02-21,2012-02-22,^GSPC,S&P 500,Benchmark,Train,0.0719663757695736,0.0051791592414074,0.1119369117363728
2012-02-22,2012-02-23,^GSPC,S&P 500,Benchmark,Train,-0.3345697412145528,0.1119369117363728,0.1817234352722279
2012-02-23,2012-02-24,^GSPC,S&P 500,Benchmark,Train,0.426290318060624,0.1817234352722279,0.0279171023377438
2012-02-24,2012-02-27,^GSPC,S&P 500,Benchmark,Train,0.1670841175508428,0.0279171023377438,0.0183234815825805
2012-02-27,2012-02-28,^GSPC,S&P 500,Benchmark,Train,0.1353642551879206,0.0183234815825805,0.1122728090758027
2012-02-28,2012-02-29,^GSPC,S&P 500,Benchmark,Train,0.3350713492314775,0.1122728090758027,0.2254580927896027
2012-02-29,2012-03-01,^GSPC,S&P 500,Benchmark,Train,-0.4748242756953383,0.2254580927896027,0.3768924307828164
2012-03-01,2012-03-02,^GSPC,S&P 500,Benchmark,Train,0.6139156544532941,0.3768924307828164,0.1056922875236045
2012-03-02,2012-03-05,^GSPC,S&P 500,Benchmark,Train,-0.325103502785812,0.1056922875236045,0.150326837390765
2012-03-05,2012-03-06,^GSPC,S&P 500,Benchmark,Train,-0.387720050282114,0.150326837390765,2.3992480007522765
2012-03-06,2012-03-07,^GSPC,S&P 500,Benchmark,Train,-1.5489506127544146,2.3992480007522765,0.472920523841885
2012-03-07,2012-03-08,^GSPC,S&P 500,Benchmark,Train,0.6876921722994126,0.472920523841885,0.9545386087649076
2012-03-08,2012-03-09,^GSPC,S&P 500,Benchmark,Train,0.9770049174722242,0.9545386087649076,0.1313825450721898
2012-03-09,2012-03-12,^GSPC,S&P 500,Benchmark,Train,0.3624673020731523,0.1313825450721898,0.000257434922852
2012-03-12,2012-03-13,^GSPC,S&P 500,Benchmark,Train,0.016044778678812,0.000257434922852,3.228897440217384
2012-03-13,2012-03-14,^GSPC,S&P 500,Benchmark,Train,1.7969133090434228,3.228897440217384,0.0143275654457927
2012-03-14,2012-03-15,^GSPC,S&P 500,Benchmark,Train,-0.1196978088596141,0.0143275654457927,0.3539614213404146
2012-03-15,2012-03-16,^GSPC,S&P 500,Benchmark,Train,0.5949465701560221,0.3539614213404146,0.0125165185462249
2012-03-16,2012-03-19,^GSPC,S&P 500,Benchmark,Train,0.1118772476700465,0.0125165185462249,0.1572893005042386
2012-03-19,2012-03-20,^GSPC,S&P 500,Benchmark,Train,0.3965971514071156,0.1572893005042386,0.0903019769451177
2012-03-20,2012-03-21,^GSPC,S&P 500,Benchmark,Train,-0.3005028734390367,0.0903019769451177,0.0350794134204789
2012-03-21,2012-03-22,^GSPC,S&P 500,Benchmark,Train,-0.1872949903774228,0.0350794134204789,0.5231099786009414
2012-03-22,2012-03-23,^GSPC,S&P 500,Benchmark,Train,-0.7232634226897842,0.5231099786009414,0.0963503953620517
2012-03-23,2012-03-26,^GSPC,S&P 500,Benchmark,Train,0.3104036007556158,0.0963503953620517,1.9017237309953343
2012-03-26,2012-03-27,^GSPC,S&P 500,Benchmark,Train,1.3790299964088288,1.9017237309953343,0.0795662917608068
2012-03-27,2012-03-28,^GSPC,S&P 500,Benchmark,Train,-0.2820749754246321,0.0795662917608068,0.2453972509226132
2012-03-28,2012-03-29,^GSPC,S&P 500,Benchmark,Train,-0.4953758683289015,0.2453972509226132,0.0258960169997124
2012-03-29,2012-03-30,^GSPC,S&P 500,Benchmark,Train,-0.1609223943387386,0.0258960169997124,0.1362801113134037
2012-03-30,2012-04-02,^GSPC,S&P 500,Benchmark,Train,0.3691613621621361,0.1362801113134037,0.558999381529564
2012-04-02,2012-04-03,^GSPC,S&P 500,Benchmark,Train,0.7476626120982405,0.558999381529564,0.1597290604089273
2012-04-03,2012-04-04,^GSPC,S&P 500,Benchmark,Train,-0.3996611820141247,0.1597290604089273,1.0516352475090571
2012-04-04,2012-04-05,^GSPC,S&P 500,Benchmark,Train,-1.0254926852538038,1.0516352475090571,0.003959431694193
2012-04-05,2012-04-09,^GSPC,S&P 500,Benchmark,Train,-0.0629240152421399,0.003959431694193,1.304949357293941
2012-04-09,2012-04-10,^GSPC,S&P 500,Benchmark,Train,-1.1423437999542612,1.304949357293941,2.9683931200190736
2012-04-10,2012-04-11,^GSPC,S&P 500,Benchmark,Train,-1.7229025277185803,2.9683931200190736,0.5507554229742091
2012-04-11,2012-04-12,^GSPC,S&P 500,Benchmark,Train,0.7421289800123757,0.5507554229742091,1.8728785310802991
2012-04-12,2012-04-13,^GSPC,S&P 500,Benchmark,Train,1.3685315235975748,1.8728785310802991,1.5758953685986474
2012-04-13,2012-04-16,^GSPC,S&P 500,Benchmark,Train,-1.255346712505612,1.5758953685986474,0.0025374113249276
2012-04-16,2012-04-17,^GSPC,S&P 500,Benchmark,Train,-0.0503727240173452,0.0025374113249276,2.3617478339932836
2012-04-17,2012-04-18,^GSPC,S&P 500,Benchmark,Train,1.5367979157954643,2.3617478339932836,0.1651230663284978
2012-04-18,2012-04-19,^GSPC,S&P 500,Benchmark,Train,-0.4063533761746023,0.1651230663284978,0.3542720248631337
2012-04-19,2012-04-20,^GSPC,S&P 500,Benchmark,Train,-0.5952075477202332,0.3542720248631337,0.0136558534289162
2012-04-20,2012-04-23,^GSPC,S&P 500,Benchmark,Train,0.1168582621337329,0.0136558534289162,0.7128615886814944
2012-04-23,2012-04-24,^GSPC,S&P 500,Benchmark,Train,-0.8443113102887432,0.7128615886814944,0.1349107328779172
2012-04-24,2012-04-25,^GSPC,S&P 500,Benchmark,Train,0.3673019641628904,0.1349107328779172,1.836659980450664
2012-04-25,2012-04-26,^GSPC,S&P 500,Benchmark,Train,1.35523428987414,1.836659980450664,0.4432832661208103
2012-04-26,2012-04-27,^GSPC,S&P 500,Benchmark,Train,0.6657952133507797,0.4432832661208103,0.0581491713708659
2012-04-27,2012-04-30,^GSPC,S&P 500,Benchmark,Train,0.2411413929023093,0.0581491713708659,0.1514036563080456
2012-04-30,2012-05-01,^GSPC,S&P 500,Benchmark,Train,-0.3891062275369614,0.1514036563080456,0.3183708085076741
2012-05-01,2012-05-02,^GSPC,S&P 500,Benchmark,Train,0.5642435719684133,0.3183708085076741,0.0624902792109424
2012-05-02,2012-05-03,^GSPC,S&P 500,Benchmark,Train,-0.2499805576658762,0.0624902792109424,0.5911074269079487
2012-05-03,2012-05-04,^GSPC,S&P 500,Benchmark,Train,-0.7688351103506842,0.5911074269079487,2.6500570170354703
2012-05-04,2012-05-07,^GSPC,S&P 500,Benchmark,Train,-1.6278995721590046,2.6500570170354703,0.0012286397799473
2012-05-07,2012-05-08,^GSPC,S&P 500,Benchmark,Train,0.0350519582897645,0.0012286397799473,0.1838568450706615
2012-05-08,2012-05-09,^GSPC,S&P 500,Benchmark,Train,-0.4287853134969311,0.1838568450706615,0.452233053322125
2012-05-09,2012-05-10,^GSPC,S&P 500,Benchmark,Train,-0.672482753178195,0.452233053322125,0.0632144002051496
2012-05-10,2012-05-11,^GSPC,S&P 500,Benchmark,Train,0.2514247406385252,0.0632144002051496,0.1151306880277786
2012-05-11,2012-05-14,^GSPC,S&P 500,Benchmark,Train,-0.3393091334281743,0.1151306880277786,1.2488225884260913
2012-05-14,2012-05-15,^GSPC,S&P 500,Benchmark,Train,-1.1175073102338486,1.2488225884260913,0.3320534914510424
2012-05-15,2012-05-16,^GSPC,S&P 500,Benchmark,Train,-0.5762408276502476,0.3320534914510424,0.1947937001275308
2012-05-16,2012-05-17,^GSPC,S&P 500,Benchmark,Train,-0.4413543928947924,0.1947937001275308,2.3000141094783904
2012-05-17,2012-05-18,^GSPC,S&P 500,Benchmark,Train,-1.5165797405604462,2.3000141094783904,0.5498521813150868
2012-05-18,2012-05-21,^GSPC,S&P 500,Benchmark,Train,-0.7415201826754865,0.5498521813150868,2.530862392064211
2012-05-21,2012-05-22,^GSPC,S&P 500,Benchmark,Train,1.5908684395839308,2.530862392064211,0.0023640871674921
2012-05-22,2012-05-23,^GSPC,S&P 500,Benchmark,Train,0.0486218795141868,0.0023640871674921,0.0286377949441114
2012-05-23,2012-05-24,^GSPC,S&P 500,Benchmark,Train,0.1692270514548765,0.0286377949441114,0.0190186208381134
2012-05-24,2012-05-25,^GSPC,S&P 500,Benchmark,Train,0.1379080158588088,0.0190186208381134,0.0470014032754285
2012-05-25,2012-05-29,^GSPC,S&P 500,Benchmark,Train,-0.2167980702760717,0.0470014032754285,1.213975421273199
2012-05-29,2012-05-30,^GSPC,S&P 500,Benchmark,Train,1.101805527882847,1.213975421273199,2.084740162013509
2012-05-30,2012-05-31,^GSPC,S&P 500,Benchmark,Train,-1.4438629304797284,2.084740162013509,0.0519503097982951
2012-05-31,2012-06-01,^GSPC,S&P 500,Benchmark,Train,-0.2279261060043257,0.0519503097982951,6.2256714285473835
2012-06-01,2012-06-04,^GSPC,S&P 500,Benchmark,Train,-2.4951295414361523,6.2256714285473835,0.0001200080702508
2012-06-04,2012-06-05,^GSPC,S&P 500,Benchmark,Train,0.0109548194987798,0.0001200080702508,0.3260997693238742
2012-06-05,2012-06-06,^GSPC,S&P 500,Benchmark,Train,0.5710514594359025,0.3260997693238742,5.192827372160018
2012-06-06,2012-06-07,^GSPC,S&P 500,Benchmark,Train,2.2787776048048256,5.192827372160018,0.0001133589500606
2012-06-07,2012-06-08,^GSPC,S&P 500,Benchmark,Train,-0.0106470160167373,0.0001133589500606,0.6530936214650468
2012-06-08,2012-06-11,^GSPC,S&P 500,Benchmark,Train,0.8081420799989608,0.6530936214650468,1.613007650908066
2012-06-11,2012-06-12,^GSPC,S&P 500,Benchmark,Train,-1.2700423815401067,1.613007650908066,1.3417492160414424
2012-06-12,2012-06-13,^GSPC,S&P 500,Benchmark,Train,1.1583389901239802,1.3417492160414424,0.4967472788318871
2012-06-13,2012-06-14,^GSPC,S&P 500,Benchmark,Train,-0.7048030071104174,0.4967472788318871,1.157042854352325
2012-06-14,2012-06-15,^GSPC,S&P 500,Benchmark,Train,1.0756592649869776,1.157042854352325,1.0577599312935235
2012-06-15,2012-06-18,^GSPC,S&P 500,Benchmark,Train,1.0284745652146794,1.0577599312935235,0.0208428112104562
2012-06-18,2012-06-19,^GSPC,S&P 500,Benchmark,Train,0.1443703958935358,0.0208428112104562,0.9541058920990017
2012-06-19,2012-06-20,^GSPC,S&P 500,Benchmark,Train,0.9767834417612749,0.9541058920990017,0.0284860305929198
2012-06-20,2012-06-21,^GSPC,S&P 500,Benchmark,Train,-0.1687780512771723,0.0284860305929198,5.068445427080215
2012-06-21,2012-06-22,^GSPC,S&P 500,Benchmark,Train,-2.2513208183375855,5.068445427080215,0.5110804707505908
2012-06-22,2012-06-25,^GSPC,S&P 500,Benchmark,Train,0.7148989234504349,0.5110804707505908,2.5867904914853255
2012-06-25,2012-06-26,^GSPC,S&P 500,Benchmark,Train,-1.6083502390603004,2.5867904914853255,0.2267062676477702
2012-06-26,2012-06-27,^GSPC,S&P 500,Benchmark,Train,0.4761368161020214,0.2267062676477702,0.8000911464473321
2012-06-27,2012-06-28,^GSPC,S&P 500,Benchmark,Train,0.894478141961743,0.8000911464473321,0.0446066373332224
2012-06-28,2012-06-29,^GSPC,S&P 500,Benchmark,Train,-0.2112028345766752,0.0446066373332224,6.05888070612669
2012-06-29,2012-07-02,^GSPC,S&P 500,Benchmark,Train,2.4614793734920246,6.05888070612669,0.0603337116892468
2012-07-02,2012-07-03,^GSPC,S&P 500,Benchmark,Train,0.2456292158706836,0.0603337116892468,0.3859853056142077
2012-07-03,2012-07-05,^GSPC,S&P 500,Benchmark,Train,0.6212771568424255,0.3859853056142077,0.2207159455888175
2012-07-05,2012-07-06,^GSPC,S&P 500,Benchmark,Train,-0.4698041566321199,0.2207159455888175,0.8982146437317333
2012-07-06,2012-07-09,^GSPC,S&P 500,Benchmark,Train,-0.947741865558198,0.8982146437317333,0.0269017787033551
2012-07-09,2012-07-10,^GSPC,S&P 500,Benchmark,Train,-0.164017617051813,0.0269017787033551,0.6657126837737358
2012-07-10,2012-07-11,^GSPC,S&P 500,Benchmark,Train,-0.815912178959069,0.6657126837737358,2.2271649308751617e-06
2012-07-11,2012-07-12,^GSPC,S&P 500,Benchmark,Train,-0.0014923688990578,2.2271649308751617e-06,0.2499574370576661
2012-07-12,2012-07-13,^GSPC,S&P 500,Benchmark,Train,-0.4999574352459078,0.2499574370576661,2.6773989019404474
2012-07-13,2012-07-16,^GSPC,S&P 500,Benchmark,Train,1.6362759247573275,2.6773989019404474,0.0536846996178651
2012-07-16,2012-07-17,^GSPC,S&P 500,Benchmark,Train,-0.2316995891620551,0.0536846996178651,0.5449917730413792
2012-07-17,2012-07-18,^GSPC,S&P 500,Benchmark,Train,0.738235580991176,0.5449917730413792,0.4433263037121861
2012-07-18,2012-07-19,^GSPC,S&P 500,Benchmark,Train,0.6658275330085007,0.4433263037121861,0.0736262231085409
2012-07-19,2012-07-20,^GSPC,S&P 500,Benchmark,Train,0.2713415248511383,0.0736262231085409,1.0226509406809716
2012-07-20,2012-07-23,^GSPC,S&P 500,Benchmark,Train,-1.0112620534169032,1.0226509406809716,0.8008422520879314
2012-07-23,2012-07-24,^GSPC,S&P 500,Benchmark,Train,-0.8948979003707246,0.8008422520879314,0.8248363569771098
2012-07-24,2012-07-25,^GSPC,S&P 500,Benchmark,Train,-0.908205019242412,0.8248363569771098,0.0009853994146061
2012-07-25,2012-07-26,^GSPC,S&P 500,Benchmark,Train,-0.0313910722117955,0.0009853994146061,2.691457740384361
2012-07-26,2012-07-27,^GSPC,S&P 500,Benchmark,Train,1.6405662864951118,2.691457740384361,3.57240788402415
2012-07-27,2012-07-30,^GSPC,S&P 500,Benchmark,Train,1.8900814490450273,3.57240788402415,0.0023374947249332
2012-07-30,2012-07-31,^GSPC,S&P 500,Benchmark,Train,-0.0483476444610617,0.0023374947249332,0.1871577080318552
2012-07-31,2012-08-01,^GSPC,S&P 500,Benchmark,Train,-0.4326172766220222,0.1871577080318552,0.0843433641054851
2012-08-01,2012-08-02,^GSPC,S&P 500,Benchmark,Train,-0.2904192901745425,0.0843433641054851,0.567304760353086
2012-08-02,2012-08-03,^GSPC,S&P 500,Benchmark,Train,-0.7531963624136045,0.567304760353086,3.557481920090311
2012-08-03,2012-08-06,^GSPC,S&P 500,Benchmark,Train,1.8861288185302485,3.557481920090311,0.0541288480272778
2012-08-06,2012-08-07,^GSPC,S&P 500,Benchmark,Train,0.2326560724057678,0.0541288480272778,0.2594641887782762
2012-08-07,2012-08-08,^GSPC,S&P 500,Benchmark,Train,0.5093762742592908,0.2594641887782762,0.0038518632295384
2012-08-08,2012-08-09,^GSPC,S&P 500,Benchmark,Train,0.0620633807453192,0.0038518632295384,0.0017106495600712
2012-08-09,2012-08-10,^GSPC,S&P 500,Benchmark,Train,0.0413599995173019,0.0017106495600712,0.0477881751914931
2012-08-10,2012-08-13,^GSPC,S&P 500,Benchmark,Train,0.2186050667104794,0.0477881751914931,0.0156921990512979
2012-08-13,2012-08-14,^GSPC,S&P 500,Benchmark,Train,-0.1252685078193954,0.0156921990512979,0.0001642360458198
2012-08-14,2012-08-15,^GSPC,S&P 500,Benchmark,Train,-0.0128154612019971,0.0001642360458198,0.0129730193195504
2012-08-15,2012-08-16,^GSPC,S&P 500,Benchmark,Train,0.1138991629449067,0.0129730193195504,0.5006157365992799
2012-08-16,2012-08-17,^GSPC,S&P 500,Benchmark,Train,0.7075420387505466,0.5006157365992799,0.0349833533289885
2012-08-17,2012-08-20,^GSPC,S&P 500,Benchmark,Train,0.1870383739476702,0.0349833533289885,4.483828971998752e-06
2012-08-20,2012-08-21,^GSPC,S&P 500,Benchmark,Train,-0.0021175053652821,4.483828971998752e-06,0.1227568114664059
2012-08-21,2012-08-22,^GSPC,S&P 500,Benchmark,Train,-0.3503666814444632,0.1227568114664059,0.0005124682840194
2012-08-22,2012-08-23,^GSPC,S&P 500,Benchmark,Train,0.0226377623456796,0.0005124682840194,0.6569101847908294
2012-08-23,2012-08-24,^GSPC,S&P 500,Benchmark,Train,-0.8104999597722565,0.6569101847908294,0.4139620600123471
2012-08-24,2012-08-27,^GSPC,S&P 500,Benchmark,Train,0.6433988343262266,0.4139620600123471,0.0023925248133982
2012-08-27,2012-08-28,^GSPC,S&P 500,Benchmark,Train,-0.0489134420522445,0.0023925248133982,0.0065368687228335
2012-08-28,2012-08-29,^GSPC,S&P 500,Benchmark,Train,-0.0808509042796279,0.0065368687228335,0.0071232412378702
2012-08-29,2012-08-30,^GSPC,S&P 500,Benchmark,Train,0.0843992964299478,0.0071232412378702,0.6140963090810881
2012-08-30,2012-08-31,^GSPC,S&P 500,Benchmark,Train,-0.7836429729673381,0.6140963090810881,0.2560835426925071
2012-08-31,2012-09-04,^GSPC,S&P 500,Benchmark,Train,0.5060469767645165,0.2560835426925071,0.013610473092421
2012-09-04,2012-09-05,^GSPC,S&P 500,Benchmark,Train,-0.1166639322688079,0.013610473092421,0.0114111886508812
2012-09-05,2012-09-06,^GSPC,S&P 500,Benchmark,Train,-0.1068231653288801,0.0114111886508812,4.0923415153652725
2012-09-06,2012-09-07,^GSPC,S&P 500,Benchmark,Train,2.022953661200689,4.0923415153652725,0.1633610673264498
2012-09-07,2012-09-10,^GSPC,S&P 500,Benchmark,Train,0.4041794988943029,0.1633610673264498,0.3802949198225819
2012-09-10,2012-09-11,^GSPC,S&P 500,Benchmark,Train,-0.6166805654652836,0.3802949198225819,0.0979722615780954
2012-09-11,2012-09-12,^GSPC,S&P 500,Benchmark,Train,0.3130052101452872,0.0979722615780954,0.0437021367448918
2012-09-12,2012-09-13,^GSPC,S&P 500,Benchmark,Train,0.2090505602596938,0.0437021367448918,2.6173325423942244
2012-09-13,2012-09-14,^GSPC,S&P 500,Benchmark,Train,1.617817215384428,2.6173325423942244,0.1561147010207396
2012-09-14,2012-09-17,^GSPC,S&P 500,Benchmark,Train,0.3951135292808127,0.1561147010207396,0.0979428887926771
2012-09-17,2012-09-18,^GSPC,S&P 500,Benchmark,Train,-0.3129582860265519,0.0979428887926771,0.0163992389240259
2012-09-18,2012-09-19,^GSPC,S&P 500,Benchmark,Train,-0.1280595132117327,0.0163992389240259,0.0140387365614672
2012-09-19,2012-09-20,^GSPC,S&P 500,Benchmark,Train,0.1184851744374258,0.0140387365614672,0.0029255116663441
2012-09-20,2012-09-21,^GSPC,S&P 500,Benchmark,Train,-0.0540879992821339,0.0029255116663441,5.673381948660322e-05
2012-09-21,2012-09-24,^GSPC,S&P 500,Benchmark,Train,-0.0075321855717051,5.673381948660322e-05,0.0499589583264918
2012-09-24,2012-09-25,^GSPC,S&P 500,Benchmark,Train,-0.2235150069379947,0.0499589583264918,1.1145847133528552
2012-09-25,2012-09-26,^GSPC,S&P 500,Benchmark,Train,-1.0557389418567713,1.1145847133528552,0.3309992251840762
2012-09-26,2012-09-27,^GSPC,S&P 500,Benchmark,Train,-0.5753253211740956,0.3309992251840762,0.9221237943849848
2012-09-27,2012-09-28,^GSPC,S&P 500,Benchmark,Train,0.9602727708234702,0.9221237943849848,0.2014042276999222
2012-09-28,2012-10-01,^GSPC,S&P 500,Benchmark,Train,-0.4487808236766832,0.2014042276999222,0.0701189164970519
2012-10-01,2012-10-02,^GSPC,S&P 500,Benchmark,Train,0.2647997667994667,0.0701189164970519,0.0076022134105138
2012-10-02,2012-10-03,^GSPC,S&P 500,Benchmark,Train,0.0871906727265814,0.0076022134105138,0.1308889139275673
2012-10-03,2012-10-04,^GSPC,S&P 500,Benchmark,Train,0.3617857293033645,0.1308889139275673,0.5110565215158848
2012-10-04,2012-10-05,^GSPC,S&P 500,Benchmark,Train,0.7148821731697362,0.5110565215158848,0.0010345298696502
2012-10-05,2012-10-08,^GSPC,S&P 500,Benchmark,Train,-0.0321641084075123,0.0010345298696502,0.1199045644355284
2012-10-08,2012-10-09,^GSPC,S&P 500,Benchmark,Train,-0.3462723847428905,0.1199045644355284,0.988072208797955
2012-10-09,2012-10-10,^GSPC,S&P 500,Benchmark,Train,-0.9940182135141966,0.988072208797955,0.3853002166761113
2012-10-10,2012-10-11,^GSPC,S&P 500,Benchmark,Train,-0.6207255566481142,0.3853002166761113,0.0003816960764754
2012-10-11,2012-10-12,^GSPC,S&P 500,Benchmark,Train,0.0195370436984577,0.0003816960764754,0.0882413733571531
2012-10-12,2012-10-15,^GSPC,S&P 500,Benchmark,Train,-0.2970544956016541,0.0882413733571531,0.6472959963201903
2012-10-15,2012-10-16,^GSPC,S&P 500,Benchmark,Train,0.8045470752666933,0.6472959963201903,1.0439844687699504
2012-10-16,2012-10-17,^GSPC,S&P 500,Benchmark,Train,1.0217555817170516,1.0439844687699504,0.1688064429823334
2012-10-17,2012-10-18,^GSPC,S&P 500,Benchmark,Train,0.4108606125954804,0.1688064429823334,0.0598643815599287
2012-10-18,2012-10-19,^GSPC,S&P 500,Benchmark,Train,-0.2446719876894957,0.0598643815599287,2.7922893255411196
2012-10-19,2012-10-22,^GSPC,S&P 500,Benchmark,Train,-1.671014460003599,2.7922893255411196,0.0019314766165131
2012-10-22,2012-10-23,^GSPC,S&P 500,Benchmark,Train,0.0439485678550861,0.0019314766165131,2.1168023823374584
2012-10-23,2012-10-24,^GSPC,S&P 500,Benchmark,Train,-1.454923497073801,2.1168023823374584,0.0954904237182404
2012-10-24,2012-10-25,^GSPC,S&P 500,Benchmark,Train,-0.3090152483587832,0.0954904237182404,0.0894646952551544
2012-10-25,2012-10-26,^GSPC,S&P 500,Benchmark,Train,0.2991064948394708,0.0894646952551544,0.0053180201637377
2012-10-26,2012-10-31,^GSPC,S&P 500,Benchmark,Train,-0.0729247568644406,0.0053180201637377,0.0002429469354218
2012-10-31,2012-11-01,^GSPC,S&P 500,Benchmark,Train,0.0155867551280532,0.0002429469354218,1.180963097150283
2012-11-01,2012-11-02,^GSPC,S&P 500,Benchmark,Train,1.0867212600985972,1.180963097150283,0.8880646552142515
2012-11-02,2012-11-05,^GSPC,S&P 500,Benchmark,Train,-0.9423718242892511,0.8880646552142515,0.0467195837550507
2012-11-05,2012-11-06,^GSPC,S&P 500,Benchmark,Train,0.2161471345057592,0.0467195837550507,0.6119164897514885
2012-11-06,2012-11-07,^GSPC,S&P 500,Benchmark,Train,0.7822509122727109,0.6119164897514885,5.755433311526732
2012-11-07,2012-11-08,^GSPC,S&P 500,Benchmark,Train,-2.3990484179204747,5.755433311526732,1.5079676218423057
2012-11-08,2012-11-09,^GSPC,S&P 500,Benchmark,Train,-1.22799333135091,1.5079676218423057,0.0288066190685602
2012-11-09,2012-11-12,^GSPC,S&P 500,Benchmark,Train,0.169725127982159,0.0288066190685602,0.000170248677045
2012-11-12,2012-11-13,^GSPC,S&P 500,Benchmark,Train,0.0130479376548562,0.000170248677045,0.1594711157636906
2012-11-13,2012-11-14,^GSPC,S&P 500,Benchmark,Train,-0.3993383474745327,0.1594711157636906,1.9457098667263617
2012-11-14,2012-11-15,^GSPC,S&P 500,Benchmark,Train,-1.3948870444327603,1.9457098667263617,0.0254343793675517
2012-11-15,2012-11-16,^GSPC,S&P 500,Benchmark,Train,-0.1594815957016725,0.0254343793675517,0.2331223691833599
2012-11-16,2012-11-19,^GSPC,S&P 500,Benchmark,Train,0.4828274735175702,0.2331223691833599,3.868057078152964
2012-11-19,2012-11-20,^GSPC,S&P 500,Benchmark,Train,1.966737673954756,3.868057078152964,0.004397897216084
2012-11-20,2012-11-21,^GSPC,S&P 500,Benchmark,Train,0.0663166435827691,0.004397897216084,0.053707768686436
2012-11-21,2012-11-23,^GSPC,S&P 500,Benchmark,Train,0.2317493660971613,0.053707768686436,1.675005943940076
2012-11-23,2012-11-26,^GSPC,S&P 500,Benchmark,Train,1.294220206896831,1.675005943940076,0.0412757843708657
2012-11-26,2012-11-27,^GSPC,S&P 500,Benchmark,Train,-0.2031644269326344,0.0412757843708657,0.2746067790743787
2012-11-27,2012-11-28,^GSPC,S&P 500,Benchmark,Train,-0.5240293685227754,0.2746067790743787,0.6123580150536263
2012-11-28,2012-11-29,^GSPC,S&P 500,Benchmark,Train,0.7825330760125263,0.6123580150536263,0.1815231669626933
2012-11-29,2012-11-30,^GSPC,S&P 500,Benchmark,Train,0.4260553566881813,0.1815231669626933,0.0002640440860424
2012-11-30,2012-12-03,^GSPC,S&P 500,Benchmark,Train,0.0162494334068118,0.0002640440860424,0.2262447457899931
2012-12-03,2012-12-04,^GSPC,S&P 500,Benchmark,Train,-0.4756519166260062,0.2262447457899931,0.0292846483304821
2012-12-04,2012-12-05,^GSPC,S&P 500,Benchmark,Train,-0.1711275791054211,0.0292846483304821,0.0250781320366646
2012-12-05,2012-12-06,^GSPC,S&P 500,Benchmark,Train,0.1583607654586976,0.0250781320366646,0.1089749795765689
2012-12-06,2012-12-07,^GSPC,S&P 500,Benchmark,Train,0.3301135858709377,0.1089749795765689,0.085069172184552
2012-12-07,2012-12-10,^GSPC,S&P 500,Benchmark,Train,0.2916661999350491,0.085069172184552,0.0011458445024424
2012-12-10,2012-12-11,^GSPC,S&P 500,Benchmark,Train,0.0338503249975896,0.0011458445024424,0.4260866507213044
2012-12-11,2012-12-12,^GSPC,S&P 500,Benchmark,Train,0.6527531315292976,0.4260866507213044,0.0020082886263915
2012-12-12,2012-12-13,^GSPC,S&P 500,Benchmark,Train,0.0448139333956705,0.0020082886263915,0.4021449512849733
2012-12-13,2012-12-14,^GSPC,S&P 500,Benchmark,Train,-0.6341489977008348,0.4021449512849733,0.1717253443221729
2012-12-14,2012-12-17,^GSPC,S&P 500,Benchmark,Train,-0.4143975679491531,0.1717253443221729,1.392562381657363
2012-12-17,2012-12-18,^GSPC,S&P 500,Benchmark,Train,1.180068803781103,1.392562381657363,1.304434820349594
2012-12-18,2012-12-19,^GSPC,S&P 500,Benchmark,Train,1.1421185666775555,1.304434820349594,0.5803614181633268
2012-12-19,2012-12-20,^GSPC,S&P 500,Benchmark,Train,-0.7618145562821222,0.5803614181633268,0.2995487498676292
2012-12-20,2012-12-21,^GSPC,S&P 500,Benchmark,Train,0.5473104693568626,0.2995487498676292,0.8879188211051448
2012-12-21,2012-12-24,^GSPC,S&P 500,Benchmark,Train,-0.9422944450144788,0.8879188211051448,0.0596961213143259
2012-12-24,2012-12-26,^GSPC,S&P 500,Benchmark,Train,-0.2443278971266398,0.0596961213143259,0.2302998627157416
2012-12-26,2012-12-27,^GSPC,S&P 500,Benchmark,Train,-0.4798956789925719,0.2302998627157416,0.0148641186005152
2012-12-27,2012-12-28,^GSPC,S&P 500,Benchmark,Train,-0.1219184916266406,0.0148641186005152,1.2346422498762029
2012-12-28,2012-12-31,^GSPC,S&P 500,Benchmark,Train,-1.1111445674961484,1.2346422498762029,2.8224091626890586
2012-12-31,2013-01-02,^GSPC,S&P 500,Benchmark,Train,1.680002726988578,2.8224091626890586,6.293132138932072
2013-01-02,2013-01-03,^GSPC,S&P 500,Benchmark,Train,2.5086115958697297,6.293132138932072,0.0435888973049015
2013-01-03,2013-01-04,^GSPC,S&P 500,Benchmark,Train,-0.2087795423524573,0.0435888973049015,0.2355452068597762
2013-01-04,2013-01-07,^GSPC,S&P 500,Benchmark,Train,0.4853299978981066,0.2355452068597762,0.0978440438908212
2013-01-07,2013-01-08,^GSPC,S&P 500,Benchmark,Train,-0.3128003259122683,0.0978440438908212,0.1054716024823281
2013-01-08,2013-01-09,^GSPC,S&P 500,Benchmark,Train,-0.3247639180733108,0.1054716024823281,0.0703493590171998
2013-01-09,2013-01-10,^GSPC,S&P 500,Benchmark,Train,0.265234535868163,0.0703493590171998,0.5728522134316832
2013-01-10,2013-01-11,^GSPC,S&P 500,Benchmark,Train,0.756870010921085,0.5728522134316832,2.2576861513271673e-05
2013-01-11,2013-01-14,^GSPC,S&P 500,Benchmark,Train,-0.0047515114977522,2.2576861513271673e-05,0.0086695634396567
2013-01-14,2013-01-15,^GSPC,S&P 500,Benchmark,Train,-0.093110490491978,0.0086695634396567,0.0127245911531509
2013-01-15,2013-01-16,^GSPC,S&P 500,Benchmark,Train,0.1128033295304306,0.0127245911531509,0.0003879816967846
2013-01-16,2013-01-17,^GSPC,S&P 500,Benchmark,Train,0.0196972509956261,0.0003879816967846,0.3166381033606971
2013-01-17,2013-01-18,^GSPC,S&P 500,Benchmark,Train,0.5627060541354582,0.3166381033606971,0.1154295445959481
2013-01-18,2013-01-22,^GSPC,S&P 500,Benchmark,Train,0.3397492378151099,0.1154295445959481,0.1952165437243593
2013-01-22,2013-01-23,^GSPC,S&P 500,Benchmark,Train,0.441833162771152,0.1952165437243593,0.0226906599288309
2013-01-23,2013-01-24,^GSPC,S&P 500,Benchmark,Train,0.1506341924293118,0.0226906599288309,4.3753747345674195e-07
2013-01-24,2013-01-25,^GSPC,S&P 500,Benchmark,Train,0.0006614661544302,4.3753747345674195e-07,0.2949259657009011
2013-01-25,2013-01-28,^GSPC,S&P 500,Benchmark,Train,0.5430708661868183,0.2949259657009011,0.0342743859702008
2013-01-28,2013-01-29,^GSPC,S&P 500,Benchmark,Train,-0.1851334274792124,0.0342743859702008,0.2593868751536902
2013-01-29,2013-01-30,^GSPC,S&P 500,Benchmark,Train,0.5093003781205059,0.2593868751536902,0.1526656092493216
2013-01-30,2013-01-31,^GSPC,S&P 500,Benchmark,Train,-0.3907244671751714,0.1526656092493216,0.0658739428088255
2013-01-31,2013-02-01,^GSPC,S&P 500,Benchmark,Train,-0.2566591958392015,0.0658739428088255,1.0005027079648856
2013-02-01,2013-02-04,^GSPC,S&P 500,Benchmark,Train,1.000251322400968,1.0005027079648856,1.3469535288441667
2013-02-04,2013-02-05,^GSPC,S&P 500,Benchmark,Train,-1.16058327096515,1.3469535288441667,1.0738414656966877
2013-02-05,2013-02-06,^GSPC,S&P 500,Benchmark,Train,1.0362632222059642,1.0738414656966877,0.0030142280572344
2013-02-06,2013-02-07,^GSPC,S&P 500,Benchmark,Train,0.0549019859133929,0.0030142280572344,0.0326536123683082
2013-02-07,2013-02-08,^GSPC,S&P 500,Benchmark,Train,-0.1807031055856767,0.0326536123683082,0.3183210289765621
2013-02-08,2013-02-11,^GSPC,S&P 500,Benchmark,Train,0.5641994585043149,0.3183210289765621,0.0036760120288773
2013-02-11,2013-02-12,^GSPC,S&P 500,Benchmark,Train,-0.0606301247638277,0.0036760120288773,0.025408396266835
2013-02-12,2013-02-13,^GSPC,S&P 500,Benchmark,Train,0.1594001137604206,0.025408396266835,0.0035056793305655
2013-02-13,2013-02-14,^GSPC,S&P 500,Benchmark,Train,0.0592087774790656,0.0035056793305655,0.0047669809349258
2013-02-14,2013-02-15,^GSPC,S&P 500,Benchmark,Train,0.0690433265053607,0.0047669809349258,0.0109333748779629
2013-02-15,2013-02-19,^GSPC,S&P 500,Benchmark,Train,-0.1045627796013619,0.0109333748779629,0.5343163282606749
2013-02-19,2013-02-20,^GSPC,S&P 500,Benchmark,Train,0.7309694441361245,0.5343163282606749,1.5579312022193854
2013-02-20,2013-02-21,^GSPC,S&P 500,Benchmark,Train,-1.2481711430005844,1.5579312022193854,0.3998039811883364
2013-02-21,2013-02-22,^GSPC,S&P 500,Benchmark,Train,-0.632300546566533,0.3998039811883364,0.7628648348570954
2013-02-22,2013-02-25,^GSPC,S&P 500,Benchmark,Train,0.8734213386774423,0.7628648348570954,3.414836261380388
2013-02-25,2013-02-26,^GSPC,S&P 500,Benchmark,Train,-1.8479275584774388,3.414836261380388,0.3709878095495874
2013-02-26,2013-02-27,^GSPC,S&P 500,Benchmark,Train,0.6090876862567387,0.3709878095495874,1.599137062087724
2013-02-27,2013-02-28,^GSPC,S&P 500,Benchmark,Train,1.2645699119019571,1.599137062087724,0.007472797870254
2013-02-28,2013-03-01,^GSPC,S&P 500,Benchmark,Train,-0.086445346145724,0.007472797870254,0.0538778119012719
2013-03-01,2013-03-04,^GSPC,S&P 500,Benchmark,Train,0.2321159449526721,0.0538778119012719,0.2116116426083108
2013-03-04,2013-03-05,^GSPC,S&P 500,Benchmark,Train,0.460012654834963,0.2116116426083108,0.9064090795696278
2013-03-05,2013-03-06,^GSPC,S&P 500,Benchmark,Train,0.9520551872499976,0.9064090795696278,0.0117489352575572
2013-03-06,2013-03-07,^GSPC,S&P 500,Benchmark,Train,0.1083925055414681,0.0117489352575572,0.0329365735491489
2013-03-07,2013-03-08,^GSPC,S&P 500,Benchmark,Train,0.1814843617206424,0.0329365735491489,0.1999099196781036
2013-03-08,2013-03-11,^GSPC,S&P 500,Benchmark,Train,0.447112871295497,0.1999099196781036,0.1052236083459804
2013-03-11,2013-03-12,^GSPC,S&P 500,Benchmark,Train,0.3243818865873685,0.1052236083459804,0.0578953567055139
2013-03-12,2013-03-13,^GSPC,S&P 500,Benchmark,Train,-0.2406145396801988,0.0578953567055139,0.0172446576251084
2013-03-13,2013-03-14,^GSPC,S&P 500,Benchmark,Train,0.1313189157170757,0.0172446576251084,0.3121850414836904
2013-03-14,2013-03-15,^GSPC,S&P 500,Benchmark,Train,0.5587352158971998,0.3121850414836904,0.0262366700115263
2013-03-15,2013-03-18,^GSPC,S&P 500,Benchmark,Train,-0.1619773749988756,0.0262366700115263,0.3053192752729776
2013-03-18,2013-03-19,^GSPC,S&P 500,Benchmark,Train,-0.5525570335024047,0.3053192752729776,0.0588290339599305
2013-03-19,2013-03-20,^GSPC,S&P 500,Benchmark,Train,-0.2425469726876229,0.0588290339599305,0.4455781196800515
2013-03-20,2013-03-21,^GSPC,S&P 500,Benchmark,Train,0.6675163815817943,0.4455781196800515,0.6917122076320161
2013-03-21,2013-03-22,^GSPC,S&P 500,Benchmark,Train,-0.8316923756005078,0.6917122076320161,0.5110310822645793
2013-03-22,2013-03-25,^GSPC,S&P 500,Benchmark,Train,0.7148643803299891,0.5110310822645793,0.1119323541935699
2013-03-25,2013-03-26,^GSPC,S&P 500,Benchmark,Train,-0.3345629300947282,0.1119323541935699,0.6013945415014336
2013-03-26,2013-03-27,^GSPC,S&P 500,Benchmark,Train,0.7754963194634992,0.6013945415014336,0.0034635938339995
2013-03-27,2013-03-28,^GSPC,S&P 500,Benchmark,Train,-0.0588523052564596,0.0034635938339995,0.1639005587029935
2013-03-28,2013-04-01,^GSPC,S&P 500,Benchmark,Train,0.4048463396191122,0.1639005587029935,0.2010282019530499
2013-04-01,2013-04-02,^GSPC,S&P 500,Benchmark,Train,-0.4483616865356026,0.2010282019530499,0.2661459897273905
2013-04-02,2013-04-03,^GSPC,S&P 500,Benchmark,Train,0.5158933898853431,0.2661459897273905,1.124052287900551
2013-04-03,2013-04-04,^GSPC,S&P 500,Benchmark,Train,-1.0602133218841154,1.124052287900551,0.1632385450076388
2013-04-04,2013-04-05,^GSPC,S&P 500,Benchmark,Train,0.4040279012737101,0.1632385450076388,0.1852566563503097
2013-04-05,2013-04-08,^GSPC,S&P 500,Benchmark,Train,-0.4304145168907639,0.1852566563503097,0.3947557084609502
2013-04-08,2013-04-09,^GSPC,S&P 500,Benchmark,Train,0.6282958765270947,0.3947557084609502,0.1251790965167267
2013-04-09,2013-04-10,^GSPC,S&P 500,Benchmark,Train,0.3538065806577469,0.1251790965167267,1.4678396707151062
2013-04-10,2013-04-11,^GSPC,S&P 500,Benchmark,Train,1.2115443329548887,1.4678396707151062,0.1257380522747725
2013-04-11,2013-04-12,^GSPC,S&P 500,Benchmark,Train,0.3545956179576568,0.1257380522747725,0.0807013508667226
2013-04-12,2013-04-15,^GSPC,S&P 500,Benchmark,Train,-0.2840798318549253,0.0807013508667226,5.398245436218424
2013-04-15,2013-04-16,^GSPC,S&P 500,Benchmark,Train,-2.323412455036433,5.398245436218424,2.018059136323039
2013-04-16,2013-04-17,^GSPC,S&P 500,Benchmark,Train,1.4205840828064489,2.018059136323039,2.0826281470328505
2013-04-17,2013-04-18,^GSPC,S&P 500,Benchmark,Train,-1.4431313685984553,2.0826281470328505,0.4520620487559482
2013-04-18,2013-04-19,^GSPC,S&P 500,Benchmark,Train,-0.6723555969544303,0.4520620487559482,0.7759828810160201
2013-04-19,2013-04-22,^GSPC,S&P 500,Benchmark,Train,0.8808989051054724,0.7759828810160201,0.2162992404062258
2013-04-22,2013-04-23,^GSPC,S&P 500,Benchmark,Train,0.4650798215427388,0.2162992404062258,1.0743970955695623
2013-04-23,2013-04-24,^GSPC,S&P 500,Benchmark,Train,1.036531280555277,1.0743970955695623,4.0197756552536505e-07
2013-04-24,2013-04-25,^GSPC,S&P 500,Benchmark,Train,0.000634017007284,4.0197756552536505e-07,0.1621362485500075
2013-04-25,2013-04-26,^GSPC,S&P 500,Benchmark,Train,0.4026614564991383,0.1621362485500075,0.0339964195941618
2013-04-26,2013-04-29,^GSPC,S&P 500,Benchmark,Train,-0.1843811801517763,0.0339964195941618,0.5127011618937211
2013-04-29,2013-04-30,^GSPC,S&P 500,Benchmark,Train,0.716031536940742,0.5127011618937211,0.0615941769917682
2013-04-30,2013-05-01,^GSPC,S&P 500,Benchmark,Train,0.248181741858196,0.0615941769917682,0.8745004071555109
2013-05-01,2013-05-02,^GSPC,S&P 500,Benchmark,Train,-0.9351472649564404,0.8745004071555109,0.8768456735970076
2013-05-02,2013-05-03,^GSPC,S&P 500,Benchmark,Train,0.9364003810320708,0.8768456735970076,1.098212605437915
2013-05-03,2013-05-06,^GSPC,S&P 500,Benchmark,Train,1.047956394817034,1.098212605437915,0.0363268782329177
2013-05-06,2013-05-07,^GSPC,S&P 500,Benchmark,Train,0.1905961128483939,0.0363268782329177,0.2721332412395388
2013-05-07,2013-05-08,^GSPC,S&P 500,Benchmark,Train,0.5216639159837863,0.2721332412395388,0.1706135132929111
2013-05-08,2013-05-09,^GSPC,S&P 500,Benchmark,Train,0.4130538866696586,0.1706135132929111,0.136450304032965
2013-05-09,2013-05-10,^GSPC,S&P 500,Benchmark,Train,-0.369391802877331,0.136450304032965,0.185963088043266
2013-05-10,2013-05-13,^GSPC,S&P 500,Benchmark,Train,0.4312343771584845,0.185963088043266,1.839419046434379e-05
2013-05-13,2013-05-14,^GSPC,S&P 500,Benchmark,Train,0.0042888448869531,1.839419046434379e-05,1.0182963257587594
2013-05-14,2013-05-15,^GSPC,S&P 500,Benchmark,Train,1.0091066969150286,1.0182963257587594,0.2602125681784168
2013-05-15,2013-05-16,^GSPC,S&P 500,Benchmark,Train,0.5101103490210886,0.2602125681784168,0.2522381857167984
2013-05-16,2013-05-17,^GSPC,S&P 500,Benchmark,Train,-0.5022331985410746,0.2522381857167984,1.050094524223464
2013-05-17,2013-05-20,^GSPC,S&P 500,Benchmark,Train,1.0247411986562578,1.050094524223464,0.0050107767838276
2013-05-20,2013-05-21,^GSPC,S&P 500,Benchmark,Train,-0.0707868404707233,0.0050107767838276,0.0296151292797941
2013-05-21,2013-05-22,^GSPC,S&P 500,Benchmark,Train,0.1720904683002347,0.0296151292797941,0.6902409800569187
2013-05-22,2013-05-23,^GSPC,S&P 500,Benchmark,Train,-0.8308074265778554,0.6902409800569187,0.085738580658223
2013-05-23,2013-05-24,^GSPC,S&P 500,Benchmark,Train,-0.2928115104606085,0.085738580658223,0.0030417155169096
2013-05-24,2013-05-28,^GSPC,S&P 500,Benchmark,Train,-0.0551517498988894,0.0030417155169096,0.3995456198543809
2013-05-28,2013-05-29,^GSPC,S&P 500,Benchmark,Train,0.6320962109160131,0.3995456198543809,0.5002642709988921
2013-05-29,2013-05-30,^GSPC,S&P 500,Benchmark,Train,-0.7072936243165862,0.5002642709988921,0.1342214897822805
2013-05-30,2013-05-31,^GSPC,S&P 500,Benchmark,Train,0.3663625114313424,0.1342214897822805,2.0766472722076004
2013-05-31,2013-06-03,^GSPC,S&P 500,Benchmark,Train,-1.4410576921857086,2.0766472722076004,0.3502793037337919
2013-06-03,2013-06-04,^GSPC,S&P 500,Benchmark,Train,0.5918439859741687,0.3502793037337919,0.3053720656025692
2013-06-04,2013-06-05,^GSPC,S&P 500,Benchmark,Train,-0.5526048005605536,0.3053720656025692,1.9253101390136067
2013-06-05,2013-06-06,^GSPC,S&P 500,Benchmark,Train,-1.3875554543922224,1.9253101390136067,0.7147779487689869
2013-06-06,2013-06-07,^GSPC,S&P 500,Benchmark,Train,0.8454454144230643,0.7147779487689869,1.6256032044442073
2013-06-07,2013-06-10,^GSPC,S&P 500,Benchmark,Train,1.274991452694569,1.6256032044442073,0.0012032129690014
2013-06-10,2013-06-11,^GSPC,S&P 500,Benchmark,Train,-0.0346873603637034,0.0012032129690014,1.0414741708199189
2013-06-11,2013-06-12,^GSPC,S&P 500,Benchmark,Train,-1.020526418482108,1.0414741708199189,0.7064027487410692
2013-06-12,2013-06-13,^GSPC,S&P 500,Benchmark,Train,-0.8404776908050976,0.7064027487410692,2.1538700415046517
2013-06-13,2013-06-14,^GSPC,S&P 500,Benchmark,Train,1.467606909735932,2.1538700415046517,0.3483833830210495
2013-06-14,2013-06-17,^GSPC,S&P 500,Benchmark,Train,-0.5902401062457968,0.3483833830210495,0.5683464475009654
2013-06-17,2013-06-18,^GSPC,S&P 500,Benchmark,Train,0.7538875562714678,0.5683464475009654,0.6023255334291174
2013-06-18,2013-06-19,^GSPC,S&P 500,Benchmark,Train,0.7760963428783294,0.6023255334291174,1.945551099501326
2013-06-19,2013-06-20,^GSPC,S&P 500,Benchmark,Train,-1.3948301328481996,1.945551099501326,6.41529082196371
2013-06-20,2013-06-21,^GSPC,S&P 500,Benchmark,Train,-2.532842439229829,6.41529082196371,0.0710872404138274
2013-06-21,2013-06-24,^GSPC,S&P 500,Benchmark,Train,0.2666219053525561,0.0710872404138274,1.4931297777149386
2013-06-24,2013-06-25,^GSPC,S&P 500,Benchmark,Train,-1.221936895962692,1.4931297777149386,0.8934893500549836
2013-06-25,2013-06-26,^GSPC,S&P 500,Benchmark,Train,0.9452456559302368,0.8934893500549836,0.9110300977180804
2013-06-26,2013-06-27,^GSPC,S&P 500,Benchmark,Train,0.9544789666190032,0.9110300977180804,0.382009449495621
2013-06-27,2013-06-28,^GSPC,S&P 500,Benchmark,Train,0.6180691300296602,0.382009449495621,0.1847958669859228
2013-06-28,2013-07-01,^GSPC,S&P 500,Benchmark,Train,-0.4298788980467904,0.1847958669859228,0.2904347242984729
2013-07-01,2013-07-02,^GSPC,S&P 500,Benchmark,Train,0.5389199609389811,0.2904347242984729,0.0029708679536923
2013-07-02,2013-07-03,^GSPC,S&P 500,Benchmark,Train,-0.0545056690050896,0.0029708679536923,0.0067849469558591
2013-07-03,2013-07-05,^GSPC,S&P 500,Benchmark,Train,0.0823707894575447,0.0067849469558591,1.0302342777757585
2013-07-05,2013-07-08,^GSPC,S&P 500,Benchmark,Train,1.0150045703225965,1.0302342777757585,0.2743460345808791
2013-07-08,2013-07-09,^GSPC,S&P 500,Benchmark,Train,0.5237805213836031,0.2743460345808791,0.5189274527179424
2013-07-09,2013-07-10,^GSPC,S&P 500,Benchmark,Train,0.7203661934863007,0.5189274527179424,0.0003296983093059
2013-07-10,2013-07-11,^GSPC,S&P 500,Benchmark,Train,0.0181575964628013,0.0003296983093059,1.8125809796518584
2013-07-11,2013-07-12,^GSPC,S&P 500,Benchmark,Train,1.3463212765353811,1.8125809796518584,0.0949706115273709
2013-07-12,2013-07-15,^GSPC,S&P 500,Benchmark,Train,0.3081730220628843,0.0949706115273709,0.0188769780068163
2013-07-15,2013-07-16,^GSPC,S&P 500,Benchmark,Train,0.1373935151556153,0.0188769780068163,0.1380609518313532
2013-07-16,2013-07-17,^GSPC,S&P 500,Benchmark,Train,-0.3715655417706993,0.1380609518313532,0.0767404487482926
2013-07-17,2013-07-18,^GSPC,S&P 500,Benchmark,Train,0.2770206648398141,0.0767404487482926,0.2520383090531461
2013-07-18,2013-07-19,^GSPC,S&P 500,Benchmark,Train,0.5020341712006725,0.2520383090531461,0.0258809451504102
2013-07-19,2013-07-22,^GSPC,S&P 500,Benchmark,Train,0.1608755579645654,0.0258809451504102,0.041248088487408
2013-07-22,2013-07-23,^GSPC,S&P 500,Benchmark,Train,0.2030962542426818,0.041248088487408,0.0343603266359857
2013-07-23,2013-07-24,^GSPC,S&P 500,Benchmark,Train,-0.185365386833642,0.0343603266359857,0.1458096309686703
2013-07-24,2013-07-25,^GSPC,S&P 500,Benchmark,Train,-0.3818502729718421,0.1458096309686703,0.0651888122846788
2013-07-25,2013-07-26,^GSPC,S&P 500,Benchmark,Train,0.2553209985188819,0.0651888122846788,0.0068550358353595
2013-07-26,2013-07-29,^GSPC,S&P 500,Benchmark,Train,0.0827951437909226,0.0068550358353595,0.1401030483797069
2013-07-29,2013-07-30,^GSPC,S&P 500,Benchmark,Train,-0.3743034175367717,0.1401030483797069,0.0013968688379573
2013-07-30,2013-07-31,^GSPC,S&P 500,Benchmark,Train,0.0373747085334094,0.0013968688379573,0.0001861001150721
2013-07-31,2013-08-01,^GSPC,S&P 500,Benchmark,Train,-0.013641851599842,0.0001861001150721,1.553161054009178
2013-08-01,2013-08-02,^GSPC,S&P 500,Benchmark,Train,1.2462588230416578,1.553161054009178,0.0268669499330641
2013-08-02,2013-08-05,^GSPC,S&P 500,Benchmark,Train,0.1639114087947027,0.0268669499330641,0.0219315626412141
2013-08-05,2013-08-06,^GSPC,S&P 500,Benchmark,Train,-0.1480930877563641,0.0219315626412141,0.3294154837266777
2013-08-06,2013-08-07,^GSPC,S&P 500,Benchmark,Train,-0.573947283055402,0.3294154837266777,0.145399273137588
2013-08-07,2013-08-08,^GSPC,S&P 500,Benchmark,Train,-0.3813125661941763,0.145399273137588,0.1503827185653423
2013-08-08,2013-08-09,^GSPC,S&P 500,Benchmark,Train,0.3877921074046536,0.1503827185653423,0.1279026531341783
2013-08-09,2013-08-12,^GSPC,S&P 500,Benchmark,Train,-0.3576348041426874,0.1279026531341783,0.0133076033760296
2013-08-12,2013-08-13,^GSPC,S&P 500,Benchmark,Train,-0.1153585860524894,0.0133076033760296,0.0768514832439882
2013-08-13,2013-08-14,^GSPC,S&P 500,Benchmark,Train,0.2772210007268357,0.0768514832439882,0.2693675630916493
2013-08-14,2013-08-15,^GSPC,S&P 500,Benchmark,Train,-0.5190063227858108,0.2693675630916493,2.0691570874213316
2013-08-15,2013-08-16,^GSPC,S&P 500,Benchmark,Train,-1.4384564947961866,2.0691570874213316,0.1095654767199774
2013-08-16,2013-08-19,^GSPC,S&P 500,Benchmark,Train,-0.3310067623478068,0.1095654767199774,0.3502009595017566
2013-08-19,2013-08-20,^GSPC,S&P 500,Benchmark,Train,-0.5917777957153822,0.3502009595017566,0.1454593312192698
2013-08-20,2013-08-21,^GSPC,S&P 500,Benchmark,Train,0.3813913098371144,0.1454593312192698,0.3359789900199094
2013-08-21,2013-08-22,^GSPC,S&P 500,Benchmark,Train,-0.5796369467346861,0.3359789900199094,0.7365830627909454
2013-08-22,2013-08-23,^GSPC,S&P 500,Benchmark,Train,0.8582441743413965,0.7365830627909454,0.1551762682717998
2013-08-23,2013-08-26,^GSPC,S&P 500,Benchmark,Train,0.393924191021318,0.1551762682717998,0.1638500243240109
2013-08-26,2013-08-27,^GSPC,S&P 500,Benchmark,Train,-0.4047839230058562,0.1638500243240109,2.5604925770309377
2013-08-27,2013-08-28,^GSPC,S&P 500,Benchmark,Train,-1.6001539229183352,2.5604925770309377,0.0752886268667482
2013-08-28,2013-08-29,^GSPC,S&P 500,Benchmark,Train,0.2743877308968975,0.0752886268667482,0.0384739064494751
2013-08-29,2013-08-30,^GSPC,S&P 500,Benchmark,Train,0.1961476649095653,0.0384739064494751,0.1010837574560487
2013-08-30,2013-09-03,^GSPC,S&P 500,Benchmark,Train,-0.3179367192635175,0.1010837574560487,0.1726880546692027
2013-09-03,2013-09-04,^GSPC,S&P 500,Benchmark,Train,0.4155575226959593,0.1726880546692027,0.653540944642802
2013-09-04,2013-09-05,^GSPC,S&P 500,Benchmark,Train,0.8084187928560308,0.653540944642802,0.0146199907973465
2013-09-05,2013-09-06,^GSPC,S&P 500,Benchmark,Train,0.1209131539467338,0.0146199907973465,2.9625878640094996e-05
2013-09-06,2013-09-09,^GSPC,S&P 500,Benchmark,Train,0.0054429659782231,2.9625878640094996e-05,0.9886885969516216
2013-09-09,2013-09-10,^GSPC,S&P 500,Benchmark,Train,0.9943282138970118,0.9886885969516216,0.5356688982007972
2013-09-10,2013-09-11,^GSPC,S&P 500,Benchmark,Train,0.7318940484802409,0.5356688982007972,0.0928807673934454
2013-09-11,2013-09-12,^GSPC,S&P 500,Benchmark,Train,0.3047634613818484,0.0928807673934454,0.1146595647798876
2013-09-12,2013-09-13,^GSPC,S&P 500,Benchmark,Train,-0.3386141827801778,0.1146595647798876,0.0734952996312952
2013-09-13,2013-09-16,^GSPC,S&P 500,Benchmark,Train,0.2711001653103429,0.0734952996312952,0.322284231908182
2013-09-16,2013-09-17,^GSPC,S&P 500,Benchmark,Train,0.5677008295820801,0.322284231908182,0.1771458328078206
2013-09-17,2013-09-18,^GSPC,S&P 500,Benchmark,Train,0.420886959655227,0.1771458328078206,1.4650975870090597
2013-09-18,2013-09-19,^GSPC,S&P 500,Benchmark,Train,1.2104121558415792,1.4650975870090597,0.0340274892751022
2013-09-19,2013-09-20,^GSPC,S&P 500,Benchmark,Train,-0.1844654148481558,0.0340274892751022,0.5246183070872086
2013-09-20,2013-09-23,^GSPC,S&P 500,Benchmark,Train,-0.7243053962847499,0.5246183070872086,0.2238008016684989
2013-09-23,2013-09-24,^GSPC,S&P 500,Benchmark,Train,-0.4730758941951057,0.2238008016684989,0.0676271206016563
2013-09-24,2013-09-25,^GSPC,S&P 500,Benchmark,Train,-0.2600521497731875,0.0676271206016563,0.0752528424761063
2013-09-25,2013-09-26,^GSPC,S&P 500,Benchmark,Train,-0.2743225154377713,0.0752528424761063,0.1210598670421449
2013-09-26,2013-09-27,^GSPC,S&P 500,Benchmark,Train,0.347936584799795,0.1210598670421449,0.1666371727515496
2013-09-27,2013-09-30,^GSPC,S&P 500,Benchmark,Train,-0.4082121663443528,0.1666371727515496,0.365720141229053
2013-09-30,2013-10-01,^GSPC,S&P 500,Benchmark,Train,-0.6047479981190951,0.365720141229053,0.6346870218120292
2013-10-01,2013-10-02,^GSPC,S&P 500,Benchmark,Train,0.7966724683406784,0.6346870218120292,0.0044474476672673
2013-10-02,2013-10-03,^GSPC,S&P 500,Benchmark,Train,-0.0666891870340862,0.0044474476672673,0.8135990391073207
2013-10-03,2013-10-04,^GSPC,S&P 500,Benchmark,Train,-0.9019972500552984,0.8135990391073207,0.4939934421322684
2013-10-04,2013-10-07,^GSPC,S&P 500,Benchmark,Train,0.7028466704283861,0.4939934421322684,0.7297853547783734
2013-10-07,2013-10-08,^GSPC,S&P 500,Benchmark,Train,-0.8542747536819599,0.7297853547783734,1.5397707485216416
2013-10-08,2013-10-09,^GSPC,S&P 500,Benchmark,Train,-1.2408749931083476,1.5397707485216416,0.0032917957343853
2013-10-09,2013-10-10,^GSPC,S&P 500,Benchmark,Train,0.0573741730605798,0.0032917957343853,4.663709276976913
2013-10-10,2013-10-11,^GSPC,S&P 500,Benchmark,Train,2.1595622882836496,4.663709276976913,0.3927022063110489
2013-10-11,2013-10-14,^GSPC,S&P 500,Benchmark,Train,0.6266595617327234,0.3927022063110489,0.1653594358809572
2013-10-14,2013-10-15,^GSPC,S&P 500,Benchmark,Train,0.4066441145288558,0.1653594358809572,0.50250938188134
2013-10-15,2013-10-16,^GSPC,S&P 500,Benchmark,Train,-0.7088789613758755,0.50250938188134,1.885899141379915
2013-10-16,2013-10-17,^GSPC,S&P 500,Benchmark,Train,1.3732804307132302,1.885899141379915,0.4517606744830988
2013-10-17,2013-10-18,^GSPC,S&P 500,Benchmark,Train,0.6721314413737084,0.4517606744830988,0.4260702208653173
2013-10-18,2013-10-21,^GSPC,S&P 500,Benchmark,Train,0.652740546362272,0.4260702208653173,8.41479827895233e-05
2013-10-21,2013-10-22,^GSPC,S&P 500,Benchmark,Train,0.0091732209604654,8.41479827895233e-05,0.3273117102732643
2013-10-22,2013-10-23,^GSPC,S&P 500,Benchmark,Train,0.5721116239627231,0.3273117102732643,0.2242735875051856
2013-10-23,2013-10-24,^GSPC,S&P 500,Benchmark,Train,-0.4735753240036748,0.2242735875051856,0.1058095859564529
2013-10-24,2013-10-25,^GSPC,S&P 500,Benchmark,Train,0.3252838544355574,0.1058095859564529,0.1923010527059818
2013-10-25,2013-10-28,^GSPC,S&P 500,Benchmark,Train,0.4385214392774677,0.1923010527059818,0.0176575334179705
2013-10-28,2013-10-29,^GSPC,S&P 500,Benchmark,Train,0.1328816519236969,0.0176575334179705,0.3100998771735673
2013-10-29,2013-10-30,^GSPC,S&P 500,Benchmark,Train,0.5568661214094168,0.3100998771735673,0.2389107463670124
2013-10-30,2013-10-31,^GSPC,S&P 500,Benchmark,Train,-0.4887849694569304,0.2389107463670124,0.1479764380235676
2013-10-31,2013-11-01,^GSPC,S&P 500,Benchmark,Train,-0.3846770567938354,0.1479764380235676,0.0840544420796392
2013-11-01,2013-11-04,^GSPC,S&P 500,Benchmark,Train,0.2899214412209612,0.0840544420796392,0.1270351720683537
2013-11-04,2013-11-05,^GSPC,S&P 500,Benchmark,Train,0.3564199378098168,0.1270351720683537,0.0789346358777567
2013-11-05,2013-11-06,^GSPC,S&P 500,Benchmark,Train,-0.2809530848340283,0.0789346358777567,0.1811752589868304
2013-11-06,2013-11-07,^GSPC,S&P 500,Benchmark,Train,0.4256468712287574,0.1811752589868304,1.7610447161934102
2013-11-07,2013-11-08,^GSPC,S&P 500,Benchmark,Train,-1.3270435999594776,1.7610447161934102,1.779078137860325
2013-11-08,2013-11-11,^GSPC,S&P 500,Benchmark,Train,1.3338208792264143,1.779078137860325,0.0052225202280794
2013-11-11,2013-11-12,^GSPC,S&P 500,Benchmark,Train,0.0722670064972908,0.0052225202280794,0.056321040871202
2013-11-12,2013-11-13,^GSPC,S&P 500,Benchmark,Train,-0.2373205445619954,0.056321040871202,0.6500798143191985
2013-11-13,2013-11-14,^GSPC,S&P 500,Benchmark,Train,0.8062752720499361,0.6500798143191985,0.2328638467354348
2013-11-14,2013-11-15,^GSPC,S&P 500,Benchmark,Train,0.4825596820450656,0.2328638467354348,0.1775060152511799
2013-11-15,2013-11-18,^GSPC,S&P 500,Benchmark,Train,0.4213146273881076,0.1775060152511799,0.1372741346091803
2013-11-18,2013-11-19,^GSPC,S&P 500,Benchmark,Train,-0.3705052423504697,0.1372741346091803,0.0418225108844231
2013-11-19,2013-11-20,^GSPC,S&P 500,Benchmark,Train,-0.204505527760066,0.0418225108844231,0.1326588305173317
2013-11-20,2013-11-21,^GSPC,S&P 500,Benchmark,Train,-0.3642235996161311,0.1326588305173317,0.6554044625965648
2013-11-21,2013-11-22,^GSPC,S&P 500,Benchmark,Train,0.8095705420755901,0.6554044625965648,0.2449448660557902
2013-11-22,2013-11-25,^GSPC,S&P 500,Benchmark,Train,0.4949190500029173,0.2449448660557902,0.0159805192996314
2013-11-25,2013-11-26,^GSPC,S&P 500,Benchmark,Train,-0.1264140787239754,0.0159805192996314,0.000224380134027
2013-11-26,2013-11-27,^GSPC,S&P 500,Benchmark,Train,0.0149793235503835,0.000224380134027,0.0616031743491687
2013-11-27,2013-11-29,^GSPC,S&P 500,Benchmark,Train,0.2481998677460742,0.0616031743491687,0.0061779357458941
2013-11-29,2013-12-02,^GSPC,S&P 500,Benchmark,Train,-0.0785998457116431,0.0061779357458941,0.0741322344649872
2013-12-02,2013-12-03,^GSPC,S&P 500,Benchmark,Train,-0.2722723534716429,0.0741322344649872,0.1022692252608827
2013-12-03,2013-12-04,^GSPC,S&P 500,Benchmark,Train,-0.3197955991893614,0.1022692252608827,0.0170131188717546
2013-12-04,2013-12-05,^GSPC,S&P 500,Benchmark,Train,-0.1304343469786797,0.0170131188717546,0.1891393854242074
2013-12-05,2013-12-06,^GSPC,S&P 500,Benchmark,Train,-0.4349015813080098,0.1891393854242074,1.248849805361529
2013-12-06,2013-12-09,^GSPC,S&P 500,Benchmark,Train,1.1175194876875878,1.248849805361529,0.0329586323368677
2013-12-09,2013-12-10,^GSPC,S&P 500,Benchmark,Train,0.1815451247950981,0.0329586323368677,0.101424726610178
2013-12-10,2013-12-11,^GSPC,S&P 500,Benchmark,Train,-0.3184724895657049,0.101424726610178,1.2953621302754934
2013-12-11,2013-12-12,^GSPC,S&P 500,Benchmark,Train,-1.1381397674606988,1.2953621302754934,0.1427092949001288
2013-12-12,2013-12-13,^GSPC,S&P 500,Benchmark,Train,-0.3777688379156343,0.1427092949001288,0.0001028506033706
2013-12-13,2013-12-16,^GSPC,S&P 500,Benchmark,Train,-0.0101415286505878,0.0001028506033706,0.3969191685353574
2013-12-16,2013-12-17,^GSPC,S&P 500,Benchmark,Train,0.6300152129396221,0.3969191685353574,0.096460305143999
2013-12-17,2013-12-18,^GSPC,S&P 500,Benchmark,Train,-0.3105805936371412,0.096460305143999,2.7261001724378406
2013-12-18,2013-12-19,^GSPC,S&P 500,Benchmark,Train,1.651090600917418,2.7261001724378406,0.0033651302642902
2013-12-19,2013-12-20,^GSPC,S&P 500,Benchmark,Train,-0.0580097428393731,0.0033651302642902,0.231087434309623
2013-12-20,2013-12-23,^GSPC,S&P 500,Benchmark,Train,0.4807155440690711,0.231087434309623,0.281327224257083
2013-12-23,2013-12-24,^GSPC,S&P 500,Benchmark,Train,0.530402888620606,0.281327224257083,0.0847685731399255
2013-12-24,2013-12-26,^GSPC,S&P 500,Benchmark,Train,0.2911504304306033,0.0847685731399255,0.2241364024567254
2013-12-26,2013-12-27,^GSPC,S&P 500,Benchmark,Train,0.4734304621132077,0.2241364024567254,0.0011332717002281
2013-12-27,2013-12-30,^GSPC,S&P 500,Benchmark,Train,-0.0336641010607471,0.0011332717002281,0.0003213771928074
2013-12-30,2013-12-31,^GSPC,S&P 500,Benchmark,Train,-0.0179269962014678,0.0003213771928074,0.1561716860401325
2013-12-31,2014-01-02,^GSPC,S&P 500,Benchmark,Train,0.3951856349111547,0.1561716860401325,0.7923515369261555
2014-01-02,2014-01-03,^GSPC,S&P 500,Benchmark,Train,-0.8901413016629188,0.7923515369261555,0.0011090266684804
2014-01-03,2014-01-06,^GSPC,S&P 500,Benchmark,Train,-0.0333020520160609,0.0011090266684804,0.0632485909170197
2014-01-06,2014-01-07,^GSPC,S&P 500,Benchmark,Train,-0.2514927253759435,0.0632485909170197,0.3676415714127591
2014-01-07,2014-01-08,^GSPC,S&P 500,Benchmark,Train,0.606334537539104,0.3676415714127591,0.000450422110571
2014-01-08,2014-01-09,^GSPC,S&P 500,Benchmark,Train,-0.0212231503451083,0.000450422110571,0.0012127704805974
2014-01-09,2014-01-10,^GSPC,S&P 500,Benchmark,Train,0.0348248543514175,0.0012127704805974,0.0530855650094769
2014-01-10,2014-01-13,^GSPC,S&P 500,Benchmark,Train,0.23040304904553,0.0530855650094769,1.60173487006119
2014-01-13,2014-01-14,^GSPC,S&P 500,Benchmark,Train,-1.265596645879401,1.60173487006119,1.157749341163277
2014-01-14,2014-01-15,^GSPC,S&P 500,Benchmark,Train,1.0759876119934082,1.157749341163277,0.265522664343261
2014-01-15,2014-01-16,^GSPC,S&P 500,Benchmark,Train,0.5152889134682223,0.265522664343261,0.0181718080021547
2014-01-16,2014-01-17,^GSPC,S&P 500,Benchmark,Train,-0.1348028486425814,0.0181718080021547,0.1523169422629703
2014-01-17,2014-01-21,^GSPC,S&P 500,Benchmark,Train,-0.3902780320015083,0.1523169422629703,0.0767241383291122
2014-01-21,2014-01-22,^GSPC,S&P 500,Benchmark,Train,0.2769912242817671,0.0767241383291122,0.0033028014720352
2014-01-22,2014-01-23,^GSPC,S&P 500,Benchmark,Train,0.0574700049768162,0.0033028014720352,0.7973284075117969
2014-01-23,2014-01-24,^GSPC,S&P 500,Benchmark,Train,-0.892932476457093,0.7973284075117969,4.450589970399657
2014-01-24,2014-01-27,^GSPC,S&P 500,Benchmark,Train,-2.109642142734084,4.450589970399657,0.2389471288746436
2014-01-27,2014-01-28,^GSPC,S&P 500,Benchmark,Train,-0.4888221853339347,0.2389471288746436,0.3747736113652806
2014-01-28,2014-01-29,^GSPC,S&P 500,Benchmark,Train,0.6121875622432071,0.3747736113652806,1.0530256710564128
2014-01-29,2014-01-30,^GSPC,S&P 500,Benchmark,Train,-1.026170390849596,1.0530256710564128,1.2553061029463444
2014-01-30,2014-01-31,^GSPC,S&P 500,Benchmark,Train,1.1204044372218205,1.2553061029463444,0.4207196074348018
2014-01-31,2014-02-03,^GSPC,S&P 500,Benchmark,Train,-0.6486290214250375,0.4207196074348018,5.3345314887531154
2014-02-03,2014-02-04,^GSPC,S&P 500,Benchmark,Train,-2.309660470448658,5.3345314887531154,0.5794320903313985
2014-02-04,2014-02-05,^GSPC,S&P 500,Benchmark,Train,0.7612043683081426,0.5794320903313985,0.0412204665890039
2014-02-05,2014-02-06,^GSPC,S&P 500,Benchmark,Train,-0.2030282408656588,0.0412204665890039,1.5284511541713317
2014-02-06,2014-02-07,^GSPC,S&P 500,Benchmark,Train,1.2363054453375717,1.5284511541713317,1.7461490996900293
2014-02-07,2014-02-10,^GSPC,S&P 500,Benchmark,Train,1.321419350429692,1.7461490996900293,0.0245863906302772
2014-02-10,2014-02-11,^GSPC,S&P 500,Benchmark,Train,0.1568004803254035,0.0245863906302772,1.2103027266683182
2014-02-11,2014-02-12,^GSPC,S&P 500,Benchmark,Train,1.1001375944254963,1.2103027266683182,0.0007252176166429
2014-02-12,2014-02-13,^GSPC,S&P 500,Benchmark,Train,-0.0269298647720886,0.0007252176166429,0.3356130503104162
2014-02-13,2014-02-14,^GSPC,S&P 500,Benchmark,Train,0.5793211978776681,0.3356130503104162,0.2301782344020286
2014-02-14,2014-02-18,^GSPC,S&P 500,Benchmark,Train,0.4797689385548304,0.2301782344020286,0.0134050869582059
2014-02-18,2014-02-19,^GSPC,S&P 500,Benchmark,Train,0.1157803392558767,0.0134050869582059,0.4284830635378867
2014-02-19,2014-02-20,^GSPC,S&P 500,Benchmark,Train,-0.6545861773195999,0.4284830635378867,0.3616027992755409
2014-02-20,2014-02-21,^GSPC,S&P 500,Benchmark,Train,0.6013341826934013,0.3616027992755409,0.0368857634613378
2014-02-21,2014-02-24,^GSPC,S&P 500,Benchmark,Train,-0.1920566673181065,0.0368857634613378,0.38037507989984
2014-02-24,2014-02-25,^GSPC,S&P 500,Benchmark,Train,0.6167455552331448,0.38037507989984,0.018186968134835
2014-02-25,2014-02-26,^GSPC,S&P 500,Benchmark,Train,-0.1348590676774649,0.018186968134835,4.708788082754233e-06
2014-02-26,2014-02-27,^GSPC,S&P 500,Benchmark,Train,0.0021699742124629,4.708788082754233e-06,0.2436292527795207
2014-02-27,2014-02-28,^GSPC,S&P 500,Benchmark,Train,0.4935881408416543,0.2436292527795207,0.0772186438655415
2014-02-28,2014-03-03,^GSPC,S&P 500,Benchmark,Train,0.277882428133809,0.0772186438655415,0.5484685417903863
2014-03-03,2014-03-04,^GSPC,S&P 500,Benchmark,Train,-0.7405866200454787,0.5484685417903863,2.2959288248192062
2014-03-04,2014-03-05,^GSPC,S&P 500,Benchmark,Train,1.5152322676141787,2.2959288248192062,2.8465158967685088e-05
2014-03-05,2014-03-06,^GSPC,S&P 500,Benchmark,Train,-0.0053352749664553,2.8465158967685088e-05,0.029478606326299
2014-03-06,2014-03-07,^GSPC,S&P 500,Benchmark,Train,0.1716933496857088,0.029478606326299,0.0028938436804819
2014-03-07,2014-03-10,^GSPC,S&P 500,Benchmark,Train,0.0537944577115705,0.0028938436804819,0.0021469659683136
2014-03-10,2014-03-11,^GSPC,S&P 500,Benchmark,Train,-0.0463353641219493,0.0021469659683136,0.2596001318685364
2014-03-11,2014-03-12,^GSPC,S&P 500,Benchmark,Train,-0.5095096975215844,0.2596001318685364,0.0009310085261436
2014-03-12,2014-03-13,^GSPC,S&P 500,Benchmark,Train,0.0305124323210006,0.0009310085261436,1.385350585295086
2014-03-13,2014-03-14,^GSPC,S&P 500,Benchmark,Train,-1.1770091695883622,1.385350585295086,0.0798495584596088
2014-03-14,2014-03-17,^GSPC,S&P 500,Benchmark,Train,-0.2825766417445165,0.0798495584596088,0.9154122189196168
2014-03-17,2014-03-18,^GSPC,S&P 500,Benchmark,Train,0.9567717695038962,0.9154122189196168,0.5174906424883617
2014-03-18,2014-03-19,^GSPC,S&P 500,Benchmark,Train,0.7193682245473189,0.5174906424883617,0.3782895896556099
2014-03-19,2014-03-20,^GSPC,S&P 500,Benchmark,Train,-0.6150525096734505,0.3782895896556099,0.362685078617264
2014-03-20,2014-03-21,^GSPC,S&P 500,Benchmark,Train,0.6022334087521748,0.362685078617264,0.0862585220535517
2014-03-21,2014-03-24,^GSPC,S&P 500,Benchmark,Train,-0.2936980116608755,0.0862585220535517,0.2378104185322394
2014-03-24,2014-03-25,^GSPC,S&P 500,Benchmark,Train,-0.4876580959363224,0.2378104185322394,0.1930961629280888
2014-03-25,2014-03-26,^GSPC,S&P 500,Benchmark,Train,0.4394270848822234,0.1930961629280888,0.4934973921998312
2014-03-26,2014-03-27,^GSPC,S&P 500,Benchmark,Train,-0.7024936954876045,0.4934973921998312,0.0361719068429484
2014-03-27,2014-03-28,^GSPC,S&P 500,Benchmark,Train,-0.1901891343977055,0.0361719068429484,0.2143217065484571
2014-03-28,2014-03-31,^GSPC,S&P 500,Benchmark,Train,0.4629489243409657,0.2143217065484571,0.622974186969422
2014-03-31,2014-04-01,^GSPC,S&P 500,Benchmark,Train,0.7892871384796676,0.622974186969422,0.4920584835763105
2014-04-01,2014-04-02,^GSPC,S&P 500,Benchmark,Train,0.7014688044213445,0.4920584835763105,0.0811830438342279
2014-04-02,2014-04-03,^GSPC,S&P 500,Benchmark,Train,0.2849263831838461,0.0811830438342279,0.0127032107738727
2014-04-03,2014-04-04,^GSPC,S&P 500,Benchmark,Train,-0.1127085213010655,0.0127032107738727,1.5917715538629065
2014-04-04,2014-04-07,^GSPC,S&P 500,Benchmark,Train,-1.2616542925313996,1.5917715538629065,1.1681961546930109
2014-04-07,2014-04-08,^GSPC,S&P 500,Benchmark,Train,-1.0808312332149783,1.1681961546930109,0.1401407660902979
2014-04-08,2014-04-09,^GSPC,S&P 500,Benchmark,Train,0.374353798017728,0.1401407660902979,1.179187354303561
2014-04-09,2014-04-10,^GSPC,S&P 500,Benchmark,Train,1.0859039341965573,1.179187354303561,4.454618741316312
2014-04-10,2014-04-11,^GSPC,S&P 500,Benchmark,Train,-2.1105967737387243,4.454618741316312,0.9086016288497282
2014-04-11,2014-04-14,^GSPC,S&P 500,Benchmark,Train,-0.9532059739897396,0.9086016288497282,0.6697307909649826
2014-04-14,2014-04-15,^GSPC,S&P 500,Benchmark,Train,0.8183708150740607,0.6697307909649826,0.453545612802703
2014-04-15,2014-04-16,^GSPC,S&P 500,Benchmark,Train,0.6734579517703411,0.453545612802703,1.0886560037228952
2014-04-16,2014-04-17,^GSPC,S&P 500,Benchmark,Train,1.043386794876615,1.0886560037228952,0.0185756103135867
2014-04-17,2014-04-21,^GSPC,S&P 500,Benchmark,Train,0.1362923707093935,0.0185756103135867,0.1419794198063981
2014-04-21,2014-04-22,^GSPC,S&P 500,Benchmark,Train,0.3768015655572547,0.1419794198063981,0.1667733256489471
2014-04-22,2014-04-23,^GSPC,S&P 500,Benchmark,Train,0.4083788996127825,0.1667733256489471,0.0490962278905086
2014-04-23,2014-04-24,^GSPC,S&P 500,Benchmark,Train,-0.2215766862522061,0.0490962278905086,0.0294290002279769
2014-04-24,2014-04-25,^GSPC,S&P 500,Benchmark,Train,0.1715488275330874,0.0294290002279769,0.6608624595869781
2014-04-25,2014-04-28,^GSPC,S&P 500,Benchmark,Train,-0.8129344743501644,0.6608624595869781,0.1043814076774974
2014-04-28,2014-04-29,^GSPC,S&P 500,Benchmark,Train,0.3230811162502344,0.1043814076774974,0.225573750850737
2014-04-29,2014-04-30,^GSPC,S&P 500,Benchmark,Train,0.4749460504633521,0.225573750850737,0.0892545382362039
2014-04-30,2014-05-01,^GSPC,S&P 500,Benchmark,Train,0.298754980270127,0.0892545382362039,0.0002052679272401
2014-05-01,2014-05-02,^GSPC,S&P 500,Benchmark,Train,-0.0143271744332299,0.0002052679272401,0.0182075899663792
2014-05-02,2014-05-05,^GSPC,S&P 500,Benchmark,Train,-0.1349355029870908,0.0182075899663792,0.0349490904141935
2014-05-05,2014-05-06,^GSPC,S&P 500,Benchmark,Train,0.1869467582339782,0.0349490904141935,0.8152340914162417
2014-05-06,2014-05-07,^GSPC,S&P 500,Benchmark,Train,-0.9029031461991046,0.8152340914162417,0.3136845512540306
2014-05-07,2014-05-08,^GSPC,S&P 500,Benchmark,Train,0.5600754871033284,0.3136845512540306,0.01889440575723
2014-05-08,2014-05-09,^GSPC,S&P 500,Benchmark,Train,-0.1374569232786406,0.01889440575723,0.0230530532410708
2014-05-09,2014-05-12,^GSPC,S&P 500,Benchmark,Train,0.1518323194878839,0.0230530532410708,0.9266480789504242
2014-05-12,2014-05-13,^GSPC,S&P 500,Benchmark,Train,0.9626256172315508,0.9266480789504242,0.0017780456701208
2014-05-13,2014-05-14,^GSPC,S&P 500,Benchmark,Train,0.0421668788283033,0.0017780456701208,0.2220378806874296
2014-05-14,2014-05-15,^GSPC,S&P 500,Benchmark,Train,-0.4712089565017091,0.2220378806874296,0.8847103351736203
2014-05-15,2014-05-16,^GSPC,S&P 500,Benchmark,Train,-0.9405904183934792,0.8847103351736203,0.1398732188750694
2014-05-16,2014-05-19,^GSPC,S&P 500,Benchmark,Train,0.3739962819000603,0.1398732188750694,0.1472574766334309
2014-05-19,2014-05-20,^GSPC,S&P 500,Benchmark,Train,0.3837414189704193,0.1472574766334309,0.4250524425173914
2014-05-20,2014-05-21,^GSPC,S&P 500,Benchmark,Train,-0.6519604608543308,0.4250524425173914,0.6534039441084951
2014-05-21,2014-05-22,^GSPC,S&P 500,Benchmark,Train,0.8083340547746922,0.6534039441084951,0.0556697690796903
2014-05-22,2014-05-23,^GSPC,S&P 500,Benchmark,Train,0.2359444194713881,0.0556697690796903,0.179724523122114
2014-05-23,2014-05-27,^GSPC,S&P 500,Benchmark,Train,0.4239392917884754,0.179724523122114,0.3564030552813363
2014-05-27,2014-05-28,^GSPC,S&P 500,Benchmark,Train,0.5969950211528873,0.3564030552813363,0.0124253992703281
2014-05-28,2014-05-29,^GSPC,S&P 500,Benchmark,Train,-0.1114692750058423,0.0124253992703281,0.2865202524395446
2014-05-29,2014-05-30,^GSPC,S&P 500,Benchmark,Train,0.5352758657361124,0.2865202524395446,0.0339289195276791
2014-05-30,2014-06-02,^GSPC,S&P 500,Benchmark,Train,0.1841980443101369,0.0339289195276791,0.0052934553847095
2014-06-02,2014-06-03,^GSPC,S&P 500,Benchmark,Train,0.07275613640587,0.0052934553847095,0.001438597431221
2014-06-03,2014-06-04,^GSPC,S&P 500,Benchmark,Train,-0.0379288469534866,0.001438597431221,0.0357163358727787
2014-06-04,2014-06-05,^GSPC,S&P 500,Benchmark,Train,0.1889876606362932,0.0357163358727787,0.423030842193197
2014-06-05,2014-06-06,^GSPC,S&P 500,Benchmark,Train,0.6504082119662982,0.423030842193197,0.2131746048938753
2014-06-06,2014-06-09,^GSPC,S&P 500,Benchmark,Train,0.461708354801898,0.2131746048938753,0.0088046479623528
2014-06-09,2014-06-10,^GSPC,S&P 500,Benchmark,Train,0.0938330856486817,0.0088046479623528,0.0006052283007743
2014-06-10,2014-06-11,^GSPC,S&P 500,Benchmark,Train,-0.0246013881879537,0.0006052283007743,0.1255505391752021
2014-06-11,2014-06-12,^GSPC,S&P 500,Benchmark,Train,-0.354331115166594,0.1255505391752021,0.5061097497636132
2014-06-12,2014-06-13,^GSPC,S&P 500,Benchmark,Train,-0.711413908891029,0.5061097497636132,0.0979476670232823
2014-06-13,2014-06-16,^GSPC,S&P 500,Benchmark,Train,0.312965919907076,0.0979476670232823,0.006994902393355
2014-06-16,2014-06-17,^GSPC,S&P 500,Benchmark,Train,0.0836355330786806,0.006994902393355,0.0470982205595174
2014-06-17,2014-06-18,^GSPC,S&P 500,Benchmark,Train,0.2170212444889151,0.0470982205595174,0.5912446038482394
2014-06-18,2014-06-19,^GSPC,S&P 500,Benchmark,Train,0.7689243160729405,0.5912446038482394,0.0162986916922164
2014-06-19,2014-06-20,^GSPC,S&P 500,Benchmark,Train,0.1276663295165036,0.0162986916922164,0.0298793175858384
2014-06-20,2014-06-23,^GSPC,S&P 500,Benchmark,Train,0.172856349567606,0.0298793175858384,0.0001754905675518
2014-06-23,2014-06-24,^GSPC,S&P 500,Benchmark,Train,-0.0132472852898927,0.0001754905675518,0.4168131112149085
2014-06-24,2014-06-25,^GSPC,S&P 500,Benchmark,Train,-0.645610649861748,0.4168131112149085,0.2386867133066706
2014-06-25,2014-06-26,^GSPC,S&P 500,Benchmark,Train,0.4885557422717193,0.2386867133066706,0.0139140762610942
2014-06-26,2014-06-27,^GSPC,S&P 500,Benchmark,Train,-0.1179579427639114,0.0139140762610942,0.0364445372105019
2014-06-27,2014-06-30,^GSPC,S&P 500,Benchmark,Train,0.1909045238083737,0.0364445372105019,0.0013862664804305
2014-06-30,2014-07-01,^GSPC,S&P 500,Benchmark,Train,-0.0372325997001354,0.0013862664804305,0.4429665058491848
2014-07-01,2014-07-02,^GSPC,S&P 500,Benchmark,Train,0.6655572896822518,0.4429665058491848,0.0043374879016767
2014-07-02,2014-07-03,^GSPC,S&P 500,Benchmark,Train,0.0658596075123193,0.0043374879016767,0.2986130919075442
2014-07-03,2014-07-07,^GSPC,S&P 500,Benchmark,Train,0.5464550227672395,0.2986130919075442,0.1545464050223934
2014-07-07,2014-07-08,^GSPC,S&P 500,Benchmark,Train,-0.3931239054323629,0.1545464050223934,0.5003811140297592
2014-07-08,2014-07-09,^GSPC,S&P 500,Benchmark,Train,-0.7073762181680687,0.5003811140297592,0.2146947564932709
2014-07-09,2014-07-10,^GSPC,S&P 500,Benchmark,Train,0.4633516553259208,0.2146947564932709,0.1713652266478512
2014-07-10,2014-07-11,^GSPC,S&P 500,Benchmark,Train,-0.4139628324473722,0.1713652266478512,0.0216043549922348
2014-07-11,2014-07-14,^GSPC,S&P 500,Benchmark,Train,0.1469841998047235,0.0216043549922348,0.2334687808509525
2014-07-14,2014-07-15,^GSPC,S&P 500,Benchmark,Train,0.4831860726996925,0.2334687808509525,0.037402189500691
2014-07-15,2014-07-16,^GSPC,S&P 500,Benchmark,Train,-0.1933964567945624,0.037402189500691,0.1757525360044707
2014-07-16,2014-07-17,^GSPC,S&P 500,Benchmark,Train,0.4192285009448555,0.1757525360044707,1.417196422885444
2014-07-17,2014-07-18,^GSPC,S&P 500,Benchmark,Train,-1.1904605927478005,1.417196422885444,1.0429738053764304
2014-07-18,2014-07-21,^GSPC,S&P 500,Benchmark,Train,1.0212608899671185,1.0429738053764304,0.0539608008833141
2014-07-21,2014-07-22,^GSPC,S&P 500,Benchmark,Train,-0.2322946423904652,0.0539608008833141,0.2503612471353053
2014-07-22,2014-07-23,^GSPC,S&P 500,Benchmark,Train,0.5003611167300126,0.2503612471353053,0.0307266113405237
2014-07-23,2014-07-24,^GSPC,S&P 500,Benchmark,Train,0.1752900777012884,0.0307266113405237,0.0023817993040461
2014-07-24,2014-07-25,^GSPC,S&P 500,Benchmark,Train,0.0488036812550669,0.0023817993040461,0.2362879646318356
2014-07-25,2014-07-28,^GSPC,S&P 500,Benchmark,Train,-0.4860946046109087,0.2362879646318356,0.0008300932754452
2014-07-28,2014-07-29,^GSPC,S&P 500,Benchmark,Train,0.0288113393552832,0.0008300932754452,0.205940649275488
2014-07-29,2014-07-30,^GSPC,S&P 500,Benchmark,Train,-0.4538068413714011,0.205940649275488,3.7101401033960464e-05
2014-07-30,2014-07-31,^GSPC,S&P 500,Benchmark,Train,0.0060910919410201,3.7101401033960464e-05,4.081180628045206
2014-07-31,2014-08-01,^GSPC,S&P 500,Benchmark,Train,-2.020193215523012,4.081180628045206,0.0819800718717021
2014-08-01,2014-08-04,^GSPC,S&P 500,Benchmark,Train,-0.2863216231298331,0.0819800718717021,0.5131307390451589
2014-08-04,2014-08-05,^GSPC,S&P 500,Benchmark,Train,0.7163314449646608,0.5131307390451589,0.947250443582696
2014-08-05,2014-08-06,^GSPC,S&P 500,Benchmark,Train,-0.9732679197336652,0.947250443582696,2.4456037902100717e-06
2014-08-06,2014-08-07,^GSPC,S&P 500,Benchmark,Train,0.0015638426360123,2.4456037902100717e-06,0.3104847055172078
2014-08-07,2014-08-08,^GSPC,S&P 500,Benchmark,Train,-0.5572115446733026,0.3104847055172078,1.3145591443285392
2014-08-08,2014-08-11,^GSPC,S&P 500,Benchmark,Train,1.1465422557972031,1.3145591443285392,0.0759346928304588
2014-08-11,2014-08-12,^GSPC,S&P 500,Benchmark,Train,0.2755625025841847,0.0759346928304588,0.0268298625804553
2014-08-12,2014-08-13,^GSPC,S&P 500,Benchmark,Train,-0.1637982374155941,0.0268298625804553,0.446861112148107
2014-08-13,2014-08-14,^GSPC,S&P 500,Benchmark,Train,0.6684767102510805,0.446861112148107,0.1880434998812838
2014-08-14,2014-08-15,^GSPC,S&P 500,Benchmark,Train,0.4336398273697699,0.1880434998812838,3.766867004409933e-05
2014-08-15,2014-08-18,^GSPC,S&P 500,Benchmark,Train,-0.0061374807571266,3.766867004409933e-05,0.7217323513552635
2014-08-18,2014-08-19,^GSPC,S&P 500,Benchmark,Train,0.84954832196601,0.7217323513552635,0.2488204126384532
2014-08-19,2014-08-20,^GSPC,S&P 500,Benchmark,Train,0.4988190179197794,0.2488204126384532,0.061243790619526
2014-08-20,2014-08-21,^GSPC,S&P 500,Benchmark,Train,0.2474748282543622,0.061243790619526,0.0867624878030967
2014-08-21,2014-08-22,^GSPC,S&P 500,Benchmark,Train,0.2945547280270624,0.0867624878030967,0.0397832910679626
2014-08-22,2014-08-25,^GSPC,S&P 500,Benchmark,Train,-0.199457491882262,0.0397832910679626,0.228135562303634
2014-08-25,2014-08-26,^GSPC,S&P 500,Benchmark,Train,0.4776353863603847,0.228135562303634,0.0110361095974169
2014-08-26,2014-08-27,^GSPC,S&P 500,Benchmark,Train,0.1050528895243578,0.0110361095974169,2.4986045232455183e-05
2014-08-27,2014-08-28,^GSPC,S&P 500,Benchmark,Train,0.0049986043284556,2.4986045232455183e-05,0.0286059901226788
2014-08-28,2014-08-29,^GSPC,S&P 500,Benchmark,Train,-0.1691330544946164,0.0286059901226788,0.1098865700874146
2014-08-29,2014-09-02,^GSPC,S&P 500,Benchmark,Train,0.3314914329019902,0.1098865700874146,0.0029616911474975
2014-09-02,2014-09-03,^GSPC,S&P 500,Benchmark,Train,-0.0544214217702696,0.0029616911474975,0.0060753412266986
2014-09-03,2014-09-04,^GSPC,S&P 500,Benchmark,Train,-0.0779444752801545,0.0060753412266986,0.0235806491751264
2014-09-04,2014-09-05,^GSPC,S&P 500,Benchmark,Train,-0.1535599204712169,0.0235806491751264,0.252330175053707
2014-09-05,2014-09-08,^GSPC,S&P 500,Benchmark,Train,0.5023247704958487,0.252330175053707,0.0947313510292927
2014-09-08,2014-09-09,^GSPC,S&P 500,Benchmark,Train,-0.3077845854315851,0.0947313510292927,0.4311920503922152
2014-09-09,2014-09-10,^GSPC,S&P 500,Benchmark,Train,-0.6566521532685439,0.4311920503922152,0.1324554972025816
2014-09-10,2014-09-11,^GSPC,S&P 500,Benchmark,Train,0.3639443600367803,0.1324554972025816,0.0077707180648806
2014-09-11,2014-09-12,^GSPC,S&P 500,Benchmark,Train,0.0881516764723205,0.0077707180648806,0.3576524984882202
2014-09-12,2014-09-15,^GSPC,S&P 500,Benchmark,Train,-0.5980405492006543,0.3576524984882202,0.0050467348532784
2014-09-15,2014-09-16,^GSPC,S&P 500,Benchmark,Train,-0.0710403748109373,0.0050467348532784,0.5559950148116358
2014-09-16,2014-09-17,^GSPC,S&P 500,Benchmark,Train,0.7456507324556423,0.5559950148116358,0.016765201928332
2014-09-17,2014-09-18,^GSPC,S&P 500,Benchmark,Train,0.1294805079088434,0.016765201928332,0.2380715011469649
2014-09-18,2014-09-19,^GSPC,S&P 500,Benchmark,Train,0.4879257127339826,0.2380715011469649,0.0022789501600507
2014-09-19,2014-09-22,^GSPC,S&P 500,Benchmark,Train,-0.0477383510403398,0.0022789501600507,0.6473172007425833
2014-09-22,2014-09-23,^GSPC,S&P 500,Benchmark,Train,-0.80456025302185,0.6473172007425833,0.3356174648508958
2014-09-23,2014-09-24,^GSPC,S&P 500,Benchmark,Train,-0.5793250079626252,0.3356174648508958,0.6087084134258398
2014-09-24,2014-09-25,^GSPC,S&P 500,Benchmark,Train,0.7801976758654436,0.6087084134258398,2.657197732786118
2014-09-25,2014-09-26,^GSPC,S&P 500,Benchmark,Train,-1.630091326517051,2.657197732786118,0.7291898054388403
2014-09-26,2014-09-29,^GSPC,S&P 500,Benchmark,Train,0.8539261124001539,0.7291898054388403,0.0650275937285712
2014-09-29,2014-09-30,^GSPC,S&P 500,Benchmark,Train,-0.2550050856915823,0.0650275937285712,0.0778307635091705
2014-09-30,2014-10-01,^GSPC,S&P 500,Benchmark,Train,-0.2789816544312018,0.0778307635091705,1.7787839945975086
2014-10-01,2014-10-02,^GSPC,S&P 500,Benchmark,Train,-1.3337106112637436,1.7787839945975086,2.645382548961078e-07
2014-10-02,2014-10-03,^GSPC,S&P 500,Benchmark,Train,0.0005143328250229,2.645382548961078e-07,1.2329072184766974
2014-10-03,2014-10-06,^GSPC,S&P 500,Benchmark,Train,1.1103635523902509,1.2329072184766974,0.0245356510537619
2014-10-06,2014-10-07,^GSPC,S&P 500,Benchmark,Train,-0.1566386001398183,0.0245356510537619,2.3230693813096863
2014-10-07,2014-10-08,^GSPC,S&P 500,Benchmark,Train,-1.5241618619128634,2.3230693813096863,2.9966890328056173
2014-10-08,2014-10-09,^GSPC,S&P 500,Benchmark,Train,1.731094749805919,2.9966890328056173,4.358845560813416
2014-10-09,2014-10-10,^GSPC,S&P 500,Benchmark,Train,-2.087784845431496,4.358845560813416,1.3264313233014713
2014-10-10,2014-10-13,^GSPC,S&P 500,Benchmark,Train,-1.1517080026210946,1.3264313233014713,2.757271276568749
2014-10-13,2014-10-14,^GSPC,S&P 500,Benchmark,Train,-1.6605033202522508,2.757271276568749,0.0248888385745816
2014-10-14,2014-10-15,^GSPC,S&P 500,Benchmark,Train,0.1577619680866768,0.0248888385745816,0.6615058070081034
2014-10-15,2014-10-16,^GSPC,S&P 500,Benchmark,Train,-0.8133300726077349,0.6615058070081034,0.0002101548920392
2014-10-16,2014-10-17,^GSPC,S&P 500,Benchmark,Train,0.0144967200441769,0.0002101548920392,1.6388642574327787
2014-10-17,2014-10-20,^GSPC,S&P 500,Benchmark,Train,1.280181337714614,1.6388642574327787,0.8283031465304663
2014-10-20,2014-10-21,^GSPC,S&P 500,Benchmark,Train,0.9101116121281314,0.8283031465304663,3.75792602129416
2014-10-21,2014-10-22,^GSPC,S&P 500,Benchmark,Train,1.938537082775091,3.75792602129416,0.5367175090407448
2014-10-22,2014-10-23,^GSPC,S&P 500,Benchmark,Train,-0.7326100661612184,0.5367175090407448,1.4953146082090203
2014-10-23,2014-10-24,^GSPC,S&P 500,Benchmark,Train,1.2228305721599455,1.4953146082090203,0.4940248558620933
2014-10-24,2014-10-27,^GSPC,S&P 500,Benchmark,Train,0.7028690175716193,0.4940248558620933,0.022580979096691
2014-10-27,2014-10-28,^GSPC,S&P 500,Benchmark,Train,-0.1502696878837878,0.022580979096691,1.408580774930941
2014-10-28,2014-10-29,^GSPC,S&P 500,Benchmark,Train,1.1868364566910392,1.408580774930941,0.0192187202591115
2014-10-29,2014-10-30,^GSPC,S&P 500,Benchmark,Train,-0.138631599064252,0.0192187202591115,0.3857400245418912
2014-10-30,2014-10-31,^GSPC,S&P 500,Benchmark,Train,0.6210797247873184,0.3857400245418912,1.3602823361547272
2014-10-31,2014-11-03,^GSPC,S&P 500,Benchmark,Train,1.1663114233148568,1.3602823361547272,0.0001414408715595
2014-11-03,2014-11-04,^GSPC,S&P 500,Benchmark,Train,-0.0118928916399473,0.0001414408715595,0.0803072425764019
2014-11-04,2014-11-05,^GSPC,S&P 500,Benchmark,Train,-0.2833853252665033,0.0803072425764019,0.3231139223598425
2014-11-05,2014-11-06,^GSPC,S&P 500,Benchmark,Train,0.5684311060804489,0.3231139223598425,0.142008660265865
2014-11-06,2014-11-07,^GSPC,S&P 500,Benchmark,Train,0.3768403644328259,0.142008660265865,0.0012216781425113
2014-11-07,2014-11-10,^GSPC,S&P 500,Benchmark,Train,0.0349525126780807,0.0012216781425113,0.0970526243879345
2014-11-10,2014-11-11,^GSPC,S&P 500,Benchmark,Train,0.3115327019558855,0.0970526243879345,0.0048504487333002
2014-11-11,2014-11-12,^GSPC,S&P 500,Benchmark,Train,0.0696451630287435,0.0048504487333002,0.0049190946710648
2014-11-12,2014-11-13,^GSPC,S&P 500,Benchmark,Train,-0.070136257891798,0.0049190946710648,0.0028058678146681
2014-11-13,2014-11-14,^GSPC,S&P 500,Benchmark,Train,0.0529704428400231,0.0028058678146681,0.0005771590555158
2014-11-14,2014-11-17,^GSPC,S&P 500,Benchmark,Train,0.0240241348546805,0.0005771590555158,0.0054035551103973
2014-11-17,2014-11-18,^GSPC,S&P 500,Benchmark,Train,0.0735088777658679,0.0054035551103973,0.2622309810317079
2014-11-18,2014-11-19,^GSPC,S&P 500,Benchmark,Train,0.5120849353688389,0.2622309810317079,0.0225686585665655
2014-11-19,2014-11-20,^GSPC,S&P 500,Benchmark,Train,-0.1502286875618818,0.0225686585665655,0.0386186959878715
2014-11-20,2014-11-21,^GSPC,S&P 500,Benchmark,Train,0.1965164013202754,0.0386186959878715,0.2728194990385014
2014-11-21,2014-11-24,^GSPC,S&P 500,Benchmark,Train,0.5223212603738253,0.2728194990385014,0.081791985395145
2014-11-24,2014-11-25,^GSPC,S&P 500,Benchmark,Train,0.285992981373923,0.081791985395145,0.0132409085548832
2014-11-25,2014-11-26,^GSPC,S&P 500,Benchmark,Train,-0.1150691468417284,0.0132409085548832,0.0785149805361963
2014-11-26,2014-11-28,^GSPC,S&P 500,Benchmark,Train,0.2802052471603563,0.0785149805361963,0.0648040844413456
2014-11-28,2014-12-01,^GSPC,S&P 500,Benchmark,Train,-0.2545664637012221,0.0648040844413456,0.4696072180467636
2014-12-01,2014-12-02,^GSPC,S&P 500,Benchmark,Train,-0.6852789344834435,0.4696072180467636,0.4050261853442812
2014-12-02,2014-12-03,^GSPC,S&P 500,Benchmark,Train,0.6364166758848178,0.4050261853442812,0.1412011264293101
2014-12-03,2014-12-04,^GSPC,S&P 500,Benchmark,Train,0.3757673834026979,0.1412011264293101,0.0135157303154753
2014-12-04,2014-12-05,^GSPC,S&P 500,Benchmark,Train,-0.1162571731785843,0.0135157303154753,0.0276833558956818
2014-12-05,2014-12-08,^GSPC,S&P 500,Benchmark,Train,0.1663831598921052,0.0276833558956818,0.530424116332449
2014-12-08,2014-12-09,^GSPC,S&P 500,Benchmark,Train,-0.7283022149715385,0.530424116332449,0.0005657349105263
2014-12-09,2014-12-10,^GSPC,S&P 500,Benchmark,Train,-0.0237851825834147,0.0005657349105263,2.7179219166216564
2014-12-10,2014-12-11,^GSPC,S&P 500,Benchmark,Train,-1.6486121183048656,2.7179219166216564,0.2047955263149939
2014-12-11,2014-12-12,^GSPC,S&P 500,Benchmark,Train,0.4525433971620776,0.2047955263149939,2.6720694387785997
2014-12-12,2014-12-15,^GSPC,S&P 500,Benchmark,Train,-1.634646579165845,2.6720694387785997,0.4048504913961316
2014-12-15,2014-12-16,^GSPC,S&P 500,Benchmark,Train,-0.6362786271721939,0.4048504913961316,0.7268005577227301
2014-12-16,2014-12-17,^GSPC,S&P 500,Benchmark,Train,-0.8525259865380821,0.7268005577227301,4.0594485541720475
2014-12-17,2014-12-18,^GSPC,S&P 500,Benchmark,Train,2.0148073243295617,4.0594485541720475,5.631781539660622
2014-12-18,2014-12-19,^GSPC,S&P 500,Benchmark,Train,2.373137488570905,5.631781539660622,0.2079029839392894
2014-12-19,2014-12-22,^GSPC,S&P 500,Benchmark,Train,0.4559637967419008,0.2079029839392894,0.1446450123182318
2014-12-22,2014-12-23,^GSPC,S&P 500,Benchmark,Train,0.3803222479927145,0.1446450123182318,0.0304446184370903
2014-12-23,2014-12-24,^GSPC,S&P 500,Benchmark,Train,0.1744838629704487,0.0304446184370903,0.0001940622880232
2014-12-24,2014-12-26,^GSPC,S&P 500,Benchmark,Train,-0.0139306241074564,0.0001940622880232,0.1091714277395129
2014-12-26,2014-12-29,^GSPC,S&P 500,Benchmark,Train,0.3304109982120948,0.1091714277395129,0.0074201586592425
2014-12-29,2014-12-30,^GSPC,S&P 500,Benchmark,Train,0.0861403428089447,0.0074201586592425,0.2401581208983191
2014-12-30,2014-12-31,^GSPC,S&P 500,Benchmark,Train,-0.4900593034504285,0.2401581208983191,1.074204466047188
2014-12-31,2015-01-02,^GSPC,S&P 500,Benchmark,Train,-1.036438356125046,1.074204466047188,0.0011561460219308
2015-01-02,2015-01-05,^GSPC,S&P 500,Benchmark,Train,-0.034002147313528,0.0011561460219308,3.402996871168709
2015-01-05,2015-01-06,^GSPC,S&P 500,Benchmark,Train,-1.844721353258727,3.402996871168709,0.7980303936891661
2015-01-06,2015-01-07,^GSPC,S&P 500,Benchmark,Train,-0.8933254690700171,0.7980303936891661,1.3369686021838734
2015-01-07,2015-01-08,^GSPC,S&P 500,Benchmark,Train,1.1562735844876304,1.3369686021838734,3.143588618172075
2015-01-08,2015-01-09,^GSPC,S&P 500,Benchmark,Train,1.773016812715569,3.143588618172075,0.7122215830217449
2015-01-09,2015-01-12,^GSPC,S&P 500,Benchmark,Train,-0.8439322147078786,0.7122215830217449,0.660419013205782
2015-01-12,2015-01-13,^GSPC,S&P 500,Benchmark,Train,-0.8126616843470486,0.660419013205782,0.0666613240368043
2015-01-13,2015-01-14,^GSPC,S&P 500,Benchmark,Train,-0.2581885435816322,0.0666613240368043,0.3398923776743522
2015-01-14,2015-01-15,^GSPC,S&P 500,Benchmark,Train,-0.583002896797565,0.3398923776743522,0.8632087864028225
2015-01-15,2015-01-16,^GSPC,S&P 500,Benchmark,Train,-0.9290903004567546,0.8632087864028225,1.77819376289158
2015-01-16,2015-01-20,^GSPC,S&P 500,Benchmark,Train,1.3334893186267298,1.77819376289158,0.0239863409996362
2015-01-20,2015-01-21,^GSPC,S&P 500,Benchmark,Train,0.1548752433400387,0.0239863409996362,0.222827900257132
2015-01-21,2015-01-22,^GSPC,S&P 500,Benchmark,Train,0.472046502218936,0.222827900257132,2.296532046426772
2015-01-22,2015-01-23,^GSPC,S&P 500,Benchmark,Train,1.5154313070630328,2.296532046426772,0.3032326337837543
2015-01-23,2015-01-26,^GSPC,S&P 500,Benchmark,Train,-0.5506656279301936,0.3032326337837543,0.0658008686116093
2015-01-26,2015-01-27,^GSPC,S&P 500,Benchmark,Train,0.2565167998623274,0.0658008686116093,1.816642424470948
2015-01-27,2015-01-28,^GSPC,S&P 500,Benchmark,Train,-1.3478287815857577,1.816642424470948,1.8462023263953131
2015-01-28,2015-01-29,^GSPC,S&P 500,Benchmark,Train,-1.358750281102202,1.8462023263953131,0.9005093399907528
2015-01-29,2015-01-30,^GSPC,S&P 500,Benchmark,Train,0.948951705826357,0.9005093399907528,1.7101051842105623
2015-01-30,2015-02-02,^GSPC,S&P 500,Benchmark,Train,-1.3077099006318498,1.7101051842105623,1.6587301989445131
2015-02-02,2015-02-03,^GSPC,S&P 500,Benchmark,Train,1.2879170000215516,1.6587301989445131,2.055277365496544
2015-02-03,2015-02-04,^GSPC,S&P 500,Benchmark,Train,1.4336238577453098,2.055277365496544,0.1734478083463289
2015-02-04,2015-02-05,^GSPC,S&P 500,Benchmark,Train,-0.4164706572452961,0.1734478083463289,1.048332447738297
2015-02-05,2015-02-06,^GSPC,S&P 500,Benchmark,Train,1.0238810710909236,1.048332447738297,0.1172396508690652
2015-02-06,2015-02-09,^GSPC,S&P 500,Benchmark,Train,-0.342402761187852,0.1172396508690652,0.181155730680898
2015-02-09,2015-02-10,^GSPC,S&P 500,Benchmark,Train,-0.4256239310481708,0.181155730680898,1.1276272676959458
2015-02-10,2015-02-11,^GSPC,S&P 500,Benchmark,Train,1.0618979554062369,1.1276272676959458,8.429737458692e-06
2015-02-11,2015-02-12,^GSPC,S&P 500,Benchmark,Train,-0.0029034010158247,8.429737458692e-06,0.9212726817238792
2015-02-12,2015-02-13,^GSPC,S&P 500,Benchmark,Train,0.9598295065916026,0.9212726817238792,0.1653609065119241
2015-02-13,2015-02-17,^GSPC,S&P 500,Benchmark,Train,0.4066459227779422,0.1653609065119241,0.0254817272519125
2015-02-17,2015-02-18,^GSPC,S&P 500,Benchmark,Train,0.1596299697798396,0.0254817272519125,0.0009882134399827
2015-02-18,2015-02-19,^GSPC,S&P 500,Benchmark,Train,-0.0314358623228748,0.0009882134399827,0.0112916491071743
2015-02-19,2015-02-20,^GSPC,S&P 500,Benchmark,Train,-0.1062621715718928,0.0112916491071743,0.3730574270515477
2015-02-20,2015-02-23,^GSPC,S&P 500,Benchmark,Train,0.6107842721055837,0.3730574270515477,0.000920425868516
2015-02-23,2015-02-24,^GSPC,S&P 500,Benchmark,Train,-0.0303385211985694,0.000920425868516,0.0758987330401734
2015-02-24,2015-02-25,^GSPC,S&P 500,Benchmark,Train,0.2754972468831103,0.0758987330401734,0.0058678198852695
2015-02-25,2015-02-26,^GSPC,S&P 500,Benchmark,Train,-0.0766016963602602,0.0058678198852695,0.0218187944784289
2015-02-26,2015-02-27,^GSPC,S&P 500,Benchmark,Train,-0.147711863025381,0.0218187944784289,0.0876564411445906
2015-02-27,2015-03-02,^GSPC,S&P 500,Benchmark,Train,-0.296068304863237,0.0876564411445906,0.3728614472472665
2015-03-02,2015-03-03,^GSPC,S&P 500,Benchmark,Train,0.6106238181133017,0.3728614472472665,0.2069224196576201
2015-03-03,2015-03-04,^GSPC,S&P 500,Benchmark,Train,-0.4548872603817567,0.2069224196576201,0.1934382220643477
2015-03-04,2015-03-05,^GSPC,S&P 500,Benchmark,Train,-0.4398161230154572,0.1934382220643477,0.0142889808338457
2015-03-05,2015-03-06,^GSPC,S&P 500,Benchmark,Train,0.1195365251036088,0.0142889808338457,2.0378579927542897
2015-03-06,2015-03-09,^GSPC,S&P 500,Benchmark,Train,-1.4275356362467069,2.0378579927542897,0.1549731052070491
2015-03-09,2015-03-10,^GSPC,S&P 500,Benchmark,Train,0.3936662357975968,0.1549731052070491,2.9264332257542023
2015-03-10,2015-03-11,^GSPC,S&P 500,Benchmark,Train,-1.7106820937141425,2.9264332257542023,0.0368455962745253
2015-03-11,2015-03-12,^GSPC,S&P 500,Benchmark,Train,-0.1919520676484767,0.0368455962745253,1.5681807054108563
2015-03-12,2015-03-13,^GSPC,S&P 500,Benchmark,Train,1.2522702206037069,1.5681807054108563,0.3712753823735042
2015-03-13,2015-03-16,^GSPC,S&P 500,Benchmark,Train,-0.6093237090196838,0.3712753823735042,1.8071180302366656
2015-03-16,2015-03-17,^GSPC,S&P 500,Benchmark,Train,1.344290902385591,1.8071180302366656,0.1106026524354646
2015-03-17,2015-03-18,^GSPC,S&P 500,Benchmark,Train,-0.3325697707782002,0.1106026524354646,1.4604967830466844
2015-03-18,2015-03-19,^GSPC,S&P 500,Benchmark,Train,1.2085101501628708,1.4604967830466844,0.2385823403129448
2015-03-19,2015-03-20,^GSPC,S&P 500,Benchmark,Train,-0.4884489126950175,0.2385823403129448,0.8050364222192341
2015-03-20,2015-03-23,^GSPC,S&P 500,Benchmark,Train,0.8972382193259681,0.8050364222192341,0.0305290564970328
2015-03-23,2015-03-24,^GSPC,S&P 500,Benchmark,Train,-0.1747256606713301,0.0305290564970328,0.3792522178030342
2015-03-24,2015-03-25,^GSPC,S&P 500,Benchmark,Train,-0.6158345701590925,0.3792522178030342,2.150894009023744
2015-03-25,2015-03-26,^GSPC,S&P 500,Benchmark,Train,-1.4665926527239062,2.150894009023744,0.0566597441976302
2015-03-26,2015-03-27,^GSPC,S&P 500,Benchmark,Train,-0.2380330737473896,0.0566597441976302,0.0559682382926027
2015-03-27,2015-03-30,^GSPC,S&P 500,Benchmark,Train,0.236576072950336,0.0559682382926027,1.479235516556817
2015-03-30,2015-03-31,^GSPC,S&P 500,Benchmark,Train,1.2162382647149437,1.479235516556817,0.7805168056222859
2015-03-31,2015-04-01,^GSPC,S&P 500,Benchmark,Train,-0.8834686217530795,0.7805168056222859,0.1578674895249901
2015-04-01,2015-04-02,^GSPC,S&P 500,Benchmark,Train,-0.3973254201847525,0.1578674895249901,0.1241471613654857
2015-04-02,2015-04-06,^GSPC,S&P 500,Benchmark,Train,0.3523452303714153,0.1241471613654857,0.433895260590378
2015-04-06,2015-04-07,^GSPC,S&P 500,Benchmark,Train,0.6587072647165644,0.433895260590378,0.0426023102211767
2015-04-07,2015-04-08,^GSPC,S&P 500,Benchmark,Train,-0.2064032708587167,0.0426023102211767,0.0717672786768184
2015-04-08,2015-04-09,^GSPC,S&P 500,Benchmark,Train,0.26789415573472,0.0717672786768184,0.1978093115165834
2015-04-09,2015-04-10,^GSPC,S&P 500,Benchmark,Train,0.4447575873625805,0.1978093115165834,0.2692963260460987
2015-04-10,2015-04-13,^GSPC,S&P 500,Benchmark,Train,0.5189376899456222,0.2692963260460987,0.2108468988102529
2015-04-13,2015-04-14,^GSPC,S&P 500,Benchmark,Train,-0.4591806820961145,0.2108468988102529,0.0265179162056842
2015-04-14,2015-04-15,^GSPC,S&P 500,Benchmark,Train,0.162843225851382,0.0265179162056842,0.2636811249222474
2015-04-15,2015-04-16,^GSPC,S&P 500,Benchmark,Train,0.5134989044995592,0.2636811249222474,0.0060644651307245
2015-04-16,2015-04-17,^GSPC,S&P 500,Benchmark,Train,-0.0778746757985199,0.0060644651307245,1.2940664579684322
2015-04-17,2015-04-20,^GSPC,S&P 500,Benchmark,Train,-1.137570418905323,1.2940664579684322,0.8450662657527293
2015-04-20,2015-04-21,^GSPC,S&P 500,Benchmark,Train,0.9192748586536724,0.8450662657527293,0.0219544231263562
2015-04-21,2015-04-22,^GSPC,S&P 500,Benchmark,Train,-0.1481702504767951,0.0219544231263562,0.2575139113588217
2015-04-22,2015-04-23,^GSPC,S&P 500,Benchmark,Train,0.5074582853386292,0.2575139113588217,0.0554574637192125
2015-04-23,2015-04-24,^GSPC,S&P 500,Benchmark,Train,0.2354940842552367,0.0554574637192125,0.0506370078258614
2015-04-24,2015-04-27,^GSPC,S&P 500,Benchmark,Train,0.2250266824753486,0.0506370078258614,0.1722177990562478
2015-04-27,2015-04-28,^GSPC,S&P 500,Benchmark,Train,-0.4149913240734652,0.1722177990562478,0.0764746170209575
2015-04-28,2015-04-29,^GSPC,S&P 500,Benchmark,Train,0.2765404437346507,0.0764746170209575,0.1404261798922653
2015-04-29,2015-04-30,^GSPC,S&P 500,Benchmark,Train,-0.3747348127573222,0.1404261798922653,1.0364366006277923
2015-04-30,2015-05-01,^GSPC,S&P 500,Benchmark,Train,-1.0180553033248203,1.0364366006277923,1.180216412206797
2015-05-01,2015-05-04,^GSPC,S&P 500,Benchmark,Train,1.0863776563455256,1.180216412206797,0.0862263963128144
2015-05-04,2015-05-05,^GSPC,S&P 500,Benchmark,Train,0.293643314776302,0.0862263963128144,1.4180054398676412
2015-05-05,2015-05-06,^GSPC,S&P 500,Benchmark,Train,-1.19080033585301,1.4180054398676412,0.1994230805247552
2015-05-06,2015-05-07,^GSPC,S&P 500,Benchmark,Train,-0.4465681140931977,0.1994230805247552,0.1418810776085562
2015-05-07,2015-05-08,^GSPC,S&P 500,Benchmark,Train,0.3766710469475405,0.1418810776085562,1.7870738061198832
2015-05-08,2015-05-11,^GSPC,S&P 500,Benchmark,Train,1.3368147987361163,1.7870738061198832,0.260360823875045
2015-05-11,2015-05-12,^GSPC,S&P 500,Benchmark,Train,-0.5102556456082039,0.260360823875045,0.0872609496379448
2015-05-12,2015-05-13,^GSPC,S&P 500,Benchmark,Train,-0.2953996439367266,0.0872609496379448,0.0009302578729918
2015-05-13,2015-05-14,^GSPC,S&P 500,Benchmark,Train,-0.0305001290651667,0.0009302578729918,1.1495279794579092
2015-05-14,2015-05-15,^GSPC,S&P 500,Benchmark,Train,1.0721604261760034,1.1495279794579092,0.0059000653372296
2015-05-15,2015-05-18,^GSPC,S&P 500,Benchmark,Train,0.0768118827866475,0.0059000653372296,0.0926175080570318
2015-05-18,2015-05-19,^GSPC,S&P 500,Benchmark,Train,0.3043312472570502,0.0926175080570318,0.0041419727308088
2015-05-19,2015-05-20,^GSPC,S&P 500,Benchmark,Train,-0.0643581597842015,0.0041419727308088,0.0086666687993374
2015-05-20,2015-05-21,^GSPC,S&P 500,Benchmark,Train,-0.0930949450794048,0.0086666687993374,0.0545290641512761
2015-05-21,2015-05-22,^GSPC,S&P 500,Benchmark,Train,0.2335145908744808,0.0545290641512761,0.0500141853683077
2015-05-22,2015-05-26,^GSPC,S&P 500,Benchmark,Train,-0.2236385149483597,0.0500141853683077,1.068164604800603
2015-05-26,2015-05-27,^GSPC,S&P 500,Benchmark,Train,-1.0335204907502331,1.068164604800603,0.8319116211139859
2015-05-27,2015-05-28,^GSPC,S&P 500,Benchmark,Train,0.912091892911008,0.8319116211139859,0.0160671828491512
2015-05-28,2015-05-29,^GSPC,S&P 500,Benchmark,Train,-0.1267563917487054,0.0160671828491512,0.4017677473903657
2015-05-29,2015-06-01,^GSPC,S&P 500,Benchmark,Train,-0.6338515184097658,0.4017677473903657,0.0423266227348514
2015-06-01,2015-06-02,^GSPC,S&P 500,Benchmark,Train,0.205734349914766,0.0423266227348514,0.0101829323473165
2015-06-02,2015-06-03,^GSPC,S&P 500,Benchmark,Train,-0.100910516534782,0.0101829323473165,0.0448012031223956
2015-06-03,2015-06-04,^GSPC,S&P 500,Benchmark,Train,0.2116629469755999,0.0448012031223956,0.7500533788163632
2015-06-04,2015-06-05,^GSPC,S&P 500,Benchmark,Train,-0.8660562215101069,0.7500533788163632,0.0206558762519843
2015-06-05,2015-06-08,^GSPC,S&P 500,Benchmark,Train,-0.1437215232732535,0.0206558762519843,0.42192304108568
2015-06-08,2015-06-09,^GSPC,S&P 500,Benchmark,Train,-0.6495560338305542,0.42192304108568,0.0017494604438665
2015-06-09,2015-06-10,^GSPC,S&P 500,Benchmark,Train,0.0418265519002764,0.0017494604438665,1.4329267279701543
2015-06-10,2015-06-11,^GSPC,S&P 500,Benchmark,Train,1.1970491752514407,1.4329267279701543,0.0301757462581081
2015-06-11,2015-06-12,^GSPC,S&P 500,Benchmark,Train,0.1737116756528132,0.0301757462581081,0.4926460139596758
2015-06-12,2015-06-15,^GSPC,S&P 500,Benchmark,Train,-0.7018874653102702,0.4926460139596758,0.2146737271921407
2015-06-15,2015-06-16,^GSPC,S&P 500,Benchmark,Train,-0.4633289621771347,0.2146737271921407,0.3219121796539592
2015-06-16,2015-06-17,^GSPC,S&P 500,Benchmark,Train,0.5673730515753803,0.3219121796539592,0.0391123556651462
2015-06-17,2015-06-18,^GSPC,S&P 500,Benchmark,Train,0.197768439507284,0.0391123556651462,0.9710131706440612
2015-06-18,2015-06-19,^GSPC,S&P 500,Benchmark,Train,0.9854000054008836,0.9710131706440612,0.2827703181887399
2015-06-19,2015-06-22,^GSPC,S&P 500,Benchmark,Train,-0.531761523794962,0.2827703181887399,0.3692224784711028
2015-06-22,2015-06-23,^GSPC,S&P 500,Benchmark,Train,0.6076367981542122,0.3692224784711028,0.0040407180411813
2015-06-23,2015-06-24,^GSPC,S&P 500,Benchmark,Train,0.0635666425193386,0.0040407180411813,0.5447127421907915
2015-06-24,2015-06-25,^GSPC,S&P 500,Benchmark,Train,-0.7380465718305258,0.5447127421907915,0.0886850875670551
2015-06-25,2015-06-26,^GSPC,S&P 500,Benchmark,Train,-0.2978004156596414,0.0886850875670551,0.0015222150529594
2015-06-26,2015-06-29,^GSPC,S&P 500,Benchmark,Train,-0.0390155744922384,0.0015222150529594,4.446602830571124
2015-06-29,2015-06-30,^GSPC,S&P 500,Benchmark,Train,-2.108696950861153,4.446602830571124,0.0704882509301928
2015-06-30,2015-07-01,^GSPC,S&P 500,Benchmark,Train,0.265496235246741,0.0704882509301928,0.4777707712172209
2015-07-01,2015-07-02,^GSPC,S&P 500,Benchmark,Train,0.6912096434637041,0.4777707712172209,0.0009490724168723
2015-07-02,2015-07-06,^GSPC,S&P 500,Benchmark,Train,-0.0308070189546534,0.0009490724168723,0.1497096167821704
2015-07-06,2015-07-07,^GSPC,S&P 500,Benchmark,Train,-0.3869232698897424,0.1497096167821704,0.3675464095433013
2015-07-07,2015-07-08,^GSPC,S&P 500,Benchmark,Train,0.6062560593868743,0.3675464095433013,2.820036705404161
2015-07-08,2015-07-09,^GSPC,S&P 500,Benchmark,Train,-1.6792964912141517,2.820036705404161,0.0510600747874052
2015-07-09,2015-07-10,^GSPC,S&P 500,Benchmark,Train,0.2259647644819989,0.0510600747874052,1.503808350788847
2015-07-10,2015-07-13,^GSPC,S&P 500,Benchmark,Train,1.226298638500772,1.503808350788847,1.211159349189839
2015-07-13,2015-07-14,^GSPC,S&P 500,Benchmark,Train,1.1005268507355188,1.211159349189839,0.1974267705419869
2015-07-14,2015-07-15,^GSPC,S&P 500,Benchmark,Train,0.444327323650017,0.1974267705419869,0.0054060182777387
2015-07-15,2015-07-16,^GSPC,S&P 500,Benchmark,Train,-0.0735256300737286,0.0054060182777387,0.6372403324555148
2015-07-16,2015-07-17,^GSPC,S&P 500,Benchmark,Train,0.7982733444475738,0.6372403324555148,0.0122228861679058
2015-07-17,2015-07-20,^GSPC,S&P 500,Benchmark,Train,0.110557162445071,0.0122228861679058,0.0059434327822698
2015-07-20,2015-07-21,^GSPC,S&P 500,Benchmark,Train,0.0770936624001602,0.0059434327822698,0.1823970054685769
2015-07-21,2015-07-22,^GSPC,S&P 500,Benchmark,Train,-0.4270796242723094,0.1823970054685769,0.0571480111575735
2015-07-22,2015-07-23,^GSPC,S&P 500,Benchmark,Train,-0.2390565020190279,0.0571480111575735,0.3240125709053252
2015-07-23,2015-07-24,^GSPC,S&P 500,Benchmark,Train,-0.5692210211379454,0.3240125709053252,1.1579956643397042
2015-07-24,2015-07-27,^GSPC,S&P 500,Benchmark,Train,-1.0761020696661188,1.1579956643397042,0.3354442673369656
2015-07-27,2015-07-28,^GSPC,S&P 500,Benchmark,Train,-0.5791755065064178,0.3354442673369656,1.5153791700796262
2015-07-28,2015-07-29,^GSPC,S&P 500,Benchmark,Train,1.2310073801889354,1.5153791700796262,0.5317534847339185
2015-07-29,2015-07-30,^GSPC,S&P 500,Benchmark,Train,0.7292142927383681,0.5317534847339185,8.046812438142427e-06
2015-07-30,2015-07-31,^GSPC,S&P 500,Benchmark,Train,0.0028366904022368,8.046812438142427e-06,0.0517154809795783
2015-07-31,2015-08-03,^GSPC,S&P 500,Benchmark,Train,-0.2274103801051709,0.0517154809795783,0.0762143105743264
2015-08-03,2015-08-04,^GSPC,S&P 500,Benchmark,Train,-0.276069394490455,0.0762143105743264,0.0507258126506645
2015-08-04,2015-08-05,^GSPC,S&P 500,Benchmark,Train,-0.2252239166932867,0.0507258126506645,0.0967109353993596
2015-08-05,2015-08-06,^GSPC,S&P 500,Benchmark,Train,0.3109838185490679,0.0967109353993596,0.6057813876898794
2015-08-06,2015-08-07,^GSPC,S&P 500,Benchmark,Train,-0.7783195922562142,0.6057813876898794,0.0828877260731497
2015-08-07,2015-08-10,^GSPC,S&P 500,Benchmark,Train,-0.2879022856337714,0.0828877260731497,1.6197234520458332
2015-08-10,2015-08-11,^GSPC,S&P 500,Benchmark,Train,1.2726835632025084,1.6197234520458332,0.922188512517642
2015-08-11,2015-08-12,^GSPC,S&P 500,Benchmark,Train,-0.9603064680182268,0.922188512517642,0.0090174706971058
2015-08-12,2015-08-13,^GSPC,S&P 500,Benchmark,Train,0.0949603638214694,0.0090174706971058,0.01628242016778
2015-08-13,2015-08-14,^GSPC,S&P 500,Benchmark,Train,-0.1276025868381203,0.01628242016778,0.1524381050860239
2015-08-14,2015-08-17,^GSPC,S&P 500,Benchmark,Train,0.3904332274359137,0.1524381050860239,0.2701807822267993
2015-08-17,2015-08-18,^GSPC,S&P 500,Benchmark,Train,0.5197891709402951,0.2701807822267993,0.0691155127585003
2015-08-18,2015-08-19,^GSPC,S&P 500,Benchmark,Train,-0.26289829356331,0.0691155127585003,0.687097824169085
2015-08-19,2015-08-20,^GSPC,S&P 500,Benchmark,Train,-0.8289136409597112,0.687097824169085,4.547965892918057
2015-08-20,2015-08-21,^GSPC,S&P 500,Benchmark,Train,-2.1325960454146156,4.547965892918057,10.47767861440166
2015-08-21,2015-08-24,^GSPC,S&P 500,Benchmark,Train,-3.2369242521878174,10.47767861440166,16.16960256433217
2015-08-24,2015-08-25,^GSPC,S&P 500,Benchmark,Train,-4.021144434651927,16.16960256433217,1.8534779605540617
2015-08-25,2015-08-26,^GSPC,S&P 500,Benchmark,Train,-1.3614249742655895,1.8534779605540617,14.662236123849633
2015-08-26,2015-08-27,^GSPC,S&P 500,Benchmark,Train,3.829129943453164,14.662236123849633,5.763482681327427
2015-08-27,2015-08-28,^GSPC,S&P 500,Benchmark,Train,2.400725448969004,5.763482681327427,0.0037033451053538
2015-08-28,2015-08-31,^GSPC,S&P 500,Benchmark,Train,0.0608551156876215,0.0037033451053538,0.7101565480897528
2015-08-31,2015-09-01,^GSPC,S&P 500,Benchmark,Train,-0.8427078663984054,0.7101565480897528,9.013595035610416
2015-09-01,2015-09-02,^GSPC,S&P 500,Benchmark,Train,-3.0022649842427995,9.013595035610416,3.286124712280326
2015-09-02,2015-09-03,^GSPC,S&P 500,Benchmark,Train,1.8127671423214635,3.286124712280326,0.0135516536163353
2015-09-03,2015-09-04,^GSPC,S&P 500,Benchmark,Train,0.1164115699418892,0.0135516536163353,2.3865024336744787
2015-09-04,2015-09-08,^GSPC,S&P 500,Benchmark,Train,-1.544830875427624,2.3865024336744787,6.137330999704897
2015-09-08,2015-09-09,^GSPC,S&P 500,Benchmark,Train,2.4773637197038503,6.137330999704897,1.9586102617796068
2015-09-09,2015-09-10,^GSPC,S&P 500,Benchmark,Train,-1.3995035769084718,1.9586102617796068,0.2771049028997454
2015-09-10,2015-09-11,^GSPC,S&P 500,Benchmark,Train,0.5264075444935657,0.2771049028997454,0.2004358670844869
2015-09-11,2015-09-14,^GSPC,S&P 500,Benchmark,Train,0.447700644498628,0.2004358670844869,0.167939418657664
2015-09-14,2015-09-15,^GSPC,S&P 500,Benchmark,Train,-0.409804122304381,0.167939418657664,1.625545346990993
2015-09-15,2015-09-16,^GSPC,S&P 500,Benchmark,Train,1.274968763143236,1.625545346990993,0.751297291089851
2015-09-16,2015-09-17,^GSPC,S&P 500,Benchmark,Train,0.8667740715375899,0.751297291089851,0.0657586242008886
2015-09-17,2015-09-18,^GSPC,S&P 500,Benchmark,Train,-0.2564344442560098,0.0657586242008886,2.6556714331860825
2015-09-18,2015-09-21,^GSPC,S&P 500,Benchmark,Train,-1.629623095438354,2.6556714331860825,0.2075159658044866
2015-09-21,2015-09-22,^GSPC,S&P 500,Benchmark,Train,0.4555392033672696,0.2075159658044866,1.536342901852857
2015-09-22,2015-09-23,^GSPC,S&P 500,Benchmark,Train,-1.2394930019378314,1.536342901852857,0.0420555189521287
2015-09-23,2015-09-24,^GSPC,S&P 500,Benchmark,Train,-0.2050744229593946,0.0420555189521287,0.1134781543005638
2015-09-24,2015-09-25,^GSPC,S&P 500,Benchmark,Train,-0.336865187130644,0.1134781543005638,0.0021706448838055
2015-09-25,2015-09-28,^GSPC,S&P 500,Benchmark,Train,-0.0465901801220549,0.0021706448838055,6.76062981932989
2015-09-28,2015-09-29,^GSPC,S&P 500,Benchmark,Train,-2.600121116280911,6.76062981932989,0.0151805541040658
2015-09-29,2015-09-30,^GSPC,S&P 500,Benchmark,Train,0.1232093912981713,0.0151805541040658,3.5705498403621423
2015-09-30,2015-10-01,^GSPC,S&P 500,Benchmark,Train,1.889589860356512,3.5705498403621423,0.0388854215112215
2015-10-01,2015-10-02,^GSPC,S&P 500,Benchmark,Train,0.1971938678337172,0.0388854215112215,2.0203191191321808
2015-10-02,2015-10-05,^GSPC,S&P 500,Benchmark,Train,1.4213793016405512,2.0203191191321808,3.285008902109304
2015-10-05,2015-10-06,^GSPC,S&P 500,Benchmark,Train,1.8124593518502157,3.285008902109304,0.1292179148089738
2015-10-06,2015-10-07,^GSPC,S&P 500,Benchmark,Train,-0.35946893441433,0.1292179148089738,0.6405633011024133
2015-10-07,2015-10-08,^GSPC,S&P 500,Benchmark,Train,0.8003519857552759,0.6405633011024133,0.7708453938678346
2015-10-08,2015-10-09,^GSPC,S&P 500,Benchmark,Train,0.8779780144558488,0.7708453938678346,0.0052540543568118
2015-10-09,2015-10-12,^GSPC,S&P 500,Benchmark,Train,0.0724848560515357,0.0052540543568118,0.0162476952977419
2015-10-12,2015-10-13,^GSPC,S&P 500,Benchmark,Train,0.1274664477332838,0.0162476952977419,0.4690638593844587
2015-10-13,2015-10-14,^GSPC,S&P 500,Benchmark,Train,-0.6848823690127077,0.4690638593844587,0.2234860302715776
2015-10-14,2015-10-15,^GSPC,S&P 500,Benchmark,Train,-0.4727430911939143,0.2234860302715776,2.1737230645004444
2015-10-15,2015-10-16,^GSPC,S&P 500,Benchmark,Train,1.4743551351355089,2.1737230645004444,0.2079415973188357
2015-10-16,2015-10-19,^GSPC,S&P 500,Benchmark,Train,0.4560061373697022,0.2079415973188357,0.0007317508871531
2015-10-19,2015-10-20,^GSPC,S&P 500,Benchmark,Train,0.0270508943873059,0.0007317508871531,0.0202237141317415
2015-10-20,2015-10-21,^GSPC,S&P 500,Benchmark,Train,-0.1422101055893761,0.0202237141317415,0.3413420927921383
2015-10-21,2015-10-22,^GSPC,S&P 500,Benchmark,Train,-0.5842448911134254,0.3413420927921383,2.719480351927845
2015-10-22,2015-10-23,^GSPC,S&P 500,Benchmark,Train,1.6490847012594123,2.719480351927845,1.203398900829176
2015-10-23,2015-10-26,^GSPC,S&P 500,Benchmark,Train,1.0969953969042787,1.203398900829176,0.0366696839870227
2015-10-26,2015-10-27,^GSPC,S&P 500,Benchmark,Train,-0.191493300110011,0.0366696839870227,0.0654022246295056
2015-10-27,2015-10-28,^GSPC,S&P 500,Benchmark,Train,-0.255738586508774,0.0654022246295056,1.385443992495181
2015-10-28,2015-10-29,^GSPC,S&P 500,Benchmark,Train,1.1770488488143476,1.385443992495181,0.0020238785812463
2015-10-29,2015-10-30,^GSPC,S&P 500,Benchmark,Train,-0.0449875380660723,0.0020238785812463,0.2324668567182174
2015-10-30,2015-11-02,^GSPC,S&P 500,Benchmark,Train,-0.4821481688425431,0.2324668567182174,1.3933149662202733
2015-11-02,2015-11-03,^GSPC,S&P 500,Benchmark,Train,1.1803876338814607,1.3933149662202733,0.0742209886032395
2015-11-03,2015-11-04,^GSPC,S&P 500,Benchmark,Train,0.2724352925067521,0.0742209886032395,0.1261433805018281
2015-11-04,2015-11-05,^GSPC,S&P 500,Benchmark,Train,-0.3551666939647187,0.1261433805018281,0.0128321263242748
2015-11-05,2015-11-06,^GSPC,S&P 500,Benchmark,Train,-0.1132789756498302,0.0128321263242748,0.0012088262016042
2015-11-06,2015-11-09,^GSPC,S&P 500,Benchmark,Train,-0.034768178002366,0.0012088262016042,0.974423792251538
2015-11-09,2015-11-10,^GSPC,S&P 500,Benchmark,Train,-0.9871290656502512,0.974423792251538,0.0227845486027568
2015-11-10,2015-11-11,^GSPC,S&P 500,Benchmark,Train,0.1509455153449644,0.0227845486027568,0.1045427623571134
2015-11-11,2015-11-12,^GSPC,S&P 500,Benchmark,Train,-0.3233307321568945,0.1045427623571134,1.9850452352631431
2015-11-12,2015-11-13,^GSPC,S&P 500,Benchmark,Train,-1.4089163336632673,1.9850452352631431,1.2702733575093694
2015-11-13,2015-11-16,^GSPC,S&P 500,Benchmark,Train,-1.127064043215544,1.2702733575093694,2.1884180756190217
2015-11-16,2015-11-17,^GSPC,S&P 500,Benchmark,Train,1.4793302794234362,2.1884180756190217,0.0179634248563992
2015-11-17,2015-11-18,^GSPC,S&P 500,Benchmark,Train,-0.1340277018246574,0.0179634248563992,2.5706446029424868
2015-11-18,2015-11-19,^GSPC,S&P 500,Benchmark,Train,1.6033229877172244,2.5706446029424868,0.0126279232697428
2015-11-19,2015-11-20,^GSPC,S&P 500,Benchmark,Train,-0.1123740328979201,0.0126279232697428,0.1446246886281632
2015-11-20,2015-11-23,^GSPC,S&P 500,Benchmark,Train,0.3802955280149416,0.1446246886281632,0.0152676627813814
2015-11-23,2015-11-24,^GSPC,S&P 500,Benchmark,Train,-0.1235623841684088,0.0152676627813814,0.0149145142806673
2015-11-24,2015-11-25,^GSPC,S&P 500,Benchmark,Train,0.1221249944960792,0.0149145142806673,0.0001667729843409
2015-11-25,2015-11-27,^GSPC,S&P 500,Benchmark,Train,-0.0129140614967155,0.0001667729843409,0.0035217288451905
2015-11-27,2015-11-30,^GSPC,S&P 500,Benchmark,Train,0.0593441559480839,0.0035217288451905,0.2163924453895414
2015-11-30,2015-12-01,^GSPC,S&P 500,Benchmark,Train,-0.4651800139618441,0.2163924453895414,1.1286807874404243
2015-12-01,2015-12-02,^GSPC,S&P 500,Benchmark,Train,1.062393894673922,1.1286807874404243,1.2224824079471606
2015-12-02,2015-12-03,^GSPC,S&P 500,Benchmark,Train,-1.105659263944892,1.2224824079471606,2.096074585469316
2015-12-03,2015-12-04,^GSPC,S&P 500,Benchmark,Train,-1.4477826444150088,2.096074585469316,4.128152872220899
2015-12-04,2015-12-07,^GSPC,S&P 500,Benchmark,Train,2.031785636385123,4.128152872220899,0.4919681267839214
2015-12-07,2015-12-08,^GSPC,S&P 500,Benchmark,Train,-0.7014043960397749,0.4919681267839214,0.4239380629326165
2015-12-08,2015-12-09,^GSPC,S&P 500,Benchmark,Train,-0.6511052625594548,0.4239380629326165,0.603587029575926
2015-12-09,2015-12-10,^GSPC,S&P 500,Benchmark,Train,-0.7769086365692726,0.603587029575926,0.0505735591108855
2015-12-10,2015-12-11,^GSPC,S&P 500,Benchmark,Train,0.2248856578594677,0.0505735591108855,3.847038083426119
2015-12-11,2015-12-14,^GSPC,S&P 500,Benchmark,Train,-1.961386775581532,3.847038083426119,0.2250826923485832
2015-12-14,2015-12-15,^GSPC,S&P 500,Benchmark,Train,0.4744288064068024,0.2250826923485832,1.1156809849385836
2015-12-15,2015-12-16,^GSPC,S&P 500,Benchmark,Train,1.0562580105914383,1.1156809849385836,2.076664198592861
2015-12-16,2015-12-17,^GSPC,S&P 500,Benchmark,Train,1.4410635650771484,2.076664198592861,2.2966725488330257
2015-12-17,2015-12-18,^GSPC,S&P 500,Benchmark,Train,-1.5154776635876313,2.2966725488330257,3.2247162693027054
2015-12-18,2015-12-21,^GSPC,S&P 500,Benchmark,Train,-1.7957495007106936,3.2247162693027054,0.6003625713809403
2015-12-21,2015-12-22,^GSPC,S&P 500,Benchmark,Train,0.77483067271562,0.6003625713809403,0.7705496221472116
2015-12-22,2015-12-23,^GSPC,S&P 500,Benchmark,Train,0.8778095591568889,0.7705496221472116,1.523150048489302
2015-12-23,2015-12-24,^GSPC,S&P 500,Benchmark,Train,1.2341596527553889,1.523150048489302,0.0255972929951912
2015-12-24,2015-12-28,^GSPC,S&P 500,Benchmark,Train,-0.1599915403863319,0.0255972929951912,0.0475648382644464
2015-12-28,2015-12-29,^GSPC,S&P 500,Benchmark,Train,-0.2180936456306016,0.0475648382644464,1.1180237404386906
2015-12-29,2015-12-30,^GSPC,S&P 500,Benchmark,Train,1.0573664173022947,1.1180237404386906,0.5246682594084455
2015-12-30,2015-12-31,^GSPC,S&P 500,Benchmark,Train,-0.7243398783778549,0.5246682594084455,0.8942510933950513
2015-12-31,2016-01-04,^GSPC,S&P 500,Benchmark,Train,-0.9456485041467846,0.8942510933950513,2.378393732132731
2016-01-04,2016-01-05,^GSPC,S&P 500,Benchmark,Train,-1.5422041797805928,2.378393732132731,0.0404092068189983
2016-01-05,2016-01-06,^GSPC,S&P 500,Benchmark,Train,0.2010204139359939,0.0404092068189983,1.7429710794790727
2016-01-06,2016-01-07,^GSPC,S&P 500,Benchmark,Train,-1.320216300262602,1.7429710794790727,5.753193940996727
2016-01-07,2016-01-08,^GSPC,S&P 500,Benchmark,Train,-2.3985816519344776,5.753193940996727,1.1875632238365732
2016-01-08,2016-01-11,^GSPC,S&P 500,Benchmark,Train,-1.089753744584791,1.1875632238365732,0.0072745256108313
2016-01-11,2016-01-12,^GSPC,S&P 500,Benchmark,Train,0.0852908295822672,0.0072745256108313,0.6041197571100949
2016-01-12,2016-01-13,^GSPC,S&P 500,Benchmark,Train,0.7772514117774859,0.6041197571100949,6.391984895800752
2016-01-13,2016-01-14,^GSPC,S&P 500,Benchmark,Train,-2.528237507790902,6.391984895800752,2.741693819067726
2016-01-14,2016-01-15,^GSPC,S&P 500,Benchmark,Train,1.6558060934383971,2.741693819067726,4.768009693258134
2016-01-15,2016-01-19,^GSPC,S&P 500,Benchmark,Train,-2.1835772698162375,4.768009693258134,0.0028268382170435
2016-01-19,2016-01-20,^GSPC,S&P 500,Benchmark,Train,0.0531680187428828,0.0028268382170435,1.38362664580029
2016-01-20,2016-01-21,^GSPC,S&P 500,Benchmark,Train,-1.1762766025898372,1.38362664580029,0.2685300622309486
2016-01-21,2016-01-22,^GSPC,S&P 500,Benchmark,Train,0.5181988635948063,0.2685300622309486,4.032355921180507
2016-01-22,2016-01-25,^GSPC,S&P 500,Benchmark,Train,2.008072688221347,4.032355921180507,2.484263062348917
2016-01-25,2016-01-26,^GSPC,S&P 500,Benchmark,Train,-1.5761545172821467,2.484263062348917,1.972687057115978
2016-01-26,2016-01-27,^GSPC,S&P 500,Benchmark,Train,1.4045237830367907,1.972687057115978,1.193102315833812
2016-01-27,2016-01-28,^GSPC,S&P 500,Benchmark,Train,-1.0922922300528426,1.193102315833812,0.3039703613516697
2016-01-28,2016-01-29,^GSPC,S&P 500,Benchmark,Train,0.5513350717591524,0.3039703613516697,5.982256084735163
2016-01-29,2016-02-01,^GSPC,S&P 500,Benchmark,Train,2.4458650994556432,5.982256084735163,0.0019654578527157
2016-02-01,2016-02-02,^GSPC,S&P 500,Benchmark,Train,-0.0443334845541805,0.0019654578527157,3.580030572362923
2016-02-02,2016-02-03,^GSPC,S&P 500,Benchmark,Train,-1.892096871823143,3.580030572362923,0.2479661555926087
2016-02-03,2016-02-04,^GSPC,S&P 500,Benchmark,Train,0.4979620021574023,0.2479661555926087,0.0232735861515287
2016-02-04,2016-02-05,^GSPC,S&P 500,Benchmark,Train,0.1525568292523437,0.0232735861515287,3.479776209991862
2016-02-05,2016-02-08,^GSPC,S&P 500,Benchmark,Train,-1.8654158276351849,3.479776209991862,2.032066763897201
2016-02-08,2016-02-09,^GSPC,S&P 500,Benchmark,Train,-1.4255057923057348,2.032066763897201,0.0044068440429103
2016-02-09,2016-02-10,^GSPC,S&P 500,Benchmark,Train,-0.0663840646760225,0.0044068440429103,0.0003570895444327
2016-02-10,2016-02-11,^GSPC,S&P 500,Benchmark,Train,-0.0188968130760916,0.0003570895444327,1.532012023885118
2016-02-11,2016-02-12,^GSPC,S&P 500,Benchmark,Train,-1.2377447329256217,1.532012023885118,3.7364948790462766
2016-02-12,2016-02-16,^GSPC,S&P 500,Benchmark,Train,1.933001520704595,3.7364948790462766,2.6836133143734404
2016-02-16,2016-02-17,^GSPC,S&P 500,Benchmark,Train,1.6381737741684916,2.6836133143734404,2.671953325857046
2016-02-17,2016-02-18,^GSPC,S&P 500,Benchmark,Train,1.6346110625641337,2.671953325857046,0.2187088802261803
2016-02-18,2016-02-19,^GSPC,S&P 500,Benchmark,Train,-0.4676632123934705,0.2187088802261803,6.777317613741647e-06
2016-02-19,2016-02-22,^GSPC,S&P 500,Benchmark,Train,-0.0026033281801842,6.777317613741647e-06,2.059434830779894
2016-02-22,2016-02-23,^GSPC,S&P 500,Benchmark,Train,1.4350731099076084,2.059434830779894,1.5706550056783073
2016-02-23,2016-02-24,^GSPC,S&P 500,Benchmark,Train,-1.253257757078849,1.5706550056783073,0.1962454590843629
2016-02-24,2016-02-25,^GSPC,S&P 500,Benchmark,Train,0.4429960034631948,0.1962454590843629,1.273369325073059
2016-02-25,2016-02-26,^GSPC,S&P 500,Benchmark,Train,1.1284366730450843,1.273369325073059,0.0350387981202618
2016-02-26,2016-02-29,^GSPC,S&P 500,Benchmark,Train,-0.1871865329564653,0.0350387981202618,0.6648985385853634
2016-02-29,2016-03-01,^GSPC,S&P 500,Benchmark,Train,-0.8154131091571704,0.6648985385853634,5.564119258553097
2016-03-01,2016-03-02,^GSPC,S&P 500,Benchmark,Train,2.3588385401618943,5.564119258553097,0.16694986267437
2016-03-02,2016-03-03,^GSPC,S&P 500,Benchmark,Train,0.40859498611017,0.16694986267437,0.1219849449545575
2016-03-03,2016-03-04,^GSPC,S&P 500,Benchmark,Train,0.3492634320316937,0.1219849449545575,0.1089290330869725
2016-03-04,2016-03-07,^GSPC,S&P 500,Benchmark,Train,0.3300439865941698,0.1089290330869725,0.0078255749980837
2016-03-07,2016-03-08,^GSPC,S&P 500,Benchmark,Train,0.0884622800863948,0.0078255749980837,1.2777490097369657
2016-03-08,2016-03-09,^GSPC,S&P 500,Benchmark,Train,-1.130375605600619,1.2777490097369657,0.2539830175783873
2016-03-09,2016-03-10,^GSPC,S&P 500,Benchmark,Train,0.5039672782814251,0.2539830175783873,0.0002427139563529
2016-03-10,2016-03-11,^GSPC,S&P 500,Benchmark,Train,0.0155792797122626,0.0002427139563529,2.64470389029473
2016-03-11,2016-03-14,^GSPC,S&P 500,Benchmark,Train,1.626254558885149,2.64470389029473,0.0159206004186632
2016-03-14,2016-03-15,^GSPC,S&P 500,Benchmark,Train,-0.1261768616611746,0.0159206004186632,0.0338056371263093
2016-03-15,2016-03-16,^GSPC,S&P 500,Benchmark,Train,-0.1838630934317958,0.0338056371263093,0.3118918551352754
2016-03-16,2016-03-17,^GSPC,S&P 500,Benchmark,Train,0.5584727881779697,0.3118918551352754,0.4321199435973624
2016-03-17,2016-03-18,^GSPC,S&P 500,Benchmark,Train,0.6573583068596323,0.4321199435973624,0.1932452807209465
2016-03-18,2016-03-21,^GSPC,S&P 500,Benchmark,Train,0.4395967251026177,0.1932452807209465,0.0097040605990223
2016-03-21,2016-03-22,^GSPC,S&P 500,Benchmark,Train,0.0985091904292301,0.0097040605990223,0.0077048525830794
2016-03-22,2016-03-23,^GSPC,S&P 500,Benchmark,Train,-0.0877772896772251,0.0077048525830794,0.4104336436652865
2016-03-23,2016-03-24,^GSPC,S&P 500,Benchmark,Train,-0.640650953066712,0.4104336436652865,0.0014299120531026
2016-03-24,2016-03-28,^GSPC,S&P 500,Benchmark,Train,-0.0378141779376819,0.0014299120531026,0.0029714151942393
2016-03-28,2016-03-29,^GSPC,S&P 500,Benchmark,Train,0.0545106888072358,0.0029714151942393,0.7705349562433726
2016-03-29,2016-03-30,^GSPC,S&P 500,Benchmark,Train,0.877801205423741,0.7705349562433726,0.1884323911854346
2016-03-30,2016-03-31,^GSPC,S&P 500,Benchmark,Train,0.4340879993566219,0.1884323911854346,0.0416912022154147
2016-03-31,2016-04-01,^GSPC,S&P 500,Benchmark,Train,-0.2041842359620711,0.0416912022154147,0.3982820434029766
2016-04-01,2016-04-04,^GSPC,S&P 500,Benchmark,Train,0.6310959066599756,0.3982820434029766,0.1032645400510579
2016-04-04,2016-04-05,^GSPC,S&P 500,Benchmark,Train,-0.3213480045854618,0.1032645400510579,1.0396450130236368
2016-04-05,2016-04-06,^GSPC,S&P 500,Benchmark,Train,-1.019629841179453,1.0396450130236368,1.0926098460749856
2016-04-06,2016-04-07,^GSPC,S&P 500,Benchmark,Train,1.0452797932013158,1.0926098460749856,1.4515608638670885
2016-04-07,2016-04-08,^GSPC,S&P 500,Benchmark,Train,-1.204807397000487,1.4515608638670885,0.0774343378573947
2016-04-08,2016-04-11,^GSPC,S&P 500,Benchmark,Train,0.2782702604616504,0.0774343378573947,0.075270440483627
2016-04-11,2016-04-12,^GSPC,S&P 500,Benchmark,Train,-0.2743545889603945,0.075270440483627,0.9246272270746636
2016-04-12,2016-04-13,^GSPC,S&P 500,Benchmark,Train,0.9615753881389976,0.9246272270746636,0.998014939806544
2016-04-13,2016-04-14,^GSPC,S&P 500,Benchmark,Train,0.9990069768557897,0.998014939806544,0.000298987084943
2016-04-14,2016-04-15,^GSPC,S&P 500,Benchmark,Train,0.0172912430132425,0.000298987084943,0.0096977111810269
2016-04-15,2016-04-18,^GSPC,S&P 500,Benchmark,Train,-0.0984769576145959,0.0096977111810269,0.4250682207921356
2016-04-18,2016-04-19,^GSPC,S&P 500,Benchmark,Train,0.6519725613797989,0.4250682207921356,0.0948478555035274
2016-04-19,2016-04-20,^GSPC,S&P 500,Benchmark,Train,0.3079737902866533,0.0948478555035274,0.0057950924998502
2016-04-20,2016-04-21,^GSPC,S&P 500,Benchmark,Train,0.07612550492345,0.0057950924998502,0.2711871091264757
2016-04-21,2016-04-22,^GSPC,S&P 500,Benchmark,Train,-0.5207562857292034,0.2711871091264757,2.2904436356575554e-05
2016-04-22,2016-04-25,^GSPC,S&P 500,Benchmark,Train,0.0047858579540742,2.2904436356575554e-05,0.0328947004046341
2016-04-25,2016-04-26,^GSPC,S&P 500,Benchmark,Train,-0.1813689620762995,0.0328947004046341,0.0350064165199462
2016-04-26,2016-04-27,^GSPC,S&P 500,Benchmark,Train,0.187100017423693,0.0350064165199462,0.0271588459235225
2016-04-27,2016-04-28,^GSPC,S&P 500,Benchmark,Train,0.164799411174684,0.0271588459235225,0.8600032580229706
2016-04-28,2016-04-29,^GSPC,S&P 500,Benchmark,Train,-0.9273636061561672,0.8600032580229706,0.25765260591194
2016-04-29,2016-05-02,^GSPC,S&P 500,Benchmark,Train,-0.5075949230557177,0.25765260591194,0.6052228036380533
2016-05-02,2016-05-03,^GSPC,S&P 500,Benchmark,Train,0.7779606697244105,0.6052228036380533,0.759424995903523
2016-05-03,2016-05-04,^GSPC,S&P 500,Benchmark,Train,-0.8714499388395888,0.759424995903523,0.3545705519631279
2016-05-04,2016-05-05,^GSPC,S&P 500,Benchmark,Train,-0.595458270547255,0.3545705519631279,0.0005713854050196
2016-05-05,2016-05-06,^GSPC,S&P 500,Benchmark,Train,-0.0239036692794152,0.0005713854050196,0.1004643106119206
2016-05-06,2016-05-09,^GSPC,S&P 500,Benchmark,Train,0.3169610553552606,0.1004643106119206,0.0056733028676071
2016-05-09,2016-05-10,^GSPC,S&P 500,Benchmark,Train,0.0753213307609947,0.0056733028676071,1.5391789836995569
2016-05-10,2016-05-11,^GSPC,S&P 500,Benchmark,Train,1.240636523603733,1.5391789836995569,0.9230449584877092
2016-05-11,2016-05-12,^GSPC,S&P 500,Benchmark,Train,-0.9607522877868724,0.9230449584877092,0.0002872322226969
2016-05-12,2016-05-13,^GSPC,S&P 500,Benchmark,Train,-0.0169479267964244,0.0002872322226969,0.7249558909481774
2016-05-13,2016-05-16,^GSPC,S&P 500,Benchmark,Train,-0.8514434161752484,0.7249558909481774,0.9504254064522718
2016-05-16,2016-05-17,^GSPC,S&P 500,Benchmark,Train,0.9748976389612768,0.9504254064522718,0.8941335551712101
2016-05-17,2016-05-18,^GSPC,S&P 500,Benchmark,Train,-0.9455863552162806,0.8941335551712101,0.0004208967628952
2016-05-18,2016-05-19,^GSPC,S&P 500,Benchmark,Train,0.0205157686401279,0.0004208967628952,0.1379078427918062
2016-05-19,2016-05-20,^GSPC,S&P 500,Benchmark,Train,-0.3713594522720624,0.1379078427918062,0.3601751280298725
2016-05-20,2016-05-23,^GSPC,S&P 500,Benchmark,Train,0.6001459222804671,0.3601751280298725,0.0435822644047539
2016-05-23,2016-05-24,^GSPC,S&P 500,Benchmark,Train,-0.2087636568101688,0.0435822644047539,1.846510700301648
2016-05-24,2016-05-25,^GSPC,S&P 500,Benchmark,Train,1.3588637533990109,1.846510700301648,0.4830986243754071
2016-05-25,2016-05-26,^GSPC,S&P 500,Benchmark,Train,0.6950529651583447,0.4830986243754071,0.0004429595817254
2016-05-26,2016-05-27,^GSPC,S&P 500,Benchmark,Train,-0.021046604992859,0.0004429595817254,0.1829867399490576
2016-05-27,2016-05-31,^GSPC,S&P 500,Benchmark,Train,0.4277694939439437,0.1829867399490576,0.0101157051816349
2016-05-31,2016-06-01,^GSPC,S&P 500,Benchmark,Train,-0.1005768620589989,0.0101157051816349,0.0128686030602954
2016-06-01,2016-06-02,^GSPC,S&P 500,Benchmark,Train,0.1134398653926189,0.0128686030602954,0.0795632686645061
2016-06-02,2016-06-03,^GSPC,S&P 500,Benchmark,Train,0.2820696166986195,0.0795632686645061,0.0850341896827777
2016-06-03,2016-06-06,^GSPC,S&P 500,Benchmark,Train,-0.2916062236694851,0.0850341896827777,0.2386643474210757
2016-06-06,2016-06-07,^GSPC,S&P 500,Benchmark,Train,0.4885328519363623,0.2386643474210757,0.0166053023981236
2016-06-07,2016-06-08,^GSPC,S&P 500,Benchmark,Train,0.1288615629197613,0.0166053023981236,0.1091708984107509
2016-06-08,2016-06-09,^GSPC,S&P 500,Benchmark,Train,0.3304101971954724,0.1091708984107509,0.0295577104106527
2016-06-09,2016-06-10,^GSPC,S&P 500,Benchmark,Train,-0.1719235597893807,0.0295577104106527,0.8496290373246281
2016-06-10,2016-06-13,^GSPC,S&P 500,Benchmark,Train,-0.9217532410166118,0.8496290373246281,0.6639477316638095
2016-06-13,2016-06-14,^GSPC,S&P 500,Benchmark,Train,-0.8148298789709478,0.6639477316638095,0.0324181851419655
2016-06-14,2016-06-15,^GSPC,S&P 500,Benchmark,Train,-0.1800505071971903,0.0324181851419655,0.0339447115840995
2016-06-15,2016-06-16,^GSPC,S&P 500,Benchmark,Train,-0.1842409063810195,0.0339447115840995,0.0978496651137076
2016-06-16,2016-06-17,^GSPC,S&P 500,Benchmark,Train,0.3128093111045572,0.0978496651137076,0.1064902340845598
2016-06-17,2016-06-20,^GSPC,S&P 500,Benchmark,Train,-0.3263284144608922,0.1064902340845598,0.3354011448621569
2016-06-20,2016-06-21,^GSPC,S&P 500,Benchmark,Train,0.5791382778423102,0.3354011448621569,0.0733537966497139
2016-06-21,2016-06-22,^GSPC,S&P 500,Benchmark,Train,0.2708390604209703,0.0733537966497139,0.0273217426772124
2016-06-22,2016-06-23,^GSPC,S&P 500,Benchmark,Train,-0.165292899657585,0.0273217426772124,1.7624068108197872
2016-06-23,2016-06-24,^GSPC,S&P 500,Benchmark,Train,1.3275567071955108,1.7624068108197872,13.381544022849656
2016-06-24,2016-06-27,^GSPC,S&P 500,Benchmark,Train,-3.6580792805582623,13.381544022849656,3.335096476541995
2016-06-27,2016-06-28,^GSPC,S&P 500,Benchmark,Train,-1.8262246511702755,3.335096476541995,3.102572798835967
2016-06-28,2016-06-29,^GSPC,S&P 500,Benchmark,Train,1.7614121604087918,3.102572798835967,2.8524652814204985
2016-06-29,2016-06-30,^GSPC,S&P 500,Benchmark,Train,1.6889242971253915,2.8524652814204985,1.8154498817054128
2016-06-30,2016-07-01,^GSPC,S&P 500,Benchmark,Train,1.3473863149466128,1.8154498817054128,0.0378966539133047
2016-07-01,2016-07-05,^GSPC,S&P 500,Benchmark,Train,0.1946706293032022,0.0378966539133047,0.4721103932093777
2016-07-05,2016-07-06,^GSPC,S&P 500,Benchmark,Train,-0.6871028985598719,0.4721103932093777,0.2850157950620322
2016-07-06,2016-07-07,^GSPC,S&P 500,Benchmark,Train,0.5338687058275959,0.2850157950620322,0.0076031055623588
2016-07-07,2016-07-08,^GSPC,S&P 500,Benchmark,Train,-0.0871957886733,0.0076031055623588,2.2916469250679277
2016-07-08,2016-07-11,^GSPC,S&P 500,Benchmark,Train,1.51381865659924,2.2916469250679277,0.1157917927010816
2016-07-11,2016-07-12,^GSPC,S&P 500,Benchmark,Train,0.3402819311998238,0.1157917927010816,0.4878802205848666
2016-07-12,2016-07-13,^GSPC,S&P 500,Benchmark,Train,0.6984842307345719,0.4878802205848666,0.0001815990048282
2016-07-13,2016-07-14,^GSPC,S&P 500,Benchmark,Train,0.0134758674981703,0.0001815990048282,0.275144603685628
2016-07-14,2016-07-15,^GSPC,S&P 500,Benchmark,Train,0.5245422801697,0.275144603685628,0.0086374543692697
2016-07-15,2016-07-18,^GSPC,S&P 500,Benchmark,Train,-0.0929379059871143,0.0086374543692697,0.0566183856173088
2016-07-18,2016-07-19,^GSPC,S&P 500,Benchmark,Train,0.2379461821868736,0.0566183856173088,0.020626833670134
2016-07-19,2016-07-20,^GSPC,S&P 500,Benchmark,Train,-0.1436204500415386,0.020626833670134,0.1815789631033619
2016-07-20,2016-07-21,^GSPC,S&P 500,Benchmark,Train,0.4261208315763991,0.1815789631033619,0.130976666264077
2016-07-21,2016-07-22,^GSPC,S&P 500,Benchmark,Train,-0.3619069856524975,0.130976666264077,0.2064454440235516
2016-07-22,2016-07-25,^GSPC,S&P 500,Benchmark,Train,0.4543626789510244,0.2064454440235516,0.0909636903960713
2016-07-25,2016-07-26,^GSPC,S&P 500,Benchmark,Train,-0.30160187399297,0.0909636903960713,0.0010415604756262
2016-07-26,2016-07-27,^GSPC,S&P 500,Benchmark,Train,0.0322732160719412,0.0010415604756262,0.0143822681854034
2016-07-27,2016-07-28,^GSPC,S&P 500,Benchmark,Train,-0.1199260946808637,0.0143822681854034,0.0257576964470528
2016-07-28,2016-07-29,^GSPC,S&P 500,Benchmark,Train,0.1604920448092453,0.0257576964470528,0.0265683518395994
2016-07-29,2016-08-01,^GSPC,S&P 500,Benchmark,Train,0.1629980117657865,0.0265683518395994,0.0161440948763852
2016-08-01,2016-08-02,^GSPC,S&P 500,Benchmark,Train,-0.1270594147491058,0.0161440948763852,0.4072916853639327
2016-08-02,2016-08-03,^GSPC,S&P 500,Benchmark,Train,-0.6381940812667669,0.4072916853639327,0.0979090831899758
2016-08-03,2016-08-04,^GSPC,S&P 500,Benchmark,Train,0.3129042716071097,0.0979090831899758,0.000451772047133
2016-08-04,2016-08-05,^GSPC,S&P 500,Benchmark,Train,0.0212549299489087,0.000451772047133,0.7338830244787167
2016-08-05,2016-08-08,^GSPC,S&P 500,Benchmark,Train,0.856669728938006,0.7338830244787167,0.0082369654012198
2016-08-08,2016-08-09,^GSPC,S&P 500,Benchmark,Train,-0.0907577291541599,0.0082369654012198,0.0015188010904524
2016-08-09,2016-08-10,^GSPC,S&P 500,Benchmark,Train,0.0389717986555982,0.0015188010904524,0.08229996591479
2016-08-10,2016-08-11,^GSPC,S&P 500,Benchmark,Train,-0.2868797063488285,0.08229996591479,0.2231065022999269
2016-08-11,2016-08-12,^GSPC,S&P 500,Benchmark,Train,0.4723415102443644,0.2231065022999269,0.0063419464401722
2016-08-12,2016-08-15,^GSPC,S&P 500,Benchmark,Train,-0.0796363386914057,0.0063419464401722,0.0777861189110795
2016-08-15,2016-08-16,^GSPC,S&P 500,Benchmark,Train,0.2789016294521772,0.0777861189110795,0.3018559869488827
2016-08-16,2016-08-17,^GSPC,S&P 500,Benchmark,Train,-0.5494142216478226,0.3018559869488827,0.0348511401069898
2016-08-17,2016-08-18,^GSPC,S&P 500,Benchmark,Train,0.1866846006155566,0.0348511401069898,0.0482769529458579
2016-08-18,2016-08-19,^GSPC,S&P 500,Benchmark,Train,0.2197201696382422,0.0482769529458579,0.0207737327302273
2016-08-19,2016-08-22,^GSPC,S&P 500,Benchmark,Train,-0.1441309568768186,0.0207737327302273,0.0031751183283335
2016-08-22,2016-08-23,^GSPC,S&P 500,Benchmark,Train,-0.0563481883323107,0.0031751183283335,0.0380198201325234
2016-08-23,2016-08-24,^GSPC,S&P 500,Benchmark,Train,0.1949867178361733,0.0380198201325234,0.2760509667168568
2016-08-24,2016-08-25,^GSPC,S&P 500,Benchmark,Train,-0.5254055259671874,0.2760509667168568,0.0186639422936246
2016-08-25,2016-08-26,^GSPC,S&P 500,Benchmark,Train,-0.1366160396645455,0.0186639422936246,0.0249660299846057
2016-08-26,2016-08-29,^GSPC,S&P 500,Benchmark,Train,-0.1580064238713278,0.0249660299846057,0.271902638377672
2016-08-29,2016-08-30,^GSPC,S&P 500,Benchmark,Train,0.5214428428674345,0.271902638377672,0.0382433775161244
2016-08-30,2016-08-31,^GSPC,S&P 500,Benchmark,Train,-0.1955591407122778,0.0382433775161244,0.0565817137568265
2016-08-31,2016-09-01,^GSPC,S&P 500,Benchmark,Train,-0.2378691105562606,0.0565817137568265,1.7127504567367363e-05
2016-09-01,2016-09-02,^GSPC,S&P 500,Benchmark,Train,-0.0041385389411442,1.7127504567367363e-05,0.1757488962467632
2016-09-02,2016-09-06,^GSPC,S&P 500,Benchmark,Train,0.4192241599034617,0.1757488962467632,0.0886397212975506
2016-09-06,2016-09-07,^GSPC,S&P 500,Benchmark,Train,0.2977242370005349,0.0886397212975506,0.0002143177074881
2016-09-07,2016-09-08,^GSPC,S&P 500,Benchmark,Train,-0.014639593829345,0.0002143177074881,0.0495279769482467
2016-09-08,2016-09-09,^GSPC,S&P 500,Benchmark,Train,-0.2225488192470288,0.0495279769482467,6.164167932188452
2016-09-09,2016-09-12,^GSPC,S&P 500,Benchmark,Train,-2.4827742410836415,6.164167932188452,2.1229618413222915
2016-09-12,2016-09-13,^GSPC,S&P 500,Benchmark,Train,1.4570387233434434,2.1229618413222915,2.232558416094164
2016-09-13,2016-09-14,^GSPC,S&P 500,Benchmark,Train,-1.4941748278210834,2.232558416094164,0.0034556691686031
2016-09-14,2016-09-15,^GSPC,S&P 500,Benchmark,Train,-0.0587849399812835,0.0034556691686031,1.0117375316365285
2016-09-15,2016-09-16,^GSPC,S&P 500,Benchmark,Train,1.005851644943989,1.0117375316365285,0.1428407446194298
2016-09-16,2016-09-19,^GSPC,S&P 500,Benchmark,Train,-0.37794277955721,0.1428407446194298,3.460803087359426e-06
2016-09-19,2016-09-20,^GSPC,S&P 500,Benchmark,Train,-0.0018603233824686,3.460803087359426e-06,0.0008945691231134
2016-09-20,2016-09-21,^GSPC,S&P 500,Benchmark,Train,0.0299093484234177,0.0008945691231134,1.1789617124523848
2016-09-21,2016-09-22,^GSPC,S&P 500,Benchmark,Train,1.085800033363595,1.1789617124523848,0.4197422641035147
2016-09-22,2016-09-23,^GSPC,S&P 500,Benchmark,Train,0.6478751917642122,0.4197422641035147,0.3310037988034963
2016-09-23,2016-09-26,^GSPC,S&P 500,Benchmark,Train,-0.5753292959718775,0.3310037988034963,0.7438803955651644
2016-09-26,2016-09-27,^GSPC,S&P 500,Benchmark,Train,-0.8624850117916046,0.7438803955651644,0.4126129013860825
2016-09-27,2016-09-28,^GSPC,S&P 500,Benchmark,Train,0.6423495165298114,0.4126129013860825,0.2790561557335069
2016-09-28,2016-09-29,^GSPC,S&P 500,Benchmark,Train,0.5282576603642458,0.2790561557335069,0.877056174007358
2016-09-29,2016-09-30,^GSPC,S&P 500,Benchmark,Train,-0.9365127730081196,0.877056174007358,0.62986327311301
2016-09-30,2016-10-03,^GSPC,S&P 500,Benchmark,Train,0.79363925880277,0.62986327311301,0.1066690742227254
2016-10-03,2016-10-04,^GSPC,S&P 500,Benchmark,Train,-0.3266023181527122,0.1066690742227254,0.2467984944326731
2016-10-04,2016-10-05,^GSPC,S&P 500,Benchmark,Train,-0.4967881786362002,0.2467984944326731,0.183825381827038
2016-10-05,2016-10-06,^GSPC,S&P 500,Benchmark,Train,0.4287486231196994,0.183825381827038,0.0023178818321066
2016-10-06,2016-10-07,^GSPC,S&P 500,Benchmark,Train,0.0481443852604502,0.0023178818321066,0.1061969558962245
2016-10-07,2016-10-10,^GSPC,S&P 500,Benchmark,Train,-0.3258787441614204,0.1061969558962245,0.2111706072532065
2016-10-10,2016-10-11,^GSPC,S&P 500,Benchmark,Train,0.4595330317324387,0.2111706072532065,1.5686504650712612
2016-10-11,2016-10-12,^GSPC,S&P 500,Benchmark,Train,-1.2524577697755963,1.5686504650712612,0.0131316062166206
2016-10-12,2016-10-13,^GSPC,S&P 500,Benchmark,Train,0.114593220639882,0.0131316062166206,0.0963529037298746
2016-10-13,2016-10-14,^GSPC,S&P 500,Benchmark,Train,-0.3104076412233994,0.0963529037298746,0.0004063617320858
2016-10-14,2016-10-17,^GSPC,S&P 500,Benchmark,Train,0.020158415912115,0.0004063617320858,0.092575249744984
2016-10-17,2016-10-18,^GSPC,S&P 500,Benchmark,Train,-0.3042618111840263,0.092575249744984,0.377180911048277
2016-10-18,2016-10-19,^GSPC,S&P 500,Benchmark,Train,0.6141505605698631,0.377180911048277,0.0479422622348623
2016-10-19,2016-10-20,^GSPC,S&P 500,Benchmark,Train,0.2189572155350499,0.0479422622348623,0.0189522340397771
2016-10-20,2016-10-21,^GSPC,S&P 500,Benchmark,Train,-0.1376671131380955,0.0189522340397771,7.080404611667413e-05
2016-10-21,2016-10-24,^GSPC,S&P 500,Benchmark,Train,-0.0084145140154779,7.080404611667413e-05,0.2245427923262727
2016-10-24,2016-10-25,^GSPC,S&P 500,Benchmark,Train,0.4738594647427365,0.2245427923262727,0.1447770130822464
2016-10-25,2016-10-26,^GSPC,S&P 500,Benchmark,Train,-0.3804957464706359,0.1447770130822464,0.0303431288261166
2016-10-26,2016-10-27,^GSPC,S&P 500,Benchmark,Train,-0.1741927921187231,0.0303431288261166,0.089472529481242
2016-10-27,2016-10-28,^GSPC,S&P 500,Benchmark,Train,-0.2991195906008866,0.089472529481242,0.096916415289448
2016-10-28,2016-10-31,^GSPC,S&P 500,Benchmark,Train,-0.311314013962507,0.096916415289448,0.0001495334833468
2016-10-31,2016-11-01,^GSPC,S&P 500,Benchmark,Train,-0.0122283884198553,0.0001495334833468,0.4637636026133692
2016-11-01,2016-11-02,^GSPC,S&P 500,Benchmark,Train,-0.6810019108735079,0.4637636026133692,0.428616960468777
2016-11-02,2016-11-03,^GSPC,S&P 500,Benchmark,Train,-0.6546884453454002,0.428616960468777,0.1965337770383356
2016-11-03,2016-11-04,^GSPC,S&P 500,Benchmark,Train,-0.4433213022609399,0.1965337770383356,0.0278062385650696
2016-11-04,2016-11-07,^GSPC,S&P 500,Benchmark,Train,-0.166752027169296,0.0278062385650696,4.83129180147169
2016-11-07,2016-11-08,^GSPC,S&P 500,Benchmark,Train,2.1980199729464904,4.83129180147169,0.1417430934538345
2016-11-08,2016-11-09,^GSPC,S&P 500,Benchmark,Train,0.376487839715753,0.1417430934538345,1.213548972029529
2016-11-09,2016-11-10,^GSPC,S&P 500,Benchmark,Train,1.1016119879656034,1.213548972029529,0.0379799962514337
2016-11-10,2016-11-11,^GSPC,S&P 500,Benchmark,Train,0.1948845716095396,0.0379799962514337,0.0195700052227173
2016-11-11,2016-11-14,^GSPC,S&P 500,Benchmark,Train,-0.1398928347797605,0.0195700052227173,0.0001334243469876
2016-11-14,2016-11-15,^GSPC,S&P 500,Benchmark,Train,-0.0115509457183237,0.0001334243469876,0.5554653856128849
2016-11-15,2016-11-16,^GSPC,S&P 500,Benchmark,Train,0.7452955022089459,0.5554653856128849,0.0250752457663763
2016-11-16,2016-11-17,^GSPC,S&P 500,Benchmark,Train,-0.1583516522375953,0.0250752457663763,0.2176660436027634
2016-11-17,2016-11-18,^GSPC,S&P 500,Benchmark,Train,0.4665469361197901,0.2176660436027634,0.0571043364886752
2016-11-18,2016-11-21,^GSPC,S&P 500,Benchmark,Train,-0.238965136554844,0.0571043364886752,0.5525992647851454
2016-11-21,2016-11-22,^GSPC,S&P 500,Benchmark,Train,0.7433702070873875,0.5525992647851454,0.0467896312244339
2016-11-22,2016-11-23,^GSPC,S&P 500,Benchmark,Train,0.2163091103593048,0.0467896312244339,0.0065237631267387
2016-11-23,2016-11-25,^GSPC,S&P 500,Benchmark,Train,0.0807698156908801,0.0065237631267387,0.1526266128800538
2016-11-25,2016-11-28,^GSPC,S&P 500,Benchmark,Train,0.3906745613423708,0.1526266128800538,0.2775592533940949
2016-11-28,2016-11-29,^GSPC,S&P 500,Benchmark,Train,-0.5268389254735216,0.2775592533940949,0.0178062964039089
2016-11-29,2016-11-30,^GSPC,S&P 500,Benchmark,Train,0.1334402353261901,0.0178062964039089,0.0705927997492366
2016-11-30,2016-12-01,^GSPC,S&P 500,Benchmark,Train,-0.2656930555156394,0.0705927997492366,0.1240253265463171
2016-12-01,2016-12-02,^GSPC,S&P 500,Benchmark,Train,-0.3521722966763813,0.1240253265463171,0.0015755161497157
2016-12-02,2016-12-05,^GSPC,S&P 500,Benchmark,Train,0.0396927720084623,0.0015755161497157,0.3369137194790698
2016-12-05,2016-12-06,^GSPC,S&P 500,Benchmark,Train,0.5804426926743671,0.3369137194790698,0.1159460024017108
2016-12-06,2016-12-07,^GSPC,S&P 500,Benchmark,Train,0.3405084468874609,0.1159460024017108,1.710173117381923
2016-12-07,2016-12-08,^GSPC,S&P 500,Benchmark,Train,1.307735874472335,1.710173117381923,0.0465271378300743
2016-12-08,2016-12-09,^GSPC,S&P 500,Benchmark,Train,0.2157015016871101,0.0465271378300743,0.350631974425972
2016-12-09,2016-12-12,^GSPC,S&P 500,Benchmark,Train,0.5921418532969714,0.350631974425972,0.0129523130017624
2016-12-12,2016-12-13,^GSPC,S&P 500,Benchmark,Train,-0.1138082290599516,0.0129523130017624,0.4249062324480883
2016-12-13,2016-12-14,^GSPC,S&P 500,Benchmark,Train,0.651848320123699,0.4249062324480883,0.6642731611559314
2016-12-14,2016-12-15,^GSPC,S&P 500,Benchmark,Train,-0.8150295461858615,0.6642731611559314,0.1502111007936186
2016-12-15,2016-12-16,^GSPC,S&P 500,Benchmark,Train,0.3875707687553573,0.1502111007936186,0.0307005328000563
2016-12-16,2016-12-19,^GSPC,S&P 500,Benchmark,Train,-0.1752156750980241,0.0307005328000563,0.0389341056405417
2016-12-19,2016-12-20,^GSPC,S&P 500,Benchmark,Train,0.1973172715211258,0.0389341056405417,0.1318352486484486
2016-12-20,2016-12-21,^GSPC,S&P 500,Benchmark,Train,0.3630912401152755,0.1318352486484486,0.0605349791419764
2016-12-21,2016-12-22,^GSPC,S&P 500,Benchmark,Train,-0.2460385724677666,0.0605349791419764,0.0347714794293146
2016-12-22,2016-12-23,^GSPC,S&P 500,Benchmark,Train,-0.1864711222396504,0.0347714794293146,0.0156483220731976
2016-12-23,2016-12-27,^GSPC,S&P 500,Benchmark,Train,0.1250932535079235,0.0156483220731976,0.050438373020623
2016-12-27,2016-12-28,^GSPC,S&P 500,Benchmark,Train,0.2245848904548634,0.050438373020623,0.704196338018946
2016-12-28,2016-12-29,^GSPC,S&P 500,Benchmark,Train,-0.8391640709771516,0.704196338018946,0.0008605289179231
2016-12-29,2016-12-30,^GSPC,S&P 500,Benchmark,Train,-0.0293347731868372,0.0008605289179231,0.2160236736928208
2016-12-30,2017-01-03,^GSPC,S&P 500,Benchmark,Train,-0.4647834696854234,0.2160236736928208,0.7141545871626559
2017-01-03,2017-01-04,^GSPC,S&P 500,Benchmark,Train,0.8450766753157112,0.7141545871626559,0.3255802255082276
2017-01-04,2017-01-05,^GSPC,S&P 500,Benchmark,Train,0.5705963770549438,0.3255802255082276,0.0059439104407558
2017-01-05,2017-01-06,^GSPC,S&P 500,Benchmark,Train,-0.0770967602481184,0.0059439104407558,0.1232564067047098
2017-01-06,2017-01-09,^GSPC,S&P 500,Benchmark,Train,0.3510789180579059,0.1232564067047098,0.1263735291172459
2017-01-09,2017-01-10,^GSPC,S&P 500,Benchmark,Train,-0.3554905471559629,0.1263735291172459,0.0
2017-01-10,2017-01-11,^GSPC,S&P 500,Benchmark,Train,0.0,0.0,0.0798425491108978
2017-01-11,2017-01-12,^GSPC,S&P 500,Benchmark,Train,0.2825642389101951,0.0798425491108978,0.0461009163130732
2017-01-12,2017-01-13,^GSPC,S&P 500,Benchmark,Train,-0.2147112393729617,0.0461009163130732,0.0341558965372672
2017-01-13,2017-01-17,^GSPC,S&P 500,Benchmark,Train,0.1848131395146655,0.0341558965372672,0.0883227553508017
2017-01-17,2017-01-18,^GSPC,S&P 500,Benchmark,Train,-0.2971914456218445,0.0883227553508017,0.0310535049579618
2017-01-18,2017-01-19,^GSPC,S&P 500,Benchmark,Train,0.176220046980932,0.0310535049579618,0.1307428172544357
2017-01-19,2017-01-20,^GSPC,S&P 500,Benchmark,Train,-0.3615837624319374,0.1307428172544357,0.1129352523306321
2017-01-20,2017-01-23,^GSPC,S&P 500,Benchmark,Train,0.3360584061299942,0.1129352523306321,0.0725628715570125
2017-01-23,2017-01-24,^GSPC,S&P 500,Benchmark,Train,-0.2693749646069815,0.0725628715570125,0.4281268798174926
2017-01-24,2017-01-25,^GSPC,S&P 500,Benchmark,Train,0.6543140528962317,0.4281268798174926,0.639048801047347
2017-01-25,2017-01-26,^GSPC,S&P 500,Benchmark,Train,0.7994052795968681,0.639048801047347,0.0054118818377696
2017-01-26,2017-01-27,^GSPC,S&P 500,Benchmark,Train,-0.0735654935263103,0.0054118818377696,0.0075141070097546
2017-01-27,2017-01-30,^GSPC,S&P 500,Benchmark,Train,-0.0866839489741592,0.0075141070097546,0.3633284777554605
2017-01-30,2017-01-31,^GSPC,S&P 500,Benchmark,Train,-0.6027673496096654,0.3633284777554605,0.0079263695326533
2017-01-31,2017-02-01,^GSPC,S&P 500,Benchmark,Train,-0.0890301608032545,0.0079263695326533,0.0008899421867072
2017-02-01,2017-02-02,^GSPC,S&P 500,Benchmark,Train,0.0298318988116289,0.0008899421867072,0.0032506741766935
2017-02-02,2017-02-03,^GSPC,S&P 500,Benchmark,Train,0.0570146838691013,0.0032506741766935,0.5239583671338247
2017-02-03,2017-02-06,^GSPC,S&P 500,Benchmark,Train,0.7238496854553608,0.5239583671338247,0.0448421923006697
2017-02-06,2017-02-07,^GSPC,S&P 500,Benchmark,Train,-0.2117597513709103,0.0448421923006697,0.0005143981121244
2017-02-07,2017-02-08,^GSPC,S&P 500,Benchmark,Train,0.0226803463845771,0.0005143981121244,0.0048036286472134
2017-02-08,2017-02-09,^GSPC,S&P 500,Benchmark,Train,0.0693082148609631,0.0048036286472134,0.3290242718299825
2017-02-09,2017-02-10,^GSPC,S&P 500,Benchmark,Train,0.573606373596025,0.3290242718299825,0.1267151265865806
2017-02-10,2017-02-13,^GSPC,S&P 500,Benchmark,Train,0.3559706822009091,0.1267151265865806,0.2737522184093792
2017-02-13,2017-02-14,^GSPC,S&P 500,Benchmark,Train,0.5232133584011204,0.2737522184093792,0.159946180180463
2017-02-14,2017-02-15,^GSPC,S&P 500,Benchmark,Train,0.3999327195672579,0.159946180180463,0.2479929112311044
2017-02-15,2017-02-16,^GSPC,S&P 500,Benchmark,Train,0.497988866573445,0.2479929112311044,0.0074734572915077
2017-02-16,2017-02-17,^GSPC,S&P 500,Benchmark,Train,-0.0864491601550169,0.0074734572915077,0.0281282986585205
2017-02-17,2017-02-21,^GSPC,S&P 500,Benchmark,Train,0.1677149327237158,0.0281282986585205,0.3635909126452797
2017-02-21,2017-02-22,^GSPC,S&P 500,Benchmark,Train,0.6029850020069154,0.3635909126452797,0.0117242583971085
2017-02-22,2017-02-23,^GSPC,S&P 500,Benchmark,Train,-0.1082786146804093,0.0117242583971085,0.0017547634812204
2017-02-23,2017-02-24,^GSPC,S&P 500,Benchmark,Train,0.0418898971259233,0.0017547634812204,0.0222681075499852
2017-02-24,2017-02-27,^GSPC,S&P 500,Benchmark,Train,0.1492250232031652,0.0222681075499852,0.0103523557104433
2017-02-27,2017-02-28,^GSPC,S&P 500,Benchmark,Train,0.1017465267733664,0.0103523557104433,0.0666520646523478
2017-02-28,2017-03-01,^GSPC,S&P 500,Benchmark,Train,-0.2581706115194909,0.0666520646523478,1.844492945007035
2017-03-01,2017-03-02,^GSPC,S&P 500,Benchmark,Train,1.3581211083725322,1.844492945007035,0.3454050390380781
2017-03-02,2017-03-03,^GSPC,S&P 500,Benchmark,Train,-0.587711697210527,0.3454050390380781,0.0025376443379893
2017-03-03,2017-03-06,^GSPC,S&P 500,Benchmark,Train,0.0503750368534789,0.0025376443379893,0.1077561220788045
2017-03-06,2017-03-07,^GSPC,S&P 500,Benchmark,Train,-0.3282622763565812,0.1077561220788045,0.0851254090454577
2017-03-07,2017-03-08,^GSPC,S&P 500,Benchmark,Train,-0.2917625902089877,0.0851254090454577,0.0522958213722463
2017-03-08,2017-03-09,^GSPC,S&P 500,Benchmark,Train,-0.2286827964063899,0.0522958213722463,0.0063932116053074
2017-03-09,2017-03-10,^GSPC,S&P 500,Benchmark,Train,0.0799575612766386,0.0063932116053074,0.1064938603583291
2017-03-10,2017-03-13,^GSPC,S&P 500,Benchmark,Train,0.3263339705858542,0.1064938603583291,0.0013437035315721
2017-03-13,2017-03-14,^GSPC,S&P 500,Benchmark,Train,0.0366565619169632,0.0013437035315721,0.1145652566364269
2017-03-14,2017-03-15,^GSPC,S&P 500,Benchmark,Train,-0.3384748980891005,0.1145652566364269,0.695535838143794
2017-03-15,2017-03-16,^GSPC,S&P 500,Benchmark,Train,0.8339879124686365,0.695535838143794,0.0265049730735283
2017-03-16,2017-03-17,^GSPC,S&P 500,Benchmark,Train,-0.1628034799183614,0.0265049730735283,0.0172969649706433
2017-03-17,2017-03-20,^GSPC,S&P 500,Benchmark,Train,-0.1315179264231435,0.0172969649706433,0.040478063144928
2017-03-20,2017-03-21,^GSPC,S&P 500,Benchmark,Train,-0.2011916080380294,0.040478063144928,1.5589007226838725
2017-03-21,2017-03-22,^GSPC,S&P 500,Benchmark,Train,-1.2485594590102116,1.5589007226838725,0.0356493236259663
2017-03-22,2017-03-23,^GSPC,S&P 500,Benchmark,Train,0.1888102847462667,0.0356493236259663,0.0112536483950479
2017-03-23,2017-03-24,^GSPC,S&P 500,Benchmark,Train,-0.1060832144830083,0.0112536483950479,0.0071293066118281
2017-03-24,2017-03-27,^GSPC,S&P 500,Benchmark,Train,-0.0844352213938482,0.0071293066118281,0.0104061948669979
2017-03-27,2017-03-28,^GSPC,S&P 500,Benchmark,Train,-0.102010758584563,0.0104061948669979,0.5220508768344183
2017-03-28,2017-03-29,^GSPC,S&P 500,Benchmark,Train,0.7225308829623951,0.5220508768344183,0.0117665263189988
2017-03-29,2017-03-30,^GSPC,S&P 500,Benchmark,Train,0.1084736203830169,0.0117665263189988,0.0858965260016917
2017-03-30,2017-03-31,^GSPC,S&P 500,Benchmark,Train,0.2930810911705013,0.0858965260016917,0.0509673039009907
2017-03-31,2017-04-03,^GSPC,S&P 500,Benchmark,Train,-0.2257593938266817,0.0509673039009907,0.0270101108804951
2017-04-03,2017-04-04,^GSPC,S&P 500,Benchmark,Train,-0.1643475308013331,0.0270101108804951,0.0031289040548207
2017-04-04,2017-04-05,^GSPC,S&P 500,Benchmark,Train,0.0559366074661371,0.0031289040548207,0.0936076550105895
2017-04-05,2017-04-06,^GSPC,S&P 500,Benchmark,Train,-0.3059536811522123,0.0936076550105895,0.037158356549366
2017-04-06,2017-04-07,^GSPC,S&P 500,Benchmark,Train,0.1927650293734993,0.037158356549366,0.0068471067693205
2017-04-07,2017-04-10,^GSPC,S&P 500,Benchmark,Train,-0.0827472462944871,0.0068471067693205,0.0047258768918844
2017-04-10,2017-04-11,^GSPC,S&P 500,Benchmark,Train,0.0687450135783276,0.0047258768918844,0.0205896180633064
2017-04-11,2017-04-12,^GSPC,S&P 500,Benchmark,Train,-0.1434908291958284,0.0205896180633064,0.1419057091604753
2017-04-12,2017-04-13,^GSPC,S&P 500,Benchmark,Train,-0.3767037418986906,0.1419057091604753,0.4675852148377414
2017-04-13,2017-04-17,^GSPC,S&P 500,Benchmark,Train,-0.6838020289804216,0.4675852148377414,0.7355576375074047
2017-04-17,2017-04-18,^GSPC,S&P 500,Benchmark,Train,0.8576465691107291,0.7355576375074047,0.0845415430909764
2017-04-18,2017-04-19,^GSPC,S&P 500,Benchmark,Train,-0.2907602845833255,0.0845415430909764,0.0295092409412667
2017-04-19,2017-04-20,^GSPC,S&P 500,Benchmark,Train,-0.1717825396868574,0.0295092409412667,0.566835877880515
2017-04-20,2017-04-21,^GSPC,S&P 500,Benchmark,Train,0.7528850362973852,0.566835877880515,0.0923970378853867
2017-04-21,2017-04-24,^GSPC,S&P 500,Benchmark,Train,-0.3039688107115378,0.0923970378853867,1.1624584385542929
2017-04-24,2017-04-25,^GSPC,S&P 500,Benchmark,Train,1.0781736588111828,1.1624584385542929,0.3687178543339297
2017-04-25,2017-04-26,^GSPC,S&P 500,Benchmark,Train,0.6072214211751177,0.3687178543339297,0.0023602250623903
2017-04-26,2017-04-27,^GSPC,S&P 500,Benchmark,Train,-0.0485821475687349,0.0023602250623903,0.0030555135661978
2017-04-27,2017-04-28,^GSPC,S&P 500,Benchmark,Train,0.0552767000299206,0.0030555135661978,0.0366714637622827
2017-04-28,2017-05-01,^GSPC,S&P 500,Benchmark,Train,-0.1914979471490041,0.0366714637622827,0.0299564034804246
2017-05-01,2017-05-02,^GSPC,S&P 500,Benchmark,Train,0.1730791826893825,0.0299564034804246,0.014121604779394
2017-05-02,2017-05-03,^GSPC,S&P 500,Benchmark,Train,0.1188343585811529,0.014121604779394,0.0161841497167981
2017-05-03,2017-05-04,^GSPC,S&P 500,Benchmark,Train,-0.1272169395827386,0.0161841497167981,0.0033864635153066
2017-05-04,2017-05-05,^GSPC,S&P 500,Benchmark,Train,0.0581933287869546,0.0033864635153066,0.1664933289419715
2017-05-05,2017-05-08,^GSPC,S&P 500,Benchmark,Train,0.4080359407478359,0.1664933289419715,1.4021483882549936e-05
2017-05-08,2017-05-09,^GSPC,S&P 500,Benchmark,Train,0.0037445271907879,1.4021483882549936e-05,0.0105221344136432
2017-05-09,2017-05-10,^GSPC,S&P 500,Benchmark,Train,-0.1025774556793217,0.0105221344136432,0.012768157428258
2017-05-10,2017-05-11,^GSPC,S&P 500,Benchmark,Train,0.1129962717449474,0.012768157428258,0.0468788047279577
2017-05-11,2017-05-12,^GSPC,S&P 500,Benchmark,Train,-0.2165151374106618,0.0468788047279577,0.0218902482465918
2017-05-12,2017-05-15,^GSPC,S&P 500,Benchmark,Train,-0.1479535340794259,0.0218902482465918,0.2270658116798532
2017-05-15,2017-05-16,^GSPC,S&P 500,Benchmark,Train,0.4765142303015233,0.2270658116798532,0.0047215181051766
2017-05-16,2017-05-17,^GSPC,S&P 500,Benchmark,Train,-0.0687133036986045,0.0047215181051766,3.365562024173951
2017-05-17,2017-05-18,^GSPC,S&P 500,Benchmark,Train,-1.834546817111504,3.365562024173951,0.1354268429780146
2017-05-18,2017-05-19,^GSPC,S&P 500,Benchmark,Train,0.3680038627215951,0.1354268429780146,0.4549102136671281
2017-05-19,2017-05-22,^GSPC,S&P 500,Benchmark,Train,0.67447032082007,0.4549102136671281,0.2649020178779876
2017-05-22,2017-05-23,^GSPC,S&P 500,Benchmark,Train,0.514686329600843,0.2649020178779876,0.0337157598726967
2017-05-23,2017-05-24,^GSPC,S&P 500,Benchmark,Train,0.183618517238041,0.0337157598726967,0.0618036407749608
2017-05-24,2017-05-25,^GSPC,S&P 500,Benchmark,Train,0.2486033804576294,0.0618036407749608,0.1964361715264794
2017-05-25,2017-05-26,^GSPC,S&P 500,Benchmark,Train,0.4432112041978174,0.1964361715264794,0.0009641135867599
2017-05-26,2017-05-30,^GSPC,S&P 500,Benchmark,Train,0.0310501785302423,0.0009641135867599,0.0145287038118771
2017-05-30,2017-05-31,^GSPC,S&P 500,Benchmark,Train,-0.1205350729533819,0.0145287038118771,0.0021166865592335
2017-05-31,2017-06-01,^GSPC,S&P 500,Benchmark,Train,-0.0460074619951327,0.0021166865592335,0.5689074815655685
2017-06-01,2017-06-02,^GSPC,S&P 500,Benchmark,Train,0.7542595584847225,0.5689074815655685,0.1369647293849727
2017-06-02,2017-06-05,^GSPC,S&P 500,Benchmark,Train,0.370087461804602,0.1369647293849727,0.0148451595984749
2017-06-05,2017-06-06,^GSPC,S&P 500,Benchmark,Train,-0.1218407140428638,0.0148451595984749,0.0774458064443379
2017-06-06,2017-06-07,^GSPC,S&P 500,Benchmark,Train,-0.2782908666204083,0.0774458064443379,0.0245557924858241
2017-06-07,2017-06-08,^GSPC,S&P 500,Benchmark,Train,0.1567028796347538,0.0245557924858241,0.0007137929361804
2017-06-08,2017-06-09,^GSPC,S&P 500,Benchmark,Train,0.0267169035664767,0.0007137929361804,0.006894543293375
2017-06-09,2017-06-12,^GSPC,S&P 500,Benchmark,Train,-0.0830333866187276,0.006894543293375,0.0095891583408448
2017-06-12,2017-06-13,^GSPC,S&P 500,Benchmark,Train,-0.0979242479718113,0.0095891583408448,0.2026223143552618
2017-06-13,2017-06-14,^GSPC,S&P 500,Benchmark,Train,0.450135884323014,0.2026223143552618,0.0099266742181898
2017-06-14,2017-06-15,^GSPC,S&P 500,Benchmark,Train,-0.0996326965317602,0.0099266742181898,0.0502705634108758
2017-06-15,2017-06-16,^GSPC,S&P 500,Benchmark,Train,-0.2242109796840374,0.0502705634108758,0.0008042847791458
2017-06-16,2017-06-19,^GSPC,S&P 500,Benchmark,Train,0.0283599150059695,0.0008042847791458,0.6909903957153606
2017-06-19,2017-06-20,^GSPC,S&P 500,Benchmark,Train,0.8312583206893995,0.6909903957153606,0.4514711711161093
2017-06-20,2017-06-21,^GSPC,S&P 500,Benchmark,Train,-0.6719160446931665,0.4514711711161093,0.0033967238387882
2017-06-21,2017-06-22,^GSPC,S&P 500,Benchmark,Train,-0.0582814193271596,0.0033967238387882,0.0020783201986581
2017-06-22,2017-06-23,^GSPC,S&P 500,Benchmark,Train,-0.0455885972438085,0.0020783201986581,0.0243265958374522
2017-06-23,2017-06-26,^GSPC,S&P 500,Benchmark,Train,0.1559698555409097,0.0243265958374522,0.0009969928744474
2017-06-26,2017-06-27,^GSPC,S&P 500,Benchmark,Train,0.0315751939732361,0.0009969928744474,0.6570053373572883
2017-06-27,2017-06-28,^GSPC,S&P 500,Benchmark,Train,-0.8105586575672906,0.6570053373572883,0.7690415912886218
2017-06-28,2017-06-29,^GSPC,S&P 500,Benchmark,Train,0.8769501646551084,0.7690415912886218,0.7460151481271904
2017-06-29,2017-06-30,^GSPC,S&P 500,Benchmark,Train,-0.8637216844141349,0.7460151481271904,0.0234720052303551
2017-06-30,2017-07-03,^GSPC,S&P 500,Benchmark,Train,0.1532057610873533,0.0234720052303551,0.0532763941996222
2017-07-03,2017-07-05,^GSPC,S&P 500,Benchmark,Train,0.230816797914758,0.0532763941996222,0.0210895465157464
2017-07-05,2017-07-06,^GSPC,S&P 500,Benchmark,Train,0.14522240362887,0.0210895465157464,0.8860433003922388
2017-07-06,2017-07-07,^GSPC,S&P 500,Benchmark,Train,-0.9412987306866184,0.8860433003922388,0.4073901974633155
2017-07-07,2017-07-10,^GSPC,S&P 500,Benchmark,Train,0.6382712569615802,0.4073901974633155,0.0085995224887786
2017-07-10,2017-07-11,^GSPC,S&P 500,Benchmark,Train,0.0927336103512565,0.0085995224887786,0.0061306874565196
2017-07-11,2017-07-12,^GSPC,S&P 500,Benchmark,Train,-0.0782987066082173,0.0061306874565196,0.5298458270098013
2017-07-12,2017-07-13,^GSPC,S&P 500,Benchmark,Train,0.7279050947821435,0.5298458270098013,0.0350749023670939
2017-07-13,2017-07-14,^GSPC,S&P 500,Benchmark,Train,0.1872829473473065,0.0350749023670939,0.2173998954883156
2017-07-14,2017-07-17,^GSPC,S&P 500,Benchmark,Train,0.4662616170009233,0.2173998954883156,2.7999164462700597e-05
2017-07-17,2017-07-18,^GSPC,S&P 500,Benchmark,Train,-0.0052914236706864,2.7999164462700597e-05,0.0035721982617564
2017-07-18,2017-07-19,^GSPC,S&P 500,Benchmark,Train,0.0597678698110987,0.0035721982617564,0.287109311099043
2017-07-19,2017-07-20,^GSPC,S&P 500,Benchmark,Train,0.535825821605345,0.287109311099043,0.0002361480347367
2017-07-20,2017-07-21,^GSPC,S&P 500,Benchmark,Train,-0.0153671088607044,0.0002361480347367,0.0013537934997868
2017-07-21,2017-07-24,^GSPC,S&P 500,Benchmark,Train,-0.0367939329208882,0.0013537934997868,0.0113273660882817
2017-07-24,2017-07-25,^GSPC,S&P 500,Benchmark,Train,-0.1064300995408804,0.0113273660882817,0.0852002110971728
2017-07-25,2017-07-26,^GSPC,S&P 500,Benchmark,Train,0.2918907519898033,0.0852002110971728,0.0007987632883502
2017-07-26,2017-07-27,^GSPC,S&P 500,Benchmark,Train,0.0282624006119479,0.0007987632883502,0.0094704357249481
2017-07-27,2017-07-28,^GSPC,S&P 500,Benchmark,Train,-0.0973161637393713,0.0094704357249481,0.0180100608030925
2017-07-28,2017-07-31,^GSPC,S&P 500,Benchmark,Train,-0.1342015678116038,0.0180100608030925,0.005305823439041
2017-07-31,2017-08-01,^GSPC,S&P 500,Benchmark,Train,-0.0728410834559801,0.005305823439041,0.0598350684558556
2017-08-01,2017-08-02,^GSPC,S&P 500,Benchmark,Train,0.2446120774938466,0.0598350684558556,0.002425832469884
2017-08-02,2017-08-03,^GSPC,S&P 500,Benchmark,Train,0.0492527407347449,0.002425832469884,0.0477877890413263
2017-08-03,2017-08-04,^GSPC,S&P 500,Benchmark,Train,-0.218604183494567,0.0477877890413263,0.0356198213310356
2017-08-04,2017-08-07,^GSPC,S&P 500,Benchmark,Train,0.1887321417539568,0.0356198213310356,0.0270880459310669
2017-08-07,2017-08-08,^GSPC,S&P 500,Benchmark,Train,0.1645844644280467,0.0270880459310669,0.0584359180574895
2017-08-08,2017-08-09,^GSPC,S&P 500,Benchmark,Train,-0.2417352230385335,0.0584359180574895,0.0013225935485438
2017-08-09,2017-08-10,^GSPC,S&P 500,Benchmark,Train,-0.0363674792712376,0.0013225935485438,2.125827686133219
2017-08-10,2017-08-11,^GSPC,S&P 500,Benchmark,Train,-1.458021840074153,2.125827686133219,0.0162500573535401
2017-08-11,2017-08-14,^GSPC,S&P 500,Benchmark,Train,0.1274757127987136,0.0162500573535401,0.998730652276648
2017-08-14,2017-08-15,^GSPC,S&P 500,Benchmark,Train,0.9993651246049404,0.998730652276648,0.0024893346680937
2017-08-15,2017-08-16,^GSPC,S&P 500,Benchmark,Train,-0.049893232688349,0.0024893346680937,0.0201383210434197
2017-08-16,2017-08-17,^GSPC,S&P 500,Benchmark,Train,0.1419095523332371,0.0201383210434197,2.420309052637712
2017-08-17,2017-08-18,^GSPC,S&P 500,Benchmark,Train,-1.5557342487191417,2.420309052637712,0.0337476615468676
2017-08-18,2017-08-21,^GSPC,S&P 500,Benchmark,Train,-0.1837053661351993,0.0337476615468676,0.0135018756124162
2017-08-21,2017-08-22,^GSPC,S&P 500,Benchmark,Train,0.1161975714566196,0.0135018756124162,0.9784563512907262
2017-08-22,2017-08-23,^GSPC,S&P 500,Benchmark,Train,0.9891695260625076,0.9784563512907262,0.1196862550264787
2017-08-23,2017-08-24,^GSPC,S&P 500,Benchmark,Train,-0.3459570132639007,0.1196862550264787,0.0431233711449584
2017-08-24,2017-08-25,^GSPC,S&P 500,Benchmark,Train,-0.2076616747138441,0.0431233711449584,0.0279381754006044
2017-08-25,2017-08-28,^GSPC,S&P 500,Benchmark,Train,0.1671471668937421,0.0279381754006044,0.0023712368515511
2017-08-28,2017-08-29,^GSPC,S&P 500,Benchmark,Train,0.0486953473296074,0.0023712368515511,0.0070975024509126
2017-08-29,2017-08-30,^GSPC,S&P 500,Benchmark,Train,0.0842466762009791,0.0070975024509126,0.2120171298726463
2017-08-30,2017-08-31,^GSPC,S&P 500,Benchmark,Train,0.4604531788061043,0.2120171298726463,0.3254330070812848
2017-08-31,2017-09-01,^GSPC,S&P 500,Benchmark,Train,0.5704673584713544,0.3254330070812848,0.0392268938178032
2017-09-01,2017-09-05,^GSPC,S&P 500,Benchmark,Train,0.1980578042335197,0.0392268938178032,0.574481919436829
2017-09-05,2017-09-06,^GSPC,S&P 500,Benchmark,Train,-0.7579458552144929,0.574481919436829,0.0975839192197295
2017-09-06,2017-09-07,^GSPC,S&P 500,Benchmark,Train,0.3123842493144133,0.0975839192197295,0.0003184513231247
2017-09-07,2017-09-08,^GSPC,S&P 500,Benchmark,Train,-0.0178452044853709,0.0003184513231247,0.022199812290925
2017-09-08,2017-09-11,^GSPC,S&P 500,Benchmark,Train,-0.1489960143457705,0.022199812290925,1.1622942620149932
2017-09-11,2017-09-12,^GSPC,S&P 500,Benchmark,Train,1.0780975197147025,1.1622942620149932,0.1127819631879865
2017-09-12,2017-09-13,^GSPC,S&P 500,Benchmark,Train,0.3358302594883113,0.1127819631879865,0.0057279807907064
2017-09-13,2017-09-14,^GSPC,S&P 500,Benchmark,Train,0.0756834248082529,0.0057279807907064,0.0121291422440255
2017-09-14,2017-09-15,^GSPC,S&P 500,Benchmark,Train,-0.1101323850827973,0.0121291422440255,0.0340578737337833
2017-09-15,2017-09-18,^GSPC,S&P 500,Benchmark,Train,0.1845477546159349,0.0340578737337833,0.0211662323282991
2017-09-18,2017-09-19,^GSPC,S&P 500,Benchmark,Train,0.145486192912933,0.0211662323282991,0.0123116692586576
2017-09-19,2017-09-20,^GSPC,S&P 500,Benchmark,Train,0.1109579616731385,0.0123116692586576,0.0040214204004993
2017-09-20,2017-09-21,^GSPC,S&P 500,Benchmark,Train,0.0634146702309437,0.0040214204004993,0.0930595259647639
2017-09-21,2017-09-22,^GSPC,S&P 500,Benchmark,Train,-0.3050565946914834,0.0930595259647639,0.0041936503079647
2017-09-22,2017-09-25,^GSPC,S&P 500,Benchmark,Train,0.064758399516702,0.0041936503079647,0.0494850124216509
2017-09-25,2017-09-26,^GSPC,S&P 500,Benchmark,Train,-0.2224522699853856,0.0494850124216509,5.207661066171995e-05
2017-09-26,2017-09-27,^GSPC,S&P 500,Benchmark,Train,0.0072164125894879,5.207661066171995e-05,0.1662048089735059
2017-09-27,2017-09-28,^GSPC,S&P 500,Benchmark,Train,0.4076822401987924,0.1662048089735059,0.014493526464448
2017-09-28,2017-09-29,^GSPC,S&P 500,Benchmark,Train,0.1203890628938027,0.014493526464448,0.1367714972382235
2017-09-29,2017-10-02,^GSPC,S&P 500,Benchmark,Train,0.3698263068498826,0.1367714972382235,0.1494996786051987
2017-10-02,2017-10-03,^GSPC,S&P 500,Benchmark,Train,0.3866518829712313,0.1494996786051987,0.0465054048956764
2017-10-03,2017-10-04,^GSPC,S&P 500,Benchmark,Train,0.2156511184660919,0.0465054048956764,0.0155237560666925
2017-10-04,2017-10-05,^GSPC,S&P 500,Benchmark,Train,0.1245943661113638,0.0155237560666925,0.3170708020962883
2017-10-05,2017-10-06,^GSPC,S&P 500,Benchmark,Train,0.563090403129274,0.3170708020962883,0.0115392962752568
2017-10-06,2017-10-09,^GSPC,S&P 500,Benchmark,Train,-0.1074211165239724,0.0115392962752568,0.0326186669534409
2017-10-09,2017-10-10,^GSPC,S&P 500,Benchmark,Train,-0.1806063868013556,0.0326186669534409,0.0538109916402528
2017-10-10,2017-10-11,^GSPC,S&P 500,Benchmark,Train,0.2319719630478064,0.0538109916402528,0.0324678209221294
2017-10-11,2017-10-12,^GSPC,S&P 500,Benchmark,Train,0.1801882929663564,0.0324678209221294,0.028499419896779
2017-10-12,2017-10-13,^GSPC,S&P 500,Benchmark,Train,-0.1688177120351388,0.028499419896779,0.0077039591779141
2017-10-13,2017-10-16,^GSPC,S&P 500,Benchmark,Train,0.0877722004846304,0.0077039591779141,0.0305977946752615
2017-10-16,2017-10-17,^GSPC,S&P 500,Benchmark,Train,0.1749222532305753,0.0305977946752615,0.0045205842944553
2017-10-17,2017-10-18,^GSPC,S&P 500,Benchmark,Train,0.0672352905433993,0.0045205842944553,0.0055065231835464
2017-10-18,2017-10-19,^GSPC,S&P 500,Benchmark,Train,0.0742059511329546,0.0055065231835464,0.0010754734257001
2017-10-19,2017-10-20,^GSPC,S&P 500,Benchmark,Train,0.0327944115010485,0.0010754734257001,0.2604873549833072
2017-10-20,2017-10-23,^GSPC,S&P 500,Benchmark,Train,0.5103796185030386,0.2604873549833072,0.1584354684773004
2017-10-23,2017-10-24,^GSPC,S&P 500,Benchmark,Train,-0.3980395312997195,0.1584354684773004,0.0261339838762182
2017-10-24,2017-10-25,^GSPC,S&P 500,Benchmark,Train,0.1616600874558041,0.0261339838762182,0.2184586176646995
2017-10-25,2017-10-26,^GSPC,S&P 500,Benchmark,Train,-0.4673955687259984,0.2184586176646995,0.0161325371592082
2017-10-26,2017-10-27,^GSPC,S&P 500,Benchmark,Train,0.1270139250602399,0.0161325371592082,0.6465140884608702
2017-10-27,2017-10-30,^GSPC,S&P 500,Benchmark,Train,0.8040609979727099,0.6465140884608702,0.1022450108024406
2017-10-30,2017-10-31,^GSPC,S&P 500,Benchmark,Train,-0.3197577376740719,0.1022450108024406,0.008911604246179
2017-10-31,2017-11-01,^GSPC,S&P 500,Benchmark,Train,0.0944012936679315,0.008911604246179,0.0253078497565245
2017-11-01,2017-11-02,^GSPC,S&P 500,Benchmark,Train,0.1590844107903869,0.0253078497565245,0.0003608015520135
2017-11-02,2017-11-03,^GSPC,S&P 500,Benchmark,Train,0.0189947769666715,0.0003608015520135,0.0956225327763792
2017-11-03,2017-11-06,^GSPC,S&P 500,Benchmark,Train,0.3092289326314394,0.0956225327763792,0.0161402766436582
2017-11-06,2017-11-07,^GSPC,S&P 500,Benchmark,Train,0.127044388477643,0.0161402766436582,0.0003576667891483
2017-11-07,2017-11-08,^GSPC,S&P 500,Benchmark,Train,-0.0189120805081917,0.0003576667891483,0.0208113495697481
2017-11-08,2017-11-09,^GSPC,S&P 500,Benchmark,Train,0.1442613932060414,0.0208113495697481,0.142052203365203
2017-11-09,2017-11-10,^GSPC,S&P 500,Benchmark,Train,-0.3768981339370136,0.142052203365203,0.0080648837119921
2017-11-10,2017-11-13,^GSPC,S&P 500,Benchmark,Train,-0.089804697605371,0.0080648837119921,0.0096658571437631
2017-11-13,2017-11-14,^GSPC,S&P 500,Benchmark,Train,0.0983150911293032,0.0096658571437631,0.0534664138945768
2017-11-14,2017-11-15,^GSPC,S&P 500,Benchmark,Train,-0.2312280560281922,0.0534664138945768,0.3070266706021543
2017-11-15,2017-11-16,^GSPC,S&P 500,Benchmark,Train,-0.5540998742123611,0.3070266706021543,0.6662890045536712
2017-11-16,2017-11-17,^GSPC,S&P 500,Benchmark,Train,0.8162652782972404,0.6662890045536712,0.069138336489139
2017-11-17,2017-11-20,^GSPC,S&P 500,Benchmark,Train,-0.2629416978897395,0.069138336489139,0.016252932333437
2017-11-20,2017-11-21,^GSPC,S&P 500,Benchmark,Train,0.127486988879011,0.016252932333437,0.4250829901793489
2017-11-21,2017-11-22,^GSPC,S&P 500,Benchmark,Train,0.6519838879752696,0.4250829901793489,0.0056331434952122
2017-11-22,2017-11-24,^GSPC,S&P 500,Benchmark,Train,-0.0750542703329544,0.0056331434952122,0.0421885141522409
2017-11-24,2017-11-27,^GSPC,S&P 500,Benchmark,Train,0.2053984278231966,0.0421885141522409,0.001477107686147
2017-11-27,2017-11-28,^GSPC,S&P 500,Benchmark,Train,-0.0384331586803253,0.001477107686147,0.9604651116751012
2017-11-28,2017-11-29,^GSPC,S&P 500,Benchmark,Train,0.9800332196793644,0.9604651116751012,0.0013637797186668
2017-11-29,2017-11-30,^GSPC,S&P 500,Benchmark,Train,-0.0369293882790778,0.0013637797186668,0.6654622016127474
2017-11-30,2017-12-01,^GSPC,S&P 500,Benchmark,Train,0.8157586662811174,0.6654622016127474,0.0410703839569736
2017-12-01,2017-12-04,^GSPC,S&P 500,Benchmark,Train,-0.2026582935805332,0.0410703839569736,0.0110819950057898
2017-12-04,2017-12-05,^GSPC,S&P 500,Benchmark,Train,-0.1052710549286453,0.0110819950057898,0.1403544197296769
2017-12-05,2017-12-06,^GSPC,S&P 500,Benchmark,Train,-0.3746390525955308,0.1403544197296769,0.0001302158746314
2017-12-06,2017-12-07,^GSPC,S&P 500,Benchmark,Train,-0.0114112170530349,0.0001302158746314,0.0857357641569091
2017-12-07,2017-12-08,^GSPC,S&P 500,Benchmark,Train,0.2928067010109385,0.0857357641569091,0.3015329979487858
2017-12-08,2017-12-11,^GSPC,S&P 500,Benchmark,Train,0.5491202035518141,0.3015329979487858,0.102197995510487
2017-12-11,2017-12-12,^GSPC,S&P 500,Benchmark,Train,0.3196842121695832,0.102197995510487,0.0239544871991862
2017-12-12,2017-12-13,^GSPC,S&P 500,Benchmark,Train,0.1547723722089516,0.0239544871991862,0.0022379425051895
2017-12-13,2017-12-14,^GSPC,S&P 500,Benchmark,Train,-0.0473068970150185,0.0022379425051895,0.1663960937569557
2017-12-14,2017-12-15,^GSPC,S&P 500,Benchmark,Train,-0.4079167730762682,0.1663960937569557,0.7982195611065678
2017-12-15,2017-12-18,^GSPC,S&P 500,Benchmark,Train,0.8934313410142761,0.7982195611065678,0.2860622311641424
2017-12-18,2017-12-19,^GSPC,S&P 500,Benchmark,Train,0.5348478579597589,0.2860622311641424,0.1046844758702364
2017-12-19,2017-12-20,^GSPC,S&P 500,Benchmark,Train,-0.3235498043118501,0.1046844758702364,0.006859749935669
2017-12-20,2017-12-21,^GSPC,S&P 500,Benchmark,Train,-0.0828236073572566,0.006859749935669,0.039350141641896
2017-12-21,2017-12-22,^GSPC,S&P 500,Benchmark,Train,0.1983687012658398,0.039350141641896,0.0021001289429946
2017-12-22,2017-12-26,^GSPC,S&P 500,Benchmark,Train,-0.0458271638113755,0.0021001289429946,0.0112142953331453
2017-12-26,2017-12-27,^GSPC,S&P 500,Benchmark,Train,-0.1058975700058569,0.0112142953331453,0.0062509312495653
2017-12-27,2017-12-28,^GSPC,S&P 500,Benchmark,Train,0.0790628310242261,0.0062509312495653,0.0335739292846011
2017-12-28,2017-12-29,^GSPC,S&P 500,Benchmark,Train,0.1832319002919555,0.0335739292846011,0.2700498718603444
2017-12-29,2018-01-02,^GSPC,S&P 500,Benchmark,Train,-0.5196632292748299,0.2700498718603444,0.6837765458198635
2018-01-02,2018-01-03,^GSPC,S&P 500,Benchmark,Train,0.8269078218398127,0.6837765458198635,0.4068441064734837
2018-01-03,2018-01-04,^GSPC,S&P 500,Benchmark,Train,0.6378433243936035,0.4068441064734837,0.1616476485152089
2018-01-04,2018-01-05,^GSPC,S&P 500,Benchmark,Train,0.4020542855326989,0.1616476485152089,0.4912812608747289
2018-01-05,2018-01-08,^GSPC,S&P 500,Benchmark,Train,0.7009145888585349,0.4912812608747289,0.0275880063627337
2018-01-08,2018-01-09,^GSPC,S&P 500,Benchmark,Train,0.1660963767296979,0.0275880063627337,0.0169542148602023
2018-01-09,2018-01-10,^GSPC,S&P 500,Benchmark,Train,0.1302083517298422,0.0169542148602023,0.0123842580021913
2018-01-10,2018-01-11,^GSPC,S&P 500,Benchmark,Train,-0.1112845811520687,0.0123842580021913,0.4912644222885218
2018-01-11,2018-01-12,^GSPC,S&P 500,Benchmark,Train,0.7009025768882019,0.4912644222885218,0.4525153877882824
2018-01-12,2018-01-16,^GSPC,S&P 500,Benchmark,Train,0.6726926399094035,0.4525153877882824,0.1246593613565696
2018-01-16,2018-01-17,^GSPC,S&P 500,Benchmark,Train,-0.353071326160267,0.1246593613565696,0.8781575732230061
2018-01-17,2018-01-18,^GSPC,S&P 500,Benchmark,Train,0.9371006206502086,0.8781575732230061,0.0261694519333242
2018-01-18,2018-01-19,^GSPC,S&P 500,Benchmark,Train,-0.1617697497473624,0.0261694519333242,0.19146295306051
2018-01-19,2018-01-22,^GSPC,S&P 500,Benchmark,Train,0.4375647986990156,0.19146295306051,0.6455101102617674
2018-01-22,2018-01-23,^GSPC,S&P 500,Benchmark,Train,0.803436438221324,0.6455101102617674,0.0471760558198243
2018-01-23,2018-01-24,^GSPC,S&P 500,Benchmark,Train,0.2172004968222319,0.0471760558198243,0.0031374847046866
2018-01-24,2018-01-25,^GSPC,S&P 500,Benchmark,Train,-0.0560132547232047,0.0031374847046866,0.0036293322926613
2018-01-25,2018-01-26,^GSPC,S&P 500,Benchmark,Train,0.0602439398832889,0.0036293322926613,1.3857146370061286
2018-01-26,2018-01-29,^GSPC,S&P 500,Benchmark,Train,1.1771638106084168,1.3857146370061286,0.4562646227804525
2018-01-29,2018-01-30,^GSPC,S&P 500,Benchmark,Train,-0.6754736284863033,0.4562646227804525,1.2009185213496625
2018-01-30,2018-01-31,^GSPC,S&P 500,Benchmark,Train,-1.0958642805337084,1.2009185213496625,0.0023898982779739
2018-01-31,2018-02-01,^GSPC,S&P 500,Benchmark,Train,0.0488865858694788,0.0023898982779739,0.0042029075323615
2018-02-01,2018-02-02,^GSPC,S&P 500,Benchmark,Train,-0.0648298352023325,0.0042029075323615,4.595312715750144
2018-02-02,2018-02-05,^GSPC,S&P 500,Benchmark,Train,-2.143668051669881,4.595312715750144,17.507982321801258
2018-02-05,2018-02-06,^GSPC,S&P 500,Benchmark,Train,-4.184254093838143,17.507982321801258,2.989639267349735
2018-02-06,2018-02-07,^GSPC,S&P 500,Benchmark,Train,1.7290573348937088,2.989639267349735,0.2514158212689714
2018-02-07,2018-02-08,^GSPC,S&P 500,Benchmark,Train,-0.5014138223752627,0.2514158212689714,14.63755078746984
2018-02-08,2018-02-09,^GSPC,S&P 500,Benchmark,Train,-3.82590522458017,14.63755078746984,2.197997555821793
2018-02-09,2018-02-12,^GSPC,S&P 500,Benchmark,Train,1.4825645199524344,2.197997555821793,1.9095552112548329
2018-02-12,2018-02-13,^GSPC,S&P 500,Benchmark,Train,1.3818665678186273,1.9095552112548329,0.068096049655517
2018-02-13,2018-02-14,^GSPC,S&P 500,Benchmark,Train,0.2609521980277558,0.068096049655517,1.7724767954512377
2018-02-14,2018-02-15,^GSPC,S&P 500,Benchmark,Train,1.3313439808897014,1.7724767954512377,1.4392469249105126
2018-02-15,2018-02-16,^GSPC,S&P 500,Benchmark,Train,1.199686177677526,1.4392469249105126,0.0013942729856164
2018-02-16,2018-02-20,^GSPC,S&P 500,Benchmark,Train,0.0373399649921694,0.0013942729856164,0.3432222269110579
2018-02-20,2018-02-21,^GSPC,S&P 500,Benchmark,Train,-0.5858517106837343,0.3432222269110579,0.303784453765909
2018-02-21,2018-02-22,^GSPC,S&P 500,Benchmark,Train,-0.5511664483310909,0.303784453765909,0.0094687979293853
2018-02-22,2018-02-23,^GSPC,S&P 500,Benchmark,Train,0.097307748557786,0.0094687979293853,2.528506498287591
2018-02-23,2018-02-26,^GSPC,S&P 500,Benchmark,Train,1.5901278245121022,2.528506498287591,1.3661959738817415
2018-02-26,2018-02-27,^GSPC,S&P 500,Benchmark,Train,1.16884386206274,1.3661959738817415,1.6354090952396962
2018-02-27,2018-02-28,^GSPC,S&P 500,Benchmark,Train,-1.278831144146754,1.6354090952396962,1.244966366004726
2018-02-28,2018-03-01,^GSPC,S&P 500,Benchmark,Train,-1.115780608365608,1.244966366004726,1.7993447995579124
2018-03-01,2018-03-02,^GSPC,S&P 500,Benchmark,Train,-1.3413965854876448,1.7993447995579124,0.2559131058525552
2018-03-02,2018-03-05,^GSPC,S&P 500,Benchmark,Train,0.5058785485198549,0.2559131058525552,1.2037639299161675
2018-03-05,2018-03-06,^GSPC,S&P 500,Benchmark,Train,1.097161761052657,1.2037639299161675,0.069452431982601
2018-03-06,2018-03-07,^GSPC,S&P 500,Benchmark,Train,0.263538293199681,0.069452431982601,0.0023424808736026
2018-03-07,2018-03-08,^GSPC,S&P 500,Benchmark,Train,-0.0483991825716375,0.0023424808736026,0.1983052897029236
2018-03-08,2018-03-09,^GSPC,S&P 500,Benchmark,Train,0.4453148208884627,0.1983052897029236,2.9685728090745696
2018-03-09,2018-03-12,^GSPC,S&P 500,Benchmark,Train,1.7229546741207586,2.9685728090745696,0.0162510825296784
2018-03-12,2018-03-13,^GSPC,S&P 500,Benchmark,Train,-0.1274797337998416,0.0162510825296784,0.4075431217799572
2018-03-13,2018-03-14,^GSPC,S&P 500,Benchmark,Train,-0.6383910414314703,0.4075431217799572,0.3295873453372815
2018-03-14,2018-03-15,^GSPC,S&P 500,Benchmark,Train,-0.5740969825188785,0.3295873453372815,0.0061189378407153
2018-03-15,2018-03-16,^GSPC,S&P 500,Benchmark,Train,-0.078223639909655,0.0061189378407153,0.0289679701238106
2018-03-16,2018-03-19,^GSPC,S&P 500,Benchmark,Train,0.1701997947231741,0.0289679701238106,2.0466279597141983
2018-03-19,2018-03-20,^GSPC,S&P 500,Benchmark,Train,-1.4306040541373417,2.0466279597141983,0.0219249814088945
2018-03-20,2018-03-21,^GSPC,S&P 500,Benchmark,Train,0.1480708661718925,0.0219249814088945,0.0340657942261039
2018-03-21,2018-03-22,^GSPC,S&P 500,Benchmark,Train,-0.1845692125629406,0.0340657942261039,6.494794640191648
2018-03-22,2018-03-23,^GSPC,S&P 500,Benchmark,Train,-2.5484886972854417,6.494794640191648,4.490079339091219
2018-03-23,2018-03-26,^GSPC,S&P 500,Benchmark,Train,-2.1189807311750664,4.490079339091219,7.179742064380936
2018-03-26,2018-03-27,^GSPC,S&P 500,Benchmark,Train,2.679504070603539,7.179742064380936,3.0371028496364283
2018-03-27,2018-03-28,^GSPC,S&P 500,Benchmark,Train,-1.7427285645321902,3.0371028496364283,0.0853176721723825
2018-03-28,2018-03-29,^GSPC,S&P 500,Benchmark,Train,-0.2920918899462677,0.0853176721723825,1.8702689006111493
2018-03-29,2018-04-02,^GSPC,S&P 500,Benchmark,Train,1.3675777493843446,1.8702689006111493,5.10338928744736
2018-04-02,2018-04-03,^GSPC,S&P 500,Benchmark,Train,-2.259068234349587,5.10338928744736,1.571503261097565
2018-04-03,2018-04-04,^GSPC,S&P 500,Benchmark,Train,1.2535961315741069,1.571503261097565,1.3225235397875097
2018-04-04,2018-04-05,^GSPC,S&P 500,Benchmark,Train,1.150010234644679,1.3225235397875097,0.4677768510936448
2018-04-05,2018-04-06,^GSPC,S&P 500,Benchmark,Train,0.6839421401651201,0.4677768510936448,4.9124586851007335
2018-04-06,2018-04-09,^GSPC,S&P 500,Benchmark,Train,-2.2164067057064987,4.9124586851007335,0.1109552747412875
2018-04-09,2018-04-10,^GSPC,S&P 500,Benchmark,Train,0.3330994967592829,0.1109552747412875,2.751816166605121
2018-04-10,2018-04-11,^GSPC,S&P 500,Benchmark,Train,1.6588598996314068,2.751816166605121,0.3069919882915367
2018-04-11,2018-04-12,^GSPC,S&P 500,Benchmark,Train,-0.5540685772461174,0.3069919882915367,0.6751742420755802
2018-04-12,2018-04-13,^GSPC,S&P 500,Benchmark,Train,0.8216898697657044,0.6751742420755802,0.083567236380871
2018-04-13,2018-04-16,^GSPC,S&P 500,Benchmark,Train,-0.2890799826706634,0.083567236380871,0.6522721613228196
2018-04-16,2018-04-17,^GSPC,S&P 500,Benchmark,Train,0.8076336801563068,0.6522721613228196,1.1246754393524232
2018-04-17,2018-04-18,^GSPC,S&P 500,Benchmark,Train,1.060507161386675,1.1246754393524232,0.0069059491776999
2018-04-18,2018-04-19,^GSPC,S&P 500,Benchmark,Train,0.0831020407553266,0.0069059491776999,0.3297724568182762
2018-04-19,2018-04-20,^GSPC,S&P 500,Benchmark,Train,-0.574258179583257,0.3297724568182762,0.7349936710289123
2018-04-20,2018-04-23,^GSPC,S&P 500,Benchmark,Train,-0.8573177188352707,0.7349936710289123,3.1618254038256795e-05
2018-04-23,2018-04-24,^GSPC,S&P 500,Benchmark,Train,0.0056230111184539,3.1618254038256795e-05,1.8146482368299648
2018-04-24,2018-04-25,^GSPC,S&P 500,Benchmark,Train,-1.3470888006475166,1.8146482368299648,0.0336859857451294
2018-04-25,2018-04-26,^GSPC,S&P 500,Benchmark,Train,0.1835374232823634,0.0336859857451294,1.0774739335073555
2018-04-26,2018-04-27,^GSPC,S&P 500,Benchmark,Train,1.0380144187376954,1.0774739335073555,0.0123878073408363
2018-04-27,2018-04-30,^GSPC,S&P 500,Benchmark,Train,0.1113005271363814,0.0123878073408363,0.6758800692643825
2018-04-30,2018-05-01,^GSPC,S&P 500,Benchmark,Train,-0.8221192548921248,0.6758800692643825,0.0648110869400778
2018-05-01,2018-05-02,^GSPC,S&P 500,Benchmark,Train,0.2545802171027392,0.0648110869400778,0.5230111817946498
2018-05-02,2018-05-03,^GSPC,S&P 500,Benchmark,Train,-0.7231951201402356,0.5230111817946498,0.0509051779115237
2018-05-03,2018-05-04,^GSPC,S&P 500,Benchmark,Train,-0.2256217585064076,0.0509051779115237,1.6204806335749726
2018-05-04,2018-05-07,^GSPC,S&P 500,Benchmark,Train,1.2729810028334958,1.6204806335749726,0.1191616975202877
2018-05-07,2018-05-08,^GSPC,S&P 500,Benchmark,Train,0.3451980554989958,0.1191616975202877,0.0007058406202236
2018-05-08,2018-05-09,^GSPC,S&P 500,Benchmark,Train,-0.0265676611733821,0.0007058406202236,0.9284571112474108
2018-05-09,2018-05-10,^GSPC,S&P 500,Benchmark,Train,0.9635647934868784,0.9284571112474108,0.8699314545832222
2018-05-10,2018-05-11,^GSPC,S&P 500,Benchmark,Train,0.9327011603848374,0.8699314545832222,0.029109112119162
2018-05-11,2018-05-14,^GSPC,S&P 500,Benchmark,Train,0.1706139270961256,0.029109112119162,0.0077986474478576
2018-05-14,2018-05-15,^GSPC,S&P 500,Benchmark,Train,0.0883099510126558,0.0077986474478576,0.4713721918307647
2018-05-15,2018-05-16,^GSPC,S&P 500,Benchmark,Train,-0.6865655043990812,0.4713721918307647,0.1642145823975308
2018-05-16,2018-05-17,^GSPC,S&P 500,Benchmark,Train,0.4052339847514407,0.1642145823975308,0.0073314486312049
2018-05-17,2018-05-18,^GSPC,S&P 500,Benchmark,Train,-0.08562387886101,0.0073314486312049,0.0694673133404378
2018-05-18,2018-05-21,^GSPC,S&P 500,Benchmark,Train,-0.2635665254550315,0.0694673133404378,0.5416377910196156
2018-05-21,2018-05-22,^GSPC,S&P 500,Benchmark,Train,0.7359604547933372,0.5416377910196156,0.0986392483741633
2018-05-22,2018-05-23,^GSPC,S&P 500,Benchmark,Train,-0.3140688592875189,0.0986392483741633,0.1051799083303034
2018-05-23,2018-05-24,^GSPC,S&P 500,Benchmark,Train,0.3243145206898751,0.1051799083303034,0.0410169004792309
2018-05-24,2018-05-25,^GSPC,S&P 500,Benchmark,Train,-0.2025262957722551,0.0410169004792309,0.0556961441576688
2018-05-25,2018-05-29,^GSPC,S&P 500,Benchmark,Train,-0.2360003054185922,0.0556961441576688,1.352934790970805
2018-05-29,2018-05-30,^GSPC,S&P 500,Benchmark,Train,-1.1631572511792223,1.352934790970805,1.5916031089527851
2018-05-30,2018-05-31,^GSPC,S&P 500,Benchmark,Train,1.2615875351923802,1.5916031089527851,0.4765600986990386
2018-05-31,2018-06-01,^GSPC,S&P 500,Benchmark,Train,-0.6903333243434208,0.4765600986990386,1.1644135836493148
2018-06-01,2018-06-04,^GSPC,S&P 500,Benchmark,Train,1.079079970923988,1.1644135836493148,0.199772785553762
2018-06-04,2018-06-05,^GSPC,S&P 500,Benchmark,Train,0.4469594898352221,0.199772785553762,0.0049329028238686
2018-06-05,2018-06-06,^GSPC,S&P 500,Benchmark,Train,0.0702346269575674,0.0049329028238686,0.727762656836898
2018-06-06,2018-06-07,^GSPC,S&P 500,Benchmark,Train,0.8530900637311971,0.727762656836898,0.0051042968899437
2018-06-07,2018-06-08,^GSPC,S&P 500,Benchmark,Train,-0.0714443621984528,0.0051042968899437,0.0974082144301956
2018-06-08,2018-06-11,^GSPC,S&P 500,Benchmark,Train,0.3121028907751347,0.0974082144301956,0.0114091666559542
2018-06-11,2018-06-12,^GSPC,S&P 500,Benchmark,Train,0.106813700694032,0.0114091666559542,0.0303410161661915
2018-06-12,2018-06-13,^GSPC,S&P 500,Benchmark,Train,0.1741867278703848,0.0303410161661915,0.1627520970489896
2018-06-13,2018-06-14,^GSPC,S&P 500,Benchmark,Train,-0.4034254541411456,0.1627520970489896,0.0609349482960097
2018-06-14,2018-06-15,^GSPC,S&P 500,Benchmark,Train,0.2468500522503686,0.0609349482960097,0.0103555110650627
2018-06-15,2018-06-18,^GSPC,S&P 500,Benchmark,Train,-0.101762031549408,0.0103555110650627,0.0453004901887549
2018-06-18,2018-06-19,^GSPC,S&P 500,Benchmark,Train,-0.2128391180886516,0.0453004901887549,0.1625313699239025
2018-06-19,2018-06-20,^GSPC,S&P 500,Benchmark,Train,-0.4031517951391294,0.1625313699239025,0.0292646104287423
2018-06-20,2018-06-21,^GSPC,S&P 500,Benchmark,Train,0.1710690224112545,0.0292646104287423,0.4052250370540646
2018-06-21,2018-06-22,^GSPC,S&P 500,Benchmark,Train,-0.6365728843220269,0.4052250370540646,0.0346035615041069
2018-06-22,2018-06-25,^GSPC,S&P 500,Benchmark,Train,0.1860203255133883,0.0346035615041069,1.909847429059277
2018-06-25,2018-06-26,^GSPC,S&P 500,Benchmark,Train,-1.3819722967770651,1.909847429059277,0.0484946684974033
2018-06-26,2018-06-27,^GSPC,S&P 500,Benchmark,Train,0.2202150505696723,0.0484946684974033,0.7467701400746787
2018-06-27,2018-06-28,^GSPC,S&P 500,Benchmark,Train,-0.8641586313141116,0.7467701400746787,0.3794165793685328
2018-06-28,2018-06-29,^GSPC,S&P 500,Benchmark,Train,0.6159680019031287,0.3794165793685328,0.0057473969890568
2018-06-29,2018-07-02,^GSPC,S&P 500,Benchmark,Train,0.0758115887517,0.0057473969890568,0.0938356693891627
2018-07-02,2018-07-03,^GSPC,S&P 500,Benchmark,Train,0.3063260834293461,0.0938356693891627,0.24597922600327
2018-07-03,2018-07-05,^GSPC,S&P 500,Benchmark,Train,-0.4959629280533677,0.24597922600327,0.7368259662791525
2018-07-05,2018-07-06,^GSPC,S&P 500,Benchmark,Train,0.8583856745537827,0.7368259662791525,0.7132676754170927
2018-07-06,2018-07-09,^GSPC,S&P 500,Benchmark,Train,0.844551760058016,0.7132676754170927,0.7716376460143568
2018-07-09,2018-07-10,^GSPC,S&P 500,Benchmark,Train,0.8784290785341505,0.7716376460143568,0.1202181783887064
2018-07-10,2018-07-11,^GSPC,S&P 500,Benchmark,Train,0.3467249318821859,0.1202181783887064,0.5068708619990481
2018-07-11,2018-07-12,^GSPC,S&P 500,Benchmark,Train,-0.7119486371916502,0.5068708619990481,0.7588137430982573
2018-07-12,2018-07-13,^GSPC,S&P 500,Benchmark,Train,0.87109915801719,0.7588137430982573,0.0116349776665648
2018-07-13,2018-07-16,^GSPC,S&P 500,Benchmark,Train,0.1078655536608647,0.0116349776665648,0.0105815090228833
2018-07-16,2018-07-17,^GSPC,S&P 500,Benchmark,Train,-0.1028664620898538,0.0105815090228833,0.1572776272304852
2018-07-17,2018-07-18,^GSPC,S&P 500,Benchmark,Train,0.3965824343443431,0.1572776272304852,0.0465774987635082
2018-07-18,2018-07-19,^GSPC,S&P 500,Benchmark,Train,0.2158182076737462,0.0465774987635082,0.1568814932815143
2018-07-19,2018-07-20,^GSPC,S&P 500,Benchmark,Train,-0.3960826849049506,0.1568814932815143,0.0090040698032946
2018-07-20,2018-07-23,^GSPC,S&P 500,Benchmark,Train,-0.0948897771274367,0.0090040698032946,0.0337222665563875
2018-07-23,2018-07-24,^GSPC,S&P 500,Benchmark,Train,0.1836362343231518,0.0337222665563875,0.227483104044216
2018-07-24,2018-07-25,^GSPC,S&P 500,Benchmark,Train,0.4769518886053561,0.227483104044216,0.8209148366443979
2018-07-25,2018-07-26,^GSPC,S&P 500,Benchmark,Train,0.9060435070372712,0.8209148366443979,0.0922277830607812
2018-07-26,2018-07-27,^GSPC,S&P 500,Benchmark,Train,-0.303690274886736,0.0922277830607812,0.433468786306673
2018-07-27,2018-07-30,^GSPC,S&P 500,Benchmark,Train,-0.6583834644845457,0.433468786306673,0.3330200932489472
2018-07-30,2018-07-31,^GSPC,S&P 500,Benchmark,Train,-0.5770789315587143,0.3330200932489472,0.237445425658255
2018-07-31,2018-08-01,^GSPC,S&P 500,Benchmark,Train,0.4872837219303093,0.237445425658255,0.0108345837811764
2018-08-01,2018-08-02,^GSPC,S&P 500,Benchmark,Train,-0.1040893067571133,0.0108345837811764,0.2415083181615482
2018-08-02,2018-08-03,^GSPC,S&P 500,Benchmark,Train,0.4914349582208699,0.2415083181615482,0.2146869270419491
2018-08-03,2018-08-06,^GSPC,S&P 500,Benchmark,Train,0.4633432065347987,0.2146869270419491,0.1247490144556368
2018-08-06,2018-08-07,^GSPC,S&P 500,Benchmark,Train,0.3531982650801626,0.1247490144556368,0.0795353789088137
2018-08-07,2018-08-08,^GSPC,S&P 500,Benchmark,Train,0.2820201746485767,0.0795353789088137,0.0006886131380843
2018-08-08,2018-08-09,^GSPC,S&P 500,Benchmark,Train,-0.0262414393295107,0.0006886131380843,0.0208142563934648
2018-08-09,2018-08-10,^GSPC,S&P 500,Benchmark,Train,-0.1442714677039949,0.0208142563934648,0.5096977959211292
2018-08-10,2018-08-13,^GSPC,S&P 500,Benchmark,Train,-0.7139312263244473,0.5096977959211292,0.161124983839083
2018-08-13,2018-08-14,^GSPC,S&P 500,Benchmark,Train,-0.4014037665980266,0.161124983839083,0.4056326955402281
2018-08-14,2018-08-15,^GSPC,S&P 500,Benchmark,Train,0.6368930016417421,0.4056326955402281,0.5823534441250967
2018-08-15,2018-08-16,^GSPC,S&P 500,Benchmark,Train,-0.7631208581378816,0.5823534441250967,0.6222392882845166
2018-08-16,2018-08-17,^GSPC,S&P 500,Benchmark,Train,0.788821455263811,0.6222392882845166,0.1100651206118629
2018-08-17,2018-08-20,^GSPC,S&P 500,Benchmark,Train,0.3317606375263089,0.1100651206118629,0.0588098828093249
2018-08-20,2018-08-21,^GSPC,S&P 500,Benchmark,Train,0.2425074902128281,0.0588098828093249,0.042700087724827
2018-08-21,2018-08-22,^GSPC,S&P 500,Benchmark,Train,0.2066399954627057,0.042700087724827,0.0015858797256389
2018-08-22,2018-08-23,^GSPC,S&P 500,Benchmark,Train,-0.0398231054243505,0.0015858797256389,0.0286521271877267
2018-08-23,2018-08-24,^GSPC,S&P 500,Benchmark,Train,-0.1692693923535106,0.0286521271877267,0.3818876536008488
2018-08-24,2018-08-27,^GSPC,S&P 500,Benchmark,Train,0.6179705928285333,0.3818876536008488,0.5838704200345778
2018-08-27,2018-08-28,^GSPC,S&P 500,Benchmark,Train,0.7641141407110444,0.5838704200345778,0.0007249129634947
2018-08-28,2018-08-29,^GSPC,S&P 500,Benchmark,Train,0.0269242077598355,0.0007249129634947,0.3232198193031684
2018-08-29,2018-08-30,^GSPC,S&P 500,Benchmark,Train,0.5685242468911669,0.3232198193031684,0.19715127784387
2018-08-30,2018-08-31,^GSPC,S&P 500,Benchmark,Train,-0.4440172044458075,0.19715127784387,0.0001808176869933
2018-08-31,2018-09-04,^GSPC,S&P 500,Benchmark,Train,0.013446846730492,0.0001808176869933,0.0274131616072215
2018-09-04,2018-09-05,^GSPC,S&P 500,Benchmark,Train,-0.1655692048879307,0.0274131616072215,0.0787960157025116
2018-09-05,2018-09-06,^GSPC,S&P 500,Benchmark,Train,-0.2807062801265972,0.0787960157025116,0.1338821540605202
2018-09-06,2018-09-07,^GSPC,S&P 500,Benchmark,Train,-0.3658991036618157,0.1338821540605202,0.0490976031155061
2018-09-07,2018-09-10,^GSPC,S&P 500,Benchmark,Train,-0.2215797895014483,0.0490976031155061,0.0359492299091336
2018-09-10,2018-09-11,^GSPC,S&P 500,Benchmark,Train,0.1896028214693379,0.0359492299091336,0.1393428625745462
2018-09-11,2018-09-12,^GSPC,S&P 500,Benchmark,Train,0.3732865689715426,0.1393428625745462,0.001271695152138
2018-09-12,2018-09-13,^GSPC,S&P 500,Benchmark,Train,0.0356608349893552,0.001271695152138,0.2775553447536333
2018-09-13,2018-09-14,^GSPC,S&P 500,Benchmark,Train,0.5268352159391334,0.2775553447536333,0.0007586934246938
2018-09-14,2018-09-17,^GSPC,S&P 500,Benchmark,Train,0.0275443900766355,0.0007586934246938,0.3119547546028072
2018-09-17,2018-09-18,^GSPC,S&P 500,Benchmark,Train,-0.5585290991549207,0.3119547546028072,0.286723073327672
2018-09-18,2018-09-19,^GSPC,S&P 500,Benchmark,Train,0.5354652867625239,0.286723073327672,0.0156872627323903
2018-09-19,2018-09-20,^GSPC,S&P 500,Benchmark,Train,0.1252488033171986,0.0156872627323903,0.6099632157504113
2018-09-20,2018-09-21,^GSPC,S&P 500,Benchmark,Train,0.7810014185329059,0.6099632157504113,0.0013586665076247
2018-09-21,2018-09-24,^GSPC,S&P 500,Benchmark,Train,-0.0368600937007048,0.0013586665076247,0.1240365503376354
2018-09-24,2018-09-25,^GSPC,S&P 500,Benchmark,Train,-0.3521882314013849,0.1240365503376354,0.0170550146667703
2018-09-25,2018-09-26,^GSPC,S&P 500,Benchmark,Train,-0.1305948493117946,0.0170550146667703,0.1085504598903541
2018-09-26,2018-09-27,^GSPC,S&P 500,Benchmark,Train,-0.3294699681159941,0.1085504598903541,0.0761470905571948
2018-09-27,2018-09-28,^GSPC,S&P 500,Benchmark,Train,0.2759476228511396,0.0761470905571948,4.719888047936241e-07
2018-09-28,2018-10-01,^GSPC,S&P 500,Benchmark,Train,-0.0006870144138179,4.719888047936241e-07,0.1320953458549955
2018-10-01,2018-10-02,^GSPC,S&P 500,Benchmark,Train,0.3634492342198501,0.1320953458549955,0.0015742556816404
2018-10-02,2018-10-03,^GSPC,S&P 500,Benchmark,Train,-0.0396768910279079,0.0015742556816404,0.00505900370762
2018-10-03,2018-10-04,^GSPC,S&P 500,Benchmark,Train,0.0711266736718371,0.00505900370762,0.6728979011834166
2018-10-04,2018-10-05,^GSPC,S&P 500,Benchmark,Train,-0.8203035421009814,0.6728979011834166,0.3072833658408458
2018-10-05,2018-10-08,^GSPC,S&P 500,Benchmark,Train,-0.5543314584622145,0.3072833658408458,0.001561788575076
2018-10-08,2018-10-09,^GSPC,S&P 500,Benchmark,Train,-0.0395194708349697,0.001561788575076,0.0201330511745977
2018-10-09,2018-10-10,^GSPC,S&P 500,Benchmark,Train,-0.1418909834154297,0.0201330511745977,11.16655056646536
2018-10-10,2018-10-11,^GSPC,S&P 500,Benchmark,Train,-3.3416389042602077,11.16655056646536,4.321234811148098
2018-10-11,2018-10-12,^GSPC,S&P 500,Benchmark,Train,-2.078757997254153,4.321234811148098,1.9898587739652895
2018-10-12,2018-10-15,^GSPC,S&P 500,Benchmark,Train,1.4106235408376289,1.9898587739652895,0.3507579649076267
2018-10-15,2018-10-16,^GSPC,S&P 500,Benchmark,Train,-0.5922482291300049,0.3507579649076267,4.523205093221323
2018-10-16,2018-10-17,^GSPC,S&P 500,Benchmark,Train,2.126782803490127,4.523205093221323,0.0006385439038374
2018-10-17,2018-10-18,^GSPC,S&P 500,Benchmark,Train,-0.0252694262664882,0.0006385439038374,2.1014823900095583
2018-10-18,2018-10-19,^GSPC,S&P 500,Benchmark,Train,-1.4496490575341183,2.1014823900095583,0.0013049082296031
2018-10-19,2018-10-22,^GSPC,S&P 500,Benchmark,Train,-0.0361235135279379,0.0013049082296031,0.185657324186161
2018-10-22,2018-10-23,^GSPC,S&P 500,Benchmark,Train,-0.4308797096477867,0.185657324186161,0.3054857110719678
2018-10-23,2018-10-24,^GSPC,S&P 500,Benchmark,Train,-0.5527076180694164,0.3054857110719678,9.828710216923916
2018-10-24,2018-10-25,^GSPC,S&P 500,Benchmark,Train,-3.1350773861140837,9.828710216923916,3.405397072379184
2018-10-25,2018-10-26,^GSPC,S&P 500,Benchmark,Train,1.8453717978714168,3.405397072379184,3.0552026557273773
2018-10-26,2018-10-29,^GSPC,S&P 500,Benchmark,Train,-1.7479138010003177,3.0552026557273773,0.4331230262472992
2018-10-29,2018-10-30,^GSPC,S&P 500,Benchmark,Train,-0.658120829519397,0.4331230262472992,2.416570662999818
2018-10-30,2018-10-31,^GSPC,S&P 500,Benchmark,Train,1.5545322971877482,2.416570662999818,1.1648623181087208
2018-10-31,2018-11-01,^GSPC,S&P 500,Benchmark,Train,1.0792878754571094,1.1648623181087208,1.1030248248345726
2018-11-01,2018-11-02,^GSPC,S&P 500,Benchmark,Train,1.0502498868529206,1.1030248248345726,0.4015403374002972
2018-11-02,2018-11-05,^GSPC,S&P 500,Benchmark,Train,-0.6336721055879746,0.4015403374002972,0.311888036914797
2018-11-05,2018-11-06,^GSPC,S&P 500,Benchmark,Train,0.5584693697194117,0.311888036914797,0.3893495109527221
2018-11-06,2018-11-07,^GSPC,S&P 500,Benchmark,Train,0.6239787744408636,0.3893495109527221,4.4045746651610065
2018-11-07,2018-11-08,^GSPC,S&P 500,Benchmark,Train,2.0987078560774024,4.4045746651610065,0.0631049060294049
2018-11-08,2018-11-09,^GSPC,S&P 500,Benchmark,Train,-0.2512068988491457,0.0631049060294049,0.854069102312101
2018-11-09,2018-11-12,^GSPC,S&P 500,Benchmark,Train,-0.9241585915372432,0.854069102312101,3.95936412640461
2018-11-12,2018-11-13,^GSPC,S&P 500,Benchmark,Train,-1.9898150985467495,3.95936412640461,0.0219934482692204
2018-11-13,2018-11-14,^GSPC,S&P 500,Benchmark,Train,-0.1483018822173893,0.0219934482692204,0.5770208456555309
2018-11-14,2018-11-15,^GSPC,S&P 500,Benchmark,Train,-0.7596188818450545,0.5770208456555309,1.1105013408499362
2018-11-15,2018-11-16,^GSPC,S&P 500,Benchmark,Train,1.053803274264194,1.1105013408499362,0.0493211936789792
2018-11-16,2018-11-19,^GSPC,S&P 500,Benchmark,Train,0.2220837537483982,0.0493211936789792,2.816745010642227
2018-11-19,2018-11-20,^GSPC,S&P 500,Benchmark,Train,-1.6783161235721438,2.816745010642227,3.355489612111034
2018-11-20,2018-11-21,^GSPC,S&P 500,Benchmark,Train,-1.831799555658597,3.355489612111034,0.0923351118019841
2018-11-21,2018-11-23,^GSPC,S&P 500,Benchmark,Train,0.3038669310767201,0.0923351118019841,0.4324929622648309
2018-11-23,2018-11-26,^GSPC,S&P 500,Benchmark,Train,-0.6576419711855616,0.4324929622648309,2.3755982440984895
2018-11-26,2018-11-27,^GSPC,S&P 500,Benchmark,Train,1.5412975845366428,2.3755982440984895,0.1060403913009367
2018-11-27,2018-11-28,^GSPC,S&P 500,Benchmark,Train,0.3256384364612641,0.1060403913009367,5.1592812660048475
2018-11-28,2018-11-29,^GSPC,S&P 500,Benchmark,Train,2.271405130311378,5.1592812660048475,0.0477638640794453
2018-11-29,2018-11-30,^GSPC,S&P 500,Benchmark,Train,-0.2185494545393453,0.0477638640794453,0.6621968284022766
2018-11-30,2018-12-03,^GSPC,S&P 500,Benchmark,Train,0.8137547716617559,0.6621968284022766,1.1841796305250725
2018-12-03,2018-12-04,^GSPC,S&P 500,Benchmark,Train,1.0882001794362437,1.1841796305250725,10.82425057629359
2018-12-04,2018-12-06,^GSPC,S&P 500,Benchmark,Train,-3.290022883855611,10.82425057629359,0.0232071073696087
2018-12-06,2018-12-07,^GSPC,S&P 500,Benchmark,Train,-0.1523387914144285,0.0232071073696087,5.567870469672901
2018-12-07,2018-12-10,^GSPC,S&P 500,Benchmark,Train,-2.359633545632224,5.567870469672901,0.0309972370854333
2018-12-10,2018-12-11,^GSPC,S&P 500,Benchmark,Train,0.1760603222916321,0.0309972370854333,0.0012702785665149
2018-12-11,2018-12-12,^GSPC,S&P 500,Benchmark,Train,-0.0356409675305666,0.0012702785665149,0.2921263063853527
2018-12-12,2018-12-13,^GSPC,S&P 500,Benchmark,Train,0.5404871010351243,0.2921263063853527,0.0003998012743487
2018-12-13,2018-12-14,^GSPC,S&P 500,Benchmark,Train,-0.0199950312415038,0.0003998012743487,3.7137962230528614
2018-12-14,2018-12-17,^GSPC,S&P 500,Benchmark,Train,-1.927121226869981,3.7137962230528614,4.406760223240893
2018-12-17,2018-12-18,^GSPC,S&P 500,Benchmark,Train,-2.0992284828576646,4.406760223240893,7.464416344655813e-05
2018-12-18,2018-12-19,^GSPC,S&P 500,Benchmark,Train,0.0086396853789103,7.464416344655813e-05,2.407294734401615
2018-12-19,2018-12-20,^GSPC,S&P 500,Benchmark,Train,-1.55154591759368,2.407294734401615,2.5274034639286573
2018-12-20,2018-12-21,^GSPC,S&P 500,Benchmark,Train,-1.5897809484103955,2.5274034639286573,4.327698224768013
2018-12-21,2018-12-24,^GSPC,S&P 500,Benchmark,Train,-2.080312049854063,4.327698224768013,7.555116885948893
2018-12-24,2018-12-26,^GSPC,S&P 500,Benchmark,Train,-2.748657287831441,7.555116885948893,23.428676086315193
2018-12-26,2018-12-27,^GSPC,S&P 500,Benchmark,Train,4.840317767080504,23.428676086315193,0.7269658042869407
2018-12-27,2018-12-28,^GSPC,S&P 500,Benchmark,Train,0.8526228968816992,0.7269658042869407,0.0154344323826693
2018-12-28,2018-12-31,^GSPC,S&P 500,Benchmark,Train,-0.1242353910231272,0.0154344323826693,0.7151452097334616
2018-12-31,2019-01-02,^GSPC,S&P 500,Benchmark,Train,0.8456625862206875,0.7151452097334616,0.016070457010305
2019-01-02,2019-01-03,^GSPC,S&P 500,Benchmark,Train,0.1267693062626164,0.016070457010305,6.2842126018323174
2019-01-03,2019-01-04,^GSPC,S&P 500,Benchmark,Train,-2.506833181891511,6.2842126018323174,11.396970249157222
2019-01-04,2019-01-07,^GSPC,S&P 500,Benchmark,Train,3.375939906034647,11.396970249157222,0.4880386060592644
2019-01-07,2019-01-08,^GSPC,S&P 500,Benchmark,Train,0.6985975995229761,0.4880386060592644,0.9309523759001784
2019-01-08,2019-01-09,^GSPC,S&P 500,Benchmark,Train,0.9648587336497392,0.9309523759001784,0.1672541161050738
2019-01-09,2019-01-10,^GSPC,S&P 500,Benchmark,Train,0.408967133282216,0.1672541161050738,0.2032424029041308
2019-01-10,2019-01-11,^GSPC,S&P 500,Benchmark,Train,0.4508241374462229,0.2032424029041308,0.0002140619018857
2019-01-11,2019-01-14,^GSPC,S&P 500,Benchmark,Train,-0.0146308544482466,0.0002140619018857,0.2778760089448321
2019-01-14,2019-01-15,^GSPC,S&P 500,Benchmark,Train,-0.5271394587249489,0.2778760089448321,1.1373409585055478
2019-01-15,2019-01-16,^GSPC,S&P 500,Benchmark,Train,1.0664618879761,1.1373409585055478,0.0492627137904469
2019-01-16,2019-01-17,^GSPC,S&P 500,Benchmark,Train,0.2219520529088364,0.0492627137904469,0.5719489573504106
2019-01-17,2019-01-18,^GSPC,S&P 500,Benchmark,Train,0.7562730706235749,0.5719489573504106,1.7152912593477916
2019-01-18,2019-01-22,^GSPC,S&P 500,Benchmark,Train,1.309691283985578,1.7152912593477916,2.033041614538279
2019-01-22,2019-01-23,^GSPC,S&P 500,Benchmark,Train,-1.425847682797247,2.033041614538279,0.048421558856049
2019-01-23,2019-01-24,^GSPC,S&P 500,Benchmark,Train,0.2200489919450871,0.048421558856049,0.0189002035353945
2019-01-24,2019-01-25,^GSPC,S&P 500,Benchmark,Train,0.1374780110977555,0.0189002035353945,0.7145097236246075
2019-01-25,2019-01-28,^GSPC,S&P 500,Benchmark,Train,0.8452867700518018,0.7145097236246075,0.6205935232250122
2019-01-28,2019-01-29,^GSPC,S&P 500,Benchmark,Train,-0.7877775848708899,0.6205935232250122,0.0212374641774867
2019-01-29,2019-01-30,^GSPC,S&P 500,Benchmark,Train,-0.1457307935114838,0.0212374641774867,2.380728614057276
2019-01-30,2019-01-31,^GSPC,S&P 500,Benchmark,Train,1.5429609891560043,2.380728614057276,0.7328470804417812
2019-01-31,2019-02-01,^GSPC,S&P 500,Benchmark,Train,0.8560648809767757,0.7328470804417812,0.0080677506899085
2019-02-01,2019-02-04,^GSPC,S&P 500,Benchmark,Train,0.0898206584807114,0.0080677506899085,0.4560815651793104
2019-02-04,2019-02-05,^GSPC,S&P 500,Benchmark,Train,0.6753381117479677,0.4560815651793104,0.220652890256916
2019-02-05,2019-02-06,^GSPC,S&P 500,Benchmark,Train,0.4697370437350199,0.220652890256916,0.0495915361288767
2019-02-06,2019-02-07,^GSPC,S&P 500,Benchmark,Train,-0.2226915717508786,0.0495915361288767,0.8838243362565993
2019-02-07,2019-02-08,^GSPC,S&P 500,Benchmark,Train,-0.9401193202230232,0.8838243362565993,0.0045693891000179
2019-02-08,2019-02-11,^GSPC,S&P 500,Benchmark,Train,0.06759725660127,0.0045693891000179,0.0050247087977659
2019-02-11,2019-02-12,^GSPC,S&P 500,Benchmark,Train,0.0708851803818394,0.0050247087977659,1.6404109598075125
2019-02-12,2019-02-13,^GSPC,S&P 500,Benchmark,Train,1.2807852902838603,1.6404109598075125,0.0911696714909999
2019-02-13,2019-02-14,^GSPC,S&P 500,Benchmark,Train,0.3019431593710975,0.0911696714909999,0.0704989259413391
2019-02-14,2019-02-15,^GSPC,S&P 500,Benchmark,Train,-0.2655163383698621,0.0704989259413391,1.170725009497029
2019-02-15,2019-02-19,^GSPC,S&P 500,Benchmark,Train,1.082000466495754,1.170725009497029,0.0224286963786319
2019-02-19,2019-02-20,^GSPC,S&P 500,Benchmark,Train,0.1497621326592005,0.0224286963786319,0.031525194253174
2019-02-20,2019-02-21,^GSPC,S&P 500,Benchmark,Train,0.177553356074094,0.031525194253174,0.1247975256574065
2019-02-21,2019-02-22,^GSPC,S&P 500,Benchmark,Train,-0.3532669325841389,0.1247975256574065,0.408402629263299
2019-02-22,2019-02-25,^GSPC,S&P 500,Benchmark,Train,0.6390638694710404,0.408402629263299,0.0151561816619846
2019-02-25,2019-02-26,^GSPC,S&P 500,Benchmark,Train,0.123110444975171,0.0151561816619846,0.0062531667548395
2019-02-26,2019-02-27,^GSPC,S&P 500,Benchmark,Train,-0.0790769672840298,0.0062531667548395,0.0029615084967339
2019-02-27,2019-02-28,^GSPC,S&P 500,Benchmark,Train,-0.0544197436298073,0.0029615084967339,0.0800611325251829
2019-02-28,2019-03-01,^GSPC,S&P 500,Benchmark,Train,-0.2829507598950442,0.0800611325251829,0.4721966427320317
2019-03-01,2019-03-04,^GSPC,S&P 500,Benchmark,Train,0.6871656588713029,0.4721966427320317,0.1511737911703793
2019-03-04,2019-03-05,^GSPC,S&P 500,Benchmark,Train,-0.3888107395255168,0.1511737911703793,0.01281816810795
2019-03-05,2019-03-06,^GSPC,S&P 500,Benchmark,Train,-0.1132173489706859,0.01281816810795,0.428432247022975
2019-03-06,2019-03-07,^GSPC,S&P 500,Benchmark,Train,-0.6545473604125029,0.428432247022975,0.6656783096318423
2019-03-07,2019-03-08,^GSPC,S&P 500,Benchmark,Train,-0.8158911138331157,0.6656783096318423,0.0455380291433072
2019-03-08,2019-03-11,^GSPC,S&P 500,Benchmark,Train,-0.2133964131453649,0.0455380291433072,2.1198007582451392
2019-03-11,2019-03-12,^GSPC,S&P 500,Benchmark,Train,1.4559535563489443,2.1198007582451392,0.0869639886376943
2019-03-12,2019-03-13,^GSPC,S&P 500,Benchmark,Train,0.2948965727805163,0.0869639886376943,0.4796319788366031
2019-03-13,2019-03-14,^GSPC,S&P 500,Benchmark,Train,0.6925546757019283,0.4796319788366031,0.0075411739911669
2019-03-14,2019-03-15,^GSPC,S&P 500,Benchmark,Train,-0.0868399331596182,0.0075411739911669,0.247259492672202
2019-03-15,2019-03-18,^GSPC,S&P 500,Benchmark,Train,0.497251940843072,0.247259492672202,0.1368331712769165
2019-03-18,2019-03-19,^GSPC,S&P 500,Benchmark,Train,0.3699096798908033,0.1368331712769165,0.0001704854577208
2019-03-19,2019-03-20,^GSPC,S&P 500,Benchmark,Train,-0.0130570079926759,0.0001704854577208,0.0869481246902569
2019-03-20,2019-03-21,^GSPC,S&P 500,Benchmark,Train,-0.2948696740769673,0.0869481246902569,1.1651077049959389
2019-03-21,2019-03-22,^GSPC,S&P 500,Benchmark,Train,1.0794015494689355,1.1651077049959389,3.6698402585242818
2019-03-22,2019-03-25,^GSPC,S&P 500,Benchmark,Train,-1.9156827134273255,3.6698402585242818,0.0070454675329895
2019-03-25,2019-03-26,^GSPC,S&P 500,Benchmark,Train,-0.0839372833310059,0.0070454675329895,0.5122340689953154
2019-03-26,2019-03-27,^GSPC,S&P 500,Benchmark,Train,0.7157052947934055,0.5122340689953154,0.2167035892566366
2019-03-27,2019-03-28,^GSPC,S&P 500,Benchmark,Train,-0.465514327659887,0.2167035892566366,0.1283828109255929
2019-03-28,2019-03-29,^GSPC,S&P 500,Benchmark,Train,0.3583054715261726,0.1283828109255929,0.4504699801200086
2019-03-29,2019-04-01,^GSPC,S&P 500,Benchmark,Train,0.6711706043324668,0.4504699801200086,1.3230050173532288
2019-04-01,2019-04-02,^GSPC,S&P 500,Benchmark,Train,1.1502195518044496,1.3230050173532288,3.0469639540597566e-06
2019-04-02,2019-04-03,^GSPC,S&P 500,Benchmark,Train,0.0017455554858152,3.0469639540597566e-06,0.0460562683226746
2019-04-03,2019-04-04,^GSPC,S&P 500,Benchmark,Train,0.2146072420089187,0.0460562683226746,0.0433666148827919
2019-04-04,2019-04-05,^GSPC,S&P 500,Benchmark,Train,0.2082465242994273,0.0433666148827919,0.2139726352864979
2019-04-05,2019-04-08,^GSPC,S&P 500,Benchmark,Train,0.4625717623099122,0.2139726352864979,0.0109602421338452
2019-04-08,2019-04-09,^GSPC,S&P 500,Benchmark,Train,0.1046911750523666,0.0109602421338452,0.370391091755249
2019-04-09,2019-04-10,^GSPC,S&P 500,Benchmark,Train,-0.6085976435669539,0.370391091755249,0.1205365739357107
2019-04-10,2019-04-11,^GSPC,S&P 500,Benchmark,Train,0.3471837754499924,0.1205365739357107,1.4533128332041714e-05
2019-04-11,2019-04-12,^GSPC,S&P 500,Benchmark,Train,0.0038122340342693,1.4533128332041714e-05,0.4339618903840987
2019-04-12,2019-04-15,^GSPC,S&P 500,Benchmark,Train,0.6587578389545727,0.4339618903840987,0.003963549151674
2019-04-15,2019-04-16,^GSPC,S&P 500,Benchmark,Train,-0.0629567244357108,0.003963549151674,0.0025931348712485
2019-04-16,2019-04-17,^GSPC,S&P 500,Benchmark,Train,0.0509228325139962,0.0025931348712485,0.0518200069666055
2019-04-17,2019-04-18,^GSPC,S&P 500,Benchmark,Train,-0.2276400820738859,0.0518200069666055,0.0248960060079478
2019-04-18,2019-04-22,^GSPC,S&P 500,Benchmark,Train,0.1577846824249674,0.0248960060079478,0.0102314401768911
2019-04-22,2019-04-23,^GSPC,S&P 500,Benchmark,Train,0.1011505816932909,0.0102314401768911,0.7748138620794274
2019-04-23,2019-04-24,^GSPC,S&P 500,Benchmark,Train,0.8802351174995391,0.7748138620794274,0.0481437585854999
2019-04-24,2019-04-25,^GSPC,S&P 500,Benchmark,Train,-0.2194168603036236,0.0481437585854999,0.0013619180606361
2019-04-25,2019-04-26,^GSPC,S&P 500,Benchmark,Train,-0.0369041740272857,0.0013619180606361,0.218495509449799
2019-04-26,2019-04-29,^GSPC,S&P 500,Benchmark,Train,0.4674350323304823,0.218495509449799,0.0114693069872079
2019-04-29,2019-04-30,^GSPC,S&P 500,Benchmark,Train,0.1070948504233886,0.0114693069872079,0.009043338583475
2019-04-30,2019-05-01,^GSPC,S&P 500,Benchmark,Train,0.0950964698791445,0.009043338583475,0.5670761470417006
2019-05-01,2019-05-02,^GSPC,S&P 500,Benchmark,Train,-0.753044585029134,0.5670761470417006,0.0452091630605219
2019-05-02,2019-05-03,^GSPC,S&P 500,Benchmark,Train,-0.2126244648682788,0.0452091630605219,0.9200890957180364
2019-05-03,2019-05-06,^GSPC,S&P 500,Benchmark,Train,0.959212747891747,0.9200890957180364,0.200794792006419
2019-05-06,2019-05-07,^GSPC,S&P 500,Benchmark,Train,-0.4481013189072523,0.200794792006419,2.7720545362260687
2019-05-07,2019-05-08,^GSPC,S&P 500,Benchmark,Train,-1.6649488088905522,2.7720545362260687,0.0258153434259896
2019-05-08,2019-05-09,^GSPC,S&P 500,Benchmark,Train,-0.1606715389419968,0.0258153434259896,0.091566679019918
2019-05-09,2019-05-10,^GSPC,S&P 500,Benchmark,Train,-0.3025998661928289,0.091566679019918,0.137892955185069
2019-05-10,2019-05-13,^GSPC,S&P 500,Benchmark,Train,0.3713394069918638,0.137892955185069,5.96652394573971
2019-05-13,2019-05-14,^GSPC,S&P 500,Benchmark,Train,-2.4426469138497504,5.96652394573971,0.6374405677087026
2019-05-14,2019-05-15,^GSPC,S&P 500,Benchmark,Train,0.7983987523216094,0.6374405677087026,0.3389561795203942
2019-05-15,2019-05-16,^GSPC,S&P 500,Benchmark,Train,0.5821994327723055,0.3389561795203942,0.784279764492708
2019-05-16,2019-05-17,^GSPC,S&P 500,Benchmark,Train,0.8855957116499086,0.784279764492708,0.34274434624826
2019-05-17,2019-05-20,^GSPC,S&P 500,Benchmark,Train,-0.5854437174043804,0.34274434624826,0.4586347808544163
2019-05-20,2019-05-21,^GSPC,S&P 500,Benchmark,Train,-0.6772257975405369,0.4586347808544163,0.7157073865937656
2019-05-21,2019-05-22,^GSPC,S&P 500,Benchmark,Train,0.8459949093190606,0.7157073865937656,0.0799980336416464
2019-05-22,2019-05-23,^GSPC,S&P 500,Benchmark,Train,-0.2828392363899436,0.0799980336416464,1.4365681850272658
2019-05-23,2019-05-24,^GSPC,S&P 500,Benchmark,Train,-1.198569224128196,1.4365681850272658,0.0182964517403134
2019-05-24,2019-05-28,^GSPC,S&P 500,Benchmark,Train,0.1352643772037317,0.0182964517403134,0.7074407990687779
2019-05-28,2019-05-29,^GSPC,S&P 500,Benchmark,Train,-0.8410950000260243,0.7074407990687779,0.481068498479035
2019-05-29,2019-05-30,^GSPC,S&P 500,Benchmark,Train,-0.693591016723137,0.481068498479035,0.0439435912793923
2019-05-30,2019-05-31,^GSPC,S&P 500,Benchmark,Train,0.2096272674997037,0.0439435912793923,1.7644354172566104
2019-05-31,2019-06-03,^GSPC,S&P 500,Benchmark,Train,-1.328320525045296,1.7644354172566104,0.0766775228854939
2019-06-03,2019-06-04,^GSPC,S&P 500,Benchmark,Train,-0.2769070654307939,0.0766775228854939,4.496913433679878
2019-06-04,2019-06-05,^GSPC,S&P 500,Benchmark,Train,2.1205927081077776,4.496913433679878,0.6607620229609356
2019-06-05,2019-06-06,^GSPC,S&P 500,Benchmark,Train,0.8128726978813691,0.6607620229609356,0.3741573985562216
2019-06-06,2019-06-07,^GSPC,S&P 500,Benchmark,Train,0.6116840676004416,0.3741573985562216,1.090558155587036
2019-06-07,2019-06-10,^GSPC,S&P 500,Benchmark,Train,1.0442979247260027,1.090558155587036,0.2161524730360251
2019-06-10,2019-06-11,^GSPC,S&P 500,Benchmark,Train,0.4649220074765499,0.2161524730360251,0.0012245902399307
2019-06-11,2019-06-12,^GSPC,S&P 500,Benchmark,Train,-0.0349941457951285,0.0012245902399307,0.0416020405221088
2019-06-12,2019-06-13,^GSPC,S&P 500,Benchmark,Train,-0.2039657827237423,0.0416020405221088,0.1672000689241917
2019-06-13,2019-06-14,^GSPC,S&P 500,Benchmark,Train,0.4089010502850191,0.1672000689241917,0.026011618575539
2019-06-14,2019-06-17,^GSPC,S&P 500,Benchmark,Train,-0.161281178615296,0.026011618575539,0.0086734843453856
2019-06-17,2019-06-18,^GSPC,S&P 500,Benchmark,Train,0.0931315432352843,0.0086734843453856,0.9351836896775436
2019-06-18,2019-06-19,^GSPC,S&P 500,Benchmark,Train,0.9670489592970688,0.9351836896775436,0.0888467260021434
2019-06-19,2019-06-20,^GSPC,S&P 500,Benchmark,Train,0.2980716793023842,0.0888467260021434,0.888797423689837
2019-06-20,2019-06-21,^GSPC,S&P 500,Benchmark,Train,0.942760533587314,0.888797423689837,0.0158764102517958
2019-06-21,2019-06-24,^GSPC,S&P 500,Benchmark,Train,-0.1260016279727998,0.0158764102517958,0.0300463555529625
2019-06-24,2019-06-25,^GSPC,S&P 500,Benchmark,Train,-0.1733388460587026,0.0300463555529625,0.9104548237149332
2019-06-25,2019-06-26,^GSPC,S&P 500,Benchmark,Train,-0.9541775640387554,0.9104548237149332,0.0152447341925726
2019-06-26,2019-06-27,^GSPC,S&P 500,Benchmark,Train,-0.1234695678803998,0.0152447341925726,0.1456098438209667
2019-06-27,2019-06-28,^GSPC,S&P 500,Benchmark,Train,0.3815885792590847,0.1456098438209667,0.3295841321714742
2019-06-28,2019-07-01,^GSPC,S&P 500,Benchmark,Train,0.5740941840599626,0.3295841321714742,0.5841573348738809
2019-07-01,2019-07-02,^GSPC,S&P 500,Benchmark,Train,0.7643018610953927,0.5841573348738809,0.0854888289915421
2019-07-02,2019-07-03,^GSPC,S&P 500,Benchmark,Train,0.2923847276988696,0.0854888289915421,0.5841691127836899
2019-07-03,2019-07-05,^GSPC,S&P 500,Benchmark,Train,0.7643095660684157,0.5841691127836899,0.0326717990061337
2019-07-05,2019-07-08,^GSPC,S&P 500,Benchmark,Train,-0.1807534204548664,0.0326717990061337,0.2349508619007256
2019-07-08,2019-07-09,^GSPC,S&P 500,Benchmark,Train,-0.4847173010123794,0.2349508619007256,0.0152718448332282
2019-07-09,2019-07-10,^GSPC,S&P 500,Benchmark,Train,0.123579305845389,0.0152718448332282,0.2025492272388259
2019-07-10,2019-07-11,^GSPC,S&P 500,Benchmark,Train,0.4500546936082613,0.2025492272388259,0.0521035214219925
2019-07-11,2019-07-12,^GSPC,S&P 500,Benchmark,Train,0.2282619578948549,0.0521035214219925,0.2124780648192804
2019-07-12,2019-07-15,^GSPC,S&P 500,Benchmark,Train,0.4609534302066538,0.2124780648192804,0.000309245337866
2019-07-15,2019-07-16,^GSPC,S&P 500,Benchmark,Train,0.0175853728384132,0.000309245337866,0.1162526683776497
2019-07-16,2019-07-17,^GSPC,S&P 500,Benchmark,Train,-0.3409584555010327,0.1162526683776497,0.4293742471053018
2019-07-17,2019-07-18,^GSPC,S&P 500,Benchmark,Train,-0.6552665466093183,0.4293742471053018,0.1278489897531227
2019-07-18,2019-07-19,^GSPC,S&P 500,Benchmark,Train,0.3575597708819082,0.1278489897531227,0.3838904626057344
2019-07-19,2019-07-22,^GSPC,S&P 500,Benchmark,Train,-0.6195889464844692,0.3838904626057344,0.0797893961630543
2019-07-22,2019-07-23,^GSPC,S&P 500,Benchmark,Train,0.2824701686250326,0.0797893961630543,0.4656895688190998
2019-07-23,2019-07-24,^GSPC,S&P 500,Benchmark,Train,0.682414513927642,0.4656895688190998,0.2187613261442886
2019-07-24,2019-07-25,^GSPC,S&P 500,Benchmark,Train,0.4677192813475714,0.2187613261442886,0.2783930458284484
2019-07-25,2019-07-26,^GSPC,S&P 500,Benchmark,Train,-0.5276296483599537,0.2783930458284484,0.5417748683297671
2019-07-26,2019-07-29,^GSPC,S&P 500,Benchmark,Train,0.7360535770783042,0.5417748683297671,0.0261605369659587
2019-07-29,2019-07-30,^GSPC,S&P 500,Benchmark,Train,-0.1617421929057436,0.0261605369659587,0.066666484614511
2019-07-30,2019-07-31,^GSPC,S&P 500,Benchmark,Train,-0.2581985372044371,0.066666484614511,1.1979755522517288
2019-07-31,2019-08-01,^GSPC,S&P 500,Benchmark,Train,-1.094520695213996,1.1979755522517288,0.8171305866720401
2019-08-01,2019-08-02,^GSPC,S&P 500,Benchmark,Train,-0.9039527568806016,0.8171305866720401,0.5342716082232569
2019-08-02,2019-08-05,^GSPC,S&P 500,Benchmark,Train,-0.7309388539565105,0.5342716082232569,9.13863914012932
2019-08-05,2019-08-06,^GSPC,S&P 500,Benchmark,Train,-3.0230182169694775,9.13863914012932,1.6726310748680733
2019-08-06,2019-08-07,^GSPC,S&P 500,Benchmark,Train,1.2933023911166612,1.6726310748680733,0.0058764847458452
2019-08-07,2019-08-08,^GSPC,S&P 500,Benchmark,Train,0.0766582333858876,0.0058764847458452,3.45530936882052
2019-08-08,2019-08-09,^GSPC,S&P 500,Benchmark,Train,1.8588462466865088,3.45530936882052,0.4407091879423934
2019-08-09,2019-08-12,^GSPC,S&P 500,Benchmark,Train,-0.6638593133657111,0.4407091879423934,1.5360650440174657
2019-08-12,2019-08-13,^GSPC,S&P 500,Benchmark,Train,-1.2393809115915355,1.5360650440174657,2.255507246045798
2019-08-13,2019-08-14,^GSPC,S&P 500,Benchmark,Train,1.5018346267301863,2.255507246045798,8.838938570709152
2019-08-14,2019-08-15,^GSPC,S&P 500,Benchmark,Train,-2.973035245453567,8.838938570709152,0.0605768608446918
2019-08-15,2019-08-16,^GSPC,S&P 500,Benchmark,Train,0.2461236698180242,0.0605768608446918,2.0514999540551435
2019-08-16,2019-08-19,^GSPC,S&P 500,Benchmark,Train,1.4323058172245002,2.0514999540551435,1.447973141636132
2019-08-19,2019-08-20,^GSPC,S&P 500,Benchmark,Train,1.2033175564397505,1.447973141636132,0.631423377864983
2019-08-20,2019-08-21,^GSPC,S&P 500,Benchmark,Train,-0.7946215312115467,0.631423377864983,0.6745303320949725
2019-08-21,2019-08-22,^GSPC,S&P 500,Benchmark,Train,0.8212979557352937,0.6745303320949725,0.0025624143598235
2019-08-22,2019-08-23,^GSPC,S&P 500,Benchmark,Train,-0.050620295927854,0.0025624143598235,6.911052706907004
2019-08-23,2019-08-26,^GSPC,S&P 500,Benchmark,Train,-2.6288881122837853,6.911052706907004,1.1931439172971894
2019-08-26,2019-08-27,^GSPC,S&P 500,Benchmark,Train,1.092311273079789,1.1931439172971894,0.1029332877592442
2019-08-27,2019-08-28,^GSPC,S&P 500,Benchmark,Train,-0.3208321800556238,0.1029332877592442,0.4256455319374116
2019-08-28,2019-08-29,^GSPC,S&P 500,Benchmark,Train,0.6524151530562512,0.4256455319374116,1.5894861350250356
2019-08-29,2019-08-30,^GSPC,S&P 500,Benchmark,Train,1.2607482441094398,1.5894861350250356,0.0041291003296381
2019-08-30,2019-09-03,^GSPC,S&P 500,Benchmark,Train,0.0642580759876775,0.0041291003296381,0.4792805822044938
2019-09-03,2019-09-04,^GSPC,S&P 500,Benchmark,Train,-0.6923009332685417,0.4792805822044938,1.162887308804653
2019-09-04,2019-09-05,^GSPC,S&P 500,Benchmark,Train,1.0783725278421428,1.162887308804653,1.670792248609159
2019-09-05,2019-09-06,^GSPC,S&P 500,Benchmark,Train,1.292591292175976,1.670792248609159,0.0082844730037206
2019-09-06,2019-09-09,^GSPC,S&P 500,Benchmark,Train,0.0910190804376786,0.0082844730037206,8.83875984865632e-05
2019-09-09,2019-09-10,^GSPC,S&P 500,Benchmark,Train,-0.0094014678899926,8.83875984865632e-05,0.0010384662601842
2019-09-10,2019-09-11,^GSPC,S&P 500,Benchmark,Train,0.0322252425931015,0.0010384662601842,0.5189289498595676
2019-09-11,2019-09-12,^GSPC,S&P 500,Benchmark,Train,0.7203672326387199,0.5189289498595676,0.0826571860010655
2019-09-12,2019-09-13,^GSPC,S&P 500,Benchmark,Train,0.2875016278233316,0.0826571860010655,0.0052515657600926
2019-09-13,2019-09-16,^GSPC,S&P 500,Benchmark,Train,-0.072467687696605,0.0052515657600926,0.098628213777988
2019-09-16,2019-09-17,^GSPC,S&P 500,Benchmark,Train,-0.314051291635599,0.098628213777988,0.0664827740135572
2019-09-17,2019-09-18,^GSPC,S&P 500,Benchmark,Train,0.2578425372461985,0.0664827740135572,0.0011739756748772
2019-09-18,2019-09-19,^GSPC,S&P 500,Benchmark,Train,0.034263328426719,0.0011739756748772,3.989815263111138e-06
2019-09-19,2019-09-20,^GSPC,S&P 500,Benchmark,Train,0.0019974521929475,3.989815263111138e-06,0.2408452897422277
2019-09-20,2019-09-23,^GSPC,S&P 500,Benchmark,Train,-0.4907599104880387,0.2408452897422277,9.397483384780076e-05
2019-09-23,2019-09-24,^GSPC,S&P 500,Benchmark,Train,-0.0096940617827513,9.397483384780076e-05,0.7143611743999602
2019-09-24,2019-09-25,^GSPC,S&P 500,Benchmark,Train,-0.845198896355148,0.7143611743999602,0.3769573487038936
2019-09-25,2019-09-26,^GSPC,S&P 500,Benchmark,Train,0.6139685241963904,0.3769573487038936,0.0591399660739708
2019-09-26,2019-09-27,^GSPC,S&P 500,Benchmark,Train,-0.243187100961319,0.0591399660739708,0.2841459889928548
2019-09-27,2019-09-30,^GSPC,S&P 500,Benchmark,Train,-0.5330534579128577,0.2841459889928548,0.2535032087561261
2019-09-30,2019-10-01,^GSPC,S&P 500,Benchmark,Train,0.5034910215248393,0.2535032087561261,1.5213068750555925
2019-10-01,2019-10-02,^GSPC,S&P 500,Benchmark,Train,-1.2334126945412849,1.5213068750555925,3.263588284629393
2019-10-02,2019-10-03,^GSPC,S&P 500,Benchmark,Train,-1.8065404187643832,3.263588284629393,0.630484399018917
2019-10-03,2019-10-04,^GSPC,S&P 500,Benchmark,Train,0.7940304773866788,0.630484399018917,1.9928362549136849
2019-10-04,2019-10-07,^GSPC,S&P 500,Benchmark,Train,1.4116785239259273,1.9928362549136849,0.2014530613266207
2019-10-07,2019-10-08,^GSPC,S&P 500,Benchmark,Train,-0.448835227368152,0.2014530613266207,2.459614935369369
2019-10-08,2019-10-09,^GSPC,S&P 500,Benchmark,Train,-1.5683159552109929,2.459614935369369,0.8214334371601826
2019-10-09,2019-10-10,^GSPC,S&P 500,Benchmark,Train,0.9063296514845924,0.8214334371601826,0.4089861388767004
2019-10-10,2019-10-11,^GSPC,S&P 500,Benchmark,Train,0.6395202411782605,0.4089861388767004,1.1836525387832402
2019-10-11,2019-10-14,^GSPC,S&P 500,Benchmark,Train,1.0879579673789057,1.1836525387832402,0.019267707315264
2019-10-14,2019-10-15,^GSPC,S&P 500,Benchmark,Train,-0.138808167321898,0.019267707315264,0.9813765999736368
2019-10-15,2019-10-16,^GSPC,S&P 500,Benchmark,Train,0.9906445376489172,0.9813765999736368,0.040061805984195
2019-10-16,2019-10-17,^GSPC,S&P 500,Benchmark,Train,-0.2001544553193733,0.040061805984195,0.076122022297027
2019-10-17,2019-10-18,^GSPC,S&P 500,Benchmark,Train,0.2759021969775287,0.076122022297027,0.1542168800685738
2019-10-18,2019-10-21,^GSPC,S&P 500,Benchmark,Train,-0.3927045709799847,0.1542168800685738,0.4689666679967101
2019-10-21,2019-10-22,^GSPC,S&P 500,Benchmark,Train,0.6848114105333746,0.4689666679967101,0.1278097719982077
2019-10-22,2019-10-23,^GSPC,S&P 500,Benchmark,Train,-0.3575049258376838,0.1278097719982077,0.0808323663507388
2019-10-23,2019-10-24,^GSPC,S&P 500,Benchmark,Train,0.2843103345830729,0.0808323663507388,0.0368104383819402
2019-10-24,2019-10-25,^GSPC,S&P 500,Benchmark,Train,0.1918604659171353,0.0368104383819402,0.1651958724709177
2019-10-25,2019-10-28,^GSPC,S&P 500,Benchmark,Train,0.4064429510656049,0.1651958724709177,0.3097835133865244
2019-10-28,2019-10-29,^GSPC,S&P 500,Benchmark,Train,0.55658199161177,0.3097835133865244,0.0069347582102254
2019-10-29,2019-10-30,^GSPC,S&P 500,Benchmark,Train,-0.0832751956480766,0.0069347582102254,0.105500847559616
2019-10-30,2019-10-31,^GSPC,S&P 500,Benchmark,Train,0.324808940085731,0.105500847559616,0.0916538468589991
2019-10-31,2019-11-01,^GSPC,S&P 500,Benchmark,Train,-0.302743863453909,0.0916538468589991,0.9246612052796296
2019-11-01,2019-11-04,^GSPC,S&P 500,Benchmark,Train,0.9615930559647514,0.9246612052796296,0.1366962654490034
2019-11-04,2019-11-05,^GSPC,S&P 500,Benchmark,Train,0.3697245805312427,0.1366962654490034,0.0140755139461542
2019-11-05,2019-11-06,^GSPC,S&P 500,Benchmark,Train,-0.1186402711820663,0.0140755139461542,0.0049315589437112
2019-11-06,2019-11-07,^GSPC,S&P 500,Benchmark,Train,0.0702250592289623,0.0049315589437112,0.0743312197262645
2019-11-07,2019-11-08,^GSPC,S&P 500,Benchmark,Train,0.2726375244280665,0.0743312197262645,0.0654031084664832
2019-11-08,2019-11-11,^GSPC,S&P 500,Benchmark,Train,0.2557403145115828,0.0654031084664832,0.0385884933994019
2019-11-11,2019-11-12,^GSPC,S&P 500,Benchmark,Train,-0.1964395413337192,0.0385884933994019,0.0244429241893219
2019-11-12,2019-11-13,^GSPC,S&P 500,Benchmark,Train,0.1563423301263032,0.0244429241893219,0.005059214719871
2019-11-13,2019-11-14,^GSPC,S&P 500,Benchmark,Train,0.0711281570116295,0.005059214719871,0.0070005453108648
2019-11-14,2019-11-15,^GSPC,S&P 500,Benchmark,Train,0.0836692614456759,0.0070005453108648,0.5876799722471298
2019-11-15,2019-11-18,^GSPC,S&P 500,Benchmark,Train,0.7666028777973181,0.5876799722471298,0.0025303548143938
2019-11-18,2019-11-19,^GSPC,S&P 500,Benchmark,Train,0.0503026322809636,0.0025303548143938,0.0035137639108948
2019-11-19,2019-11-20,^GSPC,S&P 500,Benchmark,Train,-0.0592770099692526,0.0035137639108948,0.1416209888975417
2019-11-20,2019-11-21,^GSPC,S&P 500,Benchmark,Train,-0.3763256420941067,0.1416209888975417,0.025090752810854
2019-11-21,2019-11-22,^GSPC,S&P 500,Benchmark,Train,-0.1584006086189507,0.025090752810854,0.0472007753509092
2019-11-22,2019-11-25,^GSPC,S&P 500,Benchmark,Train,0.2172573942375937,0.0472007753509092,0.5593920879618178
2019-11-25,2019-11-26,^GSPC,S&P 500,Benchmark,Train,0.7479251887467208,0.5593920879618178,0.048099667734875
2019-11-26,2019-11-27,^GSPC,S&P 500,Benchmark,Train,0.2193163644940227,0.048099667734875,0.1735335329989145
2019-11-27,2019-11-29,^GSPC,S&P 500,Benchmark,Train,0.4165735625299744,0.1735335329989145,0.1615466179857962
2019-11-29,2019-12-02,^GSPC,S&P 500,Benchmark,Train,-0.4019286229989053,0.1615466179857962,0.751426095525129
2019-12-02,2019-12-03,^GSPC,S&P 500,Benchmark,Train,-0.8668483693963605,0.751426095525129,0.4435860048790256
2019-12-03,2019-12-04,^GSPC,S&P 500,Benchmark,Train,-0.6660225258045148,0.4435860048790256,0.3973609924860382
2019-12-04,2019-12-05,^GSPC,S&P 500,Benchmark,Train,0.6303657608769992,0.3973609924860382,0.0224738154214792
2019-12-05,2019-12-06,^GSPC,S&P 500,Benchmark,Train,0.149912692663027,0.0224738154214792,0.827053108619193
2019-12-06,2019-12-09,^GSPC,S&P 500,Benchmark,Train,0.9094246030426012,0.827053108619193,0.1003517025249045
2019-12-09,2019-12-10,^GSPC,S&P 500,Benchmark,Train,-0.3167833684474369,0.1003517025249045,0.0120458564222835
2019-12-10,2019-12-11,^GSPC,S&P 500,Benchmark,Train,-0.1097536168984129,0.0120458564222835,0.0843285317437185
2019-12-11,2019-12-12,^GSPC,S&P 500,Benchmark,Train,0.290393752935077,0.0843285317437185,0.7290884055036828
2019-12-12,2019-12-13,^GSPC,S&P 500,Benchmark,Train,0.8538667375555057,0.7290884055036828,5.2677330458859974e-05
2019-12-13,2019-12-16,^GSPC,S&P 500,Benchmark,Train,0.0072579150214686,5.2677330458859974e-05,0.5072802539585898
2019-12-16,2019-12-17,^GSPC,S&P 500,Benchmark,Train,0.7122360942542787,0.5072802539585898,0.0011238319477825
2019-12-17,2019-12-18,^GSPC,S&P 500,Benchmark,Train,0.0335236028460926,0.0011238319477825,0.0018696426036451
2019-12-18,2019-12-19,^GSPC,S&P 500,Benchmark,Train,-0.0432393640522742,0.0018696426036451,0.1979697190045413
2019-12-19,2019-12-20,^GSPC,S&P 500,Benchmark,Train,0.4449378821864254,0.1979697190045413,0.2433050136893435
2019-12-20,2019-12-23,^GSPC,S&P 500,Benchmark,Train,0.4932595804334098,0.2433050136893435,0.0074955546665809
2019-12-23,2019-12-24,^GSPC,S&P 500,Benchmark,Train,0.086576871429851,0.0074955546665809,0.0003820746633417
2019-12-24,2019-12-26,^GSPC,S&P 500,Benchmark,Train,-0.019546730246814,0.0003820746633417,0.2616386345874734
2019-12-26,2019-12-27,^GSPC,S&P 500,Benchmark,Train,0.5115062410053991,0.2616386345874734,1.1549217482897111e-05
2019-12-27,2019-12-30,^GSPC,S&P 500,Benchmark,Train,0.003398413965793,1.1549217482897111e-05,0.3361212029929338
2019-12-30,2019-12-31,^GSPC,S&P 500,Benchmark,Train,-0.5797596079349905,0.3361212029929338,0.086535438461192
2019-12-31,2020-01-02,^GSPC,S&P 500,Benchmark,Train,0.2941690644190718,0.086535438461192,0.6962058981729025
2020-01-02,2020-01-03,^GSPC,S&P 500,Benchmark,Train,0.8343895362316707,0.6962058981729025,0.5019594070962072
2020-01-03,2020-01-06,^GSPC,S&P 500,Benchmark,Train,-0.7084909364954552,0.5019594070962072,0.1244075322148004
2020-01-06,2020-01-07,^GSPC,S&P 500,Benchmark,Train,0.3527145194272564,0.1244075322148004,0.0788023195557005
2020-01-07,2020-01-08,^GSPC,S&P 500,Benchmark,Train,-0.280717508459484,0.0788023195557005,0.2391673091375889
2020-01-08,2020-01-09,^GSPC,S&P 500,Benchmark,Train,0.4890473485641129,0.2391673091375889,0.4399952952072755
2020-01-09,2020-01-10,^GSPC,S&P 500,Benchmark,Train,0.6633214116906491,0.4399952952072755,0.0817538197245271
2020-01-10,2020-01-13,^GSPC,S&P 500,Benchmark,Train,-0.2859262487504901,0.0817538197245271,0.4833022121469145
2020-01-13,2020-01-14,^GSPC,S&P 500,Benchmark,Train,0.6951994045933256,0.4833022121469145,0.0229728839933291
2020-01-14,2020-01-15,^GSPC,S&P 500,Benchmark,Train,-0.151568083689572,0.0229728839933291,0.034911063131376
2020-01-15,2020-01-16,^GSPC,S&P 500,Benchmark,Train,0.1868450243687962,0.034911063131376,0.6941801510786989
2020-01-16,2020-01-17,^GSPC,S&P 500,Benchmark,Train,0.8331747422232019,0.6941801510786989,0.1485889131470241
2020-01-17,2020-01-21,^GSPC,S&P 500,Benchmark,Train,0.3854723247485144,0.1485889131470241,0.0705168221286811
2020-01-21,2020-01-22,^GSPC,S&P 500,Benchmark,Train,-0.2655500369585384,0.0705168221286811,0.0008354082465792
2020-01-22,2020-01-23,^GSPC,S&P 500,Benchmark,Train,0.0289034296681074,0.0008354082465792,0.0130034382725889
2020-01-23,2020-01-24,^GSPC,S&P 500,Benchmark,Train,0.114032619335824,0.0130034382725889,0.8250614680000388
2020-01-24,2020-01-27,^GSPC,S&P 500,Benchmark,Train,-0.9083289426193788,0.8250614680000388,2.514048828015652
2020-01-27,2020-01-28,^GSPC,S&P 500,Benchmark,Train,-1.5855752356844035,2.514048828015652,1.0006768145512497
2020-01-28,2020-01-29,^GSPC,S&P 500,Benchmark,Train,1.0003383500352516,1.0006768145512497,0.0075212281154756
2020-01-29,2020-01-30,^GSPC,S&P 500,Benchmark,Train,-0.0867250143584631,0.0075212281154756,0.0979350067804603
2020-01-30,2020-01-31,^GSPC,S&P 500,Benchmark,Train,0.312945693021106,0.0979350067804603,3.1913834411441107
2020-01-31,2020-02-03,^GSPC,S&P 500,Benchmark,Train,-1.7864443571362951,3.1913834411441107,0.5225013898565086
2020-02-03,2020-02-04,^GSPC,S&P 500,Benchmark,Train,0.7228425761232584,0.5225013898565086,2.210965558545991
2020-02-04,2020-02-05,^GSPC,S&P 500,Benchmark,Train,1.486931591750606,2.210965558545991,1.2516639132217025
2020-02-05,2020-02-06,^GSPC,S&P 500,Benchmark,Train,1.1187778658972936,1.2516639132217025,0.1102342960253544
2020-02-06,2020-02-07,^GSPC,S&P 500,Benchmark,Train,0.3320155057001924,0.1102342960253544,0.2932754287352423
2020-02-07,2020-02-10,^GSPC,S&P 500,Benchmark,Train,-0.5415491009458352,0.2932754287352423,0.5328547585639408
2020-02-10,2020-02-11,^GSPC,S&P 500,Benchmark,Train,0.7299690120573207,0.5328547585639408,0.0284613326894147
2020-02-11,2020-02-12,^GSPC,S&P 500,Benchmark,Train,0.1687048686002117,0.0284613326894147,0.414974714290144
2020-02-12,2020-02-13,^GSPC,S&P 500,Benchmark,Train,0.6441853105203067,0.414974714290144,0.0266269408901783
2020-02-13,2020-02-14,^GSPC,S&P 500,Benchmark,Train,-0.1631776359988659,0.0266269408901783,0.0339236021368397
2020-02-14,2020-02-18,^GSPC,S&P 500,Benchmark,Train,0.1841836098485414,0.0339236021368397,0.085510274367819
2020-02-18,2020-02-19,^GSPC,S&P 500,Benchmark,Train,-0.2924213986147713,0.085510274367819,0.2204066145279624
2020-02-19,2020-02-20,^GSPC,S&P 500,Benchmark,Train,0.4694748284284925,0.2204066145279624,0.1461393308780164
2020-02-20,2020-02-21,^GSPC,S&P 500,Benchmark,Train,-0.3822817427997528,0.1461393308780164,1.1180544169206477
2020-02-21,2020-02-24,^GSPC,S&P 500,Benchmark,Train,-1.0573809232819775,1.1180544169206477,11.619971585742752
2020-02-24,2020-02-25,^GSPC,S&P 500,Benchmark,Train,-3.408807942044074,11.619971585742752,9.454336234758658
2020-02-25,2020-02-26,^GSPC,S&P 500,Benchmark,Train,-3.0747904375353223,9.454336234758658,0.1433150422538243
2020-02-26,2020-02-27,^GSPC,S&P 500,Benchmark,Train,-0.3785697323530029,0.1433150422538243,20.401605415364553
2020-02-27,2020-02-28,^GSPC,S&P 500,Benchmark,Train,-4.516813635226115,20.401605415364553,0.6843364590057107
2020-02-28,2020-03-02,^GSPC,S&P 500,Benchmark,Train,-0.8272463109653078,0.6843364590057107,20.25978307377337
2020-03-02,2020-03-03,^GSPC,S&P 500,Benchmark,Train,4.50108687694132,20.25978307377337,8.128477505397395
2020-03-03,2020-03-04,^GSPC,S&P 500,Benchmark,Train,-2.851048492291458,8.128477505397395,17.086937784643155
2020-03-04,2020-03-05,^GSPC,S&P 500,Benchmark,Train,4.133634936063314,17.086937784643155,11.909941046197094
2020-03-05,2020-03-06,^GSPC,S&P 500,Benchmark,Train,-3.451078243998112,11.909941046197094,2.9587246253256403
2020-03-06,2020-03-09,^GSPC,S&P 500,Benchmark,Train,-1.720094365238617,2.9587246253256403,62.4264535300802
2020-03-09,2020-03-10,^GSPC,S&P 500,Benchmark,Train,-7.901041294037148,62.4264535300802,23.246912804283426
2020-03-10,2020-03-11,^GSPC,S&P 500,Benchmark,Train,4.821505242585911,23.246912804283426,25.10299867790603
2020-03-11,2020-03-12,^GSPC,S&P 500,Benchmark,Train,-5.01028928086054,25.10299867790603,99.88973521752216
2020-03-12,2020-03-13,^GSPC,S&P 500,Benchmark,Train,-9.994485240247352,99.88973521752216,78.869331448611
2020-03-13,2020-03-16,^GSPC,S&P 500,Benchmark,Train,8.880840694923595,78.869331448611,162.95083519639175
2020-03-16,2020-03-17,^GSPC,S&P 500,Benchmark,Train,-12.765219747281742,162.95083519639175,33.90303483149312
2020-03-17,2020-03-18,^GSPC,S&P 500,Benchmark,Train,5.822631263569171,33.90303483149312,28.32610272190114
2020-03-18,2020-03-19,^GSPC,S&P 500,Benchmark,Train,-5.322227233208024,28.32610272190114,0.2205956361308264
2020-03-19,2020-03-20,^GSPC,S&P 500,Benchmark,Train,0.4696760970401053,0.2205956361308264,19.649382542166236
2020-03-20,2020-03-23,^GSPC,S&P 500,Benchmark,Train,-4.432762405336681,19.649382542166236,8.839621522824658
2020-03-23,2020-03-24,^GSPC,S&P 500,Benchmark,Train,-2.973150100957679,8.839621522824658,80.43082194871063
2020-03-24,2020-03-25,^GSPC,S&P 500,Benchmark,Train,8.968323251796326,80.43082194871063,1.31537741272912
2020-03-25,2020-03-26,^GSPC,S&P 500,Benchmark,Train,1.1468990420822227,1.31537741272912,36.65555481146904
2020-03-26,2020-03-27,^GSPC,S&P 500,Benchmark,Train,6.054383107424656,36.65555481146904,11.742852380647571
2020-03-27,2020-03-30,^GSPC,S&P 500,Benchmark,Train,-3.4267845541626296,11.742852380647571,10.86796093808351
2020-03-30,2020-03-31,^GSPC,S&P 500,Benchmark,Train,3.296659056997479,10.86796093808351,2.605741975898065
2020-03-31,2020-04-01,^GSPC,S&P 500,Benchmark,Train,-1.6142310788415843,2.605741975898065,20.381940680003705
2020-04-01,2020-04-02,^GSPC,S&P 500,Benchmark,Train,-4.514636273278691,20.381940680003705,5.095248466111426
2020-04-02,2020-04-03,^GSPC,S&P 500,Benchmark,Train,2.257265705696037,5.095248466111426,2.326497633756262
2020-04-03,2020-04-06,^GSPC,S&P 500,Benchmark,Train,-1.52528608259443,2.326497633756262,46.19682212131266
2020-04-06,2020-04-07,^GSPC,S&P 500,Benchmark,Train,6.796824414483035,46.19682212131266,0.0257390378210056
2020-04-07,2020-04-08,^GSPC,S&P 500,Benchmark,Train,-0.1604339048362459,0.0257390378210056,11.215379827876488
2020-04-08,2020-04-09,^GSPC,S&P 500,Benchmark,Train,3.3489371191284687,11.215379827876488,2.068842179774008
2020-04-09,2020-04-13,^GSPC,S&P 500,Benchmark,Train,1.438347030369934,2.068842179774008,1.0314554344381512
2020-04-13,2020-04-14,^GSPC,S&P 500,Benchmark,Train,-1.015605944467711,1.0314554344381512,9.068866982340612
2020-04-14,2020-04-15,^GSPC,S&P 500,Benchmark,Train,3.0114559572307567,9.068866982340612,4.962528185562036
2020-04-15,2020-04-16,^GSPC,S&P 500,Benchmark,Train,-2.227673267236925,4.962528185562036,0.3363811896497496
2020-04-16,2020-04-17,^GSPC,S&P 500,Benchmark,Train,0.5799837839541289,0.3363811896497496,6.991228861560958
2020-04-17,2020-04-20,^GSPC,S&P 500,Benchmark,Train,2.6440932021320576,6.991228861560958,3.2554427789927436
2020-04-20,2020-04-21,^GSPC,S&P 500,Benchmark,Train,-1.8042845615347771,3.2554427789927436,9.706412053890434
2020-04-21,2020-04-22,^GSPC,S&P 500,Benchmark,Train,-3.115511523633067,9.706412053890434,5.139878700855942
2020-04-22,2020-04-23,^GSPC,S&P 500,Benchmark,Train,2.267130058213675,5.139878700855942,0.0029113325992895
2020-04-23,2020-04-24,^GSPC,S&P 500,Benchmark,Train,-0.0539567660195596,0.0029113325992895,1.9105018763790564
2020-04-24,2020-04-27,^GSPC,S&P 500,Benchmark,Train,1.3822090566839216,1.9105018763790564,2.1336059807861147
2020-04-27,2020-04-28,^GSPC,S&P 500,Benchmark,Train,1.4606868181735997,2.1336059807861147,0.2762732507132885
2020-04-28,2020-04-29,^GSPC,S&P 500,Benchmark,Train,-0.5256170190483643,0.2762732507132885,6.883646391487535
2020-04-29,2020-04-30,^GSPC,S&P 500,Benchmark,Train,2.623670404507307,6.883646391487535,0.8565767785624541
2020-04-30,2020-05-01,^GSPC,S&P 500,Benchmark,Train,-0.9255143319054838,0.8565767785624541,8.099836110055746
2020-05-01,2020-05-04,^GSPC,S&P 500,Benchmark,Train,-2.8460211014775956,8.099836110055746,0.1798457614527888
2020-05-04,2020-05-05,^GSPC,S&P 500,Benchmark,Train,0.4240822578849401,0.1798457614527888,0.8099883356423575
2020-05-05,2020-05-06,^GSPC,S&P 500,Benchmark,Train,0.8999935197779801,0.8099883356423575,0.4905434064409296
2020-05-06,2020-05-07,^GSPC,S&P 500,Benchmark,Train,-0.7003880399042588,0.4905434064409296,1.3084970876234947
2020-05-07,2020-05-08,^GSPC,S&P 500,Benchmark,Train,1.1438955754890805,1.3084970876234947,2.799195035145989
2020-05-08,2020-05-11,^GSPC,S&P 500,Benchmark,Train,1.6730795065226245,2.799195035145989,0.0001770745637809
2020-05-11,2020-05-12,^GSPC,S&P 500,Benchmark,Train,0.0133069366790764,0.0001770745637809,4.290435216066332
2020-05-12,2020-05-13,^GSPC,S&P 500,Benchmark,Train,-2.0713365772047605,4.290435216066332,3.1035857005989445
2020-05-13,2020-05-14,^GSPC,S&P 500,Benchmark,Train,-1.7616996624280044,3.1035857005989445,1.313067972404666
2020-05-14,2020-05-15,^GSPC,S&P 500,Benchmark,Train,1.1458917804071491,1.313067972404666,0.1535601535227372
2020-05-15,2020-05-18,^GSPC,S&P 500,Benchmark,Train,0.3918675203723029,0.1535601535227372,9.619431750512396
2020-05-18,2020-05-19,^GSPC,S&P 500,Benchmark,Train,3.1015208770073426,9.619431750512396,1.1108628182416234
2020-05-19,2020-05-20,^GSPC,S&P 500,Benchmark,Train,-1.0539747711599283,1.1108628182416234,2.727118859799818
2020-05-20,2020-05-21,^GSPC,S&P 500,Benchmark,Train,1.65139906134157,2.727118859799818,0.6090192138276139
2020-05-21,2020-05-22,^GSPC,S&P 500,Benchmark,Train,-0.7803968309953686,0.6090192138276139,0.0552694562234166
2020-05-22,2020-05-26,^GSPC,S&P 500,Benchmark,Train,0.2350945686812366,0.0552694562234166,1.4918875858547478
2020-05-26,2020-05-27,^GSPC,S&P 500,Benchmark,Train,1.2214285021460518,1.4918875858547478,2.1663269652514066
2020-05-27,2020-05-28,^GSPC,S&P 500,Benchmark,Train,1.4718447490314346,2.1663269652514066,0.0445268797057192
2020-05-28,2020-05-29,^GSPC,S&P 500,Benchmark,Train,-0.2110139324919548,0.0445268797057192,0.230476187318816
2020-05-29,2020-06-01,^GSPC,S&P 500,Benchmark,Train,0.4800793552307952,0.230476187318816,0.1401915703685544
2020-06-01,2020-06-02,^GSPC,S&P 500,Benchmark,Train,0.3744216478364391,0.1401915703685544,0.6686835439077012
2020-06-02,2020-06-03,^GSPC,S&P 500,Benchmark,Train,0.8177307282398658,0.6686835439077012,1.837833235202225
2020-06-03,2020-06-04,^GSPC,S&P 500,Benchmark,Train,1.355667081256392,1.837833235202225,0.1138650168757894
2020-06-04,2020-06-05,^GSPC,S&P 500,Benchmark,Train,-0.3374389083608904,0.1138650168757894,6.694645394941744
2020-06-05,2020-06-08,^GSPC,S&P 500,Benchmark,Train,2.5874012821635812,6.694645394941744,1.4327267447305263
2020-06-08,2020-06-09,^GSPC,S&P 500,Benchmark,Train,1.1969656405806002,1.4327267447305263,0.6130488201867961
2020-06-09,2020-06-10,^GSPC,S&P 500,Benchmark,Train,-0.7829743419721977,0.6130488201867961,0.2837965366803033
2020-06-10,2020-06-11,^GSPC,S&P 500,Benchmark,Train,-0.5327255735182077,0.2837965366803033,36.908897063013335
2020-06-11,2020-06-12,^GSPC,S&P 500,Benchmark,Train,-6.075269299628893,36.908897063013335,1.683840140605974
2020-06-12,2020-06-15,^GSPC,S&P 500,Benchmark,Train,1.297628660521173,1.683840140605974,0.6852297972508119
2020-06-15,2020-06-16,^GSPC,S&P 500,Benchmark,Train,0.827786081817526,0.6852297972508119,3.5287069722396267
2020-06-16,2020-06-17,^GSPC,S&P 500,Benchmark,Train,1.8784852866710529,3.5287069722396267,0.1300897906370973
2020-06-17,2020-06-18,^GSPC,S&P 500,Benchmark,Train,-0.3606796232629414,0.1300897906370973,0.0035288756560037
2020-06-18,2020-06-19,^GSPC,S&P 500,Benchmark,Train,0.0594043403801757,0.0035288756560037,0.3209804396283303
2020-06-19,2020-06-22,^GSPC,S&P 500,Benchmark,Train,-0.5665513565673728,0.3209804396283303,0.4191388401383702
2020-06-22,2020-06-23,^GSPC,S&P 500,Benchmark,Train,0.6474093296658384,0.4191388401383702,0.184742583986204
2020-06-23,2020-06-24,^GSPC,S&P 500,Benchmark,Train,0.4298169191483789,0.184742583986204,6.861919396272889
2020-06-24,2020-06-25,^GSPC,S&P 500,Benchmark,Train,-2.61952655956623,6.861919396272889,1.1880624450483348
2020-06-25,2020-06-26,^GSPC,S&P 500,Benchmark,Train,1.089982772821816,1.1880624450483348,6.014856447221967
2020-06-26,2020-06-29,^GSPC,S&P 500,Benchmark,Train,-2.4525204274831163,6.014856447221967,2.125439786269306
2020-06-29,2020-06-30,^GSPC,S&P 500,Benchmark,Train,1.457888811353358,2.125439786269306,2.3385595126525343
2020-06-30,2020-07-01,^GSPC,S&P 500,Benchmark,Train,1.529234943575556,2.3385595126525343,0.2509573122834009
2020-07-01,2020-07-02,^GSPC,S&P 500,Benchmark,Train,0.5009563975870565,0.2509573122834009,0.2052969346178649
2020-07-02,2020-07-06,^GSPC,S&P 500,Benchmark,Train,0.4530970476816914,0.2052969346178649,2.482808692495781
2020-07-06,2020-07-07,^GSPC,S&P 500,Benchmark,Train,1.575693083216329,2.482808692495781,1.183195248045856
2020-07-07,2020-07-08,^GSPC,S&P 500,Benchmark,Train,-1.0877477869643568,1.183195248045856,0.607929947921203
2020-07-08,2020-07-09,^GSPC,S&P 500,Benchmark,Train,0.7796986263430269,0.607929947921203,0.3203097567741483
2020-07-09,2020-07-10,^GSPC,S&P 500,Benchmark,Train,-0.5659591476194623,0.3203097567741483,1.0840578277918689
2020-07-10,2020-07-13,^GSPC,S&P 500,Benchmark,Train,1.0411809774443004,1.0840578277918689,0.884849742208033
2020-07-13,2020-07-14,^GSPC,S&P 500,Benchmark,Train,-0.9406645216058874,0.884849742208033,1.773504948154139
2020-07-14,2020-07-15,^GSPC,S&P 500,Benchmark,Train,1.331730058290395,1.773504948154139,0.8174071052641372
2020-07-15,2020-07-16,^GSPC,S&P 500,Benchmark,Train,0.9041056936355047,0.8174071052641372,0.1164116542831102
2020-07-16,2020-07-17,^GSPC,S&P 500,Benchmark,Train,-0.3411915214115237,0.1164116542831102,0.0809153631468008
2020-07-17,2020-07-20,^GSPC,S&P 500,Benchmark,Train,0.284456258758356,0.0809153631468008,0.7008698928117524
2020-07-20,2020-07-21,^GSPC,S&P 500,Benchmark,Train,0.8371797255140334,0.7008698928117524,0.0281444018417645
2020-07-21,2020-07-22,^GSPC,S&P 500,Benchmark,Train,0.1677629334560068,0.0281444018417645,0.3284012701031985
2020-07-22,2020-07-23,^GSPC,S&P 500,Benchmark,Train,0.5730630594473862,0.3284012701031985,1.5367019773961963
2020-07-23,2020-07-24,^GSPC,S&P 500,Benchmark,Train,-1.239637841224685,1.5367019773961963,0.3855962923109211
2020-07-24,2020-07-27,^GSPC,S&P 500,Benchmark,Train,-0.6209640024276134,0.3855962923109211,0.5428637511843062
2020-07-27,2020-07-28,^GSPC,S&P 500,Benchmark,Train,0.7367928821482372,0.5428637511843062,0.4217769140696762
2020-07-28,2020-07-29,^GSPC,S&P 500,Benchmark,Train,-0.6494435418646306,0.4217769140696762,1.5256655196838522
2020-07-29,2020-07-30,^GSPC,S&P 500,Benchmark,Train,1.2351783351742582,1.5256655196838522,0.1411731654166093
2020-07-30,2020-07-31,^GSPC,S&P 500,Benchmark,Train,-0.3757301763454851,0.1411731654166093,0.5838849130874811
2020-07-31,2020-08-03,^GSPC,S&P 500,Benchmark,Train,0.7641236242176269,0.5838849130874811,0.5119921485849805
2020-08-03,2020-08-04,^GSPC,S&P 500,Benchmark,Train,0.7155362664358673,0.5119921485849805,0.1299907519737405
2020-08-04,2020-08-05,^GSPC,S&P 500,Benchmark,Train,0.3605423026133557,0.1299907519737405,0.4107733748820828
2020-08-05,2020-08-06,^GSPC,S&P 500,Benchmark,Train,0.6409160435517922,0.4107733748820828,0.4105126384467997
2020-08-06,2020-08-07,^GSPC,S&P 500,Benchmark,Train,0.6407126020664802,0.4105126384467997,0.0040047288491389
2020-08-07,2020-08-10,^GSPC,S&P 500,Benchmark,Train,0.0632829269956669,0.0040047288491389,0.0749919205357349
2020-08-10,2020-08-11,^GSPC,S&P 500,Benchmark,Train,0.2738465273391921,0.0749919205357349,0.6401688753590882
2020-08-11,2020-08-12,^GSPC,S&P 500,Benchmark,Train,-0.8001055401377297,0.6401688753590882,1.9319616401016793
2020-08-12,2020-08-13,^GSPC,S&P 500,Benchmark,Train,1.3899502293613537,1.9319616401016793,0.0419951850124236
2020-08-13,2020-08-14,^GSPC,S&P 500,Benchmark,Train,-0.2049272676156681,0.0419951850124236,0.000295487148475
2020-08-14,2020-08-17,^GSPC,S&P 500,Benchmark,Train,-0.0171897396279029,0.000295487148475,0.0732339670168462
2020-08-17,2020-08-18,^GSPC,S&P 500,Benchmark,Train,0.2706177507423455,0.0732339670168462,0.05293406479379
2020-08-18,2020-08-19,^GSPC,S&P 500,Benchmark,Train,0.2300740419816847,0.05293406479379,0.1948448490648089
2020-08-19,2020-08-20,^GSPC,S&P 500,Benchmark,Train,-0.4414123345182018,0.1948448490648089,0.099455383979123
2020-08-20,2020-08-21,^GSPC,S&P 500,Benchmark,Train,0.3153654768346133,0.099455383979123,0.1180059892301403
2020-08-21,2020-08-24,^GSPC,S&P 500,Benchmark,Train,0.3435199982972466,0.1180059892301403,0.9987234806163546
2020-08-24,2020-08-25,^GSPC,S&P 500,Benchmark,Train,0.9993615364903508,0.9987234806163546,0.1288738018302899
2020-08-25,2020-08-26,^GSPC,S&P 500,Benchmark,Train,0.3589899745540117,0.1288738018302899,1.0290076328414612
2020-08-26,2020-08-27,^GSPC,S&P 500,Benchmark,Train,1.0144001344841498,1.0290076328414612,0.0279440045566323
2020-08-27,2020-08-28,^GSPC,S&P 500,Benchmark,Train,0.1671646031809138,0.0279440045566323,0.4502413824124092
2020-08-28,2020-08-31,^GSPC,S&P 500,Benchmark,Train,0.6710002849570254,0.4502413824124092,0.0482845766194119
2020-08-31,2020-09-01,^GSPC,S&P 500,Benchmark,Train,-0.2197375175508541,0.0482845766194119,0.5620248135048388
2020-09-01,2020-09-02,^GSPC,S&P 500,Benchmark,Train,0.7496831420705943,0.5620248135048388,2.3253353029025345
2020-09-02,2020-09-03,^GSPC,S&P 500,Benchmark,Train,1.5249050143869731,2.3253353029025345,12.786055388372446
2020-09-03,2020-09-04,^GSPC,S&P 500,Benchmark,Train,-3.5757594142185303,12.786055388372446,0.6668814135764394
2020-09-04,2020-09-08,^GSPC,S&P 500,Benchmark,Train,-0.8166280754275103,0.6668814135764394,7.923565789391186
2020-09-08,2020-09-09,^GSPC,S&P 500,Benchmark,Train,-2.8148829086466787,7.923565789391186,3.9779347787165817
2020-09-09,2020-09-10,^GSPC,S&P 500,Benchmark,Train,1.9944760662180383,3.9779347787165817,3.1475180698536547
2020-09-10,2020-09-11,^GSPC,S&P 500,Benchmark,Train,-1.7741245925395586,3.1475180698536547,0.00284014553399
2020-09-11,2020-09-14,^GSPC,S&P 500,Benchmark,Train,0.0532930158087349,0.00284014553399,1.6030940461587393
2020-09-14,2020-09-15,^GSPC,S&P 500,Benchmark,Train,1.266133502502299,1.6030940461587393,0.2710020715418818
2020-09-15,2020-09-16,^GSPC,S&P 500,Benchmark,Train,0.5205785930499657,0.2710020715418818,0.2143363034601114
2020-09-16,2020-09-17,^GSPC,S&P 500,Benchmark,Train,-0.4629646892151834,0.2143363034601114,0.7136785123696967
2020-09-17,2020-09-18,^GSPC,S&P 500,Benchmark,Train,-0.8447949528552456,0.7136785123696967,1.264630008895319
2020-09-18,2020-09-21,^GSPC,S&P 500,Benchmark,Train,-1.1245576947828506,1.264630008895319,1.3545617261750846
2020-09-21,2020-09-22,^GSPC,S&P 500,Benchmark,Train,-1.1638564027297718,1.3545617261750846,1.0947471215268827
2020-09-22,2020-09-23,^GSPC,S&P 500,Benchmark,Train,1.0463016398376153,1.0947471215268827,5.763523217496225
2020-09-23,2020-09-24,^GSPC,S&P 500,Benchmark,Train,-2.400733891437413,5.763523217496225,0.0889832213894777
2020-09-24,2020-09-25,^GSPC,S&P 500,Benchmark,Train,0.298300555462905,0.0889832213894777,2.5123642359969316
2020-09-25,2020-09-28,^GSPC,S&P 500,Benchmark,Train,1.5850439224188495,2.5123642359969316,2.554304564534099
2020-09-28,2020-09-29,^GSPC,S&P 500,Benchmark,Train,1.59821918538544,2.554304564534099,0.2327370361239749
2020-09-29,2020-09-30,^GSPC,S&P 500,Benchmark,Train,-0.4824282704443997,0.2327370361239749,0.6756581184894551
2020-09-30,2020-10-01,^GSPC,S&P 500,Benchmark,Train,0.8219842568379611,0.6756581184894551,0.2786730850237119
2020-10-01,2020-10-02,^GSPC,S&P 500,Benchmark,Train,0.5278949564295078,0.2786730850237119,0.9261777408692532
2020-10-02,2020-10-05,^GSPC,S&P 500,Benchmark,Train,-0.962381286637086,0.9261777408692532,3.1730685234923026
2020-10-05,2020-10-06,^GSPC,S&P 500,Benchmark,Train,1.781310900290093,3.1730685234923026,1.980229961265988
2020-10-06,2020-10-07,^GSPC,S&P 500,Benchmark,Train,-1.4072064387523204,1.980229961265988,2.974646581175332
2020-10-07,2020-10-08,^GSPC,S&P 500,Benchmark,Train,1.7247163770241565,2.974646581175332,0.6365188099585856
2020-10-08,2020-10-09,^GSPC,S&P 500,Benchmark,Train,0.7978212894869287,0.6365188099585856,0.7665169162404226
2020-10-09,2020-10-12,^GSPC,S&P 500,Benchmark,Train,0.8755095180752878,0.7665169162404226,2.6512078835673782
2020-10-12,2020-10-13,^GSPC,S&P 500,Benchmark,Train,1.6282530158324222,2.6512078835673782,0.4002955768717623
2020-10-13,2020-10-14,^GSPC,S&P 500,Benchmark,Train,-0.6326891629163268,0.4002955768717623,0.4415831202676243
2020-10-14,2020-10-15,^GSPC,S&P 500,Benchmark,Train,-0.6645172084059406,0.4415831202676243,0.0233760711231366
2020-10-15,2020-10-16,^GSPC,S&P 500,Benchmark,Train,-0.1528923514213078,0.0233760711231366,0.0001820083130823
2020-10-16,2020-10-19,^GSPC,S&P 500,Benchmark,Train,0.0134910456630455,0.0001820083130823,2.7108514466028453
2020-10-19,2020-10-20,^GSPC,S&P 500,Benchmark,Train,-1.6464663514942677,2.7108514466028453,0.2224249829640053
2020-10-20,2020-10-21,^GSPC,S&P 500,Benchmark,Train,0.4716195320001127,0.2224249829640053,0.0483170520786157
2020-10-21,2020-10-22,^GSPC,S&P 500,Benchmark,Train,-0.2198114011570277,0.0483170520786157,0.2709571030166334
2020-10-22,2020-10-23,^GSPC,S&P 500,Benchmark,Train,0.5205354003491341,0.2709571030166334,0.1183248767041991
2020-10-23,2020-10-26,^GSPC,S&P 500,Benchmark,Train,0.3439838320389479,0.1183248767041991,3.521054464168796
2020-10-26,2020-10-27,^GSPC,S&P 500,Benchmark,Train,-1.8764472985322012,3.521054464168796,0.091821444658686
2020-10-27,2020-10-28,^GSPC,S&P 500,Benchmark,Train,-0.3030205350445511,0.091821444658686,12.906445757951907
2020-10-28,2020-10-29,^GSPC,S&P 500,Benchmark,Train,-3.592554210857772,12.906445757951907,1.4105184465038123
2020-10-29,2020-10-30,^GSPC,S&P 500,Benchmark,Train,1.1876524939997442,1.4105184465038123,1.489306218540188
2020-10-30,2020-11-02,^GSPC,S&P 500,Benchmark,Train,-1.2203713445259965,1.489306218540188,1.4988984650943926
2020-11-02,2020-11-03,^GSPC,S&P 500,Benchmark,Train,1.2242950890591666,1.4988984650943926,3.1126619298918
2020-11-03,2020-11-04,^GSPC,S&P 500,Benchmark,Train,1.7642737684077832,3.1126619298918,4.755681751974829
2020-11-04,2020-11-05,^GSPC,S&P 500,Benchmark,Train,2.18075256550917,4.755681751974829,3.714587736993648
2020-11-05,2020-11-06,^GSPC,S&P 500,Benchmark,Train,1.927326577670128,3.714587736993648,0.00082803852426
2020-11-06,2020-11-09,^GSPC,S&P 500,Benchmark,Train,-0.0287756585373819,0.00082803852426,1.3530283649958814
2020-11-09,2020-11-10,^GSPC,S&P 500,Benchmark,Train,1.1631974746344154,1.3530283649958814,0.0196217121939685
2020-11-10,2020-11-11,^GSPC,S&P 500,Benchmark,Train,-0.1400775220867666,0.0196217121939685,0.5810598769595448
2020-11-11,2020-11-12,^GSPC,S&P 500,Benchmark,Train,0.7622728362991461,0.5810598769595448,1.0057385185253644
2020-11-12,2020-11-13,^GSPC,S&P 500,Benchmark,Train,-1.002865154706935,1.0057385185253644,1.8275110505025256
2020-11-13,2020-11-16,^GSPC,S&P 500,Benchmark,Train,1.3518546706294008,1.8275110505025256,1.3411342135291464
2020-11-16,2020-11-17,^GSPC,S&P 500,Benchmark,Train,1.1580734922832605,1.3411342135291464,0.2307307219226899
2020-11-17,2020-11-18,^GSPC,S&P 500,Benchmark,Train,-0.4803443784647531,0.2307307219226899,1.3528506112608267
2020-11-18,2020-11-19,^GSPC,S&P 500,Benchmark,Train,-1.1631210647481314,1.3528506112608267,0.1551316619676933
2020-11-19,2020-11-20,^GSPC,S&P 500,Benchmark,Train,0.3938675690732779,0.1551316619676933,0.46454275936599
2020-11-20,2020-11-23,^GSPC,S&P 500,Benchmark,Train,-0.6815737372918576,0.46454275936599,0.3158561597569385
2020-11-23,2020-11-24,^GSPC,S&P 500,Benchmark,Train,0.5620108181849692,0.3158561597569385,2.570397356236252
2020-11-24,2020-11-25,^GSPC,S&P 500,Benchmark,Train,1.6032458814031776,2.570397356236252,0.0251436443025981
2020-11-25,2020-11-27,^GSPC,S&P 500,Benchmark,Train,-0.1585674755509406,0.0251436443025981,0.0573176760434139
2020-11-27,2020-11-30,^GSPC,S&P 500,Benchmark,Train,0.2394111025901136,0.0573176760434139,0.2121653156756488
2020-11-30,2020-12-01,^GSPC,S&P 500,Benchmark,Train,-0.4606140636972006,0.2121653156756488,1.2562241709005264
2020-12-01,2020-12-02,^GSPC,S&P 500,Benchmark,Train,1.1208140661592922,1.2562241709005264,0.0320254120203867
2020-12-02,2020-12-03,^GSPC,S&P 500,Benchmark,Train,0.1789564528604284,0.0320254120203867,0.0038981552016773
2020-12-03,2020-12-04,^GSPC,S&P 500,Benchmark,Train,-0.0624352080294229,0.0038981552016773,0.7739536782002975
2020-12-04,2020-12-07,^GSPC,S&P 500,Benchmark,Train,0.8797463715186881,0.7739536782002975,0.037539583261632
2020-12-07,2020-12-08,^GSPC,S&P 500,Benchmark,Train,-0.1937513438963252,0.037539583261632,0.0774659840670211
2020-12-08,2020-12-09,^GSPC,S&P 500,Benchmark,Train,0.2783271170170473,0.0774659840670211,0.6369580150873403
2020-12-09,2020-12-10,^GSPC,S&P 500,Benchmark,Train,-0.7980964948471709,0.6369580150873403,0.0165362760971548
2020-12-10,2020-12-11,^GSPC,S&P 500,Benchmark,Train,-0.1285934527771722,0.0165362760971548,0.0160224479004751
2020-12-11,2020-12-14,^GSPC,S&P 500,Benchmark,Train,-0.1265798084232835,0.0160224479004751,0.1908631073093424
2020-12-14,2020-12-15,^GSPC,S&P 500,Benchmark,Train,-0.4368788245146958,0.1908631073093424,1.6482662063483131
2020-12-15,2020-12-16,^GSPC,S&P 500,Benchmark,Train,1.2838482022218645,1.6482662063483131,0.0313724019808882
2020-12-16,2020-12-17,^GSPC,S&P 500,Benchmark,Train,0.1771225620323064,0.0313724019808882,0.3296072075314047
2020-12-17,2020-12-18,^GSPC,S&P 500,Benchmark,Train,0.5741142808983284,0.3296072075314047,0.1237137784959456
2020-12-18,2020-12-21,^GSPC,S&P 500,Benchmark,Train,-0.3517296952148704,0.1237137784959456,0.1531883620064157
2020-12-21,2020-12-22,^GSPC,S&P 500,Benchmark,Train,-0.3913928486909485,0.1531883620064157,0.0430664053072105
2020-12-22,2020-12-23,^GSPC,S&P 500,Benchmark,Train,-0.207524469177036,0.0430664053072105,0.0055581985938867
2020-12-23,2020-12-24,^GSPC,S&P 500,Benchmark,Train,0.0745533271818688,0.0055581985938867,0.1246337097766352
2020-12-24,2020-12-28,^GSPC,S&P 500,Benchmark,Train,0.3530349979486952,0.1246337097766352,0.7542414502774152
2020-12-28,2020-12-29,^GSPC,S&P 500,Benchmark,Train,0.8684707538411499,0.7542414502774152,0.0497229714793465
2020-12-29,2020-12-30,^GSPC,S&P 500,Benchmark,Train,-0.2229864827278697,0.0497229714793465,0.0179733731483952
2020-12-30,2020-12-31,^GSPC,S&P 500,Benchmark,Train,0.1340648095079215,0.0179733731483952,0.4119335172133677
2020-12-31,2021-01-04,^GSPC,S&P 500,Benchmark,Train,0.6418204711703793,0.4119335172133677,2.2096117048483226
2021-01-04,2021-01-05,^GSPC,S&P 500,Benchmark,Train,-1.4864762712025787,2.2096117048483226,0.4981016074341658
2021-01-05,2021-01-06,^GSPC,S&P 500,Benchmark,Train,0.7057631383362026,0.4981016074341658,0.3241711947692044
2021-01-06,2021-01-07,^GSPC,S&P 500,Benchmark,Train,0.5693603382474094,0.3241711947692044,2.1721631100378263
2021-01-07,2021-01-08,^GSPC,S&P 500,Benchmark,Train,1.4738260107752972,2.1721631100378263,0.2999574783500822
2021-01-08,2021-01-11,^GSPC,S&P 500,Benchmark,Train,0.5476837393515369,0.2999574783500822,0.4324808492113621
2021-01-11,2021-01-12,^GSPC,S&P 500,Benchmark,Train,-0.6576327616621317,0.4324808492113621,0.0017280817821965
2021-01-12,2021-01-13,^GSPC,S&P 500,Benchmark,Train,0.0415702030569564,0.0017280817821965,0.0516678533723634
2021-01-13,2021-01-14,^GSPC,S&P 500,Benchmark,Train,0.2273056386726107,0.0516678533723634,0.1414145854018765
2021-01-14,2021-01-15,^GSPC,S&P 500,Benchmark,Train,-0.3760513068743101,0.1414145854018765,0.5207066752075602
2021-01-15,2021-01-19,^GSPC,S&P 500,Benchmark,Train,-0.7216000798278505,0.5207066752075602,0.6566602565458389
2021-01-19,2021-01-20,^GSPC,S&P 500,Benchmark,Train,0.8103457635761656,0.6566602565458389,1.915294733212708
2021-01-20,2021-01-21,^GSPC,S&P 500,Benchmark,Train,1.3839417376510863,1.915294733212708,0.0010028189109631
2021-01-21,2021-01-22,^GSPC,S&P 500,Benchmark,Train,0.0316673161313549,0.0010028189109631,0.0909114558082036
2021-01-22,2021-01-25,^GSPC,S&P 500,Benchmark,Train,-0.301515266293771,0.0909114558082036,0.1302717290977458
2021-01-25,2021-01-26,^GSPC,S&P 500,Benchmark,Train,0.3609317513017465,0.1302717290977458,0.0221993062346808
2021-01-26,2021-01-27,^GSPC,S&P 500,Benchmark,Train,-0.1489943161153501,0.0221993062346808,6.766925638498012
2021-01-27,2021-01-28,^GSPC,S&P 500,Benchmark,Train,-2.601331512610035,6.766925638498012,0.943481731654682
2021-01-28,2021-01-29,^GSPC,S&P 500,Benchmark,Train,0.9713298778760396,0.943481731654682,3.802647286795111
2021-01-29,2021-02-01,^GSPC,S&P 500,Benchmark,Train,-1.9500377654792,3.802647286795111,2.5358333796418573
2021-02-01,2021-02-02,^GSPC,S&P 500,Benchmark,Train,1.5924300234678626,2.5358333796418573,1.9050980166987503
2021-02-02,2021-02-03,^GSPC,S&P 500,Benchmark,Train,1.3802528814310624,1.9050980166987503,0.0101658946845543
2021-02-03,2021-02-04,^GSPC,S&P 500,Benchmark,Train,0.100826061534478,0.0101658946845543,1.165287356554878
2021-02-04,2021-02-05,^GSPC,S&P 500,Benchmark,Train,1.0794847643921974,1.165287356554878,0.1513147455486546
2021-02-05,2021-02-08,^GSPC,S&P 500,Benchmark,Train,0.3889919607763825,0.1513147455486546,0.5434796864195671
2021-02-08,2021-02-09,^GSPC,S&P 500,Benchmark,Train,0.7372107476289037,0.5434796864195671,0.0124132002074225
2021-02-09,2021-02-10,^GSPC,S&P 500,Benchmark,Train,-0.1114145421721174,0.0124132002074225,0.0011919378024138
2021-02-10,2021-02-11,^GSPC,S&P 500,Benchmark,Train,-0.0345244522391567,0.0011919378024138,0.0275916953965758
2021-02-11,2021-02-12,^GSPC,S&P 500,Benchmark,Train,0.1661074814587707,0.0275916953965758,0.220897267067738
2021-02-12,2021-02-16,^GSPC,S&P 500,Benchmark,Train,0.4699970926162607,0.220897267067738,0.0032425566734644
2021-02-16,2021-02-17,^GSPC,S&P 500,Benchmark,Train,-0.0569434515415466,0.0032425566734644,0.0010269034883208
2021-02-17,2021-02-18,^GSPC,S&P 500,Benchmark,Train,-0.032045334891695,0.0010269034883208,0.1958606128837833
2021-02-18,2021-02-19,^GSPC,S&P 500,Benchmark,Train,-0.4425614227243303,0.1958606128837833,0.0344703446638764
2021-02-19,2021-02-22,^GSPC,S&P 500,Benchmark,Train,-0.1856619095664925,0.0344703446638764,0.6026250607922661
2021-02-22,2021-02-23,^GSPC,S&P 500,Benchmark,Train,-0.7762892893710862,0.6026250607922661,0.0157635460541996
2021-02-23,2021-02-24,^GSPC,S&P 500,Benchmark,Train,0.1255529611526533,0.0157635460541996,1.2741144145062129
2021-02-24,2021-02-25,^GSPC,S&P 500,Benchmark,Train,1.1287667670985946,1.2741144145062129,6.142166391840725
2021-02-25,2021-02-26,^GSPC,S&P 500,Benchmark,Train,-2.478339442417185,6.142166391840725,0.2267218978488864
2021-02-26,2021-03-01,^GSPC,S&P 500,Benchmark,Train,-0.4761532293798777,0.2267218978488864,5.528222897950194
2021-03-01,2021-03-02,^GSPC,S&P 500,Benchmark,Train,2.351217322569352,5.528222897950194,0.6583178268795647
2021-03-02,2021-03-03,^GSPC,S&P 500,Benchmark,Train,-0.8113678739508761,0.6583178268795647,1.72983939489675
2021-03-03,2021-03-04,^GSPC,S&P 500,Benchmark,Train,-1.315233589480116,1.72983939489675,1.824670923490218
2021-03-04,2021-03-05,^GSPC,S&P 500,Benchmark,Train,-1.3508038064390469,1.824670923490218,3.7281262450257127
2021-03-05,2021-03-08,^GSPC,S&P 500,Benchmark,Train,1.9308356338709187,3.7281262450257127,0.2887604149911441
2021-03-08,2021-03-09,^GSPC,S&P 500,Benchmark,Train,-0.537364322402543,0.2887604149911441,1.9755429007248395
2021-03-09,2021-03-10,^GSPC,S&P 500,Benchmark,Train,1.4055400743930568,1.9755429007248395,0.3614659418388469
2021-03-10,2021-03-11,^GSPC,S&P 500,Benchmark,Train,0.6012203770988197,0.3614659418388469,1.06953354686052
2021-03-11,2021-03-12,^GSPC,S&P 500,Benchmark,Train,1.0341825500657609,1.06953354686052,0.0102998816850009
2021-03-12,2021-03-15,^GSPC,S&P 500,Benchmark,Train,0.101488332753085,0.0102998816850009,0.4187305852273916
2021-03-15,2021-03-16,^GSPC,S&P 500,Benchmark,Train,0.6470939539413049,0.4187305852273916,0.024677801536409
2021-03-16,2021-03-17,^GSPC,S&P 500,Benchmark,Train,-0.157091697859591,0.024677801536409,0.0826703179826944
2021-03-17,2021-03-18,^GSPC,S&P 500,Benchmark,Train,0.2875244650159259,0.0826703179826944,2.2113355667496135
2021-03-18,2021-03-19,^GSPC,S&P 500,Benchmark,Train,-1.4870560065947798,2.2113355667496135,0.0036347113561904
2021-03-19,2021-03-22,^GSPC,S&P 500,Benchmark,Train,-0.0602885673755023,0.0036347113561904,0.4900779688693429
2021-03-22,2021-03-23,^GSPC,S&P 500,Benchmark,Train,0.7000556898342752,0.4900779688693429,0.5867740960214949
2021-03-23,2021-03-24,^GSPC,S&P 500,Benchmark,Train,-0.7660118119334028,0.5867740960214949,0.3005601459952436
2021-03-24,2021-03-25,^GSPC,S&P 500,Benchmark,Train,-0.5482336600348829,0.3005601459952436,0.2731717437928029
2021-03-25,2021-03-26,^GSPC,S&P 500,Benchmark,Train,0.522658343272929,0.2731717437928029,2.7206584688901745
2021-03-26,2021-03-29,^GSPC,S&P 500,Benchmark,Train,1.6494418658716574,2.7206584688901745,0.0075410054321609
2021-03-29,2021-03-30,^GSPC,S&P 500,Benchmark,Train,-0.0868389626386738,0.0075410054321609,0.1000348987454715
2021-03-30,2021-03-31,^GSPC,S&P 500,Benchmark,Train,-0.3162829409650029,0.1000348987454715,0.1307512038253427
2021-03-31,2021-04-01,^GSPC,S&P 500,Benchmark,Train,0.3615953592419885,0.1307512038253427,1.3819954904422886
2021-04-01,2021-04-05,^GSPC,S&P 500,Benchmark,Train,1.1755830427674128,1.3819954904422886,2.0549187414368237
2021-04-05,2021-04-06,^GSPC,S&P 500,Benchmark,Train,1.43349877622439,2.0549187414368237,0.0094868562469682
2021-04-06,2021-04-07,^GSPC,S&P 500,Benchmark,Train,-0.0974004940796928,0.0094868562469682,0.0217310553924682
2021-04-07,2021-04-08,^GSPC,S&P 500,Benchmark,Train,0.1474145698106813,0.0217310553924682,0.177388459855757
2021-04-08,2021-04-09,^GSPC,S&P 500,Benchmark,Train,0.4211750940591774,0.177388459855757,0.5914053160989247
2021-04-09,2021-04-12,^GSPC,S&P 500,Benchmark,Train,0.7690288135687275,0.5914053160989247,0.0003845445491655
2021-04-12,2021-04-13,^GSPC,S&P 500,Benchmark,Train,-0.0196098074739533,0.0003845445491655,0.1081799381248388
2021-04-13,2021-04-14,^GSPC,S&P 500,Benchmark,Train,0.3289071877062569,0.1081799381248388,0.1677807060630421
2021-04-14,2021-04-15,^GSPC,S&P 500,Benchmark,Train,-0.4096104320730151,0.1677807060630421,1.217293265273846
2021-04-15,2021-04-16,^GSPC,S&P 500,Benchmark,Train,1.1033101401119478,1.217293265273846,0.1297673380987286
2021-04-16,2021-04-19,^GSPC,S&P 500,Benchmark,Train,0.3602323390517967,0.1297673380987286,0.2830974094553795
2021-04-19,2021-04-20,^GSPC,S&P 500,Benchmark,Train,-0.5320689893757947,0.2830974094553795,0.465882830340387
2021-04-20,2021-04-21,^GSPC,S&P 500,Benchmark,Train,-0.6825561005077803,0.465882830340387,0.8580355656163868
2021-04-21,2021-04-22,^GSPC,S&P 500,Benchmark,Train,0.9263020919853237,0.8580355656163868,0.8562426156156805
2021-04-22,2021-04-23,^GSPC,S&P 500,Benchmark,Train,-0.9253337860554324,0.8562426156156805,1.1814407147706634
2021-04-23,2021-04-26,^GSPC,S&P 500,Benchmark,Train,1.086940989553096,1.1814407147706634,0.031708375185428
2021-04-26,2021-04-27,^GSPC,S&P 500,Benchmark,Train,0.1780684564582624,0.031708375185428,0.0004619016858502
2021-04-27,2021-04-28,^GSPC,S&P 500,Benchmark,Train,-0.0214918981444234,0.0004619016858502,0.0071554272836245
2021-04-28,2021-04-29,^GSPC,S&P 500,Benchmark,Train,-0.0845897587396047,0.0071554272836245,0.4542815991647377
2021-04-29,2021-04-30,^GSPC,S&P 500,Benchmark,Train,0.6740041536702409,0.4542815991647377,0.521387022521743
2021-04-30,2021-05-03,^GSPC,S&P 500,Benchmark,Train,-0.7220713417119827,0.521387022521743,0.0753130131598118
2021-05-03,2021-05-04,^GSPC,S&P 500,Benchmark,Train,0.2744321649512167,0.0753130131598118,0.4489988290784416
2021-05-04,2021-05-05,^GSPC,S&P 500,Benchmark,Train,-0.670073748984723,0.4489988290784416,0.0049451337149095
2021-05-05,2021-05-06,^GSPC,S&P 500,Benchmark,Train,0.0703216447113516,0.0049451337149095,0.6613429513545117
2021-05-06,2021-05-07,^GSPC,S&P 500,Benchmark,Train,0.8132299498632055,0.6613429513545117,0.5396799761561102
2021-05-07,2021-05-10,^GSPC,S&P 500,Benchmark,Train,0.7346291419186352,0.5396799761561102,1.10050181186719
2021-05-10,2021-05-11,^GSPC,S&P 500,Benchmark,Train,-1.0490480503138024,1.10050181186719,0.7589459053283072
2021-05-11,2021-05-12,^GSPC,S&P 500,Benchmark,Train,-0.8711750141781542,0.7589459053283072,4.701430507975104
2021-05-12,2021-05-13,^GSPC,S&P 500,Benchmark,Train,-2.1682782358302415,4.701430507975104,1.4640139891620088
2021-05-13,2021-05-14,^GSPC,S&P 500,Benchmark,Train,1.2099644578094055,1.4640139891620088,2.192703059893115
2021-05-14,2021-05-17,^GSPC,S&P 500,Benchmark,Train,1.480777856362363,2.192703059893115,0.0641739702661002
2021-05-17,2021-05-18,^GSPC,S&P 500,Benchmark,Train,-0.2533258183961915,0.0641739702661002,0.7316702199784045
2021-05-18,2021-05-19,^GSPC,S&P 500,Benchmark,Train,-0.85537723840327,0.7316702199784045,0.086892407414847
2021-05-19,2021-05-20,^GSPC,S&P 500,Benchmark,Train,-0.294775181137841,0.086892407414847,1.1023801635033594
2021-05-20,2021-05-21,^GSPC,S&P 500,Benchmark,Train,1.049942933450842,1.1023801635033594,0.006149509373687
2021-05-21,2021-05-24,^GSPC,S&P 500,Benchmark,Train,-0.0784188075252809,0.006149509373687,0.9726885656699342
2021-05-24,2021-05-25,^GSPC,S&P 500,Benchmark,Train,0.9862497481216076,0.9726885656699342,0.0452644943258692
2021-05-25,2021-05-26,^GSPC,S&P 500,Benchmark,Train,-0.2127545400828598,0.0452644943258692,0.0351584081810127
2021-05-26,2021-05-27,^GSPC,S&P 500,Benchmark,Train,0.1875057550610454,0.0351584081810127,0.0135637722181136
2021-05-27,2021-05-28,^GSPC,S&P 500,Benchmark,Train,0.1164636089862995,0.0135637722181136,0.0059072513556193
2021-05-28,2021-06-01,^GSPC,S&P 500,Benchmark,Train,0.0768586452887337,0.0059072513556193,0.002425116892965
2021-06-01,2021-06-02,^GSPC,S&P 500,Benchmark,Train,-0.0492454758629164,0.002425116892965,0.0209059510702845
2021-06-02,2021-06-03,^GSPC,S&P 500,Benchmark,Train,0.1445889036900292,0.0209059510702845,0.1321542830932152
2021-06-03,2021-06-04,^GSPC,S&P 500,Benchmark,Train,-0.3635303056049319,0.1321542830932152,0.7735736159929838
2021-06-04,2021-06-07,^GSPC,S&P 500,Benchmark,Train,0.8795303383016323,0.7735736159929838,0.0063529869662413
2021-06-07,2021-06-08,^GSPC,S&P 500,Benchmark,Train,-0.0797056269421507,0.0063529869662413,0.0003062834239561
2021-06-08,2021-06-09,^GSPC,S&P 500,Benchmark,Train,0.0175009549441211,0.0003062834239561,0.033325692394
2021-06-09,2021-06-10,^GSPC,S&P 500,Benchmark,Train,-0.1825532590615683,0.033325692394,0.2154310244195037
2021-06-10,2021-06-11,^GSPC,S&P 500,Benchmark,Train,0.4641454776462911,0.2154310244195037,0.0378901381693871
2021-06-11,2021-06-14,^GSPC,S&P 500,Benchmark,Train,0.194653893280836,0.0378901381693871,0.0328898676206817
2021-06-14,2021-06-15,^GSPC,S&P 500,Benchmark,Train,0.181355638513617,0.0328898676206817,0.0405506805424885
2021-06-15,2021-06-16,^GSPC,S&P 500,Benchmark,Train,-0.201371995427588,0.0405506805424885,0.292108225931222
2021-06-16,2021-06-17,^GSPC,S&P 500,Benchmark,Train,-0.5404703747026491,0.292108225931222,0.0018993082997624
2021-06-17,2021-06-18,^GSPC,S&P 500,Benchmark,Train,-0.0435810543672647,0.0018993082997624,1.745399190959355
2021-06-18,2021-06-21,^GSPC,S&P 500,Benchmark,Train,-1.321135568728416,1.745399190959355,1.9335357230435144
2021-06-21,2021-06-22,^GSPC,S&P 500,Benchmark,Train,1.3905163512319856,1.9335357230435144,0.2612647517118591
2021-06-22,2021-06-23,^GSPC,S&P 500,Benchmark,Train,0.5111406378990612,0.2612647517118591,0.0117477530119772
2021-06-23,2021-06-24,^GSPC,S&P 500,Benchmark,Train,-0.1083870518649585,0.0117477530119772,0.3357541376259464
2021-06-24,2021-06-25,^GSPC,S&P 500,Benchmark,Train,0.5794429545916893,0.3357541376259464,0.1105604504916208
2021-06-25,2021-06-28,^GSPC,S&P 500,Benchmark,Train,0.3325063164687565,0.1105604504916208,0.0534667977426174
2021-06-28,2021-06-29,^GSPC,S&P 500,Benchmark,Train,0.2312288860471749,0.0534667977426174,0.0007689403809975
2021-06-29,2021-06-30,^GSPC,S&P 500,Benchmark,Train,0.0277297742687815,0.0007689403809975,0.01761668011915
2021-06-30,2021-07-01,^GSPC,S&P 500,Benchmark,Train,0.1327278422907191,0.01761668011915,0.2712369556008204
2021-07-01,2021-07-02,^GSPC,S&P 500,Benchmark,Train,0.5208041432254744,0.2712369556008204,0.5583221705946814
2021-07-02,2021-07-06,^GSPC,S&P 500,Benchmark,Train,0.7472095894691672,0.5583221705946814,0.0409618242250182
2021-07-06,2021-07-07,^GSPC,S&P 500,Benchmark,Train,-0.2023902770021778,0.0409618242250182,0.1124493310896308
2021-07-07,2021-07-08,^GSPC,S&P 500,Benchmark,Train,0.3353346553662935,0.1124493310896308,0.739235578544905
2021-07-08,2021-07-09,^GSPC,S&P 500,Benchmark,Train,-0.8597881009556395,0.739235578544905,1.2577232002145071
2021-07-09,2021-07-12,^GSPC,S&P 500,Benchmark,Train,1.1214825902413763,1.2577232002145071,0.1186962832679024
2021-07-12,2021-07-13,^GSPC,S&P 500,Benchmark,Train,0.344523269559405,0.1186962832679024,0.1241160778261772
2021-07-13,2021-07-14,^GSPC,S&P 500,Benchmark,Train,-0.3523011181165584,0.1241160778261772,0.0135549335023843
2021-07-14,2021-07-15,^GSPC,S&P 500,Benchmark,Train,0.1164256565469325,0.0135549335023843,0.1067703698795601
2021-07-15,2021-07-16,^GSPC,S&P 500,Benchmark,Train,-0.3267573562745912,0.1067703698795601,0.5726576988534187
2021-07-16,2021-07-19,^GSPC,S&P 500,Benchmark,Train,-0.7567415006813216,0.5726576988534187,2.558970151588733
2021-07-19,2021-07-20,^GSPC,S&P 500,Benchmark,Train,-1.5996781399983977,2.558970151588733,2.264665621701015
2021-07-20,2021-07-21,^GSPC,S&P 500,Benchmark,Train,1.50488060047999,2.264665621701015,0.6737194792749235
2021-07-21,2021-07-22,^GSPC,S&P 500,Benchmark,Train,0.8208041662144043,0.6737194792749235,0.0405877114341916
2021-07-22,2021-07-23,^GSPC,S&P 500,Benchmark,Train,0.2014639209242975,0.0405877114341916,1.0189554632418474
2021-07-23,2021-07-26,^GSPC,S&P 500,Benchmark,Train,1.0094332386254414,1.0189554632418474,0.0566138695297969
2021-07-26,2021-07-27,^GSPC,S&P 500,Benchmark,Train,0.2379366922729592,0.0566138695297969,0.2231223996838817
2021-07-27,2021-07-28,^GSPC,S&P 500,Benchmark,Train,-0.4723583382178002,0.2231223996838817,0.0003469995210786
2021-07-28,2021-07-29,^GSPC,S&P 500,Benchmark,Train,-0.0186279231552706,0.0003469995210786,0.1761759461933983
2021-07-29,2021-07-30,^GSPC,S&P 500,Benchmark,Train,0.4197331845272641,0.1761759461933983,0.2938413602278779
2021-07-30,2021-08-02,^GSPC,S&P 500,Benchmark,Train,-0.5420713608261166,0.2938413602278779,0.0340220116688482
2021-08-02,2021-08-03,^GSPC,S&P 500,Benchmark,Train,-0.1844505670060361,0.0340220116688482,0.667482682794158
2021-08-03,2021-08-04,^GSPC,S&P 500,Benchmark,Train,0.8169961338918061,0.667482682794158,0.2155884806348845
2021-08-04,2021-08-05,^GSPC,S&P 500,Benchmark,Train,-0.4643150661295458,0.2155884806348845,0.3584998848546514
2021-08-05,2021-08-06,^GSPC,S&P 500,Benchmark,Train,0.5987485990419112,0.3584998848546514,0.0280182252682179
2021-08-06,2021-08-09,^GSPC,S&P 500,Benchmark,Train,0.1673864548528882,0.0280182252682179,0.0088425862080081
2021-08-09,2021-08-10,^GSPC,S&P 500,Benchmark,Train,-0.0940350264954934,0.0088425862080081,0.0098443495141683
2021-08-10,2021-08-11,^GSPC,S&P 500,Benchmark,Train,0.099218695386345,0.0098443495141683,0.0162544833573947
2021-08-11,2021-08-12,^GSPC,S&P 500,Benchmark,Train,0.1274930718015483,0.0162544833573947,0.1712145285578704
2021-08-12,2021-08-13,^GSPC,S&P 500,Benchmark,Train,0.413780773547866,0.1712145285578704,0.0257928842307054
2021-08-13,2021-08-16,^GSPC,S&P 500,Benchmark,Train,0.1606016320922844,0.0257928842307054,0.0685089929758366
2021-08-16,2021-08-17,^GSPC,S&P 500,Benchmark,Train,0.2617422261994359,0.0685089929758366,0.5020776104894819
2021-08-17,2021-08-18,^GSPC,S&P 500,Benchmark,Train,-0.708574350713799,0.5020776104894819,1.1678374571784351
2021-08-18,2021-08-19,^GSPC,S&P 500,Benchmark,Train,-1.080665284525433,1.1678374571784351,0.0157729298882554
2021-08-19,2021-08-20,^GSPC,S&P 500,Benchmark,Train,0.1255903256156918,0.0157729298882554,0.6574945705695241
2021-08-20,2021-08-23,^GSPC,S&P 500,Benchmark,Train,0.810860389074176,0.6574945705695241,0.7204050781361555
2021-08-23,2021-08-24,^GSPC,S&P 500,Benchmark,Train,0.8487667984412182,0.7204050781361555,0.0223388536317853
2021-08-24,2021-08-25,^GSPC,S&P 500,Benchmark,Train,0.1494618801962072,0.0223388536317853,0.0491800435819343
2021-08-25,2021-08-26,^GSPC,S&P 500,Benchmark,Train,0.2217657403250879,0.0491800435819343,0.341283777882267
2021-08-26,2021-08-27,^GSPC,S&P 500,Benchmark,Train,-0.5841949827602656,0.341283777882267,0.7689661568156904
2021-08-27,2021-08-30,^GSPC,S&P 500,Benchmark,Train,0.8769071540452218,0.7689661568156904,0.1846699447952558
2021-08-30,2021-08-31,^GSPC,S&P 500,Benchmark,Train,0.42973241068746,0.1846699447952558,0.0182257267363613
2021-08-31,2021-09-01,^GSPC,S&P 500,Benchmark,Train,-0.1350026915893209,0.0182257267363613,0.00097119527591
2021-09-01,2021-09-02,^GSPC,S&P 500,Benchmark,Train,0.0311640060953341,0.00097119527591,0.0805768262893696
2021-09-02,2021-09-03,^GSPC,S&P 500,Benchmark,Train,0.2838605754404257,0.0805768262893696,0.0011228347260601
2021-09-03,2021-09-07,^GSPC,S&P 500,Benchmark,Train,-0.0335087261181347,0.0011228347260601,0.1156919850490563
2021-09-07,2021-09-08,^GSPC,S&P 500,Benchmark,Train,-0.3401352452320346,0.1156919850490563,0.0174091350565467
2021-09-08,2021-09-09,^GSPC,S&P 500,Benchmark,Train,-0.1319436813816666,0.0174091350565467,0.213097377499064
2021-09-09,2021-09-10,^GSPC,S&P 500,Benchmark,Train,-0.4616247150002522,0.213097377499064,0.6010206695144478
2021-09-10,2021-09-13,^GSPC,S&P 500,Benchmark,Train,-0.77525522862761,0.6010206695144478,0.0517062278521998
2021-09-13,2021-09-14,^GSPC,S&P 500,Benchmark,Train,0.2273900346369644,0.0517062278521998,0.3321463522087823
2021-09-14,2021-09-15,^GSPC,S&P 500,Benchmark,Train,-0.5763213966258605,0.3321463522087823,0.7120480937838407
2021-09-15,2021-09-16,^GSPC,S&P 500,Benchmark,Train,0.8438294222079725,0.7120480937838407,0.0240977410724582
2021-09-16,2021-09-17,^GSPC,S&P 500,Benchmark,Train,-0.155234471276383,0.0240977410724582,0.8377064096547798
2021-09-17,2021-09-20,^GSPC,S&P 500,Benchmark,Train,-0.91526302757993,0.8377064096547798,2.93199790823714
2021-09-20,2021-09-21,^GSPC,S&P 500,Benchmark,Train,-1.7123077726381843,2.93199790823714,0.0066046285573085
2021-09-21,2021-09-22,^GSPC,S&P 500,Benchmark,Train,-0.0812688658546956,0.0066046285573085,0.8976776517100955
2021-09-22,2021-09-23,^GSPC,S&P 500,Benchmark,Train,0.9474585224220085,0.8976776517100955,1.4548413334649872
2021-09-23,2021-09-24,^GSPC,S&P 500,Benchmark,Train,1.206168036993597,1.4548413334649872,0.0213143301245419
2021-09-24,2021-09-27,^GSPC,S&P 500,Benchmark,Train,0.1459942811364263,0.0213143301245419,0.0772975625574052
2021-09-27,2021-09-28,^GSPC,S&P 500,Benchmark,Train,-0.2780243920187674,0.0772975625574052,4.233025504621193
2021-09-28,2021-09-29,^GSPC,S&P 500,Benchmark,Train,-2.0574317739894057,4.233025504621193,0.0245848080067119
2021-09-29,2021-09-30,^GSPC,S&P 500,Benchmark,Train,0.1567954336283807,0.0245848080067119,1.4354922400963377
2021-09-30,2021-10-01,^GSPC,S&P 500,Benchmark,Train,-1.1981202945014902,1.4354922400963377,1.3055238169620538
2021-10-01,2021-10-04,^GSPC,S&P 500,Benchmark,Train,1.142595211333416,1.3055238169620538,1.7084978745794306
2021-10-04,2021-10-05,^GSPC,S&P 500,Benchmark,Train,-1.3070952048643705,1.7084978745794306,1.0961079665352356
2021-10-05,2021-10-06,^GSPC,S&P 500,Benchmark,Train,1.0469517498601526,1.0961079665352356,0.1676410603420818
2021-10-06,2021-10-07,^GSPC,S&P 500,Benchmark,Train,0.4094399349624824,0.1676410603420818,0.6829434431341962
2021-10-07,2021-10-08,^GSPC,S&P 500,Benchmark,Train,0.8264039225065405,0.6829434431341962,0.0366935709708041
2021-10-08,2021-10-11,^GSPC,S&P 500,Benchmark,Train,-0.1915556602421452,0.0366935709708041,0.4746440617076394
2021-10-11,2021-10-12,^GSPC,S&P 500,Benchmark,Train,-0.6889441644339833,0.4746440617076394,0.0585497560954624
2021-10-12,2021-10-13,^GSPC,S&P 500,Benchmark,Train,-0.2419705686554925,0.0585497560954624,0.0910805763466729
2021-10-13,2021-10-14,^GSPC,S&P 500,Benchmark,Train,0.3017955870231918,0.0910805763466729,2.8625805245024463
2021-10-14,2021-10-15,^GSPC,S&P 500,Benchmark,Train,1.6919162285711566,2.8625805245024463,0.5524236302225645
2021-10-15,2021-10-18,^GSPC,S&P 500,Benchmark,Train,0.7432520637190081,0.5524236302225645,0.1135075261626333
2021-10-18,2021-10-19,^GSPC,S&P 500,Benchmark,Train,0.3369087801803826,0.1135075261626333,0.5426005951774845
2021-10-19,2021-10-20,^GSPC,S&P 500,Benchmark,Train,0.7366142784235753,0.5426005951774845,0.1337608905116087
2021-10-20,2021-10-21,^GSPC,S&P 500,Benchmark,Train,0.3657333598560688,0.1337608905116087,0.0894843308771101
2021-10-21,2021-10-22,^GSPC,S&P 500,Benchmark,Train,0.2991393168360022,0.0894843308771101,0.0115160633282872
2021-10-22,2021-10-25,^GSPC,S&P 500,Benchmark,Train,-0.1073129224664356,0.0115160633282872,0.2243878474429118
2021-10-25,2021-10-26,^GSPC,S&P 500,Benchmark,Train,0.4736959440853509,0.2243878474429118,0.0330563826764267
2021-10-26,2021-10-27,^GSPC,S&P 500,Benchmark,Train,0.1818141432244113,0.0330563826764267,0.2564784725573156
2021-10-27,2021-10-28,^GSPC,S&P 500,Benchmark,Train,-0.506437037110553,0.2564784725573156,0.9567360323707642
2021-10-28,2021-10-29,^GSPC,S&P 500,Benchmark,Train,0.9781288424184026,0.9567360323707642,0.0379251177147973
2021-10-29,2021-11-01,^GSPC,S&P 500,Benchmark,Train,0.1947437231717556,0.0379251177147973,0.0323445458009633
2021-11-01,2021-11-02,^GSPC,S&P 500,Benchmark,Train,0.1798458945902388,0.0323445458009633,0.1349538927496943
2021-11-02,2021-11-03,^GSPC,S&P 500,Benchmark,Train,0.3673607120388547,0.1349538927496943,0.4147997085866819
2021-11-03,2021-11-04,^GSPC,S&P 500,Benchmark,Train,0.644049461289024,0.4147997085866819,0.174157847225873
2021-11-04,2021-11-05,^GSPC,S&P 500,Benchmark,Train,0.4173222342817035,0.174157847225873,0.138819585599461
2021-11-05,2021-11-08,^GSPC,S&P 500,Benchmark,Train,0.3725850045284445,0.138819585599461,0.007874682189701
2021-11-08,2021-11-09,^GSPC,S&P 500,Benchmark,Train,0.0887394060702519,0.007874682189701,0.12284400601999
2021-11-09,2021-11-10,^GSPC,S&P 500,Benchmark,Train,-0.3504910926400127,0.12284400601999,0.6822499257189694
2021-11-10,2021-11-11,^GSPC,S&P 500,Benchmark,Train,-0.8259842163861059,0.6822499257189694,0.0030336778775672
2021-11-11,2021-11-12,^GSPC,S&P 500,Benchmark,Train,0.0550788332988928,0.0030336778775672,0.5179245582956052
2021-11-12,2021-11-15,^GSPC,S&P 500,Benchmark,Train,0.7196697564130407,0.5179245582956052,1.153449798200802e-06
2021-11-15,2021-11-16,^GSPC,S&P 500,Benchmark,Train,-0.0010739878017001,1.153449798200802e-06,0.1488245925360488
2021-11-16,2021-11-17,^GSPC,S&P 500,Benchmark,Train,0.3857779057126637,0.1488245925360488,0.0678610566612724
2021-11-17,2021-11-18,^GSPC,S&P 500,Benchmark,Train,-0.2605015482895879,0.0678610566612724,0.1141807851827308
2021-11-18,2021-11-19,^GSPC,S&P 500,Benchmark,Train,0.3379064740171914,0.1141807851827308,0.0195900502027228
2021-11-19,2021-11-22,^GSPC,S&P 500,Benchmark,Train,-0.1399644604988097,0.0195900502027228,0.1025445832854413
2021-11-22,2021-11-23,^GSPC,S&P 500,Benchmark,Train,-0.3202258316960725,0.1025445832854413,0.0274154575808048
2021-11-23,2021-11-24,^GSPC,S&P 500,Benchmark,Train,0.1655761383195201,0.0274154575808048,0.0524970639476547
2021-11-24,2021-11-26,^GSPC,S&P 500,Benchmark,Train,0.2291223776667279,0.0524970639476547,5.284026820387557
2021-11-26,2021-11-29,^GSPC,S&P 500,Benchmark,Train,-2.298701115932116,5.284026820387557,1.719726968071827
2021-11-29,2021-11-30,^GSPC,S&P 500,Benchmark,Train,1.3113836082824228,1.719726968071827,3.664690433033509
2021-11-30,2021-12-01,^GSPC,S&P 500,Benchmark,Train,-1.9143381187850563,3.664690433033509,1.4126609574878908
2021-12-01,2021-12-02,^GSPC,S&P 500,Benchmark,Train,-1.1885541457955926,1.4126609574878908,1.9865883151562589
2021-12-02,2021-12-03,^GSPC,S&P 500,Benchmark,Train,1.4094638396057768,1.9865883151562589,0.7198597905217542
2021-12-03,2021-12-06,^GSPC,S&P 500,Benchmark,Train,-0.848445514173865,0.7198597905217542,1.360162226582916
2021-12-06,2021-12-07,^GSPC,S&P 500,Benchmark,Train,1.166259930968614,1.360162226582916,4.200697499683256
2021-12-07,2021-12-08,^GSPC,S&P 500,Benchmark,Train,2.0495603186252547,4.200697499683256,0.0948969950022155
2021-12-08,2021-12-09,^GSPC,S&P 500,Benchmark,Train,0.3080535586585806,0.0948969950022155,0.5194067938373444
2021-12-09,2021-12-10,^GSPC,S&P 500,Benchmark,Train,-0.7206988232523656,0.5194067938373444,0.9032162745223684
2021-12-10,2021-12-13,^GSPC,S&P 500,Benchmark,Train,0.9503769118209724,0.9032162745223684,0.8423859056539571
2021-12-13,2021-12-14,^GSPC,S&P 500,Benchmark,Train,-0.9178158342793816,0.8423859056539571,0.5623084445045539
2021-12-14,2021-12-15,^GSPC,S&P 500,Benchmark,Train,-0.7498722854623672,0.5623084445045539,2.6296732682800195
2021-12-15,2021-12-16,^GSPC,S&P 500,Benchmark,Train,1.6216267351890876,2.6296732682800195,0.7712112321506285
2021-12-16,2021-12-17,^GSPC,S&P 500,Benchmark,Train,-0.8781863311112446,0.7712112321506285,1.069355485286525
2021-12-17,2021-12-20,^GSPC,S&P 500,Benchmark,Train,-1.034096458405368,1.069355485286525,1.3118033315117683
2021-12-20,2021-12-21,^GSPC,S&P 500,Benchmark,Train,-1.145339832325659,1.3118033315117683,3.105262628556661
2021-12-21,2021-12-22,^GSPC,S&P 500,Benchmark,Train,1.7621755385195486,3.105262628556661,1.02591131488035
2021-12-22,2021-12-23,^GSPC,S&P 500,Benchmark,Train,1.0128728029127596,1.02591131488035,0.3849473676891128
2021-12-23,2021-12-27,^GSPC,S&P 500,Benchmark,Train,0.6204412685251626,0.3849473676891128,1.8889895365793783
2021-12-27,2021-12-28,^GSPC,S&P 500,Benchmark,Train,1.3744051573605864,1.8889895365793783,0.0102144454850817
2021-12-28,2021-12-29,^GSPC,S&P 500,Benchmark,Train,-0.1010665398887373,0.0102144454850817,0.0196255835950445
2021-12-29,2021-12-30,^GSPC,S&P 500,Benchmark,Train,0.1400913401857678,0.0196255835950445,0.0896543630000503
2021-12-30,2021-12-31,^GSPC,S&P 500,Benchmark,Train,-0.2994233841904309,0.0896543630000503,0.069149769381583
2021-12-31,2022-01-03,^GSPC,S&P 500,Benchmark,Validation,-0.2629634373474439,0.069149769381583,0.403710815882118
2022-01-03,2022-01-04,^GSPC,S&P 500,Benchmark,Validation,0.6353824170388397,0.403710815882118,0.0039667355008539
2022-01-04,2022-01-05,^GSPC,S&P 500,Benchmark,Validation,-0.0629820252203269,0.0039667355008539,3.835042408199459
2022-01-05,2022-01-06,^GSPC,S&P 500,Benchmark,Validation,-1.9583264304501071,3.835042408199459,0.0092974670570341
2022-01-06,2022-01-07,^GSPC,S&P 500,Benchmark,Validation,-0.0964233740180988,0.0092974670570341,0.1647094401879675
2022-01-07,2022-01-10,^GSPC,S&P 500,Benchmark,Validation,-0.4058441082336512,0.1647094401879675,0.0207956743523772
2022-01-10,2022-01-11,^GSPC,S&P 500,Benchmark,Validation,-0.1442070537538897,0.0207956743523772,0.8314314782800996
2022-01-11,2022-01-12,^GSPC,S&P 500,Benchmark,Validation,0.9118286452399372,0.8314314782800996,0.0791742550180416
2022-01-12,2022-01-13,^GSPC,S&P 500,Benchmark,Validation,0.281379201466707,0.0791742550180416,2.0580855479427473
2022-01-13,2022-01-14,^GSPC,S&P 500,Benchmark,Validation,-1.4346029234400532,2.0580855479427473,0.0067181672867265
2022-01-14,2022-01-18,^GSPC,S&P 500,Benchmark,Validation,0.0819644269590565,0.0067181672867265,3.4444039317438824
2022-01-18,2022-01-19,^GSPC,S&P 500,Benchmark,Validation,-1.85591053980085,3.4444039317438824,0.9480509783770132
2022-01-19,2022-01-20,^GSPC,S&P 500,Benchmark,Validation,-0.9736790941460196,0.9480509783770132,1.2318208073794068
2022-01-20,2022-01-21,^GSPC,S&P 500,Benchmark,Validation,-1.109874230433073,1.2318208073794068,3.646570374384981
2022-01-21,2022-01-24,^GSPC,S&P 500,Benchmark,Validation,-1.9095995324635424,3.646570374384981,0.0766129675085103
2022-01-24,2022-01-25,^GSPC,S&P 500,Benchmark,Validation,0.2767904758269516,0.0766129675085103,1.49978980267526
2022-01-25,2022-01-26,^GSPC,S&P 500,Benchmark,Validation,-1.2246590556866266,1.49978980267526,0.0224327580903845
2022-01-26,2022-01-27,^GSPC,S&P 500,Benchmark,Validation,-0.1497756925885658,0.0224327580903845,0.2914526202236509
2022-01-27,2022-01-28,^GSPC,S&P 500,Benchmark,Validation,-0.5398635199970924,0.2914526202236509,5.786895923148412
2022-01-28,2022-01-31,^GSPC,S&P 500,Benchmark,Validation,2.4055967914736693,5.786895923148412,3.5005759729427637
2022-01-31,2022-02-01,^GSPC,S&P 500,Benchmark,Validation,1.8709826222984445,3.5005759729427637,0.4677958575827107
2022-02-01,2022-02-02,^GSPC,S&P 500,Benchmark,Validation,0.6839560348317066,0.4677958575827107,0.8795439496913232
2022-02-02,2022-02-03,^GSPC,S&P 500,Benchmark,Validation,0.9378400448324454,0.8795439496913232,6.097675455923985
2022-02-03,2022-02-04,^GSPC,S&P 500,Benchmark,Validation,-2.4693471720120654,6.097675455923985,0.264574278927179
2022-02-04,2022-02-07,^GSPC,S&P 500,Benchmark,Validation,0.5143678439863626,0.264574278927179,0.1375357249825321
2022-02-07,2022-02-08,^GSPC,S&P 500,Benchmark,Validation,-0.3708580927828488,0.1375357249825321,0.6999185453660028
2022-02-08,2022-02-09,^GSPC,S&P 500,Benchmark,Validation,0.836611346663433,0.6999185453660028,2.0773001680182563
2022-02-09,2022-02-10,^GSPC,S&P 500,Benchmark,Validation,1.4412842079264785,2.0773001680182563,3.3422510650239348
2022-02-10,2022-02-11,^GSPC,S&P 500,Benchmark,Validation,-1.828182448505601,3.3422510650239348,3.667869478699849
2022-02-11,2022-02-14,^GSPC,S&P 500,Benchmark,Validation,-1.915168263808653,3.667869478699849,0.1480703285540096
2022-02-14,2022-02-15,^GSPC,S&P 500,Benchmark,Validation,-0.3847990755628314,0.1480703285540096,2.4472590178977955
2022-02-15,2022-02-16,^GSPC,S&P 500,Benchmark,Validation,1.5643717646064172,2.4472590178977955,0.0077584337964083
2022-02-16,2022-02-17,^GSPC,S&P 500,Benchmark,Validation,0.08808197202838,0.0077584337964083,4.579815773150425
2022-02-17,2022-02-18,^GSPC,S&P 500,Benchmark,Validation,-2.1400504136936647,4.579815773150425,0.5172431257452312
2022-02-18,2022-02-22,^GSPC,S&P 500,Benchmark,Validation,-0.7191961663866342,0.5172431257452312,1.039326305899712
2022-02-22,2022-02-23,^GSPC,S&P 500,Benchmark,Validation,-1.0194735435016016,1.039326305899712,3.4535523438079743
2022-02-23,2022-02-24,^GSPC,S&P 500,Benchmark,Validation,-1.858373574878844,3.4535523438079743,2.204068411749592
2022-02-24,2022-02-25,^GSPC,S&P 500,Benchmark,Validation,1.4846105252724002,2.204068411749592,4.8956344056110215
2022-02-25,2022-02-28,^GSPC,S&P 500,Benchmark,Validation,2.2126080551265788,4.8956344056110215,0.0598091760451532
2022-02-28,2022-03-01,^GSPC,S&P 500,Benchmark,Validation,-0.2445591463126114,0.0598091760451532,2.431874255477122
2022-03-01,2022-03-02,^GSPC,S&P 500,Benchmark,Validation,-1.559446778661305,2.431874255477122,3.4117956917304135
2022-03-02,2022-03-03,^GSPC,S&P 500,Benchmark,Validation,1.8471046780652185,3.4117956917304135,0.2775731083254675
2022-03-03,2022-03-04,^GSPC,S&P 500,Benchmark,Validation,-0.5268520744245652,0.2775731083254675,0.6345213023861943
2022-03-04,2022-03-07,^GSPC,S&P 500,Benchmark,Validation,-0.7965684543001903,0.6345213023861943,8.977566086114452
2022-03-07,2022-03-08,^GSPC,S&P 500,Benchmark,Validation,-2.9962586814416494,8.977566086114452,0.5270823852907022
2022-03-08,2022-03-09,^GSPC,S&P 500,Benchmark,Validation,-0.7260043975698096,0.5270823852907022,6.438194816639233
2022-03-09,2022-03-10,^GSPC,S&P 500,Benchmark,Validation,2.537359812214112,6.438194816639233,0.1849903041645852
2022-03-10,2022-03-11,^GSPC,S&P 500,Benchmark,Validation,-0.4301049920247208,0.1849903041645852,1.7020539400385342
2022-03-11,2022-03-14,^GSPC,S&P 500,Benchmark,Validation,-1.3046278933238145,1.7020539400385342,0.5548276067881822
2022-03-14,2022-03-15,^GSPC,S&P 500,Benchmark,Validation,-0.7448675095533314,0.5548276067881822,4.487038020302299
2022-03-15,2022-03-16,^GSPC,S&P 500,Benchmark,Validation,2.118262972414497,4.487038020302299,4.900433000671103
2022-03-16,2022-03-17,^GSPC,S&P 500,Benchmark,Validation,2.2136921648393444,4.900433000671103,1.5060701724823256
2022-03-17,2022-03-18,^GSPC,S&P 500,Benchmark,Validation,1.2272205068700268,1.5060701724823256,1.3443972124612829
2022-03-18,2022-03-21,^GSPC,S&P 500,Benchmark,Validation,1.1594814411888112,1.3443972124612829,0.0018901178333868
2022-03-21,2022-03-22,^GSPC,S&P 500,Benchmark,Validation,-0.0434754854301459,0.0018901178333868,1.2635332646496418
2022-03-22,2022-03-23,^GSPC,S&P 500,Benchmark,Validation,1.1240699554074212,1.2635332646496418,1.5248866911283985
2022-03-23,2022-03-24,^GSPC,S&P 500,Benchmark,Validation,-1.2348630252495207,1.5248866911283985,2.0283491382975862
2022-03-24,2022-03-25,^GSPC,S&P 500,Benchmark,Validation,1.4242012281618024,2.0283491382975862,0.2553665654196156
2022-03-25,2022-03-28,^GSPC,S&P 500,Benchmark,Validation,0.5053380704237665,0.2553665654196156,0.5068800672698918
2022-03-28,2022-03-29,^GSPC,S&P 500,Benchmark,Validation,0.7119551020042568,0.5068800672698918,1.4840219848823744
2022-03-29,2022-03-30,^GSPC,S&P 500,Benchmark,Validation,1.218204410139109,1.4840219848823744,0.3986140604941482
2022-03-30,2022-03-31,^GSPC,S&P 500,Benchmark,Validation,-0.6313588999088777,0.3986140604941482,2.488927531909504
2022-03-31,2022-04-01,^GSPC,S&P 500,Benchmark,Validation,-1.577633522688176,2.488927531909504,0.1159008208284884
2022-04-01,2022-04-04,^GSPC,S&P 500,Benchmark,Validation,0.3404420961463028,0.1159008208284884,0.649375290341967
2022-04-04,2022-04-05,^GSPC,S&P 500,Benchmark,Validation,0.8058382532133648,0.649375290341967,1.5954617955282824
2022-04-05,2022-04-06,^GSPC,S&P 500,Benchmark,Validation,-1.2631159074005371,1.5954617955282824,0.9534416963118404
2022-04-06,2022-04-07,^GSPC,S&P 500,Benchmark,Validation,-0.9764433912479722,0.9534416963118404,0.1801463893932057
2022-04-07,2022-04-08,^GSPC,S&P 500,Benchmark,Validation,0.4244365552037262,0.1801463893932057,0.0704661805268627
2022-04-08,2022-04-11,^GSPC,S&P 500,Benchmark,Validation,-0.2654546675552394,0.0704661805268627,2.897258310441725
2022-04-11,2022-04-12,^GSPC,S&P 500,Benchmark,Validation,-1.7021334584696128,2.897258310441725,0.1171898652179455
2022-04-12,2022-04-13,^GSPC,S&P 500,Benchmark,Validation,-0.3423300530452235,0.1171898652179455,1.2348995141200998
2022-04-13,2022-04-14,^GSPC,S&P 500,Benchmark,Validation,1.1112603268901935,1.2348995141200998,1.492912628821738
2022-04-14,2022-04-18,^GSPC,S&P 500,Benchmark,Validation,-1.2218480383508163,1.492912628821738,0.0004197961394726
2022-04-18,2022-04-19,^GSPC,S&P 500,Benchmark,Validation,-0.0204889272406506,0.0004197961394726,2.537663257174612
2022-04-19,2022-04-20,^GSPC,S&P 500,Benchmark,Validation,1.5930044749386651,2.537663257174612,0.0038274812213886
2022-04-20,2022-04-21,^GSPC,S&P 500,Benchmark,Validation,-0.0618666406182575,0.0038274812213886,2.209044751391382
2022-04-21,2022-04-22,^GSPC,S&P 500,Benchmark,Validation,-1.4862855551311067,2.209044751391382,7.914137213020084
2022-04-22,2022-04-25,^GSPC,S&P 500,Benchmark,Validation,-2.813207637736697,7.914137213020084,0.3228245515284388
2022-04-25,2022-04-26,^GSPC,S&P 500,Benchmark,Validation,0.5681765144111809,0.3228245515284388,8.151030098230114
2022-04-26,2022-04-27,^GSPC,S&P 500,Benchmark,Validation,-2.855000892859775,8.151030098230114,0.0439258313544504
2022-04-27,2022-04-28,^GSPC,S&P 500,Benchmark,Validation,0.2095849024964595,0.0439258313544504,5.975900650427566
2022-04-28,2022-04-29,^GSPC,S&P 500,Benchmark,Validation,2.4445655340832175,5.975900650427566,13.659794919905533
2022-04-29,2022-05-02,^GSPC,S&P 500,Benchmark,Validation,-3.695915978469414,13.659794919905533,0.3202653664715695
2022-05-02,2022-05-03,^GSPC,S&P 500,Benchmark,Validation,0.5659199293818601,0.3202653664715695,0.2328511319351446
2022-05-03,2022-05-04,^GSPC,S&P 500,Benchmark,Validation,0.4825465075359521,0.2328511319351446,8.658436636977129
2022-05-04,2022-05-05,^GSPC,S&P 500,Benchmark,Validation,2.942522155732583,8.658436636977129,13.177391916126853
2022-05-05,2022-05-06,^GSPC,S&P 500,Benchmark,Validation,-3.630067756409906,13.177391916126853,0.3238047477855661
2022-05-06,2022-05-09,^GSPC,S&P 500,Benchmark,Validation,-0.569038441395277,0.3238047477855661,10.602525547280257
2022-05-09,2022-05-10,^GSPC,S&P 500,Benchmark,Validation,-3.256151953960419,10.602525547280257,0.0602644445759004
2022-05-10,2022-05-11,^GSPC,S&P 500,Benchmark,Validation,0.2454881760409255,0.0602644445759004,2.7556770563103523
2022-05-11,2022-05-12,^GSPC,S&P 500,Benchmark,Validation,-1.6600232095697796,2.7556770563103523,0.0168170319275496
2022-05-12,2022-05-13,^GSPC,S&P 500,Benchmark,Validation,-0.129680499411244,0.0168170319275496,5.5645356274098745
2022-05-13,2022-05-16,^GSPC,S&P 500,Benchmark,Validation,2.358926795686944,5.5645356274098745,0.1563576500162883
2022-05-16,2022-05-17,^GSPC,S&P 500,Benchmark,Validation,-0.3954208517722458,0.1563576500162883,3.987577492509221
2022-05-17,2022-05-18,^GSPC,S&P 500,Benchmark,Validation,1.996891958146264,3.987577492509221,17.002270286670818
2022-05-18,2022-05-19,^GSPC,S&P 500,Benchmark,Validation,-4.123380929124887,17.002270286670818,0.3423261864280923
2022-05-19,2022-05-20,^GSPC,S&P 500,Benchmark,Validation,-0.585086477734781,0.3423261864280923,0.0002135429604627
2022-05-20,2022-05-23,^GSPC,S&P 500,Benchmark,Validation,0.0146131091990306,0.0002135429604627,3.3800805630149515
2022-05-23,2022-05-24,^GSPC,S&P 500,Benchmark,Validation,1.838499541206076,3.3800805630149515,0.6648691533763563
2022-05-24,2022-05-25,^GSPC,S&P 500,Benchmark,Validation,-0.815395090355808,0.6648691533763563,0.8848009097642608
2022-05-25,2022-05-26,^GSPC,S&P 500,Benchmark,Validation,0.9406385648931586,0.8848009097642608,3.876238807475754
2022-05-26,2022-05-27,^GSPC,S&P 500,Benchmark,Validation,1.9688166007720864,3.876238807475754,5.973688452491227
2022-05-27,2022-05-31,^GSPC,S&P 500,Benchmark,Validation,2.4441130195822014,5.973688452491227,0.3961613783615682
2022-05-31,2022-06-01,^GSPC,S&P 500,Benchmark,Validation,-0.6294135193666944,0.3961613783615682,0.5641369453725436
2022-06-01,2022-06-02,^GSPC,S&P 500,Benchmark,Validation,-0.751090504115545,0.5641369453725436,3.335454025790127
2022-06-02,2022-06-03,^GSPC,S&P 500,Benchmark,Validation,1.8263225415545103,3.335454025790127,2.7166969468652877
2022-06-03,2022-06-06,^GSPC,S&P 500,Benchmark,Validation,-1.6482405609817057,2.7166969468652877,0.0981248988519291
2022-06-06,2022-06-07,^GSPC,S&P 500,Benchmark,Validation,0.3132489407036025,0.0981248988519291,0.8983876862519455
2022-06-07,2022-06-08,^GSPC,S&P 500,Benchmark,Validation,0.947833153171984,0.8983876862519455,1.1777942685171006
2022-06-08,2022-06-09,^GSPC,S&P 500,Benchmark,Validation,-1.0852623040155318,1.1777942685171006,5.801574428553296
2022-06-09,2022-06-10,^GSPC,S&P 500,Benchmark,Validation,-2.408645766515553,5.801574428553296,8.72754272889386
2022-06-10,2022-06-13,^GSPC,S&P 500,Benchmark,Validation,-2.9542414811409476,8.72754272889386,15.634062217769833
2022-06-13,2022-06-14,^GSPC,S&P 500,Benchmark,Validation,-3.953993199003994,15.634062217769833,0.1429458504773023
2022-06-14,2022-06-15,^GSPC,S&P 500,Benchmark,Validation,-0.3780818039489633,0.1429458504773023,2.0987487373321168
2022-06-15,2022-06-16,^GSPC,S&P 500,Benchmark,Validation,1.4487058836534477,2.0987487373321168,10.924483950962196
2022-06-16,2022-06-17,^GSPC,S&P 500,Benchmark,Validation,-3.3052207113840666,10.924483950962196,0.0483317071120883
2022-06-17,2022-06-21,^GSPC,S&P 500,Benchmark,Validation,0.2198447341013387,0.0483317071120883,5.847920952235279
2022-06-21,2022-06-22,^GSPC,S&P 500,Benchmark,Validation,2.4182474960671994,5.847920952235279,0.0169629810479089
2022-06-22,2022-06-23,^GSPC,S&P 500,Benchmark,Validation,-0.1302420095357445,0.0169629810479089,0.9000454434620355
2022-06-23,2022-06-24,^GSPC,S&P 500,Benchmark,Validation,0.948707248555652,0.9000454434620355,9.063435224286495
2022-06-24,2022-06-27,^GSPC,S&P 500,Benchmark,Validation,3.0105539729901034,9.063435224286495,0.0886550559697871
2022-06-27,2022-06-28,^GSPC,S&P 500,Benchmark,Validation,-0.2977499890340672,0.0886550559697871,4.140684989449746
2022-06-28,2022-06-29,^GSPC,S&P 500,Benchmark,Validation,-2.03486731494949,4.140684989449746,0.0050694231992731
2022-06-29,2022-06-30,^GSPC,S&P 500,Benchmark,Validation,-0.0711998820172695,0.0050694231992731,0.7740245048897523
2022-06-30,2022-07-01,^GSPC,S&P 500,Benchmark,Validation,-0.8797866246367652,0.7740245048897523,1.1021873944566032
2022-07-01,2022-07-05,^GSPC,S&P 500,Benchmark,Validation,1.0498511296639172,1.1021873944566032,0.0250549360180705
2022-07-05,2022-07-06,^GSPC,S&P 500,Benchmark,Validation,0.1582875106193491,0.0250549360180705,0.1272203160167853
2022-07-06,2022-07-07,^GSPC,S&P 500,Benchmark,Validation,0.3566795705066178,0.1272203160167853,2.206330923357089
2022-07-07,2022-07-08,^GSPC,S&P 500,Benchmark,Validation,1.4853723180930392,2.206330923357089,0.0068992359751558
2022-07-08,2022-07-11,^GSPC,S&P 500,Benchmark,Validation,-0.083061639612735,0.0068992359751558,1.3443052088670664
2022-07-11,2022-07-12,^GSPC,S&P 500,Benchmark,Validation,-1.1594417660525544,1.3443052088670664,0.8624592648974108
2022-07-12,2022-07-13,^GSPC,S&P 500,Benchmark,Validation,-0.928686849749371,0.8624592648974108,0.1995287499343581
2022-07-13,2022-07-14,^GSPC,S&P 500,Benchmark,Validation,-0.446686411181668,0.1995287499343581,0.0901884272873141
2022-07-14,2022-07-15,^GSPC,S&P 500,Benchmark,Validation,-0.3003138812764307,0.0901884272873141,3.617311728847722
2022-07-15,2022-07-18,^GSPC,S&P 500,Benchmark,Validation,1.901923165863364,3.617311728847722,0.705388753433856
2022-07-18,2022-07-19,^GSPC,S&P 500,Benchmark,Validation,-0.8398742485835936,0.705388753433856,7.427542239571471
2022-07-19,2022-07-20,^GSPC,S&P 500,Benchmark,Validation,2.725351764373082,7.427542239571471,0.3455669101504582
2022-07-20,2022-07-21,^GSPC,S&P 500,Benchmark,Validation,0.5878493941057167,0.3455669101504582,0.9629627785266612
2022-07-21,2022-07-22,^GSPC,S&P 500,Benchmark,Validation,0.9813066689504668,0.9629627785266612,0.8791476341613502
2022-07-22,2022-07-25,^GSPC,S&P 500,Benchmark,Validation,-0.9376287293813848,0.8791476341613502,0.0172739230564064
2022-07-25,2022-07-26,^GSPC,S&P 500,Benchmark,Validation,0.1314302973305868,0.0172739230564064,1.3480005527226946
2022-07-26,2022-07-27,^GSPC,S&P 500,Benchmark,Validation,-1.161034259926336,1.3480005527226946,6.666749189307844
2022-07-27,2022-07-28,^GSPC,S&P 500,Benchmark,Validation,2.5820048778629068,6.666749189307844,1.4545131348320377
2022-07-28,2022-07-29,^GSPC,S&P 500,Benchmark,Validation,1.2060319791912806,1.4545131348320377,1.990293375082322
2022-07-29,2022-08-01,^GSPC,S&P 500,Benchmark,Validation,1.4107775781753558,1.990293375082322,0.079923617908183
2022-08-01,2022-08-02,^GSPC,S&P 500,Benchmark,Validation,-0.2827076544916728,0.079923617908183,0.4468505872261273
2022-08-02,2022-08-03,^GSPC,S&P 500,Benchmark,Validation,-0.668468837887098,0.4468505872261273,2.4079144909417742
2022-08-03,2022-08-04,^GSPC,S&P 500,Benchmark,Validation,1.5517456270090708,2.4079144909417742,0.0060472777939465
2022-08-04,2022-08-05,^GSPC,S&P 500,Benchmark,Validation,-0.0777642449583773,0.0060472777939465,0.0264735359232642
2022-08-05,2022-08-08,^GSPC,S&P 500,Benchmark,Validation,-0.1627069018919119,0.0264735359232642,0.0153342929493782
2022-08-08,2022-08-09,^GSPC,S&P 500,Benchmark,Validation,-0.1238317122120914,0.0153342929493782,0.1812838597856531
2022-08-09,2022-08-10,^GSPC,S&P 500,Benchmark,Validation,-0.4257744235926498,0.1812838597856531,4.438251655959192
2022-08-10,2022-08-11,^GSPC,S&P 500,Benchmark,Validation,2.10671584604075,4.438251655959192,0.0049804484292107
2022-08-11,2022-08-12,^GSPC,S&P 500,Benchmark,Validation,-0.0705722922201817,0.0049804484292107,2.949478886920746
2022-08-12,2022-08-15,^GSPC,S&P 500,Benchmark,Validation,1.7174046951492667,2.949478886920746,0.1569494056141204
2022-08-15,2022-08-16,^GSPC,S&P 500,Benchmark,Validation,0.3961684056233163,0.1569494056141204,0.0351158675760842
2022-08-16,2022-08-17,^GSPC,S&P 500,Benchmark,Validation,0.1873922825947862,0.0351158675760842,0.5276736481038502
2022-08-17,2022-08-18,^GSPC,S&P 500,Benchmark,Validation,-0.726411486764802,0.5276736481038502,0.0513924187545669
2022-08-18,2022-08-19,^GSPC,S&P 500,Benchmark,Validation,0.2266989606384797,0.0513924187545669,1.6858240482527516
2022-08-19,2022-08-22,^GSPC,S&P 500,Benchmark,Validation,-1.2983928713038868,1.6858240482527516,4.679592789407186
2022-08-22,2022-08-23,^GSPC,S&P 500,Benchmark,Validation,-2.1632366466494566,4.679592789407186,0.0501925968350151
2022-08-23,2022-08-24,^GSPC,S&P 500,Benchmark,Validation,-0.2240370434437464,0.0501925968350151,0.0847925886030864
2022-08-24,2022-08-25,^GSPC,S&P 500,Benchmark,Validation,0.2911916698724165,0.0847925886030864,1.9581081708377657
2022-08-25,2022-08-26,^GSPC,S&P 500,Benchmark,Validation,1.3993241836107049,1.9581081708377657,11.74335322796762
2022-08-26,2022-08-29,^GSPC,S&P 500,Benchmark,Validation,-3.4268576317039523,11.74335322796762,0.4473837589530803
2022-08-29,2022-08-30,^GSPC,S&P 500,Benchmark,Validation,-0.6688675197324806,0.4473837589530803,1.2297515813563669
2022-08-30,2022-08-31,^GSPC,S&P 500,Benchmark,Validation,-1.1089416492117008,1.2297515813563669,0.6158699498370489
2022-08-31,2022-09-01,^GSPC,S&P 500,Benchmark,Validation,-0.7847738208153028,0.6158699498370489,0.0895058162826565
2022-09-01,2022-09-02,^GSPC,S&P 500,Benchmark,Validation,0.2991752267194871,0.0895058162826565,1.1652236520213248
2022-09-02,2022-09-06,^GSPC,S&P 500,Benchmark,Validation,-1.0794552570724387,1.1652236520213248,0.1683842246942317
2022-09-06,2022-09-07,^GSPC,S&P 500,Benchmark,Validation,-0.4103464690895143,0.1683842246942317,3.303251240381769
2022-09-07,2022-09-08,^GSPC,S&P 500,Benchmark,Validation,1.8174848666169876,3.303251240381769,0.4341448455156749
2022-09-08,2022-09-09,^GSPC,S&P 500,Benchmark,Validation,0.6588966880442448,0.4341448455156749,2.2970479011069407
2022-09-09,2022-09-12,^GSPC,S&P 500,Benchmark,Validation,1.515601498121106,2.2970479011069407,1.1085250207144348
2022-09-12,2022-09-13,^GSPC,S&P 500,Benchmark,Validation,1.0528651483995637,1.1085250207144348,19.535660127270223
2022-09-13,2022-09-14,^GSPC,S&P 500,Benchmark,Validation,-4.4199163031974065,19.535660127270223,0.1143311583471454
2022-09-14,2022-09-15,^GSPC,S&P 500,Benchmark,Validation,0.3381289078844715,0.1143311583471454,1.29556119709831
2022-09-15,2022-09-16,^GSPC,S&P 500,Benchmark,Validation,-1.1382272168149512,1.29556119709831,0.5195598156843796
2022-09-16,2022-09-19,^GSPC,S&P 500,Benchmark,Validation,-0.7208049775663176,0.5195598156843796,0.4669942459264879
2022-09-19,2022-09-20,^GSPC,S&P 500,Benchmark,Validation,0.6833697724705768,0.4669942459264879,1.285074973213688
2022-09-20,2022-09-21,^GSPC,S&P 500,Benchmark,Validation,-1.1336114736600402,1.285074973213688,2.9806897172763605
2022-09-21,2022-09-22,^GSPC,S&P 500,Benchmark,Validation,-1.726467409850635,2.9806897172763605,0.7162734246060048
2022-09-22,2022-09-23,^GSPC,S&P 500,Benchmark,Validation,-0.8463293830453985,0.7162734246060048,3.0216273595434244
2022-09-23,2022-09-26,^GSPC,S&P 500,Benchmark,Validation,-1.7382828767330778,3.0216273595434244,1.0804273831739288
2022-09-26,2022-09-27,^GSPC,S&P 500,Benchmark,Validation,-1.0394360890280503,1.0804273831739288,0.0450547726554194
2022-09-27,2022-09-28,^GSPC,S&P 500,Benchmark,Validation,-0.2122610954824728,0.0450547726554194,3.795149786068463
2022-09-28,2022-09-29,^GSPC,S&P 500,Benchmark,Validation,1.9481144181152357,3.795149786068463,4.5594184675729945
2022-09-29,2022-09-30,^GSPC,S&P 500,Benchmark,Validation,-2.13527948230975,4.5594184675729945,2.3047343476959146
2022-09-30,2022-10-03,^GSPC,S&P 500,Benchmark,Validation,-1.5181351546209298,2.3047343476959146,6.530364327843211
2022-10-03,2022-10-04,^GSPC,S&P 500,Benchmark,Validation,2.555457753093017,6.530364327843211,9.075361954787557
2022-10-04,2022-10-05,^GSPC,S&P 500,Benchmark,Validation,3.0125341416799833,9.075361954787557,0.0408034973826477
2022-10-05,2022-10-06,^GSPC,S&P 500,Benchmark,Validation,-0.2019987558938117,0.0408034973826477,1.0604721628903822
2022-10-06,2022-10-07,^GSPC,S&P 500,Benchmark,Validation,-1.02979229113952,1.0604721628903822,8.067415732057672
2022-10-07,2022-10-10,^GSPC,S&P 500,Benchmark,Validation,-2.8403196531478057,8.067415732057672,0.565605243832466
2022-10-10,2022-10-11,^GSPC,S&P 500,Benchmark,Validation,-0.7520673133652772,0.565605243832466,0.427783811019464
2022-10-11,2022-10-12,^GSPC,S&P 500,Benchmark,Validation,-0.6540518412323781,0.427783811019464,0.1086493213375639
2022-10-12,2022-10-13,^GSPC,S&P 500,Benchmark,Validation,-0.3296199650166294,0.1086493213375639,6.571152502508734
2022-10-13,2022-10-14,^GSPC,S&P 500,Benchmark,Validation,2.5634259307631133,6.571152502508734,5.734645919530233
2022-10-14,2022-10-17,^GSPC,S&P 500,Benchmark,Validation,-2.394712074452842,5.734645919530233,6.830656438989184
2022-10-17,2022-10-18,^GSPC,S&P 500,Benchmark,Validation,2.6135524557561847,6.830656438989184,1.291125013279976
2022-10-18,2022-10-19,^GSPC,S&P 500,Benchmark,Validation,1.136276820708746,1.291125013279976,0.4481573095613758
2022-10-19,2022-10-20,^GSPC,S&P 500,Benchmark,Validation,-0.6694455239684375,0.4481573095613758,0.6372328756928168
2022-10-20,2022-10-21,^GSPC,S&P 500,Benchmark,Validation,-0.7982686738766697,0.6372328756928168,5.4979744247320195
2022-10-21,2022-10-24,^GSPC,S&P 500,Benchmark,Validation,2.3447759860447266,5.4979744247320195,1.3952193140912934
2022-10-24,2022-10-25,^GSPC,S&P 500,Benchmark,Validation,1.1811940205111493,1.3952193140912934,2.6036307400520933
2022-10-25,2022-10-26,^GSPC,S&P 500,Benchmark,Validation,1.6135770015874955,2.6036307400520933,0.5498430713673188
2022-10-26,2022-10-27,^GSPC,S&P 500,Benchmark,Validation,-0.7415140398989886,0.5498430713673188,0.3722445905320137
2022-10-27,2022-10-28,^GSPC,S&P 500,Benchmark,Validation,-0.6101185053184452,0.3722445905320137,5.9185337312413795
2022-10-28,2022-10-31,^GSPC,S&P 500,Benchmark,Validation,2.4328036770856336,5.9185337312413795,0.5598521778890291
2022-10-31,2022-11-01,^GSPC,S&P 500,Benchmark,Validation,-0.7482327030336412,0.5598521778890291,0.1688933589443502
2022-11-01,2022-11-02,^GSPC,S&P 500,Benchmark,Validation,-0.4109663720359005,0.1688933589443502,6.410944868905512
2022-11-02,2022-11-03,^GSPC,S&P 500,Benchmark,Validation,-2.5319843737482883,6.410944868905512,1.1326115734869746
2022-11-03,2022-11-04,^GSPC,S&P 500,Benchmark,Validation,-1.0642422531956597,1.1326115734869746,1.8297494819887512
2022-11-04,2022-11-07,^GSPC,S&P 500,Benchmark,Validation,1.3526823285563951,1.8297494819887512,0.9154780430002084
2022-11-07,2022-11-08,^GSPC,S&P 500,Benchmark,Validation,0.956806167935914,0.9154780430002084,0.3116188158027233
2022-11-08,2022-11-09,^GSPC,S&P 500,Benchmark,Validation,0.5582282828760321,0.3116188158027233,4.408649682548196
2022-11-09,2022-11-10,^GSPC,S&P 500,Benchmark,Validation,-2.0996784712303445,4.408649682548196,29.1087394656024
2022-11-10,2022-11-11,^GSPC,S&P 500,Benchmark,Validation,5.395251566479769,29.1087394656024,0.8460894925606529
2022-11-11,2022-11-14,^GSPC,S&P 500,Benchmark,Validation,0.9198312304769029,0.8460894925606529,0.8056750866590305
2022-11-14,2022-11-15,^GSPC,S&P 500,Benchmark,Validation,-0.8975940544918012,0.8056750866590305,0.7526215593619839
2022-11-15,2022-11-16,^GSPC,S&P 500,Benchmark,Validation,0.8675376414669187,0.7526215593619839,0.6866248781012426
2022-11-16,2022-11-17,^GSPC,S&P 500,Benchmark,Validation,-0.8286283111873759,0.6866248781012426,0.0957348354944122
2022-11-17,2022-11-18,^GSPC,S&P 500,Benchmark,Validation,-0.3094104644229283,0.0957348354944122,0.2253681597102187
2022-11-18,2022-11-21,^GSPC,S&P 500,Benchmark,Validation,0.4747295648158209,0.2253681597102187,0.1514182500814503
2022-11-21,2022-11-22,^GSPC,S&P 500,Benchmark,Validation,-0.3891249800275618,0.1514182500814503,1.819424991024538
2022-11-22,2022-11-23,^GSPC,S&P 500,Benchmark,Validation,1.3488606269828392,1.819424991024538,0.3477774676703985
2022-11-23,2022-11-25,^GSPC,S&P 500,Benchmark,Validation,0.5897266041738312,0.3477774676703985,0.0008013669950672
2022-11-25,2022-11-28,^GSPC,S&P 500,Benchmark,Validation,-0.0283084262202478,0.0008013669950672,2.422597862911715
2022-11-28,2022-11-29,^GSPC,S&P 500,Benchmark,Validation,-1.5564696794064814,2.422597862911715,0.0253807499125136
2022-11-29,2022-11-30,^GSPC,S&P 500,Benchmark,Validation,-0.159313370162437,0.0253807499125136,9.289477108981744
2022-11-30,2022-12-01,^GSPC,S&P 500,Benchmark,Validation,3.0478643521294946,9.289477108981744,0.0075344106429365
2022-12-01,2022-12-02,^GSPC,S&P 500,Benchmark,Validation,-0.0868009829606589,0.0075344106429365,0.0142892058676282
2022-12-02,2022-12-05,^GSPC,S&P 500,Benchmark,Validation,-0.1195374663761461,0.0142892058676282,3.260281507359844
2022-12-05,2022-12-06,^GSPC,S&P 500,Benchmark,Validation,-1.805624963097222,3.260281507359844,2.1036222823902992
2022-12-06,2022-12-07,^GSPC,S&P 500,Benchmark,Validation,-1.4503869422986058,2.1036222823902992,0.0347489585211013
2022-12-07,2022-12-08,^GSPC,S&P 500,Benchmark,Validation,-0.1864107253381664,0.0347489585211013,0.5615455672968455
2022-12-08,2022-12-09,^GSPC,S&P 500,Benchmark,Validation,0.7493634413933238,0.5615455672968455,0.5441599005370207
2022-12-09,2022-12-12,^GSPC,S&P 500,Benchmark,Validation,-0.7376719464213213,0.5441599005370207,2.0102439788330932
2022-12-12,2022-12-13,^GSPC,S&P 500,Benchmark,Validation,1.417830729965003,2.0102439788330932,0.5275441205861445
2022-12-13,2022-12-14,^GSPC,S&P 500,Benchmark,Validation,0.7263223255457212,0.5275441205861445,0.3685845706021737
2022-12-14,2022-12-15,^GSPC,S&P 500,Benchmark,Validation,-0.6071116623835963,0.3685845706021737,6.369302908451592
2022-12-15,2022-12-16,^GSPC,S&P 500,Benchmark,Validation,-2.523747790182607,6.369302908451592,1.2544537484823564
2022-12-16,2022-12-19,^GSPC,S&P 500,Benchmark,Validation,-1.1200239946011676,1.2544537484823564,0.8187225662641662
2022-12-19,2022-12-20,^GSPC,S&P 500,Benchmark,Validation,-0.90483289411038,0.8187225662641662,0.0107495568714678
2022-12-20,2022-12-21,^GSPC,S&P 500,Benchmark,Validation,0.1036800697890769,0.0107495568714678,2.178147588168443
2022-12-21,2022-12-22,^GSPC,S&P 500,Benchmark,Validation,1.4758548669054294,2.178147588168443,2.119103977113183
2022-12-22,2022-12-23,^GSPC,S&P 500,Benchmark,Validation,-1.4557142498145654,2.119103977113183,0.3423364248822814
2022-12-23,2022-12-27,^GSPC,S&P 500,Benchmark,Validation,0.5850952271915072,0.3423364248822814,0.164660982096215
2022-12-27,2022-12-28,^GSPC,S&P 500,Benchmark,Validation,-0.4057844034659477,0.164660982096215,1.4625202735447156
2022-12-28,2022-12-29,^GSPC,S&P 500,Benchmark,Validation,-1.2093470442948606,1.4625202735447156,2.996580603874589
2022-12-29,2022-12-30,^GSPC,S&P 500,Benchmark,Validation,1.731063431499432,2.996580603874589,0.0647181208800503
2022-12-30,2023-01-03,^GSPC,S&P 500,Benchmark,Validation,-0.2543975646110833,0.0647181208800503,0.1606865333762405
2023-01-03,2023-01-04,^GSPC,S&P 500,Benchmark,Validation,-0.4008572481273608,0.1606865333762405,0.5641053280574309
2023-01-04,2023-01-05,^GSPC,S&P 500,Benchmark,Validation,0.7510694562138917,0.5641053280574309,1.3721473014604355
2023-01-05,2023-01-06,^GSPC,S&P 500,Benchmark,Validation,-1.1713869136457158,1.3721473014604355,5.100296299123782
2023-01-06,2023-01-09,^GSPC,S&P 500,Benchmark,Validation,2.258383558903089,5.100296299123782,0.0058971237800303
2023-01-09,2023-01-10,^GSPC,S&P 500,Benchmark,Validation,-0.0767927325990578,0.0058971237800303,0.4835808777502175
2023-01-10,2023-01-11,^GSPC,S&P 500,Benchmark,Validation,0.6953997970593733,0.4835808777502175,1.6301087415028737
2023-01-11,2023-01-12,^GSPC,S&P 500,Benchmark,Validation,1.2767571192293676,1.6301087415028737,0.1162867910734147
2023-01-12,2023-01-13,^GSPC,S&P 500,Benchmark,Validation,0.341008491204273,0.1162867910734147,0.1591126054169875
2023-01-13,2023-01-17,^GSPC,S&P 500,Benchmark,Validation,0.3988892144656051,0.1591126054169875,0.0413128158007261
2023-01-17,2023-01-18,^GSPC,S&P 500,Benchmark,Validation,-0.2032555430996314,0.0413128158007261,2.460181890929409
2023-01-18,2023-01-19,^GSPC,S&P 500,Benchmark,Validation,-1.5684966977744674,2.460181890929409,0.5879319239384381
2023-01-19,2023-01-20,^GSPC,S&P 500,Benchmark,Validation,-0.7667671901812427,0.5879319239384381,3.5125032754292898
2023-01-20,2023-01-23,^GSPC,S&P 500,Benchmark,Validation,1.874167355235196,3.5125032754292898,1.395071845021084
2023-01-23,2023-01-24,^GSPC,S&P 500,Benchmark,Validation,1.1811315951328556,1.395071845021084,0.005065971221099
2023-01-24,2023-01-25,^GSPC,S&P 500,Benchmark,Validation,-0.0711756364291819,0.005065971221099,0.0003302999952577
2023-01-25,2023-01-26,^GSPC,S&P 500,Benchmark,Validation,-0.0181741573465663,0.0003302999952577,1.1985231109073378
2023-01-26,2023-01-27,^GSPC,S&P 500,Benchmark,Validation,1.0947708029114305,1.1985231109073378,0.0620873843491646
2023-01-27,2023-01-30,^GSPC,S&P 500,Benchmark,Validation,0.2491734021703855,0.0620873843491646,1.7039567186915017
2023-01-30,2023-01-31,^GSPC,S&P 500,Benchmark,Validation,-1.3053569315292664,1.7039567186915017,2.1130414608681787
2023-01-31,2023-02-01,^GSPC,S&P 500,Benchmark,Validation,1.4536304416419528,2.1130414608681787,1.081195747531842
2023-02-01,2023-02-02,^GSPC,S&P 500,Benchmark,Validation,1.039805629688473,1.081195747531842,2.1293768909805606
2023-02-02,2023-02-03,^GSPC,S&P 500,Benchmark,Validation,1.459238462685438,2.1293768909805606,1.0833880068895296
2023-02-03,2023-02-06,^GSPC,S&P 500,Benchmark,Validation,-1.0408592637285454,1.0833880068895296,0.379381245175453
2023-02-06,2023-02-07,^GSPC,S&P 500,Benchmark,Validation,-0.6159393193939262,0.379381245175453,1.635934122091404
2023-02-07,2023-02-08,^GSPC,S&P 500,Benchmark,Validation,1.2790364037397075,1.635934122091404,1.241569333369178
2023-02-08,2023-02-09,^GSPC,S&P 500,Benchmark,Validation,-1.1142573012411352,1.241569333369178,0.786593353830378
2023-02-09,2023-02-10,^GSPC,S&P 500,Benchmark,Validation,-0.8869009831037385,0.786593353830378,0.0480861616144615
2023-02-10,2023-02-13,^GSPC,S&P 500,Benchmark,Validation,0.2192855709217127,0.0480861616144615,1.2958566483284235
2023-02-13,2023-02-14,^GSPC,S&P 500,Benchmark,Validation,1.1383569951155146,1.2958566483284235,0.0007865436506131
2023-02-14,2023-02-15,^GSPC,S&P 500,Benchmark,Validation,-0.0280453855493762,0.0007865436506131,0.0766923037210728
2023-02-15,2023-02-16,^GSPC,S&P 500,Benchmark,Validation,0.2769337533076689,0.0766923037210728,1.927845943161558
2023-02-16,2023-02-17,^GSPC,S&P 500,Benchmark,Validation,-1.3884689204881606,1.927845943161558,0.0767978317743832
2023-02-17,2023-02-21,^GSPC,S&P 500,Benchmark,Validation,-0.2771242172282734,0.0767978317743832,4.098512781325365
2023-02-21,2023-02-22,^GSPC,S&P 500,Benchmark,Validation,-2.0244783973471696,4.098512781325365,0.0247998082160278
2023-02-22,2023-02-23,^GSPC,S&P 500,Benchmark,Validation,-0.1574795485643383,0.0247998082160278,0.2825218301564748
2023-02-23,2023-02-24,^GSPC,S&P 500,Benchmark,Validation,0.5315278263237728,0.2825218301564748,1.122214926504074
2023-02-24,2023-02-27,^GSPC,S&P 500,Benchmark,Validation,-1.0593464619774184,1.122214926504074,0.0941441910827216
2023-02-27,2023-02-28,^GSPC,S&P 500,Benchmark,Validation,0.3068292539552277,0.0941441910827216,0.0924536895635249
2023-02-28,2023-03-01,^GSPC,S&P 500,Benchmark,Validation,-0.3040619830947711,0.0924536895635249,0.2243409315096899
2023-03-01,2023-03-02,^GSPC,S&P 500,Benchmark,Validation,-0.4736464203492832,0.2243409315096899,0.570567782559631
2023-03-02,2023-03-03,^GSPC,S&P 500,Benchmark,Validation,0.7553593731195973,0.570567782559631,2.566003251790767
2023-03-03,2023-03-06,^GSPC,S&P 500,Benchmark,Validation,1.601874917648306,2.566003251790767,0.0047187389492913
2023-03-06,2023-03-07,^GSPC,S&P 500,Benchmark,Validation,0.0686930778848301,0.0047187389492913,2.385662652530858
2023-03-07,2023-03-08,^GSPC,S&P 500,Benchmark,Validation,-1.5445590479262548,2.385662652530858,0.019988138578662
2023-03-08,2023-03-09,^GSPC,S&P 500,Benchmark,Validation,0.1413794135603272,0.019988138578662,3.471461305006339
2023-03-09,2023-03-10,^GSPC,S&P 500,Benchmark,Validation,-1.8631857945482353,3.471461305006339,2.126921645121259
2023-03-10,2023-03-13,^GSPC,S&P 500,Benchmark,Validation,-1.458396943606664,2.126921645121259,0.0228282437234779
2023-03-13,2023-03-14,^GSPC,S&P 500,Benchmark,Validation,-0.1510901840738767,0.0228282437234779,2.6707365323535273
2023-03-14,2023-03-15,^GSPC,S&P 500,Benchmark,Validation,1.6342388235363663,2.6707365323535273,0.4907512378268847
2023-03-15,2023-03-16,^GSPC,S&P 500,Benchmark,Validation,-0.7005363929353597,0.4907512378268847,3.0309334517084943
2023-03-16,2023-03-17,^GSPC,S&P 500,Benchmark,Validation,1.7409576249031722,3.0309334517084943,1.2278016781679535
2023-03-17,2023-03-20,^GSPC,S&P 500,Benchmark,Validation,-1.10806212739537,1.2278016781679535,0.7883432601203246
2023-03-20,2023-03-21,^GSPC,S&P 500,Benchmark,Validation,0.8878869635940854,0.7883432601203246,1.663751078080309
2023-03-21,2023-03-22,^GSPC,S&P 500,Benchmark,Validation,1.2898647518559103,1.663751078080309,2.7556825490460555
2023-03-22,2023-03-23,^GSPC,S&P 500,Benchmark,Validation,-1.6600248639842885,2.7556825490460555,0.0888089986736127
2023-03-23,2023-03-24,^GSPC,S&P 500,Benchmark,Validation,0.2980083869182423,0.0888089986736127,0.3162896077360524
2023-03-24,2023-03-27,^GSPC,S&P 500,Benchmark,Validation,0.5623963084303207,0.3162896077360524,0.0270799792427041
2023-03-27,2023-03-28,^GSPC,S&P 500,Benchmark,Validation,0.1645599563767083,0.0270799792427041,0.0248088736535879
2023-03-28,2023-03-29,^GSPC,S&P 500,Benchmark,Validation,-0.1575083288387886,0.0248088736535879,1.9985111531037236
2023-03-29,2023-03-30,^GSPC,S&P 500,Benchmark,Validation,1.41368707750468,1.9985111531037236,0.3247859187570391
2023-03-30,2023-03-31,^GSPC,S&P 500,Benchmark,Validation,0.5698999199482653,0.3247859187570391,2.05444285307301
2023-03-31,2023-04-03,^GSPC,S&P 500,Benchmark,Validation,1.4333327782036556,2.05444285307301,0.1363103062639726
2023-04-03,2023-04-04,^GSPC,S&P 500,Benchmark,Validation,0.3692022565802823,0.1363103062639726,0.338007325824315
2023-04-04,2023-04-05,^GSPC,S&P 500,Benchmark,Validation,-0.5813839745162529,0.338007325824315,0.0622742870102948
2023-04-05,2023-04-06,^GSPC,S&P 500,Benchmark,Validation,-0.2495481657121423,0.0622742870102948,0.1276470785848072
2023-04-06,2023-04-10,^GSPC,S&P 500,Benchmark,Validation,0.3572773132803247,0.1276470785848072,0.0099163161512652
2023-04-10,2023-04-11,^GSPC,S&P 500,Benchmark,Validation,0.0995807017010084,0.0099163161512652,1.7100981488459505e-05
2023-04-11,2023-04-12,^GSPC,S&P 500,Benchmark,Validation,-0.004135333298352,1.7100981488459505e-05,0.1716823030443214
2023-04-12,2023-04-13,^GSPC,S&P 500,Benchmark,Validation,-0.4143456323461385,0.1716823030443214,1.7359407687846933
2023-04-13,2023-04-14,^GSPC,S&P 500,Benchmark,Validation,1.3175510497831548,1.7359407687846933,0.0429118510321582
2023-04-14,2023-04-17,^GSPC,S&P 500,Benchmark,Validation,-0.2071517584577988,0.0429118510321582,0.1089464414028586
2023-04-17,2023-04-18,^GSPC,S&P 500,Benchmark,Validation,0.3300703582614753,0.1089464414028586,0.0073077673500885
2023-04-18,2023-04-19,^GSPC,S&P 500,Benchmark,Validation,0.0854854803465975,0.0073077673500885,7.100682569565787e-05
2023-04-19,2023-04-20,^GSPC,S&P 500,Benchmark,Validation,-0.0084265547939628,7.100682569565787e-05,0.3564490226078611
2023-04-20,2023-04-21,^GSPC,S&P 500,Benchmark,Validation,-0.5970335188311131,0.3564490226078611,0.0081501399853376
2023-04-21,2023-04-24,^GSPC,S&P 500,Benchmark,Validation,0.0902781257300886,0.0081501399853376,0.0072457000361229
2023-04-24,2023-04-25,^GSPC,S&P 500,Benchmark,Validation,0.0851216778272312,0.0072457000361229,2.5399382806709503
2023-04-25,2023-04-26,^GSPC,S&P 500,Benchmark,Validation,-1.593718381857645,2.5399382806709503,0.1481159498221831
2023-04-26,2023-04-27,^GSPC,S&P 500,Benchmark,Validation,-0.3848583503344875,0.1481159498221831,3.754756241654992
2023-04-27,2023-04-28,^GSPC,S&P 500,Benchmark,Validation,1.9377193402696355,3.754756241654992,0.6755740723686459
2023-04-28,2023-05-01,^GSPC,S&P 500,Benchmark,Validation,0.8219331313243468,0.6755740723686459,0.0014913580222889
2023-05-01,2023-05-02,^GSPC,S&P 500,Benchmark,Validation,-0.0386181048510787,0.0014913580222889,1.3581354091947575
2023-05-02,2023-05-03,^GSPC,S&P 500,Benchmark,Validation,-1.1653906680571788,1.3581354091947575,0.4932123754748058
2023-05-03,2023-05-04,^GSPC,S&P 500,Benchmark,Validation,-0.7022908054892971,0.4932123754748058,0.5248877097134916
2023-05-04,2023-05-05,^GSPC,S&P 500,Benchmark,Validation,-0.7244913455062743,0.5248877097134916,3.351157276010661
2023-05-05,2023-05-08,^GSPC,S&P 500,Benchmark,Validation,1.83061663818798,3.351157276010661,0.0020432794303483
2023-05-08,2023-05-09,^GSPC,S&P 500,Benchmark,Validation,0.0452026484882065,0.0020432794303483,0.2106753955609429
2023-05-09,2023-05-10,^GSPC,S&P 500,Benchmark,Validation,-0.4589938949059595,0.2106753955609429,0.2001615918398633
2023-05-10,2023-05-11,^GSPC,S&P 500,Benchmark,Validation,0.4473942241914432,0.2001615918398633,0.0288342436965482
2023-05-11,2023-05-12,^GSPC,S&P 500,Benchmark,Validation,-0.1698064889706758,0.0288342436965482,0.025108354307256
2023-05-12,2023-05-15,^GSPC,S&P 500,Benchmark,Validation,-0.1584561589439047,0.025108354307256,0.087249207362457
2023-05-15,2023-05-16,^GSPC,S&P 500,Benchmark,Validation,0.2953797680316934,0.087249207362457,0.4093578190941125
2023-05-16,2023-05-17,^GSPC,S&P 500,Benchmark,Validation,-0.6398107681917463,0.4093578190941125,1.3972867949997236
2023-05-17,2023-05-18,^GSPC,S&P 500,Benchmark,Validation,1.1820688622071571,1.3972867949997236,0.8837359412089167
2023-05-18,2023-05-19,^GSPC,S&P 500,Benchmark,Validation,0.9400723063727155,0.8837359412089167,0.0209355977809126
2023-05-19,2023-05-22,^GSPC,S&P 500,Benchmark,Validation,-0.1446913880675441,0.0209355977809126,0.0002403203125311
2023-05-22,2023-05-23,^GSPC,S&P 500,Benchmark,Validation,0.0155022679802391,0.0002403203125311,1.273618053199203
2023-05-23,2023-05-24,^GSPC,S&P 500,Benchmark,Validation,-1.1285468768284297,1.273618053199203,0.5395655650714258
2023-05-24,2023-05-25,^GSPC,S&P 500,Benchmark,Validation,-0.734551267830521,0.5395655650714258,0.7602891431381728
2023-05-25,2023-05-26,^GSPC,S&P 500,Benchmark,Validation,0.8719456079011882,0.7602891431381728,1.680829516592503
2023-05-26,2023-05-30,^GSPC,S&P 500,Benchmark,Validation,1.2964680931640788,1.680829516592503,2.756639479045777e-06
2023-05-30,2023-05-31,^GSPC,S&P 500,Benchmark,Validation,0.0016603130665768,2.756639479045777e-06,0.3754451834216493
2023-05-31,2023-06-01,^GSPC,S&P 500,Benchmark,Validation,-0.6127358186214099,0.3754451834216493,0.9616185431002688
2023-06-01,2023-06-02,^GSPC,S&P 500,Benchmark,Validation,0.9806215085853812,0.9616185431002688,2.0821948561369727
2023-06-02,2023-06-05,^GSPC,S&P 500,Benchmark,Validation,1.4429812390107408,2.0821948561369727,0.0402239722739862
2023-06-05,2023-06-06,^GSPC,S&P 500,Benchmark,Validation,-0.2005591490657713,0.0402239722739862,0.0552781337652626
2023-06-06,2023-06-07,^GSPC,S&P 500,Benchmark,Validation,0.2351130233850576,0.0552781337652626,0.1458700609639341
2023-06-07,2023-06-08,^GSPC,S&P 500,Benchmark,Validation,-0.3819293926420617,0.1458700609639341,0.3806361382035702
2023-06-08,2023-06-09,^GSPC,S&P 500,Benchmark,Validation,0.616957160752325,0.3806361382035702,0.0131652910769738
2023-06-09,2023-06-12,^GSPC,S&P 500,Benchmark,Validation,0.1147401023050523,0.0131652910769738,0.860808197620561
2023-06-12,2023-06-13,^GSPC,S&P 500,Benchmark,Validation,0.927797498175416,0.860808197620561,0.4772834947488538
2023-06-13,2023-06-14,^GSPC,S&P 500,Benchmark,Validation,0.6908570725908897,0.4772834947488538,0.0067090839554376
2023-06-14,2023-06-15,^GSPC,S&P 500,Benchmark,Validation,0.0819089980126584,0.0067090839554376,1.4652086892579947
2023-06-15,2023-06-16,^GSPC,S&P 500,Benchmark,Validation,1.2104580493589998,1.4652086892579947,0.1353045343850498
2023-06-16,2023-06-20,^GSPC,S&P 500,Benchmark,Validation,-0.3678376467751089,0.1353045343850498,0.2252787472925994
2023-06-20,2023-06-21,^GSPC,S&P 500,Benchmark,Validation,-0.4746353835236048,0.2252787472925994,0.276579894147785
2023-06-21,2023-06-22,^GSPC,S&P 500,Benchmark,Validation,-0.5259086366925201,0.276579894147785,0.1371910031422008
2023-06-22,2023-06-23,^GSPC,S&P 500,Benchmark,Validation,0.3703930387334525,0.1371910031422008,0.5910977323975372
2023-06-23,2023-06-26,^GSPC,S&P 500,Benchmark,Validation,-0.7688288056502157,0.5910977323975372,0.2022241866631894
2023-06-26,2023-06-27,^GSPC,S&P 500,Benchmark,Validation,-0.4496934363132171,0.2022241866631894,1.2974881021889546
2023-06-27,2023-06-28,^GSPC,S&P 500,Benchmark,Validation,1.139073352418076,1.2974881021889546,0.0012541470640911
2023-06-28,2023-06-29,^GSPC,S&P 500,Benchmark,Validation,-0.0354139388389821,0.0012541470640911,0.1992344031269181
2023-06-29,2023-06-30,^GSPC,S&P 500,Benchmark,Validation,0.446356811449,0.1992344031269181,1.4870217830955428
2023-06-30,2023-07-03,^GSPC,S&P 500,Benchmark,Validation,1.21943502618858,1.4870217830955428,0.0136888383690403
2023-07-03,2023-07-05,^GSPC,S&P 500,Benchmark,Validation,0.1169993092673641,0.0136888383690403,0.0388191697120848
2023-07-05,2023-07-06,^GSPC,S&P 500,Benchmark,Validation,-0.1970258097612716,0.0388191697120848,0.6326708918987637
2023-07-06,2023-07-07,^GSPC,S&P 500,Benchmark,Validation,-0.7954061175894762,0.6326708918987637,0.0823238206720074
2023-07-07,2023-07-10,^GSPC,S&P 500,Benchmark,Validation,-0.2869212795733482,0.0823238206720074,0.057702699046617
2023-07-10,2023-07-11,^GSPC,S&P 500,Benchmark,Validation,0.2402138610626312,0.057702699046617,0.4515280910960296
2023-07-11,2023-07-12,^GSPC,S&P 500,Benchmark,Validation,0.6719583998254874,0.4515280910960296,0.545220565252151
2023-07-12,2023-07-13,^GSPC,S&P 500,Benchmark,Validation,0.7383905235389678,0.545220565252151,0.7114050330230909
2023-07-13,2023-07-14,^GSPC,S&P 500,Benchmark,Validation,0.8434482989627111,0.7114050330230909,0.010504860082576
2023-07-14,2023-07-17,^GSPC,S&P 500,Benchmark,Validation,-0.1024932196907483,0.010504860082576,0.1480686984566522
2023-07-17,2023-07-18,^GSPC,S&P 500,Benchmark,Validation,0.3847969574420413,0.1480686984566522,0.5029741350170069
2023-07-18,2023-07-19,^GSPC,S&P 500,Benchmark,Validation,0.7092066941428338,0.5029741350170069,0.0554666005444882
2023-07-19,2023-07-20,^GSPC,S&P 500,Benchmark,Validation,0.2355134827233639,0.0554666005444882,0.4596605952304635
2023-07-20,2023-07-21,^GSPC,S&P 500,Benchmark,Validation,-0.6779827396257692,0.4596605952304635,0.0010500322723451
2023-07-21,2023-07-24,^GSPC,S&P 500,Benchmark,Validation,0.0324042014613091,0.0010500322723451,0.1620898597831831
2023-07-24,2023-07-25,^GSPC,S&P 500,Benchmark,Validation,0.4026038496874852,0.1620898597831831,0.079001445340029
2023-07-25,2023-07-26,^GSPC,S&P 500,Benchmark,Validation,0.2810719575838704,0.079001445340029,0.000241650067713
2023-07-26,2023-07-27,^GSPC,S&P 500,Benchmark,Validation,-0.0155450978675918,0.000241650067713,0.415430916359827
2023-07-27,2023-07-28,^GSPC,S&P 500,Benchmark,Validation,-0.6445393055197076,0.415430916359827,0.9661662882274208
2023-07-28,2023-07-31,^GSPC,S&P 500,Benchmark,Validation,0.9829375810433848,0.9661662882274208,0.0215395377467246
2023-07-31,2023-08-01,^GSPC,S&P 500,Benchmark,Validation,0.1467635436568791,0.0215395377467246,0.0712166777821695
2023-08-01,2023-08-02,^GSPC,S&P 500,Benchmark,Validation,-0.2668645307682711,0.0712166777821695,1.9421768823196184
2023-08-02,2023-08-03,^GSPC,S&P 500,Benchmark,Validation,-1.3936200638336185,1.9421768823196184,0.065087512982152
2023-08-03,2023-08-04,^GSPC,S&P 500,Benchmark,Validation,-0.2551225450291527,0.065087512982152,0.2824039613490028
2023-08-04,2023-08-07,^GSPC,S&P 500,Benchmark,Validation,-0.531416937393797,0.2824039613490028,0.8070540970573067
2023-08-07,2023-08-08,^GSPC,S&P 500,Benchmark,Validation,0.8983618964856572,0.8070540970573067,0.1786926295796368
2023-08-08,2023-08-09,^GSPC,S&P 500,Benchmark,Validation,-0.4227205100058866,0.1786926295796368,0.4989471481877666
2023-08-09,2023-08-10,^GSPC,S&P 500,Benchmark,Validation,-0.7063619102045117,0.4989471481877666,0.0006284172637545
2023-08-10,2023-08-11,^GSPC,S&P 500,Benchmark,Validation,0.0250682521080863,0.0006284172637545,0.011454669545227
2023-08-11,2023-08-14,^GSPC,S&P 500,Benchmark,Validation,-0.1070264899229486,0.011454669545227,0.3287881195720147
2023-08-14,2023-08-15,^GSPC,S&P 500,Benchmark,Validation,0.573400487941905,0.3287881195720147,1.3498116302712917
2023-08-15,2023-08-16,^GSPC,S&P 500,Benchmark,Validation,-1.1618139396096483,1.3498116302712917,0.5751829663721887
2023-08-16,2023-08-17,^GSPC,S&P 500,Benchmark,Validation,-0.7584081792624527,0.5751829663721887,0.5995112802799378
2023-08-17,2023-08-18,^GSPC,S&P 500,Benchmark,Validation,-0.7742811377529081,0.5995112802799378,0.000221170090087
2023-08-18,2023-08-21,^GSPC,S&P 500,Benchmark,Validation,-0.0148717883957202,0.000221170090087,0.4699972933090202
2023-08-21,2023-08-22,^GSPC,S&P 500,Benchmark,Validation,0.6855634859799785,0.4699972933090202,0.077358023904789
2023-08-22,2023-08-23,^GSPC,S&P 500,Benchmark,Validation,-0.2781331046545683,0.077358023904789,1.206555211640342
2023-08-23,2023-08-24,^GSPC,S&P 500,Benchmark,Validation,1.098433071079136,1.206555211640342,1.835849933839537
2023-08-24,2023-08-25,^GSPC,S&P 500,Benchmark,Validation,-1.354935398400801,1.835849933839537,0.4482973444841355
2023-08-25,2023-08-28,^GSPC,S&P 500,Benchmark,Validation,0.6695501060295156,0.4482973444841355,0.3900100664769085
2023-08-28,2023-08-29,^GSPC,S&P 500,Benchmark,Validation,0.6245078594196461,0.3900100664769085,2.074771954616452
2023-08-29,2023-08-30,^GSPC,S&P 500,Benchmark,Validation,1.4404068712056506,2.074771954616452,0.1463716021575153
2023-08-30,2023-08-31,^GSPC,S&P 500,Benchmark,Validation,0.3825854181192944,0.1463716021575153,0.0255428471134825
2023-08-31,2023-09-01,^GSPC,S&P 500,Benchmark,Validation,-0.1598212974339857,0.0255428471134825,0.0323105214220211
2023-09-01,2023-09-05,^GSPC,S&P 500,Benchmark,Validation,0.1797512765518541,0.0323105214220211,0.1766519068653515
2023-09-05,2023-09-06,^GSPC,S&P 500,Benchmark,Validation,-0.4202997821381205,0.1766519068653515,0.4894421876433019
2023-09-06,2023-09-07,^GSPC,S&P 500,Benchmark,Validation,-0.6996014491432261,0.4894421876433019,0.1034544198798368
2023-09-07,2023-09-08,^GSPC,S&P 500,Benchmark,Validation,-0.3216433115732967,0.1034544198798368,0.0203235264474407
2023-09-08,2023-09-11,^GSPC,S&P 500,Benchmark,Validation,0.1425606062257059,0.0203235264474407,0.4490275098036464
2023-09-11,2023-09-12,^GSPC,S&P 500,Benchmark,Validation,0.6700951498135518,0.4490275098036464,0.3262887494736644
2023-09-12,2023-09-13,^GSPC,S&P 500,Benchmark,Validation,-0.5712169023003997,0.3262887494736644,0.0153973879473246
2023-09-13,2023-09-14,^GSPC,S&P 500,Benchmark,Validation,0.1240862117534604,0.0153973879473246,0.7046906628203868
2023-09-14,2023-09-15,^GSPC,S&P 500,Benchmark,Validation,0.839458553366625,0.7046906628203868,1.4967432449541147
2023-09-15,2023-09-18,^GSPC,S&P 500,Benchmark,Validation,-1.2234145842493929,1.4967432449541147,0.0051988093576806
2023-09-18,2023-09-19,^GSPC,S&P 500,Benchmark,Validation,0.0721027694175518,0.0051988093576806,0.0463681872592721
2023-09-19,2023-09-20,^GSPC,S&P 500,Benchmark,Validation,-0.2153327361533126,0.0463681872592721,0.8909857604806248
2023-09-20,2023-09-21,^GSPC,S&P 500,Benchmark,Validation,-0.943920420629104,0.8909857604806248,2.734696674723468
2023-09-21,2023-09-22,^GSPC,S&P 500,Benchmark,Validation,-1.6536918318488083,2.734696674723468,0.0528189515944847
2023-09-22,2023-09-25,^GSPC,S&P 500,Benchmark,Validation,-0.2298237402760749,0.0528189515944847,0.1612017845660073
2023-09-25,2023-09-26,^GSPC,S&P 500,Benchmark,Validation,0.4014994203806617,0.1612017845660073,2.2034924886486604
2023-09-26,2023-09-27,^GSPC,S&P 500,Benchmark,Validation,-1.4844165482264944,2.2034924886486604,0.000525728825239
2023-09-27,2023-09-28,^GSPC,S&P 500,Benchmark,Validation,0.0229287772294792,0.000525728825239,0.3452593219963805
2023-09-28,2023-09-29,^GSPC,S&P 500,Benchmark,Validation,0.5875877143000698,0.3452593219963805,0.0736177791903505
2023-09-29,2023-10-02,^GSPC,S&P 500,Benchmark,Validation,-0.2713259648289315,0.0736177791903505,6.298708964017272e-05
2023-10-02,2023-10-03,^GSPC,S&P 500,Benchmark,Validation,0.0079364406152993,6.298708964017272e-05,1.9152887786525477
2023-10-03,2023-10-04,^GSPC,S&P 500,Benchmark,Validation,-1.3839395863449198,1.9152887786525477,0.6523869805913529
2023-10-04,2023-10-05,^GSPC,S&P 500,Benchmark,Validation,0.8077047607828945,0.6523869805913529,0.017027148077833
2023-10-05,2023-10-06,^GSPC,S&P 500,Benchmark,Validation,-0.1304881146995122,0.017027148077833,1.379601081994313
2023-10-06,2023-10-09,^GSPC,S&P 500,Benchmark,Validation,1.1745642093961115,1.379601081994313,0.3948951212910121
2023-10-09,2023-10-10,^GSPC,S&P 500,Benchmark,Validation,0.6284068119387409,0.3948951212910121,0.2698258195331905
2023-10-10,2023-10-11,^GSPC,S&P 500,Benchmark,Validation,0.5194476099985355,0.2698258195331905,0.183511095093948
2023-10-11,2023-10-12,^GSPC,S&P 500,Benchmark,Validation,0.4283819500095073,0.183511095093948,0.3926306855690947
2023-10-12,2023-10-13,^GSPC,S&P 500,Benchmark,Validation,-0.6266024940654918,0.3926306855690947,0.2531594857881161
2023-10-13,2023-10-16,^GSPC,S&P 500,Benchmark,Validation,-0.5031495660219892,0.2531594857881161,1.1106298158193912
2023-10-16,2023-10-17,^GSPC,S&P 500,Benchmark,Validation,1.0538642302589984,1.1106298158193912,9.653038810714373e-05
2023-10-17,2023-10-18,^GSPC,S&P 500,Benchmark,Validation,-0.0098249879443765,9.653038810714373e-05,1.819911147827472
2023-10-18,2023-10-19,^GSPC,S&P 500,Benchmark,Validation,-1.3490408251151895,1.819911147827472,0.725739118064969
2023-10-19,2023-10-20,^GSPC,S&P 500,Benchmark,Validation,-0.8519032328057976,0.725739118064969,1.6040600416088884
2023-10-20,2023-10-23,^GSPC,S&P 500,Benchmark,Validation,-1.2665149196155916,1.6040600416088884,0.0284594222884036
2023-10-23,2023-10-24,^GSPC,S&P 500,Benchmark,Validation,-0.1686992065434917,0.0284594222884036,0.5241070079125886
2023-10-24,2023-10-25,^GSPC,S&P 500,Benchmark,Validation,0.723952351962882,0.5241070079125886,2.086128046979053
2023-10-25,2023-10-26,^GSPC,S&P 500,Benchmark,Validation,-1.4443434657238052,2.086128046979053,1.4168334218674778
2023-10-26,2023-10-27,^GSPC,S&P 500,Benchmark,Validation,-1.1903081205584871,1.4168334218674778,0.2315379050670296
2023-10-27,2023-10-30,^GSPC,S&P 500,Benchmark,Validation,-0.481183857862075,0.2315379050670296,1.4252716861858727
2023-10-30,2023-10-31,^GSPC,S&P 500,Benchmark,Validation,1.1938474300285915,1.4252716861858727,0.4165521088554657
2023-10-31,2023-11-01,^GSPC,S&P 500,Benchmark,Validation,0.6454084821688244,0.4165521088554657,1.092274767230116
2023-11-01,2023-11-02,^GSPC,S&P 500,Benchmark,Validation,1.0451194990191868,1.092274767230116,3.4905220721480426
2023-11-02,2023-11-03,^GSPC,S&P 500,Benchmark,Validation,1.8682938934086477,3.4905220721480426,0.8742032229667416
2023-11-03,2023-11-06,^GSPC,S&P 500,Benchmark,Validation,0.934988354455146,0.8742032229667416,0.030676041593116
2023-11-06,2023-11-07,^GSPC,S&P 500,Benchmark,Validation,0.1751457724100586,0.030676041593116,0.0804342578323408
2023-11-07,2023-11-08,^GSPC,S&P 500,Benchmark,Validation,0.2836093401711954,0.0804342578323408,0.0100884152204678
2023-11-08,2023-11-09,^GSPC,S&P 500,Benchmark,Validation,0.1004411032419886,0.0100884152204678,0.6588066790434842
2023-11-09,2023-11-10,^GSPC,S&P 500,Benchmark,Validation,-0.8116690699068705,0.6588066790434842,2.401185553777244
2023-11-10,2023-11-13,^GSPC,S&P 500,Benchmark,Validation,1.5495759270772258,2.401185553777244,0.0069921110948093
2023-11-13,2023-11-14,^GSPC,S&P 500,Benchmark,Validation,-0.0836188441370084,0.0069921110948093,3.570350253715257
2023-11-14,2023-11-15,^GSPC,S&P 500,Benchmark,Validation,1.889537047457725,3.570350253715257,0.0254638042798331
2023-11-15,2023-11-16,^GSPC,S&P 500,Benchmark,Validation,0.1595738207847176,0.0254638042798331,0.0141543224291688
2023-11-16,2023-11-17,^GSPC,S&P 500,Benchmark,Validation,0.118971939671373,0.0141543224291688,0.0164154502700536
2023-11-17,2023-11-20,^GSPC,S&P 500,Benchmark,Validation,0.1281227937177987,0.0164154502700536,0.5421529747820764
2023-11-20,2023-11-21,^GSPC,S&P 500,Benchmark,Validation,0.7363103793795632,0.5421529747820764,0.0409243162047201
2023-11-21,2023-11-22,^GSPC,S&P 500,Benchmark,Validation,-0.2022975931757968,0.0409243162047201,0.1642603970351089
2023-11-22,2023-11-24,^GSPC,S&P 500,Benchmark,Validation,0.4052905094313324,0.1642603970351089,0.0035604565056965
2023-11-24,2023-11-27,^GSPC,S&P 500,Benchmark,Validation,0.0596695609645032,0.0035604565056965,0.0382620717251121
2023-11-27,2023-11-28,^GSPC,S&P 500,Benchmark,Validation,-0.1956069316898358,0.0382620717251121,0.0095969164564054
2023-11-28,2023-11-29,^GSPC,S&P 500,Benchmark,Validation,0.0979638528050291,0.0095969164564054,0.0089623448104546
2023-11-29,2023-11-30,^GSPC,S&P 500,Benchmark,Validation,-0.0946696615101938,0.0089623448104546,0.1426520978049374
2023-11-30,2023-12-01,^GSPC,S&P 500,Benchmark,Validation,0.3776931264994605,0.1426520978049374,0.3429928277988121
2023-12-01,2023-12-04,^GSPC,S&P 500,Benchmark,Validation,0.5856558953846637,0.3429928277988121,0.2941096877563502
2023-12-04,2023-12-05,^GSPC,S&P 500,Benchmark,Validation,-0.5423188063826943,0.2941096877563502,0.0032379695489598
2023-12-05,2023-12-06,^GSPC,S&P 500,Benchmark,Validation,-0.0569031593934802,0.0032379695489598,0.1531823704693995
2023-12-06,2023-12-07,^GSPC,S&P 500,Benchmark,Validation,-0.3913851944943747,0.1531823704693995,0.629897891624295
2023-12-07,2023-12-08,^GSPC,S&P 500,Benchmark,Validation,0.7936610684821922,0.629897891624295,0.1670466553151729
2023-12-08,2023-12-11,^GSPC,S&P 500,Benchmark,Validation,0.4087134146503793,0.1670466553151729,0.1534142836808463
2023-12-11,2023-12-12,^GSPC,S&P 500,Benchmark,Validation,0.3916813547781492,0.1534142836808463,0.210572028739103
2023-12-12,2023-12-13,^GSPC,S&P 500,Benchmark,Validation,0.45888127956924,0.210572028739103,1.8382872388498297
2023-12-13,2023-12-14,^GSPC,S&P 500,Benchmark,Validation,1.355834517501981,1.8382872388498297,0.0698843688816058
2023-12-14,2023-12-15,^GSPC,S&P 500,Benchmark,Validation,0.2643565185154432,0.0698843688816058,5.814428574172856e-05
2023-12-15,2023-12-18,^GSPC,S&P 500,Benchmark,Validation,-0.0076252400448594,5.814428574172856e-05,0.2041342878703539
2023-12-18,2023-12-19,^GSPC,S&P 500,Benchmark,Validation,0.4518122263400515,0.2041342878703539,0.3421392971120947
2023-12-19,2023-12-20,^GSPC,S&P 500,Benchmark,Validation,0.5849267450818904,0.3421392971120947,2.1883722672342607
2023-12-20,2023-12-21,^GSPC,S&P 500,Benchmark,Validation,-1.4793147965305629,2.1883722672342607,1.0503727231367803
2023-12-21,2023-12-22,^GSPC,S&P 500,Benchmark,Validation,1.0248769307271877,1.0503727231367803,0.0275122648388811
2023-12-22,2023-12-26,^GSPC,S&P 500,Benchmark,Validation,0.1658682152761075,0.0275122648388811,0.1783171085987945
2023-12-26,2023-12-27,^GSPC,S&P 500,Benchmark,Validation,0.4222761046978559,0.1783171085987945,0.0204328618149859
2023-12-27,2023-12-28,^GSPC,S&P 500,Benchmark,Validation,0.1429435616422998,0.0204328618149859,0.0013697853290146
2023-12-28,2023-12-29,^GSPC,S&P 500,Benchmark,Validation,0.0370106110327118,0.0013697853290146,0.0801160025547755
2023-12-29,2024-01-02,^GSPC,S&P 500,Benchmark,Test,-0.2830477036733835,0.0801160025547755,0.3222447783511361
2024-01-02,2024-01-03,^GSPC,S&P 500,Benchmark,Test,-0.5676660799723162,0.3222447783511361,0.6478025697690186
2024-01-03,2024-01-04,^GSPC,S&P 500,Benchmark,Test,-0.8048618327197647,0.6478025697690186,0.1179422185746505
2024-01-04,2024-01-05,^GSPC,S&P 500,Benchmark,Test,-0.3434271663317428,0.1179422185746505,0.0332705494112342
2024-01-05,2024-01-08,^GSPC,S&P 500,Benchmark,Test,0.182402163943398,0.0332705494112342,1.9644672647482844
2024-01-08,2024-01-09,^GSPC,S&P 500,Benchmark,Test,1.401594543635314,1.9644672647482844,0.021874228151932
2024-01-09,2024-01-10,^GSPC,S&P 500,Benchmark,Test,-0.1478993852317584,0.021874228151932,0.319222813509782
2024-01-10,2024-01-11,^GSPC,S&P 500,Benchmark,Test,0.5649980650495912,0.319222813509782,0.0045061796207128
2024-01-11,2024-01-12,^GSPC,S&P 500,Benchmark,Test,-0.0671280836961164,0.0045061796207128,0.0056354111084421
2024-01-12,2024-01-16,^GSPC,S&P 500,Benchmark,Test,0.0750693753033959,0.0056354111084421,0.139750293372141
2024-01-16,2024-01-17,^GSPC,S&P 500,Benchmark,Test,-0.3738319052356834,0.139750293372141,0.3172766157251593
2024-01-17,2024-01-18,^GSPC,S&P 500,Benchmark,Test,-0.5632731271107821,0.3172766157251593,0.7685539229194118
2024-01-18,2024-01-19,^GSPC,S&P 500,Benchmark,Test,0.8766720726243148,0.7685539229194118,1.4977618839486466
2024-01-19,2024-01-22,^GSPC,S&P 500,Benchmark,Test,1.2238308232548512,1.4977618839486466,0.0480451849103516
2024-01-22,2024-01-23,^GSPC,S&P 500,Benchmark,Test,0.2191921187231685,0.0480451849103516,0.085095619113235
2024-01-23,2024-01-24,^GSPC,S&P 500,Benchmark,Test,0.2917115340764486,0.085095619113235,0.0065869289819626
2024-01-24,2024-01-25,^GSPC,S&P 500,Benchmark,Test,0.0811598976216865,0.0065869289819626,0.2752658212642902
2024-01-25,2024-01-26,^GSPC,S&P 500,Benchmark,Test,0.524657813497798,0.2752658212642902,0.0042510107308101
2024-01-26,2024-01-29,^GSPC,S&P 500,Benchmark,Test,-0.0651997755426364,0.0042510107308101,0.5667628718058093
2024-01-29,2024-01-30,^GSPC,S&P 500,Benchmark,Test,0.7528365505246204,0.5667628718058093,0.0036099716593348
2024-01-30,2024-01-31,^GSPC,S&P 500,Benchmark,Test,-0.0600830396978616,0.0036099716593348,2.636353544505664
2024-01-31,2024-02-01,^GSPC,S&P 500,Benchmark,Test,-1.6236851740733682,2.636353544505664,1.5416416086594549
2024-02-01,2024-02-02,^GSPC,S&P 500,Benchmark,Test,1.2416286114049784,1.5416416086594549,1.129495105328577
2024-02-02,2024-02-05,^GSPC,S&P 500,Benchmark,Test,1.062777072263312,1.129495105328577,0.1018519167502828
2024-02-05,2024-02-06,^GSPC,S&P 500,Benchmark,Test,-0.3191424709283971,0.1018519167502828,0.0532569128549994
2024-02-06,2024-02-07,^GSPC,S&P 500,Benchmark,Test,0.2307745931748107,0.0532569128549994,0.6736605356399219
2024-02-07,2024-02-08,^GSPC,S&P 500,Benchmark,Test,0.8207682594008627,0.6736605356399219,0.0032537959255724
2024-02-08,2024-02-09,^GSPC,S&P 500,Benchmark,Test,0.0570420540090595,0.0032537959255724,0.3278612696583388
2024-02-09,2024-02-12,^GSPC,S&P 500,Benchmark,Test,0.5725917128795516,0.3278612696583388,0.0090136822608561
2024-02-12,2024-02-13,^GSPC,S&P 500,Benchmark,Test,-0.0949404142652441,0.0090136822608561,1.8957460535625668
2024-02-13,2024-02-14,^GSPC,S&P 500,Benchmark,Test,-1.3768609419845443,1.8957460535625668,0.909003652531324
2024-02-14,2024-02-15,^GSPC,S&P 500,Benchmark,Test,0.9534168304216808,0.909003652531324,0.3369074213914272
2024-02-15,2024-02-16,^GSPC,S&P 500,Benchmark,Test,0.580437267404004,0.3369074213914272,0.231846446384037
2024-02-16,2024-02-20,^GSPC,S&P 500,Benchmark,Test,-0.4815043575961042,0.231846446384037,0.3628166638910768
2024-02-20,2024-02-21,^GSPC,S&P 500,Benchmark,Test,-0.602342646581725,0.3628166638910768,0.0159618333783
2024-02-21,2024-02-22,^GSPC,S&P 500,Benchmark,Test,0.1263401495103598,0.0159618333783,4.369307546000565
2024-02-22,2024-02-23,^GSPC,S&P 500,Benchmark,Test,2.090288866640342,4.369307546000565,0.0012102538320853
2024-02-23,2024-02-26,^GSPC,S&P 500,Benchmark,Test,0.0347887026502183,0.0012102538320853,0.1439397499223566
2024-02-26,2024-02-27,^GSPC,S&P 500,Benchmark,Test,-0.3793939244668484,0.1439397499223566,0.0290666879795064
2024-02-27,2024-02-28,^GSPC,S&P 500,Benchmark,Test,0.1704895538720964,0.0290666879795064,0.0275404420575254
2024-02-28,2024-02-29,^GSPC,S&P 500,Benchmark,Test,-0.1659531321112244,0.0275404420575254,0.2720113207532229
2024-02-29,2024-03-01,^GSPC,S&P 500,Benchmark,Test,0.5215470455799964,0.2720113207532229,0.636155619894457
2024-03-01,2024-03-04,^GSPC,S&P 500,Benchmark,Test,0.7975936433387976,0.636155619894457,0.014255752856581
2024-03-04,2024-03-05,^GSPC,S&P 500,Benchmark,Test,-0.1193974574963011,0.014255752856581,1.0496834975861982
2024-03-05,2024-03-06,^GSPC,S&P 500,Benchmark,Test,-1.0245406275917994,1.0496834975861982,0.2629569534489357
2024-03-06,2024-03-07,^GSPC,S&P 500,Benchmark,Test,0.5127932853001643,0.2629569534489357,1.050912488085675
2024-03-07,2024-03-08,^GSPC,S&P 500,Benchmark,Test,1.0251402284983626,1.050912488085675,0.4290149120178965
2024-03-08,2024-03-11,^GSPC,S&P 500,Benchmark,Test,-0.6549922992050338,0.4290149120178965,0.0126083314734442
2024-03-11,2024-03-12,^GSPC,S&P 500,Benchmark,Test,-0.11228682680281,0.0126083314734442,1.2408874066853508
2024-03-12,2024-03-13,^GSPC,S&P 500,Benchmark,Test,1.1139512586668012,1.2408874066853508,0.0371095532363146
2024-03-13,2024-03-14,^GSPC,S&P 500,Benchmark,Test,-0.1926384002121972,0.0371095532363146,0.0826689609496109
2024-03-14,2024-03-15,^GSPC,S&P 500,Benchmark,Test,-0.2875221051495188,0.0826689609496109,0.4230231335999012
2024-03-15,2024-03-18,^GSPC,S&P 500,Benchmark,Test,-0.6504022859737666,0.4230231335999012,0.3966712470184363
2024-03-18,2024-03-19,^GSPC,S&P 500,Benchmark,Test,0.6298184238480455,0.3966712470184363,0.3173353986160102
2024-03-19,2024-03-20,^GSPC,S&P 500,Benchmark,Test,0.563325304434312,0.3173353986160102,0.7858406766004863
2024-03-20,2024-03-21,^GSPC,S&P 500,Benchmark,Test,0.8864765516360184,0.7858406766004863,0.104413584643851
2024-03-21,2024-03-22,^GSPC,S&P 500,Benchmark,Test,0.3231309094528888,0.104413584643851,0.0196889119664779
2024-03-22,2024-03-25,^GSPC,S&P 500,Benchmark,Test,-0.1403171834326712,0.0196889119664779,0.0936139926736049
2024-03-25,2024-03-26,^GSPC,S&P 500,Benchmark,Test,-0.3059640382031929,0.0936139926736049,0.0786085695686807
2024-03-26,2024-03-27,^GSPC,S&P 500,Benchmark,Test,-0.2803721982805726,0.0786085695686807,0.7384988503910479
2024-03-27,2024-03-28,^GSPC,S&P 500,Benchmark,Test,0.8593595582706042,0.7384988503910479,0.0124514956695098
2024-03-28,2024-04-01,^GSPC,S&P 500,Benchmark,Test,0.1115862700761605,0.0124514956695098,0.0406270192128301
2024-04-01,2024-04-02,^GSPC,S&P 500,Benchmark,Test,-0.2015614526957724,0.0406270192128301,0.5278586575006244
2024-04-02,2024-04-03,^GSPC,S&P 500,Benchmark,Test,-0.7265388203672426,0.5278586575006244,0.0118925027915748
2024-04-03,2024-04-04,^GSPC,S&P 500,Benchmark,Test,0.1090527523337897,0.0118925027915748,1.5403380514259628
2024-04-04,2024-04-05,^GSPC,S&P 500,Benchmark,Test,-1.241103561926225,1.5403380514259628,1.2183855079821702
2024-04-05,2024-04-08,^GSPC,S&P 500,Benchmark,Test,1.1038050135699558,1.2183855079821702,0.0014040098181857
2024-04-08,2024-04-09,^GSPC,S&P 500,Benchmark,Test,-0.0374701190041576,0.0014040098181857,0.0208643428188304
2024-04-09,2024-04-10,^GSPC,S&P 500,Benchmark,Test,0.144444947363452,0.0208643428188304,0.9028765873969816
2024-04-10,2024-04-11,^GSPC,S&P 500,Benchmark,Test,-0.9501981832212592,0.9028765873969816,0.5501518195017832
2024-04-11,2024-04-12,^GSPC,S&P 500,Benchmark,Test,0.7417221983342437,0.5501518195017832,2.148448801806251
2024-04-12,2024-04-15,^GSPC,S&P 500,Benchmark,Test,-1.4657587802248535,2.148448801806251,1.4626957174539572
2024-04-15,2024-04-16,^GSPC,S&P 500,Benchmark,Test,-1.2094195787459194,1.4626957174539572,0.0423793494524105
2024-04-16,2024-04-17,^GSPC,S&P 500,Benchmark,Test,-0.2058624527503996,0.0423793494524105,0.3360955777187453
2024-04-17,2024-04-18,^GSPC,S&P 500,Benchmark,Test,-0.5797375076004185,0.3360955777187453,0.0488675987818851
2024-04-18,2024-04-19,^GSPC,S&P 500,Benchmark,Test,-0.2210601700485304,0.0488675987818851,0.7738949015028858
2024-04-19,2024-04-22,^GSPC,S&P 500,Benchmark,Test,-0.8797129654056974,0.7738949015028858,0.7557435433611537
2024-04-22,2024-04-23,^GSPC,S&P 500,Benchmark,Test,0.869335115683908,0.7557435433611537,1.414569257008366
2024-04-23,2024-04-24,^GSPC,S&P 500,Benchmark,Test,1.189356656772209,1.414569257008366,0.0004536362315873
2024-04-24,2024-04-25,^GSPC,S&P 500,Benchmark,Test,0.02129873779329,0.0004536362315873,0.2103996599839588
2024-04-25,2024-04-26,^GSPC,S&P 500,Benchmark,Test,-0.4586934270119409,0.2103996599839588,1.0317239553027138
2024-04-26,2024-04-29,^GSPC,S&P 500,Benchmark,Test,1.0157381332325344,1.0317239553027138,0.1007051882088014
2024-04-29,2024-04-30,^GSPC,S&P 500,Benchmark,Test,0.3173408076639394,0.1007051882088014,2.513985012849429
2024-04-30,2024-05-01,^GSPC,S&P 500,Benchmark,Test,-1.5855551118928124,2.513985012849429,0.1184291381306936
2024-05-01,2024-05-02,^GSPC,S&P 500,Benchmark,Test,-0.3441353485631687,0.1184291381306936,0.825740183543035
2024-05-02,2024-05-03,^GSPC,S&P 500,Benchmark,Test,0.9087024725084856,0.825740183543035,1.557144012616659
2024-05-03,2024-05-06,^GSPC,S&P 500,Benchmark,Test,1.2478557659508005,1.557144012616659,1.0553809769054678
2024-05-06,2024-05-07,^GSPC,S&P 500,Benchmark,Test,1.027317369124784,1.0553809769054678,0.0180238204519363
2024-05-07,2024-05-08,^GSPC,S&P 500,Benchmark,Test,0.1342528228825613,0.0180238204519363,3.405463811073942e-07
2024-05-08,2024-05-09,^GSPC,S&P 500,Benchmark,Test,-0.0005835635193424,3.405463811073942e-07,0.2578641548383307
2024-05-09,2024-05-10,^GSPC,S&P 500,Benchmark,Test,0.5078032639106711,0.2578641548383307,0.0271603610583595
2024-05-10,2024-05-13,^GSPC,S&P 500,Benchmark,Test,0.1648040080166728,0.0271603610583595,0.0005824170080785
2024-05-13,2024-05-14,^GSPC,S&P 500,Benchmark,Test,-0.0241333173865208,0.0005824170080785,0.2329170960904681
2024-05-14,2024-05-15,^GSPC,S&P 500,Benchmark,Test,0.4826148527454041,0.2329170960904681,1.3567189216258917
2024-05-15,2024-05-16,^GSPC,S&P 500,Benchmark,Test,1.164782778729962,1.3567189216258917,0.0434237861841365
2024-05-16,2024-05-17,^GSPC,S&P 500,Benchmark,Test,-0.2083837474088046,0.0434237861841365,0.0135511877057282
2024-05-17,2024-05-20,^GSPC,S&P 500,Benchmark,Test,0.1164095687893751,0.0135511877057282,0.008390016060374
2024-05-20,2024-05-21,^GSPC,S&P 500,Benchmark,Test,0.0915970308491166,0.008390016060374,0.0624375039754586
2024-05-21,2024-05-22,^GSPC,S&P 500,Benchmark,Test,0.2498749766892608,0.0624375039754586,0.0734296839828217
2024-05-22,2024-05-23,^GSPC,S&P 500,Benchmark,Test,-0.2709791209352147,0.0734296839828217,0.5488086841825608
2024-05-23,2024-05-24,^GSPC,S&P 500,Benchmark,Test,-0.7408162283471933,0.5488086841825608,0.4867363233904584
2024-05-24,2024-05-28,^GSPC,S&P 500,Benchmark,Test,0.6976649076673259,0.4867363233904584,0.0006188696411284
2024-05-28,2024-05-29,^GSPC,S&P 500,Benchmark,Test,0.0248770906885915,0.0006188696411284,0.5467592708702643
2024-05-29,2024-05-30,^GSPC,S&P 500,Benchmark,Test,-0.7394317215742535,0.5467592708702643,0.3591554002535289
2024-05-30,2024-05-31,^GSPC,S&P 500,Benchmark,Test,-0.5992957535754186,0.3591554002535289,0.6393320514790133
2024-05-31,2024-06-03,^GSPC,S&P 500,Benchmark,Test,0.7995824231928896,0.6393320514790133,0.0124425151028928
2024-06-03,2024-06-04,^GSPC,S&P 500,Benchmark,Test,0.1115460223535239,0.0124425151028928,0.0225504583712197
2024-06-04,2024-06-05,^GSPC,S&P 500,Benchmark,Test,0.1501681003782753,0.0225504583712197,1.3872165736184494
2024-06-05,2024-06-06,^GSPC,S&P 500,Benchmark,Test,1.1778015849957282,1.3872165736184494,0.0003993466735376
2024-06-06,2024-06-07,^GSPC,S&P 500,Benchmark,Test,-0.0199836601636851,0.0003993466735376,0.0124510348117098
2024-06-07,2024-06-10,^GSPC,S&P 500,Benchmark,Test,-0.1115842050279066,0.0124510348117098,0.066436607887309
2024-06-10,2024-06-11,^GSPC,S&P 500,Benchmark,Test,0.2577529978240972,0.066436607887309,0.073263053074119
2024-06-11,2024-06-12,^GSPC,S&P 500,Benchmark,Test,0.2706714855209522,0.073263053074119,0.7170228609486855
2024-06-12,2024-06-13,^GSPC,S&P 500,Benchmark,Test,0.8467720241887338,0.7170228609486855,0.054845491792981
2024-06-13,2024-06-14,^GSPC,S&P 500,Benchmark,Test,0.234191143711672,0.054845491792981,0.0015518736923526
2024-06-14,2024-06-17,^GSPC,S&P 500,Benchmark,Test,-0.0393938280997494,0.0015518736923526,0.5829573499235257
2024-06-17,2024-06-18,^GSPC,S&P 500,Benchmark,Test,0.7635164372320518,0.5829573499235257,0.0634110048189214
2024-06-18,2024-06-20,^GSPC,S&P 500,Benchmark,Test,0.2518154181517116,0.0634110048189214,0.0639648538222116
2024-06-20,2024-06-21,^GSPC,S&P 500,Benchmark,Test,-0.252912739541154,0.0639648538222116,0.0244406859675386
2024-06-21,2024-06-24,^GSPC,S&P 500,Benchmark,Test,-0.1563351718825249,0.0244406859675386,0.0942415803162326
2024-06-24,2024-06-25,^GSPC,S&P 500,Benchmark,Test,-0.3069879155866442,0.0942415803162326,0.1541248414488886
2024-06-25,2024-06-26,^GSPC,S&P 500,Benchmark,Test,0.3925873679181343,0.1541248414488886,0.024686575765758
2024-06-26,2024-06-27,^GSPC,S&P 500,Benchmark,Test,0.1571196224720452,0.024686575765758,0.0082248548835931
2024-06-27,2024-06-28,^GSPC,S&P 500,Benchmark,Test,0.0906909856799073,0.0082248548835931,0.1674457417621403
2024-06-28,2024-07-01,^GSPC,S&P 500,Benchmark,Test,-0.4092013462369599,0.1674457417621403,0.071395358048407
2024-07-01,2024-07-02,^GSPC,S&P 500,Benchmark,Test,0.2671990981429523,0.071395358048407,0.3814551772801951
2024-07-02,2024-07-03,^GSPC,S&P 500,Benchmark,Test,0.6176205771185049,0.3814551772801951,0.2572074385375744
2024-07-03,2024-07-05,^GSPC,S&P 500,Benchmark,Test,0.5071562269533664,0.2572074385375744,0.2952807735567432
2024-07-05,2024-07-08,^GSPC,S&P 500,Benchmark,Test,0.543397436096954,0.2952807735567432,0.0103262682535144
2024-07-08,2024-07-09,^GSPC,S&P 500,Benchmark,Test,0.1016182476404432,0.0103262682535144,0.0054878090350816
2024-07-09,2024-07-10,^GSPC,S&P 500,Benchmark,Test,0.0740797478065475,0.0054878090350816,1.0315073190323496
2024-07-10,2024-07-11,^GSPC,S&P 500,Benchmark,Test,1.0156314878105883,1.0315073190323496,0.7746904218149292
2024-07-11,2024-07-12,^GSPC,S&P 500,Benchmark,Test,-0.8801649969266724,0.7746904218149292,0.3027050774920539
2024-07-12,2024-07-15,^GSPC,S&P 500,Benchmark,Test,0.550186402496512,0.3027050774920539,0.0796490554024161
2024-07-15,2024-07-16,^GSPC,S&P 500,Benchmark,Test,0.2822216423352684,0.0796490554024161,0.4056479753886896
2024-07-16,2024-07-17,^GSPC,S&P 500,Benchmark,Test,0.6369049971453274,0.4056479753886896,1.9671300993320064
2024-07-17,2024-07-18,^GSPC,S&P 500,Benchmark,Test,-1.4025441523645543,1.9671300993320064,0.6157716902170062
2024-07-18,2024-07-19,^GSPC,S&P 500,Benchmark,Test,-0.7847112145350073,0.6157716902170062,0.5134982508743826
2024-07-19,2024-07-22,^GSPC,S&P 500,Benchmark,Test,-0.7165879226406084,0.5134982508743826,1.1522341988905316
2024-07-22,2024-07-23,^GSPC,S&P 500,Benchmark,Test,1.0734217246220292,1.1522341988905316,0.0243147167065366
2024-07-23,2024-07-24,^GSPC,S&P 500,Benchmark,Test,-0.155931769394619,0.0243147167065366,5.485545872634192
2024-07-24,2024-07-25,^GSPC,S&P 500,Benchmark,Test,-2.3421242222892857,5.485545872634192,0.2658319158364099
2024-07-25,2024-07-26,^GSPC,S&P 500,Benchmark,Test,-0.5155889019717259,0.2658319158364099,1.2164811457105966
2024-07-26,2024-07-29,^GSPC,S&P 500,Benchmark,Test,1.1029420409570925,1.2164811457105966,0.0066093578421037
2024-07-29,2024-07-30,^GSPC,S&P 500,Benchmark,Test,0.0812979571828451,0.0066093578421037,0.2472589907400724
2024-07-30,2024-07-31,^GSPC,S&P 500,Benchmark,Test,-0.4972514361367621,0.2472589907400724,2.4554829519847523
2024-07-31,2024-08-01,^GSPC,S&P 500,Benchmark,Test,1.5669980701917767,2.4554829519847523,1.9011235770324528
2024-08-01,2024-08-02,^GSPC,S&P 500,Benchmark,Test,-1.3788123791990166,1.9011235770324528,3.442103436256996
2024-08-02,2024-08-05,^GSPC,S&P 500,Benchmark,Test,-1.855290660855327,3.442103436256996,9.25804847894403
2024-08-05,2024-08-06,^GSPC,S&P 500,Benchmark,Test,-3.04270413923931,9.25804847894403,1.061075002897894
2024-08-06,2024-08-07,^GSPC,S&P 500,Benchmark,Test,1.0300849493599515,1.061075002897894,0.6029080506859371
2024-08-07,2024-08-08,^GSPC,S&P 500,Benchmark,Test,-0.7764715388769489,0.6029080506859371,5.189803210600205
2024-08-08,2024-08-09,^GSPC,S&P 500,Benchmark,Test,2.278113959089888,5.189803210600205,0.2172304204593489
2024-08-09,2024-08-12,^GSPC,S&P 500,Benchmark,Test,0.4660798434381699,0.2172304204593489,1.851843540344552e-05
2024-08-12,2024-08-13,^GSPC,S&P 500,Benchmark,Test,0.0043033051720097,1.851843540344552e-05,2.7913164851862073
2024-08-13,2024-08-14,^GSPC,S&P 500,Benchmark,Test,1.6707233419049987,2.7913164851862073,0.1456518802565194
2024-08-14,2024-08-15,^GSPC,S&P 500,Benchmark,Test,0.381643656119841,0.1456518802565194,2.561436979612153
2024-08-15,2024-08-16,^GSPC,S&P 500,Benchmark,Test,1.6004489931304131,2.561436979612153,0.0395135825580134
2024-08-16,2024-08-19,^GSPC,S&P 500,Benchmark,Test,0.1987802368396151,0.0395135825580134,0.936119609972544
2024-08-19,2024-08-20,^GSPC,S&P 500,Benchmark,Test,0.9675327436177776,0.936119609972544,0.0394629046576526
2024-08-20,2024-08-21,^GSPC,S&P 500,Benchmark,Test,-0.1986527237609709,0.0394629046576526,0.1789894705054361
2024-08-21,2024-08-22,^GSPC,S&P 500,Benchmark,Test,0.4230714721006796,0.1789894705054361,0.8051369274130475
2024-08-22,2024-08-23,^GSPC,S&P 500,Benchmark,Test,-0.8972942256657219,0.8051369274130475,1.303692945083275
2024-08-23,2024-08-26,^GSPC,S&P 500,Benchmark,Test,1.141793740166443,1.303692945083275,0.0997744993557119
2024-08-26,2024-08-27,^GSPC,S&P 500,Benchmark,Test,-0.3158710169605814,0.0997744993557119,0.0254059726496967
2024-08-27,2024-08-28,^GSPC,S&P 500,Benchmark,Test,0.1593925112723203,0.0254059726496967,0.359268467371274
2024-08-28,2024-08-29,^GSPC,S&P 500,Benchmark,Test,-0.5993900794735212,0.359268467371274,1.5507720690900427e-05
2024-08-29,2024-08-30,^GSPC,S&P 500,Benchmark,Test,-0.0039379843436586,1.5507720690900427e-05,1.0085094418645284
2024-08-30,2024-09-03,^GSPC,S&P 500,Benchmark,Test,1.004245707914417,1.0085094418645284,4.570173179515775
2024-09-03,2024-09-04,^GSPC,S&P 500,Benchmark,Test,-2.1377963372397697,4.570173179515775,0.0257226754906976
2024-09-04,2024-09-05,^GSPC,S&P 500,Benchmark,Test,-0.1603829027380963,0.0257226754906976,0.0913599599026889
2024-09-05,2024-09-06,^GSPC,S&P 500,Benchmark,Test,-0.3022581014674196,0.0913599599026889,3.031409886406121
2024-09-06,2024-09-09,^GSPC,S&P 500,Benchmark,Test,-1.7410944507424406,3.031409886406121,1.3256147520477275
2024-09-09,2024-09-10,^GSPC,S&P 500,Benchmark,Test,1.1513534435818251,1.3256147520477275,0.1991569109179847
2024-09-10,2024-09-11,^GSPC,S&P 500,Benchmark,Test,0.4462699977793541,0.1991569109179847,1.1254145297582303
2024-09-11,2024-09-12,^GSPC,S&P 500,Benchmark,Test,1.060855564984334,1.1254145297582303,0.5576134823370549
2024-09-12,2024-09-13,^GSPC,S&P 500,Benchmark,Test,0.746735215680267,0.5576134823370549,0.2908598315999481
2024-09-13,2024-09-16,^GSPC,S&P 500,Benchmark,Test,0.5393142234356035,0.2908598315999481,0.0157713628400665
2024-09-16,2024-09-17,^GSPC,S&P 500,Benchmark,Test,0.1255840867310285,0.0157713628400665,0.0006996823489904
2024-09-17,2024-09-18,^GSPC,S&P 500,Benchmark,Test,0.026451509389645,0.0006996823489904,0.0841382094211373
2024-09-18,2024-09-19,^GSPC,S&P 500,Benchmark,Test,-0.2900658708313291,0.0841382094211373,2.8339557199164203
2024-09-19,2024-09-20,^GSPC,S&P 500,Benchmark,Test,1.6834356892725129,2.8339557199164203,0.0377491337370091
2024-09-20,2024-09-23,^GSPC,S&P 500,Benchmark,Test,-0.1942913630015734,0.0377491337370091,0.0786990124009117
2024-09-23,2024-09-24,^GSPC,S&P 500,Benchmark,Test,0.2805334425713122,0.0786990124009117,0.0629022001534767
2024-09-24,2024-09-25,^GSPC,S&P 500,Benchmark,Test,0.2508031103345345,0.0629022001534767,0.0347070642662842
2024-09-25,2024-09-26,^GSPC,S&P 500,Benchmark,Test,-0.1862983206212128,0.0347070642662842,0.1624527008902124
2024-09-26,2024-09-27,^GSPC,S&P 500,Benchmark,Test,0.4030542158199222,0.1624527008902124,0.0157252327338929
2024-09-27,2024-09-30,^GSPC,S&P 500,Benchmark,Test,-0.1254002900072123,0.0157252327338929,0.1787263269286803
2024-09-30,2024-10-01,^GSPC,S&P 500,Benchmark,Test,0.4227603658441509,0.1787263269286803,0.8775658916219189
2024-10-01,2024-10-02,^GSPC,S&P 500,Benchmark,Test,-0.9367848694454448,0.8775658916219189,0.0001914939165853
2024-10-02,2024-10-03,^GSPC,S&P 500,Benchmark,Test,0.0138381326986477,0.0001914939165853,0.0283191228026724
2024-10-03,2024-10-04,^GSPC,S&P 500,Benchmark,Test,-0.1682828654458689,0.0283191228026724,0.7974946685285086
2024-10-04,2024-10-07,^GSPC,S&P 500,Benchmark,Test,0.8930255699186382,0.7974946685285086,0.9278050647895127
2024-10-07,2024-10-08,^GSPC,S&P 500,Benchmark,Test,-0.9632263829388772,0.9278050647895127,0.929817945212994
2024-10-08,2024-10-09,^GSPC,S&P 500,Benchmark,Test,0.9642706804694384,0.929817945212994,0.5024301895028409
2024-10-09,2024-10-10,^GSPC,S&P 500,Benchmark,Test,0.7088231016994585,0.5024301895028409,0.0429429676088687
2024-10-10,2024-10-11,^GSPC,S&P 500,Benchmark,Test,-0.2072268505982484,0.0429429676088687,0.3640443403279093
2024-10-11,2024-10-14,^GSPC,S&P 500,Benchmark,Test,0.603360870729872,0.3640443403279093,0.5895344342059777
2024-10-14,2024-10-15,^GSPC,S&P 500,Benchmark,Test,0.7678114574594324,0.5895344342059777,0.5834769110945349
2024-10-15,2024-10-16,^GSPC,S&P 500,Benchmark,Test,-0.7638566037513421,0.5834769110945349,0.2179239731421971
2024-10-16,2024-10-17,^GSPC,S&P 500,Benchmark,Test,0.4668232782779766,0.2179239731421971,0.0002930092463005
2024-10-17,2024-10-18,^GSPC,S&P 500,Benchmark,Test,-0.0171175128538166,0.0002930092463005,0.1571081418032016
2024-10-18,2024-10-21,^GSPC,S&P 500,Benchmark,Test,0.3963686942774387,0.1571081418032016,0.0332855488269475
2024-10-21,2024-10-22,^GSPC,S&P 500,Benchmark,Test,-0.1824432756419033,0.0332855488269475,0.0022559333494707
2024-10-22,2024-10-23,^GSPC,S&P 500,Benchmark,Test,-0.0474966667195793,0.0022559333494707,0.8526351060638805
2024-10-23,2024-10-24,^GSPC,S&P 500,Benchmark,Test,-0.9233824267679565,0.8526351060638805,0.0459447706141909
2024-10-24,2024-10-25,^GSPC,S&P 500,Benchmark,Test,0.2143473130556828,0.0459447706141909,0.0008969546596236
2024-10-25,2024-10-28,^GSPC,S&P 500,Benchmark,Test,-0.029949201318627,0.0008969546596236,0.0701155778745134
2024-10-28,2024-10-29,^GSPC,S&P 500,Benchmark,Test,0.2647934626732945,0.0701155778745134,0.0260120752854651
2024-10-29,2024-10-30,^GSPC,S&P 500,Benchmark,Test,0.1612825944901219,0.0260120752854651,0.1092759743355729
2024-10-30,2024-10-31,^GSPC,S&P 500,Benchmark,Test,-0.3305691672488118,0.1092759743355729,3.5306917064045593
2024-10-31,2024-11-01,^GSPC,S&P 500,Benchmark,Test,-1.8790134928745348,3.5306917064045593,0.1668034660592937
2024-11-01,2024-11-04,^GSPC,S&P 500,Benchmark,Test,0.4084158004525459,0.1668034660592937,0.0793010838989594
2024-11-04,2024-11-05,^GSPC,S&P 500,Benchmark,Test,-0.2816044813190291,0.0793010838989594,1.486212375637699
2024-11-05,2024-11-06,^GSPC,S&P 500,Benchmark,Test,1.2191031029563082,1.486212375637699,6.240643982618965
2024-11-06,2024-11-07,^GSPC,S&P 500,Benchmark,Test,2.4981280957186653,6.240643982618965,0.5481557586895811
2024-11-07,2024-11-08,^GSPC,S&P 500,Benchmark,Test,0.7403754173995657,0.5481557586895811,0.1406095531030663
2024-11-08,2024-11-11,^GSPC,S&P 500,Benchmark,Test,0.3749794035718046,0.1406095531030663,0.0093817470675549
2024-11-11,2024-11-12,^GSPC,S&P 500,Benchmark,Test,0.0968594190956923,0.0093817470675549,0.0839174847942917
2024-11-12,2024-11-13,^GSPC,S&P 500,Benchmark,Test,-0.2896851476936499,0.0839174847942917,0.0005391719486728
2024-11-13,2024-11-14,^GSPC,S&P 500,Benchmark,Test,0.0232200764140183,0.0005391719486728,0.3682194176590329
2024-11-14,2024-11-15,^GSPC,S&P 500,Benchmark,Test,-0.6068108582244001,0.3682194176590329,1.7666213448675812
2024-11-15,2024-11-18,^GSPC,S&P 500,Benchmark,Test,-1.3291430866793768,1.7666213448675812,0.1528934924085397
2024-11-18,2024-11-19,^GSPC,S&P 500,Benchmark,Test,0.3910159746206537,0.1528934924085397,0.1564796218119938
2024-11-19,2024-11-20,^GSPC,S&P 500,Benchmark,Test,0.3955750520596487,0.1564796218119938,4.818297770120757e-06
2024-11-20,2024-11-21,^GSPC,S&P 500,Benchmark,Test,0.0021950621335444,4.818297770120757e-06,0.2836895870878655
2024-11-21,2024-11-22,^GSPC,S&P 500,Benchmark,Test,0.5326251844288491,0.2836895870878655,0.1198516421343133
2024-11-22,2024-11-25,^GSPC,S&P 500,Benchmark,Test,0.3461959591536465,0.1198516421343133,0.0909582061620117
2024-11-25,2024-11-26,^GSPC,S&P 500,Benchmark,Test,0.3015927820124541,0.0909582061620117,0.3255498002758617
2024-11-26,2024-11-27,^GSPC,S&P 500,Benchmark,Test,0.5705697155263866,0.3255498002758617,0.1450452816396926
2024-11-27,2024-11-29,^GSPC,S&P 500,Benchmark,Test,-0.3808481083577711,0.1450452816396926,0.3127181053232474
2024-11-29,2024-12-02,^GSPC,S&P 500,Benchmark,Test,0.5592120396801623,0.3127181053232474,0.0598029359122811
2024-12-02,2024-12-03,^GSPC,S&P 500,Benchmark,Test,0.2445463880581373,0.0598029359122811,0.0020371433288102
2024-12-03,2024-12-04,^GSPC,S&P 500,Benchmark,Test,0.0451347242022181,0.0020371433288102,0.363992805580792
2024-12-04,2024-12-05,^GSPC,S&P 500,Benchmark,Test,0.603318162813612,0.363992805580792,0.0350260896747575
2024-12-05,2024-12-06,^GSPC,S&P 500,Benchmark,Test,-0.1871525839382334,0.0350260896747575,0.0621178543108968
2024-12-06,2024-12-09,^GSPC,S&P 500,Benchmark,Test,0.2492345367538312,0.0621178543108968,0.3798463098569805
2024-12-09,2024-12-10,^GSPC,S&P 500,Benchmark,Test,-0.6163167285227462,0.3798463098569805,0.0881071177039625
2024-12-10,2024-12-11,^GSPC,S&P 500,Benchmark,Test,-0.2968284314279252,0.0881071177039625,0.6613961234688419
2024-12-11,2024-12-12,^GSPC,S&P 500,Benchmark,Test,0.8132626411368236,0.6613961234688419,0.2947112528068092
2024-12-12,2024-12-13,^GSPC,S&P 500,Benchmark,Test,-0.5428731461463251,0.2947112528068092,7.005015264108896e-06
2024-12-13,2024-12-16,^GSPC,S&P 500,Benchmark,Test,-0.0026466989371873,7.005015264108896e-06,0.1438043961064883
2024-12-16,2024-12-17,^GSPC,S&P 500,Benchmark,Test,0.3792155008784429,0.1438043961064883,0.1498835336913654
2024-12-17,2024-12-18,^GSPC,S&P 500,Benchmark,Test,-0.3871479480655496,0.1498835336913654,8.961943498474453
2024-12-18,2024-12-19,^GSPC,S&P 500,Benchmark,Test,-2.993650530451818,8.961943498474453,0.0074906731535473
2024-12-19,2024-12-20,^GSPC,S&P 500,Benchmark,Test,-0.0865486750536793,0.0074906731535473,1.1686646490965626
2024-12-20,2024-12-23,^GSPC,S&P 500,Benchmark,Test,1.08104794023973,1.1686646490965626,0.5271993670494545
2024-12-23,2024-12-24,^GSPC,S&P 500,Benchmark,Test,0.7260849585616372,0.5271993670494545,1.2060944529321156
2024-12-24,2024-12-26,^GSPC,S&P 500,Benchmark,Test,1.0982233165126825,1.2060944529321156,0.0016462583070063
2024-12-26,2024-12-27,^GSPC,S&P 500,Benchmark,Test,-0.0405741088257819,0.0016462583070063,1.235944696828617
2024-12-27,2024-12-30,^GSPC,S&P 500,Benchmark,Test,-1.1117304964912211,1.235944696828617,1.1577058333233774
2024-12-30,2024-12-31,^GSPC,S&P 500,Benchmark,Test,-1.0759673941729728,1.1577058333233774,0.1843849146978177
2024-12-31,2025-01-02,^GSPC,S&P 500,Benchmark,Test,-0.4294006458982307,0.1843849146978177,0.0495669287322443
2025-01-02,2025-01-03,^GSPC,S&P 500,Benchmark,Test,-0.2226363149448992,0.0495669287322443,1.5668421895095883
2025-01-03,2025-01-06,^GSPC,S&P 500,Benchmark,Test,1.251735670782609,1.5668421895095883,0.3050094977837725
2025-01-06,2025-01-07,^GSPC,S&P 500,Benchmark,Test,0.5522766496818171,0.3050094977837725,1.2468003651000068
2025-01-07,2025-01-08,^GSPC,S&P 500,Benchmark,Test,-1.116602151663701,1.2468003651000068,0.0243093030532884
2025-01-08,2025-01-10,^GSPC,S&P 500,Benchmark,Test,0.1559144093831242,0.0243093030532884,2.412317680981469
2025-01-10,2025-01-13,^GSPC,S&P 500,Benchmark,Test,-1.5531637650233374,2.412317680981469,0.024781194238879
2025-01-13,2025-01-14,^GSPC,S&P 500,Benchmark,Test,0.1574204378055117,0.024781194238879,0.0131245282378165
2025-01-14,2025-01-15,^GSPC,S&P 500,Benchmark,Test,0.1145623334164268,0.0131245282378165,3.2931841813647464
2025-01-15,2025-01-16,^GSPC,S&P 500,Benchmark,Test,1.8147132504516372,3.2931841813647464,0.044729049675907
2025-01-16,2025-01-17,^GSPC,S&P 500,Benchmark,Test,-0.2114924340866761,0.044729049675907,0.9883299095626908
2025-01-17,2025-01-21,^GSPC,S&P 500,Benchmark,Test,0.9941478308394032,0.9883299095626908,0.7621306483289615
2025-01-21,2025-01-22,^GSPC,S&P 500,Benchmark,Test,0.8730009440596049,0.7621306483289615,0.3744437717542666
2025-01-22,2025-01-23,^GSPC,S&P 500,Benchmark,Test,0.611918108699413,0.3744437717542666,0.2808384660803858
2025-01-23,2025-01-24,^GSPC,S&P 500,Benchmark,Test,0.5299419459529372,0.2808384660803858,0.0817511604583593
2025-01-24,2025-01-27,^GSPC,S&P 500,Benchmark,Test,-0.2859215984467759,0.0817511604583593,2.1573907813081656
2025-01-27,2025-01-28,^GSPC,S&P 500,Benchmark,Test,-1.4688059032112328,2.1573907813081656,0.8419244607606825
2025-01-28,2025-01-29,^GSPC,S&P 500,Benchmark,Test,0.9175644177716802,0.8419244607606825,0.2199493742926775
2025-01-29,2025-01-30,^GSPC,S&P 500,Benchmark,Test,-0.4689876056919602,0.2199493742926775,0.2768388895771127
2025-01-30,2025-01-31,^GSPC,S&P 500,Benchmark,Test,0.5261548152180238,0.2768388895771127,0.2559959253832772
2025-01-31,2025-02-03,^GSPC,S&P 500,Benchmark,Test,-0.5059603990267195,0.2559959253832772,0.5833431967941697
2025-02-03,2025-02-04,^GSPC,S&P 500,Benchmark,Test,-0.7637690729495203,0.5833431967941697,0.5182426779738737
2025-02-04,2025-02-05,^GSPC,S&P 500,Benchmark,Test,0.7198907403029113,0.5182426779738737,0.152182216525243
2025-02-05,2025-02-06,^GSPC,S&P 500,Benchmark,Test,0.3901053915613613,0.152182216525243,0.1323267471496184
2025-02-06,2025-02-07,^GSPC,S&P 500,Benchmark,Test,0.3637674355266266,0.1323267471496184,0.9043716511722744
2025-02-07,2025-02-10,^GSPC,S&P 500,Benchmark,Test,-0.95098456936602,0.9043716511722744,0.4475760252580048
2025-02-10,2025-02-11,^GSPC,S&P 500,Benchmark,Test,0.6690112295455173,0.4475760252580048,0.0011527732318675
2025-02-11,2025-02-12,^GSPC,S&P 500,Benchmark,Test,0.0339525143673855,0.0011527732318675,0.0743971005644804
2025-02-12,2025-02-13,^GSPC,S&P 500,Benchmark,Test,-0.2727583189647575,0.0743971005644804,1.0758488141420948
2025-02-13,2025-02-14,^GSPC,S&P 500,Benchmark,Test,1.0372313214235749,1.0758488141420948,5.1762838361617856e-05
2025-02-14,2025-02-18,^GSPC,S&P 500,Benchmark,Test,-0.0071946395574495,5.1762838361617856e-05,0.0596338185372839
2025-02-18,2025-02-19,^GSPC,S&P 500,Benchmark,Test,0.2442003655551808,0.0596338185372839,0.0563658284184283
2025-02-19,2025-02-20,^GSPC,S&P 500,Benchmark,Test,0.2374148866824243,0.0563658284184283,0.1886690339083019
2025-02-20,2025-02-21,^GSPC,S&P 500,Benchmark,Test,-0.4343604884290259,0.1886690339083019,2.962321754194911
2025-02-21,2025-02-24,^GSPC,S&P 500,Benchmark,Test,-1.7211396672539132,2.962321754194911,0.2481527815061356
2025-02-24,2025-02-25,^GSPC,S&P 500,Benchmark,Test,-0.4981493566252351,0.2481527815061356,0.2200280850957325
2025-02-25,2025-02-26,^GSPC,S&P 500,Benchmark,Test,-0.4690715138395557,0.2200280850957325,0.0001850008827259
2025-02-26,2025-02-27,^GSPC,S&P 500,Benchmark,Test,0.0136015029583465,0.0001850008827259,2.557358338961468
2025-02-27,2025-02-28,^GSPC,S&P 500,Benchmark,Test,-1.5991742678524652,2.557358338961468,2.4742599208228513
2025-02-28,2025-03-03,^GSPC,S&P 500,Benchmark,Test,1.5729780420663384,2.4742599208228513,3.151833055929803
2025-03-03,2025-03-04,^GSPC,S&P 500,Benchmark,Test,-1.7753402648308867,3.151833055929803,1.5154319634274225
2025-03-04,2025-03-05,^GSPC,S&P 500,Benchmark,Test,-1.2310288231505475,1.5154319634274225,1.2315389652604327
2025-03-05,2025-03-06,^GSPC,S&P 500,Benchmark,Test,1.1097472528735688,1.2315389652604327,3.232687888883618
2025-03-06,2025-03-07,^GSPC,S&P 500,Benchmark,Test,-1.7979677107455567,3.232687888883618,0.3030981503971822
2025-03-07,2025-03-10,^GSPC,S&P 500,Benchmark,Test,0.5505435045454466,0.3030981503971822,7.476692775355165
2025-03-10,2025-03-11,^GSPC,S&P 500,Benchmark,Test,-2.734354178842815,7.476692775355165,0.5770904440491129
2025-03-11,2025-03-12,^GSPC,S&P 500,Benchmark,Test,-0.7596646918536578,0.5770904440491129,0.2376531242081289
2025-03-12,2025-03-13,^GSPC,S&P 500,Benchmark,Test,0.4874967940490777,0.2376531242081289,1.9567440591218797
2025-03-13,2025-03-14,^GSPC,S&P 500,Benchmark,Test,-1.3988366806464148,1.9567440591218797,4.428038909550911
2025-03-14,2025-03-17,^GSPC,S&P 500,Benchmark,Test,2.1042905953196938,4.428038909550911,0.4090414672840395
2025-03-17,2025-03-18,^GSPC,S&P 500,Benchmark,Test,0.6395634974606036,0.4090414672840395,1.1471838917691617
2025-03-18,2025-03-19,^GSPC,S&P 500,Benchmark,Test,-1.0710667074319702,1.1471838917691617,1.1536066392492126
2025-03-19,2025-03-20,^GSPC,S&P 500,Benchmark,Test,1.0740608172953767,1.1536066392492126,0.0478420916966684
2025-03-20,2025-03-21,^GSPC,S&P 500,Benchmark,Test,-0.2187283513782985,0.0478420916966684,0.0067949292405753
2025-03-21,2025-03-24,^GSPC,S&P 500,Benchmark,Test,0.0824313607832321,0.0067949292405753,3.0597416164203186
2025-03-24,2025-03-25,^GSPC,S&P 500,Benchmark,Test,1.749211712863917,3.0597416164203186,0.0247462942271538
2025-03-25,2025-03-26,^GSPC,S&P 500,Benchmark,Test,0.157309549065382,0.0247462942271538,1.2588032975384251
2025-03-26,2025-03-27,^GSPC,S&P 500,Benchmark,Test,-1.1219640357598033,1.2588032975384251,0.1097239792377068
2025-03-27,2025-03-28,^GSPC,S&P 500,Benchmark,Test,-0.3312461007132111,0.1097239792377068,3.973883220867508
2025-03-28,2025-03-31,^GSPC,S&P 500,Benchmark,Test,-1.9934601126853548,3.973883220867508,0.3050618404832643
2025-03-31,2025-04-01,^GSPC,S&P 500,Benchmark,Test,0.5523240357645721,0.3050618404832643,0.1424386519367247
2025-04-01,2025-04-02,^GSPC,S&P 500,Benchmark,Test,0.3774104555212066,0.1424386519367247,0.4496589520687086
2025-04-02,2025-04-03,^GSPC,S&P 500,Benchmark,Test,0.6705661429484109,0.4496589520687086,24.60746488386188
2025-04-03,2025-04-04,^GSPC,S&P 500,Benchmark,Test,-4.960591182899663,24.60746488386188,37.956765079800505
2025-04-04,2025-04-07,^GSPC,S&P 500,Benchmark,Test,-6.160906189823093,37.956765079800505,0.0544846445850951
2025-04-07,2025-04-08,^GSPC,S&P 500,Benchmark,Test,-0.2334194605963588,0.0544846445850951,2.5043326072572123
2025-04-08,2025-04-09,^GSPC,S&P 500,Benchmark,Test,-1.5825083277054854,2.5043326072572123,82.61879179862136
2025-04-09,2025-04-10,^GSPC,S&P 500,Benchmark,Test,9.089487983303645,82.61879179862136,12.40491159146905
2025-04-10,2025-04-11,^GSPC,S&P 500,Benchmark,Test,-3.522060702411168,12.40491159146905,3.214985569160375
2025-04-11,2025-04-14,^GSPC,S&P 500,Benchmark,Test,1.793038083577807,3.214985569160375,0.6262062276067349
2025-04-14,2025-04-15,^GSPC,S&P 500,Benchmark,Test,0.7913319326342991,0.6262062276067349,0.029903928048395
2025-04-15,2025-04-16,^GSPC,S&P 500,Benchmark,Test,-0.1729275225300909,0.029903928048395,5.136230802776701
2025-04-16,2025-04-17,^GSPC,S&P 500,Benchmark,Test,-2.2663253964902528,5.136230802776701,0.0175816627195739
2025-04-17,2025-04-21,^GSPC,S&P 500,Benchmark,Test,0.1325958623772775,0.0175816627195739,5.6880572565632805
2025-04-21,2025-04-22,^GSPC,S&P 500,Benchmark,Test,-2.384964833401801,5.6880572565632805,6.153848737543989
2025-04-22,2025-04-23,^GSPC,S&P 500,Benchmark,Test,2.480695212545062,6.153848737543989,2.7303809361502864
2025-04-23,2025-04-24,^GSPC,S&P 500,Benchmark,Test,1.6523864366879455,2.7303809361502864,4.022683300430636
2025-04-24,2025-04-25,^GSPC,S&P 500,Benchmark,Test,2.0056628082583163,4.022683300430636,0.5396496182562224
2025-04-25,2025-04-28,^GSPC,S&P 500,Benchmark,Test,0.7346084795700513,0.5396496182562224,0.0041024222146384
2025-04-28,2025-04-29,^GSPC,S&P 500,Benchmark,Test,0.0640501539001933,0.0041024222146384,0.3347364809366824
2025-04-29,2025-04-30,^GSPC,S&P 500,Benchmark,Test,0.5785641545556399,0.3347364809366824,0.0218713708177651
2025-04-30,2025-05-01,^GSPC,S&P 500,Benchmark,Test,0.147889725193352,0.0218713708177651,0.3943018262672375
2025-05-01,2025-05-02,^GSPC,S&P 500,Benchmark,Test,0.6279345716451974,0.3943018262672375,2.1372074868476036
2025-05-02,2025-05-05,^GSPC,S&P 500,Benchmark,Test,1.461919110911272,2.1372074868476036,0.4098620616560515
2025-05-05,2025-05-06,^GSPC,S&P 500,Benchmark,Test,-0.6402047029318447,0.4098620616560515,0.5964450161025643
2025-05-06,2025-05-07,^GSPC,S&P 500,Benchmark,Test,-0.7722985278391797,0.5964450161025643,0.1880903214143446
2025-05-07,2025-05-08,^GSPC,S&P 500,Benchmark,Test,0.4336938106710132,0.1880903214143446,0.3344333359203482
2025-05-08,2025-05-09,^GSPC,S&P 500,Benchmark,Test,0.5783021147465641,0.3344333359203482,0.005065654787482
2025-05-09,2025-05-12,^GSPC,S&P 500,Benchmark,Test,-0.0711734134876363,0.005065654787482,10.265601054640378
2025-05-12,2025-05-13,^GSPC,S&P 500,Benchmark,Test,3.2039976677020814,10.265601054640378,0.5215813649191627
2025-05-13,2025-05-14,^GSPC,S&P 500,Benchmark,Test,0.7222059020245977,0.5215813649191627,0.010483532760096
2025-05-14,2025-05-15,^GSPC,S&P 500,Benchmark,Test,0.1023891242276053,0.010483532760096,0.1700587026820192
2025-05-15,2025-05-16,^GSPC,S&P 500,Benchmark,Test,0.4123817438757677,0.1700587026820192,0.4873225790010481
2025-05-16,2025-05-19,^GSPC,S&P 500,Benchmark,Test,0.6980849368100189,0.4873225790010481,0.0076690227285109
2025-05-19,2025-05-20,^GSPC,S&P 500,Benchmark,Test,0.0875729566048273,0.0076690227285109,0.1511481054269434
2025-05-20,2025-05-21,^GSPC,S&P 500,Benchmark,Test,-0.3887777069572578,0.1511481054269434,2.646061557360786
2025-05-21,2025-05-22,^GSPC,S&P 500,Benchmark,Test,-1.6266719267758898,2.646061557360786,0.0019799832085349
2025-05-22,2025-05-23,^GSPC,S&P 500,Benchmark,Test,-0.0444970022421169,0.0019799832085349,0.4530500931049326
2025-05-23,2025-05-27,^GSPC,S&P 500,Benchmark,Test,-0.6730899591473138,0.4530500931049326,4.10167029149007
2025-05-27,2025-05-28,^GSPC,S&P 500,Benchmark,Test,2.0252580802184372,4.10167029149007,0.3121236302816951
2025-05-28,2025-05-29,^GSPC,S&P 500,Benchmark,Test,-0.5586802576444734,0.3121236302816951,0.1602537701947449
2025-05-29,2025-05-30,^GSPC,S&P 500,Benchmark,Test,0.4003170870631741,0.1602537701947449,6.591565549262353e-05
2025-05-30,2025-06-02,^GSPC,S&P 500,Benchmark,Test,-0.0081188456995205,6.591565549262353e-05,0.167579825267047
2025-06-02,2025-06-03,^GSPC,S&P 500,Benchmark,Test,0.4093651490626028,0.167579825267047,0.334492601547376
2025-06-03,2025-06-04,^GSPC,S&P 500,Benchmark,Test,0.5783533535368979,0.334492601547376,5.4294416043281713e-05
2025-06-04,2025-06-05,^GSPC,S&P 500,Benchmark,Test,0.0073684744719162,5.4294416043281713e-05,0.2799846925873217
2025-06-05,2025-06-06,^GSPC,S&P 500,Benchmark,Test,-0.5291357978698112,0.2799846925873217,1.046159978202465
2025-06-06,2025-06-09,^GSPC,S&P 500,Benchmark,Test,1.0228196215376713,1.046159978202465,0.0084552656840807
2025-06-09,2025-06-10,^GSPC,S&P 500,Benchmark,Test,0.0919525186391365,0.0084552656840807,0.2989916115560714
2025-06-10,2025-06-11,^GSPC,S&P 500,Benchmark,Test,0.5468012541646841,0.2989916115560714,0.0754963722469091
2025-06-11,2025-06-12,^GSPC,S&P 500,Benchmark,Test,-0.2747660318287345,0.0754963722469091,0.145552403545989
2025-06-12,2025-06-13,^GSPC,S&P 500,Benchmark,Test,0.3815133071676387,0.145552403545989,1.2906479081415037
2025-06-13,2025-06-16,^GSPC,S&P 500,Benchmark,Test,-1.136066859010289,1.2906479081415037,0.8740049425611637
2025-06-16,2025-06-17,^GSPC,S&P 500,Benchmark,Test,0.93488231481891,0.8740049425611637,0.703461256718463
2025-06-17,2025-06-18,^GSPC,S&P 500,Benchmark,Test,-0.8387259723643135,0.703461256718463,0.0009565908842132
2025-06-18,2025-06-20,^GSPC,S&P 500,Benchmark,Test,-0.0309288034720587,0.0009565908842132,0.0475691461163394
2025-06-20,2025-06-23,^GSPC,S&P 500,Benchmark,Test,-0.2181035215587759,0.0475691461163394,0.914061253915988
2025-06-23,2025-06-24,^GSPC,S&P 500,Benchmark,Test,0.9560655071259438,0.914061253915988,1.223308691151135
2025-06-24,2025-06-25,^GSPC,S&P 500,Benchmark,Test,1.1060328616958608,1.223308691151135,1.0798508085740208e-07
2025-06-25,2025-06-26,^GSPC,S&P 500,Benchmark,Test,-0.0003286108349665,1.0798508085740208e-07,0.6381023739265788
2025-06-26,2025-06-27,^GSPC,S&P 500,Benchmark,Test,0.7988131032516798,0.6381023739265788,0.2709618141592799
2025-06-27,2025-06-30,^GSPC,S&P 500,Benchmark,Test,0.5205399256150098,0.2709618141592799,0.2653421760704768
2025-06-30,2025-07-01,^GSPC,S&P 500,Benchmark,Test,0.5151137506128882,0.2653421760704768,0.0125251263659303
2025-07-01,2025-07-02,^GSPC,S&P 500,Benchmark,Test,-0.1119157109879143,0.0125251263659303,0.2240956594965351
2025-07-02,2025-07-03,^GSPC,S&P 500,Benchmark,Test,0.4733874306490774,0.2240956594965351,0.6896269746575003
2025-07-03,2025-07-07,^GSPC,S&P 500,Benchmark,Test,0.8304378210663941,0.6896269746575003,0.6230526002909679
2025-07-07,2025-07-08,^GSPC,S&P 500,Benchmark,Test,-0.7893368104244017,0.6230526002909679,0.0051286115519312
2025-07-08,2025-07-09,^GSPC,S&P 500,Benchmark,Test,-0.0716143250469574,0.0051286115519312,0.3652755200460988
2025-07-09,2025-07-10,^GSPC,S&P 500,Benchmark,Test,0.604380277677969,0.3652755200460988,0.0752098303847036
2025-07-10,2025-07-11,^GSPC,S&P 500,Benchmark,Test,0.2742441072925791,0.0752098303847036,0.1090962253472666
2025-07-11,2025-07-14,^GSPC,S&P 500,Benchmark,Test,-0.3302971773225842,0.1090962253472666,0.01978029398651
2025-07-14,2025-07-15,^GSPC,S&P 500,Benchmark,Test,0.1406424330936794,0.01978029398651,0.1571444610169611
2025-07-15,2025-07-16,^GSPC,S&P 500,Benchmark,Test,-0.3964145065672561,0.1571444610169611,0.1016696924107214
2025-07-16,2025-07-17,^GSPC,S&P 500,Benchmark,Test,0.3188568525384415,0.1016696924107214,0.287229565570205
2025-07-17,2025-07-18,^GSPC,S&P 500,Benchmark,Test,0.5359380240011014,0.287229565570205,8.188494902358955e-05
2025-07-18,2025-07-21,^GSPC,S&P 500,Benchmark,Test,-0.0090490302808416,8.188494902358955e-05,0.019548430125132
2025-07-21,2025-07-22,^GSPC,S&P 500,Benchmark,Test,0.1398157005673256,0.019548430125132,0.004061876126635
2025-07-22,2025-07-23,^GSPC,S&P 500,Benchmark,Test,0.0637328496666757,0.004061876126635,0.6055224253460716
2025-07-23,2025-07-24,^GSPC,S&P 500,Benchmark,Test,0.7781532145702873,0.6055224253460716,0.0048717607611894
2025-07-24,2025-07-25,^GSPC,S&P 500,Benchmark,Test,0.0697979996933251,0.0048717607611894,0.1573273354873265
2025-07-25,2025-07-28,^GSPC,S&P 500,Benchmark,Test,0.3966451001680551,0.1573273354873265,0.0003127325964366
2025-07-28,2025-07-29,^GSPC,S&P 500,Benchmark,Test,0.0176842471266575,0.0003127325964366,0.0878428943941626
2025-07-29,2025-07-30,^GSPC,S&P 500,Benchmark,Test,-0.2963830197466829,0.0878428943941626,0.0156303489204336
2025-07-30,2025-07-31,^GSPC,S&P 500,Benchmark,Test,-0.1250213938509471,0.0156303489204336,0.1370230190556994
2025-07-31,2025-08-01,^GSPC,S&P 500,Benchmark,Test,-0.3701662046374567,0.1370230190556994,2.5989912478705417
2025-08-01,2025-08-04,^GSPC,S&P 500,Benchmark,Test,-1.61213871855698,2.5989912478705417,2.1402415720845585
2025-08-04,2025-08-05,^GSPC,S&P 500,Benchmark,Test,1.4629564491414495,2.1402415720845585,0.2371401490944605
2025-08-05,2025-08-06,^GSPC,S&P 500,Benchmark,Test,-0.4869703780462016,0.2371401490944605,0.5264260268277487
2025-08-06,2025-08-07,^GSPC,S&P 500,Benchmark,Test,0.7255522219852605,0.5264260268277487,0.0063648192297188
2025-08-07,2025-08-08,^GSPC,S&P 500,Benchmark,Test,-0.0797798171827866,0.0063648192297188,0.6036442814391761
2025-08-08,2025-08-11,^GSPC,S&P 500,Benchmark,Test,0.7769454816389475,0.6036442814391761,0.062863947989752
2025-08-11,2025-08-12,^GSPC,S&P 500,Benchmark,Test,-0.2507268393885107,0.062863947989752,1.2727357516656783
2025-08-12,2025-08-13,^GSPC,S&P 500,Benchmark,Test,1.1281559075170764,1.2727357516656783,0.1039980834313089
2025-08-13,2025-08-14,^GSPC,S&P 500,Benchmark,Test,0.3224873384046401,0.1039980834313089,0.0009183619841808
2025-08-14,2025-08-15,^GSPC,S&P 500,Benchmark,Test,0.0303044878554451,0.0009183619841808,0.0841777331029119
2025-08-15,2025-08-18,^GSPC,S&P 500,Benchmark,Test,-0.2901339916364711,0.0841777331029119,0.000101542417671
2025-08-18,2025-08-19,^GSPC,S&P 500,Benchmark,Test,-0.0100768257735796,0.000101542417671,0.3451949217674859
2025-08-19,2025-08-20,^GSPC,S&P 500,Benchmark,Test,-0.5875329112207127,0.3451949217674859,0.0592742631556286
2025-08-20,2025-08-21,^GSPC,S&P 500,Benchmark,Test,-0.2434630632264957,0.0592742631556286,0.1609790715338462
2025-08-21,2025-08-22,^GSPC,S&P 500,Benchmark,Test,-0.4012219728951122,0.1609790715338462,2.271737799075539
2025-08-22,2025-08-25,^GSPC,S&P 500,Benchmark,Test,1.507228515877914,2.271737799075539,0.1828000747667292
2025-08-25,2025-08-26,^GSPC,S&P 500,Benchmark,Test,-0.4275512539646319,0.1828000747667292,0.1701953333286124
2025-08-26,2025-08-27,^GSPC,S&P 500,Benchmark,Test,0.412547371011636,0.1701953333286124,0.0570316706199331
2025-08-27,2025-08-28,^GSPC,S&P 500,Benchmark,Test,0.2388130453303026,0.0570316706199331,0.0993351193479223
2025-08-28,2025-08-29,^GSPC,S&P 500,Benchmark,Test,0.3151747441466755,0.0993351193479223,0.4120022835844148
2025-08-29,2025-09-02,^GSPC,S&P 500,Benchmark,Test,-0.6418740402792551,0.4120022835844148,0.4825177917037653
2025-09-02,2025-09-03,^GSPC,S&P 500,Benchmark,Test,-0.6946350061030363,0.4825177917037653,0.2587871158273682
2025-09-03,2025-09-04,^GSPC,S&P 500,Benchmark,Test,0.5087112302941308,0.2587871158273682,0.6908680226154779
2025-09-04,2025-09-05,^GSPC,S&P 500,Benchmark,Test,0.8311847102873572,0.6908680226154779,0.1004999475721383
2025-09-05,2025-09-08,^GSPC,S&P 500,Benchmark,Test,-0.317017266993674,0.1004999475721383,0.0442582486482247
2025-09-08,2025-09-09,^GSPC,S&P 500,Benchmark,Test,0.2103764450888567,0.0442582486482247,0.0720679275667613
2025-09-09,2025-09-10,^GSPC,S&P 500,Benchmark,Test,0.2684547030073441,0.0720679275667613,0.0887460919155094
2025-09-10,2025-09-11,^GSPC,S&P 500,Benchmark,Test,0.2979028229398127,0.0887460919155094,0.7140398083795906
2025-09-11,2025-09-12,^GSPC,S&P 500,Benchmark,Test,0.8450087623093565,0.7140398083795906,0.0023317104837271
2025-09-12,2025-09-15,^GSPC,S&P 500,Benchmark,Test,-0.0482877881428329,0.0023317104837271,0.2204845018616373
2025-09-15,2025-09-16,^GSPC,S&P 500,Benchmark,Test,0.4695577726559718,0.2204845018616373,0.0166090345452034
2025-09-16,2025-09-17,^GSPC,S&P 500,Benchmark,Test,-0.1288760433331324,0.0166090345452034,0.0094214022021511
2025-09-17,2025-09-18,^GSPC,S&P 500,Benchmark,Test,-0.0970639078244386,0.0094214022021511,0.2282630106503007
2025-09-18,2025-09-19,^GSPC,S&P 500,Benchmark,Test,0.4777687836708262,0.2282630106503007,0.2375123556920204
2025-09-19,2025-09-22,^GSPC,S&P 500,Benchmark,Test,0.4873523937481177,0.2375123556920204,0.19363086412909
2025-09-22,2025-09-23,^GSPC,S&P 500,Benchmark,Test,0.4400350714762291,0.19363086412909,0.3044117120209755
2025-09-23,2025-09-24,^GSPC,S&P 500,Benchmark,Test,-0.5517351828739722,0.3044117120209755,0.0812636030073644
2025-09-24,2025-09-25,^GSPC,S&P 500,Benchmark,Test,-0.2850677165295369,0.0812636030073644,0.252169560933163
2025-09-25,2025-09-26,^GSPC,S&P 500,Benchmark,Test,-0.5021648742526333,0.252169560933163,0.3462721232595476
2025-09-26,2025-09-29,^GSPC,S&P 500,Benchmark,Test,0.5884489130413512,0.3462721232595476,0.0692783070214911
2025-09-29,2025-09-30,^GSPC,S&P 500,Benchmark,Test,0.2632077259912618,0.0692783070214911,0.1666683575430522
2025-09-30,2025-10-01,^GSPC,S&P 500,Benchmark,Test,0.4082503613507919,0.1666683575430522,0.1152028253803393
2025-10-01,2025-10-02,^GSPC,S&P 500,Benchmark,Test,0.3394154171223507,0.1152028253803393,0.0038212626280288
2025-10-02,2025-10-03,^GSPC,S&P 500,Benchmark,Test,0.0618163621384244,0.0038212626280288,4.291646162997983e-05
2025-10-03,2025-10-06,^GSPC,S&P 500,Benchmark,Test,0.0065510656865871,4.291646162997983e-05,0.1324930358016983
2025-10-06,2025-10-07,^GSPC,S&P 500,Benchmark,Test,0.3639959282762629,0.1324930358016983,0.1458237580247082
2025-10-07,2025-10-08,^GSPC,S&P 500,Benchmark,Test,-0.3818687706853079,0.1458237580247082,0.3376479806270024
2025-10-08,2025-10-09,^GSPC,S&P 500,Benchmark,Test,0.5810748494187323,0.3376479806270024,0.0761414476304067
2025-10-09,2025-10-10,^GSPC,S&P 500,Benchmark,Test,-0.2759373980278982,0.0761414476304067,7.554788458827755
2025-10-10,2025-10-13,^GSPC,S&P 500,Benchmark,Test,-2.748597543989981,7.554788458827755,2.395766266405183
2025-10-13,2025-10-14,^GSPC,S&P 500,Benchmark,Test,1.547826303693403,2.395766266405183,0.0245095148957912
2025-10-14,2025-10-15,^GSPC,S&P 500,Benchmark,Test,-0.156555149694257,0.0245095148957912,0.1614366910018892
2025-10-15,2025-10-16,^GSPC,S&P 500,Benchmark,Test,0.4017918503427978,0.1614366910018892,0.3987013539304702
2025-10-16,2025-10-17,^GSPC,S&P 500,Benchmark,Test,-0.6314280275141976,0.3987013539304702,0.2763472366863949
2025-10-17,2025-10-20,^GSPC,S&P 500,Benchmark,Test,0.5256873944526299,0.2763472366863949,1.1269359893471274
2025-10-20,2025-10-21,^GSPC,S&P 500,Benchmark,Test,1.0615724136144116,1.1269359893471274,1.0690229503466632e-05
2025-10-21,2025-10-22,^GSPC,S&P 500,Benchmark,Test,0.0032695916416987,1.0690229503466632e-05,0.2864213545614877
2025-10-22,2025-10-23,^GSPC,S&P 500,Benchmark,Test,-0.535183477474303,0.2864213545614877,0.3376167622686309
2025-10-23,2025-10-24,^GSPC,S&P 500,Benchmark,Test,0.5810479862013386,0.3376167622686309,0.619583393453306
2025-10-24,2025-10-27,^GSPC,S&P 500,Benchmark,Test,0.7871361975244856,0.619583393453306,1.4920967764785096
2025-10-27,2025-10-28,^GSPC,S&P 500,Benchmark,Test,1.221514132737935,1.4920967764785096,0.0522273550442248
2025-10-28,2025-10-29,^GSPC,S&P 500,Benchmark,Test,0.2285330502229925,0.0522273550442248,1.8991470851760137e-05
2025-10-29,2025-10-30,^GSPC,S&P 500,Benchmark,Test,-0.0043579204733175,1.8991470851760137e-05,0.990859269162764
2025-10-30,2025-10-31,^GSPC,S&P 500,Benchmark,Test,-0.9954191424534512,0.990859269162764,0.0683561504961246
2025-10-31,2025-11-03,^GSPC,S&P 500,Benchmark,Test,0.261450091788327,0.0683561504961246,0.0295576553615916
2025-11-03,2025-11-04,^GSPC,S&P 500,Benchmark,Test,0.1719233996918152,0.0295576553615916,1.3938754832631473
2025-11-04,2025-11-05,^GSPC,S&P 500,Benchmark,Test,-1.1806250392326716,1.3938754832631473,0.1329986265693648
2025-11-05,2025-11-06,^GSPC,S&P 500,Benchmark,Test,0.3646897675687718,0.1329986265693648,1.263631051780906
2025-11-06,2025-11-07,^GSPC,S&P 500,Benchmark,Test,-1.1241134514722728,1.263631051780906,0.015902378905257
2025-11-07,2025-11-10,^GSPC,S&P 500,Benchmark,Test,0.1261046347493107,0.015902378905257,2.335892452119938
2025-11-10,2025-11-11,^GSPC,S&P 500,Benchmark,Test,1.5283626703501816,2.335892452119938,0.042981580425995
2025-11-11,2025-11-12,^GSPC,S&P 500,Benchmark,Test,0.2073199952392317,0.042981580425995,0.0039604256227967
2025-11-12,2025-11-13,^GSPC,S&P 500,Benchmark,Test,0.0629319125944597,0.0039604256227967,2.78738105160649
2025-11-13,2025-11-14,^GSPC,S&P 500,Benchmark,Test,-1.6695451630927778,2.78738105160649,0.0025185489921764
2025-11-14,2025-11-17,^GSPC,S&P 500,Benchmark,Test,-0.0501851471271773,0.0025185489921764,0.8472278148626808
2025-11-17,2025-11-18,^GSPC,S&P 500,Benchmark,Test,-0.9204497894305158,0.8472278148626808,0.6873586972020604
2025-11-18,2025-11-19,^GSPC,S&P 500,Benchmark,Test,-0.8290709844169318,0.6873586972020604,0.1403856822003134
2025-11-19,2025-11-20,^GSPC,S&P 500,Benchmark,Test,0.3746807737265329,0.1403856822003134,2.461675056049842
2025-11-20,2025-11-21,^GSPC,S&P 500,Benchmark,Test,-1.568972611631523,2.461675056049842,0.9555263947374252
2025-11-21,2025-11-24,^GSPC,S&P 500,Benchmark,Test,0.9775103041592068,0.9555263947374252,2.355862415968118
2025-11-24,2025-11-25,^GSPC,S&P 500,Benchmark,Test,1.5348818899081835,2.355862415968118,0.8137638424002378
2025-11-25,2025-11-26,^GSPC,S&P 500,Benchmark,Test,0.9020886000832944,0.8137638424002378,0.4737526825897071
2025-11-26,2025-11-28,^GSPC,S&P 500,Benchmark,Test,0.6882969436149685,0.4737526825897071,0.2852080504084852
2025-11-28,2025-12-01,^GSPC,S&P 500,Benchmark,Test,0.5340487341137372,0.2852080504084852,0.2848942661652362
2025-12-01,2025-12-02,^GSPC,S&P 500,Benchmark,Test,-0.5337548746055967,0.2848942661652362,0.0602320167858455
2025-12-02,2025-12-03,^GSPC,S&P 500,Benchmark,Test,0.2454221195936617,0.0602320167858455,0.088527702304329
2025-12-03,2025-12-04,^GSPC,S&P 500,Benchmark,Test,0.2975360521085286,0.088527702304329,0.0116583568613614
2025-12-04,2025-12-05,^GSPC,S&P 500,Benchmark,Test,0.1079738711974404,0.0116583568613614,0.0374333063712386
2025-12-05,2025-12-08,^GSPC,S&P 500,Benchmark,Test,0.1934768884679477,0.0374333063712386,0.1213348569969188
2025-12-08,2025-12-09,^GSPC,S&P 500,Benchmark,Test,-0.3483315331647693,0.1213348569969188,0.0076867857038348
2025-12-09,2025-12-10,^GSPC,S&P 500,Benchmark,Test,-0.0876743161013238,0.0076867857038348,0.4525092340231149
2025-12-10,2025-12-11,^GSPC,S&P 500,Benchmark,Test,0.6726880659139977,0.4525092340231149,0.0431472653721829
2025-12-11,2025-12-12,^GSPC,S&P 500,Benchmark,Test,0.207719198371703,0.0431472653721829,1.149379853858158
2025-12-12,2025-12-15,^GSPC,S&P 500,Benchmark,Test,-1.0720913458554535,1.149379853858158,0.0255308912426595
2025-12-15,2025-12-16,^GSPC,S&P 500,Benchmark,Test,-0.1597838891836707,0.0255308912426595,0.05696642431983
2025-12-16,2025-12-17,^GSPC,S&P 500,Benchmark,Test,-0.238676400843967,0.05696642431983,1.359522561977388
2025-12-17,2025-12-18,^GSPC,S&P 500,Benchmark,Test,-1.165985661137129,1.359522561977388,0.6245664273504381
2025-12-18,2025-12-19,^GSPC,S&P 500,Benchmark,Test,0.7902951520479157,0.6245664273504381,0.7707799467846388
2025-12-19,2025-12-22,^GSPC,S&P 500,Benchmark,Test,0.8779407421828872,0.7707799467846388,0.4116339524236145
2025-12-22,2025-12-23,^GSPC,S&P 500,Benchmark,Test,0.6415870575561936,0.4116339524236145,0.206122087893322
2025-12-23,2025-12-24,^GSPC,S&P 500,Benchmark,Test,0.4540067046788208,0.206122087893322,0.1034461363774065
2025-12-24,2025-12-26,^GSPC,S&P 500,Benchmark,Test,0.3216304344700708,0.1034461363774065,0.0009266537328108
2025-12-26,2025-12-29,^GSPC,S&P 500,Benchmark,Test,-0.0304409877108288,0.0009266537328108,0.1223714384240964
2025-12-29,2025-12-30,^GSPC,S&P 500,Benchmark,Test,-0.3498162923937312,0.1223714384240964,0.0189506679510215
2025-12-30,2025-12-31,^GSPC,S&P 500,Benchmark,Test,-0.1376614250653447,0.0189506679510215,0.5453626702142867
2025-12-31,2026-01-02,^GSPC,S&P 500,Benchmark,Test,-0.7384867434248815,0.5453626702142867,0.0358312351026499
2026-01-02,2026-01-05,^GSPC,S&P 500,Benchmark,Test,0.1892914026115554,0.0358312351026499,0.4011986650660222
2026-01-05,2026-01-06,^GSPC,S&P 500,Benchmark,Test,0.6334024511051581,0.4011986650660222,0.3816264296657307
2026-01-06,2026-01-07,^GSPC,S&P 500,Benchmark,Test,0.6177592003893837,0.3816264296657307,0.1187390683284369
2026-01-07,2026-01-08,^GSPC,S&P 500,Benchmark,Test,-0.3445853571010193,0.1187390683284369,5.8591874564673274e-05
2026-01-08,2026-01-09,^GSPC,S&P 500,Benchmark,Test,0.0076545329422946,5.8591874564673274e-05,0.4166200494693801
2026-01-09,2026-01-12,^GSPC,S&P 500,Benchmark,Test,0.6454611138321038,0.4166200494693801,0.0248500561868314
2026-01-12,2026-01-13,^GSPC,S&P 500,Benchmark,Test,0.1576390059180513,0.0248500561868314,0.0376750269345083
2026-01-13,2026-01-14,^GSPC,S&P 500,Benchmark,Test,-0.1941005588207007,0.0376750269345083,0.2859718495017334
2026-01-14,2026-01-15,^GSPC,S&P 500,Benchmark,Test,-0.5347633584135448,0.2859718495017334,0.0663888776284978
2026-01-15,2026-01-16,^GSPC,S&P 500,Benchmark,Test,0.2576603920444464,0.0663888776284978,0.0041281738903532
2026-01-16,2026-01-20,^GSPC,S&P 500,Benchmark,Test,-0.0642508668451502,0.0041281738903532,4.344081785882188
2026-01-20,2026-01-21,^GSPC,S&P 500,Benchmark,Test,-2.0842460953261224,4.344081785882188,1.3273615152633456
2026-01-21,2026-01-22,^GSPC,S&P 500,Benchmark,Test,1.152111763356032,1.3273615152633456,0.2994826399798942
2026-01-22,2026-01-23,^GSPC,S&P 500,Benchmark,Test,0.547250070790214,0.2994826399798942,0.0010680897727225
2026-01-23,2026-01-26,^GSPC,S&P 500,Benchmark,Test,0.0326816427482245,0.0010680897727225,0.2493598363510609
2026-01-26,2026-01-27,^GSPC,S&P 500,Benchmark,Test,0.499359426016032,0.2493598363510609,0.1659411789379073
2026-01-27,2026-01-28,^GSPC,S&P 500,Benchmark,Test,0.407358784044124,0.1659411789379073,6.679203100542191e-05
2026-01-28,2026-01-29,^GSPC,S&P 500,Benchmark,Test,-0.008172639170147,6.679203100542191e-05,0.0167305802470996
2026-01-29,2026-01-30,^GSPC,S&P 500,Benchmark,Test,-0.1293467442462301,0.0167305802470996,0.1858626794364707
2026-01-30,2026-02-02,^GSPC,S&P 500,Benchmark,Test,-0.4311179414458075,0.1858626794364707,0.2890981991888486
2026-02-02,2026-02-03,^GSPC,S&P 500,Benchmark,Test,0.5376785277364613,0.2890981991888486,0.7122508582483227
2026-02-03,2026-02-04,^GSPC,S&P 500,Benchmark,Test,-0.8439495590663714,0.7122508582483227,0.2586027766658363
2026-02-04,2026-02-05,^GSPC,S&P 500,Benchmark,Test,-0.5085300155013825,0.2586027766658363,1.5194698691217423
2026-02-05,2026-02-06,^GSPC,S&P 500,Benchmark,Test,-1.232667785383289,1.5194698691217423,3.8041944587861583
2026-02-06,2026-02-09,^GSPC,S&P 500,Benchmark,Test,1.950434428220072,3.8041944587861583,0.2190350318464503
2026-02-09,2026-02-10,^GSPC,S&P 500,Benchmark,Test,0.4680117860123293,0.2190350318464503,0.1095068739211949
2026-02-10,2026-02-11,^GSPC,S&P 500,Benchmark,Test,-0.3309182284510705,0.1095068739211949,2.396814280934976e-05
2026-02-11,2026-02-12,^GSPC,S&P 500,Benchmark,Test,-0.0048957269949773,2.396814280934976e-05,2.491643745631635
2026-02-12,2026-02-13,^GSPC,S&P 500,Benchmark,Test,-1.578494138611745,2.491643745631635,0.002489657164087
2026-02-13,2026-02-17,^GSPC,S&P 500,Benchmark,Test,0.0498964644447585,0.002489657164087,0.0106252932424926
2026-02-17,2026-02-18,^GSPC,S&P 500,Benchmark,Test,0.1030790630656517,0.0106252932424926,0.3080956912012876
2026-02-18,2026-02-19,^GSPC,S&P 500,Benchmark,Test,0.5550636821134018,0.3080956912012876,0.0798692820626981
2026-02-19,2026-02-20,^GSPC,S&P 500,Benchmark,Test,-0.2826115391534785,0.0798692820626981,0.4782767693216886
2026-02-20,2026-02-23,^GSPC,S&P 500,Benchmark,Test,0.6915755702175205,0.4782767693216886,1.0899275376565345
2026-02-23,2026-02-24,^GSPC,S&P 500,Benchmark,Test,-1.043995947145646,1.0899275376565345,0.5810233798165639
2026-02-24,2026-02-25,^GSPC,S&P 500,Benchmark,Test,0.7622488962383376,0.5810233798165639,0.6566564210824715
2026-02-25,2026-02-26,^GSPC,S&P 500,Benchmark,Test,0.8103433970129401,0.6566564210824715,0.2894469047302001
2026-02-26,2026-02-27,^GSPC,S&P 500,Benchmark,Test,-0.5380026995566102,0.2894469047302001,0.1891201906564394
2026-02-27,2026-03-02,^GSPC,S&P 500,Benchmark,Test,-0.4348795128037643,0.1891201906564394,0.0015862330470784
2026-03-02,2026-03-03,^GSPC,S&P 500,Benchmark,Test,0.0398275413134989,0.0015862330470784,0.9003938891117865
2026-03-03,2026-03-04,^GSPC,S&P 500,Benchmark,Test,-0.9488908731312504,0.9003938891117865,0.5969301895260158
2026-03-04,2026-03-05,^GSPC,S&P 500,Benchmark,Test,0.772612574014956,0.5969301895260158,0.3206625931903101
2026-03-05,2026-03-06,^GSPC,S&P 500,Benchmark,Test,-0.5662707772703004,0.3206625931903101,1.7864248267965002
2026-03-06,2026-03-09,^GSPC,S&P 500,Benchmark,Test,-1.3365720432496335,1.7864248267965002,0.6839077736199838
2026-03-09,2026-03-10,^GSPC,S&P 500,Benchmark,Test,0.8269871665388671,0.6839077736199838,0.045684894721751
2026-03-10,2026-03-11,^GSPC,S&P 500,Benchmark,Test,-0.2137402505887721,0.045684894721751,0.0070216386541026
2026-03-11,2026-03-12,^GSPC,S&P 500,Benchmark,Test,-0.0837952185634873,0.0070216386541026,2.354631383723786
2026-03-12,2026-03-13,^GSPC,S&P 500,Benchmark,Test,-1.5344808189494537,2.354631383723786,0.3693657022593666
2026-03-13,2026-03-16,^GSPC,S&P 500,Benchmark,Test,-0.6077546398501344,0.3693657022593666,1.0160458050401664
2026-03-16,2026-03-17,^GSPC,S&P 500,Benchmark,Test,1.0079909746818998,1.0160458050401664,0.0620582525815146
2026-03-17,2026-03-18,^GSPC,S&P 500,Benchmark,Test,0.2491149384952951,0.0620582525815146,1.877173841129928
2026-03-18,2026-03-19,^GSPC,S&P 500,Benchmark,Test,-1.370099938373084,1.877173841129928,0.0757671110139477
2026-03-19,2026-03-20,^GSPC,S&P 500,Benchmark,Test,-0.2752582623899739,0.0757671110139477,2.3268251186576947
2026-03-20,2026-03-23,^GSPC,S&P 500,Benchmark,Test,-1.5253934307770225,2.3268251186576947,1.296890287613094
2026-03-23,2026-03-24,^GSPC,S&P 500,Benchmark,Test,1.13881090950741,1.296890287613094,0.1405946610855731
2026-03-24,2026-03-25,^GSPC,S&P 500,Benchmark,Test,-0.3749595459320553,0.1405946610855731,0.2920855280132999
2026-03-25,2026-03-26,^GSPC,S&P 500,Benchmark,Test,0.5404493759949214,0.2920855280132999,3.0833396687020227
2026-03-26,2026-03-27,^GSPC,S&P 500,Benchmark,Test,-1.7559440961209507,3.0833396687020227,2.8436859166632544
2026-03-27,2026-03-30,^GSPC,S&P 500,Benchmark,Test,-1.686323194605131,2.8436859166632544,0.1563058791324309
2026-03-30,2026-03-31,^GSPC,S&P 500,Benchmark,Test,-0.3953553833355895,0.1563058791324309,8.24545097793123
2026-03-31,2026-04-01,^GSPC,S&P 500,Benchmark,Test,2.8714893309798715,8.24545097793123,0.5102166332672968
2026-04-01,2026-04-02,^GSPC,S&P 500,Benchmark,Test,0.7142945003759281,0.5102166332672968,0.0125495588674251
2026-04-02,2026-04-06,^GSPC,S&P 500,Benchmark,Test,0.1120248136237017,0.0125495588674251,0.1951000500477815
2026-04-06,2026-04-07,^GSPC,S&P 500,Benchmark,Test,0.4417013131605808,0.1951000500477815,0.0057602033188422
2026-04-07,2026-04-08,^GSPC,S&P 500,Benchmark,Test,0.0758960033127059,0.0057602033188422,6.1365388436977275
2026-04-08,2026-04-09,^GSPC,S&P 500,Benchmark,Test,2.4772038357183543,6.1365388436977275,0.3783562363323294
2026-04-09,2026-04-10,^GSPC,S&P 500,Benchmark,Test,0.6151066869514015,0.3783562363323294,0.0129770760343726
2026-04-10,2026-04-13,^GSPC,S&P 500,Benchmark,Test,-0.1139169699139363,0.0129770760343726,1.0245236351079612
2026-04-13,2026-04-14,^GSPC,S&P 500,Benchmark,Test,1.0121875493741077,1.0245236351079612,1.3721753632753555
2026-04-14,2026-04-15,^GSPC,S&P 500,Benchmark,Test,1.1713988916143618,1.3721753632753555,0.6310943837594519
2026-04-15,2026-04-16,^GSPC,S&P 500,Benchmark,Test,0.794414491156507,0.6310943837594519,0.0679413321820141
2026-04-16,2026-04-17,^GSPC,S&P 500,Benchmark,Test,0.2606555815286028,0.0679413321820141,1.4324628314510508
2026-04-17,2026-04-20,^GSPC,S&P 500,Benchmark,Test,1.1968553928737802,1.4324628314510508,0.0565106039571901
2026-04-20,2026-04-21,^GSPC,S&P 500,Benchmark,Test,-0.2377195910252037,0.0565106039571901,0.4055720101148118
2026-04-21,2026-04-22,^GSPC,S&P 500,Benchmark,Test,-0.6368453580853141,0.4055720101148118,1.082797581716556
2026-04-22,2026-04-23,^GSPC,S&P 500,Benchmark,Test,1.0405756011537826,1.082797581716556,0.1715146042649679
2026-04-23,2026-04-24,^GSPC,S&P 500,Benchmark,Test,-0.4141432170939998,0.1715146042649679,0.6307644280828676
2026-04-24,2026-04-27,^GSPC,S&P 500,Benchmark,Test,0.7942067917632457,0.6307644280828676,0.0151688289927841
2026-04-27,2026-04-28,^GSPC,S&P 500,Benchmark,Test,0.1231618000549854,0.0151688289927841,0.2407067940392054
2026-04-28,2026-04-29,^GSPC,S&P 500,Benchmark,Test,-0.4906187868795949,0.2407067940392054,0.0015940195469775
2026-04-29,2026-04-30,^GSPC,S&P 500,Benchmark,Test,-0.0399251743512484,0.0015940195469775,1.037583479065532
2026-04-30,2026-05-01,^GSPC,S&P 500,Benchmark,Test,1.0186184168105012,1.037583479065532,0.085500665692463
2026-05-01,2026-05-04,^GSPC,S&P 500,Benchmark,Test,0.292404968652147,0.085500665692463,0.1656866486492024
2026-05-04,2026-05-05,^GSPC,S&P 500,Benchmark,Test,-0.4070462487840939,0.1656866486492024,0.6540324670512496
2026-05-05,2026-05-06,^GSPC,S&P 500,Benchmark,Test,0.8087227380575185,0.6540324670512496,2.097556764006162
2026-05-06,2026-05-07,^GSPC,S&P 500,Benchmark,Test,1.4482944327746905,2.097556764006162,0.1451873269736992
2026-05-07,2026-05-08,^GSPC,S&P 500,Benchmark,Test,-0.3810345482678693,0.1451873269736992,0.7039890326352909
2026-05-08,2026-05-11,^GSPC,S&P 500,Benchmark,Test,0.8390405429031966,0.7039890326352909,0.0352760421474103
2026-05-11,2026-05-12,^GSPC,S&P 500,Benchmark,Test,0.1878191740675333,0.0352760421474103,0.0257247728294572
2026-05-12,2026-05-13,^GSPC,S&P 500,Benchmark,Test,-0.1603894411407971,0.0257247728294572,0.3401462756123964
2026-05-13,2026-05-14,^GSPC,S&P 500,Benchmark,Test,0.5832206062995343,0.3401462756123964,0.581627265420291
2026-05-14,2026-05-15,^GSPC,S&P 500,Benchmark,Test,0.7626449143738461,0.581627265420291,1.5476309902449303
2026-05-15,2026-05-18,^GSPC,S&P 500,Benchmark,Test,-1.2440381787730352,1.5476309902449303,0.0054160561202737
2026-05-18,2026-05-19,^GSPC,S&P 500,Benchmark,Test,-0.0735938592565556,0.0054160561202737,0.4489965597858771
2026-05-19,2026-05-20,^GSPC,S&P 500,Benchmark,Test,-0.6700720556670582,0.4489965597858771,1.1522322281117725
2026-05-20,2026-05-21,^GSPC,S&P 500,Benchmark,Test,1.0734208066325956,1.1522322281117725,0.0293731929309325
2026-05-21,2026-05-22,^GSPC,S&P 500,Benchmark,Test,0.1713860931666642,0.0293731929309325,0.1383873691754764
2026-05-22,2026-05-26,^GSPC,S&P 500,Benchmark,Test,0.3720045284340991,0.1383873691754764,0.3708421009193404
2026-05-26,2026-05-27,^GSPC,S&P 500,Benchmark,Test,0.6089680623147165,0.3708421009193404,0.0002718065076996
2026-05-27,2026-05-28,^GSPC,S&P 500,Benchmark,Test,0.0164865553618602,0.0002718065076996,0.3291577608459647
2026-05-28,2026-05-29,^GSPC,S&P 500,Benchmark,Test,0.5737227212216409,0.3291577608459647,0.0470848654373333
2026-05-29,2026-06-01,^GSPC,S&P 500,Benchmark,Test,0.2169904731487845,0.0470848654373333,0.0687412920193227
2026-06-01,2026-06-02,^GSPC,S&P 500,Benchmark,Test,0.2621856060490788,0.0687412920193227,0.0166733924928266
2026-06-02,2026-06-03,^GSPC,S&P 500,Benchmark,Test,0.1291254912588006,0.0166733924928266,0.5475036402653953
2026-06-03,2026-06-04,^GSPC,S&P 500,Benchmark,Test,-0.7399348892067432,0.5475036402653953,0.1637628567267114
2026-06-04,2026-06-05,^GSPC,S&P 500,Benchmark,Test,0.404676236918739,0.1637628567267114,7.1831130667308285
2026-06-05,2026-06-08,^GSPC,S&P 500,Benchmark,Test,-2.6801330315360894,7.1831130667308285,0.0884292266207132
2026-06-08,2026-06-09,^GSPC,S&P 500,Benchmark,Test,0.2973705207661197,0.0884292266207132,0.0665494801711935
2026-06-09,2026-06-10,^GSPC,S&P 500,Benchmark,Test,-0.2579718592621945,0.0665494801711935,2.667373554482719
2026-06-10,2026-06-11,^GSPC,S&P 500,Benchmark,Test,-1.6332095868206011,2.667373554482719,3.0161959809985572
2026-06-11,2026-06-12,^GSPC,S&P 500,Benchmark,Test,1.736719891346488,3.0161959809985572,0.2512944840808623
2026-06-12,2026-06-15,^GSPC,S&P 500,Benchmark,Test,0.5012928127161433,0.2512944840808623,2.687397648482563
2026-06-15,2026-06-16,^GSPC,S&P 500,Benchmark,Test,1.639328413858115,2.687397648482563,0.3249451500456367
2026-06-16,2026-06-17,^GSPC,S&P 500,Benchmark,Test,-0.5700396039273383,0.3249451500456367,1.493937989049784
2026-06-17,2026-06-18,^GSPC,S&P 500,Benchmark,Test,-1.2222675603360271,1.493937989049784,1.1637693009870511
2026-06-18,2026-06-22,^GSPC,S&P 500,Benchmark,Test,1.0787813962926185,1.1637693009870511,0.1377844425779572
2026-06-22,2026-06-23,^GSPC,S&P 500,Benchmark,Test,-0.3711932684976348,0.1377844425779572,2.0929201692850707
2026-06-23,2026-06-24,^GSPC,S&P 500,Benchmark,Test,-1.4466928386098656,2.0929201692850707,0.0096710578549133
2026-06-24,2026-06-25,^GSPC,S&P 500,Benchmark,Test,-0.0983415367731933,0.0096710578549133,9.842830467213951e-05
2026-06-25,2026-06-26,^GSPC,S&P 500,Benchmark,Test,-0.0099211040047032,9.842830467213951e-05,0.0022256569018255
2026-06-26,2026-06-29,^GSPC,S&P 500,Benchmark,Test,-0.0471768682918393,0.0022256569018255,1.3645887579215596
2026-06-29,2026-06-30,^GSPC,S&P 500,Benchmark,Test,1.168156135934559,1.3645887579215596,0.6223630266830512
2026-06-30,2026-07-01,^GSPC,S&P 500,Benchmark,Test,0.7888998838148293,0.6223630266830512,0.0463605916658057
2026-07-01,2026-07-02,^GSPC,S&P 500,Benchmark,Test,-0.2153150985551308,0.0463605916658057,1.8775862872214477e-08
2026-07-02,2026-07-06,^GSPC,S&P 500,Benchmark,Test,0.0001370250446897,1.8775862872214477e-08,0.5206219674457019
2026-07-06,2026-07-07,^GSPC,S&P 500,Benchmark,Test,0.7215413830444529,0.5206219674457019,0.1993678985494739
2026-07-07,2026-07-08,^GSPC,S&P 500,Benchmark,Test,-0.446506325318549,0.1993678985494739,0.0795925160829779
2026-07-08,2026-07-09,^GSPC,S&P 500,Benchmark,Test,-0.2821214562612669,0.0795925160829779,0.6576920731089102
2026-07-09,2026-07-10,^GSPC,S&P 500,Benchmark,Test,0.8109821657156896,0.6576920731089102,0.1764009233772334
2026-07-10,2026-07-13,^GSPC,S&P 500,Benchmark,Test,0.4200010992571726,0.1764009233772334,0.6333945766125877
2026-07-13,2026-07-14,^GSPC,S&P 500,Benchmark,Test,-0.7958609028043705,0.6333945766125877,0.1407698680568254
2026-07-14,2026-07-15,^GSPC,S&P 500,Benchmark,Test,0.3751931076883282,0.1407698680568254,0.1453035245513645
2026-07-15,2026-07-16,^GSPC,S&P 500,Benchmark,Test,0.3811869942054222,0.1453035245513645,0.2615772290749542
2026-07-16,2026-07-17,^GSPC,S&P 500,Benchmark,Test,-0.5114462132765812,0.2615772290749542,1.0301998671521695
2026-07-17,2026-07-20,^GSPC,S&P 500,Benchmark,Test,-1.0149876192112737,1.0301998671521695,0.0374083520941468
2026-07-20,2026-07-21,^GSPC,S&P 500,Benchmark,Test,-0.1934123886780441,0.0374083520941468,0.7774616241685193
2026-07-21,2026-07-22,^GSPC,S&P 500,Benchmark,Test,0.8817378432212827,0.7774616241685193,0.0186219436663304
2026-07-22,2026-07-23,^GSPC,S&P 500,Benchmark,Test,-0.1364622426399714,0.0186219436663304,1.4794762160391408
2026-07-23,2026-07-24,^GSPC,S&P 500,Benchmark,Test,-1.216337213127651,1.4794762160391408,0.0024665182317919
2026-07-24,2026-07-27,^GSPC,S&P 500,Benchmark,Test,0.0496640537188817,0.0024665182317919,0.0002621591729174
2026-07-27,2026-07-28,^GSPC,S&P 500,Benchmark,Test,0.0161913301775201,0.0002621591729174,0.0441880917172353
2026-07-28,2026-07-29,^GSPC,S&P 500,Benchmark,Test,0.2102096375460347,0.0441880917172353,2.333988638949786
2026-07-29,2026-07-30,^GSPC,S&P 500,Benchmark,Test,-1.5277397157074193,2.333988638949786,2.711954843485395
2026-07-30,2026-07-31,^GSPC,S&P 500,Benchmark,Test,1.646801397705684,2.711954843485395,0.4870934965862146
